Season,Date,HomeTeam,AwayTeam,FullTimeHomeGoals,FullTimeAwayGoals,FullTimeResult,HalfTimeHomeGoals,HalfTimeAwayGoals,HalfTimeResult,HomeShots,AwayShots,HomeShotsOnTarget,AwayShotsOnTarget,HomeCorners,AwayCorners,HomeFouls,AwayFouls,HomeYellowCards,AwayYellowCards,HomeRedCards,AwayRedCards,HomeOdds,DrawOdds,AwayOdds
506,27/08/05,Alaves,Barcelona,0,0,D,0,0,D,5,17,0,10,3,7,17,19,0,1,0,0,7.0,3.75,1.5
506,27/08/05,Ath Bilbao,Sociedad,3,0,H,0,0,D,10,9,6,2,3,4,13,19,0,1,0,0,2.0,3.25,3.25
506,27/08/05,Valencia,Betis,1,0,H,0,0,D,9,14,2,3,8,5,18,14,2,3,0,0,2.0,3.25,3.25
506,28/08/05,Ath Madrid,Zaragoza,0,0,D,0,0,D,16,9,5,2,8,4,16,22,2,7,0,0,1.72,3.4,4.0
506,28/08/05,Cadiz,Real Madrid,1,2,A,0,1,A,15,17,5,6,8,8,19,25,2,2,0,0,7.5,4.0,1.44
506,28/08/05,Celta,Malaga,2,0,H,1,0,H,9,10,5,4,4,11,19,25,1,2,0,0,2.1,3.25,3.0
506,28/08/05,Espanol,Getafe,0,2,A,0,0,D,8,16,3,9,4,2,23,25,2,3,0,0,1.61,3.4,5.0
506,28/08/05,Mallorca,La Coruna,0,1,A,0,1,A,10,12,3,3,8,4,19,19,2,4,0,0,2.7,3.2,2.3
506,28/08/05,Osasuna,Villarreal,2,1,H,1,0,H,8,10,4,3,2,4,20,9,5,2,0,0,2.7,3.2,2.3
506,28/08/05,Sevilla,Santander,1,0,H,1,0,H,18,5,5,3,9,3,22,27,2,3,0,0,1.66,3.4,4.5
506,10/09/05,Betis,Osasuna,1,0,H,0,0,D,15,12,4,3,4,1,21,29,2,6,0,0,1.66,3.4,4.5
506,10/09/05,La Coruna,Ath Madrid,1,0,H,0,0,D,11,13,5,7,4,5,16,22,2,2,0,0,2.0,3.25,3.25
506,10/09/05,Real Madrid,Celta,2,3,A,2,2,D,26,14,5,5,6,4,20,18,3,1,0,0,1.25,5.0,9.0
506,11/09/05,Barcelona,Mallorca,2,0,H,2,0,H,23,6,7,0,7,3,13,20,2,2,0,2,1.2,5.0,12.0
506,11/09/05,Getafe,Ath Bilbao,1,1,D,1,1,D,11,6,4,2,6,3,14,19,2,1,1,0,2.3,3.2,2.7
506,11/09/05,Malaga,Espanol,1,2,A,0,0,D,16,6,6,5,4,4,16,18,2,4,0,0,2.1,3.25,3.0
506,11/09/05,Santander,Cadiz,0,1,A,0,0,D,8,8,2,5,4,9,17,12,1,1,0,0,1.9,3.25,3.5
506,11/09/05,Sociedad,Alaves,2,1,H,2,0,H,10,8,5,3,4,8,27,14,0,0,0,0,1.9,3.25,3.5
506,11/09/05,Villarreal,Sevilla,1,1,D,0,1,A,12,22,3,9,7,6,11,15,3,1,1,0,1.8,3.25,4.0
506,11/09/05,Zaragoza,Valencia,2,2,D,2,1,H,14,6,7,2,2,2,25,20,1,3,0,0,2.5,3.2,2.5
506,17/09/05,Mallorca,Sociedad,5,2,H,1,2,A,21,7,11,4,11,6,11,19,0,3,0,0,2.3,3.2,3.0
506,17/09/05,Valencia,La Coruna,2,2,D,0,1,A,17,11,6,5,7,3,22,13,3,3,1,1,2.0,3.2,3.75
506,18/09/05,Alaves,Getafe,3,4,A,2,3,A,16,11,5,6,2,9,20,25,2,5,0,0,2.2,3.25,3.2
506,18/09/05,Ath Bilbao,Malaga,1,2,A,0,0,D,14,9,6,4,1,2,16,14,2,3,0,0,1.72,3.3,5.0
506,18/09/05,Ath Madrid,Barcelona,2,1,H,1,1,D,16,18,6,4,5,7,22,17,2,2,1,0,3.75,3.2,2.0
506,18/09/05,Betis,Zaragoza,0,0,D,0,0,D,16,10,4,6,4,2,23,21,2,5,0,0,1.8,3.3,4.5
506,18/09/05,Cadiz,Villarreal,1,1,D,1,1,D,9,9,6,3,5,2,19,25,1,4,0,0,3.0,3.2,2.3
506,18/09/05,Celta,Santander,0,1,A,0,0,D,15,12,2,5,6,3,15,28,1,7,0,0,1.8,3.4,4.5
506,18/09/05,Espanol,Real Madrid,1,0,H,0,0,D,13,28,2,5,4,8,16,16,2,2,0,2,4.0,3.3,1.9
506,18/09/05,Osasuna,Sevilla,1,0,H,0,0,D,10,15,5,2,1,7,21,26,3,4,1,1,2.5,3.2,2.75
506,21/09/05,Barcelona,Valencia,2,2,D,1,0,H,10,5,5,4,7,0,30,25,3,2,0,0,1.57,3.6,6.0
506,21/09/05,Getafe,Mallorca,1,1,D,1,0,H,16,12,5,3,3,4,24,17,3,2,0,0,1.9,3.25,4.0
506,21/09/05,La Coruna,Betis,1,1,D,1,1,D,17,11,6,3,5,1,21,19,5,5,0,0,2.0,3.3,3.5
506,21/09/05,Malaga,Alaves,0,0,D,0,0,D,13,6,4,1,4,5,25,14,2,2,1,0,1.83,3.3,4.33
506,21/09/05,Santander,Espanol,1,0,H,0,0,D,13,11,7,3,7,4,19,19,3,5,0,1,2.3,3.25,2.87
506,21/09/05,Sevilla,Cadiz,0,0,D,0,0,D,25,3,4,1,14,6,20,17,3,6,0,0,1.57,3.6,6.0
506,21/09/05,Sociedad,Ath Madrid,3,2,H,0,2,A,21,14,9,6,7,4,16,25,2,3,0,0,2.37,3.2,2.8
506,21/09/05,Villarreal,Celta,1,2,A,0,1,A,14,11,4,5,3,5,17,16,1,2,0,0,1.66,3.6,5.0
506,21/09/05,Zaragoza,Osasuna,3,1,H,0,0,D,22,6,11,3,3,1,20,17,2,3,0,0,1.8,3.25,4.33
506,22/09/05,Real Madrid,Ath Bilbao,3,1,H,0,1,A,16,21,9,5,6,4,19,20,1,5,1,0,1.44,4.0,7.5
506,24/09/05,Ath Madrid,Getafe,0,1,A,0,0,D,12,12,4,4,8,2,21,27,3,4,0,1,1.66,3.4,5.5
506,24/09/05,Betis,Barcelona,1,4,A,1,1,D,9,23,5,10,1,7,19,17,4,2,1,0,3.4,3.25,2.1
506,24/09/05,Espanol,Villarreal,1,2,A,0,1,A,9,13,3,4,8,3,9,12,1,1,0,0,2.3,3.2,3.0
506,24/09/05,Valencia,Sociedad,2,1,H,1,0,H,11,11,8,4,5,8,20,12,2,1,0,0,1.5,3.75,7.0
506,24/09/05,Zaragoza,La Coruna,1,1,D,1,1,D,15,16,7,5,8,7,22,15,2,1,0,0,2.4,3.25,2.8
506,25/09/05,Alaves,Real Madrid,0,3,A,0,0,D,17,20,6,7,7,10,17,24,1,3,0,0,6.0,3.4,1.61
506,25/09/05,Ath Bilbao,Santander,0,0,D,0,0,D,17,5,3,1,17,5,16,29,3,6,0,0,1.72,3.3,5.0
506,25/09/05,Celta,Sevilla,2,1,H,2,0,H,12,9,5,3,4,6,22,24,2,5,0,0,2.2,3.2,3.25
506,25/09/05,Mallorca,Malaga,1,4,A,0,2,A,14,9,7,5,8,2,24,22,0,1,0,0,2.1,3.25,3.4
506,25/09/05,Osasuna,Cadiz,2,0,H,1,0,H,19,3,7,0,5,5,27,13,4,2,0,0,1.9,3.25,4.0
506,01/10/05,Barcelona,Zaragoza,2,2,D,0,0,D,22,7,7,3,1,2,16,23,4,3,0,1,1.33,4.5,9.5
506,01/10/05,Getafe,Valencia,2,1,H,1,1,D,12,9,6,2,2,0,25,24,1,4,0,1,2.6,3.2,2.62
506,02/10/05,Cadiz,Celta,1,1,D,1,1,D,11,8,6,5,3,3,26,18,2,4,0,0,2.5,3.2,2.75
506,02/10/05,La Coruna,Osasuna,0,1,A,0,1,A,12,7,1,4,2,5,24,25,1,3,0,0,1.66,3.4,5.5
506,02/10/05,Malaga,Ath Madrid,0,2,A,0,1,A,7,14,2,7,4,6,19,20,3,4,0,0,2.4,3.25,2.8
506,02/10/05,Real Madrid,Mallorca,4,0,H,2,0,H,16,11,8,3,9,5,17,18,0,2,0,1,1.25,5.0,13.0
506,02/10/05,Santander,Alaves,1,2,A,0,1,A,9,9,4,3,6,2,26,9,3,1,0,0,1.9,3.25,4.0
506,02/10/05,Sevilla,Espanol,1,1,D,0,1,A,12,8,3,3,9,2,13,11,3,1,0,0,1.9,3.25,4.0
506,02/10/05,Sociedad,Betis,1,1,D,0,1,A,16,11,5,3,4,5,14,25,2,2,0,0,2.5,3.2,2.75
506,02/10/05,Villarreal,Ath Bilbao,3,1,H,1,1,D,19,10,6,5,7,2,11,15,3,3,0,1,1.83,3.3,4.33
506,15/10/05,Alaves,Villarreal,1,1,D,1,1,D,12,9,4,4,12,2,16,18,2,5,0,0,2.62,3.2,2.37
506,15/10/05,Ath Madrid,Real Madrid,0,3,A,0,1,A,15,14,3,7,7,5,16,16,5,2,1,0,3.0,3.25,2.1
506,15/10/05,La Coruna,Barcelona,3,3,D,1,2,A,9,13,4,6,2,3,19,18,4,4,0,0,3.0,3.25,2.1
506,16/10/05,Ath Bilbao,Sevilla,0,1,A,0,1,A,21,10,3,3,6,3,9,17,1,2,1,0,2.2,3.25,2.8
506,16/10/05,Betis,Getafe,1,0,H,1,0,H,13,13,3,6,4,5,26,19,2,4,0,1,1.8,3.25,4.0
506,16/10/05,Espanol,Cadiz,0,2,A,0,0,D,7,8,1,4,4,4,18,18,1,3,1,0,1.72,3.25,4.33
506,16/10/05,Mallorca,Santander,0,0,D,0,0,D,13,7,3,4,9,0,23,21,2,7,0,0,2.2,3.25,2.8
506,16/10/05,Osasuna,Celta,2,0,H,0,0,D,10,14,4,3,3,7,25,17,4,2,0,0,2.1,3.25,3.0
506,16/10/05,Valencia,Malaga,2,1,H,1,0,H,15,11,7,4,9,4,21,23,3,2,0,0,1.57,3.6,5.0
506,16/10/05,Zaragoza,Sociedad,0,1,A,0,1,A,17,7,2,3,11,5,14,16,2,1,0,1,1.72,3.25,4.33
506,22/10/05,Barcelona,Osasuna,3,0,H,0,0,D,24,6,10,1,7,2,10,21,1,4,0,0,1.36,4.33,9.0
506,22/10/05,Sevilla,Alaves,2,0,H,1,0,H,13,8,5,3,6,3,21,19,2,7,0,0,1.72,3.4,5.0
506,23/10/05,Cadiz,Ath Bilbao,1,0,H,1,0,H,11,12,2,0,3,1,20,10,3,0,0,0,2.25,3.2,3.1
506,23/10/05,Celta,Espanol,1,0,H,0,0,D,19,12,5,4,3,1,18,21,3,4,0,1,2.0,3.3,3.6
506,23/10/05,Getafe,Zaragoza,5,2,H,4,0,H,14,14,8,6,5,7,15,24,2,5,0,0,2.2,3.2,3.25
506,23/10/05,Malaga,Betis,5,0,H,2,0,H,17,10,9,4,7,4,26,14,1,1,0,0,2.4,3.25,2.8
506,23/10/05,Real Madrid,Valencia,1,2,A,1,2,A,15,16,3,6,6,6,20,23,4,3,2,0,1.66,3.4,5.5
506,23/10/05,Santander,Ath Madrid,0,1,A,0,1,A,8,12,3,5,10,4,20,20,2,2,0,0,2.6,3.2,2.62
506,23/10/05,Sociedad,La Coruna,2,0,H,0,0,D,16,13,9,1,5,4,26,14,2,2,0,0,2.4,3.25,2.8
506,23/10/05,Villarreal,Mallorca,3,0,H,3,0,H,18,13,7,2,4,6,13,16,1,1,0,0,1.57,3.6,6.0
506,26/10/05,Barcelona,Malaga,2,0,H,0,0,D,36,4,20,1,12,2,6,24,0,5,0,0,1.25,5.0,13.0
506,26/10/05,Betis,Villarreal,2,3,A,1,1,D,10,4,4,4,2,2,10,8,4,4,1,0,2.25,3.2,3.1
506,26/10/05,La Coruna,Real Madrid,3,1,H,2,0,H,21,7,5,4,5,3,21,20,3,3,0,0,2.87,3.25,2.37
506,26/10/05,Mallorca,Celta,1,0,H,0,0,D,15,8,5,2,5,4,23,22,3,1,0,1,2.5,3.2,2.75
506,26/10/05,Osasuna,Ath Bilbao,3,2,H,1,1,D,11,16,7,2,2,2,21,19,4,1,0,0,1.9,3.25,4.0
506,27/10/05,Alaves,Espanol,1,1,D,1,1,D,12,12,9,6,10,10,19,12,3,3,1,0,2.3,3.25,3.0
506,27/10/05,Ath Madrid,Cadiz,3,0,H,1,0,H,20,7,10,2,9,5,21,13,3,2,0,0,1.72,3.4,5.0
506,27/10/05,Sociedad,Getafe,3,0,H,3,0,H,11,18,5,8,6,10,18,21,0,2,0,0,2.1,3.25,3.4
506,27/10/05,Valencia,Sevilla,0,2,A,0,1,A,24,4,6,2,10,2,16,16,1,0,0,0,1.66,3.4,5.5
506,27/10/05,Zaragoza,Santander,1,1,D,1,0,H,14,6,3,1,5,3,18,25,2,6,0,0,1.83,3.3,4.33
506,29/10/05,Ath Bilbao,Celta,1,1,D,1,0,H,14,11,3,4,6,3,25,13,2,2,0,0,2.25,3.25,2.75
506,29/10/05,Betis,Real Madrid,0,2,A,0,1,A,11,6,1,3,4,4,21,24,2,2,0,0,2.8,3.25,2.2
506,30/10/05,Alaves,Cadiz,0,0,D,0,0,D,10,7,6,3,4,0,25,19,1,2,0,0,2.2,3.25,2.8
506,30/10/05,Ath Madrid,Villarreal,1,1,D,1,0,H,16,7,5,2,8,2,26,18,6,4,1,1,2.2,3.25,2.8
506,30/10/05,Barcelona,Sociedad,5,0,H,2,0,H,21,2,8,1,4,5,13,9,1,3,0,1,1.33,4.33,7.5
506,30/10/05,La Coruna,Getafe,1,0,H,1,0,H,12,16,5,3,1,2,28,17,3,4,0,0,1.8,3.25,4.0
506,30/10/05,Mallorca,Sevilla,1,1,D,1,1,D,8,19,2,7,3,2,22,15,2,2,1,0,2.5,3.2,2.5
506,30/10/05,Osasuna,Espanol,2,0,H,1,0,H,16,7,7,0,5,4,18,20,2,6,0,1,1.83,3.25,3.75
506,30/10/05,Valencia,Santander,1,1,D,1,1,D,10,5,4,4,9,1,14,31,2,1,0,1,1.4,4.0,6.5
506,30/10/05,Zaragoza,Malaga,1,1,D,1,1,D,16,9,8,2,9,1,19,22,2,2,0,0,2.0,3.25,3.25
506,05/11/05,Espanol,Ath Bilbao,1,1,D,0,1,A,13,9,6,3,4,3,18,25,2,1,0,0,2.1,3.25,3.4
506,05/11/05,Sociedad,Osasuna,1,2,A,1,1,D,15,17,5,5,3,3,22,25,1,4,0,0,2.1,3.25,3.0
506,05/11/05,Villarreal,Valencia,1,0,H,1,0,H,15,13,4,6,1,6,17,22,1,1,0,0,2.37,3.2,2.87
506,06/11/05,Cadiz,Mallorca,1,2,A,1,1,D,9,9,4,4,7,3,15,21,3,3,0,1,2.0,3.25,3.25
506,06/11/05,Celta,Alaves,2,1,H,1,0,H,14,9,9,2,6,4,22,14,3,2,0,0,1.72,3.25,4.33
506,06/11/05,Getafe,Barcelona,1,3,A,0,1,A,7,10,3,7,5,4,20,10,1,0,0,0,4.5,3.6,1.72
506,06/11/05,Malaga,La Coruna,1,1,D,0,0,D,11,12,1,4,4,2,23,17,0,3,0,0,2.4,3.2,2.6
506,06/11/05,Real Madrid,Zaragoza,1,0,H,0,0,D,13,14,5,4,6,1,14,22,2,5,0,0,1.36,4.33,9.0
506,06/11/05,Santander,Betis,1,1,D,0,1,A,14,8,5,2,6,7,24,27,3,2,0,0,2.3,3.25,2.75
506,06/11/05,Sevilla,Ath Madrid,0,0,D,0,0,D,14,12,6,3,7,4,21,18,0,3,0,0,2.0,3.25,3.4
506,19/11/05,Getafe,Osasuna,0,0,D,0,0,D,13,9,4,2,4,2,17,26,2,2,0,0,2.25,3.0,3.0
506,19/11/05,Real Madrid,Barcelona,0,3,A,0,1,A,5,20,2,7,3,6,25,16,6,2,0,0,2.37,3.2,2.62
506,19/11/05,Sevilla,Betis,1,0,H,0,0,D,9,8,2,3,7,4,23,24,4,7,2,0,2.0,3.0,3.5
506,19/11/05,Villarreal,Zaragoza,0,0,D,0,0,D,10,11,3,3,6,2,19,19,2,3,0,0,1.72,3.25,4.33
506,20/11/05,Ath Bilbao,Alaves,0,2,A,0,1,A,18,11,5,7,11,1,20,18,3,3,0,0,1.83,3.25,3.75
506,20/11/05,Cadiz,Valencia,0,1,A,0,0,D,11,6,4,2,10,11,17,26,4,6,1,1,2.8,3.2,2.25
506,20/11/05,Celta,Ath Madrid,2,1,H,1,0,H,10,18,4,8,3,11,28,17,2,2,0,0,2.25,3.25,2.75
506,20/11/05,Espanol,Mallorca,2,0,H,2,0,H,13,9,6,1,4,4,26,25,3,5,0,1,2.0,3.25,3.25
506,20/11/05,Malaga,Sociedad,3,1,H,0,0,D,14,13,7,3,7,7,26,11,2,2,0,0,2.2,3.2,2.87
506,20/11/05,Santander,La Coruna,0,3,A,0,1,A,17,9,7,3,4,4,23,31,1,1,0,0,2.6,3.2,2.4
506,26/11/05,Mallorca,Ath Bilbao,0,1,A,0,0,D,12,6,4,1,4,3,22,21,1,3,0,0,2.2,3.25,3.2
506,26/11/05,Valencia,Celta,2,0,H,0,0,D,15,11,7,3,9,6,16,16,1,2,0,0,1.72,3.4,5.0
506,27/11/05,Ath Madrid,Espanol,1,1,D,1,1,D,16,19,5,7,5,7,22,22,4,4,0,0,1.72,3.4,5.0
506,27/11/05,Barcelona,Santander,4,1,H,1,0,H,25,3,7,1,8,0,13,30,1,2,0,1,1.16,6.5,15.0
506,27/11/05,Betis,Cadiz,1,1,D,1,0,H,12,14,5,5,4,5,18,8,4,2,1,0,1.8,3.3,4.5
506,27/11/05,Getafe,Malaga,3,2,H,2,1,H,17,10,6,4,9,8,16,30,0,2,0,0,2.0,3.2,3.75
506,27/11/05,La Coruna,Villarreal,0,2,A,0,0,D,17,17,3,10,7,6,32,22,4,2,0,0,2.1,3.2,3.5
506,27/11/05,Osasuna,Alaves,3,2,H,0,0,D,15,7,7,5,9,1,26,21,1,2,0,0,1.61,3.6,5.5
506,27/11/05,Sociedad,Real Madrid,2,2,D,1,0,H,11,20,5,10,4,5,27,15,4,5,1,1,3.4,3.25,2.1
506,27/11/05,Zaragoza,Sevilla,0,2,A,0,0,D,15,17,2,8,5,5,19,5,4,0,1,0,2.37,3.2,2.9
506,03/12/05,Ath Bilbao,Ath Madrid,1,1,D,0,1,A,14,6,3,1,9,3,14,23,4,3,0,0,2.3,3.2,2.7
506,03/12/05,Celta,Betis,2,1,H,2,0,H,9,23,4,4,5,11,29,21,5,4,0,1,1.8,3.25,4.0
506,03/12/05,Real Madrid,Getafe,1,0,H,1,0,H,6,19,1,4,3,13,17,24,3,3,1,0,1.4,3.75,7.5
506,04/12/05,Alaves,Mallorca,0,3,A,0,1,A,18,13,3,10,10,5,15,24,4,4,0,0,2.1,3.25,3.0
506,04/12/05,Cadiz,Zaragoza,1,2,A,1,0,H,4,6,1,2,3,4,15,20,2,4,0,0,2.3,3.1,2.87
506,04/12/05,Espanol,Valencia,1,3,A,0,2,A,15,18,2,9,4,4,23,15,3,2,0,1,2.62,3.2,2.37
506,04/12/05,Malaga,Osasuna,1,2,A,1,2,A,9,11,2,4,7,4,26,14,3,2,0,0,2.4,3.2,2.6
506,04/12/05,Santander,Sociedad,2,2,D,0,1,A,14,17,4,9,4,3,24,17,3,5,0,1,2.37,3.2,2.62
506,04/12/05,Sevilla,La Coruna,0,2,A,0,2,A,13,11,3,6,12,6,26,15,7,6,2,0,2.0,3.25,3.25
506,04/12/05,Villarreal,Barcelona,0,2,A,0,1,A,6,11,1,4,5,5,19,24,2,4,0,1,3.75,3.25,1.83
506,10/12/05,Sociedad,Villarreal,1,3,A,1,1,D,16,14,6,8,5,1,15,17,1,2,0,0,2.6,3.2,2.62
506,10/12/05,Valencia,Ath Bilbao,1,1,D,0,0,D,23,6,8,2,10,4,16,21,1,2,0,1,1.5,3.75,7.0
506,11/12/05,Ath Madrid,Alaves,1,1,D,0,0,D,21,11,2,6,12,3,17,17,2,2,0,0,1.57,3.5,6.5
506,11/12/05,Barcelona,Sevilla,2,1,H,0,0,D,14,7,3,2,7,1,24,19,4,2,0,0,1.3,5.0,9.5
506,11/12/05,Betis,Espanol,0,0,D,0,0,D,20,6,3,1,9,0,10,12,1,2,0,0,2.1,3.2,3.5
506,11/12/05,Getafe,Santander,1,2,A,1,1,D,10,7,3,4,10,1,20,21,3,5,0,0,1.8,3.3,4.5
506,11/12/05,La Coruna,Cadiz,1,0,H,0,0,D,20,8,6,4,5,5,23,18,1,2,0,0,1.57,3.5,6.5
506,11/12/05,Malaga,Real Madrid,0,2,A,0,2,A,22,17,8,7,7,3,37,11,5,1,0,0,4.5,3.25,1.83
506,11/12/05,Osasuna,Mallorca,1,0,H,1,0,H,20,9,6,3,6,4,20,15,2,2,0,0,1.57,3.6,6.0
506,11/12/05,Zaragoza,Celta,1,0,H,0,0,D,23,4,9,4,12,2,19,13,1,3,0,0,2.37,3.25,2.87
506,17/12/05,Ath Bilbao,Betis,2,0,H,2,0,H,12,9,2,3,4,2,20,23,1,1,0,1,2.2,3.0,3.5
506,17/12/05,Cadiz,Barcelona,1,3,A,0,2,A,12,19,1,9,4,8,13,17,2,1,0,0,9.0,4.33,1.36
506,17/12/05,Celta,La Coruna,0,3,A,0,3,A,6,7,1,5,7,2,16,23,3,3,1,0,2.37,3.0,3.1
506,18/12/05,Alaves,Valencia,0,1,A,0,1,A,12,14,3,3,7,5,18,19,5,2,0,0,4.2,3.2,1.9
506,18/12/05,Espanol,Zaragoza,2,2,D,0,0,D,13,15,4,6,4,3,27,14,4,2,0,0,2.2,3.2,3.25
506,18/12/05,Mallorca,Ath Madrid,2,2,D,1,2,A,8,11,4,4,7,4,19,17,4,5,1,1,2.5,3.1,2.8
506,18/12/05,Real Madrid,Osasuna,1,1,D,0,0,D,15,10,6,1,7,3,23,21,6,5,0,1,1.5,3.75,7.0
506,18/12/05,Santander,Malaga,1,1,D,1,1,D,16,10,5,5,8,5,20,21,3,6,3,2,2.25,3.1,3.2
506,18/12/05,Sevilla,Sociedad,3,2,H,0,1,A,29,9,8,2,6,2,20,17,4,6,0,2,1.72,3.4,5.0
506,18/12/05,Villarreal,Getafe,2,1,H,1,1,D,18,13,9,5,6,4,16,23,2,2,0,0,1.57,3.5,6.5
506,20/12/05,Barcelona,Celta,2,0,H,1,0,H,15,4,7,2,6,1,15,26,1,3,0,0,1.22,5.5,13.0
506,21/12/05,Betis,Alaves,3,0,H,1,0,H,15,12,8,3,3,1,27,21,2,3,0,0,1.83,3.3,4.33
506,21/12/05,Getafe,Sevilla,1,0,H,1,0,H,17,11,3,4,3,6,24,20,3,2,1,0,2.5,3.25,2.7
506,21/12/05,La Coruna,Espanol,1,2,A,0,0,D,14,9,6,3,12,2,20,16,3,4,0,1,1.57,3.6,6.0
506,21/12/05,Malaga,Villarreal,0,0,D,0,0,D,8,12,4,6,3,2,30,16,5,2,0,0,3.1,3.2,2.25
506,21/12/05,Real Madrid,Santander,1,2,A,0,2,A,19,9,5,4,6,4,20,10,3,3,0,0,1.25,5.0,13.0
506,21/12/05,Sociedad,Cadiz,2,0,H,1,0,H,20,8,6,5,9,4,19,24,1,3,0,1,1.83,3.3,4.33
506,21/12/05,Valencia,Mallorca,3,0,H,0,0,D,17,6,6,0,9,4,12,16,0,1,0,0,1.44,4.0,7.5
506,21/12/05,Zaragoza,Ath Bilbao,3,2,H,0,1,A,12,8,4,4,3,2,14,18,2,1,0,0,2.0,3.2,3.75
506,22/12/05,Osasuna,Ath Madrid,2,1,H,2,1,H,24,5,8,1,5,1,18,16,1,2,0,0,1.9,3.25,4.0
506,07/01/06,Ath Bilbao,La Coruna,1,2,A,0,1,A,18,13,5,3,6,2,21,25,1,5,0,0,2.6,3.2,2.62
506,07/01/06,Espanol,Barcelona,1,2,A,0,1,A,9,19,3,7,5,6,29,20,6,3,0,0,7.5,4.0,1.44
506,08/01/06,Alaves,Zaragoza,0,2,A,0,0,D,15,15,5,4,5,0,14,14,0,3,0,0,2.6,3.2,2.62
506,08/01/06,Ath Madrid,Valencia,0,0,D,0,0,D,14,9,2,5,5,10,27,21,2,0,0,0,3.0,3.2,2.3
506,08/01/06,Cadiz,Getafe,1,0,H,1,0,H,13,8,6,1,2,2,22,21,4,5,1,1,2.37,3.2,2.9
506,08/01/06,Celta,Sociedad,1,0,H,1,0,H,15,5,3,1,2,1,20,14,1,1,0,0,1.9,3.25,4.0
506,08/01/06,Mallorca,Betis,1,1,D,1,1,D,10,9,7,5,4,7,17,20,1,3,0,0,2.3,3.2,3.0
506,08/01/06,Osasuna,Santander,1,1,D,1,1,D,17,6,3,1,3,1,21,21,2,2,0,0,1.61,3.4,6.0
506,08/01/06,Sevilla,Malaga,3,1,H,1,0,H,19,8,7,3,10,2,19,19,6,2,0,1,1.7,3.5,5.0
506,08/01/06,Villarreal,Real Madrid,0,0,D,0,0,D,15,14,5,3,3,5,15,19,3,3,0,0,2.5,3.2,2.75
506,14/01/06,Betis,Ath Madrid,1,0,H,1,0,H,11,15,6,3,5,4,23,23,2,2,0,0,2.2,3.25,3.2
506,14/01/06,Valencia,Osasuna,2,0,H,1,0,H,15,12,4,5,8,8,13,21,3,1,0,0,1.72,3.4,5.0
506,15/01/06,Barcelona,Ath Bilbao,2,1,H,1,1,D,16,8,9,2,7,5,18,24,2,4,1,0,1.16,6.5,15.0
506,15/01/06,Getafe,Celta,1,1,D,1,0,H,24,12,6,3,9,4,23,22,1,2,0,0,2.2,3.25,3.2
506,15/01/06,La Coruna,Alaves,0,2,A,0,1,A,28,12,6,5,9,1,21,25,1,2,0,0,1.44,4.0,7.5
506,15/01/06,Malaga,Cadiz,0,2,A,0,2,A,5,6,1,2,2,2,14,13,5,1,1,0,1.9,3.3,4.0
506,15/01/06,Real Madrid,Sevilla,4,2,H,1,0,H,25,17,8,5,3,7,18,18,1,1,0,0,1.61,3.6,5.5
506,15/01/06,Santander,Villarreal,1,0,H,1,0,H,8,21,4,6,1,5,22,15,3,4,2,1,3.0,3.2,2.3
506,15/01/06,Sociedad,Espanol,0,1,A,0,0,D,14,12,2,5,6,2,22,20,3,2,0,1,2.0,3.3,3.6
506,15/01/06,Zaragoza,Mallorca,3,1,H,2,0,H,13,9,5,5,2,4,18,23,1,2,0,0,1.72,3.4,5.0
506,21/01/06,Real Madrid,Cadiz,3,1,H,0,0,D,10,15,5,4,8,9,26,18,4,1,0,0,1.25,5.0,13.0
506,21/01/06,Zaragoza,Ath Madrid,0,2,A,0,1,A,8,5,3,3,4,3,18,24,3,5,0,0,2.1,3.25,3.4
506,22/01/06,Barcelona,Alaves,2,0,H,0,0,D,25,3,7,1,7,5,23,19,1,2,0,0,1.14,6.5,21.0
506,22/01/06,Betis,Valencia,0,2,A,0,1,A,14,13,4,7,4,2,20,24,1,2,0,0,2.9,3.2,2.37
506,22/01/06,Getafe,Espanol,5,0,H,2,0,H,12,14,6,3,6,5,26,18,1,3,0,0,2.25,3.2,3.1
506,22/01/06,La Coruna,Mallorca,2,2,D,2,0,H,14,10,2,3,4,2,21,29,3,3,0,0,1.44,4.0,7.5
506,22/01/06,Malaga,Celta,0,2,A,0,0,D,15,14,3,5,6,7,26,14,2,1,0,0,2.5,3.2,2.75
506,22/01/06,Santander,Sevilla,2,3,A,1,1,D,17,9,6,4,6,3,21,26,3,3,0,0,2.6,3.2,2.62
506,22/01/06,Sociedad,Ath Bilbao,3,3,D,2,0,H,12,26,6,8,2,12,22,14,3,3,0,0,2.2,3.2,3.25
506,22/01/06,Villarreal,Osasuna,2,1,H,0,1,A,12,9,5,1,7,3,14,28,4,3,0,0,1.8,3.4,4.33
506,28/01/06,Ath Bilbao,Getafe,1,0,H,0,0,D,9,13,3,4,3,5,21,14,3,3,0,0,2.1,3.25,3.0
506,28/01/06,Ath Madrid,La Coruna,3,2,H,1,0,H,17,12,8,5,5,3,25,26,4,4,0,0,2.2,3.25,2.8
506,28/01/06,Cadiz,Santander,1,1,D,0,0,D,6,6,1,2,3,6,19,17,4,4,0,0,2.2,3.25,2.8
506,29/01/06,Alaves,Sociedad,3,1,H,1,0,H,12,20,6,7,2,6,15,18,2,1,0,0,2.37,3.2,2.62
506,29/01/06,Celta,Real Madrid,1,2,A,1,1,D,21,11,6,5,5,4,18,21,3,3,0,0,3.5,3.25,1.9
506,29/01/06,Espanol,Malaga,3,1,H,3,1,H,14,18,7,3,9,5,17,21,1,3,0,0,1.9,3.25,3.5
506,29/01/06,Mallorca,Barcelona,0,3,A,0,1,A,5,15,2,4,2,6,17,13,4,3,1,0,6.5,4.0,1.4
506,29/01/06,Osasuna,Betis,0,2,A,0,1,A,17,10,3,3,4,2,11,26,1,1,0,0,1.8,3.25,4.0
506,29/01/06,Sevilla,Villarreal,2,0,H,1,0,H,12,7,7,1,10,3,21,19,0,3,0,1,2.2,3.25,2.8
506,29/01/06,Valencia,Zaragoza,2,2,D,0,1,A,19,11,6,5,8,2,15,19,3,4,0,1,1.53,3.75,5.0
506,04/02/06,La Coruna,Valencia,0,1,A,0,1,A,10,10,4,5,4,1,21,16,3,5,0,0,2.6,3.25,2.6
506,04/02/06,Malaga,Ath Bilbao,2,1,H,1,1,D,8,8,5,2,6,5,18,22,5,3,1,0,2.3,3.25,3.0
506,04/02/06,Real Madrid,Espanol,4,0,H,3,0,H,16,8,10,1,3,5,23,12,1,2,0,0,1.33,4.5,9.5
506,05/02/06,Barcelona,Ath Madrid,1,3,A,0,1,A,15,13,6,5,6,2,19,26,3,4,0,0,1.4,4.33,7.5
506,05/02/06,Getafe,Alaves,2,2,D,1,1,D,18,6,7,3,19,2,16,16,1,2,0,0,1.8,3.3,4.5
506,05/02/06,Santander,Celta,0,1,A,0,0,D,16,10,6,6,9,3,26,18,4,2,0,0,2.5,3.25,3.0
506,05/02/06,Sevilla,Osasuna,0,1,A,0,0,D,10,8,3,2,5,3,21,22,6,6,1,0,1.8,3.3,4.5
506,05/02/06,Sociedad,Mallorca,2,1,H,1,1,D,12,11,5,1,3,7,21,20,3,4,0,0,1.83,3.3,4.33
506,05/02/06,Villarreal,Cadiz,1,1,D,0,1,A,14,12,7,4,6,3,21,20,4,1,1,0,1.53,3.6,6.5
506,05/02/06,Zaragoza,Betis,4,3,H,4,1,H,13,15,6,5,5,6,24,23,4,3,1,1,2.0,3.2,3.75
506,11/02/06,Ath Bilbao,Real Madrid,0,2,A,0,1,A,15,11,6,6,7,3,18,21,3,4,0,0,4.33,3.3,1.83
506,11/02/06,Cadiz,Sevilla,0,4,A,0,1,A,12,12,1,5,4,8,17,25,1,2,0,0,2.75,3.2,2.5
506,11/02/06,Osasuna,Zaragoza,1,1,D,1,1,D,17,5,4,1,5,4,20,10,2,1,0,0,2.0,3.2,3.75
506,12/02/06,Alaves,Malaga,3,2,H,1,0,H,11,10,5,3,1,5,20,20,3,2,0,0,2.2,3.25,3.2
506,12/02/06,Ath Madrid,Sociedad,1,0,H,0,0,D,16,9,3,4,5,2,24,21,3,0,0,1,1.66,3.6,5.0
506,12/02/06,Betis,La Coruna,0,1,A,0,0,D,16,14,3,3,6,1,21,21,2,4,0,0,2.4,3.25,2.8
506,12/02/06,Celta,Villarreal,1,0,H,1,0,H,7,9,3,2,4,7,26,16,1,2,0,0,2.2,3.25,3.2
506,12/02/06,Espanol,Santander,0,2,A,0,0,D,5,11,0,3,8,11,17,17,1,1,0,0,2.1,3.25,3.4
506,12/02/06,Mallorca,Getafe,1,1,D,0,0,D,4,13,1,3,4,2,27,23,4,2,0,0,2.3,3.25,3.0
506,12/02/06,Valencia,Barcelona,1,0,H,1,0,H,9,18,4,5,1,5,19,21,3,4,0,0,2.9,3.2,2.37
506,18/02/06,Barcelona,Betis,5,1,H,3,0,H,19,13,8,8,4,6,20,22,4,2,0,0,1.28,5.0,10.0
506,18/02/06,Real Madrid,Alaves,3,0,H,2,0,H,12,12,6,3,3,0,22,29,2,3,0,0,1.22,5.5,13.0
506,18/02/06,Sevilla,Celta,1,0,H,1,0,H,10,13,2,5,3,5,32,10,4,3,0,0,1.9,3.25,4.0
506,18/02/06,Villarreal,Espanol,4,0,H,3,0,H,11,10,8,3,3,5,15,17,3,6,0,0,1.72,3.3,5.0
506,19/02/06,Cadiz,Osasuna,1,3,A,1,2,A,10,7,3,5,9,1,10,25,3,4,1,0,2.62,3.2,2.6
506,19/02/06,Getafe,Ath Madrid,0,3,A,0,1,A,18,14,9,6,11,2,24,17,4,2,0,0,2.62,3.2,2.6
506,19/02/06,La Coruna,Zaragoza,1,1,D,0,1,A,11,8,4,4,4,1,18,15,3,3,1,0,2.0,3.2,3.75
506,19/02/06,Malaga,Mallorca,0,2,A,0,0,D,12,16,4,5,5,4,25,28,2,7,0,1,2.0,3.2,3.75
506,19/02/06,Santander,Ath Bilbao,0,1,A,0,0,D,13,8,3,2,8,6,20,27,3,6,1,0,2.1,3.25,3.4
506,19/02/06,Sociedad,Valencia,1,2,A,1,0,H,12,12,4,4,8,4,13,14,2,2,0,0,3.5,3.2,2.1
506,25/02/06,Ath Madrid,Malaga,5,0,H,3,0,H,17,10,11,0,7,0,25,26,1,4,0,1,1.5,3.75,7.0
506,25/02/06,Zaragoza,Barcelona,0,2,A,0,0,D,5,8,2,2,3,1,20,15,1,0,1,0,5.0,3.3,1.72
506,26/02/06,Alaves,Santander,2,2,D,2,1,H,6,12,2,4,3,7,25,25,3,4,0,0,2.5,3.2,2.75
506,26/02/06,Ath Bilbao,Villarreal,1,1,D,1,1,D,10,8,4,4,10,4,17,18,1,8,0,0,2.5,3.2,2.75
506,26/02/06,Betis,Sociedad,2,0,H,1,0,H,17,7,6,2,7,3,21,26,1,3,0,0,1.9,3.25,4.0
506,26/02/06,Celta,Cadiz,2,0,H,1,0,H,15,7,8,3,5,3,21,28,3,2,0,0,1.61,3.4,6.0
506,26/02/06,Espanol,Sevilla,5,0,H,1,0,H,15,12,9,2,5,7,16,21,1,1,0,1,2.62,3.2,2.6
506,26/02/06,Mallorca,Real Madrid,2,1,H,0,1,A,15,7,4,3,4,2,23,24,4,3,0,0,6.0,3.8,1.53
506,26/02/06,Osasuna,La Coruna,1,2,A,1,0,H,17,9,4,3,8,2,15,17,2,3,0,0,2.2,3.2,3.25
506,26/02/06,Valencia,Getafe,1,1,D,0,0,D,15,8,7,4,14,1,15,20,0,5,0,1,1.36,4.33,9.0
506,04/03/06,Barcelona,La Coruna,3,2,H,2,2,D,16,7,7,2,8,2,10,27,3,5,0,0,1.44,4.1,7.0
506,04/03/06,Cadiz,Espanol,2,0,H,0,0,D,9,17,3,6,6,5,24,24,3,1,0,0,2.4,3.2,2.87
506,04/03/06,Real Madrid,Ath Madrid,2,1,H,2,1,H,10,26,3,6,3,7,25,28,2,4,0,0,1.75,3.5,4.5
506,04/03/06,Villarreal,Alaves,3,2,H,1,2,A,15,3,4,2,11,1,22,19,4,0,0,0,1.57,3.6,6.0
506,05/03/06,Celta,Osasuna,2,0,H,1,0,H,9,14,5,0,5,5,16,16,1,4,0,1,2.1,3.25,3.4
506,05/03/06,Getafe,Betis,1,0,H,1,0,H,17,10,4,2,8,3,11,18,1,4,0,0,2.2,3.25,3.2
506,05/03/06,Malaga,Valencia,0,0,D,0,0,D,11,19,2,5,9,5,22,15,5,1,0,0,5.0,3.4,1.72
506,05/03/06,Santander,Mallorca,0,0,D,0,0,D,9,13,3,0,5,6,21,23,3,1,0,0,2.0,3.3,3.6
506,05/03/06,Sevilla,Ath Bilbao,2,1,H,1,1,D,13,10,4,3,8,6,11,24,1,5,1,0,1.75,3.5,4.5
506,05/03/06,Sociedad,Zaragoza,1,3,A,1,0,H,8,18,1,8,4,3,16,18,2,2,0,0,2.4,3.2,2.87
506,11/03/06,Espanol,Celta,2,0,H,2,0,H,7,17,4,4,4,6,19,14,2,2,1,0,2.4,3.25,2.8
506,11/03/06,La Coruna,Sociedad,0,1,A,0,0,D,18,9,4,1,5,5,20,16,4,3,0,0,1.57,3.6,6.0
506,11/03/06,Valencia,Real Madrid,0,0,D,0,0,D,11,13,2,6,5,5,25,22,4,2,0,0,2.3,3.25,3.0
506,12/03/06,Alaves,Sevilla,2,1,H,2,1,H,15,10,5,3,3,6,21,22,4,6,2,1,2.8,3.25,2.4
506,12/03/06,Ath Bilbao,Cadiz,1,0,H,0,0,D,8,6,1,1,4,8,19,18,2,1,1,1,1.83,3.25,4.5
506,12/03/06,Ath Madrid,Santander,2,1,H,0,0,D,12,15,6,4,5,3,22,23,4,4,1,0,1.57,3.6,6.0
506,12/03/06,Betis,Malaga,1,1,D,1,0,H,15,10,5,2,10,3,29,28,2,4,0,0,1.8,3.4,4.33
506,12/03/06,Mallorca,Villarreal,1,1,D,1,1,D,8,6,2,1,3,2,16,24,2,4,0,0,2.75,3.2,2.5
506,12/03/06,Osasuna,Barcelona,2,1,H,1,0,H,11,8,3,4,2,1,29,19,6,2,0,2,5.5,3.4,1.66
506,12/03/06,Zaragoza,Getafe,1,2,A,1,1,D,13,14,5,6,9,5,14,15,3,2,1,0,1.8,3.3,4.5
506,18/03/06,Getafe,La Coruna,1,2,A,0,1,A,19,8,4,5,9,4,18,25,4,6,1,0,2.4,3.2,2.87
506,18/03/06,Sociedad,Barcelona,0,2,A,0,1,A,9,14,5,6,7,3,21,14,2,2,0,0,6.0,3.8,1.53
506,18/03/06,Villarreal,Ath Madrid,1,1,D,1,0,H,6,12,3,3,0,3,21,21,3,3,0,1,2.25,3.1,3.2
506,19/03/06,Cadiz,Alaves,0,0,D,0,0,D,15,10,5,5,9,4,17,20,2,6,0,0,2.0,3.25,4.0
506,19/03/06,Celta,Ath Bilbao,0,1,A,0,1,A,25,7,6,4,9,4,14,25,2,4,0,1,1.8,3.3,4.5
506,19/03/06,Espanol,Osasuna,2,4,A,1,3,A,5,15,3,8,3,0,23,19,5,5,0,0,2.2,3.2,3.25
506,19/03/06,Malaga,Zaragoza,0,1,A,0,0,D,14,8,2,3,8,4,26,21,1,2,0,0,2.5,3.2,2.75
506,19/03/06,Real Madrid,Betis,0,0,D,0,0,D,16,19,4,2,5,8,19,24,2,2,0,0,1.33,4.5,9.5
506,19/03/06,Santander,Valencia,2,1,H,1,0,H,6,10,2,5,1,4,35,14,4,1,0,0,4.33,3.3,1.83
506,19/03/06,Sevilla,Mallorca,1,1,D,1,0,H,19,9,7,4,6,1,14,18,3,3,0,0,1.66,3.4,5.5
506,21/03/06,Barcelona,Getafe,3,1,H,1,1,D,15,9,4,4,10,6,17,18,1,2,0,0,1.25,5.0,13.0
506,22/03/06,Alaves,Celta,1,0,H,0,0,D,18,10,6,2,3,2,19,18,2,1,0,0,2.37,3.2,2.9
506,22/03/06,Ath Bilbao,Espanol,1,1,D,0,1,A,13,11,5,2,2,2,22,22,6,4,0,0,2.0,3.2,3.75
506,22/03/06,Betis,Santander,1,0,H,1,0,H,15,8,5,1,6,6,28,19,6,6,0,1,2.0,3.2,3.75
506,22/03/06,La Coruna,Malaga,2,1,H,0,1,A,17,12,6,3,6,5,19,31,1,8,0,1,1.57,3.75,5.5
506,22/03/06,Mallorca,Cadiz,1,0,H,1,0,H,16,6,9,1,7,5,16,28,4,5,0,0,1.83,3.3,4.33
506,22/03/06,Osasuna,Sociedad,2,0,H,1,0,H,7,13,4,2,3,5,25,10,4,1,0,0,1.66,3.4,5.5
506,22/03/06,Valencia,Villarreal,1,1,D,1,0,H,10,14,3,7,6,1,20,20,3,4,1,0,1.72,3.3,5.0
506,22/03/06,Zaragoza,Real Madrid,1,1,D,0,0,D,14,10,4,4,8,4,25,14,2,3,0,0,3.4,3.25,2.1
506,23/03/06,Ath Madrid,Sevilla,0,1,A,0,1,A,13,10,6,6,6,5,13,13,3,3,3,0,2.0,3.2,3.75
506,25/03/06,Ath Bilbao,Osasuna,1,0,H,0,0,D,11,7,2,2,3,4,17,20,2,4,1,1,2.4,3.2,2.87
506,25/03/06,Malaga,Barcelona,0,0,D,0,0,D,13,23,5,10,6,5,32,20,2,0,0,0,7.5,4.33,1.4
506,25/03/06,Villarreal,Betis,1,2,A,0,2,A,21,11,5,4,8,3,14,20,1,2,0,0,1.8,3.3,4.5
506,26/03/06,Cadiz,Ath Madrid,1,1,D,0,1,A,14,13,4,5,6,6,16,26,1,4,0,0,2.87,3.25,2.37
506,26/03/06,Celta,Mallorca,2,0,H,2,0,H,14,12,6,4,3,12,21,16,1,1,0,0,1.72,3.3,5.0
506,26/03/06,Espanol,Alaves,0,0,D,0,0,D,7,11,2,2,14,3,24,20,3,3,0,0,1.83,3.3,4.33
506,26/03/06,Getafe,Sociedad,2,1,H,1,1,D,10,9,3,3,3,5,17,26,2,4,0,1,1.9,3.25,4.0
506,26/03/06,Real Madrid,La Coruna,4,0,H,2,0,H,21,14,8,0,4,5,14,18,2,2,0,0,1.61,3.4,6.0
506,26/03/06,Santander,Zaragoza,0,0,D,0,0,D,11,16,2,7,5,5,19,18,1,2,0,0,2.4,3.2,2.87
506,26/03/06,Sevilla,Valencia,1,0,H,0,0,D,16,8,5,1,8,5,18,15,0,4,0,1,2.4,3.0,3.0
506,01/04/06,Barcelona,Real Madrid,1,1,D,1,1,D,35,3,11,1,12,0,21,18,2,6,0,1,1.83,3.3,4.33
506,01/04/06,Sociedad,Malaga,3,0,H,1,0,H,17,6,9,3,5,4,18,24,2,5,0,2,1.8,3.3,4.5
506,01/04/06,Zaragoza,Villarreal,0,1,A,0,1,A,29,2,9,1,12,1,14,21,3,4,0,0,2.0,3.2,3.75
506,02/04/06,Alaves,Ath Bilbao,0,0,D,0,0,D,11,4,2,1,5,2,10,24,2,4,0,0,2.37,3.25,2.87
506,02/04/06,Ath Madrid,Celta,0,3,A,0,0,D,25,7,7,6,9,3,19,13,7,1,0,0,1.9,3.25,4.0
506,02/04/06,Betis,Sevilla,2,1,H,2,1,H,12,11,6,3,1,3,28,19,5,2,0,0,2.5,3.0,2.87
506,02/04/06,La Coruna,Santander,2,0,H,1,0,H,16,9,7,1,5,1,21,24,1,1,0,0,1.72,3.4,5.0
506,02/04/06,Mallorca,Espanol,0,0,D,0,0,D,10,11,2,2,7,4,21,23,2,1,0,0,2.1,3.25,3.4
506,02/04/06,Osasuna,Getafe,0,4,A,0,2,A,26,12,4,5,2,5,15,21,1,6,0,0,1.66,3.4,5.5
506,02/04/06,Valencia,Cadiz,5,3,H,3,1,H,13,9,6,5,5,5,16,27,1,3,0,0,1.4,4.0,9.0
506,08/04/06,Cadiz,Betis,1,1,D,0,0,D,13,21,2,4,5,7,19,24,4,2,0,0,2.37,3.2,2.9
506,08/04/06,Celta,Valencia,0,1,A,0,1,A,12,7,2,4,5,0,21,24,2,3,0,0,2.5,3.2,2.75
506,08/04/06,Malaga,Getafe,1,2,A,0,1,A,13,17,5,6,3,6,23,17,3,1,1,0,2.4,3.25,2.8
506,08/04/06,Real Madrid,Sociedad,1,1,D,1,0,H,13,17,6,8,6,5,16,15,3,3,1,0,1.33,4.5,9.5
506,09/04/06,Alaves,Osasuna,1,2,A,0,1,A,20,8,7,4,4,5,16,24,3,3,0,1,2.6,3.0,2.75
506,09/04/06,Ath Bilbao,Mallorca,1,1,D,1,1,D,10,12,4,1,6,5,17,17,2,2,0,0,1.9,3.25,4.0
506,09/04/06,Espanol,Ath Madrid,1,1,D,0,0,D,15,13,4,1,5,1,17,24,5,3,0,0,2.37,3.2,2.9
506,09/04/06,Santander,Barcelona,2,2,D,2,2,D,8,10,3,3,4,1,19,15,4,1,0,1,6.5,3.6,1.53
506,09/04/06,Sevilla,Zaragoza,1,1,D,0,0,D,22,8,9,3,5,0,11,13,4,3,0,0,1.72,3.4,5.0
506,09/04/06,Villarreal,La Coruna,1,1,D,0,0,D,11,18,5,3,7,3,17,21,2,2,0,0,2.1,3.25,3.4
506,14/04/06,Barcelona,Villarreal,1,0,H,1,0,H,14,10,4,3,8,4,21,18,1,3,0,0,1.53,3.6,7.0
506,15/04/06,La Coruna,Sevilla,0,0,D,0,0,D,15,15,5,4,6,8,19,21,4,2,0,0,2.1,3.25,3.4
506,15/04/06,Mallorca,Alaves,0,0,D,0,0,D,17,9,2,2,7,0,21,34,1,1,0,0,2.0,3.3,3.5
506,15/04/06,Sociedad,Santander,1,0,H,0,0,D,9,12,1,2,4,6,16,21,1,3,0,0,2.0,3.2,3.75
506,16/04/06,Ath Madrid,Ath Bilbao,1,0,H,0,0,D,10,10,1,2,3,6,17,20,2,2,0,0,1.83,3.25,4.5
506,16/04/06,Betis,Celta,0,2,A,0,1,A,13,11,6,6,7,2,27,14,4,1,0,0,2.25,3.2,3.1
506,16/04/06,Getafe,Real Madrid,1,1,D,0,0,D,24,14,9,5,9,6,15,20,1,4,0,0,4.0,3.3,1.9
506,16/04/06,Osasuna,Malaga,1,1,D,1,0,H,11,10,3,4,4,4,22,21,1,2,0,1,1.44,4.0,7.5
506,16/04/06,Valencia,Espanol,4,0,H,1,0,H,17,10,7,6,10,5,14,11,1,4,0,1,1.44,4.0,7.5
506,16/04/06,Zaragoza,Cadiz,1,2,A,1,1,D,16,8,8,4,4,2,16,29,2,3,0,0,1.8,3.3,4.5
506,22/04/06,Alaves,Ath Madrid,0,1,A,0,1,A,8,9,1,4,3,4,15,17,3,2,0,0,2.2,3.2,3.25
506,22/04/06,Celta,Zaragoza,4,0,H,1,0,H,13,12,7,2,4,5,14,14,0,3,0,0,1.8,3.4,3.75
506,22/04/06,Villarreal,Sociedad,0,2,A,0,2,A,10,9,4,2,7,1,17,17,2,3,0,0,1.83,3.25,3.75
506,23/04/06,Ath Bilbao,Valencia,0,3,A,0,0,D,12,9,4,5,3,4,25,18,3,2,0,0,2.8,3.1,2.25
506,23/04/06,Cadiz,La Coruna,1,1,D,0,1,A,10,11,3,4,8,6,20,23,4,5,0,2,2.62,3.2,2.37
506,23/04/06,Espanol,Betis,2,0,H,1,0,H,13,12,7,5,1,3,12,18,2,1,0,1,2.1,3.25,3.0
506,23/04/06,Mallorca,Osasuna,0,1,A,0,0,D,12,9,4,2,9,4,16,20,3,2,0,0,2.5,3.2,2.5
506,23/04/06,Real Madrid,Malaga,2,1,H,0,1,A,31,13,12,3,11,2,16,22,4,4,0,0,1.16,6.5,10.0
506,23/04/06,Santander,Getafe,1,3,A,1,1,D,10,23,4,13,4,4,23,13,4,1,0,0,2.1,3.25,3.0
506,29/04/06,Barcelona,Cadiz,1,0,H,1,0,H,14,7,4,4,2,4,15,19,1,3,0,0,1.2,5.5,17.0
506,29/04/06,Betis,Ath Bilbao,1,1,D,1,0,H,10,10,2,5,4,10,19,14,2,2,0,0,2.1,3.2,3.5
506,29/04/06,La Coruna,Celta,0,2,A,0,1,A,12,13,3,6,6,4,25,26,2,3,1,0,2.1,3.2,3.5
506,30/04/06,Ath Madrid,Mallorca,0,1,A,0,0,D,15,11,3,3,9,4,16,17,2,4,0,0,1.83,3.25,4.5
506,30/04/06,Getafe,Villarreal,1,1,D,1,1,D,20,12,8,8,2,3,17,26,1,2,0,0,2.3,3.1,3.1
506,30/04/06,Malaga,Santander,2,3,A,2,1,H,11,9,4,7,4,5,28,27,4,3,0,0,2.62,3.2,2.6
506,30/04/06,Osasuna,Real Madrid,0,1,A,0,0,D,19,7,2,2,6,4,18,19,3,2,0,1,2.87,3.2,2.4
506,30/04/06,Sociedad,Sevilla,1,2,A,0,0,D,6,13,0,5,3,3,26,18,3,2,2,0,2.4,3.2,2.87
506,30/04/06,Valencia,Alaves,3,0,H,2,0,H,14,9,6,3,2,4,22,10,3,0,0,0,1.36,4.33,9.0
506,30/04/06,Zaragoza,Espanol,1,1,D,1,0,H,11,10,3,4,4,5,17,22,4,1,0,1,2.25,3.1,3.2
506,03/05/06,Alaves,Betis,2,0,H,1,0,H,8,18,5,2,1,1,17,27,3,3,1,0,2.3,3.1,3.1
506,03/05/06,Ath Bilbao,Zaragoza,1,0,H,0,0,D,10,12,2,4,0,3,17,11,2,2,0,0,1.72,3.4,5.0
506,03/05/06,Ath Madrid,Osasuna,0,1,A,0,1,A,19,10,5,5,11,2,20,21,2,3,1,1,2.37,3.25,2.87
506,03/05/06,Cadiz,Sociedad,2,2,D,0,1,A,18,10,5,4,5,2,12,25,1,1,0,0,2.2,3.1,3.3
506,03/05/06,Celta,Barcelona,0,1,A,0,0,D,13,14,1,5,7,2,17,17,3,3,0,0,2.87,3.25,2.37
506,03/05/06,Espanol,La Coruna,1,2,A,1,0,H,3,12,2,4,3,4,22,20,3,5,0,0,2.4,3.2,2.87
506,03/05/06,Mallorca,Valencia,2,1,H,1,1,D,13,7,7,4,4,2,23,23,2,2,0,0,4.0,3.0,2.0
506,03/05/06,Sevilla,Getafe,3,0,H,3,0,H,12,9,7,0,7,3,18,17,3,3,0,0,1.8,3.3,4.5
506,03/05/06,Villarreal,Malaga,2,1,H,2,1,H,13,20,4,5,3,5,17,16,0,0,0,0,1.4,4.33,7.5
506,04/05/06,Santander,Real Madrid,2,3,A,0,1,A,14,16,5,6,6,2,20,19,3,1,0,0,4.33,3.4,1.8
506,06/05/06,Barcelona,Espanol,2,0,H,1,0,H,15,19,5,9,8,7,14,24,0,1,0,0,1.57,3.6,6.0
506,06/05/06,Malaga,Sevilla,0,2,A,0,1,A,14,19,3,8,5,8,19,20,2,0,0,0,5.0,3.4,1.72
506,06/05/06,Valencia,Ath Madrid,1,1,D,1,1,D,14,12,6,4,5,8,13,20,1,2,0,0,1.61,3.6,5.5
506,07/05/06,Betis,Mallorca,2,1,H,2,0,H,7,8,3,2,3,4,19,15,3,2,0,0,1.9,3.1,4.33
506,07/05/06,Getafe,Cadiz,3,1,H,0,1,A,6,7,3,3,2,3,21,15,3,0,0,0,1.83,3.5,4.0
506,07/05/06,La Coruna,Ath Bilbao,1,2,A,1,0,H,15,10,6,3,5,7,18,14,3,1,0,0,1.9,3.25,4.0
506,07/05/06,Real Madrid,Villarreal,3,3,D,1,2,A,26,14,11,6,11,5,25,13,4,5,1,0,1.53,3.75,6.0
506,07/05/06,Santander,Osasuna,2,1,H,0,0,D,14,9,6,2,9,5,21,23,6,4,1,1,2.8,3.25,2.4
506,07/05/06,Sociedad,Celta,2,2,D,2,1,H,15,5,7,3,2,5,13,18,3,1,0,0,2.4,3.25,2.8
506,07/05/06,Zaragoza,Alaves,3,0,H,0,0,D,15,10,7,4,6,6,16,21,1,2,0,0,2.4,3.25,2.8
506,13/05/06,Alaves,La Coruna,1,0,H,0,0,D,16,11,8,0,6,2,18,25,2,2,0,0,2.1,3.25,3.0
506,13/05/06,Ath Madrid,Betis,1,1,D,1,0,H,12,17,7,4,6,5,22,18,1,4,0,0,1.72,3.4,4.2
506,13/05/06,Cadiz,Malaga,5,0,H,1,0,H,12,13,7,3,9,3,15,18,0,1,0,0,1.83,3.25,3.75
506,13/05/06,Celta,Getafe,1,0,H,1,0,H,13,6,5,1,6,4,14,25,4,1,0,1,1.8,3.4,3.75
506,13/05/06,Espanol,Sociedad,1,0,H,0,0,D,22,9,4,3,7,5,19,20,1,3,0,0,1.44,4.0,6.0
506,13/05/06,Mallorca,Zaragoza,3,1,H,1,1,D,20,12,10,5,4,4,15,10,2,1,0,0,2.1,3.25,3.0
506,13/05/06,Sevilla,Barcelona,3,2,H,2,2,D,16,16,4,4,8,4,16,20,4,1,0,1,1.9,3.25,3.5
506,13/05/06,Villarreal,Santander,2,0,H,1,0,H,12,13,6,6,7,8,14,18,1,2,0,0,1.53,3.6,5.5
506,16/05/06,Osasuna,Valencia,2,1,H,0,0,D,17,13,7,7,3,6,18,12,1,2,0,0,2.7,3.2,2.5
506,16/05/06,Sevilla,Real Madrid,4,3,H,4,2,H,20,18,9,8,8,4,16,15,4,4,0,0,2.5,3.4,2.6
506,20/05/06,Ath Bilbao,Barcelona,3,1,H,0,1,A,15,13,6,4,5,1,16,9,0,1,0,0,2.3,3.25,3.0
607,26/08/06,Valencia,Betis,2,1,H,1,0,H,14,8,4,5,5,6,18,26,3,3,0,0,1.57,3.6,6.0
607,27/08/06,Ath Bilbao,Sociedad,1,1,D,1,0,H,7,10,2,4,4,2,19,23,2,4,0,0,2.0,3.2,3.75
607,27/08/06,Espanol,Gimnastic,0,1,A,0,0,D,20,18,6,7,6,7,25,27,2,3,0,0,1.72,3.4,5.0
607,27/08/06,La Coruna,Zaragoza,3,2,H,2,1,H,14,13,6,6,1,6,22,19,4,4,0,1,2.0,3.2,3.75
607,27/08/06,Osasuna,Getafe,0,2,A,0,0,D,15,7,7,2,6,1,26,22,5,4,0,0,1.83,3.3,4.33
607,27/08/06,Real Madrid,Villarreal,0,0,D,0,0,D,14,13,3,4,4,5,22,18,2,3,0,0,1.53,3.8,6.0
607,27/08/06,Recreativo,Mallorca,1,1,D,0,0,D,7,17,2,6,3,2,19,15,3,2,0,0,2.3,3.25,3.0
607,27/08/06,Santander,Ath Madrid,0,1,A,0,1,A,16,11,8,4,11,2,25,25,3,4,0,1,3.1,3.2,2.25
607,28/08/06,Celta,Barcelona,2,3,A,1,0,H,12,12,3,6,4,7,21,16,0,2,1,0,5.5,3.4,1.67
607,29/08/06,Sevilla,Levante,4,0,H,2,0,H,18,6,10,3,6,1,1,3,1,3,0,0,1.44,4.0,7.5
607,09/09/06,Ath Madrid,Valencia,0,1,A,0,1,A,22,8,2,5,7,1,24,23,1,3,1,1,2.4,3.2,2.87
607,09/09/06,Barcelona,Osasuna,3,0,H,3,0,H,16,9,6,2,5,2,8,15,0,1,0,0,1.28,5.0,10.0
607,10/09/06,Betis,Ath Bilbao,3,0,H,2,0,H,12,12,8,4,3,5,15,17,1,3,0,0,2.0,3.3,3.6
607,10/09/06,Getafe,Santander,1,0,H,0,0,D,14,10,3,2,7,3,18,15,0,4,0,0,1.83,3.3,4.33
607,10/09/06,Gimnastic,Celta,1,2,A,0,0,D,7,8,2,2,6,3,19,20,0,4,0,0,2.6,3.2,2.62
607,10/09/06,Levante,Real Madrid,1,4,A,1,2,A,10,15,2,6,1,0,21,13,3,1,2,0,7.0,3.75,1.5
607,10/09/06,Mallorca,La Coruna,0,0,D,0,0,D,14,10,2,2,2,6,19,24,0,2,0,0,2.5,3.1,2.8
607,10/09/06,Sociedad,Sevilla,1,3,A,0,1,A,2,3,2,3,0,0,3,4,3,4,0,0,3.1,3.1,2.3
607,10/09/06,Villarreal,Recreativo,0,1,A,0,0,D,13,8,7,3,12,2,17,14,1,1,0,0,1.5,3.75,7.0
607,10/09/06,Zaragoza,Espanol,3,0,H,1,0,H,5,9,4,1,4,9,16,20,3,2,1,1,1.72,3.3,5.0
607,16/09/06,La Coruna,Villarreal,2,0,H,1,0,H,19,16,7,5,7,7,23,24,1,4,0,0,2.3,3.25,3.0
607,17/09/06,Ath Bilbao,Ath Madrid,1,4,A,0,2,A,6,11,0,4,3,3,12,11,0,1,0,0,2.7,3.25,2.5
607,17/09/06,Espanol,Celta,2,1,H,0,0,D,9,15,3,5,1,8,21,14,3,1,0,0,2.4,3.2,2.87
607,17/09/06,Osasuna,Gimnastic,2,0,H,1,0,H,10,8,2,1,5,6,13,26,1,1,0,0,1.72,3.6,4.5
607,17/09/06,Real Madrid,Sociedad,2,0,H,0,0,D,16,5,6,2,10,5,18,22,1,3,0,1,1.28,5.0,10.0
607,17/09/06,Recreativo,Levante,0,1,A,0,0,D,18,8,4,2,6,5,16,26,0,4,0,0,2.0,3.2,3.75
607,17/09/06,Santander,Barcelona,0,3,A,0,1,A,8,20,3,7,2,4,31,14,5,3,1,0,7.5,4.33,1.4
607,17/09/06,Sevilla,Betis,3,2,H,1,1,D,6,6,4,4,4,1,2,2,1,2,0,0,1.66,3.6,5.0
607,17/09/06,Valencia,Getafe,2,0,H,1,0,H,14,13,7,6,3,4,17,17,3,4,0,0,1.44,4.0,7.5
607,17/09/06,Zaragoza,Mallorca,2,0,H,0,0,D,20,14,11,5,4,4,22,20,4,1,0,1,1.66,3.6,5.0
607,23/09/06,Betis,Real Madrid,0,1,A,0,1,A,6,15,1,3,3,4,17,24,2,7,1,0,3.75,3.2,2.0
607,24/09/06,Ath Madrid,Sevilla,2,1,H,0,1,A,11,5,8,3,1,2,8,6,7,3,0,2,2.3,3.25,3.0
607,24/09/06,Barcelona,Valencia,1,1,D,0,1,A,21,6,6,2,6,3,12,12,1,3,0,0,1.53,4.0,5.5
607,24/09/06,Celta,Osasuna,0,2,A,0,1,A,9,9,4,3,3,4,15,17,3,4,1,0,1.9,3.25,4.0
607,24/09/06,Getafe,Ath Bilbao,0,0,D,0,0,D,14,11,2,2,7,6,20,14,0,4,1,2,1.9,3.25,4.0
607,24/09/06,Gimnastic,Santander,2,2,D,1,0,H,11,14,5,7,5,5,20,15,2,4,0,0,2.25,3.2,3.1
607,24/09/06,Levante,La Coruna,2,0,H,1,0,H,9,13,5,2,1,4,21,25,1,3,1,1,2.9,3.2,2.37
607,24/09/06,Mallorca,Espanol,1,0,H,0,0,D,17,9,7,2,5,3,21,24,1,4,0,1,2.1,3.2,3.5
607,24/09/06,Sociedad,Recreativo,2,3,A,0,1,A,11,10,3,6,5,5,20,15,1,1,0,0,1.9,3.25,4.0
607,24/09/06,Villarreal,Zaragoza,3,2,H,0,1,A,20,17,8,4,10,2,20,23,2,4,0,1,2.0,3.2,3.75
607,30/09/06,Ath Bilbao,Barcelona,1,3,A,1,1,D,5,16,2,4,5,3,6,10,0,1,1,0,6.0,4.0,1.5
607,01/10/06,Espanol,Osasuna,0,0,D,0,0,D,10,9,3,1,5,7,19,24,2,2,0,0,2.37,3.25,2.87
607,01/10/06,La Coruna,Sociedad,2,0,H,0,0,D,11,9,5,2,4,1,18,29,2,2,0,0,1.57,3.6,6.0
607,01/10/06,Mallorca,Villarreal,1,2,A,0,2,A,14,6,5,3,13,3,16,15,1,4,0,0,2.5,3.2,2.5
607,01/10/06,Real Madrid,Ath Madrid,1,1,D,1,1,D,10,18,2,6,3,4,23,29,2,5,1,0,1.66,3.6,5.0
607,01/10/06,Recreativo,Betis,2,0,H,0,0,D,10,6,7,1,6,8,15,15,0,0,0,0,2.5,3.2,2.75
607,01/10/06,Santander,Celta,1,1,D,1,0,H,8,16,4,6,2,4,33,20,7,2,1,0,2.5,3.2,2.75
607,01/10/06,Sevilla,Getafe,1,0,H,1,0,H,15,3,7,1,5,5,16,19,1,2,0,0,1.57,3.6,6.0
607,01/10/06,Valencia,Gimnastic,4,0,H,1,0,H,16,10,7,1,2,9,15,16,2,3,0,0,1.25,5.0,12.0
607,01/10/06,Zaragoza,Levante,2,2,D,0,2,A,22,14,6,5,11,3,12,21,0,2,0,0,1.61,3.6,5.5
607,14/10/06,Ath Madrid,Recreativo,2,1,H,0,0,D,16,14,4,4,5,3,15,17,0,2,1,1,1.44,4.0,7.5
607,14/10/06,Getafe,Real Madrid,1,0,H,0,0,D,16,5,6,0,3,2,22,20,2,3,0,1,4.5,3.3,1.8
607,15/10/06,Barcelona,Sevilla,3,1,H,2,1,H,7,3,5,2,2,2,1,3,1,6,0,0,1.57,3.6,6.0
607,15/10/06,Betis,La Coruna,1,1,D,0,0,D,12,13,0,5,4,3,17,12,3,0,1,1,2.4,3.2,2.87
607,15/10/06,Celta,Valencia,3,2,H,1,1,D,16,12,5,6,5,5,18,15,5,3,0,1,3.75,3.2,2.0
607,15/10/06,Gimnastic,Ath Bilbao,2,3,A,0,2,A,12,14,5,3,5,6,19,14,1,2,1,0,2.37,3.2,2.9
607,15/10/06,Levante,Mallorca,0,1,A,0,1,A,9,5,1,1,5,2,28,13,4,4,1,0,2.25,3.2,3.1
607,15/10/06,Osasuna,Santander,0,1,A,0,0,D,17,8,4,3,6,6,19,13,5,5,0,0,1.8,3.3,4.5
607,15/10/06,Sociedad,Zaragoza,1,3,A,1,1,D,6,17,3,9,7,7,21,11,2,2,1,0,2.6,3.2,2.62
607,15/10/06,Villarreal,Espanol,0,0,D,0,0,D,8,9,4,2,5,4,17,18,2,1,0,0,1.57,3.6,6.0
607,21/10/06,La Coruna,Ath Madrid,1,0,H,0,0,D,9,16,2,5,5,4,20,11,5,5,0,0,2.37,3.2,2.9
607,21/10/06,Villarreal,Levante,1,1,D,0,0,D,10,15,2,3,2,5,19,21,3,4,0,0,1.61,3.6,5.5
607,21/10/06,Zaragoza,Betis,2,1,H,2,0,H,17,9,5,2,6,1,16,15,2,2,0,1,1.83,3.3,4.33
607,22/10/06,Ath Bilbao,Celta,0,1,A,0,1,A,19,9,6,4,5,2,21,20,4,2,0,0,2.37,3.2,2.9
607,22/10/06,Espanol,Santander,2,2,D,1,1,D,8,11,4,2,0,3,21,23,1,3,0,1,2.0,3.2,3.75
607,22/10/06,Mallorca,Sociedad,0,0,D,0,0,D,13,1,3,0,9,6,21,24,2,3,0,1,1.9,3.25,4.0
607,22/10/06,Real Madrid,Barcelona,2,0,H,1,0,H,18,14,6,2,2,5,26,12,4,2,0,0,2.5,3.2,2.75
607,22/10/06,Recreativo,Getafe,1,2,A,0,1,A,19,11,8,7,8,2,17,17,2,4,0,0,2.37,3.1,3.0
607,22/10/06,Sevilla,Gimnastic,2,1,H,2,0,H,12,8,9,5,1,2,2,4,3,4,0,0,1.33,4.5,9.5
607,22/10/06,Valencia,Osasuna,1,0,H,1,0,H,9,10,2,5,6,5,12,11,0,3,1,0,1.5,4.0,6.0
607,28/10/06,Barcelona,Recreativo,3,0,H,1,0,H,12,6,8,4,0,3,22,14,2,2,0,0,1.16,6.5,15.0
607,28/10/06,Gimnastic,Real Madrid,1,3,A,1,1,D,14,12,4,5,12,6,29,14,3,1,0,0,7.5,4.0,1.44
607,28/10/06,Santander,Valencia,1,0,H,0,0,D,7,5,4,1,5,5,19,23,5,0,0,1,4.33,3.3,1.83
607,29/10/06,Ath Madrid,Zaragoza,0,1,A,0,0,D,16,5,5,2,5,1,17,19,1,4,0,0,1.9,3.25,4.0
607,29/10/06,Betis,Mallorca,0,1,A,0,0,D,5,13,1,1,2,4,18,23,2,5,1,0,2.0,3.2,3.75
607,29/10/06,Celta,Sevilla,1,2,A,1,1,D,11,11,5,7,2,5,13,11,3,2,0,0,2.5,3.2,2.75
607,29/10/06,Getafe,La Coruna,2,0,H,1,0,H,11,10,5,4,8,1,13,15,0,2,0,0,2.37,3.2,2.9
607,29/10/06,Levante,Espanol,0,0,D,0,0,D,12,7,4,0,8,0,27,19,3,3,0,0,2.25,3.25,3.1
607,29/10/06,Osasuna,Ath Bilbao,1,1,D,0,1,A,10,12,3,5,8,7,16,15,4,2,0,0,2.0,3.2,3.75
607,29/10/06,Sociedad,Villarreal,0,1,A,0,0,D,14,10,3,5,7,7,10,17,1,1,0,0,2.87,3.2,2.4
607,04/11/06,La Coruna,Barcelona,1,1,D,0,1,A,21,11,4,2,5,2,16,27,4,6,0,0,4.33,3.3,1.83
607,04/11/06,Levante,Sociedad,2,0,H,1,0,H,11,10,3,3,6,2,22,15,4,1,0,0,2.0,3.2,3.75
607,04/11/06,Mallorca,Ath Madrid,0,0,D,0,0,D,13,9,1,3,2,8,19,15,2,2,0,0,2.6,3.1,2.7
607,05/11/06,Ath Bilbao,Santander,0,0,D,0,0,D,7,13,1,2,7,4,12,17,0,3,1,0,2.1,3.1,3.6
607,05/11/06,Espanol,Valencia,1,1,D,1,1,D,19,9,5,3,1,5,24,20,2,3,1,0,3.75,3.2,2.0
607,05/11/06,Real Madrid,Celta,1,2,A,1,1,D,18,10,6,3,14,3,23,22,3,2,0,0,1.36,4.33,9.0
607,05/11/06,Recreativo,Gimnastic,2,1,H,1,1,D,15,8,9,2,9,2,13,27,1,4,0,1,1.9,3.25,4.0
607,05/11/06,Sevilla,Osasuna,2,0,H,0,0,D,24,8,15,4,7,5,19,24,3,8,0,0,1.5,3.6,7.5
607,05/11/06,Villarreal,Betis,3,2,H,1,1,D,10,10,6,2,3,6,20,16,3,1,0,0,1.66,3.4,5.5
607,05/11/06,Zaragoza,Getafe,3,1,H,1,0,H,19,9,10,3,10,3,19,16,2,3,0,1,1.9,3.25,4.0
607,11/11/06,Ath Madrid,Villarreal,3,1,H,2,1,H,25,7,13,3,13,1,20,15,3,2,0,1,2.1,3.1,3.6
607,11/11/06,Valencia,Ath Bilbao,1,1,D,1,0,H,9,13,3,2,8,6,22,21,1,2,0,0,1.44,4.0,7.5
607,12/11/06,Barcelona,Zaragoza,3,1,H,1,1,D,9,12,4,4,7,5,23,16,4,5,1,1,1.44,4.0,7.5
607,12/11/06,Betis,Levante,2,1,H,1,0,H,12,17,4,6,3,4,17,20,2,3,0,1,2.0,3.2,3.8
607,12/11/06,Celta,Recreativo,1,2,A,0,0,D,12,13,4,5,11,2,14,20,2,1,1,0,1.75,3.5,4.5
607,12/11/06,Getafe,Mallorca,1,0,H,0,0,D,13,12,2,3,5,6,24,17,2,2,0,0,2.0,3.2,3.75
607,12/11/06,Gimnastic,La Coruna,0,0,D,0,0,D,7,12,2,4,5,3,14,14,1,1,0,0,2.9,3.2,2.37
607,12/11/06,Osasuna,Real Madrid,1,4,A,0,3,A,15,13,7,6,5,2,23,20,7,1,0,0,4.33,3.4,1.8
607,12/11/06,Santander,Sevilla,0,0,D,0,0,D,9,11,3,0,5,4,27,17,1,4,0,0,3.75,3.2,2.0
607,12/11/06,Sociedad,Espanol,1,1,D,1,0,H,6,8,3,4,8,4,23,16,1,2,0,0,2.37,3.1,3.0
607,18/11/06,Real Madrid,Santander,3,1,H,1,0,H,13,17,6,10,4,5,25,19,6,4,1,0,1.25,5.0,13.0
607,18/11/06,Sevilla,Valencia,3,0,H,1,0,H,17,8,6,4,4,2,10,15,2,2,0,1,2.25,3.1,3.2
607,19/11/06,Espanol,Ath Bilbao,3,2,H,0,0,D,10,7,4,5,6,2,19,17,4,1,0,0,2.2,3.1,3.3
607,19/11/06,La Coruna,Celta,0,1,A,0,0,D,21,3,11,2,6,2,33,23,3,3,1,0,2.0,3.2,3.75
607,19/11/06,Levante,Ath Madrid,0,3,A,0,1,A,4,13,0,4,5,1,23,18,2,3,1,0,2.7,3.1,2.6
607,19/11/06,Mallorca,Barcelona,1,4,A,0,1,A,6,9,2,5,3,5,23,18,1,1,1,0,6.0,3.6,1.61
607,19/11/06,Recreativo,Osasuna,2,0,H,1,0,H,14,3,5,1,12,1,13,18,0,3,0,0,2.1,3.2,3.5
607,19/11/06,Sociedad,Betis,0,0,D,0,0,D,5,11,2,0,3,7,18,19,2,3,0,0,2.4,3.2,2.87
607,19/11/06,Villarreal,Getafe,1,0,H,0,0,D,13,9,4,2,7,9,20,17,0,2,0,0,2.0,3.0,4.0
607,19/11/06,Zaragoza,Gimnastic,3,0,H,0,0,D,11,12,6,4,1,13,18,20,1,2,0,0,1.44,4.0,7.5
607,25/11/06,Ath Madrid,Sociedad,1,1,D,0,1,A,14,6,5,1,6,2,12,20,2,3,0,0,1.4,4.0,9.0
607,25/11/06,Barcelona,Villarreal,4,0,H,1,0,H,18,11,12,4,11,3,15,13,2,5,0,0,1.36,4.5,8.0
607,26/11/06,Ath Bilbao,Sevilla,1,3,A,0,2,A,16,11,6,3,7,3,19,18,3,3,0,0,3.4,3.25,2.1
607,26/11/06,Betis,Espanol,1,1,D,1,0,H,9,8,4,2,8,4,15,14,3,2,0,0,2.0,3.2,3.75
607,26/11/06,Celta,Zaragoza,1,1,D,0,1,A,25,6,4,4,7,5,18,17,1,2,1,1,2.37,3.2,2.9
607,26/11/06,Getafe,Levante,0,0,D,0,0,D,11,15,2,7,9,7,16,33,1,3,0,0,1.72,3.4,5.0
607,26/11/06,Gimnastic,Mallorca,2,3,A,1,0,H,15,20,5,9,4,12,21,15,4,0,0,0,2.4,3.2,2.87
607,26/11/06,Osasuna,La Coruna,4,1,H,2,1,H,15,8,7,3,4,3,16,18,3,2,0,0,2.4,3.2,2.87
607,26/11/06,Santander,Recreativo,4,3,H,3,1,H,9,10,6,6,2,4,26,19,3,3,0,1,2.25,3.2,3.1
607,26/11/06,Valencia,Real Madrid,0,1,A,0,0,D,18,9,4,3,8,2,17,23,2,3,0,0,2.75,3.2,2.5
607,02/12/06,Betis,Ath Madrid,0,1,A,0,1,A,11,15,3,5,3,5,11,24,2,0,0,0,2.6,3.1,2.7
607,02/12/06,Levante,Barcelona,1,1,D,0,1,A,16,15,8,4,8,3,24,14,1,2,0,0,7.5,4.0,1.44
607,02/12/06,Recreativo,Valencia,2,0,H,1,0,H,7,11,6,1,3,4,14,13,1,3,0,0,3.3,3.2,2.15
607,03/12/06,Espanol,Sevilla,2,1,H,0,1,A,15,8,7,3,10,6,19,19,4,1,1,0,3.75,3.2,2.0
607,03/12/06,La Coruna,Santander,0,0,D,0,0,D,11,9,1,3,4,3,21,14,5,1,1,2,1.9,3.1,4.33
607,03/12/06,Mallorca,Celta,2,2,D,1,0,H,15,16,5,7,5,11,29,13,3,1,1,0,2.37,3.0,3.1
607,03/12/06,Real Madrid,Ath Bilbao,2,1,H,0,1,A,14,9,6,4,6,3,27,16,5,3,0,1,1.22,5.5,13.0
607,03/12/06,Sociedad,Getafe,0,0,D,0,0,D,5,13,2,3,7,7,17,19,2,4,0,0,2.5,3.1,2.8
607,03/12/06,Villarreal,Gimnastic,2,0,H,2,0,H,10,9,4,2,0,6,14,27,2,2,0,0,1.44,4.0,7.5
607,03/12/06,Zaragoza,Osasuna,1,2,A,1,0,H,15,11,3,2,10,1,19,19,1,4,0,0,1.53,3.8,6.0
607,09/12/06,Barcelona,Sociedad,1,0,H,0,0,D,14,9,5,2,5,7,10,14,0,4,1,0,1.14,7.0,17.0
607,09/12/06,Sevilla,Real Madrid,2,1,H,1,1,D,10,9,5,3,3,4,20,24,3,3,0,0,2.4,3.2,2.87
607,10/12/06,Ath Bilbao,Recreativo,4,2,H,3,0,H,11,7,6,2,6,3,29,17,2,3,0,0,2.25,3.1,3.2
607,10/12/06,Ath Madrid,Espanol,1,2,A,0,1,A,19,7,5,3,5,3,17,28,3,4,0,0,1.8,3.3,4.5
607,10/12/06,Celta,Villarreal,1,1,D,1,0,H,7,7,4,2,5,3,15,11,0,1,0,0,2.37,3.1,3.0
607,10/12/06,Getafe,Betis,1,1,D,0,0,D,12,13,3,7,4,4,20,20,2,4,1,0,2.0,3.0,4.0
607,10/12/06,Gimnastic,Levante,2,1,H,1,1,D,9,11,3,3,4,8,26,24,2,2,0,0,2.37,3.1,3.0
607,10/12/06,Osasuna,Mallorca,3,0,H,0,0,D,9,13,5,3,1,4,21,19,1,3,0,1,2.1,3.2,3.5
607,10/12/06,Santander,Zaragoza,0,2,A,0,0,D,11,13,1,3,6,3,25,15,1,2,0,0,3.1,3.2,2.25
607,10/12/06,Valencia,La Coruna,4,0,H,2,0,H,17,6,5,1,7,5,16,11,0,2,0,1,1.66,3.4,5.5
607,16/12/06,La Coruna,Ath Bilbao,0,2,A,0,1,A,11,8,4,3,9,2,19,23,2,1,1,0,2.0,3.2,3.75
607,16/12/06,Mallorca,Santander,1,2,A,1,0,H,14,11,4,3,6,5,22,34,3,4,0,0,2.1,3.1,3.6
607,16/12/06,Zaragoza,Valencia,0,1,A,0,1,A,13,7,4,2,6,3,15,22,1,5,0,0,2.3,3.1,3.1
607,17/12/06,Ath Madrid,Getafe,1,0,H,1,0,H,13,10,3,3,6,4,13,17,1,3,0,0,1.75,3.3,4.75
607,17/12/06,Espanol,Real Madrid,0,1,A,0,0,D,20,14,4,3,5,7,23,20,2,3,0,1,4.0,3.25,1.9
607,17/12/06,Levante,Celta,1,1,D,0,1,A,19,7,2,3,11,1,21,11,1,3,0,0,2.5,3.2,2.75
607,17/12/06,Recreativo,Sevilla,1,3,A,1,2,A,17,10,9,4,5,2,21,21,2,4,0,1,3.6,3.3,2.0
607,17/12/06,Sociedad,Gimnastic,3,2,H,0,1,A,12,9,4,3,4,2,25,33,2,7,0,0,1.9,3.25,4.0
607,17/12/06,Villarreal,Osasuna,1,4,A,0,2,A,10,18,3,6,3,4,23,15,4,2,0,0,1.9,3.25,4.0
607,19/12/06,Ath Bilbao,Zaragoza,0,0,D,0,0,D,11,6,2,2,3,2,24,17,3,4,0,0,2.62,3.2,2.62
607,19/12/06,Valencia,Mallorca,3,1,H,1,0,H,12,12,6,2,3,4,19,16,5,3,0,0,1.4,4.33,7.5
607,20/12/06,Celta,Sociedad,0,0,D,0,0,D,20,9,4,3,5,2,15,17,1,0,0,0,1.66,3.4,5.5
607,20/12/06,Getafe,Espanol,0,1,A,0,0,D,7,9,2,6,4,4,17,36,2,2,1,1,2.0,3.2,3.75
607,20/12/06,Gimnastic,Betis,0,1,A,0,0,D,15,17,2,5,8,2,20,25,2,0,0,0,2.6,3.2,2.62
607,20/12/06,Osasuna,Levante,2,1,H,0,0,D,18,10,8,2,4,0,13,23,3,4,0,1,1.72,3.6,4.5
607,20/12/06,Real Madrid,Recreativo,0,3,A,0,1,A,4,12,1,5,5,2,19,12,2,2,0,0,1.3,4.5,12.0
607,20/12/06,Santander,Villarreal,2,1,H,0,0,D,13,11,6,3,9,4,18,14,2,1,0,0,2.4,3.3,2.8
607,20/12/06,Sevilla,La Coruna,4,0,H,1,0,H,22,10,12,3,11,3,24,29,1,4,0,0,1.4,4.33,7.5
607,21/12/06,Barcelona,Ath Madrid,1,1,D,1,0,H,13,6,4,2,6,4,20,25,4,5,0,0,1.44,4.33,6.5
607,06/01/07,Ath Madrid,Gimnastic,0,0,D,0,0,D,19,12,6,2,7,8,15,21,2,3,1,0,1.3,4.75,10.0
607,06/01/07,Sociedad,Osasuna,2,1,H,1,0,H,11,11,4,6,3,5,15,18,1,4,0,0,2.4,3.2,2.87
607,06/01/07,Zaragoza,Sevilla,2,1,H,1,0,H,12,16,4,4,7,9,22,14,2,4,1,1,2.6,3.2,2.62
607,07/01/07,Betis,Celta,1,0,H,0,0,D,15,9,4,0,6,4,25,25,5,5,0,1,2.37,3.2,2.9
607,07/01/07,Espanol,Recreativo,0,1,A,0,0,D,11,13,0,4,8,7,14,19,2,1,0,0,2.0,3.2,3.75
607,07/01/07,Getafe,Barcelona,1,1,D,0,0,D,13,8,3,3,6,4,28,13,0,1,1,0,5.0,3.4,1.72
607,07/01/07,La Coruna,Real Madrid,2,0,H,1,0,H,19,8,3,1,1,3,17,23,3,4,0,0,4.33,3.3,1.83
607,07/01/07,Levante,Santander,2,0,H,0,0,D,11,10,6,2,8,5,23,19,3,2,0,0,2.3,3.1,3.1
607,07/01/07,Mallorca,Ath Bilbao,1,3,A,0,1,A,10,11,4,7,5,5,18,20,3,3,0,0,2.25,3.2,3.1
607,07/01/07,Villarreal,Valencia,0,1,A,0,0,D,10,10,3,2,3,4,14,14,0,2,0,0,2.75,3.2,2.5
607,13/01/07,Espanol,Barcelona,3,1,H,1,0,H,17,12,9,6,3,2,30,20,8,2,0,0,5.5,3.4,1.66
607,13/01/07,Valencia,Levante,3,0,H,0,0,D,13,8,6,3,3,6,19,24,3,4,0,0,1.36,4.2,9.5
607,14/01/07,Ath Bilbao,Villarreal,0,1,A,0,0,D,13,10,3,3,4,3,16,24,2,4,0,0,2.3,3.1,3.1
607,14/01/07,Celta,Ath Madrid,1,3,A,0,2,A,19,12,4,7,7,3,9,22,1,3,0,0,2.6,3.2,2.62
607,14/01/07,Gimnastic,Getafe,1,3,A,0,2,A,7,16,4,7,4,4,24,18,1,2,0,0,2.7,3.1,2.6
607,14/01/07,Osasuna,Betis,5,1,H,2,1,H,17,14,11,5,5,6,17,14,1,3,0,0,2.05,3.2,3.6
607,14/01/07,Real Madrid,Zaragoza,1,0,H,1,0,H,18,7,5,2,11,2,26,19,3,5,0,0,1.66,3.5,5.0
607,14/01/07,Recreativo,La Coruna,1,1,D,1,1,D,10,14,2,4,6,2,21,19,3,3,0,0,2.25,3.2,3.1
607,14/01/07,Santander,Sociedad,1,0,H,0,0,D,16,9,2,2,4,2,17,15,1,3,0,0,2.1,3.2,3.5
607,14/01/07,Sevilla,Mallorca,1,2,A,1,0,H,9,14,2,5,2,9,19,25,1,2,0,0,1.33,4.5,9.5
607,20/01/07,Ath Madrid,Osasuna,1,0,H,0,0,D,21,8,4,0,8,1,20,21,3,3,0,4,1.9,3.25,4.0
607,20/01/07,Villarreal,Sevilla,0,0,D,0,0,D,6,5,3,2,4,2,28,18,4,6,0,0,2.87,3.2,2.4
607,21/01/07,Barcelona,Gimnastic,3,0,H,1,0,H,11,5,5,0,1,1,18,23,1,2,0,0,1.12,7.0,21.0
607,21/01/07,Betis,Santander,1,1,D,0,0,D,10,7,2,3,6,2,16,25,2,4,0,0,2.05,3.2,3.6
607,21/01/07,Getafe,Celta,1,0,H,1,0,H,8,10,2,3,2,2,27,17,3,1,0,1,2.1,3.2,3.5
607,21/01/07,La Coruna,Espanol,0,0,D,0,0,D,12,10,2,1,8,5,17,19,3,1,0,0,2.1,3.2,3.5
607,21/01/07,Levante,Ath Bilbao,0,0,D,0,0,D,14,7,2,3,10,1,21,21,1,1,0,0,2.3,3.25,3.0
607,21/01/07,Mallorca,Real Madrid,0,1,A,0,0,D,10,12,4,3,4,5,21,21,2,2,0,0,4.33,3.4,1.8
607,21/01/07,Sociedad,Valencia,0,1,A,0,1,A,11,11,1,2,3,6,17,15,2,2,0,0,3.6,3.1,2.1
607,21/01/07,Zaragoza,Recreativo,0,0,D,0,0,D,20,10,6,3,6,4,14,10,2,1,0,0,1.85,3.3,4.2
607,24/01/07,Betis,Barcelona,1,1,D,1,0,H,11,9,4,5,4,7,19,16,2,4,0,0,6.0,3.6,1.57
607,27/01/07,Ath Madrid,Santander,1,1,D,0,0,D,15,11,4,4,2,2,18,24,4,3,0,0,1.72,3.4,5.0
607,27/01/07,Villarreal,Real Madrid,1,0,H,0,0,D,16,6,4,3,7,1,22,29,3,1,0,0,3.75,3.2,2.0
607,28/01/07,Barcelona,Celta,3,1,H,1,0,H,15,4,9,2,5,2,15,23,1,4,0,1,1.28,4.75,11.0
607,28/01/07,Betis,Valencia,2,1,H,1,1,D,13,16,4,8,2,7,11,12,3,2,0,0,3.4,3.25,2.1
607,28/01/07,Getafe,Osasuna,2,0,H,2,0,H,13,7,7,2,7,5,12,15,2,2,0,1,1.83,3.25,4.5
607,28/01/07,Gimnastic,Espanol,4,0,H,4,0,H,15,9,6,4,6,13,28,26,2,3,0,0,3.1,3.2,2.25
607,28/01/07,Levante,Sevilla,2,4,A,0,1,A,12,9,4,3,7,6,23,15,2,3,0,0,4.0,3.25,1.9
607,28/01/07,Mallorca,Recreativo,2,1,H,2,0,H,15,5,7,2,18,3,17,17,2,3,1,0,2.3,3.25,3.0
607,28/01/07,Sociedad,Ath Bilbao,0,2,A,0,1,A,9,15,5,4,5,5,22,29,2,2,0,0,2.3,3.1,3.1
607,28/01/07,Zaragoza,La Coruna,1,1,D,0,1,A,24,5,11,2,11,2,10,16,0,3,0,1,1.9,3.25,4.0
607,03/02/07,Espanol,Zaragoza,1,2,A,0,0,D,11,15,2,6,9,4,22,25,2,2,0,0,2.5,3.2,2.75
607,03/02/07,La Coruna,Mallorca,1,0,H,1,0,H,12,15,3,2,4,3,19,16,4,4,0,0,2.0,3.2,3.75
607,03/02/07,Valencia,Ath Madrid,3,1,H,1,0,H,12,17,3,4,4,6,16,16,1,5,0,0,1.83,3.25,4.5
607,04/02/07,Ath Bilbao,Betis,1,2,A,0,1,A,11,5,3,2,7,3,18,18,4,4,0,0,2.15,3.2,3.4
607,04/02/07,Celta,Gimnastic,1,1,D,0,0,D,9,8,5,3,4,6,13,14,2,1,0,0,1.66,3.6,5.0
607,04/02/07,Osasuna,Barcelona,0,0,D,0,0,D,15,13,3,3,1,5,18,22,2,2,0,0,5.5,3.6,1.61
607,04/02/07,Real Madrid,Levante,0,1,A,0,1,A,18,6,6,2,13,2,14,17,3,4,0,0,1.28,5.0,10.0
607,04/02/07,Recreativo,Villarreal,2,1,H,1,0,H,9,10,3,2,2,6,20,15,0,1,0,1,2.37,3.2,2.9
607,04/02/07,Santander,Getafe,1,0,H,1,0,H,12,10,5,1,5,5,24,12,4,3,0,0,2.4,3.25,2.8
607,04/02/07,Sevilla,Sociedad,0,0,D,0,0,D,13,7,3,4,10,1,16,25,1,5,1,0,1.28,5.0,10.0
607,10/02/07,Betis,Sevilla,0,0,D,0,0,D,11,17,6,3,3,5,22,11,2,2,0,0,2.87,3.2,2.4
607,10/02/07,Sociedad,Real Madrid,1,2,A,1,1,D,13,7,4,3,7,2,16,31,2,5,0,0,4.33,3.3,1.83
607,11/02/07,Ath Madrid,Ath Bilbao,1,0,H,0,0,D,15,9,3,2,6,3,24,14,3,2,0,0,1.8,3.3,4.5
607,11/02/07,Barcelona,Santander,2,0,H,0,0,D,17,6,7,2,2,3,15,22,1,1,0,0,1.25,5.0,13.0
607,11/02/07,Celta,Espanol,0,2,A,0,1,A,25,13,8,6,10,5,12,17,0,4,1,0,2.25,3.1,3.2
607,11/02/07,Getafe,Valencia,3,0,H,0,0,D,16,13,5,5,8,6,8,16,3,2,0,0,2.87,3.2,2.4
607,11/02/07,Gimnastic,Osasuna,2,3,A,1,1,D,13,12,8,4,5,2,19,19,2,3,0,0,2.7,3.25,2.5
607,11/02/07,Levante,Recreativo,2,1,H,2,0,H,6,12,3,2,2,5,26,9,5,0,1,0,2.4,3.2,2.87
607,11/02/07,Mallorca,Zaragoza,2,1,H,0,0,D,16,13,4,3,6,3,18,18,5,5,0,0,2.75,3.2,2.5
607,11/02/07,Villarreal,La Coruna,0,2,A,0,1,A,16,11,5,4,6,3,15,19,2,2,0,0,2.1,3.2,3.5
607,17/02/07,Real Madrid,Betis,0,0,D,0,0,D,19,20,5,5,5,7,20,23,5,6,1,0,1.53,3.8,6.0
607,17/02/07,Zaragoza,Villarreal,1,0,H,1,0,H,15,16,9,3,9,7,20,12,3,1,0,0,1.9,3.25,4.0
607,18/02/07,Ath Bilbao,Getafe,2,0,H,1,0,H,10,8,4,3,2,8,22,12,4,3,0,0,2.4,3.2,2.87
607,18/02/07,Espanol,Mallorca,3,1,H,1,1,D,11,14,3,5,4,5,20,29,2,1,0,0,2.0,3.2,3.75
607,18/02/07,La Coruna,Levante,0,0,D,0,0,D,12,11,0,4,4,4,21,20,1,4,0,0,1.8,3.2,4.75
607,18/02/07,Osasuna,Celta,0,1,A,0,1,A,20,7,3,3,10,3,24,15,1,2,0,1,1.9,3.25,4.0
607,18/02/07,Recreativo,Sociedad,1,0,H,0,0,D,10,13,5,3,7,5,17,22,5,3,0,0,1.9,3.25,4.0
607,18/02/07,Santander,Gimnastic,4,1,H,0,0,D,15,7,6,2,4,2,20,18,1,1,0,0,1.66,3.4,5.5
607,18/02/07,Sevilla,Ath Madrid,3,1,H,2,0,H,8,17,5,9,5,4,16,17,3,4,1,0,1.9,3.2,4.0
607,18/02/07,Valencia,Barcelona,2,1,H,0,0,D,6,13,3,3,2,6,19,11,3,5,1,1,2.75,3.2,2.5
607,24/02/07,Ath Madrid,Real Madrid,1,1,D,1,0,H,21,6,7,3,11,3,15,28,2,5,0,1,2.6,3.3,2.37
607,24/02/07,Sociedad,La Coruna,0,1,A,0,1,A,18,5,3,1,4,3,14,23,1,3,0,0,2.5,3.0,2.62
607,25/02/07,Barcelona,Ath Bilbao,3,0,H,3,0,H,15,5,8,1,9,0,13,20,0,1,0,0,1.28,4.33,9.0
607,25/02/07,Betis,Recreativo,0,0,D,0,0,D,19,6,8,0,5,2,20,22,2,3,0,0,2.1,3.2,3.1
607,25/02/07,Celta,Santander,2,2,D,2,0,H,5,8,4,4,3,5,4,11,0,2,0,0,2.3,2.87,3.0
607,25/02/07,Getafe,Sevilla,0,0,D,0,0,D,13,12,5,4,6,8,20,21,4,2,0,0,2.75,3.2,2.3
607,25/02/07,Gimnastic,Valencia,1,1,D,0,0,D,10,11,3,4,7,7,21,21,6,2,0,0,4.75,3.75,1.57
607,25/02/07,Levante,Zaragoza,0,0,D,0,0,D,11,8,3,2,10,3,13,11,1,2,1,0,2.75,3.2,2.3
607,25/02/07,Osasuna,Espanol,0,2,A,0,1,A,13,7,2,5,11,5,20,18,3,2,0,1,2.25,3.0,3.0
607,25/02/07,Villarreal,Mallorca,2,1,H,1,1,D,17,12,6,6,5,2,19,21,4,4,0,0,1.83,3.3,3.75
607,03/03/07,Sevilla,Barcelona,2,1,H,1,1,D,14,9,6,5,5,2,19,20,2,2,1,2,2.6,3.1,2.7
607,03/03/07,Valencia,Celta,1,0,H,0,0,D,5,15,3,4,4,5,16,17,6,2,0,0,1.44,4.0,7.5
607,04/03/07,Ath Bilbao,Gimnastic,0,2,A,0,1,A,20,4,3,2,9,0,15,22,1,1,0,1,1.66,3.4,5.5
607,04/03/07,Espanol,Villarreal,1,1,D,1,0,H,11,20,3,8,4,7,14,12,2,1,0,0,2.1,3.2,3.5
607,04/03/07,La Coruna,Betis,0,1,A,0,0,D,12,16,1,3,5,1,14,11,3,2,0,0,2.1,3.2,3.5
607,04/03/07,Mallorca,Levante,3,1,H,0,0,D,20,7,9,1,3,1,19,25,4,3,0,0,2.1,3.2,3.5
607,04/03/07,Real Madrid,Getafe,1,1,D,1,1,D,22,12,8,2,7,3,18,21,4,3,0,0,1.66,3.4,5.5
607,04/03/07,Recreativo,Ath Madrid,1,0,H,1,0,H,4,14,1,3,1,9,20,18,1,2,0,0,2.62,3.2,2.6
607,04/03/07,Santander,Osasuna,1,0,H,0,0,D,12,8,7,0,5,4,20,25,2,4,0,0,2.2,3.2,3.25
607,04/03/07,Zaragoza,Sociedad,3,2,H,0,1,A,24,9,6,5,9,6,15,16,1,2,0,0,1.53,3.6,6.5
607,10/03/07,Barcelona,Real Madrid,3,3,D,2,2,D,18,13,9,7,2,3,23,23,3,5,1,0,1.72,3.5,4.75
607,10/03/07,Levante,Villarreal,0,2,A,0,1,A,17,13,6,6,7,1,26,24,2,3,0,0,2.4,3.2,2.87
607,11/03/07,Ath Madrid,La Coruna,2,0,H,1,0,H,15,15,5,5,7,5,19,16,0,1,0,0,1.9,3.25,4.0
607,11/03/07,Betis,Zaragoza,1,1,D,1,1,D,14,9,4,2,7,2,20,15,2,5,1,0,2.4,3.2,2.87
607,11/03/07,Celta,Ath Bilbao,1,1,D,1,0,H,15,8,6,4,4,4,20,25,0,3,1,0,2.15,3.2,3.3
607,11/03/07,Getafe,Recreativo,1,1,D,1,1,D,12,18,3,7,8,6,21,14,2,3,0,0,2.0,3.2,3.75
607,11/03/07,Gimnastic,Sevilla,1,0,H,0,0,D,9,13,3,6,7,9,21,16,2,3,0,0,6.0,3.8,1.53
607,11/03/07,Osasuna,Valencia,1,1,D,1,0,H,10,12,5,6,3,5,19,18,2,5,0,0,3.2,3.1,2.25
607,11/03/07,Santander,Espanol,1,1,D,1,1,D,14,9,5,5,6,2,20,23,2,1,0,0,2.2,3.2,3.25
607,11/03/07,Sociedad,Mallorca,3,1,H,2,1,H,13,18,8,4,6,6,16,14,2,1,1,0,2.3,3.2,3.0
607,17/03/07,Ath Bilbao,Osasuna,0,3,A,0,1,A,12,11,5,3,5,3,19,21,2,2,1,0,2.25,3.2,3.1
607,17/03/07,Mallorca,Betis,2,0,H,2,0,H,13,8,7,2,8,2,21,23,4,2,0,0,2.3,3.1,3.1
607,17/03/07,Recreativo,Barcelona,0,4,A,0,3,A,13,11,6,6,3,2,10,10,1,2,0,0,5.5,3.6,1.61
607,17/03/07,Valencia,Santander,0,2,A,0,1,A,15,10,3,5,10,3,16,18,3,1,0,0,1.53,3.6,6.5
607,18/03/07,Espanol,Levante,1,1,D,1,1,D,5,14,1,2,2,8,9,16,0,3,0,0,1.83,3.25,4.5
607,18/03/07,La Coruna,Getafe,1,0,H,0,0,D,9,15,3,3,3,5,20,15,5,2,1,0,2.3,3.1,3.1
607,18/03/07,Real Madrid,Gimnastic,2,0,H,0,0,D,20,6,8,0,5,0,24,13,2,2,0,1,1.3,4.75,10.0
607,18/03/07,Sevilla,Celta,2,0,H,0,0,D,25,13,6,2,7,4,14,18,0,3,0,1,1.4,4.33,7.5
607,18/03/07,Villarreal,Sociedad,1,1,D,0,1,A,6,7,4,4,3,6,8,22,1,2,0,0,1.72,3.5,4.75
607,18/03/07,Zaragoza,Ath Madrid,1,0,H,1,0,H,6,12,2,4,9,6,18,17,4,2,0,0,2.25,3.2,3.1
607,31/03/07,Barcelona,La Coruna,2,1,H,1,0,H,19,13,6,3,4,6,19,24,3,2,0,0,1.33,4.5,9.5
607,31/03/07,Betis,Villarreal,3,3,D,1,1,D,16,11,7,5,8,2,25,16,2,1,0,0,2.2,3.1,3.4
607,31/03/07,Sociedad,Levante,1,0,H,1,0,H,9,7,5,1,4,3,16,22,2,2,0,1,2.1,3.25,3.4
607,31/03/07,Valencia,Espanol,3,2,H,2,1,H,11,11,7,4,6,7,19,14,5,5,0,0,1.72,3.4,5.0
607,01/04/07,Ath Madrid,Mallorca,1,1,D,1,0,H,16,9,3,1,7,2,24,16,6,4,1,0,1.66,3.4,5.5
607,01/04/07,Celta,Real Madrid,1,2,A,1,1,D,17,8,5,6,8,0,11,20,5,5,0,1,3.8,3.4,1.9
607,01/04/07,Getafe,Zaragoza,2,2,D,1,2,A,18,11,8,3,8,5,19,23,2,3,1,0,2.4,3.2,2.87
607,01/04/07,Gimnastic,Recreativo,1,1,D,1,1,D,11,14,3,6,5,5,19,24,6,1,1,0,2.6,3.2,2.6
607,01/04/07,Osasuna,Sevilla,0,0,D,0,0,D,12,18,2,2,7,6,17,17,5,2,0,0,3.2,3.25,2.2
607,01/04/07,Santander,Ath Bilbao,5,4,H,0,1,A,19,13,6,6,6,3,18,23,4,4,0,0,2.0,3.25,3.75
607,07/04/07,Ath Bilbao,Valencia,1,0,H,1,0,H,8,11,5,4,4,5,27,14,3,3,0,0,3.25,3.2,2.2
607,07/04/07,Zaragoza,Barcelona,1,0,H,0,0,D,14,8,5,4,2,5,25,24,3,6,0,0,3.6,3.3,2.0
607,08/04/07,Espanol,Sociedad,1,0,H,0,0,D,15,4,5,1,3,3,23,23,2,2,0,0,1.83,3.3,4.33
607,08/04/07,La Coruna,Gimnastic,1,0,H,0,0,D,13,13,2,0,3,4,14,13,2,2,1,0,1.7,3.5,5.0
607,08/04/07,Levante,Betis,1,1,D,1,0,H,12,13,4,6,6,5,20,22,2,1,0,0,2.3,3.1,3.1
607,08/04/07,Mallorca,Getafe,2,0,H,0,0,D,17,9,5,2,3,4,16,24,1,2,0,0,2.3,3.1,3.1
607,08/04/07,Real Madrid,Osasuna,2,0,H,1,0,H,17,9,8,2,9,8,18,13,0,2,0,0,1.5,3.75,7.0
607,08/04/07,Recreativo,Celta,4,2,H,1,0,H,18,14,9,6,6,3,22,21,2,3,0,0,2.05,3.25,3.6
607,08/04/07,Sevilla,Santander,0,0,D,0,0,D,17,10,5,1,11,2,18,20,2,1,0,0,1.57,3.6,6.0
607,08/04/07,Villarreal,Ath Madrid,0,1,A,0,1,A,11,11,1,7,3,5,22,25,5,5,1,0,2.3,3.1,3.1
607,14/04/07,Betis,Sociedad,0,1,A,0,1,A,16,3,6,1,6,1,23,15,4,2,0,0,1.95,3.3,3.8
607,14/04/07,Santander,Real Madrid,2,1,H,0,1,A,15,11,5,4,9,3,16,16,4,2,0,2,3.8,3.3,1.95
607,15/04/07,Ath Bilbao,Espanol,2,1,H,0,1,A,13,11,5,6,5,3,23,16,2,2,0,0,2.1,3.2,3.2
607,15/04/07,Ath Madrid,Levante,1,0,H,0,0,D,9,11,5,1,3,1,23,17,1,3,0,0,1.57,3.6,6.0
607,15/04/07,Barcelona,Mallorca,1,0,H,0,0,D,24,5,4,3,7,0,16,15,1,2,0,0,1.22,5.5,13.0
607,15/04/07,Celta,La Coruna,1,0,H,0,0,D,15,9,5,3,10,4,27,13,3,3,0,0,2.15,3.2,3.4
607,15/04/07,Getafe,Villarreal,3,0,H,1,0,H,12,11,5,4,3,8,23,17,0,2,0,1,2.2,3.2,3.25
607,15/04/07,Gimnastic,Zaragoza,1,0,H,0,0,D,9,7,4,1,6,6,21,15,3,4,0,0,3.8,3.3,1.95
607,15/04/07,Osasuna,Recreativo,1,1,D,0,0,D,13,10,3,2,13,6,16,14,2,1,0,0,2.25,3.2,3.1
607,15/04/07,Valencia,Sevilla,2,0,H,1,0,H,15,13,5,5,5,4,16,10,1,1,0,1,2.05,3.2,3.75
607,21/04/07,Real Madrid,Valencia,2,1,H,1,0,H,10,15,4,3,4,4,16,8,2,2,0,0,2.05,3.2,3.6
607,21/04/07,Sociedad,Ath Madrid,2,0,H,1,0,H,14,15,6,4,8,5,23,23,1,3,0,2,2.87,3.2,2.4
607,22/04/07,Espanol,Betis,2,2,D,1,1,D,14,16,4,7,3,7,19,28,1,2,1,3,2.25,3.1,3.2
607,22/04/07,La Coruna,Osasuna,1,0,H,0,0,D,8,13,2,4,3,5,22,20,3,3,0,0,2.0,3.2,3.75
607,22/04/07,Levante,Getafe,1,1,D,1,0,H,14,7,5,2,10,4,15,12,4,1,1,0,2.15,3.1,3.5
607,22/04/07,Mallorca,Gimnastic,1,0,H,1,0,H,10,10,2,2,3,5,21,17,1,4,0,0,1.75,3.4,4.75
607,22/04/07,Recreativo,Santander,4,2,H,3,1,H,10,9,6,4,10,8,16,23,2,3,0,1,2.25,3.2,3.1
607,22/04/07,Sevilla,Ath Bilbao,4,1,H,0,0,D,20,8,5,4,5,3,10,18,1,3,0,0,1.53,3.6,6.5
607,22/04/07,Villarreal,Barcelona,2,0,H,0,0,D,9,15,5,7,4,8,15,14,2,2,0,0,4.33,3.4,1.83
607,22/04/07,Zaragoza,Celta,2,0,H,0,0,D,12,10,5,3,3,3,15,14,2,4,0,0,1.75,3.3,5.0
607,28/04/07,Ath Madrid,Betis,0,0,D,0,0,D,22,9,8,0,9,2,16,18,2,1,0,0,1.72,3.4,5.0
607,28/04/07,Valencia,Recreativo,2,0,H,0,0,D,17,8,3,2,7,3,14,15,4,3,0,0,1.53,3.8,6.0
607,29/04/07,Ath Bilbao,Real Madrid,1,4,A,0,2,A,21,11,8,6,4,1,22,25,2,2,0,0,4.0,3.5,1.83
607,29/04/07,Barcelona,Levante,1,0,H,1,0,H,16,9,8,2,3,2,13,23,2,4,0,0,1.16,6.5,15.0
607,29/04/07,Celta,Mallorca,0,3,A,0,2,A,12,13,7,7,7,2,17,19,1,1,0,0,1.95,3.25,3.8
607,29/04/07,Getafe,Sociedad,1,0,H,0,0,D,15,11,4,4,2,2,18,14,4,3,0,0,2.0,3.3,3.6
607,29/04/07,Gimnastic,Villarreal,0,3,A,0,1,A,11,10,2,8,8,1,21,14,1,3,0,0,2.8,3.1,2.5
607,29/04/07,Osasuna,Zaragoza,2,2,D,1,1,D,14,15,8,5,6,4,19,21,4,2,0,0,2.8,3.1,2.5
607,29/04/07,Santander,La Coruna,0,0,D,0,0,D,14,14,1,4,9,1,20,13,2,2,0,0,1.95,3.25,3.8
607,29/04/07,Sevilla,Espanol,3,1,H,0,0,D,16,6,8,2,9,5,13,21,1,3,0,0,1.44,4.0,7.5
607,05/05/07,La Coruna,Valencia,1,2,A,0,1,A,10,9,2,2,3,7,17,14,5,3,0,0,3.0,3.1,2.37
607,05/05/07,Sociedad,Barcelona,0,2,A,0,0,D,8,12,1,6,4,9,24,12,4,2,0,0,6.0,3.8,1.53
607,06/05/07,Betis,Getafe,0,2,A,0,2,A,9,9,1,7,5,1,20,12,2,3,0,0,2.0,3.1,4.0
607,06/05/07,Espanol,Ath Madrid,2,1,H,1,0,H,8,19,3,4,1,4,11,20,2,3,1,0,2.7,3.1,2.6
607,06/05/07,Levante,Gimnastic,2,0,H,2,0,H,15,5,4,2,4,2,26,18,2,3,0,0,1.72,3.4,5.0
607,06/05/07,Mallorca,Osasuna,3,1,H,1,0,H,17,10,6,2,9,1,16,15,1,3,0,0,2.0,3.3,3.6
607,06/05/07,Real Madrid,Sevilla,3,2,H,0,1,A,14,13,6,4,6,2,18,22,3,2,1,2,2.0,3.3,3.6
607,06/05/07,Recreativo,Ath Bilbao,0,0,D,0,0,D,17,7,8,0,12,2,11,23,1,5,0,1,2.05,3.25,3.5
607,06/05/07,Villarreal,Celta,1,0,H,0,0,D,7,8,3,3,7,5,17,27,1,1,0,0,2.1,3.25,3.4
607,06/05/07,Zaragoza,Santander,0,0,D,0,0,D,7,10,1,1,5,7,15,25,1,2,0,0,1.72,3.4,5.0
607,12/05/07,Real Madrid,Espanol,4,3,H,1,3,A,23,10,12,5,7,2,16,20,2,4,0,0,1.25,5.0,13.0
607,12/05/07,Sevilla,Recreativo,2,1,H,1,0,H,16,15,8,5,10,4,22,21,5,2,0,0,1.57,3.6,6.0
607,13/05/07,Ath Bilbao,La Coruna,1,1,D,0,0,D,7,8,2,2,8,3,20,22,3,3,1,1,1.9,3.25,4.0
607,13/05/07,Barcelona,Betis,1,1,D,1,0,H,18,4,3,3,7,5,21,24,2,3,0,0,1.2,5.75,15.0
607,13/05/07,Celta,Levante,1,2,A,0,1,A,20,8,6,3,7,3,14,23,5,4,0,0,1.9,3.25,4.0
607,13/05/07,Getafe,Ath Madrid,1,4,A,0,2,A,15,15,6,7,8,5,23,20,4,6,0,0,2.4,3.2,2.87
607,13/05/07,Gimnastic,Sociedad,1,3,A,1,2,A,13,14,5,7,4,2,22,15,1,4,0,0,2.6,3.4,2.5
607,13/05/07,Osasuna,Villarreal,1,4,A,1,1,D,21,11,5,8,3,3,15,19,3,3,0,0,2.3,3.25,3.0
607,13/05/07,Santander,Mallorca,0,2,A,0,0,D,14,12,5,6,13,4,17,21,3,3,1,0,1.95,3.3,3.8
607,13/05/07,Valencia,Zaragoza,2,0,H,2,0,H,19,13,8,1,7,4,13,18,2,5,0,0,1.72,3.5,4.75
607,19/05/07,Betis,Gimnastic,1,1,D,0,0,D,17,9,8,3,7,6,24,21,3,1,1,0,1.44,4.2,7.0
607,19/05/07,Mallorca,Valencia,0,1,A,0,0,D,9,8,3,3,6,9,9,16,3,2,0,0,3.6,3.3,2.0
607,19/05/07,Zaragoza,Ath Bilbao,4,3,H,4,1,H,16,12,12,7,4,4,18,13,3,1,0,0,1.8,3.4,4.33
607,20/05/07,Ath Madrid,Barcelona,0,6,A,0,3,A,17,20,7,11,10,6,15,11,2,0,1,0,3.6,3.3,2.0
607,20/05/07,Espanol,Getafe,1,5,A,1,2,A,13,11,5,6,2,6,12,21,0,2,0,0,2.25,3.2,3.1
607,20/05/07,La Coruna,Sevilla,1,2,A,0,0,D,14,13,4,6,3,6,22,11,4,3,0,0,3.6,3.3,2.0
607,20/05/07,Levante,Osasuna,1,4,A,1,3,A,19,13,5,7,0,4,16,17,1,2,1,0,2.25,3.1,3.2
607,20/05/07,Recreativo,Real Madrid,2,3,A,0,1,A,7,12,4,4,1,5,16,15,1,2,0,0,5.0,3.6,1.66
607,20/05/07,Sociedad,Celta,3,1,H,0,1,A,9,19,3,7,1,14,21,20,2,2,0,0,2.0,3.3,3.6
607,20/05/07,Villarreal,Santander,2,1,H,1,0,H,9,16,4,3,3,2,17,19,1,4,0,0,1.66,3.6,5.0
607,26/05/07,Barcelona,Getafe,1,0,H,1,0,H,12,9,5,3,4,3,14,22,3,5,1,0,1.22,5.5,13.0
607,26/05/07,Real Madrid,La Coruna,3,1,H,1,0,H,11,19,4,8,4,5,20,19,1,4,0,0,1.22,5.5,13.0
607,26/05/07,Valencia,Villarreal,2,3,A,1,1,D,14,12,7,5,9,1,15,15,4,4,0,0,1.61,3.6,5.5
607,27/05/07,Ath Bilbao,Mallorca,1,0,H,0,0,D,7,9,2,2,6,5,11,18,1,3,0,0,1.57,3.8,5.5
607,27/05/07,Celta,Betis,2,1,H,1,1,D,10,7,4,2,5,5,25,19,4,6,0,1,2.3,3.25,3.0
607,27/05/07,Gimnastic,Ath Madrid,0,2,A,0,1,A,16,9,5,3,13,4,20,20,3,3,1,0,4.5,3.6,1.72
607,27/05/07,Osasuna,Sociedad,2,0,H,2,0,H,14,18,2,0,11,9,17,16,1,2,0,0,3.2,3.25,2.2
607,27/05/07,Recreativo,Espanol,0,1,A,0,0,D,16,6,4,2,8,8,22,20,1,6,1,0,2.0,3.3,3.6
607,27/05/07,Santander,Levante,2,3,A,1,2,A,14,13,6,5,5,3,17,24,2,5,0,0,2.05,3.3,3.5
607,27/05/07,Sevilla,Zaragoza,3,1,H,1,0,H,23,8,11,3,12,4,15,18,3,3,0,1,1.57,4.0,5.25
607,09/06/07,Ath Madrid,Celta,2,3,A,1,1,D,19,18,4,10,6,7,20,17,2,6,1,0,1.66,3.6,5.0
607,09/06/07,Barcelona,Espanol,2,2,D,1,1,D,25,8,6,5,11,1,20,21,2,4,0,0,1.22,5.5,13.0
607,09/06/07,Betis,Osasuna,0,5,A,0,1,A,16,9,4,5,10,2,23,10,2,3,0,0,1.66,3.6,5.0
607,09/06/07,Levante,Valencia,4,2,H,2,1,H,17,6,9,3,6,3,20,16,3,3,1,3,3.2,3.25,2.2
607,09/06/07,Mallorca,Sevilla,0,0,D,0,0,D,20,12,7,5,5,2,19,17,2,4,0,1,5.5,3.8,1.57
607,09/06/07,Sociedad,Santander,0,0,D,0,0,D,16,4,3,1,9,6,13,19,2,7,0,2,1.57,3.8,5.5
607,09/06/07,Villarreal,Ath Bilbao,3,1,H,2,1,H,7,13,2,3,2,7,12,9,2,1,0,0,1.66,3.6,5.0
607,09/06/07,Zaragoza,Real Madrid,2,2,D,1,0,H,9,19,5,7,0,8,19,19,3,3,0,0,4.75,3.75,1.66
607,10/06/07,Getafe,Gimnastic,0,1,A,0,0,D,15,6,6,1,4,2,20,20,3,0,0,0,1.4,4.33,7.5
607,10/06/07,La Coruna,Recreativo,2,5,A,0,2,A,21,16,5,10,12,3,9,13,2,0,0,0,2.05,3.3,3.5
607,17/06/07,Ath Bilbao,Levante,2,0,H,0,0,D,19,6,6,2,12,4,13,18,3,2,0,0,1.33,5.25,8.5
607,17/06/07,Celta,Getafe,2,1,H,1,1,D,10,15,3,3,2,8,22,26,2,1,0,0,1.4,4.75,6.5
607,17/06/07,Espanol,La Coruna,1,3,A,0,0,D,13,15,6,5,5,9,23,12,2,2,0,1,1.8,3.5,4.2
607,17/06/07,Gimnastic,Barcelona,1,5,A,0,3,A,10,23,2,12,2,6,23,8,1,0,0,0,13.0,7.0,1.16
607,17/06/07,Osasuna,Ath Madrid,1,2,A,0,1,A,19,7,9,5,14,1,10,15,1,2,0,0,3.2,3.5,2.1
607,17/06/07,Real Madrid,Mallorca,3,1,H,0,1,A,17,6,7,1,6,2,18,21,4,3,0,0,1.12,9.0,17.0
607,17/06/07,Recreativo,Zaragoza,1,1,D,1,0,H,11,10,5,3,6,4,6,16,0,4,0,1,3.25,3.0,2.3
607,17/06/07,Santander,Betis,0,2,A,0,0,D,9,17,1,3,0,5,16,16,1,3,0,0,3.4,3.5,2.0
607,17/06/07,Sevilla,Villarreal,0,1,A,0,0,D,12,13,3,5,3,3,12,19,3,3,0,0,1.85,3.6,3.8
607,17/06/07,Valencia,Sociedad,3,3,D,2,2,D,16,13,7,3,8,6,19,19,1,2,0,0,2.15,3.5,3.1
708,25/08/07,Real Madrid,Ath Madrid,2,1,H,1,1,D,20,20,7,9,13,4,24,20,3,2,0,0,1.72,3.5,4.75
708,25/08/07,Sevilla,Getafe,4,1,H,0,1,A,29,7,10,3,8,4,12,17,1,2,0,2,1.4,4.0,9.0
708,26/08/07,Ath Bilbao,Osasuna,0,0,D,0,0,D,14,10,2,2,6,4,16,16,3,2,1,0,2.05,3.2,3.6
708,26/08/07,Espanol,Valladolid,0,1,A,0,0,D,7,17,3,5,8,4,17,21,3,2,0,0,1.83,3.25,4.5
708,26/08/07,La Coruna,Almeria,0,3,A,0,2,A,7,13,0,7,6,5,9,20,0,2,0,0,1.72,3.4,5.0
708,26/08/07,Mallorca,Levante,3,0,H,1,0,H,8,5,5,1,4,1,11,25,0,3,0,0,1.9,3.1,4.33
708,26/08/07,Murcia,Zaragoza,2,1,H,1,1,D,8,5,6,2,1,0,0,2,1,1,0,1,3.4,3.2,2.15
708,26/08/07,Recreativo,Betis,1,1,D,1,1,D,15,13,4,4,7,4,16,14,0,2,0,0,2.2,3.2,3.25
708,26/08/07,Santander,Barcelona,0,0,D,0,0,D,14,13,5,3,4,8,13,11,1,1,1,0,7.5,4.0,1.44
708,26/08/07,Valencia,Villarreal,0,3,A,0,1,A,4,7,1,6,5,0,16,13,1,1,2,0,1.72,3.4,5.0
708,01/09/07,Levante,Murcia,0,0,D,0,0,D,3,7,0,2,4,4,21,32,5,3,0,0,2.2,3.2,3.25
708,01/09/07,Zaragoza,Santander,1,1,D,0,0,D,14,12,4,2,8,4,9,12,2,3,0,0,1.66,3.6,5.0
708,02/09/07,Almeria,Valencia,1,2,A,0,0,D,11,4,4,3,5,2,23,22,3,2,0,0,3.2,3.1,2.25
708,02/09/07,Ath Madrid,Mallorca,1,1,D,0,1,A,22,7,5,2,7,1,16,19,4,3,0,0,1.72,3.4,5.0
708,02/09/07,Barcelona,Ath Bilbao,3,1,H,2,0,H,16,9,6,5,4,4,20,15,1,2,1,1,1.16,6.5,15.0
708,02/09/07,Betis,Espanol,2,2,D,0,2,A,15,12,8,5,3,5,16,22,0,1,0,0,2.05,3.25,3.6
708,02/09/07,Getafe,Recreativo,1,1,D,0,0,D,10,13,4,4,7,7,12,23,0,5,1,0,2.1,3.25,3.4
708,02/09/07,Valladolid,La Coruna,2,2,D,1,0,H,14,6,6,3,14,2,21,14,1,2,0,0,2.1,3.2,3.5
708,02/09/07,Villarreal,Real Madrid,0,5,A,0,1,A,17,12,6,6,7,3,15,16,2,0,0,0,2.87,3.25,2.37
708,15/09/07,Ath Bilbao,Zaragoza,1,1,D,1,1,D,12,16,5,6,4,7,24,19,4,4,0,0,2.4,3.25,2.9
708,15/09/07,Real Madrid,Almeria,3,1,H,1,0,H,11,21,6,8,4,9,18,16,3,1,0,1,1.18,6.75,15.0
708,15/09/07,Valencia,Valladolid,2,1,H,1,1,D,12,10,5,2,2,7,11,24,1,2,0,0,1.5,4.0,6.75
708,16/09/07,Espanol,Getafe,1,0,H,0,0,D,20,14,7,3,4,6,20,10,7,1,0,1,2.1,3.3,3.5
708,16/09/07,La Coruna,Betis,1,0,H,1,0,H,22,12,4,4,5,6,14,24,1,3,0,0,2.3,3.1,3.25
708,16/09/07,Mallorca,Villarreal,0,1,A,0,0,D,10,13,1,5,6,4,15,9,2,2,0,0,2.37,3.25,3.0
708,16/09/07,Murcia,Ath Madrid,1,1,D,0,1,A,11,6,4,2,10,2,18,17,5,3,0,0,3.1,3.25,2.3
708,16/09/07,Osasuna,Barcelona,0,0,D,0,0,D,7,9,2,3,2,1,19,18,3,2,0,0,6.25,4.0,1.53
708,16/09/07,Santander,Levante,1,0,H,1,0,H,11,12,4,5,2,7,21,14,1,1,0,0,1.9,3.3,4.2
708,16/09/07,Sevilla,Recreativo,4,1,H,2,0,H,18,11,5,3,6,6,12,14,1,0,0,1,1.4,4.5,8.0
708,22/09/07,Barcelona,Sevilla,2,1,H,0,0,D,15,6,6,2,6,1,22,19,3,5,0,0,1.66,3.75,5.0
708,22/09/07,Recreativo,Espanol,2,1,H,0,1,A,10,7,4,4,6,2,18,18,2,5,0,0,2.37,3.25,3.0
708,23/09/07,Almeria,Mallorca,1,1,D,1,0,H,14,20,4,7,9,6,25,10,1,1,0,0,2.37,3.25,3.0
708,23/09/07,Ath Madrid,Santander,4,0,H,1,0,H,14,5,9,1,4,3,24,20,3,3,0,1,1.72,3.4,5.25
708,23/09/07,Betis,Valencia,1,2,A,0,0,D,15,17,1,4,10,5,21,13,2,0,0,0,3.0,3.25,2.37
708,23/09/07,Getafe,La Coruna,0,0,D,0,0,D,19,7,3,4,9,1,15,21,1,2,0,0,2.1,3.2,3.6
708,23/09/07,Levante,Ath Bilbao,1,2,A,0,1,A,15,15,3,6,9,3,16,25,5,2,0,1,2.37,3.25,3.0
708,23/09/07,Valladolid,Real Madrid,1,1,D,0,0,D,14,11,4,3,9,4,20,19,2,1,0,0,6.0,3.6,1.61
708,23/09/07,Villarreal,Murcia,2,0,H,0,0,D,7,9,4,2,6,4,14,23,1,4,0,0,1.66,3.5,5.5
708,23/09/07,Zaragoza,Osasuna,2,1,H,1,1,D,18,10,8,4,5,4,17,21,3,4,0,0,1.8,3.5,4.5
708,25/09/07,Sevilla,Espanol,2,3,A,0,1,A,22,8,7,5,5,1,14,18,2,3,0,0,1.44,4.0,8.5
708,26/09/07,Ath Bilbao,Ath Madrid,0,2,A,0,1,A,14,9,4,4,10,5,17,22,3,5,0,0,2.87,3.2,2.5
708,26/09/07,Barcelona,Zaragoza,4,1,H,4,1,H,25,5,13,3,12,0,8,17,2,3,0,0,1.33,4.75,10.0
708,26/09/07,La Coruna,Recreativo,0,2,A,0,1,A,10,14,3,3,6,4,10,20,0,0,0,0,2.0,3.3,3.8
708,26/09/07,Mallorca,Valladolid,4,2,H,0,2,A,25,12,8,4,13,6,14,14,1,3,0,0,2.05,3.3,3.6
708,26/09/07,Murcia,Almeria,0,1,A,0,1,A,7,11,3,6,5,9,22,18,3,2,2,0,2.1,3.25,3.6
708,26/09/07,Osasuna,Levante,4,1,H,1,1,D,14,13,7,5,7,4,12,18,1,3,0,0,1.72,3.5,5.25
708,26/09/07,Santander,Villarreal,0,2,A,0,1,A,13,7,5,2,5,3,17,18,0,4,1,0,2.7,3.25,2.6
708,26/09/07,Valencia,Getafe,2,1,H,2,0,H,13,24,10,7,6,10,23,14,3,2,0,0,1.44,4.2,7.5
708,27/09/07,Real Madrid,Betis,2,0,H,0,0,D,15,13,8,3,4,4,15,20,1,2,0,0,1.25,5.5,12.0
708,29/09/07,Levante,Barcelona,1,4,A,0,2,A,7,15,3,9,2,3,15,14,5,0,0,0,8.0,4.5,1.4
708,29/09/07,Zaragoza,Sevilla,2,0,H,0,0,D,9,13,2,4,6,4,14,16,1,1,0,0,2.8,3.25,2.5
708,30/09/07,Almeria,Santander,0,1,A,0,1,A,11,7,3,3,4,4,12,24,3,1,0,0,2.1,3.25,3.5
708,30/09/07,Ath Madrid,Osasuna,2,0,H,1,0,H,23,7,6,2,6,5,15,14,3,2,0,0,1.66,3.75,5.0
708,30/09/07,Betis,Mallorca,3,0,H,0,0,D,20,9,11,3,9,4,10,7,2,1,0,2,2.2,3.3,3.2
708,30/09/07,Espanol,La Coruna,1,0,H,1,0,H,7,15,2,5,3,3,33,21,1,1,0,0,1.83,3.4,4.5
708,30/09/07,Getafe,Real Madrid,0,1,A,0,0,D,26,14,6,5,10,2,18,22,2,3,0,0,5.0,3.6,1.72
708,30/09/07,Recreativo,Valencia,0,1,A,0,1,A,10,5,2,1,3,4,19,25,6,6,1,0,3.0,3.25,2.4
708,30/09/07,Valladolid,Murcia,1,4,A,0,1,A,7,19,2,8,2,8,20,17,1,2,2,0,1.72,3.5,5.0
708,30/09/07,Villarreal,Ath Bilbao,1,0,H,0,0,D,17,12,7,5,4,8,18,15,4,1,0,0,1.61,3.6,6.0
708,06/10/07,Valencia,Espanol,1,2,A,1,1,D,9,14,3,6,3,8,14,20,1,4,0,0,1.57,3.75,6.25
708,07/10/07,Ath Bilbao,Almeria,1,1,D,1,0,H,5,16,1,6,5,5,20,25,4,3,1,0,2.0,3.3,3.8
708,07/10/07,Barcelona,Ath Madrid,3,0,H,2,0,H,17,8,10,3,5,5,11,16,1,4,0,0,1.44,4.2,7.5
708,07/10/07,Mallorca,Getafe,4,2,H,0,1,A,11,16,5,6,2,5,22,18,4,2,1,0,2.1,3.2,3.6
708,07/10/07,Murcia,Betis,0,0,D,0,0,D,14,10,5,2,9,3,15,23,0,4,0,0,2.4,3.25,2.9
708,07/10/07,Osasuna,Villarreal,3,2,H,2,2,D,10,7,3,3,6,7,21,14,1,4,2,0,2.8,3.25,2.5
708,07/10/07,Real Madrid,Recreativo,2,0,H,0,0,D,13,14,4,3,4,7,9,23,1,7,0,0,1.25,5.5,12.0
708,07/10/07,Santander,Valladolid,2,0,H,0,0,D,7,12,5,4,2,5,17,21,3,2,0,1,2.1,3.3,3.5
708,07/10/07,Sevilla,La Coruna,0,1,A,0,0,D,13,11,4,3,7,4,21,16,4,2,0,0,1.44,4.2,7.5
708,07/10/07,Zaragoza,Levante,3,0,H,0,0,D,18,6,6,3,8,2,16,10,1,2,0,0,1.44,4.2,7.5
708,20/10/07,Espanol,Real Madrid,2,1,H,1,0,H,16,9,5,4,6,2,29,16,2,3,0,0,3.6,3.3,2.05
708,20/10/07,La Coruna,Valencia,2,4,A,1,3,A,18,6,3,6,6,2,14,22,2,0,0,1,3.1,3.25,2.3
708,20/10/07,Levante,Sevilla,0,2,A,0,2,A,5,15,1,7,5,3,18,14,3,2,0,0,5.75,3.7,1.61
708,20/10/07,Villarreal,Barcelona,3,1,H,3,1,H,8,13,4,6,0,9,13,21,1,3,0,0,4.2,3.5,1.85
708,21/10/07,Almeria,Osasuna,2,0,H,0,0,D,13,10,5,3,6,5,17,11,2,2,0,1,2.37,3.25,3.0
708,21/10/07,Ath Madrid,Zaragoza,4,0,H,2,0,H,17,10,8,3,3,6,14,15,3,5,0,0,1.9,3.4,4.0
708,21/10/07,Betis,Santander,1,1,D,0,0,D,12,25,1,5,6,5,12,11,3,3,1,0,2.0,3.3,3.75
708,21/10/07,Getafe,Murcia,2,0,H,0,0,D,6,7,2,2,5,6,18,21,2,3,1,0,2.0,3.3,3.75
708,21/10/07,Recreativo,Mallorca,0,2,A,0,1,A,18,11,4,4,7,2,19,21,2,0,0,0,2.37,3.25,3.0
708,21/10/07,Valladolid,Ath Bilbao,1,2,A,0,2,A,21,7,7,2,13,3,12,21,1,5,0,0,2.25,3.25,3.2
708,27/10/07,Ath Bilbao,Betis,0,0,D,0,0,D,17,6,4,4,11,2,17,19,5,4,0,0,2.1,3.25,3.6
708,27/10/07,Mallorca,Espanol,2,2,D,1,2,A,16,8,6,1,8,1,19,26,6,2,1,1,2.3,3.25,3.1
708,27/10/07,Real Madrid,La Coruna,3,1,H,1,1,D,20,11,10,2,4,5,17,14,4,3,0,1,1.3,5.0,11.0
708,28/10/07,Barcelona,Almeria,2,0,H,1,0,H,14,7,6,3,11,0,16,12,2,3,0,0,1.18,6.5,15.0
708,28/10/07,Levante,Ath Madrid,0,1,A,0,1,A,7,13,2,5,10,6,15,12,3,1,0,0,5.0,3.8,1.66
708,28/10/07,Murcia,Recreativo,1,0,H,0,0,D,9,8,1,2,3,6,16,20,3,3,0,0,2.3,3.25,3.1
708,28/10/07,Osasuna,Valladolid,2,2,D,0,1,A,12,13,3,4,5,5,22,18,4,3,1,0,1.8,3.6,4.2
708,28/10/07,Santander,Getafe,2,0,H,1,0,H,16,14,5,2,1,7,22,13,2,1,0,0,2.1,3.25,3.6
708,28/10/07,Sevilla,Valencia,3,0,H,1,0,H,18,2,5,0,6,2,18,23,3,6,0,0,2.3,3.25,3.1
708,28/10/07,Zaragoza,Villarreal,4,1,H,1,0,H,15,11,6,4,3,5,23,5,2,0,1,0,2.4,3.3,2.87
708,31/10/07,Almeria,Zaragoza,0,1,A,0,0,D,19,14,6,4,10,5,10,12,1,4,0,0,2.7,3.3,2.6
708,31/10/07,Ath Madrid,Sevilla,4,3,H,2,2,D,9,11,8,3,0,8,22,21,3,3,0,0,2.3,3.3,3.1
708,31/10/07,Betis,Osasuna,0,3,A,0,1,A,13,13,2,4,5,3,20,9,3,1,1,0,2.05,3.3,3.6
708,31/10/07,Getafe,Ath Bilbao,2,0,H,2,0,H,17,8,6,4,8,6,19,16,2,2,0,1,2.15,3.2,3.5
708,31/10/07,La Coruna,Mallorca,1,1,D,1,1,D,15,8,7,2,7,1,14,20,2,6,0,1,2.37,3.25,3.0
708,31/10/07,Recreativo,Santander,0,0,D,0,0,D,13,10,6,2,5,9,23,12,5,4,0,0,2.3,3.2,3.1
708,31/10/07,Valencia,Real Madrid,1,5,A,0,4,A,9,14,7,7,9,3,20,11,1,1,1,0,2.6,3.3,2.7
708,31/10/07,Villarreal,Levante,3,0,H,3,0,H,20,14,8,4,10,4,14,19,0,3,0,0,1.25,5.25,13.0
708,01/11/07,Espanol,Murcia,0,0,D,0,0,D,9,4,3,4,0,0,22,20,3,4,0,0,1.57,3.8,6.0
708,01/11/07,Valladolid,Barcelona,1,1,D,1,1,D,13,12,8,2,4,11,22,12,1,0,0,0,7.0,4.33,1.44
708,03/11/07,Mallorca,Valencia,0,2,A,0,1,A,17,8,7,4,9,2,10,14,4,3,0,0,2.6,3.25,2.7
708,03/11/07,Sevilla,Real Madrid,2,0,H,2,0,H,16,5,5,1,3,6,26,16,4,5,0,1,2.8,3.25,2.5
708,04/11/07,Ath Bilbao,Recreativo,2,0,H,0,0,D,14,12,5,2,2,8,15,27,3,4,0,0,2.0,3.3,3.8
708,04/11/07,Ath Madrid,Villarreal,3,4,A,2,2,D,13,9,6,4,7,4,18,21,5,1,0,0,2.05,3.3,3.6
708,04/11/07,Barcelona,Betis,3,0,H,1,0,H,19,6,7,2,6,4,6,23,0,3,0,0,1.2,6.0,15.0
708,04/11/07,Levante,Almeria,3,0,H,3,0,H,11,21,5,6,6,11,14,17,2,1,0,0,2.62,3.25,2.62
708,04/11/07,Murcia,La Coruna,0,2,A,0,0,D,12,12,5,3,5,7,12,16,0,2,0,0,2.25,3.2,3.25
708,04/11/07,Osasuna,Getafe,0,2,A,0,0,D,11,14,4,4,5,5,19,13,5,1,1,0,1.95,3.3,4.0
708,04/11/07,Santander,Espanol,1,1,D,0,0,D,18,9,6,4,5,1,25,18,3,1,0,1,2.4,3.25,2.9
708,04/11/07,Zaragoza,Valladolid,2,3,A,1,3,A,15,13,7,6,1,9,16,21,4,5,0,0,1.57,3.6,6.5
708,10/11/07,Getafe,Barcelona,2,0,H,1,0,H,13,10,5,2,3,4,19,13,2,4,0,1,6.0,3.75,1.57
708,10/11/07,Valencia,Murcia,3,0,H,2,0,H,13,13,5,2,5,5,26,21,4,4,0,0,1.44,4.2,7.5
708,11/11/07,Almeria,Ath Madrid,0,0,D,0,0,D,12,13,7,1,8,6,25,13,4,3,0,0,3.75,3.3,2.0
708,11/11/07,Betis,Zaragoza,2,1,H,0,1,A,15,8,5,3,5,3,21,18,2,2,0,0,2.62,3.3,2.62
708,11/11/07,Espanol,Ath Bilbao,2,1,H,1,1,D,14,6,5,1,9,3,19,27,4,2,1,0,1.75,3.4,5.0
708,11/11/07,La Coruna,Santander,0,1,A,0,0,D,21,6,5,3,10,3,9,15,0,3,1,0,2.3,3.3,3.1
708,11/11/07,Real Madrid,Mallorca,4,3,H,2,2,D,15,9,5,4,2,5,19,12,2,1,0,0,1.33,5.0,9.0
708,11/11/07,Recreativo,Osasuna,1,0,H,0,0,D,9,10,4,3,4,6,25,18,5,4,1,0,2.37,3.3,3.0
708,11/11/07,Valladolid,Levante,1,0,H,0,0,D,13,8,6,1,8,8,11,15,2,1,0,0,1.72,3.5,5.0
708,11/11/07,Villarreal,Sevilla,3,2,H,1,1,D,13,7,7,3,5,3,19,28,3,5,0,1,2.3,3.3,3.1
708,24/11/07,Barcelona,Recreativo,3,0,H,0,0,D,19,4,7,0,13,2,13,13,2,4,0,0,1.16,7.0,15.0
708,24/11/07,Murcia,Real Madrid,1,1,D,0,1,A,15,7,3,2,4,1,26,16,6,2,0,1,6.0,3.6,1.61
708,24/11/07,Sevilla,Mallorca,1,2,A,0,2,A,12,6,5,3,8,1,30,22,3,4,0,1,1.61,3.5,6.25
708,25/11/07,Ath Bilbao,La Coruna,2,2,D,1,0,H,11,7,3,2,4,2,24,23,3,5,0,0,2.15,3.3,3.4
708,25/11/07,Ath Madrid,Valladolid,4,3,H,1,1,D,16,11,10,5,6,7,14,21,3,4,1,0,1.53,3.8,6.5
708,25/11/07,Levante,Betis,4,3,H,2,2,D,17,7,8,6,3,5,13,20,1,2,0,1,2.65,3.2,2.65
708,25/11/07,Osasuna,Espanol,1,2,A,0,2,A,12,13,4,6,6,1,16,15,1,3,0,0,2.45,3.25,2.87
708,25/11/07,Santander,Valencia,1,0,H,0,0,D,11,5,6,3,2,8,15,20,3,2,0,0,3.0,3.2,2.4
708,25/11/07,Villarreal,Almeria,1,1,D,1,0,H,9,7,3,2,7,3,25,25,5,4,0,0,1.4,4.5,8.0
708,25/11/07,Zaragoza,Getafe,1,1,D,0,0,D,15,19,2,9,8,7,19,19,3,1,0,0,1.95,3.3,4.0
708,01/12/07,Almeria,Sevilla,1,0,H,0,0,D,10,16,3,4,10,12,26,18,6,2,0,1,3.75,3.25,2.05
708,01/12/07,Espanol,Barcelona,1,1,D,0,1,A,12,16,2,7,4,7,17,16,2,1,0,0,3.8,3.3,2.0
708,01/12/07,Real Madrid,Santander,3,1,H,2,0,H,13,11,5,4,6,11,18,18,2,3,0,0,1.33,4.75,10.0
708,02/12/07,Betis,Ath Madrid,0,2,A,0,1,A,6,17,2,4,5,0,24,23,5,4,0,0,3.25,3.3,2.2
708,02/12/07,Getafe,Levante,2,1,H,0,1,A,23,8,4,4,12,2,16,18,4,5,0,0,1.53,3.75,7.0
708,02/12/07,La Coruna,Osasuna,1,2,A,0,0,D,16,11,6,5,4,5,22,16,0,2,0,0,2.2,3.25,3.3
708,02/12/07,Mallorca,Murcia,1,1,D,0,1,A,11,7,3,3,6,7,13,20,1,6,0,0,1.66,3.5,5.5
708,02/12/07,Recreativo,Zaragoza,2,1,H,2,1,H,11,13,5,4,3,9,23,17,2,3,0,0,2.5,3.25,2.8
708,02/12/07,Valencia,Ath Bilbao,0,3,A,0,1,A,14,12,1,4,7,3,19,18,3,4,0,0,1.61,3.6,6.0
708,02/12/07,Valladolid,Villarreal,2,0,H,1,0,H,8,6,4,2,4,5,16,10,1,2,0,0,3.1,3.3,2.3
708,05/12/07,Osasuna,Sevilla,1,1,D,1,0,H,10,14,3,5,7,6,21,14,3,2,0,0,2.9,3.3,2.37
708,08/12/07,Ath Bilbao,Real Madrid,0,1,A,0,0,D,18,15,4,5,5,0,14,21,2,2,0,0,4.0,3.4,1.9
708,08/12/07,Osasuna,Valencia,0,0,D,0,0,D,17,7,5,3,1,4,21,17,3,2,0,0,2.8,3.25,2.5
708,09/12/07,Almeria,Valladolid,1,0,H,0,0,D,13,15,3,4,3,7,23,19,3,2,0,1,2.4,3.3,3.0
708,09/12/07,Ath Madrid,Getafe,1,0,H,1,0,H,7,13,3,4,3,12,21,22,3,5,2,2,1.72,3.6,4.75
708,09/12/07,Barcelona,La Coruna,2,1,H,1,1,D,20,9,12,5,10,0,18,20,1,3,0,0,1.2,6.0,15.0
708,09/12/07,Levante,Recreativo,0,2,A,0,1,A,13,10,4,5,3,6,14,25,0,1,0,0,2.4,3.3,2.87
708,09/12/07,Santander,Mallorca,3,1,H,2,1,H,11,9,5,3,7,3,19,15,4,2,1,1,2.3,3.3,3.1
708,09/12/07,Sevilla,Murcia,3,1,H,1,0,H,17,12,7,1,9,7,26,25,2,3,0,0,1.44,4.2,7.5
708,09/12/07,Villarreal,Betis,0,1,A,0,1,A,19,2,8,1,6,1,11,26,2,2,0,0,1.53,4.0,6.0
708,09/12/07,Zaragoza,Espanol,3,3,D,1,3,A,23,9,6,4,10,1,20,26,4,3,1,0,2.3,3.3,3.1
708,15/12/07,Espanol,Levante,1,0,H,1,0,H,15,7,8,1,6,0,19,22,1,4,0,0,1.36,4.5,9.0
708,15/12/07,Valencia,Barcelona,0,3,A,0,2,A,11,16,2,11,3,6,18,15,3,1,0,0,3.5,3.3,2.1
708,16/12/07,Betis,Almeria,3,1,H,1,1,D,14,5,4,4,3,1,17,10,3,0,0,2,2.05,3.3,3.6
708,16/12/07,Getafe,Villarreal,1,3,A,0,1,A,8,13,4,7,4,3,11,8,1,3,0,1,2.5,3.3,2.75
708,16/12/07,La Coruna,Zaragoza,1,1,D,0,1,A,13,8,1,1,5,4,10,16,0,3,1,0,2.4,3.3,2.9
708,16/12/07,Mallorca,Ath Bilbao,0,0,D,0,0,D,18,12,5,4,8,5,13,16,1,5,1,0,2.05,3.3,3.6
708,16/12/07,Murcia,Santander,2,1,H,0,0,D,12,9,4,3,9,6,16,16,3,3,0,0,2.5,3.25,2.8
708,16/12/07,Real Madrid,Osasuna,2,0,H,1,0,H,16,11,5,4,3,6,24,13,2,0,0,0,1.28,5.25,11.0
708,16/12/07,Recreativo,Ath Madrid,0,0,D,0,0,D,11,15,3,6,9,5,18,20,3,4,0,0,2.9,3.3,2.4
708,16/12/07,Valladolid,Sevilla,0,0,D,0,0,D,13,8,4,2,8,3,17,16,3,2,0,2,2.9,3.3,2.4
708,22/12/07,Almeria,Getafe,0,2,A,0,1,A,6,7,2,3,2,2,29,15,4,3,1,0,2.4,3.3,2.9
708,22/12/07,Sevilla,Santander,4,1,H,1,0,H,17,8,7,6,5,4,17,19,4,3,0,1,1.61,3.6,5.75
708,22/12/07,Zaragoza,Valencia,2,2,D,2,0,H,10,14,4,6,1,6,21,27,4,5,0,0,2.1,3.3,3.5
708,23/12/07,Ath Bilbao,Murcia,1,1,D,1,0,H,14,19,4,4,4,3,20,21,4,3,1,0,1.95,3.3,4.0
708,23/12/07,Ath Madrid,Espanol,1,2,A,1,0,H,8,18,4,5,2,6,16,17,1,2,2,0,1.95,3.3,4.0
708,23/12/07,Barcelona,Real Madrid,0,1,A,0,1,A,16,11,6,5,7,0,19,23,2,1,0,0,2.0,3.4,3.7
708,23/12/07,Levante,La Coruna,0,1,A,0,0,D,10,13,4,3,7,9,19,10,0,2,0,0,2.8,3.25,2.5
708,23/12/07,Osasuna,Mallorca,3,1,H,1,0,H,11,11,5,2,3,3,25,18,4,5,0,0,2.2,3.3,3.25
708,23/12/07,Valladolid,Betis,0,0,D,0,0,D,8,6,2,3,9,4,16,27,3,5,0,0,2.2,3.3,3.25
708,23/12/07,Villarreal,Recreativo,1,1,D,1,1,D,16,8,7,4,7,6,18,19,3,3,0,0,1.53,3.8,6.5
708,05/01/08,Espanol,Villarreal,3,0,H,3,0,H,13,10,7,2,5,3,18,18,1,2,0,0,2.3,3.3,3.1
708,05/01/08,Mallorca,Barcelona,0,2,A,0,0,D,10,15,2,4,2,5,16,12,1,3,0,0,4.75,3.5,1.75
708,06/01/08,Getafe,Valladolid,0,3,A,0,0,D,11,13,5,4,8,7,11,18,2,1,0,0,1.95,3.4,3.9
708,06/01/08,La Coruna,Ath Madrid,0,3,A,0,1,A,10,9,4,4,3,3,17,27,2,1,0,0,2.87,3.3,2.4
708,06/01/08,Murcia,Osasuna,2,0,H,0,0,D,12,12,6,2,7,4,22,14,2,1,0,0,2.4,3.3,2.87
708,06/01/08,Real Madrid,Zaragoza,2,0,H,0,0,D,14,24,3,11,5,4,18,18,2,2,0,0,1.33,4.75,10.0
708,06/01/08,Recreativo,Almeria,1,1,D,1,1,D,18,11,9,4,10,4,11,24,2,4,0,0,2.15,3.3,3.4
708,06/01/08,Santander,Ath Bilbao,1,0,H,1,0,H,12,10,2,3,3,5,13,20,1,2,0,0,2.05,3.25,3.75
708,06/01/08,Sevilla,Betis,3,0,H,2,0,H,20,4,10,1,6,6,18,20,2,4,0,0,1.61,3.4,6.5
708,06/01/08,Valencia,Levante,0,0,D,0,0,D,15,8,7,2,13,5,17,29,1,3,1,0,1.33,4.75,9.5
708,12/01/08,Ath Bilbao,Sevilla,2,0,H,1,0,H,13,9,6,1,4,4,18,13,1,1,0,1,3.0,3.25,2.35
708,12/01/08,Barcelona,Murcia,4,0,H,1,0,H,18,9,10,3,4,5,13,9,3,1,0,0,1.18,6.0,19.0
708,13/01/08,Almeria,Espanol,1,0,H,0,0,D,17,8,4,2,10,6,24,18,3,4,0,0,3.2,3.25,2.25
708,13/01/08,Ath Madrid,Valencia,1,0,H,1,0,H,16,12,7,8,4,5,19,15,4,2,0,0,2.0,3.3,3.75
708,13/01/08,Betis,Getafe,3,2,H,2,0,H,8,23,3,10,3,8,33,17,2,3,0,0,2.35,3.25,3.0
708,13/01/08,Levante,Real Madrid,0,2,A,0,0,D,15,15,1,7,8,1,17,15,1,0,0,0,9.0,5.0,1.33
708,13/01/08,Osasuna,Santander,0,2,A,0,0,D,19,10,5,4,9,3,9,23,0,4,0,0,2.25,3.25,3.2
708,13/01/08,Valladolid,Recreativo,3,1,H,2,1,H,12,7,4,4,6,2,18,14,0,1,0,0,2.0,3.3,3.75
708,13/01/08,Villarreal,La Coruna,4,3,H,1,1,D,13,12,7,4,1,4,23,28,2,1,0,1,1.57,3.75,6.0
708,13/01/08,Zaragoza,Mallorca,2,2,D,2,1,H,13,12,7,5,9,5,20,13,2,4,0,0,1.95,3.4,3.8
708,19/01/08,Getafe,Sevilla,3,2,H,1,1,D,19,19,8,7,6,7,19,20,3,3,0,0,2.62,3.3,2.6
708,19/01/08,Villarreal,Valencia,3,0,H,1,0,H,12,5,7,2,4,5,14,21,1,2,0,0,2.0,3.3,3.75
708,20/01/08,Almeria,La Coruna,1,0,H,0,0,D,7,12,2,2,3,2,20,19,1,3,0,0,2.1,3.3,3.5
708,20/01/08,Ath Madrid,Real Madrid,0,2,A,0,2,A,19,8,6,5,7,5,24,15,5,4,0,0,2.75,3.3,2.5
708,20/01/08,Barcelona,Santander,1,0,H,1,0,H,12,9,2,1,5,2,10,19,1,2,0,0,1.28,5.25,11.0
708,20/01/08,Betis,Recreativo,1,1,D,0,0,D,12,13,4,4,4,7,22,13,2,1,0,0,2.1,3.3,3.5
708,20/01/08,Levante,Mallorca,2,2,D,1,1,D,10,13,6,4,4,6,13,16,3,1,0,0,3.2,3.25,2.25
708,20/01/08,Osasuna,Ath Bilbao,2,0,H,0,0,D,20,5,7,1,5,5,27,21,3,1,0,1,2.15,3.25,3.4
708,20/01/08,Valladolid,Espanol,2,1,H,2,0,H,8,15,5,6,5,8,20,23,1,3,0,0,2.4,3.25,2.9
708,20/01/08,Zaragoza,Murcia,3,1,H,1,0,H,13,11,7,3,5,9,24,18,2,0,0,0,1.72,3.5,5.0
708,26/01/08,Sevilla,Osasuna,2,1,H,0,0,D,18,6,8,4,9,5,14,22,4,5,0,2,1.57,3.75,6.0
708,27/01/08,Ath Bilbao,Barcelona,1,1,D,0,1,A,17,8,6,2,3,3,21,12,3,0,0,0,5.5,3.5,1.66
708,27/01/08,Espanol,Betis,1,2,A,0,1,A,15,18,5,5,6,5,14,22,1,0,0,0,1.9,3.2,4.5
708,27/01/08,La Coruna,Valladolid,3,1,H,1,0,H,12,12,8,6,3,6,21,12,2,0,0,1,2.5,3.3,2.75
708,27/01/08,Mallorca,Ath Madrid,1,0,H,1,0,H,10,9,5,2,7,6,24,19,2,3,0,1,2.62,3.2,2.7
708,27/01/08,Murcia,Levante,2,3,A,0,0,D,12,10,4,7,6,3,11,23,0,2,1,0,1.72,3.5,5.0
708,27/01/08,Real Madrid,Villarreal,3,2,H,1,1,D,18,15,12,4,9,12,13,19,1,2,0,0,1.5,4.0,7.0
708,27/01/08,Recreativo,Getafe,1,3,A,1,2,A,16,12,7,5,13,2,15,9,4,2,0,0,2.4,3.3,2.87
708,27/01/08,Santander,Zaragoza,2,2,D,1,0,H,11,6,3,4,6,3,16,14,1,3,0,0,2.25,3.3,3.1
708,27/01/08,Valencia,Almeria,0,1,A,0,1,A,9,4,4,1,6,3,23,17,3,4,0,0,1.61,3.6,6.0
708,02/02/08,Almeria,Real Madrid,2,0,H,1,0,H,11,16,4,7,6,8,19,16,3,4,0,0,5.0,3.75,1.66
708,02/02/08,Betis,La Coruna,0,1,A,0,1,A,12,11,0,5,7,6,18,12,3,4,0,0,2.05,3.25,3.75
708,03/02/08,Ath Madrid,Murcia,1,1,D,0,0,D,13,9,4,4,4,3,20,30,3,4,0,0,1.5,4.0,7.0
708,03/02/08,Barcelona,Osasuna,1,0,H,0,0,D,17,9,6,3,10,1,18,17,0,3,0,0,1.22,5.5,15.0
708,03/02/08,Getafe,Espanol,0,1,A,0,1,A,20,6,5,3,8,3,14,15,1,4,0,0,2.1,3.3,3.5
708,03/02/08,Levante,Santander,1,1,D,0,0,D,8,12,2,5,6,6,21,18,3,2,0,0,3.25,3.3,2.2
708,03/02/08,Recreativo,Sevilla,1,2,A,0,1,A,14,15,3,7,5,3,25,16,4,2,1,1,3.25,3.3,2.2
708,03/02/08,Valladolid,Valencia,0,2,A,0,0,D,15,5,6,2,7,1,17,22,1,3,0,0,2.25,3.3,3.2
708,03/02/08,Villarreal,Mallorca,1,1,D,1,1,D,13,11,5,3,1,7,13,20,0,4,0,0,1.75,3.3,5.5
708,03/02/08,Zaragoza,Ath Bilbao,1,0,H,1,0,H,12,12,3,4,5,2,21,16,2,4,0,1,1.83,3.4,4.5
708,09/02/08,La Coruna,Getafe,1,1,D,1,0,H,6,12,0,3,6,4,19,15,2,1,0,0,2.37,3.25,3.0
708,09/02/08,Murcia,Villarreal,0,1,A,0,0,D,8,8,2,1,6,3,13,22,2,4,0,0,3.1,3.3,2.3
708,09/02/08,Sevilla,Barcelona,1,1,D,1,0,H,19,13,6,5,2,2,20,14,3,4,1,0,2.8,3.25,2.5
708,10/02/08,Ath Bilbao,Levante,1,0,H,0,0,D,12,11,4,4,4,5,16,17,1,3,0,0,1.72,3.5,5.0
708,10/02/08,Espanol,Recreativo,1,2,A,1,2,A,10,22,3,3,3,4,17,18,4,4,0,0,1.61,3.6,6.0
708,10/02/08,Mallorca,Almeria,0,0,D,0,0,D,11,9,4,0,10,4,23,24,2,2,0,0,2.0,3.3,3.8
708,10/02/08,Osasuna,Zaragoza,1,0,H,1,0,H,14,7,5,3,11,1,22,17,5,2,0,0,2.37,3.25,3.0
708,10/02/08,Real Madrid,Valladolid,7,0,H,5,0,H,16,15,9,7,4,10,10,11,1,1,0,0,1.3,5.0,10.0
708,10/02/08,Santander,Ath Madrid,0,2,A,0,0,D,11,17,4,12,9,4,19,11,0,2,0,0,2.5,3.25,2.8
708,10/02/08,Valencia,Betis,3,1,H,2,0,H,12,12,6,4,8,3,14,21,3,5,0,0,1.72,3.5,5.0
708,16/02/08,Betis,Real Madrid,2,1,H,2,1,H,14,8,4,2,2,11,21,19,3,5,0,0,4.75,3.5,1.8
708,16/02/08,Espanol,Sevilla,2,4,A,1,2,A,15,10,8,6,10,3,25,16,3,3,1,0,2.5,3.3,2.75
708,16/02/08,Zaragoza,Barcelona,1,2,A,0,1,A,13,12,3,5,2,3,22,17,4,2,0,0,3.75,3.3,2.0
708,17/02/08,Almeria,Murcia,1,0,H,1,0,H,10,12,3,3,6,7,33,17,6,4,0,0,1.9,3.4,4.0
708,17/02/08,Ath Madrid,Ath Bilbao,1,2,A,1,2,A,14,13,3,5,2,5,18,22,4,2,1,0,1.61,3.75,5.5
708,17/02/08,Getafe,Valencia,0,0,D,0,0,D,16,7,4,2,3,2,14,19,3,3,0,1,2.4,3.4,2.8
708,17/02/08,Levante,Osasuna,2,1,H,0,1,A,10,15,4,5,6,3,26,24,4,3,0,0,2.87,3.4,2.37
708,17/02/08,Recreativo,La Coruna,3,2,H,0,1,A,10,14,4,4,7,2,22,23,4,3,1,0,2.3,3.25,3.1
708,17/02/08,Valladolid,Mallorca,1,1,D,1,0,H,16,11,6,6,6,6,17,14,1,1,0,1,2.25,3.25,3.2
708,17/02/08,Villarreal,Santander,0,0,D,0,0,D,12,18,1,1,9,7,12,15,1,3,0,0,1.83,3.5,4.33
708,23/02/08,Sevilla,Zaragoza,5,0,H,3,0,H,20,6,8,1,7,3,12,17,0,4,0,1,1.7,3.5,5.25
708,23/02/08,Valencia,Recreativo,1,1,D,1,0,H,23,7,11,4,7,3,13,23,1,6,0,0,1.75,3.4,5.25
708,24/02/08,Ath Bilbao,Villarreal,1,2,A,1,0,H,11,14,2,3,4,3,25,8,5,2,0,0,2.5,3.25,2.8
708,24/02/08,Barcelona,Levante,5,1,H,2,1,H,21,8,8,4,8,4,11,8,0,0,0,0,1.12,8.0,21.0
708,24/02/08,La Coruna,Espanol,2,0,H,2,0,H,16,11,9,2,8,1,17,14,3,1,0,0,2.4,3.3,2.87
708,24/02/08,Mallorca,Betis,1,1,D,0,0,D,19,9,4,2,3,3,16,16,1,4,0,0,2.0,3.3,3.75
708,24/02/08,Murcia,Valladolid,0,1,A,0,1,A,7,9,1,2,8,1,25,20,2,1,0,0,2.37,3.25,3.0
708,24/02/08,Osasuna,Ath Madrid,3,1,H,2,1,H,18,7,10,2,5,2,23,22,1,3,0,0,2.4,3.1,3.1
708,24/02/08,Real Madrid,Getafe,0,1,A,0,0,D,20,10,4,4,5,4,14,18,3,3,0,0,1.33,4.5,11.0
708,24/02/08,Santander,Almeria,1,0,H,0,0,D,16,4,6,0,10,5,11,21,1,1,0,2,2.1,3.25,3.5
708,01/03/08,Ath Madrid,Barcelona,4,2,H,2,1,H,8,17,6,5,0,5,15,16,4,4,0,0,3.75,3.4,2.0
708,01/03/08,Espanol,Valencia,2,0,H,1,0,H,17,10,4,6,3,6,19,17,2,6,0,1,2.4,3.3,2.87
708,01/03/08,La Coruna,Sevilla,2,1,H,1,1,D,11,13,4,3,5,10,14,19,2,3,0,0,2.9,3.4,2.35
708,01/03/08,Recreativo,Real Madrid,2,3,A,1,1,D,12,9,7,5,8,5,15,17,3,2,2,1,4.33,3.4,1.83
708,02/03/08,Almeria,Ath Bilbao,1,1,D,0,0,D,12,14,2,6,8,7,25,21,4,7,0,0,2.2,3.25,3.25
708,02/03/08,Betis,Murcia,4,0,H,2,0,H,16,13,9,6,8,3,16,12,1,2,0,0,1.83,3.4,4.5
708,02/03/08,Getafe,Mallorca,3,3,D,2,1,H,13,11,6,8,2,5,25,20,2,0,0,1,2.05,3.4,3.5
708,02/03/08,Levante,Zaragoza,2,1,H,1,0,H,9,8,5,2,5,4,17,17,1,2,0,0,3.2,3.3,2.2
708,02/03/08,Valladolid,Santander,0,1,A,0,0,D,9,11,2,4,3,8,18,15,2,1,0,0,2.3,3.25,3.1
708,02/03/08,Villarreal,Osasuna,0,0,D,0,0,D,14,11,2,1,8,4,17,20,3,4,0,0,1.7,3.6,5.0
708,08/03/08,Real Madrid,Espanol,2,1,H,1,1,D,19,9,7,2,3,7,12,25,1,5,0,1,1.5,3.75,7.5
708,08/03/08,Zaragoza,Ath Madrid,2,1,H,1,1,D,13,11,3,8,3,3,20,17,3,3,0,0,2.6,3.25,2.65
708,09/03/08,Ath Bilbao,Valladolid,2,0,H,1,0,H,9,22,5,2,3,10,22,21,3,2,0,1,2.1,3.3,3.5
708,09/03/08,Barcelona,Villarreal,1,2,A,0,1,A,9,8,4,4,10,2,22,18,5,4,0,0,1.5,4.2,6.0
708,09/03/08,Mallorca,Recreativo,7,1,H,5,1,H,19,12,11,3,7,3,13,13,1,1,0,0,2.0,3.3,3.75
708,09/03/08,Murcia,Getafe,0,3,A,0,0,D,8,5,3,3,6,1,18,13,4,1,0,0,2.75,3.25,2.5
708,09/03/08,Osasuna,Almeria,2,1,H,2,1,H,11,12,4,3,11,7,17,23,4,4,0,0,2.1,3.3,3.5
708,09/03/08,Santander,Betis,3,0,H,0,0,D,27,9,10,4,4,6,18,18,0,2,0,1,2.0,3.3,3.75
708,09/03/08,Sevilla,Levante,2,1,H,1,1,D,20,9,10,4,10,2,16,15,3,5,0,0,1.22,6.0,13.0
708,09/03/08,Valencia,La Coruna,2,2,D,2,2,D,10,18,4,5,4,7,15,13,1,2,0,0,1.8,3.5,4.5
708,15/03/08,Betis,Ath Bilbao,1,2,A,1,1,D,17,10,7,3,2,2,17,11,2,1,0,0,2.25,3.25,3.2
708,15/03/08,La Coruna,Real Madrid,1,0,H,0,0,D,6,9,2,0,3,4,15,9,3,2,0,0,3.75,3.3,2.0
708,15/03/08,Recreativo,Murcia,4,2,H,1,1,D,16,10,10,4,3,3,29,22,4,5,0,1,1.9,3.4,4.0
708,15/03/08,Valencia,Sevilla,1,2,A,0,2,A,16,14,3,4,10,3,20,14,2,3,0,0,2.5,3.3,2.75
708,16/03/08,Almeria,Barcelona,2,2,D,1,1,D,18,8,5,5,8,5,15,12,0,3,0,1,4.75,3.5,1.75
708,16/03/08,Ath Madrid,Levante,3,0,H,2,0,H,18,16,7,9,6,8,12,14,0,2,0,0,1.28,5.25,11.0
708,16/03/08,Espanol,Mallorca,2,1,H,0,1,A,9,15,6,4,2,15,20,15,0,3,0,1,2.1,3.25,3.6
708,16/03/08,Getafe,Santander,2,1,H,0,0,D,15,8,7,3,10,7,15,18,5,3,1,2,2.2,3.2,3.4
708,16/03/08,Valladolid,Osasuna,0,0,D,0,0,D,11,10,2,1,7,4,24,16,1,1,0,0,2.1,3.3,3.5
708,16/03/08,Villarreal,Zaragoza,2,0,H,1,0,H,7,18,4,5,1,14,17,21,0,3,0,0,1.72,3.6,4.75
708,22/03/08,Mallorca,La Coruna,1,0,H,1,0,H,10,7,6,1,5,6,18,16,2,2,0,1,2.2,3.3,3.25
708,22/03/08,Sevilla,Ath Madrid,1,2,A,0,1,A,11,10,2,2,5,3,17,16,3,4,1,0,1.85,3.6,4.0
708,23/03/08,Ath Bilbao,Getafe,1,0,H,1,0,H,16,10,7,1,5,9,26,14,3,4,0,0,2.2,3.3,3.25
708,23/03/08,Barcelona,Valladolid,4,1,H,1,1,D,18,11,11,2,4,4,12,18,1,1,0,0,1.22,6.0,12.0
708,23/03/08,Levante,Villarreal,1,2,A,0,1,A,14,10,2,3,4,2,16,13,0,2,0,0,4.75,3.6,1.72
708,23/03/08,Murcia,Espanol,4,0,H,1,0,H,15,8,6,1,5,2,17,15,3,1,0,0,3.1,3.25,2.3
708,23/03/08,Osasuna,Betis,0,1,A,0,0,D,19,7,6,3,6,2,17,17,1,3,1,0,2.05,3.3,3.6
708,23/03/08,Real Madrid,Valencia,2,3,A,1,1,D,27,13,13,6,5,3,15,17,3,1,0,0,1.5,3.8,7.25
708,23/03/08,Santander,Recreativo,2,0,H,0,0,D,14,7,3,2,5,7,13,23,1,3,0,1,1.9,3.4,4.0
708,23/03/08,Zaragoza,Almeria,1,1,D,0,0,D,11,7,3,4,10,4,16,22,1,3,1,0,1.8,3.6,4.33
708,29/03/08,Betis,Barcelona,3,2,H,0,2,A,13,13,8,5,3,3,18,12,2,0,0,0,4.75,3.6,1.72
708,29/03/08,Villarreal,Ath Madrid,3,0,H,2,0,H,12,6,6,1,6,5,20,13,2,1,0,0,2.0,3.4,3.75
708,30/03/08,Almeria,Levante,2,1,H,2,0,H,13,17,4,7,10,12,20,11,4,2,0,0,1.57,3.75,6.0
708,30/03/08,Espanol,Santander,0,3,A,0,2,A,14,12,5,7,5,5,17,23,0,2,0,0,2.1,3.3,3.5
708,30/03/08,Getafe,Osasuna,0,2,A,0,1,A,4,10,2,6,2,0,16,29,3,6,1,0,2.2,3.2,3.4
708,30/03/08,La Coruna,Murcia,3,1,H,1,1,D,16,8,7,3,7,2,14,16,2,2,0,0,1.8,3.4,4.75
708,30/03/08,Real Madrid,Sevilla,3,1,H,2,1,H,17,13,10,2,2,5,19,19,4,3,0,0,1.85,3.4,4.33
708,30/03/08,Recreativo,Ath Bilbao,1,1,D,1,0,H,15,10,1,2,11,7,24,17,1,5,1,0,2.37,3.3,2.9
708,30/03/08,Valencia,Mallorca,0,3,A,0,2,A,14,8,4,5,2,3,16,19,1,2,0,0,1.9,3.4,4.0
708,30/03/08,Valladolid,Zaragoza,2,1,H,0,1,A,10,4,4,1,8,1,23,18,3,2,0,1,2.35,3.3,3.0
708,05/04/08,Mallorca,Real Madrid,1,1,D,0,1,A,13,14,2,6,5,2,20,17,3,2,0,1,3.4,3.4,2.1
708,05/04/08,Osasuna,Recreativo,0,1,A,0,1,A,15,4,5,2,7,2,8,25,2,4,0,0,1.85,3.5,4.2
708,06/04/08,Ath Bilbao,Espanol,1,0,H,1,0,H,8,17,1,3,4,6,22,25,5,4,0,0,2.2,3.25,3.3
708,06/04/08,Ath Madrid,Almeria,6,3,H,4,3,H,23,8,11,5,9,5,16,14,1,0,0,2,1.61,3.75,5.5
708,06/04/08,Barcelona,Getafe,0,0,D,0,0,D,19,11,2,4,9,3,14,9,2,1,0,0,1.33,4.75,9.5
708,06/04/08,Levante,Valladolid,0,3,A,0,1,A,10,12,3,6,4,7,11,16,4,4,0,0,2.9,3.3,2.37
708,06/04/08,Murcia,Valencia,1,0,H,1,0,H,6,3,2,1,0,3,2,2,5,3,0,0,2.9,3.3,2.37
708,06/04/08,Santander,La Coruna,1,3,A,1,3,A,21,12,7,3,9,3,21,18,4,3,0,0,2.0,3.3,3.8
708,06/04/08,Sevilla,Villarreal,2,0,H,1,0,H,19,11,9,3,8,4,18,19,2,6,0,1,2.1,3.4,3.4
708,06/04/08,Zaragoza,Betis,0,3,A,0,2,A,22,9,7,5,7,4,16,17,4,1,0,0,1.95,3.3,4.0
708,12/04/08,Recreativo,Barcelona,2,2,D,1,1,D,14,11,5,3,5,5,24,15,2,2,0,0,4.5,3.75,1.72
708,12/04/08,Valencia,Santander,1,2,A,0,0,D,6,12,1,3,2,3,22,24,3,2,0,0,2.1,3.3,3.5
708,13/04/08,Almeria,Villarreal,1,0,H,0,0,D,19,4,7,1,10,4,17,15,3,1,0,1,3.2,3.25,2.25
708,13/04/08,Betis,Levante,0,1,A,0,0,D,13,17,2,5,9,4,19,13,3,4,0,0,1.44,4.2,7.5
708,13/04/08,Espanol,Osasuna,0,1,A,0,1,A,7,12,3,5,5,2,23,17,1,3,0,0,2.25,3.25,3.2
708,13/04/08,Getafe,Zaragoza,0,0,D,0,0,D,11,9,4,0,5,0,21,22,2,4,0,1,2.62,3.25,2.62
708,13/04/08,La Coruna,Ath Bilbao,3,0,H,1,0,H,20,11,7,4,5,4,9,13,3,2,0,0,2.1,3.4,3.4
708,13/04/08,Mallorca,Sevilla,2,3,A,0,1,A,16,14,7,4,8,4,20,27,3,2,0,0,2.8,3.4,2.4
708,13/04/08,Real Madrid,Murcia,1,0,H,0,0,D,17,6,4,0,3,0,15,29,4,3,1,0,1.22,6.0,12.0
708,13/04/08,Valladolid,Ath Madrid,1,1,D,0,0,D,18,10,5,3,4,2,18,17,4,4,0,0,2.62,3.3,2.62
708,19/04/08,Ath Madrid,Betis,1,3,A,1,1,D,19,11,2,5,11,6,15,17,4,4,0,0,1.61,3.6,6.0
708,19/04/08,Barcelona,Espanol,0,0,D,0,0,D,18,6,6,1,7,2,15,16,6,6,0,0,1.53,3.75,7.0
708,19/04/08,Sevilla,Almeria,1,4,A,0,1,A,23,13,8,6,13,2,18,19,3,3,1,0,1.5,3.8,7.5
708,19/04/08,Zaragoza,Recreativo,3,0,H,2,0,H,12,12,8,0,4,4,20,23,1,3,2,1,1.75,3.5,4.75
708,20/04/08,Ath Bilbao,Valencia,5,1,H,1,0,H,17,13,6,3,1,5,11,13,1,2,0,0,2.37,3.3,2.9
708,20/04/08,Levante,Getafe,3,1,H,2,0,H,17,8,7,2,6,0,22,14,1,1,0,0,3.25,3.3,2.2
708,20/04/08,Murcia,Mallorca,1,4,A,0,2,A,6,9,3,5,1,3,3,2,4,1,0,0,2.62,3.3,2.6
708,20/04/08,Osasuna,La Coruna,0,1,A,0,0,D,17,9,5,2,5,3,17,22,3,3,0,0,2.2,3.3,3.25
708,20/04/08,Santander,Real Madrid,0,2,A,0,1,A,15,15,2,5,9,4,10,16,4,1,0,0,2.9,3.25,2.4
708,20/04/08,Villarreal,Valladolid,2,0,H,1,0,H,14,13,8,2,0,7,12,16,2,2,0,0,1.66,3.5,5.5
708,26/04/08,La Coruna,Barcelona,2,0,H,0,0,D,24,10,6,1,4,2,16,17,1,4,0,0,2.87,3.3,2.4
708,26/04/08,Murcia,Sevilla,0,0,D,0,0,D,12,13,4,3,3,5,21,15,4,2,0,0,4.5,3.7,1.75
708,27/04/08,Betis,Villarreal,0,1,A,0,1,A,13,18,6,6,6,7,18,10,3,2,0,0,2.75,3.3,2.5
708,27/04/08,Espanol,Zaragoza,1,1,D,0,0,D,9,10,2,3,2,1,28,20,5,1,0,0,2.3,3.3,3.0
708,27/04/08,Getafe,Ath Madrid,1,1,D,1,1,D,7,14,2,4,7,7,19,26,3,5,0,0,2.9,3.3,2.37
708,27/04/08,Mallorca,Santander,3,1,H,0,0,D,13,11,3,4,5,2,18,18,3,1,0,0,2.3,3.25,3.1
708,27/04/08,Real Madrid,Ath Bilbao,3,0,H,1,0,H,27,20,11,7,9,5,15,18,2,2,0,0,1.4,4.33,8.5
708,27/04/08,Recreativo,Levante,2,0,H,2,0,H,13,10,7,0,4,9,22,16,2,2,0,0,1.53,3.8,6.5
708,27/04/08,Valencia,Osasuna,3,0,H,1,0,H,11,6,6,1,9,1,16,20,1,4,0,1,1.83,3.6,4.2
708,27/04/08,Valladolid,Almeria,1,0,H,0,0,D,17,12,7,3,9,4,15,18,3,2,0,0,2.1,3.3,3.5
708,03/05/08,Ath Madrid,Recreativo,3,0,H,1,0,H,14,7,8,1,5,3,16,25,2,2,0,0,1.57,3.6,6.5
708,03/05/08,Zaragoza,La Coruna,1,0,H,0,0,D,28,6,8,0,5,2,15,8,4,1,0,0,2.05,3.3,3.6
708,04/05/08,Almeria,Betis,1,1,D,0,1,A,17,12,5,4,7,8,13,13,3,2,0,0,2.2,3.3,3.25
708,04/05/08,Ath Bilbao,Mallorca,1,2,A,1,1,D,15,19,4,4,5,6,19,15,2,1,0,0,2.2,3.3,3.25
708,04/05/08,Barcelona,Valencia,6,0,H,3,0,H,17,6,12,2,7,5,16,15,3,3,0,0,1.66,3.75,5.0
708,04/05/08,Levante,Espanol,1,1,D,0,0,D,7,17,5,10,3,6,19,15,1,3,2,1,3.4,3.4,2.1
708,04/05/08,Osasuna,Real Madrid,1,2,A,0,0,D,15,13,6,6,6,3,23,17,4,4,0,1,3.0,3.2,2.37
708,04/05/08,Santander,Murcia,3,2,H,1,2,A,12,7,2,2,1,5,16,20,1,0,0,2,1.4,4.33,8.5
708,04/05/08,Sevilla,Valladolid,2,0,H,2,0,H,8,4,3,1,2,1,5,9,1,4,0,0,1.44,4.33,7.0
708,04/05/08,Villarreal,Getafe,2,0,H,2,0,H,18,15,9,4,4,6,16,16,1,3,0,0,1.72,3.6,4.75
708,07/05/08,Betis,Valladolid,1,1,D,0,0,D,15,16,5,2,5,6,18,15,1,3,0,1,2.25,3.25,3.2
708,07/05/08,Getafe,Almeria,4,2,H,1,2,A,16,8,8,5,11,2,13,22,3,5,0,0,1.85,3.4,4.33
708,07/05/08,La Coruna,Levante,1,0,H,0,0,D,12,8,4,0,4,9,16,12,0,3,0,0,1.33,4.5,11.0
708,07/05/08,Mallorca,Osasuna,2,1,H,1,0,H,9,9,2,5,4,5,14,10,1,4,0,1,2.1,3.3,3.5
708,07/05/08,Murcia,Ath Bilbao,1,2,A,1,1,D,7,6,3,2,3,1,3,1,1,0,0,0,3.0,3.2,2.37
708,07/05/08,Real Madrid,Barcelona,4,1,H,2,0,H,19,14,12,4,5,3,14,18,3,4,0,1,2.25,3.2,3.25
708,07/05/08,Recreativo,Villarreal,0,2,A,0,0,D,15,7,6,3,3,1,29,16,5,5,0,0,3.0,3.2,2.37
708,07/05/08,Santander,Sevilla,0,3,A,0,1,A,13,18,6,5,4,8,16,16,2,3,1,0,2.7,3.25,2.6
708,07/05/08,Valencia,Zaragoza,1,0,H,1,0,H,13,11,6,4,5,4,20,28,3,4,1,0,2.1,3.3,3.5
708,08/05/08,Espanol,Ath Madrid,0,2,A,0,2,A,8,18,1,5,3,5,14,20,3,3,0,0,3.4,3.25,2.15
708,11/05/08,Almeria,Recreativo,0,2,A,0,2,A,3,6,0,2,3,3,10,4,0,1,0,0,2.62,3.3,2.6
708,11/05/08,Ath Bilbao,Santander,0,0,D,0,0,D,9,5,2,0,5,3,23,18,4,6,0,0,2.6,3.3,2.62
708,11/05/08,Ath Madrid,La Coruna,1,0,H,1,0,H,16,5,7,2,7,5,19,16,1,2,0,0,1.57,3.8,6.5
708,11/05/08,Barcelona,Mallorca,2,3,A,1,0,H,12,22,4,9,6,9,17,11,1,2,1,0,1.57,3.75,6.0
708,11/05/08,Betis,Sevilla,0,2,A,0,1,A,8,11,1,4,3,4,22,16,4,4,1,1,3.4,3.4,2.1
708,11/05/08,Levante,Valencia,1,5,A,1,3,A,23,9,7,7,10,2,13,17,2,1,0,0,5.0,3.5,1.72
708,11/05/08,Osasuna,Murcia,2,1,H,1,0,H,17,9,6,3,9,6,18,14,3,4,0,0,1.36,4.2,9.0
708,11/05/08,Valladolid,Getafe,0,0,D,0,0,D,14,7,2,4,10,3,12,12,3,2,0,0,2.1,3.25,3.6
708,11/05/08,Villarreal,Espanol,2,0,H,2,0,H,14,11,5,7,4,2,11,14,1,1,0,0,1.57,3.75,6.0
708,11/05/08,Zaragoza,Real Madrid,2,2,D,1,1,D,34,18,11,7,14,5,16,15,3,4,0,0,1.9,3.6,3.8
708,17/05/08,Murcia,Barcelona,3,5,A,1,3,A,21,16,9,9,10,6,14,12,2,1,0,0,5.5,4.0,1.57
708,18/05/08,Espanol,Almeria,1,3,A,0,1,A,15,11,4,6,8,2,18,28,3,2,0,0,2.1,3.3,3.5
708,18/05/08,Getafe,Betis,1,1,D,1,0,H,19,18,7,5,6,7,9,19,1,2,0,0,1.95,3.4,3.75
708,18/05/08,La Coruna,Villarreal,0,2,A,0,1,A,16,8,2,2,8,3,8,26,1,2,0,0,2.37,3.3,2.9
708,18/05/08,Mallorca,Zaragoza,3,2,H,1,0,H,10,16,4,6,5,6,22,14,2,2,0,0,2.4,3.6,2.7
708,18/05/08,Real Madrid,Levante,5,2,H,3,0,H,15,15,8,7,5,5,7,12,1,2,0,0,1.14,7.5,16.0
708,18/05/08,Recreativo,Valladolid,1,1,D,0,1,A,10,9,4,2,7,8,11,13,3,2,0,0,2.1,3.1,3.8
708,18/05/08,Santander,Osasuna,1,0,H,0,0,D,7,3,2,0,6,1,10,13,1,3,0,0,2.25,3.5,3.0
708,18/05/08,Sevilla,Ath Bilbao,4,1,H,1,1,D,6,3,5,1,0,0,0,1,0,2,0,0,1.44,4.33,7.0
708,18/05/08,Valencia,Ath Madrid,3,1,H,2,0,H,15,16,10,6,6,3,12,9,0,1,0,0,2.6,3.1,2.8
809,30/08/08,Espanol,Valladolid,1,0,H,0,0,D,10,11,2,1,1,9,18,17,3,5,0,0,2.0,3.3,3.8
809,30/08/08,Valencia,Mallorca,3,0,H,2,0,H,17,16,6,2,5,6,17,14,4,0,0,0,1.7,3.6,5.25
809,31/08/08,Ath Bilbao,Almeria,1,3,A,0,2,A,10,11,4,5,2,6,35,20,2,4,0,0,2.0,3.3,3.8
809,31/08/08,Ath Madrid,Malaga,4,0,H,3,0,H,25,7,9,2,11,7,16,13,1,2,0,0,1.44,4.2,7.5
809,31/08/08,Betis,Recreativo,0,1,A,0,1,A,8,13,2,6,2,2,17,18,3,1,0,0,2.0,3.25,3.8
809,31/08/08,La Coruna,Real Madrid,2,1,H,1,0,H,11,18,3,4,6,5,18,17,4,3,0,0,3.5,3.3,2.1
809,31/08/08,Numancia,Barcelona,1,0,H,1,0,H,5,25,2,5,2,7,16,8,0,2,0,0,7.0,4.0,1.5
809,31/08/08,Osasuna,Villarreal,1,1,D,0,0,D,10,12,1,3,10,2,18,10,2,1,1,1,2.8,3.3,2.5
809,31/08/08,Santander,Sevilla,1,1,D,0,0,D,7,13,2,4,4,6,20,11,2,0,0,0,2.8,3.3,2.5
809,31/08/08,Sp Gijon,Getafe,1,2,A,1,1,D,13,16,2,9,2,7,16,15,4,2,0,0,2.62,3.3,2.62
809,13/09/08,Barcelona,Santander,1,1,D,0,0,D,18,2,7,1,9,1,9,20,1,7,0,0,1.29,5.0,12.0
809,13/09/08,Valladolid,Ath Madrid,2,1,H,2,0,H,9,19,4,8,9,5,19,15,2,2,1,0,3.2,3.4,2.2
809,14/09/08,Almeria,Valencia,2,2,D,2,1,H,12,11,3,3,2,3,17,20,2,2,0,0,2.75,3.3,2.5
809,14/09/08,Getafe,Betis,0,0,D,0,0,D,26,16,7,4,7,6,17,19,2,5,0,0,2.1,3.3,3.5
809,14/09/08,Malaga,Ath Bilbao,0,0,D,0,0,D,11,11,2,4,6,4,21,20,2,1,0,0,2.5,3.25,2.8
809,14/09/08,Mallorca,Osasuna,1,1,D,1,0,H,11,14,3,7,3,4,19,14,3,1,1,0,2.2,3.2,3.4
809,14/09/08,Real Madrid,Numancia,4,3,H,4,2,H,19,12,10,4,6,3,17,14,0,1,0,0,1.25,5.5,12.0
809,14/09/08,Recreativo,Espanol,0,1,A,0,0,D,8,4,3,1,7,4,20,16,3,3,0,0,2.3,3.3,3.1
809,14/09/08,Sevilla,Sp Gijon,4,3,H,3,3,D,26,13,13,8,9,3,14,16,3,3,0,0,1.33,5.0,9.0
809,14/09/08,Villarreal,La Coruna,1,0,H,1,0,H,19,6,8,2,10,3,15,16,3,2,0,0,2.0,3.25,4.0
809,20/09/08,Ath Madrid,Recreativo,4,0,H,1,0,H,14,9,7,1,6,7,12,18,0,1,0,0,1.5,3.8,7.25
809,20/09/08,Espanol,Getafe,1,1,D,0,0,D,8,17,2,7,2,4,20,14,3,3,0,0,2.1,3.3,3.5
809,21/09/08,Almeria,Malaga,1,0,H,0,0,D,11,3,3,0,3,1,20,17,1,4,1,1,1.83,3.5,4.33
809,21/09/08,Ath Bilbao,Valladolid,2,0,H,0,0,D,20,12,6,2,4,2,17,17,3,2,0,0,2.0,3.3,3.75
809,21/09/08,Betis,Sevilla,0,0,D,0,0,D,14,11,3,1,5,8,18,16,2,2,0,0,3.1,3.25,2.3
809,21/09/08,La Coruna,Mallorca,0,0,D,0,0,D,17,14,6,2,6,8,15,23,5,3,1,1,1.91,3.3,4.2
809,21/09/08,Numancia,Villarreal,1,2,A,1,0,H,14,20,4,7,4,5,15,15,1,1,0,0,3.0,3.4,2.3
809,21/09/08,Santander,Real Madrid,0,2,A,0,0,D,13,9,2,3,10,4,19,16,0,5,0,0,3.4,3.4,2.1
809,21/09/08,Sp Gijon,Barcelona,1,6,A,0,2,A,5,23,2,8,3,14,16,8,2,0,1,0,7.5,3.8,1.5
809,21/09/08,Valencia,Osasuna,1,0,H,0,0,D,12,6,2,2,5,2,20,11,1,1,0,1,1.62,3.75,5.5
809,24/09/08,Barcelona,Betis,3,2,H,2,0,H,18,8,8,3,6,5,11,19,2,3,0,0,1.2,6.0,15.0
809,24/09/08,Getafe,Ath Madrid,1,2,A,0,1,A,18,9,6,5,7,2,9,18,2,4,0,0,2.9,3.25,2.4
809,24/09/08,Osasuna,La Coruna,0,0,D,0,0,D,14,6,2,1,8,3,12,13,1,2,0,1,2.25,3.25,3.2
809,24/09/08,Real Madrid,Sp Gijon,7,1,H,3,0,H,16,15,12,3,3,2,14,17,0,0,0,0,1.17,6.5,17.0
809,24/09/08,Sevilla,Espanol,2,0,H,0,0,D,20,5,10,1,3,2,17,24,3,6,0,0,1.62,3.6,6.0
809,24/09/08,Villarreal,Santander,2,0,H,2,0,H,7,6,5,3,1,5,3,6,3,5,0,0,1.57,3.75,6.0
809,25/09/08,Malaga,Valencia,0,2,A,0,0,D,9,10,3,5,2,3,17,24,4,1,1,0,3.75,3.3,2.0
809,25/09/08,Mallorca,Numancia,2,0,H,1,0,H,11,11,7,1,6,3,19,15,1,2,0,0,1.85,3.4,4.33
809,25/09/08,Recreativo,Ath Bilbao,1,1,D,0,0,D,13,10,7,3,5,3,14,21,2,3,0,0,2.35,3.25,3.0
809,25/09/08,Valladolid,Almeria,2,0,H,0,0,D,14,4,5,2,6,0,17,16,3,1,1,0,2.1,3.3,3.5
809,27/09/08,Betis,Real Madrid,1,2,A,0,1,A,15,17,7,8,3,5,19,17,3,3,1,1,4.33,3.6,1.8
809,27/09/08,Espanol,Barcelona,1,2,A,1,0,H,5,33,3,8,0,12,26,17,3,2,1,0,4.5,3.5,1.8
809,27/09/08,Sp Gijon,Villarreal,0,1,A,0,0,D,15,8,6,4,9,6,25,23,5,2,0,0,5.5,3.75,1.62
809,28/09/08,Almeria,Recreativo,1,0,H,0,0,D,10,5,4,1,12,1,27,18,1,1,0,3,1.8,3.5,4.5
809,28/09/08,Ath Bilbao,Getafe,0,1,A,0,0,D,14,9,6,3,9,3,20,14,3,3,0,0,2.2,3.25,3.3
809,28/09/08,Ath Madrid,Sevilla,0,1,A,0,1,A,18,10,1,1,8,4,23,22,3,5,0,0,2.05,3.3,3.6
809,28/09/08,Malaga,Valladolid,2,1,H,1,0,H,12,15,4,3,5,3,21,19,3,3,0,0,2.5,3.25,2.8
809,28/09/08,Numancia,Osasuna,0,0,D,0,0,D,4,8,0,1,6,3,19,20,2,3,1,0,2.38,3.25,3.0
809,28/09/08,Santander,Mallorca,1,2,A,1,1,D,18,16,7,9,5,3,13,20,3,4,0,0,2.2,3.1,3.5
809,28/09/08,Valencia,La Coruna,4,2,H,1,1,D,24,7,9,3,5,9,16,12,2,2,0,0,1.67,3.6,5.25
809,04/10/08,Barcelona,Ath Madrid,6,1,H,5,1,H,19,7,8,2,5,1,11,18,1,5,0,0,1.62,3.6,6.0
809,04/10/08,Villarreal,Betis,2,1,H,0,1,A,13,17,4,7,6,7,16,26,5,5,0,0,1.57,3.6,6.5
809,05/10/08,Getafe,Almeria,2,2,D,0,0,D,17,13,7,7,4,7,8,10,2,2,0,0,2.0,3.4,3.75
809,05/10/08,La Coruna,Numancia,1,0,H,1,0,H,13,10,1,3,4,4,20,20,1,3,0,0,1.73,3.5,5.0
809,05/10/08,Mallorca,Sp Gijon,0,2,A,0,1,A,27,8,9,3,8,3,15,20,1,3,0,0,1.62,3.6,6.0
809,05/10/08,Osasuna,Santander,0,1,A,0,0,D,6,6,4,4,8,2,13,18,3,4,1,0,2.05,3.25,3.75
809,05/10/08,Real Madrid,Espanol,2,2,D,2,2,D,24,10,6,4,0,1,19,10,3,1,0,0,1.33,5.0,9.0
809,05/10/08,Recreativo,Malaga,0,4,A,0,2,A,11,13,2,8,6,5,23,18,2,1,0,0,2.1,3.25,3.6
809,05/10/08,Sevilla,Ath Bilbao,4,0,H,2,0,H,13,4,9,1,5,7,3,4,2,4,0,0,1.44,4.2,7.5
809,05/10/08,Valladolid,Valencia,0,1,A,0,0,D,19,8,4,2,10,1,18,18,1,4,0,0,3.3,3.25,2.2
809,18/10/08,Ath Madrid,Real Madrid,1,2,A,0,1,A,20,20,6,11,10,4,18,14,5,2,1,1,2.9,3.3,2.4
809,18/10/08,Espanol,Villarreal,0,0,D,0,0,D,8,14,3,2,4,7,15,9,3,2,0,0,2.75,3.3,2.5
809,19/10/08,Almeria,Sevilla,0,1,A,0,0,D,13,10,5,3,0,4,15,17,1,3,0,0,2.7,3.25,2.6
809,19/10/08,Ath Bilbao,Barcelona,0,1,A,0,0,D,9,14,3,3,7,5,17,19,3,3,0,0,6.0,4.0,1.53
809,19/10/08,Betis,Mallorca,3,0,H,2,0,H,17,15,6,4,5,3,12,15,2,3,0,0,2.0,3.3,3.8
809,19/10/08,Malaga,Getafe,2,1,H,2,1,H,15,11,5,7,4,3,21,19,3,4,0,0,2.5,3.25,2.8
809,19/10/08,Santander,La Coruna,0,0,D,0,0,D,14,7,1,2,7,2,19,20,2,2,1,0,2.15,3.25,3.4
809,19/10/08,Sp Gijon,Osasuna,2,1,H,2,1,H,8,8,3,3,3,3,27,20,7,2,0,1,2.62,3.25,2.62
809,19/10/08,Valencia,Numancia,4,0,H,1,0,H,18,11,7,5,6,7,14,10,0,0,0,0,1.33,4.6,10.0
809,19/10/08,Valladolid,Recreativo,1,1,D,0,1,A,10,12,6,4,3,3,10,10,1,2,0,0,1.83,3.4,4.5
809,25/10/08,Barcelona,Almeria,5,0,H,5,0,H,13,6,9,2,6,6,13,15,0,3,0,1,1.22,5.75,13.0
809,25/10/08,Osasuna,Betis,0,2,A,0,0,D,13,17,6,5,1,5,11,10,1,0,0,0,2.3,3.2,3.2
809,26/10/08,Getafe,Valladolid,1,0,H,1,0,H,14,11,6,0,6,4,15,22,2,3,0,0,1.91,3.3,4.2
809,26/10/08,La Coruna,Sp Gijon,0,3,A,0,2,A,18,14,5,8,10,3,9,14,2,3,1,0,1.73,3.5,5.0
809,26/10/08,Mallorca,Espanol,3,0,H,0,0,D,13,9,6,3,9,0,22,15,3,2,0,0,2.38,3.2,3.0
809,26/10/08,Numancia,Santander,2,1,H,1,0,H,9,16,3,2,4,6,24,15,3,3,0,0,2.5,3.25,2.8
809,26/10/08,Real Madrid,Ath Bilbao,3,2,H,2,2,D,20,15,6,5,7,6,15,16,4,3,0,1,1.25,5.5,11.0
809,26/10/08,Recreativo,Valencia,1,1,D,0,0,D,6,14,3,6,3,5,20,11,4,2,0,0,4.0,3.4,1.91
809,26/10/08,Sevilla,Malaga,0,1,A,0,1,A,10,8,3,6,7,3,18,19,3,2,1,0,1.36,4.75,8.5
809,26/10/08,Villarreal,Ath Madrid,4,4,D,0,2,A,23,8,14,5,10,3,13,19,2,2,0,1,2.05,3.4,3.6
809,01/11/08,Ath Bilbao,Villarreal,1,4,A,1,1,D,15,14,6,6,5,2,23,21,4,2,0,0,3.25,3.3,2.2
809,01/11/08,Ath Madrid,Mallorca,2,0,H,2,0,H,12,19,3,8,2,8,18,18,2,3,0,0,1.53,4.0,6.0
809,01/11/08,Malaga,Barcelona,1,4,A,1,2,A,5,14,2,4,1,4,19,24,2,3,0,0,9.0,4.5,1.36
809,01/11/08,Valencia,Santander,2,4,A,1,1,D,11,11,7,4,4,4,17,19,2,3,0,0,1.36,4.5,9.0
809,02/11/08,Almeria,Real Madrid,1,1,D,0,1,A,15,13,3,6,5,3,25,11,4,2,0,0,5.5,3.5,1.67
809,02/11/08,Betis,La Coruna,0,3,A,0,0,D,20,15,7,7,13,1,13,14,1,1,1,0,1.91,3.3,4.2
809,02/11/08,Espanol,Osasuna,1,0,H,0,0,D,10,14,3,3,1,2,27,21,1,2,0,0,2.0,3.3,3.8
809,02/11/08,Recreativo,Getafe,1,1,D,0,0,D,8,17,3,3,1,3,25,17,2,4,1,0,2.5,3.25,2.8
809,02/11/08,Sp Gijon,Numancia,3,1,H,1,1,D,18,9,6,3,2,3,25,20,2,4,0,0,2.1,3.4,3.4
809,02/11/08,Valladolid,Sevilla,3,2,H,1,2,A,15,6,6,4,5,1,17,17,2,5,0,1,3.2,3.25,2.25
809,08/11/08,Barcelona,Valladolid,6,0,H,4,0,H,22,3,13,2,9,5,9,9,1,1,0,0,1.17,6.5,18.0
809,08/11/08,Real Madrid,Malaga,4,3,H,2,2,D,25,20,12,9,5,2,21,14,3,2,1,0,1.22,6.0,13.0
809,09/11/08,Getafe,Valencia,0,3,A,0,1,A,9,7,2,4,4,2,15,28,5,4,1,0,2.9,3.3,2.4
809,09/11/08,La Coruna,Espanol,1,0,H,1,0,H,14,10,3,4,6,5,11,17,1,2,0,0,2.15,3.3,3.4
809,09/11/08,Mallorca,Ath Bilbao,3,3,D,1,1,D,17,17,7,7,3,9,25,17,4,2,0,0,2.1,3.3,3.5
809,09/11/08,Numancia,Betis,2,4,A,1,3,A,13,15,7,6,4,1,22,15,2,2,0,0,2.6,3.25,2.75
809,09/11/08,Osasuna,Ath Madrid,0,0,D,0,0,D,15,14,4,3,9,4,16,16,1,1,0,0,3.2,3.3,2.25
809,09/11/08,Santander,Sp Gijon,1,0,H,0,0,D,9,9,1,2,5,4,19,23,4,2,0,0,2.0,3.3,3.75
809,09/11/08,Sevilla,Recreativo,1,0,H,0,0,D,10,13,3,3,6,7,18,18,2,2,0,0,1.36,4.5,9.0
809,09/11/08,Villarreal,Almeria,2,1,H,2,0,H,7,10,5,3,3,3,18,22,4,2,0,0,1.53,3.75,7.0
809,15/11/08,Valencia,Sp Gijon,2,3,A,0,1,A,21,12,8,5,7,3,15,21,2,2,0,0,1.36,4.75,8.5
809,15/11/08,Valladolid,Real Madrid,1,0,H,0,0,D,8,16,3,7,7,6,17,20,3,3,0,1,4.2,3.3,1.91
809,16/11/08,Almeria,Mallorca,2,1,H,1,0,H,15,10,6,5,6,5,21,18,1,2,0,0,2.0,3.3,3.8
809,16/11/08,Ath Bilbao,Osasuna,2,0,H,1,0,H,19,8,8,1,7,5,24,21,3,4,0,0,2.1,3.3,3.5
809,16/11/08,Ath Madrid,La Coruna,4,1,H,1,0,H,16,14,7,6,8,5,12,7,0,2,0,0,1.62,3.75,5.5
809,16/11/08,Betis,Santander,3,1,H,2,0,H,17,14,6,7,5,5,18,18,2,1,0,0,1.91,3.4,4.0
809,16/11/08,Espanol,Numancia,3,4,A,1,1,D,10,11,5,6,6,1,19,23,2,5,0,0,1.73,3.5,5.0
809,16/11/08,Getafe,Sevilla,0,2,A,0,1,A,14,8,3,3,6,2,8,17,2,2,0,0,2.88,3.3,2.4
809,16/11/08,Malaga,Villarreal,2,2,D,1,1,D,13,16,4,6,11,5,16,27,4,3,0,0,3.4,3.4,2.1
809,16/11/08,Recreativo,Barcelona,0,2,A,0,0,D,7,21,2,8,5,5,21,12,3,2,0,0,9.0,5.0,1.33
809,22/11/08,Real Madrid,Recreativo,1,0,H,1,0,H,23,7,7,2,5,5,17,22,1,3,0,0,1.3,5.5,9.0
809,22/11/08,Sevilla,Valencia,0,0,D,0,0,D,18,15,3,2,5,3,12,21,2,3,0,0,2.2,3.25,3.3
809,22/11/08,Villarreal,Valladolid,0,3,A,0,3,A,13,15,4,7,7,4,14,25,2,1,0,0,1.44,4.0,8.0
809,23/11/08,Barcelona,Getafe,1,1,D,0,1,A,14,7,4,4,13,5,19,20,3,4,0,0,1.18,7.0,15.0
809,23/11/08,La Coruna,Ath Bilbao,3,1,H,2,0,H,18,18,9,6,10,7,13,18,2,2,0,0,2.0,3.3,3.8
809,23/11/08,Mallorca,Malaga,2,2,D,1,2,A,27,14,11,5,9,1,20,17,3,3,0,0,2.1,3.4,3.4
809,23/11/08,Numancia,Ath Madrid,1,1,D,0,1,A,17,9,5,4,5,6,15,16,1,3,0,0,3.6,3.5,2.0
809,23/11/08,Osasuna,Almeria,3,1,H,1,1,D,17,7,8,2,6,3,16,19,3,3,0,1,2.25,3.2,3.25
809,23/11/08,Santander,Espanol,3,0,H,2,0,H,18,9,4,3,5,5,24,20,1,3,0,0,2.1,3.25,3.6
809,23/11/08,Sp Gijon,Betis,1,2,A,1,0,H,22,15,8,7,6,8,23,12,4,4,0,0,2.4,3.2,3.0
809,29/11/08,Getafe,Real Madrid,3,1,H,1,0,H,13,18,3,6,4,8,20,20,2,5,0,0,3.5,3.3,2.1
809,29/11/08,Sevilla,Barcelona,0,3,A,0,1,A,10,22,2,9,1,2,16,13,0,3,1,0,3.4,3.5,2.1
809,30/11/08,Almeria,La Coruna,0,1,A,0,0,D,5,13,1,4,6,1,18,14,3,4,1,0,2.1,3.3,3.5
809,30/11/08,Ath Bilbao,Numancia,2,0,H,2,0,H,16,15,8,1,7,9,19,16,2,4,1,0,1.85,3.5,4.2
809,30/11/08,Ath Madrid,Santander,4,1,H,2,1,H,6,14,4,2,1,8,17,13,4,1,0,1,1.57,3.8,6.0
809,30/11/08,Espanol,Sp Gijon,0,1,A,0,1,A,18,10,2,3,6,5,21,21,4,1,0,0,2.1,3.3,3.5
809,30/11/08,Malaga,Osasuna,4,2,H,0,0,D,14,12,6,3,6,6,20,20,4,3,0,0,2.2,3.25,3.25
809,30/11/08,Recreativo,Villarreal,1,2,A,0,2,A,14,11,2,5,11,6,18,16,1,3,0,0,3.5,3.3,2.1
809,30/11/08,Valencia,Betis,3,2,H,2,0,H,12,18,4,5,3,8,18,17,3,3,1,0,1.8,3.4,4.5
809,30/11/08,Valladolid,Mallorca,3,0,H,1,0,H,12,6,9,4,5,3,16,14,2,5,0,0,2.0,3.3,3.8
809,06/12/08,Barcelona,Valencia,4,0,H,2,0,H,17,5,7,2,3,3,15,20,0,5,0,0,1.53,4.2,6.0
809,06/12/08,Sp Gijon,Ath Madrid,2,5,A,1,2,A,19,20,4,9,9,8,16,10,2,4,0,0,3.4,3.2,2.2
809,06/12/08,Villarreal,Getafe,3,3,D,0,3,A,20,10,7,3,5,1,15,21,1,3,0,0,1.73,3.6,4.75
809,07/12/08,Betis,Espanol,1,1,D,0,0,D,26,14,4,5,11,9,9,14,2,3,0,0,1.67,3.6,5.25
809,07/12/08,La Coruna,Malaga,2,0,H,0,0,D,16,10,5,3,8,8,18,22,2,2,0,0,1.91,3.4,4.0
809,07/12/08,Mallorca,Recreativo,2,3,A,2,2,D,17,10,4,7,7,2,19,20,3,3,0,0,1.91,3.4,4.0
809,07/12/08,Numancia,Almeria,2,1,H,1,1,D,15,16,2,2,7,4,15,19,4,5,1,0,2.4,3.4,2.8
809,07/12/08,Osasuna,Valladolid,3,3,D,2,0,H,14,8,6,3,7,6,19,10,4,1,0,0,2.2,3.4,3.2
809,07/12/08,Real Madrid,Sevilla,3,4,A,1,3,A,25,16,13,8,9,1,15,19,3,5,1,0,2.1,3.4,3.4
809,07/12/08,Santander,Ath Bilbao,1,1,D,0,0,D,14,12,2,6,8,3,14,16,2,1,0,1,2.1,3.25,3.6
809,13/12/08,Barcelona,Real Madrid,2,0,H,0,0,D,19,6,8,3,11,4,13,19,3,5,0,0,1.57,3.8,6.0
809,13/12/08,Valencia,Espanol,2,1,H,0,1,A,22,7,6,3,11,1,20,18,4,4,0,1,1.53,4.0,6.0
809,14/12/08,Almeria,Santander,1,1,D,0,1,A,7,9,4,1,10,4,17,17,5,3,0,1,2.2,3.3,3.25
809,14/12/08,Ath Bilbao,Sp Gijon,3,0,H,3,0,H,16,7,7,1,10,7,12,14,1,3,0,0,2.0,3.3,3.8
809,14/12/08,Ath Madrid,Betis,2,0,H,1,0,H,17,10,7,3,1,6,14,15,1,3,0,0,1.62,3.75,5.5
809,14/12/08,Getafe,Mallorca,4,1,H,2,1,H,12,14,5,7,2,6,17,24,2,6,0,0,1.85,3.4,4.33
809,14/12/08,Malaga,Numancia,2,0,H,0,0,D,13,11,5,2,4,3,13,14,3,2,0,0,1.95,3.3,4.0
809,14/12/08,Recreativo,Osasuna,1,0,H,0,0,D,7,13,3,7,9,6,12,16,1,2,0,0,2.3,3.25,3.1
809,14/12/08,Sevilla,Villarreal,1,0,H,1,0,H,26,4,8,1,10,0,23,12,2,2,0,1,2.05,3.3,3.6
809,14/12/08,Valladolid,La Coruna,3,0,H,2,0,H,12,9,6,3,4,6,9,8,1,2,0,0,2.1,3.4,3.4
809,20/12/08,Espanol,Ath Madrid,2,3,A,0,1,A,21,13,8,5,5,4,16,14,2,3,0,0,3.4,3.4,2.1
809,20/12/08,Real Madrid,Valencia,1,0,H,1,0,H,19,20,6,4,9,12,18,16,4,2,0,1,1.9,3.4,4.0
809,21/12/08,Betis,Ath Bilbao,0,1,A,0,1,A,12,12,1,4,4,5,16,22,0,2,0,0,2.1,3.25,3.6
809,21/12/08,La Coruna,Recreativo,4,1,H,3,1,H,21,6,7,2,9,2,9,18,4,1,0,0,1.72,3.5,5.0
809,21/12/08,Mallorca,Sevilla,0,0,D,0,0,D,15,7,2,1,8,3,20,13,3,4,0,0,3.5,3.5,2.05
809,21/12/08,Numancia,Valladolid,4,3,H,1,1,D,11,19,7,6,4,10,9,7,4,3,0,0,2.5,3.4,2.75
809,21/12/08,Osasuna,Getafe,5,2,H,4,0,H,12,14,8,7,7,5,16,14,1,4,0,0,2.4,3.3,2.87
809,21/12/08,Santander,Malaga,1,1,D,0,1,A,15,14,3,5,5,3,17,16,3,3,0,0,2.05,3.4,3.6
809,21/12/08,Sp Gijon,Almeria,1,0,H,1,0,H,8,10,3,4,6,9,17,12,5,2,0,0,2.3,3.0,3.4
809,21/12/08,Villarreal,Barcelona,1,2,A,0,0,D,8,16,1,7,4,7,17,22,3,2,0,1,4.2,3.75,1.8
809,03/01/09,Barcelona,Mallorca,3,1,H,1,1,D,18,6,8,3,5,0,11,17,4,4,0,1,1.18,6.5,15.0
809,03/01/09,Valencia,Ath Madrid,3,1,H,2,1,H,16,11,6,5,2,3,18,20,2,3,0,0,2.1,3.4,3.4
809,04/01/09,Almeria,Betis,1,0,H,1,0,H,10,17,3,5,4,6,18,14,2,1,1,1,2.37,3.3,3.0
809,04/01/09,Ath Bilbao,Espanol,1,1,D,0,1,A,16,10,6,5,8,5,22,23,3,5,0,0,1.9,3.4,4.0
809,04/01/09,Getafe,La Coruna,1,2,A,1,1,D,14,12,4,3,5,4,17,10,6,5,0,0,2.1,3.3,3.5
809,04/01/09,Malaga,Sp Gijon,1,0,H,1,0,H,14,6,8,2,5,1,11,19,1,3,0,0,1.95,3.25,4.2
809,04/01/09,Real Madrid,Villarreal,1,0,H,1,0,H,16,14,6,6,7,11,24,20,2,4,0,0,1.75,3.75,4.5
809,04/01/09,Recreativo,Numancia,3,1,H,1,0,H,10,12,4,4,4,5,16,14,3,0,0,0,2.1,3.3,3.5
809,04/01/09,Sevilla,Osasuna,1,1,D,0,0,D,15,13,3,1,11,3,19,12,5,3,0,0,1.36,4.5,9.0
809,04/01/09,Valladolid,Santander,0,1,A,0,0,D,8,9,3,4,11,4,8,15,1,4,0,0,2.0,3.4,3.75
809,10/01/09,La Coruna,Sevilla,1,3,A,1,0,H,20,8,4,4,10,1,13,15,1,2,0,1,2.7,3.2,2.7
809,10/01/09,Valencia,Villarreal,3,3,D,2,1,H,19,23,7,10,8,11,14,21,1,3,0,0,2.0,3.3,3.8
809,11/01/09,Ath Madrid,Ath Bilbao,2,3,A,1,1,D,12,9,2,4,11,8,21,16,7,4,1,0,1.62,3.6,6.0
809,11/01/09,Betis,Malaga,1,2,A,1,1,D,21,20,9,7,4,4,13,13,1,2,2,0,2.0,3.4,3.7
809,11/01/09,Espanol,Almeria,2,2,D,0,1,A,23,9,9,3,4,3,15,27,5,3,0,0,2.05,3.5,3.6
809,11/01/09,Mallorca,Real Madrid,0,3,A,0,2,A,14,11,3,6,9,0,24,20,6,3,0,0,4.75,3.5,1.75
809,11/01/09,Numancia,Getafe,2,0,H,1,0,H,14,7,5,3,3,3,21,15,1,3,0,1,2.5,3.3,2.8
809,11/01/09,Osasuna,Barcelona,2,3,A,0,1,A,6,17,5,9,2,7,11,11,2,3,0,0,8.0,4.5,1.4
809,11/01/09,Santander,Recreativo,1,1,D,1,1,D,10,10,2,5,4,5,17,12,3,3,0,0,1.91,3.4,4.0
809,11/01/09,Sp Gijon,Valladolid,2,1,H,2,0,H,8,6,6,2,2,12,22,14,3,1,0,1,2.38,3.1,3.2
809,17/01/09,Barcelona,La Coruna,5,0,H,3,0,H,21,1,10,0,9,4,8,12,0,0,0,1,1.25,5.5,12.0
809,17/01/09,Sevilla,Numancia,1,0,H,0,0,D,20,10,2,5,9,6,21,21,4,3,0,1,1.33,4.75,9.5
809,18/01/09,Almeria,Ath Madrid,1,1,D,1,1,D,11,18,3,4,10,7,17,18,3,2,1,1,3.0,3.4,2.3
809,18/01/09,Ath Bilbao,Valencia,3,2,H,2,2,D,14,17,7,6,4,1,15,16,4,2,0,1,3.0,3.4,2.3
809,18/01/09,Getafe,Santander,0,1,A,0,1,A,16,6,3,1,6,3,11,24,3,6,0,0,2.2,3.3,3.3
809,18/01/09,Malaga,Espanol,4,0,H,1,0,H,10,16,9,5,4,4,16,16,0,2,0,0,2.0,3.4,3.75
809,18/01/09,Real Madrid,Osasuna,3,1,H,0,1,A,19,5,6,3,5,1,16,21,3,3,0,1,1.25,5.5,12.0
809,18/01/09,Recreativo,Sp Gijon,2,0,H,1,0,H,17,13,4,1,4,4,19,22,2,4,0,0,2.25,3.0,3.5
809,18/01/09,Valladolid,Betis,1,3,A,1,1,D,14,11,2,9,4,2,10,14,0,3,0,0,2.05,3.4,3.5
809,18/01/09,Villarreal,Mallorca,2,0,H,2,0,H,9,17,6,6,1,2,9,13,0,1,0,0,1.44,4.2,7.5
809,24/01/09,Barcelona,Numancia,4,1,H,0,0,D,24,4,8,2,3,2,14,13,2,3,0,1,1.14,7.5,18.0
809,24/01/09,Villarreal,Osasuna,1,1,D,1,0,H,12,9,8,4,5,10,19,24,2,2,0,0,1.5,4.0,7.0
809,25/01/09,Almeria,Ath Bilbao,2,1,H,2,0,H,16,8,5,4,10,8,16,10,1,4,0,0,2.4,3.3,2.87
809,25/01/09,Getafe,Sp Gijon,5,1,H,2,1,H,22,9,10,5,7,6,12,21,2,2,0,0,1.9,3.3,4.0
809,25/01/09,Malaga,Ath Madrid,1,1,D,1,1,D,16,19,5,10,6,4,15,14,3,3,0,0,2.7,3.4,2.5
809,25/01/09,Mallorca,Valencia,3,1,H,3,0,H,22,12,10,1,8,6,14,11,1,1,0,0,3.2,3.3,2.25
809,25/01/09,Real Madrid,La Coruna,1,0,H,1,0,H,18,9,6,2,8,3,9,14,2,2,0,0,1.4,4.5,7.5
809,25/01/09,Recreativo,Betis,1,0,H,0,0,D,10,11,3,4,4,3,14,18,4,3,0,0,2.5,3.25,2.8
809,25/01/09,Sevilla,Santander,0,2,A,0,1,A,17,12,5,7,4,4,16,23,1,6,0,1,1.53,3.8,6.5
809,25/01/09,Valladolid,Espanol,1,1,D,1,0,H,22,13,7,4,6,7,22,18,1,4,0,0,2.05,3.4,3.6
809,31/01/09,Ath Bilbao,Malaga,3,2,H,1,1,D,21,16,6,4,3,2,13,20,2,3,0,0,2.0,3.5,3.6
809,31/01/09,Numancia,Real Madrid,0,2,A,0,0,D,13,13,3,5,6,2,17,14,2,2,0,1,6.5,3.6,1.57
809,01/02/09,Ath Madrid,Valladolid,1,2,A,0,0,D,10,12,2,2,4,5,16,11,2,2,0,0,1.53,3.8,7.5
809,01/02/09,Betis,Getafe,2,2,D,2,0,H,6,26,2,10,2,15,18,12,3,4,1,0,2.1,3.4,3.4
809,01/02/09,Espanol,Recreativo,1,1,D,0,0,D,10,14,5,5,6,8,16,18,2,2,1,0,2.0,3.4,3.75
809,01/02/09,La Coruna,Villarreal,3,0,H,1,0,H,17,10,12,4,5,4,20,16,3,4,0,0,2.5,3.4,2.75
809,01/02/09,Osasuna,Mallorca,1,0,H,1,0,H,9,13,3,2,9,8,20,24,3,3,1,2,2.0,3.25,4.0
809,01/02/09,Santander,Barcelona,1,2,A,0,0,D,7,8,4,2,2,3,21,12,1,2,0,2,7.5,3.75,1.5
809,01/02/09,Sp Gijon,Sevilla,1,0,H,0,0,D,13,15,4,9,3,7,21,16,2,2,1,0,3.75,3.25,2.05
809,01/02/09,Valencia,Almeria,3,2,H,2,1,H,9,12,5,5,4,4,23,17,3,2,0,0,1.61,3.6,6.0
809,07/02/09,Real Madrid,Santander,1,0,H,0,0,D,14,12,5,3,10,5,17,11,4,3,0,0,1.4,4.33,8.5
809,07/02/09,Sevilla,Betis,1,2,A,0,0,D,18,15,4,7,6,2,17,22,2,5,1,0,1.75,3.5,4.75
809,08/02/09,Barcelona,Sp Gijon,3,1,H,2,0,H,18,5,7,1,7,2,13,19,2,3,0,0,1.16,6.5,17.0
809,08/02/09,Getafe,Espanol,1,1,D,1,1,D,29,7,9,3,10,1,16,21,3,3,0,1,1.9,3.4,4.0
809,08/02/09,Malaga,Almeria,3,2,H,0,2,A,20,9,11,2,8,5,17,16,5,4,0,1,2.05,3.4,3.6
809,08/02/09,Mallorca,La Coruna,1,1,D,0,0,D,15,15,5,5,7,2,20,21,2,4,1,0,2.4,3.3,2.87
809,08/02/09,Osasuna,Valencia,1,0,H,0,0,D,10,15,2,4,7,4,18,13,6,5,0,0,2.62,3.3,2.62
809,08/02/09,Recreativo,Ath Madrid,0,3,A,0,3,A,15,9,6,4,10,2,10,23,1,2,0,0,2.87,3.4,2.37
809,08/02/09,Valladolid,Ath Bilbao,2,1,H,1,0,H,16,15,5,2,8,8,20,12,3,1,0,1,2.1,3.4,3.4
809,08/02/09,Villarreal,Numancia,2,1,H,1,1,D,21,8,12,4,3,4,10,18,4,2,0,0,1.5,4.0,7.0
809,14/02/09,Betis,Barcelona,2,2,D,2,1,H,7,23,5,12,1,7,20,14,3,2,0,0,6.5,4.0,1.53
809,14/02/09,La Coruna,Osasuna,0,0,D,0,0,D,15,6,2,1,10,4,10,18,2,2,0,0,2.05,3.25,3.75
809,14/02/09,Valencia,Malaga,1,1,D,0,0,D,19,15,9,5,5,1,21,11,3,3,0,0,1.73,3.6,4.75
809,15/02/09,Almeria,Valladolid,3,2,H,0,2,A,10,12,5,4,8,0,18,23,4,3,2,1,2.2,3.4,3.25
809,15/02/09,Ath Bilbao,Recreativo,1,1,D,0,1,A,7,16,2,1,3,2,13,15,2,3,0,0,1.8,3.4,4.5
809,15/02/09,Ath Madrid,Getafe,1,1,D,1,0,H,16,14,6,4,6,6,15,13,4,3,0,0,1.73,3.5,5.0
809,15/02/09,Espanol,Sevilla,0,2,A,0,0,D,12,20,4,7,4,8,14,12,2,2,1,0,3.1,3.3,2.3
809,15/02/09,Numancia,Mallorca,0,1,A,0,1,A,15,10,4,5,8,4,10,20,1,1,0,0,2.3,3.3,3.1
809,15/02/09,Santander,Villarreal,1,1,D,1,1,D,11,15,6,7,8,7,19,9,2,1,0,0,2.4,3.3,3.0
809,15/02/09,Sp Gijon,Real Madrid,0,4,A,0,2,A,10,17,1,9,5,5,13,6,1,1,0,0,5.5,3.75,1.62
809,21/02/09,Barcelona,Espanol,1,2,A,0,0,D,20,4,2,2,4,2,14,24,6,6,1,0,1.22,5.75,13.0
809,21/02/09,Real Madrid,Betis,6,1,H,6,1,H,21,13,8,1,2,2,11,19,1,3,0,0,1.44,4.33,7.0
809,21/02/09,Sevilla,Ath Madrid,1,0,H,0,0,D,12,5,11,4,9,7,18,16,2,4,0,0,2.0,3.3,3.75
809,21/02/09,Villarreal,Sp Gijon,2,1,H,2,1,H,15,7,11,2,5,5,14,26,3,4,0,0,1.57,3.8,6.0
809,22/02/09,Getafe,Ath Bilbao,1,1,D,1,1,D,20,4,8,2,7,3,16,24,6,3,0,0,2.1,3.3,3.5
809,22/02/09,La Coruna,Valencia,1,1,D,0,1,A,16,7,7,1,6,6,13,21,1,7,0,1,2.4,3.25,2.9
809,22/02/09,Mallorca,Santander,1,0,H,0,0,D,16,10,8,0,7,4,20,28,4,5,0,1,2.5,3.25,2.8
809,22/02/09,Osasuna,Numancia,2,0,H,2,0,H,15,16,6,4,10,8,20,18,5,2,0,0,1.72,3.5,5.0
809,22/02/09,Recreativo,Almeria,1,1,D,0,0,D,16,7,7,1,9,2,15,14,3,3,0,1,2.1,3.25,3.6
809,22/02/09,Valladolid,Malaga,1,3,A,0,2,A,22,8,16,5,9,3,17,10,3,2,0,0,2.2,3.25,3.25
809,28/02/09,Ath Bilbao,Sevilla,1,2,A,1,1,D,8,17,5,4,3,4,18,10,5,2,0,0,2.75,3.25,2.6
809,28/02/09,Espanol,Real Madrid,0,2,A,0,0,D,9,11,2,3,3,2,12,17,2,3,0,0,4.5,3.5,1.8
809,01/03/09,Almeria,Getafe,2,1,H,1,1,D,11,17,5,5,8,2,19,14,4,5,0,0,2.2,3.25,3.4
809,01/03/09,Ath Madrid,Barcelona,4,3,H,1,2,A,22,14,9,6,6,3,15,17,3,2,0,0,3.75,3.6,1.9
809,01/03/09,Betis,Villarreal,2,2,D,1,2,A,26,14,5,6,8,2,24,15,5,4,0,0,2.5,3.25,2.8
809,01/03/09,Malaga,Recreativo,0,2,A,0,0,D,16,10,4,5,12,4,17,23,2,5,1,0,1.8,3.5,4.5
809,01/03/09,Numancia,La Coruna,0,1,A,0,0,D,11,13,3,5,4,5,12,15,2,2,0,0,2.62,3.25,2.62
809,01/03/09,Santander,Osasuna,1,1,D,1,1,D,14,11,5,4,3,4,24,19,2,2,0,0,2.4,3.2,3.1
809,01/03/09,Sp Gijon,Mallorca,0,1,A,0,0,D,12,12,2,7,4,1,15,13,4,4,0,0,2.3,3.25,3.1
809,01/03/09,Valencia,Valladolid,1,2,A,0,2,A,13,9,4,2,5,3,18,13,3,3,0,1,1.8,3.4,4.75
809,07/03/09,Barcelona,Ath Bilbao,2,0,H,2,0,H,28,5,10,0,5,1,16,24,3,4,0,0,1.28,5.5,9.5
809,07/03/09,Real Madrid,Ath Madrid,1,1,D,0,1,A,19,18,5,4,12,4,21,16,2,1,0,0,1.72,3.6,4.75
809,07/03/09,Villarreal,Espanol,1,0,H,1,0,H,10,14,2,5,3,9,15,20,3,0,0,0,1.8,3.4,4.75
809,08/03/09,Getafe,Malaga,1,2,A,0,2,A,21,8,3,3,6,2,18,17,7,4,1,1,2.2,3.3,3.3
809,08/03/09,La Coruna,Santander,5,3,H,1,2,A,12,18,6,8,5,7,13,21,1,3,0,0,2.2,3.2,3.4
809,08/03/09,Mallorca,Betis,3,3,D,0,2,A,17,11,7,4,7,5,9,20,2,3,0,0,2.3,3.25,3.1
809,08/03/09,Numancia,Valencia,2,1,H,1,1,D,12,15,5,4,1,6,21,13,5,4,0,0,3.4,3.4,2.1
809,08/03/09,Osasuna,Sp Gijon,1,2,A,1,2,A,16,9,2,6,7,2,16,21,2,5,0,0,1.66,3.4,6.0
809,08/03/09,Recreativo,Valladolid,2,3,A,1,2,A,18,10,8,4,8,8,21,14,1,2,0,2,2.3,3.3,3.1
809,08/03/09,Sevilla,Almeria,2,1,H,1,0,H,15,11,10,5,4,3,19,13,3,2,0,0,1.72,3.6,4.75
809,14/03/09,Ath Bilbao,Real Madrid,2,5,A,2,2,D,13,25,8,9,10,1,17,27,7,4,2,0,3.75,3.4,2.0
809,14/03/09,Valencia,Recreativo,1,1,D,0,0,D,18,8,4,1,7,10,15,24,2,4,1,0,1.91,3.4,4.33
809,15/03/09,Almeria,Barcelona,0,2,A,0,0,D,5,17,1,7,5,5,11,10,4,0,0,0,5.75,3.8,1.6
809,15/03/09,Ath Madrid,Villarreal,3,2,H,0,1,A,32,6,14,4,12,2,28,15,5,2,0,1,2.05,3.4,3.6
809,15/03/09,Betis,Osasuna,0,0,D,0,0,D,22,5,5,0,6,3,10,24,3,4,0,0,2.1,3.3,3.5
809,15/03/09,Espanol,Mallorca,3,3,D,0,1,A,8,17,3,7,3,5,16,20,3,3,1,0,2.1,3.3,3.5
809,15/03/09,Malaga,Sevilla,2,2,D,2,0,H,4,21,2,9,1,5,22,16,3,1,1,0,2.8,3.3,2.5
809,15/03/09,Santander,Numancia,5,0,H,5,0,H,20,5,9,1,6,8,25,23,1,4,0,0,1.8,3.4,4.75
809,15/03/09,Sp Gijon,La Coruna,3,2,H,0,0,D,13,16,8,5,5,5,22,15,5,3,0,0,2.62,3.2,2.7
809,15/03/09,Valladolid,Getafe,1,0,H,0,0,D,16,8,6,1,17,4,12,13,2,1,0,1,2.05,3.4,3.6
809,21/03/09,Sevilla,Valladolid,4,1,H,2,1,H,16,8,7,2,9,2,15,19,2,4,0,0,1.66,3.6,5.5
809,21/03/09,Villarreal,Ath Bilbao,2,0,H,0,0,D,16,15,7,5,6,5,21,21,4,1,0,1,1.72,3.6,4.75
809,22/03/09,Barcelona,Malaga,6,0,H,4,0,H,27,10,14,3,10,7,9,15,2,3,0,0,1.22,6.0,13.0
809,22/03/09,Getafe,Recreativo,2,1,H,0,0,D,25,9,13,4,8,2,12,20,0,1,0,0,2.0,3.3,3.8
809,22/03/09,La Coruna,Betis,1,1,D,1,1,D,18,16,4,7,5,1,11,17,1,4,0,0,2.2,3.3,3.25
809,22/03/09,Mallorca,Ath Madrid,2,0,H,1,0,H,8,9,3,0,4,3,23,14,2,2,0,0,3.0,3.4,2.3
809,22/03/09,Numancia,Sp Gijon,2,1,H,1,0,H,13,9,6,3,9,3,22,22,2,3,1,1,2.35,3.25,3.0
809,22/03/09,Osasuna,Espanol,1,0,H,0,0,D,9,8,4,4,5,5,25,14,6,3,0,0,2.15,3.25,3.4
809,22/03/09,Real Madrid,Almeria,3,0,H,1,0,H,15,14,7,4,4,7,13,16,5,2,0,0,1.3,5.25,9.5
809,22/03/09,Santander,Valencia,0,1,A,0,0,D,19,7,8,2,9,6,17,20,4,2,0,1,2.4,3.25,2.9
809,04/04/09,Almeria,Villarreal,3,0,H,3,0,H,18,7,6,3,1,3,20,14,2,3,0,1,2.4,3.2,3.0
809,04/04/09,Ath Bilbao,Mallorca,2,1,H,1,0,H,9,18,3,1,0,0,29,22,6,3,0,0,2.0,3.4,3.6
809,04/04/09,Betis,Numancia,3,3,D,1,1,D,20,18,9,6,6,4,21,15,3,4,2,1,1.61,3.75,5.5
809,04/04/09,Malaga,Real Madrid,0,1,A,0,0,D,11,16,7,5,8,6,17,21,3,4,0,0,4.75,3.6,1.72
809,04/04/09,Recreativo,Sevilla,0,1,A,0,1,A,12,17,0,4,8,3,17,14,3,2,1,0,3.6,3.4,2.0
809,04/04/09,Valladolid,Barcelona,0,1,A,0,1,A,7,13,2,4,4,4,21,9,1,0,0,0,6.0,4.0,1.53
809,05/04/09,Ath Madrid,Osasuna,2,4,A,1,2,A,17,11,6,5,8,5,14,15,2,1,0,0,1.66,3.6,5.25
809,05/04/09,Espanol,La Coruna,3,1,H,2,1,H,12,11,6,5,5,3,20,17,2,1,0,0,2.4,3.2,3.0
809,05/04/09,Sp Gijon,Santander,0,2,A,0,0,D,15,5,12,3,9,2,18,16,2,4,0,0,2.62,3.25,2.62
809,05/04/09,Valencia,Getafe,4,1,H,2,0,H,16,18,8,5,3,3,26,14,1,3,0,1,1.85,3.5,4.2
809,11/04/09,Barcelona,Recreativo,2,0,H,1,0,H,16,7,6,4,15,4,12,14,0,1,0,0,1.14,7.5,17.0
809,11/04/09,Villarreal,Malaga,0,2,A,0,1,A,20,8,6,2,10,5,14,13,2,2,0,0,2.1,3.3,3.5
809,12/04/09,La Coruna,Ath Madrid,1,2,A,0,1,A,9,8,4,4,4,5,10,19,2,5,0,0,2.5,3.4,2.75
809,12/04/09,Mallorca,Almeria,2,0,H,0,0,D,8,5,6,3,1,0,7,6,5,1,0,1,2.1,3.4,3.4
809,12/04/09,Numancia,Espanol,0,0,D,0,0,D,9,18,4,7,4,7,32,18,5,2,0,0,2.5,3.25,2.8
809,12/04/09,Osasuna,Ath Bilbao,2,1,H,1,1,D,21,10,5,5,4,1,15,15,4,2,0,1,2.1,3.25,3.6
809,12/04/09,Real Madrid,Valladolid,2,0,H,1,0,H,20,17,6,9,2,5,15,15,3,1,0,0,1.29,5.5,10.0
809,12/04/09,Santander,Betis,2,3,A,2,2,D,14,14,3,5,10,7,21,20,3,5,1,0,2.0,3.4,3.75
809,12/04/09,Sevilla,Getafe,0,1,A,0,0,D,15,12,5,2,7,3,12,11,1,2,0,0,1.53,3.75,7.0
809,12/04/09,Sp Gijon,Valencia,2,3,A,1,1,D,16,5,7,3,11,3,19,11,5,3,0,0,3.6,3.2,2.1
809,18/04/09,Ath Bilbao,La Coruna,0,1,A,0,0,D,20,7,5,1,6,2,17,16,2,2,1,0,2.15,3.4,3.3
809,18/04/09,Ath Madrid,Numancia,3,0,H,0,0,D,24,5,9,1,10,1,13,11,3,2,0,0,1.33,4.75,9.5
809,18/04/09,Getafe,Barcelona,0,1,A,0,1,A,3,17,0,8,1,5,19,9,4,2,0,0,7.0,4.33,1.44
809,18/04/09,Malaga,Mallorca,1,1,D,0,0,D,8,18,3,8,5,4,9,15,0,3,0,0,2.0,3.4,3.7
809,18/04/09,Recreativo,Real Madrid,0,1,A,0,0,D,8,19,3,8,4,9,13,13,1,3,0,0,6.0,3.8,1.57
809,19/04/09,Almeria,Osasuna,2,1,H,0,0,D,23,10,9,5,16,0,15,17,3,4,0,0,2.25,3.25,3.2
809,19/04/09,Betis,Sp Gijon,2,0,H,1,0,H,14,13,6,2,3,5,16,21,1,4,1,1,1.67,3.6,5.25
809,19/04/09,Espanol,Santander,1,0,H,0,0,D,13,8,2,1,7,5,18,27,1,5,0,0,2.15,3.25,3.4
809,19/04/09,Valencia,Sevilla,3,1,H,1,1,D,21,12,7,3,5,12,21,22,7,8,0,1,2.1,3.4,3.4
809,19/04/09,Valladolid,Villarreal,0,0,D,0,0,D,11,10,3,2,10,3,8,13,1,0,1,0,2.3,3.4,3.0
809,21/04/09,Numancia,Ath Bilbao,1,2,A,1,1,D,14,10,2,4,2,4,22,10,3,1,1,1,2.62,3.4,2.6
809,21/04/09,Real Madrid,Getafe,3,2,H,1,1,D,18,12,6,4,6,4,20,15,6,4,1,0,1.25,5.5,12.0
809,22/04/09,Barcelona,Sevilla,4,0,H,2,0,H,28,6,7,2,9,2,11,17,2,2,0,0,1.36,4.75,8.0
809,22/04/09,Betis,Valencia,1,2,A,0,0,D,7,9,2,4,3,4,20,20,1,2,0,0,2.9,3.25,2.4
809,22/04/09,La Coruna,Almeria,2,0,H,0,0,D,17,16,5,2,5,5,17,13,2,1,0,0,2.0,3.3,3.75
809,22/04/09,Osasuna,Malaga,2,3,A,2,1,H,10,11,4,5,5,3,12,11,1,0,3,1,2.15,3.3,3.3
809,23/04/09,Mallorca,Valladolid,2,0,H,0,0,D,14,9,6,1,4,5,10,14,1,3,0,0,2.05,3.3,3.6
809,23/04/09,Santander,Ath Madrid,5,1,H,3,0,H,13,8,7,4,6,5,22,13,3,2,0,0,2.87,3.3,2.4
809,23/04/09,Sp Gijon,Espanol,0,3,A,0,1,A,12,8,4,3,5,2,16,22,2,0,1,0,2.65,3.3,2.6
809,23/04/09,Villarreal,Recreativo,2,1,H,1,1,D,9,7,2,1,8,4,18,14,4,4,0,0,1.65,3.6,5.5
809,25/04/09,Almeria,Numancia,2,1,H,2,0,H,15,15,4,5,11,8,14,7,1,2,0,0,1.66,3.6,5.5
809,25/04/09,Malaga,La Coruna,1,1,D,1,0,H,16,19,9,6,6,8,21,14,3,2,0,0,2.1,3.3,3.5
809,25/04/09,Valencia,Barcelona,2,2,D,2,1,H,10,14,5,6,5,9,21,9,5,2,0,0,4.0,3.4,1.9
809,26/04/09,Ath Bilbao,Santander,2,1,H,2,0,H,12,5,5,3,3,7,18,30,3,7,2,3,2.1,3.25,3.6
809,26/04/09,Ath Madrid,Sp Gijon,3,1,H,2,0,H,10,13,5,2,3,5,18,14,2,4,1,0,1.4,4.5,8.0
809,26/04/09,Espanol,Betis,2,0,H,1,0,H,17,13,6,3,4,9,10,16,1,1,0,0,2.2,3.25,3.3
809,26/04/09,Getafe,Villarreal,1,2,A,0,2,A,20,11,5,5,4,3,10,15,2,0,1,1,2.5,3.25,2.8
809,26/04/09,Recreativo,Mallorca,2,4,A,0,2,A,15,14,2,7,17,1,20,19,5,6,0,1,2.37,3.25,3.0
809,26/04/09,Sevilla,Real Madrid,2,4,A,1,1,D,11,12,5,6,4,1,19,18,4,2,0,0,2.62,3.3,2.6
809,26/04/09,Valladolid,Osasuna,0,0,D,0,0,D,7,14,3,1,8,7,15,11,2,2,0,0,2.1,3.3,3.5
809,02/05/09,Numancia,Malaga,2,0,H,1,0,H,14,11,5,3,3,5,24,18,4,3,1,0,3.1,3.4,2.25
809,02/05/09,Real Madrid,Barcelona,2,6,A,1,3,A,5,17,4,13,3,2,22,9,4,2,0,0,2.5,3.4,2.75
809,02/05/09,Villarreal,Sevilla,0,2,A,0,0,D,15,9,5,3,4,3,21,22,2,3,0,1,2.37,3.4,2.87
809,03/05/09,Betis,Ath Madrid,0,2,A,0,1,A,9,12,2,3,9,4,17,21,0,2,0,0,2.87,3.4,2.37
809,03/05/09,Espanol,Valencia,3,0,H,0,0,D,18,14,7,5,3,7,17,14,1,0,0,0,2.87,3.4,2.37
809,03/05/09,La Coruna,Valladolid,1,0,H,1,0,H,15,19,5,5,3,3,8,16,2,2,0,1,1.75,3.5,4.75
809,03/05/09,Mallorca,Getafe,2,1,H,1,0,H,11,19,6,3,3,10,24,14,2,3,0,0,2.1,3.3,3.5
809,03/05/09,Osasuna,Recreativo,1,2,A,1,0,H,11,20,2,9,7,2,16,17,1,2,1,0,1.75,3.5,4.75
809,03/05/09,Santander,Almeria,0,2,A,0,2,A,12,9,2,4,2,4,14,19,3,1,0,0,2.25,3.1,3.2
809,03/05/09,Sp Gijon,Ath Bilbao,1,1,D,0,0,D,22,15,6,5,5,3,17,14,4,1,0,0,2.62,3.3,2.62
809,09/05/09,Ath Bilbao,Betis,1,0,H,1,0,H,7,14,1,4,4,6,20,18,1,1,0,0,3.0,3.2,2.4
809,09/05/09,Sevilla,Mallorca,3,1,H,1,1,D,18,11,6,3,5,2,15,19,3,4,0,0,1.53,3.8,6.5
809,09/05/09,Valencia,Real Madrid,3,0,H,2,0,H,18,11,5,2,10,4,17,11,3,3,0,0,2.3,3.4,3.0
809,10/05/09,Almeria,Sp Gijon,3,1,H,1,1,D,11,22,7,5,4,1,24,7,4,2,0,0,2.0,3.4,3.75
809,10/05/09,Ath Madrid,Espanol,3,2,H,0,2,A,20,8,7,6,5,1,13,16,4,6,1,0,1.73,3.6,4.75
809,10/05/09,Barcelona,Villarreal,3,3,D,3,1,H,15,6,3,4,4,0,15,20,1,3,1,0,1.33,4.75,9.0
809,10/05/09,Getafe,Osasuna,3,0,H,1,0,H,10,8,7,2,1,5,13,23,2,6,1,1,2.1,3.25,3.6
809,10/05/09,Malaga,Santander,1,0,H,0,0,D,11,15,5,4,6,2,19,26,4,5,0,0,2.1,3.3,3.5
809,10/05/09,Recreativo,La Coruna,1,2,A,1,1,D,17,8,5,3,6,1,16,14,2,2,0,0,2.5,3.25,2.8
809,10/05/09,Valladolid,Numancia,0,0,D,0,0,D,13,9,5,2,8,2,16,15,1,3,0,0,1.8,3.6,4.33
809,16/05/09,La Coruna,Getafe,1,1,D,0,0,D,12,13,5,6,4,9,20,7,2,3,0,0,1.85,3.5,4.2
809,16/05/09,Osasuna,Sevilla,0,0,D,0,0,D,14,10,3,1,5,6,10,20,3,1,1,1,2.88,3.3,2.4
809,16/05/09,Villarreal,Real Madrid,3,2,H,1,0,H,13,11,8,5,4,4,19,21,2,3,0,0,2.25,3.5,3.0
809,17/05/09,Ath Madrid,Valencia,1,0,H,1,0,H,19,3,11,1,6,4,21,11,3,3,0,0,2.2,3.5,3.1
809,17/05/09,Betis,Almeria,2,0,H,1,0,H,15,11,7,1,3,5,24,13,5,2,0,1,1.6,4.0,5.25
809,17/05/09,Espanol,Ath Bilbao,1,0,H,0,0,D,10,9,2,4,2,2,19,24,3,4,0,0,1.62,3.8,5.5
809,17/05/09,Mallorca,Barcelona,2,1,H,0,1,A,16,17,7,10,8,7,16,20,1,2,0,0,5.25,3.75,1.6
809,17/05/09,Numancia,Recreativo,1,0,H,0,0,D,15,8,3,2,4,1,21,23,4,5,0,1,2.38,3.25,3.0
809,17/05/09,Santander,Valladolid,3,2,H,1,2,A,18,14,8,6,3,6,14,18,5,1,0,1,1.8,3.6,4.5
809,17/05/09,Sp Gijon,Malaga,2,1,H,1,1,D,23,6,10,2,10,5,22,19,3,3,0,0,2.4,3.3,2.88
809,23/05/09,Almeria,Espanol,0,3,A,0,1,A,14,13,11,8,3,6,23,14,4,1,0,0,2.8,3.3,2.5
809,23/05/09,Ath Bilbao,Ath Madrid,1,4,A,0,0,D,16,15,6,5,7,6,16,16,3,4,0,0,4.0,3.75,1.83
809,23/05/09,Barcelona,Osasuna,0,1,A,0,1,A,9,10,3,4,7,5,6,18,3,3,1,0,2.0,3.5,3.6
809,23/05/09,Getafe,Numancia,1,0,H,0,0,D,21,3,7,2,8,4,17,27,4,2,0,1,1.67,3.75,5.0
809,23/05/09,Malaga,Betis,1,1,D,0,1,A,11,10,6,4,2,3,11,12,1,2,0,0,2.5,3.3,2.75
809,23/05/09,Recreativo,Santander,0,1,A,0,0,D,4,9,1,1,4,3,10,4,2,1,0,0,2.1,3.4,3.4
809,23/05/09,Sevilla,La Coruna,1,0,H,0,0,D,17,8,5,2,11,2,16,17,0,2,0,0,1.67,3.75,5.0
809,23/05/09,Valladolid,Sp Gijon,1,2,A,0,1,A,14,7,6,5,12,2,14,15,2,3,0,0,2.38,3.25,3.0
809,23/05/09,Villarreal,Valencia,3,1,H,2,1,H,13,13,7,2,4,1,18,20,2,5,0,0,2.25,3.5,3.0
809,24/05/09,Real Madrid,Mallorca,1,3,A,1,1,D,15,15,5,6,4,6,14,11,4,2,0,0,1.5,4.33,6.0
809,30/05/09,Ath Madrid,Almeria,3,0,H,2,0,H,19,4,6,0,8,4,13,18,3,1,0,0,1.25,5.25,13.0
809,30/05/09,La Coruna,Barcelona,1,1,D,1,0,H,15,18,6,5,7,5,6,16,1,1,0,0,2.0,3.6,3.4
809,30/05/09,Mallorca,Villarreal,2,3,A,1,2,A,21,9,10,6,7,3,9,7,2,1,0,0,3.4,3.3,2.15
809,30/05/09,Valencia,Ath Bilbao,2,0,H,1,0,H,27,11,12,3,12,7,17,15,3,3,0,1,1.36,4.75,8.5
809,31/05/09,Betis,Valladolid,1,1,D,0,1,A,19,9,8,2,9,4,9,9,0,3,0,0,1.83,3.6,4.2
809,31/05/09,Espanol,Malaga,3,0,H,2,0,H,13,12,8,1,9,3,14,10,1,2,0,1,1.91,3.6,3.8
809,31/05/09,Numancia,Sevilla,0,2,A,0,0,D,9,23,2,7,5,8,14,12,3,1,0,0,4.2,3.6,1.83
809,31/05/09,Osasuna,Real Madrid,2,1,H,1,1,D,20,12,7,4,7,4,20,22,2,1,0,2,1.7,4.0,4.33
809,31/05/09,Santander,Getafe,1,1,D,1,1,D,9,9,2,4,3,4,27,13,6,3,0,0,3.3,3.3,2.15
809,31/05/09,Sp Gijon,Recreativo,2,1,H,0,1,A,22,4,9,2,7,0,29,14,3,2,0,0,1.33,5.0,8.5
910,29/08/09,Real Madrid,La Coruna,3,2,H,2,1,H,28,9,11,3,10,3,18,12,2,2,0,0,1.25,5.5,13.0
910,29/08/09,Zaragoza,Tenerife,1,0,H,0,0,D,17,16,8,2,7,8,16,17,1,4,0,0,1.91,3.4,4.2
910,30/08/09,Almeria,Valladolid,0,0,D,0,0,D,20,7,5,1,12,2,9,11,2,2,0,1,2.1,3.3,3.5
910,30/08/09,Ath Bilbao,Espanol,1,0,H,0,0,D,14,8,4,1,6,3,11,18,2,6,0,0,2.1,3.3,3.5
910,30/08/09,Malaga,Ath Madrid,3,0,H,1,0,H,8,16,4,3,4,5,16,8,4,4,0,0,3.4,3.4,2.1
910,30/08/09,Mallorca,Xerez,2,0,H,0,0,D,10,7,3,3,6,6,14,13,3,1,0,2,1.91,3.4,4.33
910,30/08/09,Osasuna,Villarreal,1,1,D,1,1,D,7,11,2,7,4,14,18,14,2,2,0,0,2.88,3.2,2.5
910,30/08/09,Santander,Getafe,1,4,A,1,3,A,4,9,3,6,4,5,14,10,2,3,0,0,2.15,3.3,3.4
910,30/08/09,Valencia,Sevilla,2,0,H,0,0,D,8,3,6,1,7,0,20,14,1,2,0,1,2.25,3.3,3.2
910,31/08/09,Barcelona,Sp Gijon,3,0,H,2,0,H,20,9,9,5,9,7,10,12,0,2,0,0,1.17,8.0,13.0
910,12/09/09,Ath Madrid,Santander,1,1,D,1,1,D,23,8,10,3,7,2,13,20,1,2,0,1,1.44,4.33,7.0
910,12/09/09,Espanol,Real Madrid,0,3,A,0,1,A,12,17,3,6,4,6,17,17,2,2,0,0,6.0,3.8,1.57
910,12/09/09,Getafe,Barcelona,0,2,A,0,0,D,19,14,3,9,2,5,15,19,3,0,0,0,6.5,4.2,1.5
910,12/09/09,Sevilla,Zaragoza,4,1,H,2,1,H,19,10,8,2,5,2,24,20,3,3,0,0,1.57,3.8,6.0
910,13/09/09,La Coruna,Malaga,1,0,H,0,0,D,15,11,4,2,4,4,16,10,2,5,0,0,1.83,3.5,4.33
910,13/09/09,Sp Gijon,Almeria,1,0,H,1,0,H,16,7,4,0,2,3,20,20,3,4,0,0,2.38,3.25,3.0
910,13/09/09,Tenerife,Osasuna,2,1,H,0,0,D,16,7,5,3,5,6,17,16,1,3,0,2,2.38,3.25,3.0
910,13/09/09,Valladolid,Valencia,2,4,A,1,3,A,14,15,9,6,2,3,10,15,1,2,0,0,3.4,3.4,2.1
910,13/09/09,Villarreal,Mallorca,1,1,D,0,0,D,15,8,5,4,5,3,15,24,1,2,0,0,1.57,3.8,6.0
910,13/09/09,Xerez,Ath Bilbao,0,1,A,0,1,A,17,15,4,5,7,3,14,17,4,3,1,0,2.75,3.2,2.63
910,19/09/09,Barcelona,Ath Madrid,5,2,H,4,1,H,8,14,6,4,7,8,8,17,1,3,0,0,1.33,5.0,8.5
910,19/09/09,La Coruna,Espanol,2,3,A,1,2,A,9,11,4,6,4,5,11,16,1,3,0,0,1.95,3.4,3.8
910,19/09/09,Malaga,Santander,1,2,A,0,1,A,20,7,6,3,6,0,17,25,3,5,0,0,2.05,3.3,3.6
910,19/09/09,Mallorca,Tenerife,4,0,H,1,0,H,16,10,9,2,3,5,19,15,1,2,0,2,2.0,3.4,3.6
910,19/09/09,Osasuna,Sevilla,0,2,A,0,1,A,11,10,3,4,9,9,13,18,4,4,1,0,3.25,3.25,2.25
910,20/09/09,Almeria,Getafe,1,0,H,0,0,D,11,23,3,11,4,12,19,13,4,3,0,0,2.5,3.25,2.8
910,20/09/09,Ath Bilbao,Villarreal,3,2,H,2,0,H,20,11,9,6,8,3,21,19,2,5,0,0,2.63,3.25,2.63
910,20/09/09,Real Madrid,Xerez,5,0,H,1,0,H,23,11,13,3,7,7,13,11,0,1,0,0,1.13,8.0,21.0
910,20/09/09,Valencia,Sp Gijon,2,2,D,1,1,D,25,6,10,5,8,1,21,11,4,2,0,1,1.29,5.25,10.0
910,20/09/09,Zaragoza,Valladolid,1,2,A,1,1,D,18,9,5,4,11,2,14,18,0,2,0,0,2.1,3.3,3.5
910,22/09/09,Santander,Barcelona,1,4,A,0,3,A,4,20,2,6,2,3,10,10,4,1,0,0,10.0,5.0,1.3
910,22/09/09,Sevilla,Mallorca,2,0,H,2,0,H,10,8,6,4,4,5,24,21,1,1,0,0,1.44,4.2,7.5
910,23/09/09,Ath Madrid,Almeria,2,2,D,1,1,D,24,12,9,7,7,7,24,13,3,2,0,0,1.44,4.33,7.0
910,23/09/09,Espanol,Malaga,2,1,H,0,1,A,12,15,5,9,11,7,14,13,2,4,0,0,2.0,3.4,3.75
910,23/09/09,Getafe,Valencia,3,1,H,2,1,H,16,8,6,2,4,10,4,16,2,4,0,0,3.0,3.3,2.35
910,23/09/09,Tenerife,Ath Bilbao,1,0,H,0,0,D,21,5,8,3,8,2,24,21,3,6,0,0,2.6,3.25,2.7
910,23/09/09,Valladolid,Osasuna,1,2,A,0,1,A,10,10,1,3,4,3,23,15,3,3,2,0,2.15,3.3,3.4
910,23/09/09,Villarreal,Real Madrid,0,2,A,0,1,A,10,17,4,6,4,5,23,20,2,3,1,0,5.5,3.8,1.6
910,23/09/09,Xerez,La Coruna,0,3,A,0,1,A,10,13,3,3,5,8,10,16,1,1,0,0,2.88,3.25,2.45
910,24/09/09,Sp Gijon,Zaragoza,1,1,D,1,0,H,13,13,5,5,5,8,12,19,2,2,0,0,2.25,3.4,3.1
910,26/09/09,Ath Bilbao,Sevilla,0,4,A,0,3,A,13,16,3,8,4,3,21,13,2,2,1,0,2.9,3.3,2.4
910,26/09/09,Malaga,Barcelona,0,2,A,0,1,A,3,11,0,6,3,1,16,17,3,3,1,0,11.0,5.0,1.29
910,26/09/09,Real Madrid,Tenerife,3,0,H,0,0,D,18,20,7,7,5,8,15,22,1,5,0,0,1.11,8.5,21.0
910,26/09/09,Valencia,Ath Madrid,2,2,D,2,1,H,15,15,7,3,13,5,15,10,2,1,0,0,1.91,3.4,4.0
910,27/09/09,Almeria,Santander,2,2,D,1,0,H,13,13,4,6,7,4,14,19,3,2,0,0,2.25,3.25,3.2
910,27/09/09,Espanol,Xerez,0,0,D,0,0,D,16,4,3,1,10,2,12,10,1,1,0,0,1.53,4.0,6.0
910,27/09/09,La Coruna,Villarreal,1,0,H,1,0,H,12,13,7,7,3,9,23,17,1,3,0,0,2.4,3.3,2.9
910,27/09/09,Mallorca,Valladolid,3,0,H,1,0,H,13,6,8,0,9,5,17,19,0,0,0,0,1.85,3.4,4.2
910,27/09/09,Osasuna,Sp Gijon,1,0,H,0,0,D,12,9,2,0,5,1,14,18,1,3,0,0,1.91,3.4,4.0
910,27/09/09,Zaragoza,Getafe,3,0,H,2,0,H,19,12,10,4,5,3,15,8,2,2,0,0,2.2,3.25,3.3
910,03/10/09,Ath Madrid,Zaragoza,2,1,H,1,0,H,16,14,6,4,6,12,17,14,6,3,0,0,1.57,3.8,6.0
910,03/10/09,Barcelona,Almeria,1,0,H,1,0,H,17,0,7,0,10,3,18,14,3,3,0,0,1.08,10.0,26.0
910,03/10/09,Tenerife,La Coruna,0,1,A,0,0,D,17,11,4,5,6,9,20,13,2,1,0,0,2.5,3.3,2.75
910,04/10/09,Getafe,Osasuna,2,1,H,0,0,D,14,13,7,2,5,5,16,19,2,2,0,0,2.05,3.3,3.6
910,04/10/09,Santander,Valencia,0,1,A,0,0,D,18,7,6,2,6,1,21,20,1,3,0,0,3.4,3.4,2.1
910,04/10/09,Sevilla,Real Madrid,2,1,H,1,0,H,24,17,10,3,14,6,20,9,4,3,0,0,3.75,3.5,1.95
910,04/10/09,Sp Gijon,Mallorca,4,1,H,0,1,A,19,8,8,2,3,4,9,14,2,1,0,0,2.45,3.3,2.8
910,04/10/09,Valladolid,Ath Bilbao,2,2,D,0,1,A,19,9,4,3,14,5,15,9,3,4,2,1,2.4,3.3,2.88
910,04/10/09,Villarreal,Espanol,0,0,D,0,0,D,15,5,6,0,14,1,13,23,3,3,0,1,1.73,3.6,4.75
910,04/10/09,Xerez,Malaga,1,1,D,0,0,D,6,18,3,4,4,8,14,22,3,2,0,1,2.4,3.3,2.88
910,17/10/09,La Coruna,Sevilla,1,0,H,1,0,H,9,10,2,1,3,5,10,19,0,1,0,0,3.6,3.3,2.1
910,17/10/09,Real Madrid,Valladolid,4,2,H,3,1,H,19,19,6,8,6,12,11,16,2,2,0,0,1.17,7.0,15.0
910,17/10/09,Valencia,Barcelona,0,0,D,0,0,D,13,12,4,3,5,6,15,11,4,2,0,0,4.75,3.75,1.7
910,18/10/09,Ath Bilbao,Sp Gijon,1,2,A,0,0,D,17,9,2,3,5,3,16,21,4,3,0,0,1.83,3.5,4.33
910,18/10/09,Espanol,Tenerife,2,1,H,1,1,D,15,8,7,4,5,2,11,14,2,4,0,0,1.83,3.4,4.5
910,18/10/09,Malaga,Almeria,1,2,A,0,2,A,16,18,5,7,6,3,23,18,4,3,0,0,2.1,3.2,3.3
910,18/10/09,Mallorca,Getafe,3,1,H,1,0,H,14,14,8,4,7,5,26,24,3,3,0,0,2.15,3.25,3.4
910,18/10/09,Osasuna,Ath Madrid,3,0,H,3,0,H,14,20,6,5,8,7,19,18,1,3,0,0,2.75,3.3,2.5
910,18/10/09,Xerez,Villarreal,2,1,H,1,1,D,11,13,3,6,3,4,16,14,2,3,0,1,3.8,3.3,2.0
910,18/10/09,Zaragoza,Santander,2,2,D,2,0,H,17,14,4,3,6,7,11,13,2,3,1,0,2.0,3.4,3.75
910,24/10/09,Ath Madrid,Mallorca,1,1,D,0,0,D,25,8,6,2,11,3,15,25,0,3,0,2,1.8,3.5,4.5
910,24/10/09,Sevilla,Espanol,0,0,D,0,0,D,28,8,8,1,11,0,13,19,2,5,0,1,1.44,4.33,7.0
910,24/10/09,Sp Gijon,Real Madrid,0,0,D,0,0,D,10,13,2,5,3,7,20,10,2,4,0,0,7.0,4.33,1.44
910,25/10/09,Almeria,Valencia,0,3,A,0,0,D,9,18,2,7,4,6,24,18,3,4,1,0,3.5,3.3,2.1
910,25/10/09,Barcelona,Zaragoza,6,1,H,3,0,H,17,7,13,5,6,1,9,14,0,2,0,0,1.1,9.0,21.0
910,25/10/09,Getafe,Ath Bilbao,2,0,H,0,0,D,21,9,10,4,13,2,17,15,2,2,0,2,2.0,3.5,3.75
910,25/10/09,Santander,Osasuna,1,1,D,0,0,D,12,5,4,2,6,5,21,20,1,5,0,0,2.3,3.3,3.1
910,25/10/09,Tenerife,Xerez,1,0,H,0,0,D,22,7,4,1,10,3,12,11,1,1,0,0,1.91,3.3,4.2
910,25/10/09,Valladolid,La Coruna,4,0,H,1,0,H,19,11,8,3,4,5,14,10,3,1,0,0,2.6,3.2,2.75
910,25/10/09,Villarreal,Malaga,2,1,H,1,1,D,17,9,6,2,3,6,14,10,3,3,0,0,1.62,3.75,5.5
910,31/10/09,Ath Bilbao,Ath Madrid,1,0,H,1,0,H,17,16,6,6,5,5,13,16,1,2,0,0,2.6,3.25,2.7
910,31/10/09,Osasuna,Barcelona,1,1,D,0,0,D,9,16,3,7,4,7,15,10,1,3,0,0,7.5,4.5,1.4
910,31/10/09,Real Madrid,Getafe,2,0,H,0,0,D,23,17,8,7,2,5,9,11,2,1,1,0,1.44,4.2,7.5
910,31/10/09,Xerez,Sevilla,0,2,A,0,1,A,8,16,2,7,5,9,23,18,4,3,0,0,5.5,3.75,1.62
910,01/11/09,Espanol,Valladolid,1,1,D,0,0,D,10,15,4,1,9,1,18,15,4,4,0,0,1.91,3.5,4.0
910,01/11/09,La Coruna,Sp Gijon,1,1,D,1,0,H,14,13,4,5,10,3,14,10,2,3,0,0,1.8,3.5,4.5
910,01/11/09,Malaga,Valencia,0,1,A,0,0,D,16,20,5,6,5,9,12,18,3,2,0,0,3.8,3.6,1.91
910,01/11/09,Mallorca,Santander,1,0,H,1,0,H,17,10,6,3,4,1,17,19,1,1,0,0,1.83,3.5,4.33
910,01/11/09,Villarreal,Tenerife,5,0,H,1,0,H,11,13,5,2,4,4,19,19,1,0,0,0,1.73,3.5,5.0
910,01/11/09,Zaragoza,Almeria,2,1,H,2,1,H,21,12,6,4,8,1,26,29,5,5,0,0,2.0,3.4,3.75
910,07/11/09,Ath Madrid,Real Madrid,2,3,A,0,2,A,18,15,8,6,7,4,16,18,3,4,0,1,3.75,3.5,1.95
910,07/11/09,Barcelona,Mallorca,4,2,H,3,1,H,18,10,10,5,2,4,18,22,1,2,0,0,1.17,7.0,15.0
910,07/11/09,Getafe,La Coruna,0,2,A,0,1,A,22,8,3,3,14,3,18,12,4,1,0,2,2.1,3.3,3.5
910,07/11/09,Tenerife,Malaga,2,2,D,2,1,H,10,17,4,7,4,4,21,13,4,5,0,0,2.0,3.4,3.75
910,08/11/09,Almeria,Osasuna,2,0,H,1,0,H,10,10,3,1,11,4,18,17,2,2,0,0,2.5,3.25,2.8
910,08/11/09,Santander,Ath Bilbao,0,2,A,0,1,A,11,10,5,5,7,6,23,18,4,2,0,0,2.25,3.3,3.2
910,08/11/09,Sevilla,Villarreal,3,2,H,1,1,D,15,5,6,3,11,6,17,16,2,2,0,0,1.67,3.7,5.0
910,08/11/09,Sp Gijon,Espanol,1,0,H,1,0,H,14,11,3,2,5,5,15,17,3,3,0,0,2.25,3.3,3.2
910,08/11/09,Valencia,Zaragoza,3,1,H,3,0,H,10,13,7,4,6,6,17,17,2,5,0,0,1.5,4.0,6.5
910,08/11/09,Valladolid,Xerez,0,0,D,0,0,D,13,4,3,2,12,3,8,16,0,3,0,1,1.65,3.7,5.25
910,21/11/09,Ath Bilbao,Barcelona,1,1,D,0,0,D,8,13,1,3,5,7,17,15,1,1,0,0,6.5,4.0,1.53
910,21/11/09,La Coruna,Ath Madrid,2,1,H,1,1,D,22,14,11,5,9,3,13,25,3,3,0,1,2.5,3.3,2.75
910,21/11/09,Real Madrid,Santander,1,0,H,1,0,H,20,8,9,0,7,0,11,20,2,3,0,0,1.22,6.0,12.0
910,21/11/09,Tenerife,Sevilla,1,2,A,0,1,A,11,11,1,3,6,4,9,15,4,3,0,0,5.0,3.5,1.73
910,22/11/09,Espanol,Getafe,0,2,A,0,0,D,14,11,3,4,7,3,13,15,2,4,0,0,2.1,3.3,3.5
910,22/11/09,Malaga,Zaragoza,1,1,D,0,0,D,15,7,4,1,6,4,22,22,5,3,1,1,2.3,3.4,3.0
910,22/11/09,Mallorca,Almeria,3,1,H,0,0,D,11,20,5,10,9,10,13,16,4,3,0,0,1.73,3.6,4.75
910,22/11/09,Osasuna,Valencia,1,3,A,0,2,A,8,15,2,3,4,5,18,19,3,2,2,0,3.25,3.3,2.2
910,22/11/09,Villarreal,Valladolid,3,1,H,1,0,H,13,13,6,5,7,6,8,20,1,2,0,0,1.62,3.75,5.5
910,22/11/09,Xerez,Sp Gijon,0,0,D,0,0,D,10,5,3,2,12,1,10,11,2,2,0,0,2.8,3.25,2.5
910,28/11/09,Sevilla,Malaga,2,2,D,0,2,A,13,9,6,4,5,4,20,31,4,4,0,1,1.25,5.5,12.0
910,28/11/09,Sp Gijon,Villarreal,1,0,H,0,0,D,12,6,5,2,8,0,17,13,1,4,0,1,2.75,3.3,2.5
910,28/11/09,Valencia,Mallorca,1,1,D,0,0,D,17,9,6,2,11,2,11,15,4,4,0,0,1.53,4.0,6.0
910,29/11/09,Almeria,Ath Bilbao,1,4,A,0,2,A,13,17,5,7,6,3,28,13,3,4,0,0,2.2,3.3,3.25
910,29/11/09,Ath Madrid,Espanol,4,0,H,1,0,H,17,5,6,1,8,4,20,17,2,2,0,1,1.75,3.5,4.75
910,29/11/09,Barcelona,Real Madrid,1,0,H,0,0,D,9,16,4,2,6,6,17,25,0,4,1,1,1.85,3.6,4.0
910,29/11/09,Getafe,Xerez,5,1,H,2,1,H,16,7,6,2,7,3,8,17,0,3,0,1,1.5,4.0,6.5
910,29/11/09,Santander,La Coruna,0,1,A,0,0,D,13,11,3,6,5,3,18,12,3,3,0,0,2.63,3.25,2.63
910,29/11/09,Valladolid,Tenerife,3,3,D,2,0,H,16,13,8,5,8,8,14,16,2,2,0,1,2.0,3.4,3.7
910,29/11/09,Zaragoza,Osasuna,0,1,A,0,1,A,21,9,2,4,6,7,21,18,6,2,0,0,2.0,3.4,3.7
910,02/12/09,Xerez,Barcelona,0,2,A,0,0,D,7,14,4,3,3,9,13,16,1,0,0,0,12.0,5.5,1.25
910,05/12/09,La Coruna,Barcelona,1,3,A,1,1,D,4,19,1,9,1,9,9,13,1,2,0,0,5.5,3.8,1.62
910,05/12/09,Real Madrid,Almeria,4,2,H,1,0,H,37,9,14,4,8,3,15,16,0,4,1,0,1.17,6.5,17.0
910,05/12/09,Sevilla,Valladolid,1,1,D,1,1,D,17,9,4,2,4,4,16,22,4,4,0,1,1.33,4.75,9.5
910,05/12/09,Xerez,Ath Madrid,0,2,A,0,1,A,11,9,4,6,8,7,17,18,1,1,1,1,4.6,3.6,1.75
910,06/12/09,Ath Bilbao,Valencia,1,2,A,0,0,D,9,8,4,3,2,5,18,18,2,4,1,0,3.2,3.4,2.2
910,06/12/09,Espanol,Santander,0,4,A,0,0,D,10,15,1,5,4,7,19,21,2,4,0,0,2.0,3.3,3.8
910,06/12/09,Malaga,Osasuna,1,1,D,0,0,D,16,7,2,3,6,5,23,18,2,2,0,0,2.3,3.3,3.1
910,06/12/09,Mallorca,Zaragoza,4,1,H,1,0,H,14,9,7,5,4,7,16,14,3,3,0,0,1.85,3.5,4.2
910,06/12/09,Tenerife,Sp Gijon,2,1,H,0,1,A,13,4,6,1,6,3,9,10,1,3,0,0,2.1,3.3,3.5
910,06/12/09,Villarreal,Getafe,3,2,H,1,1,D,11,5,6,3,7,0,17,19,3,4,2,0,1.75,3.6,4.6
910,12/12/09,Barcelona,Espanol,1,0,H,1,0,H,15,7,3,2,10,2,15,20,3,3,0,0,1.17,7.0,17.0
910,12/12/09,Valencia,Real Madrid,2,3,A,0,0,D,12,14,5,6,7,2,19,15,4,2,0,0,2.5,3.4,2.7
910,12/12/09,Zaragoza,Ath Bilbao,1,2,A,0,0,D,15,9,2,4,6,2,21,18,3,6,0,0,2.2,3.3,3.3
910,13/12/09,Almeria,La Coruna,1,1,D,0,0,D,15,17,4,4,8,6,17,12,1,0,0,0,2.7,3.1,2.7
910,13/12/09,Ath Madrid,Villarreal,1,2,A,1,0,H,8,22,1,11,5,3,22,4,2,0,0,0,2.0,3.5,3.6
910,13/12/09,Getafe,Tenerife,2,1,H,1,0,H,13,11,5,1,10,1,18,13,1,1,0,0,1.75,3.6,4.75
910,13/12/09,Osasuna,Mallorca,0,1,A,0,0,D,8,10,2,2,5,6,18,22,2,3,0,0,2.2,3.3,3.25
910,13/12/09,Santander,Xerez,3,2,H,1,1,D,14,14,7,4,6,6,20,11,3,3,0,0,1.73,3.5,5.0
910,13/12/09,Sp Gijon,Sevilla,0,1,A,0,1,A,12,8,2,2,4,7,25,17,5,3,0,0,3.5,3.3,2.1
910,13/12/09,Valladolid,Malaga,1,1,D,0,1,A,22,10,4,1,7,4,17,21,3,3,0,0,2.0,3.4,3.75
910,19/12/09,Ath Bilbao,Osasuna,2,0,H,2,0,H,11,9,3,4,2,1,22,12,3,4,0,0,2.1,3.3,3.5
910,19/12/09,Real Madrid,Zaragoza,6,0,H,4,0,H,20,6,9,2,3,4,18,18,2,3,0,0,1.2,6.5,13.0
910,19/12/09,Sevilla,Getafe,1,2,A,0,2,A,26,7,5,5,8,1,14,16,1,5,0,0,1.6,3.6,6.0
910,20/12/09,Espanol,Almeria,2,0,H,1,0,H,18,9,4,3,11,8,27,18,3,3,0,0,2.1,3.3,3.5
910,20/12/09,La Coruna,Valencia,0,0,D,0,0,D,14,15,3,3,2,4,9,16,1,3,0,0,2.8,3.25,2.5
910,20/12/09,Malaga,Mallorca,2,1,H,1,0,H,8,14,4,5,3,5,16,14,2,4,0,0,2.5,3.3,2.75
910,20/12/09,Tenerife,Ath Madrid,1,1,D,1,1,D,22,9,10,1,2,4,12,16,1,5,0,0,3.1,3.4,2.25
910,20/12/09,Valladolid,Sp Gijon,2,1,H,1,1,D,17,8,4,3,2,5,12,19,3,2,0,0,2.1,3.3,3.5
910,20/12/09,Villarreal,Santander,2,0,H,0,0,D,20,4,8,0,10,5,14,23,1,4,0,0,1.6,3.75,5.75
910,02/01/10,Ath Madrid,Sevilla,2,1,H,0,1,A,12,7,3,1,5,6,21,16,3,3,0,1,2.63,3.3,2.63
910,02/01/10,Barcelona,Villarreal,1,1,D,1,0,H,12,8,3,2,6,7,22,15,2,4,0,0,1.33,4.75,10.0
910,02/01/10,Valencia,Espanol,1,0,H,0,0,D,17,11,8,3,6,0,18,18,3,4,0,0,1.44,4.33,7.0
910,03/01/10,Almeria,Xerez,1,0,H,0,0,D,12,10,4,2,7,1,18,13,3,5,0,0,1.8,3.5,4.5
910,03/01/10,Getafe,Valladolid,1,0,H,0,0,D,18,10,7,3,8,3,16,21,1,3,0,0,1.8,3.5,4.5
910,03/01/10,Mallorca,Ath Bilbao,2,0,H,0,0,D,17,4,6,3,4,4,13,24,5,2,0,0,2.0,3.5,3.6
910,03/01/10,Osasuna,Real Madrid,0,0,D,0,0,D,6,19,2,4,6,8,11,14,3,3,0,0,7.0,4.33,1.44
910,03/01/10,Santander,Tenerife,2,0,H,0,0,D,8,9,2,3,3,7,23,15,1,2,0,0,2.0,3.4,3.75
910,03/01/10,Sp Gijon,Malaga,2,2,D,1,1,D,18,7,7,3,7,0,11,16,3,3,0,0,2.0,3.4,3.75
910,03/01/10,Zaragoza,La Coruna,0,0,D,0,0,D,17,9,4,3,3,4,21,19,4,2,0,0,2.6,3.25,2.7
910,09/01/10,Sevilla,Santander,1,2,A,0,2,A,20,8,7,5,14,0,18,23,1,2,0,0,1.55,3.75,6.0
910,09/01/10,Valladolid,Ath Madrid,0,4,A,0,2,A,16,8,6,6,5,2,19,20,5,1,0,0,2.5,3.3,2.75
910,09/01/10,Villarreal,Almeria,1,1,D,1,0,H,9,8,3,3,4,3,18,22,2,2,1,0,1.44,4.2,7.5
910,10/01/10,Espanol,Zaragoza,2,1,H,1,1,D,10,10,6,3,3,5,25,24,4,1,0,0,2.0,3.3,3.75
910,10/01/10,La Coruna,Osasuna,1,0,H,0,0,D,8,10,1,1,2,3,19,16,3,0,0,1,1.91,3.4,4.0
910,10/01/10,Malaga,Ath Bilbao,1,1,D,0,0,D,6,13,2,6,3,6,19,16,3,3,0,0,2.4,3.3,2.88
910,10/01/10,Real Madrid,Mallorca,2,0,H,1,0,H,16,6,7,1,6,4,8,14,0,3,0,0,1.29,5.25,10.0
910,10/01/10,Sp Gijon,Getafe,1,0,H,1,0,H,18,14,8,4,4,5,22,10,2,4,0,0,2.5,3.3,2.75
910,10/01/10,Tenerife,Barcelona,0,5,A,0,3,A,13,15,3,5,3,1,20,11,3,2,0,0,7.5,4.5,1.4
910,10/01/10,Xerez,Valencia,1,3,A,1,2,A,10,13,4,6,7,4,12,13,3,3,0,0,6.0,3.75,1.57
910,16/01/10,Ath Bilbao,Real Madrid,1,0,H,1,0,H,11,31,3,10,4,9,20,15,3,4,1,0,6.0,3.8,1.57
910,16/01/10,Barcelona,Sevilla,4,0,H,0,0,D,27,4,12,0,11,2,11,13,2,4,0,0,1.33,5.0,8.5
910,16/01/10,Osasuna,Espanol,2,0,H,2,0,H,10,16,5,2,11,3,18,17,2,1,1,1,2.05,3.25,3.75
910,17/01/10,Almeria,Tenerife,1,1,D,0,1,A,16,12,4,5,12,4,16,27,0,7,1,0,1.95,3.4,3.8
910,17/01/10,Ath Madrid,Sp Gijon,3,2,H,1,1,D,15,17,7,8,2,5,11,18,4,2,0,0,1.57,3.8,6.0
910,17/01/10,Malaga,Getafe,1,0,H,0,0,D,19,13,4,4,8,3,16,19,5,6,0,1,2.5,3.25,2.8
910,17/01/10,Mallorca,La Coruna,2,0,H,0,0,D,19,8,8,1,7,4,15,15,2,4,0,0,2.15,3.25,3.4
910,17/01/10,Santander,Valladolid,1,1,D,0,1,A,15,5,4,2,6,3,15,21,1,2,0,0,2.0,3.3,3.6
910,17/01/10,Valencia,Villarreal,4,1,H,2,0,H,20,5,11,2,7,2,18,14,5,0,0,1,1.91,3.6,3.75
910,17/01/10,Zaragoza,Xerez,0,0,D,0,0,D,21,5,5,1,4,2,19,15,1,3,0,1,1.67,3.6,5.25
910,23/01/10,La Coruna,Ath Bilbao,3,1,H,0,0,D,12,16,4,4,2,6,9,17,2,3,0,0,2.1,3.2,3.6
910,23/01/10,Sevilla,Almeria,1,0,H,1,0,H,10,9,3,3,10,4,9,11,2,3,0,0,1.44,4.2,7.5
910,23/01/10,Valladolid,Barcelona,0,3,A,0,2,A,11,14,5,8,5,5,13,17,2,2,0,0,10.0,5.25,1.29
910,24/01/10,Espanol,Mallorca,1,1,D,0,0,D,15,11,2,4,5,3,18,19,3,4,0,0,2.4,3.2,3.0
910,24/01/10,Getafe,Ath Madrid,1,0,H,1,0,H,17,11,5,3,5,2,16,13,1,3,0,1,2.5,3.2,2.88
910,24/01/10,Real Madrid,Malaga,2,0,H,2,0,H,16,6,6,1,6,6,16,24,0,4,1,0,1.17,7.0,15.0
910,24/01/10,Sp Gijon,Santander,0,1,A,0,1,A,14,16,5,1,10,4,8,15,0,0,0,1,2.35,3.3,3.0
910,24/01/10,Tenerife,Valencia,0,0,D,0,0,D,15,7,7,3,12,10,16,13,0,2,0,0,5.25,3.75,1.65
910,24/01/10,Villarreal,Zaragoza,4,2,H,3,0,H,9,15,6,5,4,3,22,19,1,4,0,0,1.44,4.2,7.5
910,24/01/10,Xerez,Osasuna,1,2,A,1,1,D,7,15,2,7,2,3,14,15,1,1,0,0,3.25,3.2,2.25
910,30/01/10,Espanol,Ath Bilbao,1,0,H,0,0,D,12,8,4,2,10,6,16,10,5,2,0,0,2.25,3.25,3.25
910,30/01/10,La Coruna,Real Madrid,1,3,A,0,2,A,11,17,2,8,6,4,13,7,3,0,0,0,4.0,3.4,1.85
910,30/01/10,Sp Gijon,Barcelona,0,1,A,0,1,A,5,22,2,5,2,10,21,9,6,3,0,0,13.0,6.5,1.2
910,31/01/10,Ath Madrid,Malaga,0,2,A,0,1,A,11,9,4,4,2,5,17,24,3,3,0,0,1.5,4.2,6.5
910,31/01/10,Getafe,Santander,0,0,D,0,0,D,19,7,2,3,16,0,14,16,1,0,0,1,2.0,3.4,3.75
910,31/01/10,Sevilla,Valencia,2,1,H,1,0,H,15,14,4,8,6,4,14,20,4,4,0,0,2.25,3.4,3.2
910,31/01/10,Tenerife,Zaragoza,1,3,A,0,0,D,17,9,6,5,7,3,14,24,5,4,0,0,2.0,3.4,3.75
910,31/01/10,Valladolid,Almeria,1,1,D,0,1,A,12,12,2,4,6,4,18,12,4,2,1,0,2.1,3.3,3.5
910,31/01/10,Villarreal,Osasuna,0,2,A,0,1,A,12,10,3,4,4,5,12,13,3,1,0,0,1.57,3.75,6.0
910,31/01/10,Xerez,Mallorca,2,1,H,0,1,A,10,14,5,7,5,2,14,13,2,2,0,0,3.5,3.3,2.1
910,06/02/10,Barcelona,Getafe,2,1,H,1,0,H,18,13,8,6,5,2,14,14,4,3,2,0,1.14,8.0,15.0
910,06/02/10,Real Madrid,Espanol,3,0,H,2,0,H,26,13,8,3,7,4,15,22,2,3,0,0,1.2,6.5,13.0
910,06/02/10,Valencia,Valladolid,2,0,H,2,0,H,25,12,10,4,10,8,19,10,1,2,0,0,1.36,5.0,7.5
910,07/02/10,Almeria,Sp Gijon,3,1,H,2,1,H,13,14,3,7,4,6,10,21,0,7,1,2,2.1,3.3,3.5
910,07/02/10,Ath Bilbao,Xerez,3,2,H,1,2,A,17,15,5,5,11,4,12,17,2,5,0,0,1.5,3.75,7.5
910,07/02/10,Malaga,La Coruna,0,0,D,0,0,D,20,8,9,0,6,4,17,7,4,2,0,1,2.3,3.25,3.1
910,07/02/10,Mallorca,Villarreal,1,0,H,0,0,D,11,9,3,2,3,4,21,12,3,5,0,0,2.3,3.25,3.1
910,07/02/10,Osasuna,Tenerife,1,0,H,0,0,D,12,16,5,7,5,8,16,13,2,1,0,0,1.8,3.5,4.5
910,07/02/10,Santander,Ath Madrid,1,1,D,1,1,D,12,9,4,1,5,8,20,13,2,0,0,0,2.4,3.3,2.88
910,07/02/10,Zaragoza,Sevilla,2,1,H,2,1,H,11,12,4,4,5,6,24,14,5,1,1,2,3.5,3.3,2.1
910,13/02/10,Sp Gijon,Valencia,1,1,D,1,0,H,10,17,6,8,6,6,18,11,3,2,0,0,4.33,3.6,1.8
910,13/02/10,Villarreal,Ath Bilbao,2,1,H,2,1,H,13,7,5,2,6,9,12,16,1,2,1,2,1.8,3.5,4.5
910,13/02/10,Xerez,Real Madrid,0,3,A,0,0,D,5,22,1,11,1,6,15,16,2,3,0,0,13.0,5.5,1.25
910,14/02/10,Ath Madrid,Barcelona,2,1,H,2,1,H,13,13,6,7,5,7,19,13,2,5,0,0,4.5,3.75,1.73
910,14/02/10,Espanol,La Coruna,2,0,H,1,0,H,17,5,9,1,5,2,15,20,3,3,0,1,2.3,3.2,3.2
910,14/02/10,Getafe,Almeria,2,2,D,0,0,D,14,12,8,5,10,6,17,19,2,2,0,0,1.67,3.5,5.25
910,14/02/10,Santander,Malaga,0,3,A,0,2,A,13,11,4,5,8,3,14,16,6,3,1,0,2.0,3.3,3.75
910,14/02/10,Sevilla,Osasuna,1,0,H,1,0,H,13,10,3,5,3,7,15,14,1,3,0,0,1.67,3.5,5.5
910,14/02/10,Valladolid,Zaragoza,1,1,D,1,1,D,20,10,7,3,7,2,17,15,4,4,0,1,2.25,3.3,3.2
910,15/02/10,Tenerife,Mallorca,1,0,H,1,0,H,8,14,3,6,5,10,20,18,3,1,0,0,2.5,3.2,2.88
910,20/02/10,Barcelona,Santander,4,0,H,3,0,H,16,5,9,0,6,0,14,13,3,4,0,0,1.2,6.5,13.0
910,20/02/10,La Coruna,Xerez,2,1,H,2,1,H,11,11,5,2,3,3,24,20,3,5,0,0,1.53,3.75,7.0
910,20/02/10,Mallorca,Sevilla,1,3,A,1,1,D,11,12,5,6,5,4,23,14,3,1,1,2,2.5,3.25,2.8
910,21/02/10,Almeria,Ath Madrid,1,0,H,0,0,D,13,18,5,9,4,4,20,13,2,3,0,0,2.7,3.4,2.5
910,21/02/10,Ath Bilbao,Tenerife,4,1,H,2,0,H,21,14,9,3,12,5,11,13,1,1,0,1,1.73,3.5,5.0
910,21/02/10,Malaga,Espanol,2,1,H,1,1,D,11,12,2,4,4,7,20,9,5,2,1,0,2.2,3.3,3.25
910,21/02/10,Osasuna,Valladolid,1,1,D,0,0,D,16,14,1,6,10,10,18,14,2,1,0,0,1.85,3.4,4.33
910,21/02/10,Real Madrid,Villarreal,6,2,H,2,1,H,17,9,9,3,5,6,19,14,3,3,0,0,1.3,5.5,9.0
910,21/02/10,Zaragoza,Sp Gijon,1,3,A,0,1,A,17,10,7,3,0,5,10,6,2,0,0,0,1.91,3.4,4.0
910,22/02/10,Valencia,Getafe,2,1,H,1,0,H,12,15,7,3,3,5,17,9,2,6,1,0,1.57,4.0,5.5
910,27/02/10,Barcelona,Malaga,2,1,H,0,0,D,20,5,8,2,13,3,10,16,1,1,0,0,1.17,7.0,15.0
910,27/02/10,Getafe,Zaragoza,0,2,A,0,2,A,14,8,5,2,14,3,10,11,3,4,0,0,1.91,3.4,4.0
910,27/02/10,Tenerife,Real Madrid,1,5,A,0,2,A,14,14,5,6,6,4,16,7,2,1,0,0,11.0,5.75,1.25
910,28/02/10,Ath Madrid,Valencia,4,1,H,1,1,D,25,7,13,2,7,7,14,18,3,4,0,2,2.5,3.3,2.75
910,28/02/10,Santander,Almeria,0,2,A,0,1,A,12,5,0,2,2,4,22,14,5,1,0,0,2.1,3.3,3.5
910,28/02/10,Sevilla,Ath Bilbao,0,0,D,0,0,D,22,13,5,6,10,4,18,17,1,6,1,0,1.67,3.75,5.0
910,28/02/10,Sp Gijon,Osasuna,3,2,H,1,1,D,15,11,6,5,5,4,18,11,4,1,0,0,2.38,3.25,3.0
910,28/02/10,Valladolid,Mallorca,1,2,A,0,0,D,10,13,4,3,5,5,17,16,2,3,0,0,2.5,3.25,2.8
910,28/02/10,Villarreal,La Coruna,1,0,H,1,0,H,19,8,6,2,5,3,16,13,2,3,0,0,1.91,3.4,4.0
910,28/02/10,Xerez,Espanol,1,1,D,0,1,A,11,19,5,1,4,3,17,21,2,1,0,0,3.0,3.25,2.38
910,06/03/10,Almeria,Barcelona,2,2,D,1,1,D,7,22,2,8,5,5,17,12,0,0,0,1,11.0,5.75,1.25
910,06/03/10,La Coruna,Tenerife,3,1,H,1,1,D,7,11,3,2,4,3,12,17,1,1,0,0,1.62,3.6,5.75
910,06/03/10,Real Madrid,Sevilla,3,2,H,0,1,A,34,2,13,1,6,5,19,16,4,4,0,0,1.4,4.5,8.0
910,07/03/10,Ath Bilbao,Valladolid,2,0,H,2,0,H,11,13,8,2,8,3,7,13,0,0,0,0,1.67,3.6,5.25
910,07/03/10,Espanol,Villarreal,0,0,D,0,0,D,16,16,6,6,10,8,14,14,1,4,1,0,2.4,3.25,2.9
910,07/03/10,Malaga,Xerez,2,4,A,1,1,D,23,11,6,8,12,3,14,18,2,7,1,1,1.62,3.6,5.75
910,07/03/10,Mallorca,Sp Gijon,3,0,H,1,0,H,13,5,4,1,4,5,12,18,1,3,0,0,1.73,3.6,4.75
910,07/03/10,Osasuna,Getafe,0,0,D,0,0,D,27,13,8,3,5,4,18,16,1,4,0,0,2.2,3.25,3.25
910,07/03/10,Zaragoza,Ath Madrid,1,1,D,1,0,H,12,6,5,2,4,4,23,20,7,3,0,1,2.5,3.3,2.8
910,08/03/10,Valencia,Santander,0,0,D,0,0,D,17,11,3,4,4,3,11,16,2,4,1,0,1.57,3.8,6.0
910,13/03/10,Getafe,Mallorca,3,0,H,1,0,H,18,12,9,3,9,3,16,10,4,0,0,1,2.1,3.3,3.5
910,13/03/10,Sevilla,La Coruna,1,1,D,1,1,D,17,6,8,4,12,1,14,15,2,4,0,0,1.62,3.6,5.5
910,13/03/10,Sp Gijon,Ath Bilbao,0,0,D,0,0,D,17,17,5,6,7,5,16,14,5,3,0,0,2.38,3.25,3.0
910,14/03/10,Almeria,Malaga,1,0,H,0,0,D,7,15,3,3,6,7,10,11,2,3,0,0,2.1,3.3,3.5
910,14/03/10,Barcelona,Valencia,3,0,H,0,0,D,19,7,8,4,7,3,10,19,1,4,0,1,1.4,4.5,8.0
910,14/03/10,Santander,Zaragoza,0,0,D,0,0,D,9,8,3,4,3,4,28,19,1,2,0,0,2.2,3.3,3.25
910,14/03/10,Tenerife,Espanol,4,1,H,1,0,H,21,10,8,3,9,2,17,22,1,4,0,0,2.2,3.3,3.25
910,14/03/10,Valladolid,Real Madrid,1,4,A,0,2,A,11,21,2,11,2,2,27,22,5,3,0,0,10.0,5.25,1.29
910,14/03/10,Villarreal,Xerez,2,0,H,1,0,H,25,4,9,2,6,3,11,19,1,3,0,0,1.36,4.5,9.0
910,15/03/10,Ath Madrid,Osasuna,1,0,H,0,0,D,14,12,6,5,5,7,10,18,2,4,1,0,1.73,3.5,5.0
910,20/03/10,Ath Bilbao,Getafe,2,2,D,1,1,D,11,15,3,8,5,5,15,19,2,4,1,1,2.1,3.3,3.5
910,20/03/10,Espanol,Sevilla,2,0,H,1,0,H,24,11,7,2,2,7,18,9,3,2,0,0,3.2,3.3,2.25
910,20/03/10,La Coruna,Valladolid,0,2,A,0,1,A,4,15,1,6,5,9,10,16,0,0,0,0,1.67,3.6,5.25
910,20/03/10,Real Madrid,Sp Gijon,3,1,H,0,0,D,28,9,10,5,4,3,16,15,2,1,0,0,1.13,8.0,19.0
910,20/03/10,Xerez,Tenerife,2,1,H,2,0,H,13,17,4,5,2,9,18,14,1,4,1,0,2.4,3.3,2.88
910,21/03/10,Malaga,Villarreal,2,0,H,0,0,D,11,10,6,3,7,3,22,19,1,1,0,0,2.88,3.2,2.5
910,21/03/10,Mallorca,Ath Madrid,4,1,H,2,1,H,18,10,9,5,7,3,16,16,1,1,0,1,2.1,3.3,3.5
910,21/03/10,Osasuna,Santander,1,3,A,1,1,D,13,12,6,6,10,4,17,17,2,2,0,0,2.0,3.3,3.75
910,21/03/10,Valencia,Almeria,2,0,H,0,0,D,23,8,7,3,5,8,15,18,2,2,0,0,1.57,3.75,6.0
910,21/03/10,Zaragoza,Barcelona,2,4,A,0,1,A,10,18,2,6,7,6,22,18,3,3,0,0,11.0,5.25,1.29
910,23/03/10,Sevilla,Xerez,1,1,D,0,0,D,19,6,3,1,4,5,8,17,0,2,0,0,1.29,5.25,11.0
910,23/03/10,Sp Gijon,La Coruna,2,1,H,1,0,H,21,10,8,3,7,6,14,8,2,2,0,2,2.4,3.3,2.88
910,24/03/10,Almeria,Zaragoza,1,0,H,0,0,D,11,14,3,4,5,5,14,22,3,4,0,0,2.05,3.3,3.6
910,24/03/10,Barcelona,Osasuna,2,0,H,0,0,D,16,3,5,1,8,3,12,22,4,2,0,0,1.13,8.0,19.0
910,24/03/10,Santander,Mallorca,0,0,D,0,0,D,10,13,4,4,7,7,15,22,1,1,0,0,2.35,3.3,3.0
910,24/03/10,Tenerife,Villarreal,2,2,D,0,1,A,10,14,4,7,9,4,23,17,3,4,0,0,2.88,3.3,2.4
910,24/03/10,Valencia,Malaga,1,0,H,1,0,H,14,5,4,0,9,4,17,20,3,5,0,0,1.5,4.0,7.0
910,24/03/10,Valladolid,Espanol,0,0,D,0,0,D,8,9,0,1,4,7,13,17,4,2,1,1,2.25,3.3,3.2
910,25/03/10,Ath Madrid,Ath Bilbao,2,0,H,0,0,D,15,17,6,5,7,7,16,15,1,4,0,0,1.85,3.5,4.0
910,25/03/10,Getafe,Real Madrid,2,4,A,1,4,A,10,21,4,10,6,8,9,11,3,2,0,0,9.0,4.75,1.36
910,27/03/10,Malaga,Tenerife,1,1,D,0,0,D,7,14,1,4,5,2,15,14,2,2,1,0,1.91,3.4,4.0
910,27/03/10,Mallorca,Barcelona,0,1,A,0,0,D,10,7,2,5,4,8,29,21,4,3,0,0,7.5,4.2,1.44
910,27/03/10,Zaragoza,Valencia,3,0,H,1,0,H,20,9,6,3,6,5,19,19,4,4,0,1,2.9,3.3,2.38
910,28/03/10,Espanol,Sp Gijon,0,0,D,0,0,D,15,6,1,3,11,0,14,18,1,0,0,0,1.91,3.4,4.0
910,28/03/10,La Coruna,Getafe,1,3,A,0,2,A,14,21,6,9,8,6,4,8,0,4,0,0,2.1,3.3,3.5
910,28/03/10,Osasuna,Almeria,1,0,H,1,0,H,21,9,11,2,7,4,17,20,3,2,0,1,2.2,3.3,3.3
910,28/03/10,Real Madrid,Ath Madrid,3,2,H,0,1,A,32,10,8,3,7,2,22,16,3,1,0,0,1.3,5.25,10.0
910,28/03/10,Villarreal,Sevilla,3,0,H,2,0,H,14,9,8,6,9,3,10,15,2,3,0,0,2.25,3.3,3.2
910,28/03/10,Xerez,Valladolid,3,0,H,2,0,H,12,17,4,5,4,6,22,19,2,4,0,1,2.5,3.25,2.8
910,29/03/10,Ath Bilbao,Santander,4,3,H,2,1,H,12,9,5,5,10,1,10,21,1,3,0,1,1.91,3.4,4.0
910,03/04/10,Barcelona,Ath Bilbao,4,1,H,2,0,H,17,14,7,5,7,10,5,8,1,1,0,0,1.17,7.0,15.0
910,03/04/10,Sevilla,Tenerife,3,0,H,2,0,H,13,15,5,3,4,5,21,19,5,4,0,0,1.4,4.5,8.0
910,03/04/10,Zaragoza,Malaga,2,0,H,1,0,H,15,8,6,3,8,3,9,14,3,4,0,0,1.85,3.4,4.2
910,04/04/10,Almeria,Mallorca,1,1,D,1,0,H,16,17,6,8,7,4,14,16,1,2,0,0,2.4,3.3,2.88
910,04/04/10,Ath Madrid,La Coruna,3,0,H,1,0,H,18,6,10,2,6,3,15,8,2,0,0,0,1.83,3.5,4.33
910,04/04/10,Getafe,Espanol,1,1,D,1,0,H,17,10,2,3,8,7,10,15,3,4,0,0,1.8,3.5,4.5
910,04/04/10,Santander,Real Madrid,0,2,A,0,1,A,5,16,2,4,1,9,27,12,4,1,0,0,9.5,5.25,1.3
910,04/04/10,Sp Gijon,Xerez,2,2,D,1,0,H,15,12,7,4,3,4,18,18,1,0,0,0,1.73,3.5,5.0
910,04/04/10,Valencia,Osasuna,3,0,H,0,0,D,18,14,7,5,7,3,14,20,0,2,0,0,1.62,3.75,5.5
910,04/04/10,Valladolid,Villarreal,0,2,A,0,1,A,15,12,5,7,6,4,15,14,3,4,0,0,2.88,3.3,2.4
910,10/04/10,Malaga,Sevilla,1,2,A,1,0,H,10,11,4,7,3,4,29,14,3,5,0,0,3.25,3.25,2.25
910,10/04/10,Real Madrid,Barcelona,0,2,A,0,1,A,16,8,7,4,4,7,30,15,4,4,0,0,2.5,3.4,2.7
910,10/04/10,Tenerife,Valladolid,0,0,D,0,0,D,18,5,4,0,9,6,13,22,2,3,0,0,2.0,3.4,3.75
910,10/04/10,Villarreal,Sp Gijon,1,0,H,1,0,H,16,3,8,1,9,4,10,15,0,1,0,0,1.5,4.0,7.0
910,10/04/10,Xerez,Getafe,0,1,A,0,0,D,14,9,4,2,12,3,23,14,3,2,0,1,2.8,3.25,2.5
910,11/04/10,Ath Bilbao,Almeria,4,1,H,2,0,H,25,11,11,5,9,3,10,17,1,0,0,0,1.8,3.5,4.5
910,11/04/10,Espanol,Ath Madrid,3,0,H,0,0,D,21,12,7,2,5,5,8,13,2,3,0,1,2.5,3.25,2.8
910,11/04/10,La Coruna,Santander,1,1,D,1,0,H,15,12,3,4,9,7,9,16,0,1,0,0,2.0,3.4,3.8
910,11/04/10,Mallorca,Valencia,3,2,H,2,0,H,17,15,8,4,4,7,12,15,3,3,0,1,2.38,3.25,3.0
910,11/04/10,Osasuna,Zaragoza,2,0,H,1,0,H,9,12,6,4,3,7,22,14,4,4,1,0,2.25,3.25,3.2
910,13/04/10,Getafe,Villarreal,3,0,H,0,0,D,15,8,5,2,5,5,19,10,1,2,0,0,2.5,3.3,2.75
910,13/04/10,Sp Gijon,Tenerife,0,2,A,0,0,D,12,7,5,4,9,9,16,12,2,0,0,0,1.91,3.4,4.0
910,13/04/10,Valladolid,Sevilla,2,1,H,1,0,H,20,8,5,5,4,3,27,13,5,1,0,0,4.0,3.5,1.91
910,14/04/10,Ath Madrid,Xerez,1,2,A,1,1,D,21,11,5,3,8,4,19,16,3,4,0,0,1.36,4.5,9.0
910,14/04/10,Barcelona,La Coruna,3,0,H,1,0,H,21,5,11,3,14,2,11,12,0,3,0,0,1.13,8.5,17.0
910,14/04/10,Osasuna,Malaga,2,2,D,1,1,D,11,16,2,6,5,4,20,18,1,5,1,1,1.91,3.4,4.0
910,14/04/10,Santander,Espanol,3,1,H,1,1,D,13,7,4,2,7,5,24,10,3,3,0,1,2.1,3.3,3.5
910,14/04/10,Zaragoza,Mallorca,1,1,D,1,1,D,14,6,3,3,5,5,16,14,2,4,0,0,2.2,3.3,3.2
910,15/04/10,Almeria,Real Madrid,1,2,A,1,1,D,10,32,4,15,4,10,19,17,3,4,0,0,10.0,5.5,1.29
910,15/04/10,Valencia,Ath Bilbao,2,0,H,1,0,H,17,6,5,3,15,3,17,13,1,2,0,0,1.62,3.75,5.5
910,17/04/10,Espanol,Barcelona,0,0,D,0,0,D,9,4,3,1,3,4,21,17,3,2,0,1,9.0,5.0,1.33
910,17/04/10,Sevilla,Sp Gijon,3,0,H,1,0,H,16,4,7,2,6,3,8,20,3,4,0,2,1.4,4.33,8.5
910,17/04/10,Villarreal,Ath Madrid,2,1,H,2,0,H,7,13,5,7,4,8,15,22,2,2,0,0,1.83,3.5,4.33
910,18/04/10,Ath Bilbao,Zaragoza,0,0,D,0,0,D,16,6,6,1,5,2,14,17,3,5,0,0,1.73,3.5,5.0
910,18/04/10,La Coruna,Almeria,0,0,D,0,0,D,18,18,4,2,3,9,14,10,2,2,0,0,1.91,3.4,4.0
910,18/04/10,Malaga,Valladolid,0,0,D,0,0,D,13,14,4,0,6,6,15,22,2,2,0,0,1.91,3.4,4.0
910,18/04/10,Real Madrid,Valencia,2,0,H,1,0,H,24,9,11,3,2,7,16,16,2,3,0,0,1.4,4.5,8.0
910,18/04/10,Tenerife,Getafe,3,2,H,1,1,D,19,14,4,7,7,3,13,19,2,4,0,0,2.4,3.3,2.88
910,18/04/10,Xerez,Santander,2,2,D,1,1,D,11,14,4,7,5,13,16,13,1,2,0,0,2.4,3.3,2.88
910,19/04/10,Mallorca,Osasuna,2,0,H,1,0,H,15,12,8,4,5,9,14,15,1,3,0,0,1.62,3.6,6.0
910,24/04/10,Barcelona,Xerez,3,1,H,2,1,H,14,8,7,4,3,6,17,17,1,9,0,2,1.1,8.5,29.0
910,24/04/10,Valencia,La Coruna,1,0,H,1,0,H,12,9,6,1,12,2,17,11,3,3,1,0,1.4,4.5,8.0
910,24/04/10,Zaragoza,Real Madrid,1,2,A,0,0,D,7,19,2,12,1,7,21,22,3,4,1,0,10.0,5.5,1.29
910,25/04/10,Almeria,Espanol,0,1,A,0,0,D,13,16,2,6,10,2,17,15,4,4,0,1,2.2,3.2,3.4
910,25/04/10,Ath Madrid,Tenerife,3,1,H,2,0,H,26,14,11,3,9,7,10,14,1,2,0,0,1.8,3.5,4.5
910,25/04/10,Getafe,Sevilla,4,3,H,1,2,A,20,10,9,6,10,3,11,16,6,3,0,1,2.8,3.25,2.5
910,25/04/10,Mallorca,Malaga,1,1,D,0,0,D,24,14,7,8,8,6,19,20,2,5,0,1,1.5,4.0,7.0
910,25/04/10,Santander,Villarreal,1,2,A,1,0,H,10,22,6,11,4,9,21,10,7,4,0,0,3.0,3.25,2.38
910,25/04/10,Sp Gijon,Valladolid,0,2,A,0,0,D,8,12,1,6,3,1,24,17,2,3,1,1,2.25,3.25,3.25
910,26/04/10,Osasuna,Ath Bilbao,0,0,D,0,0,D,12,8,3,5,5,6,15,12,1,1,0,0,2.5,3.25,2.8
910,01/05/10,Espanol,Valencia,0,2,A,0,0,D,9,15,2,6,6,10,14,19,3,0,0,0,2.88,3.3,2.4
910,01/05/10,La Coruna,Zaragoza,0,1,A,0,0,D,7,7,4,1,4,6,20,11,3,2,0,0,2.4,3.3,2.88
910,01/05/10,Malaga,Sp Gijon,1,1,D,0,1,A,19,7,6,1,15,5,14,18,3,8,0,0,1.83,3.5,4.33
910,01/05/10,Tenerife,Santander,2,1,H,1,0,H,20,7,11,2,5,2,15,23,0,4,0,0,2.1,3.3,3.5
910,01/05/10,Valladolid,Getafe,0,0,D,0,0,D,13,4,3,2,5,6,14,21,2,3,0,1,2.4,3.3,2.88
910,01/05/10,Villarreal,Barcelona,1,4,A,0,3,A,8,15,2,6,4,4,23,11,3,3,0,0,5.5,3.8,1.57
910,01/05/10,Xerez,Almeria,2,1,H,1,1,D,11,18,2,3,4,6,8,17,2,4,1,1,2.5,3.3,2.75
910,02/05/10,Ath Bilbao,Mallorca,1,3,A,1,1,D,13,18,4,6,6,7,14,21,1,4,0,0,2.0,3.4,3.75
910,02/05/10,Real Madrid,Osasuna,3,2,H,2,2,D,31,17,12,6,11,3,13,15,1,1,0,0,1.13,8.0,19.0
910,02/05/10,Sevilla,Ath Madrid,3,1,H,3,1,H,12,13,8,3,12,1,19,16,1,3,0,0,1.36,5.0,8.0
910,04/05/10,Almeria,Villarreal,4,2,H,3,0,H,11,16,4,9,7,1,18,8,4,1,1,1,3.2,3.25,2.25
910,04/05/10,Barcelona,Tenerife,4,1,H,1,1,D,21,4,8,2,9,2,5,21,0,3,0,0,1.06,11.0,29.0
910,04/05/10,Getafe,Sp Gijon,1,1,D,0,1,A,16,14,8,4,11,8,6,13,0,0,0,0,1.57,3.8,6.0
910,04/05/10,Valencia,Xerez,3,1,H,1,1,D,22,7,6,3,8,0,12,15,3,0,0,1,1.25,5.75,11.0
910,05/05/10,Ath Bilbao,Malaga,1,1,D,1,1,D,15,18,6,5,8,9,14,20,2,7,0,0,1.8,3.5,4.33
910,05/05/10,Ath Madrid,Valladolid,3,1,H,1,0,H,15,24,8,7,7,4,17,14,0,2,0,0,2.0,3.5,3.6
910,05/05/10,Mallorca,Real Madrid,1,4,A,1,1,D,6,14,4,9,4,4,21,12,4,2,0,0,5.75,4.2,1.53
910,05/05/10,Osasuna,La Coruna,3,1,H,3,1,H,13,9,5,3,2,3,14,6,3,0,0,0,1.73,3.6,4.75
910,05/05/10,Santander,Sevilla,1,5,A,0,2,A,11,17,4,8,4,8,15,17,2,1,1,0,3.2,3.3,2.25
910,05/05/10,Zaragoza,Espanol,1,0,H,0,0,D,11,7,3,3,1,5,21,16,2,3,0,1,1.75,3.75,4.75
910,08/05/10,Espanol,Osasuna,2,1,H,0,1,A,13,11,8,2,5,5,4,14,3,1,0,0,2.1,3.2,3.6
910,08/05/10,Getafe,Malaga,2,1,H,1,0,H,9,5,5,2,4,3,10,12,3,1,0,0,1.8,3.5,4.5
910,08/05/10,La Coruna,Mallorca,1,0,H,0,0,D,12,18,2,2,3,5,15,17,1,3,0,0,3.75,3.4,2.0
910,08/05/10,Real Madrid,Ath Bilbao,5,1,H,1,1,D,34,6,15,4,9,1,13,14,3,2,0,1,1.11,9.0,19.0
910,08/05/10,Sevilla,Barcelona,2,3,A,0,2,A,7,18,5,7,2,4,23,15,4,6,1,0,6.0,4.33,1.5
910,08/05/10,Sp Gijon,Ath Madrid,1,1,D,0,0,D,4,4,1,1,5,3,9,8,2,1,0,0,1.67,3.8,5.0
910,08/05/10,Tenerife,Almeria,2,2,D,1,1,D,17,9,7,5,9,3,15,6,2,2,0,0,1.67,3.75,5.0
910,08/05/10,Valladolid,Santander,2,1,H,0,1,A,12,5,4,3,6,4,13,19,1,2,1,1,2.1,3.2,3.6
910,08/05/10,Villarreal,Valencia,2,0,H,2,0,H,8,8,5,4,4,4,8,21,3,6,2,0,1.73,3.8,4.5
910,08/05/10,Xerez,Zaragoza,3,2,H,1,0,H,9,14,6,7,2,4,16,15,3,3,0,1,3.0,3.25,2.38
910,15/05/10,Almeria,Sevilla,2,3,A,1,1,D,14,11,5,5,4,8,16,14,3,4,0,1,6.5,4.5,1.44
910,15/05/10,Ath Bilbao,La Coruna,2,0,H,1,0,H,19,13,5,5,12,0,16,13,0,0,0,0,1.8,3.6,4.33
910,15/05/10,Ath Madrid,Getafe,0,3,A,0,1,A,9,11,4,8,3,3,16,13,1,2,0,0,4.75,4.2,1.65
910,15/05/10,Mallorca,Espanol,2,0,H,1,0,H,13,8,4,3,7,2,18,11,3,2,0,0,1.29,5.5,9.5
910,15/05/10,Zaragoza,Villarreal,3,3,D,3,1,H,10,20,6,13,3,7,21,8,6,3,0,0,4.0,3.6,1.85
910,16/05/10,Barcelona,Valladolid,4,0,H,2,0,H,14,10,7,4,7,5,17,20,1,3,0,0,1.04,13.0,34.0
910,16/05/10,Malaga,Real Madrid,1,1,D,1,0,H,8,19,3,9,2,5,24,19,4,4,1,0,10.0,5.5,1.29
910,16/05/10,Osasuna,Xerez,1,1,D,0,0,D,9,17,4,6,5,7,9,11,0,0,0,1,2.35,3.4,2.9
910,16/05/10,Santander,Sp Gijon,2,0,H,1,0,H,23,8,8,4,12,0,15,8,0,0,0,0,1.3,5.25,9.5
910,16/05/10,Valencia,Tenerife,1,0,H,0,0,D,20,11,8,2,13,6,13,13,1,1,0,0,2.2,3.6,3.0
1011,28/08/10,Hercules,Ath Bilbao,0,1,A,0,0,D,9,14,3,5,10,1,15,18,2,4,1,0,2.5,3.25,2.8
1011,28/08/10,Levante,Sevilla,1,4,A,1,2,A,7,14,4,8,4,2,20,22,4,4,0,0,3.6,3.5,2.0
1011,28/08/10,Malaga,Valencia,1,3,A,1,1,D,19,21,5,8,7,10,16,15,2,5,0,0,2.88,3.3,2.4
1011,29/08/10,Espanol,Getafe,3,1,H,1,0,H,17,13,8,1,8,4,17,9,3,4,0,0,2.1,3.3,3.5
1011,29/08/10,La Coruna,Zaragoza,0,0,D,0,0,D,8,8,2,3,4,6,16,19,0,1,0,0,2.1,3.3,3.5
1011,29/08/10,Mallorca,Real Madrid,0,0,D,0,0,D,7,16,2,5,1,4,16,15,2,2,0,0,8.0,4.75,1.36
1011,29/08/10,Osasuna,Almeria,0,0,D,0,0,D,13,3,2,0,9,3,22,18,4,1,0,1,2.0,3.4,3.75
1011,29/08/10,Santander,Barcelona,0,3,A,0,2,A,11,9,7,5,6,5,21,14,4,1,0,0,15.0,6.0,1.2
1011,29/08/10,Sociedad,Villarreal,1,0,H,0,0,D,10,23,3,5,7,4,15,21,3,3,0,0,3.0,3.25,2.38
1011,30/08/10,Ath Madrid,Sp Gijon,4,0,H,2,0,H,16,18,7,8,2,3,13,22,3,3,0,0,1.53,4.0,6.0
1011,11/09/10,Ath Bilbao,Ath Madrid,1,2,A,0,1,A,18,11,3,5,6,1,22,13,4,5,0,0,3.0,3.25,2.38
1011,11/09/10,Barcelona,Hercules,0,2,A,0,1,A,17,9,9,7,14,2,7,8,2,2,0,0,1.06,11.0,34.0
1011,11/09/10,Real Madrid,Osasuna,1,0,H,0,0,D,25,4,7,1,9,3,20,27,2,2,0,0,1.17,6.5,17.0
1011,11/09/10,Valencia,Santander,1,0,H,1,0,H,14,15,5,7,6,8,19,15,4,2,0,0,1.44,4.33,7.0
1011,12/09/10,Getafe,Levante,4,1,H,2,1,H,21,7,10,2,13,7,19,14,3,4,0,0,1.57,3.8,6.0
1011,12/09/10,Sevilla,La Coruna,0,0,D,0,0,D,26,12,10,2,8,5,9,12,3,3,0,0,1.5,4.0,7.0
1011,12/09/10,Sp Gijon,Mallorca,2,0,H,0,0,D,12,9,6,1,2,2,19,11,2,2,0,1,2.4,3.3,2.9
1011,12/09/10,Villarreal,Espanol,4,0,H,2,0,H,11,15,5,5,3,8,16,19,6,6,0,1,1.8,3.5,4.5
1011,12/09/10,Zaragoza,Malaga,3,5,A,1,5,A,32,12,10,8,10,1,11,13,2,2,0,0,1.91,3.4,4.0
1011,13/09/10,Almeria,Sociedad,2,2,D,1,2,A,18,15,7,6,6,4,17,13,4,2,0,0,2.2,3.25,3.3
1011,18/09/10,Espanol,Almeria,1,0,H,0,0,D,13,4,4,1,7,2,23,12,3,3,0,0,2.0,3.3,3.75
1011,18/09/10,Mallorca,Osasuna,2,0,H,1,0,H,13,12,5,4,6,5,8,20,0,2,0,0,1.91,3.4,4.0
1011,18/09/10,Sociedad,Real Madrid,1,2,A,0,0,D,10,22,1,10,8,3,13,15,1,2,0,0,8.5,4.6,1.36
1011,18/09/10,Sp Gijon,Ath Bilbao,2,2,D,2,1,H,10,17,5,7,5,6,15,13,3,3,0,0,2.4,3.25,2.9
1011,19/09/10,Ath Madrid,Barcelona,1,2,A,1,2,A,7,16,4,8,6,6,21,15,4,5,1,0,5.0,3.75,1.67
1011,19/09/10,Hercules,Valencia,1,2,A,1,2,A,13,8,7,4,5,1,12,12,2,4,0,1,3.5,3.2,2.15
1011,19/09/10,Levante,Villarreal,1,2,A,0,2,A,15,8,2,5,6,2,9,17,1,1,0,0,3.75,3.3,2.0
1011,19/09/10,Malaga,Sevilla,1,2,A,1,2,A,8,19,5,6,3,8,13,22,2,6,0,0,3.25,3.25,2.2
1011,19/09/10,Santander,Zaragoza,2,0,H,0,0,D,8,7,4,1,3,2,14,22,1,4,0,0,2.25,3.2,3.25
1011,20/09/10,La Coruna,Getafe,2,2,D,0,1,A,26,12,11,2,5,7,7,13,1,4,0,1,2.25,3.2,3.25
1011,21/09/10,Ath Bilbao,Mallorca,3,0,H,1,0,H,12,15,6,3,9,3,22,12,1,0,0,0,1.91,3.4,4.0
1011,21/09/10,Osasuna,Sociedad,3,1,H,2,1,H,17,8,5,2,7,5,22,10,3,2,0,0,2.1,3.25,3.6
1011,21/09/10,Real Madrid,Espanol,3,0,H,1,0,H,20,9,7,3,8,5,15,11,2,2,1,2,1.17,7.0,15.0
1011,22/09/10,Almeria,Levante,0,1,A,0,1,A,19,6,5,2,6,5,10,12,4,2,0,0,1.75,3.5,4.75
1011,22/09/10,Barcelona,Sp Gijon,1,0,H,0,0,D,16,3,5,0,8,4,14,15,2,5,0,0,1.14,7.0,21.0
1011,22/09/10,Valencia,Ath Madrid,1,1,D,0,1,A,16,6,4,2,13,2,15,17,5,3,0,0,2.1,3.25,3.5
1011,22/09/10,Zaragoza,Hercules,0,0,D,0,0,D,20,5,5,4,8,2,22,17,4,2,0,0,1.95,3.3,4.0
1011,23/09/10,Getafe,Malaga,0,2,A,0,0,D,24,15,7,5,10,4,21,16,1,3,1,1,1.8,3.4,4.75
1011,23/09/10,Sevilla,Santander,1,1,D,1,0,H,14,13,4,4,9,5,14,13,0,2,0,0,1.5,4.0,7.0
1011,23/09/10,Villarreal,La Coruna,1,0,H,1,0,H,19,14,8,4,4,1,13,17,2,3,0,0,1.67,3.75,5.0
1011,25/09/10,Ath Bilbao,Barcelona,1,3,A,0,0,D,11,25,4,10,1,8,8,8,1,1,1,1,6.0,3.8,1.57
1011,25/09/10,Levante,Real Madrid,0,0,D,0,0,D,4,25,0,6,2,6,15,11,5,2,0,0,12.0,5.5,1.25
1011,25/09/10,Sp Gijon,Valencia,0,2,A,0,2,A,10,8,1,5,6,2,19,13,3,0,0,0,3.25,3.3,2.2
1011,26/09/10,Ath Madrid,Zaragoza,1,0,H,1,0,H,12,19,4,6,5,3,15,18,7,3,1,0,1.53,4.0,6.0
1011,26/09/10,Espanol,Osasuna,1,0,H,1,0,H,26,7,7,2,8,6,9,15,2,2,0,1,2.2,3.3,3.25
1011,26/09/10,Hercules,Sevilla,2,0,H,2,0,H,7,15,3,5,3,1,22,14,2,1,0,0,3.5,3.3,2.1
1011,26/09/10,La Coruna,Almeria,0,2,A,0,2,A,15,15,7,6,6,4,20,11,2,2,1,0,2.1,3.3,3.5
1011,26/09/10,Mallorca,Sociedad,2,0,H,1,0,H,15,13,6,3,7,7,17,10,2,2,0,0,2.05,3.3,3.6
1011,26/09/10,Santander,Getafe,0,1,A,0,1,A,15,9,5,2,4,6,22,14,4,3,1,0,2.4,3.3,2.9
1011,27/09/10,Malaga,Villarreal,2,3,A,2,3,A,9,19,3,8,4,5,14,16,1,4,1,0,3.0,3.25,2.38
1011,02/10/10,Sociedad,Espanol,1,0,H,0,0,D,18,18,4,9,8,6,13,18,1,4,0,0,2.2,3.25,3.25
1011,02/10/10,Valencia,Ath Bilbao,2,1,H,1,0,H,18,13,6,2,6,5,17,13,3,2,0,0,1.73,3.4,5.25
1011,02/10/10,Zaragoza,Sp Gijon,2,2,D,0,1,A,9,18,4,5,3,8,16,16,2,3,1,0,2.05,3.3,3.6
1011,03/10/10,Almeria,Malaga,1,1,D,0,0,D,26,11,7,4,7,5,14,12,2,5,0,1,2.2,3.25,3.25
1011,03/10/10,Barcelona,Mallorca,1,1,D,1,1,D,26,11,10,2,13,6,7,15,0,6,0,0,1.17,7.0,15.0
1011,03/10/10,Getafe,Hercules,3,0,H,2,0,H,20,9,7,1,3,5,17,14,4,2,0,1,2.05,3.3,3.6
1011,03/10/10,Osasuna,Levante,1,1,D,0,0,D,18,7,8,2,4,3,14,13,4,2,0,0,1.73,3.5,5.0
1011,03/10/10,Real Madrid,La Coruna,6,1,H,3,0,H,17,8,8,3,4,1,7,6,0,1,0,0,1.17,7.0,15.0
1011,03/10/10,Sevilla,Ath Madrid,3,1,H,2,0,H,18,9,10,4,6,9,16,17,4,3,0,0,2.1,3.3,3.5
1011,03/10/10,Villarreal,Santander,2,0,H,2,0,H,16,19,10,4,6,8,10,17,1,0,0,0,1.73,3.5,5.0
1011,16/10/10,Ath Madrid,Getafe,2,0,H,1,0,H,11,15,3,8,2,8,21,16,2,4,0,0,1.8,3.5,4.5
1011,16/10/10,Barcelona,Valencia,2,1,H,0,1,A,12,8,8,2,7,6,9,9,2,4,0,0,1.4,4.5,7.5
1011,16/10/10,Malaga,Real Madrid,1,4,A,0,2,A,9,21,1,7,4,7,10,18,4,3,0,0,8.0,4.5,1.4
1011,17/10/10,Ath Bilbao,Zaragoza,2,1,H,2,0,H,16,16,7,3,5,5,19,19,3,4,0,1,1.8,3.5,4.5
1011,17/10/10,La Coruna,Osasuna,0,0,D,0,0,D,23,8,10,2,12,2,18,19,3,1,0,1,2.3,3.2,3.2
1011,17/10/10,Levante,Sociedad,2,1,H,0,0,D,13,10,3,5,9,4,14,19,3,3,0,0,2.4,3.2,3.0
1011,17/10/10,Mallorca,Espanol,0,1,A,0,1,A,12,14,1,7,6,4,14,18,3,3,0,1,1.91,3.4,4.0
1011,17/10/10,Santander,Almeria,1,0,H,1,0,H,25,9,14,4,8,5,22,7,3,1,0,0,2.1,3.3,3.5
1011,17/10/10,Sp Gijon,Sevilla,2,0,H,1,0,H,14,18,7,4,8,5,20,7,6,2,0,0,3.4,3.4,2.1
1011,18/10/10,Hercules,Villarreal,2,2,D,2,1,H,9,23,5,9,4,2,8,22,5,3,1,2,2.8,3.25,2.5
1011,23/10/10,Real Madrid,Santander,6,1,H,3,0,H,16,13,10,3,4,4,16,13,2,2,0,0,1.14,7.0,21.0
1011,23/10/10,Valencia,Mallorca,1,2,A,1,2,A,13,14,5,6,11,2,17,17,6,4,0,0,1.57,3.75,6.0
1011,23/10/10,Zaragoza,Barcelona,0,2,A,0,1,A,5,20,4,10,5,3,21,12,4,1,1,0,11.0,5.75,1.25
1011,24/10/10,Almeria,Hercules,1,1,D,0,1,A,13,9,8,4,8,6,15,11,2,3,0,0,2.2,3.25,3.25
1011,24/10/10,Espanol,Levante,2,1,H,1,0,H,14,12,3,2,6,3,15,14,5,6,0,1,1.75,3.4,5.0
1011,24/10/10,Getafe,Sp Gijon,3,0,H,1,0,H,15,10,6,3,4,2,10,13,1,2,0,0,1.73,3.5,5.0
1011,24/10/10,Osasuna,Malaga,3,0,H,2,0,H,14,8,8,0,4,4,13,17,1,3,0,0,2.1,3.25,3.5
1011,24/10/10,Sevilla,Ath Bilbao,4,3,H,2,0,H,14,17,9,9,5,7,10,18,3,5,1,0,1.7,3.6,5.0
1011,24/10/10,Villarreal,Ath Madrid,2,0,H,1,0,H,10,11,5,2,2,3,15,15,1,3,0,0,2.3,3.25,3.1
1011,25/10/10,Sociedad,La Coruna,3,0,H,1,0,H,9,8,7,2,4,3,18,14,1,2,0,0,2.1,3.25,3.5
1011,30/10/10,Barcelona,Sevilla,5,0,H,2,0,H,18,3,9,1,11,1,13,11,1,2,0,1,1.29,5.0,11.0
1011,30/10/10,Hercules,Real Madrid,1,3,A,1,0,H,7,25,2,10,3,6,6,9,0,3,0,0,10.0,5.0,1.3
1011,30/10/10,Valencia,Zaragoza,1,1,D,1,1,D,15,10,2,3,7,4,20,21,3,3,0,1,1.4,4.33,7.5
1011,31/10/10,Ath Bilbao,Getafe,3,0,H,2,0,H,20,10,7,2,6,4,14,15,2,5,0,0,2.0,3.5,3.6
1011,31/10/10,Ath Madrid,Almeria,1,1,D,1,1,D,28,10,11,3,12,3,15,13,3,2,0,0,1.5,4.33,6.0
1011,31/10/10,La Coruna,Espanol,3,0,H,1,0,H,11,11,4,4,5,4,17,14,2,3,0,0,2.63,3.3,2.63
1011,31/10/10,Malaga,Sociedad,1,2,A,0,1,A,16,12,6,2,1,5,18,17,1,3,0,0,2.1,3.25,3.6
1011,31/10/10,Santander,Osasuna,4,1,H,2,0,H,17,12,7,4,5,5,18,14,2,3,0,0,2.5,3.3,2.75
1011,31/10/10,Sp Gijon,Villarreal,1,1,D,0,0,D,12,10,5,4,2,4,20,11,5,2,0,1,3.5,3.3,2.1
1011,01/11/10,Mallorca,Levante,2,1,H,0,1,A,22,13,6,3,5,3,14,15,2,2,0,0,1.62,3.8,5.5
1011,06/11/10,Espanol,Malaga,1,0,H,1,0,H,15,11,6,3,5,5,20,18,2,3,0,0,1.91,3.4,4.0
1011,06/11/10,Sociedad,Santander,1,0,H,1,0,H,11,13,4,3,5,6,15,18,1,6,0,0,2.1,3.25,3.6
1011,07/11/10,Almeria,Sp Gijon,1,1,D,1,0,H,9,14,3,3,5,10,16,12,5,2,0,0,2.1,3.3,3.5
1011,07/11/10,Getafe,Barcelona,1,3,A,0,2,A,12,14,5,8,5,3,10,9,3,1,1,1,8.5,5.0,1.33
1011,07/11/10,Levante,La Coruna,1,2,A,0,1,A,11,11,2,6,11,4,14,10,2,2,0,0,2.3,3.2,3.2
1011,07/11/10,Osasuna,Hercules,3,0,H,1,0,H,16,8,5,1,4,3,18,16,1,4,0,0,2.0,3.3,3.8
1011,07/11/10,Real Madrid,Ath Madrid,2,0,H,2,0,H,22,18,13,3,3,7,13,14,2,2,0,0,1.29,5.5,9.5
1011,07/11/10,Villarreal,Ath Bilbao,4,1,H,2,1,H,23,7,9,4,7,3,13,27,4,3,0,1,1.8,3.6,4.33
1011,07/11/10,Zaragoza,Mallorca,3,2,H,0,1,A,22,8,3,4,11,3,10,20,4,6,0,0,2.4,3.2,3.0
1011,08/11/10,Sevilla,Valencia,2,0,H,0,0,D,22,12,10,6,7,2,11,12,1,0,0,1,2.2,3.4,3.2
1011,13/11/10,Ath Bilbao,Almeria,1,0,H,1,0,H,13,8,4,3,9,2,18,15,2,3,2,0,1.67,3.75,5.0
1011,13/11/10,Ath Madrid,Osasuna,3,0,H,2,0,H,24,14,7,5,8,3,11,17,1,1,0,1,1.62,3.75,5.5
1011,13/11/10,Barcelona,Villarreal,3,1,H,1,1,D,15,9,5,2,4,4,22,19,2,3,0,0,1.2,6.25,13.0
1011,14/11/10,Hercules,Sociedad,2,1,H,0,1,A,14,18,5,1,6,7,19,12,1,2,0,0,2.1,3.3,3.5
1011,14/11/10,Malaga,Levante,1,0,H,0,0,D,11,12,7,2,5,8,15,15,3,5,0,0,1.95,3.5,3.8
1011,14/11/10,Mallorca,La Coruna,0,0,D,0,0,D,13,8,4,4,8,1,9,13,2,1,0,0,1.8,3.5,4.5
1011,14/11/10,Santander,Espanol,0,0,D,0,0,D,10,8,4,3,5,5,22,12,2,3,0,0,2.38,3.0,3.2
1011,14/11/10,Sp Gijon,Real Madrid,0,1,A,0,0,D,10,12,3,5,2,9,19,7,5,2,1,0,12.0,5.5,1.25
1011,14/11/10,Valencia,Getafe,2,0,H,1,0,H,14,8,4,3,7,5,22,9,3,3,0,0,1.62,3.75,5.5
1011,14/11/10,Zaragoza,Sevilla,1,2,A,0,1,A,15,2,2,2,7,3,21,26,5,4,0,1,3.0,3.25,2.38
1011,20/11/10,Almeria,Barcelona,0,8,A,0,5,A,9,18,2,13,6,5,10,7,2,1,0,0,12.0,5.5,1.25
1011,20/11/10,Real Madrid,Ath Bilbao,5,1,H,2,1,H,16,14,6,6,4,6,10,15,2,2,0,0,1.17,7.0,15.0
1011,20/11/10,Villarreal,Valencia,1,1,D,0,1,A,18,8,6,2,1,4,9,28,3,7,0,1,2.0,3.5,3.6
1011,21/11/10,Espanol,Hercules,3,0,H,1,0,H,7,12,5,5,1,6,25,19,3,1,0,1,1.91,3.3,4.2
1011,21/11/10,La Coruna,Malaga,3,0,H,2,0,H,8,13,3,4,6,12,18,11,3,2,0,0,2.25,3.25,3.2
1011,21/11/10,Levante,Santander,3,1,H,3,0,H,18,15,10,4,6,1,22,17,2,3,0,1,2.38,3.25,3.0
1011,21/11/10,Osasuna,Sp Gijon,1,0,H,0,0,D,13,9,2,0,5,6,22,20,4,2,0,0,1.83,3.4,4.5
1011,21/11/10,Sevilla,Mallorca,1,2,A,0,1,A,11,17,2,8,2,1,8,12,2,1,0,0,1.67,3.75,5.0
1011,21/11/10,Sociedad,Ath Madrid,2,4,A,1,0,H,10,23,4,8,4,8,21,15,3,2,0,0,2.75,3.3,2.5
1011,22/11/10,Getafe,Zaragoza,1,1,D,0,1,A,21,10,3,4,10,1,16,13,3,2,0,1,1.8,3.5,4.5
1011,27/11/10,Ath Madrid,Espanol,2,3,A,1,1,D,23,15,10,6,10,4,19,23,3,6,0,0,1.62,3.6,6.0
1011,27/11/10,Sevilla,Getafe,1,3,A,1,0,H,17,13,6,6,10,6,16,18,3,1,0,0,1.67,3.75,5.0
1011,27/11/10,Zaragoza,Villarreal,0,3,A,0,2,A,13,14,4,6,4,1,15,8,4,2,1,0,3.25,3.25,2.2
1011,28/11/10,Ath Bilbao,Osasuna,1,0,H,0,0,D,15,11,5,3,6,8,12,16,3,2,0,0,1.73,3.6,4.75
1011,28/11/10,Hercules,Levante,3,1,H,1,1,D,18,9,10,5,6,4,17,16,2,4,0,0,1.83,3.5,4.33
1011,28/11/10,Mallorca,Malaga,2,0,H,0,0,D,12,14,6,5,2,6,17,13,3,1,0,0,1.73,3.75,4.5
1011,28/11/10,Santander,La Coruna,1,0,H,0,0,D,11,4,6,0,7,2,10,12,1,1,0,0,2.2,3.2,3.4
1011,28/11/10,Sp Gijon,Sociedad,1,3,A,1,2,A,9,12,3,6,8,3,31,27,5,3,0,0,2.1,3.25,3.6
1011,28/11/10,Valencia,Almeria,2,1,H,1,0,H,11,10,6,3,8,7,24,12,2,3,0,0,1.33,5.0,9.0
1011,29/11/10,Barcelona,Real Madrid,5,0,H,2,0,H,15,5,6,2,3,6,12,16,5,7,0,1,2.1,3.3,3.5
1011,04/12/10,Levante,Ath Madrid,2,0,H,1,0,H,18,15,8,5,5,3,20,14,5,5,0,0,4.2,3.5,1.83
1011,04/12/10,Osasuna,Barcelona,0,3,A,0,1,A,4,16,2,8,3,5,23,7,3,0,0,0,15.0,6.0,1.2
1011,04/12/10,Real Madrid,Valencia,2,0,H,0,0,D,19,15,11,4,12,7,22,22,3,4,0,1,1.4,4.5,7.5
1011,05/12/10,Almeria,Zaragoza,1,1,D,0,0,D,15,17,5,6,7,6,10,9,2,0,0,0,2.2,3.2,3.4
1011,05/12/10,Espanol,Sp Gijon,1,0,H,0,0,D,7,13,2,2,1,6,15,13,2,5,1,0,1.62,3.75,5.5
1011,05/12/10,Getafe,Mallorca,3,0,H,2,0,H,12,17,7,3,8,7,9,9,1,0,0,0,2.0,3.4,3.75
1011,05/12/10,Malaga,Santander,4,1,H,2,1,H,18,11,6,4,6,4,10,10,1,0,0,0,2.0,3.4,3.75
1011,05/12/10,Sociedad,Ath Bilbao,2,0,H,1,0,H,7,22,2,3,2,11,15,18,2,1,0,0,2.3,3.3,3.1
1011,05/12/10,Villarreal,Sevilla,1,0,H,1,0,H,11,8,4,3,9,3,16,22,3,3,0,0,1.83,3.5,4.2
1011,06/12/10,La Coruna,Hercules,1,0,H,0,0,D,12,7,4,1,3,3,14,12,2,4,0,0,2.2,3.2,3.4
1011,11/12/10,Ath Madrid,La Coruna,2,0,H,2,0,H,20,5,7,0,11,6,9,12,1,3,0,0,1.44,4.2,7.0
1011,11/12/10,Getafe,Villarreal,1,0,H,0,0,D,9,14,3,7,3,5,21,18,3,1,2,0,2.5,3.3,2.75
1011,11/12/10,Sevilla,Almeria,1,3,A,0,0,D,19,16,8,9,10,6,20,21,2,3,1,0,1.4,4.5,7.5
1011,12/12/10,Ath Bilbao,Espanol,2,1,H,0,1,A,16,11,7,6,4,7,20,13,3,4,0,0,1.95,3.4,3.9
1011,12/12/10,Barcelona,Sociedad,5,0,H,2,0,H,21,2,9,0,11,2,9,9,1,0,0,0,1.1,8.5,26.0
1011,12/12/10,Hercules,Malaga,4,1,H,0,1,A,19,8,7,5,5,3,10,22,5,4,0,0,2.1,3.4,3.4
1011,12/12/10,Mallorca,Santander,0,1,A,0,0,D,14,10,4,3,6,3,9,13,1,0,0,0,1.73,3.5,5.0
1011,12/12/10,Sp Gijon,Levante,1,1,D,0,0,D,15,4,5,1,13,3,20,16,2,5,0,0,1.91,3.5,3.9
1011,12/12/10,Zaragoza,Real Madrid,1,3,A,0,2,A,6,20,3,7,5,5,13,14,3,4,0,0,12.0,5.5,1.25
1011,13/12/10,Valencia,Osasuna,3,3,D,3,1,H,12,16,9,4,5,9,18,18,1,4,0,0,1.4,4.5,7.5
1011,18/12/10,Espanol,Barcelona,1,5,A,0,2,A,7,19,5,10,2,7,20,15,5,3,0,0,12.0,5.5,1.25
1011,18/12/10,La Coruna,Sp Gijon,1,1,D,1,0,H,12,10,6,3,3,9,10,13,4,3,0,0,2.05,3.25,3.75
1011,18/12/10,Levante,Ath Bilbao,1,2,A,1,1,D,15,9,2,6,12,4,16,19,2,4,0,0,2.8,3.25,2.5
1011,18/12/10,Sociedad,Valencia,1,2,A,1,1,D,12,15,2,5,7,7,10,11,3,4,0,0,3.1,3.25,2.3
1011,18/12/10,Villarreal,Mallorca,3,1,H,2,1,H,14,7,7,2,3,3,8,25,1,5,0,0,1.53,3.8,6.5
1011,19/12/10,Almeria,Getafe,2,3,A,2,1,H,16,22,5,9,9,10,15,12,3,4,0,0,2.5,3.2,2.8
1011,19/12/10,Malaga,Ath Madrid,0,3,A,0,1,A,12,11,3,6,3,3,21,19,2,2,0,0,3.25,3.5,2.1
1011,19/12/10,Osasuna,Zaragoza,0,0,D,0,0,D,15,10,5,1,13,2,11,18,2,2,0,0,2.0,3.4,3.75
1011,19/12/10,Real Madrid,Sevilla,1,0,H,0,0,D,10,5,5,2,8,3,22,18,6,3,1,1,1.2,6.5,13.0
1011,20/12/10,Santander,Hercules,0,0,D,0,0,D,8,8,2,3,4,9,20,15,3,2,0,0,1.91,3.4,4.0
1011,02/01/11,Ath Bilbao,La Coruna,1,2,A,0,1,A,21,7,7,3,9,1,18,17,1,2,2,1,1.67,3.5,5.5
1011,02/01/11,Barcelona,Levante,2,1,H,0,0,D,22,4,10,2,12,1,16,13,4,2,0,0,1.06,11.0,29.0
1011,02/01/11,Sevilla,Osasuna,1,0,H,1,0,H,13,7,5,3,8,6,17,22,1,5,0,0,1.62,3.75,5.5
1011,02/01/11,Sp Gijon,Malaga,1,2,A,1,1,D,14,6,6,5,2,3,16,20,5,3,0,0,2.2,3.3,3.25
1011,02/01/11,Valencia,Espanol,2,1,H,1,1,D,13,15,8,2,6,4,17,14,2,3,1,0,1.62,3.75,5.5
1011,03/01/11,Ath Madrid,Santander,0,0,D,0,0,D,13,9,5,3,10,0,15,11,2,1,0,0,1.44,4.33,7.0
1011,03/01/11,Getafe,Real Madrid,2,3,A,1,2,A,12,15,5,5,3,2,16,20,5,3,0,1,10.0,5.25,1.29
1011,03/01/11,Mallorca,Hercules,3,0,H,2,0,H,20,11,10,3,4,12,7,7,1,4,0,0,1.83,3.4,4.5
1011,03/01/11,Villarreal,Almeria,2,0,H,1,0,H,16,11,10,2,4,0,16,18,1,4,0,0,1.44,4.33,7.0
1011,03/01/11,Zaragoza,Sociedad,2,1,H,1,1,D,24,8,9,2,9,4,17,16,3,1,0,0,2.2,3.4,3.2
1011,08/01/11,La Coruna,Barcelona,0,4,A,0,1,A,7,8,1,5,4,7,8,7,1,0,0,0,13.0,6.5,1.2
1011,08/01/11,Malaga,Ath Bilbao,1,1,D,0,0,D,12,13,3,6,8,5,15,19,4,3,0,0,2.25,3.4,3.1
1011,08/01/11,Sociedad,Sevilla,2,3,A,2,1,H,14,17,8,5,5,7,12,13,2,1,0,0,2.8,3.25,2.5
1011,09/01/11,Espanol,Zaragoza,4,0,H,3,0,H,11,13,6,4,3,3,12,21,2,4,0,0,1.73,3.6,4.75
1011,09/01/11,Levante,Valencia,0,1,A,0,0,D,13,16,2,6,6,3,14,14,4,1,0,0,4.33,3.4,1.85
1011,09/01/11,Mallorca,Almeria,4,1,H,2,0,H,18,10,9,2,8,9,14,9,2,1,0,0,1.73,3.4,4.5
1011,09/01/11,Osasuna,Getafe,0,0,D,0,0,D,15,18,3,7,6,11,15,10,4,1,0,0,2.25,3.25,3.2
1011,09/01/11,Real Madrid,Villarreal,4,2,H,2,2,D,15,12,7,3,6,3,20,8,3,4,0,0,1.29,5.5,10.0
1011,09/01/11,Santander,Sp Gijon,1,1,D,1,0,H,13,17,3,9,4,10,16,15,1,3,0,0,1.91,3.4,4.0
1011,10/01/11,Hercules,Ath Madrid,4,1,H,4,0,H,10,22,6,4,4,4,17,15,1,0,0,0,2.9,3.25,2.4
1011,15/01/11,Ath Bilbao,Santander,2,1,H,2,0,H,9,12,4,4,6,7,13,12,2,3,0,1,1.67,3.6,5.25
1011,15/01/11,Getafe,Sociedad,0,4,A,0,2,A,22,11,3,4,10,2,8,17,3,4,0,0,1.8,3.25,5.0
1011,15/01/11,Sevilla,Espanol,1,2,A,0,1,A,17,11,6,4,7,3,17,9,1,2,0,0,1.73,3.5,5.0
1011,15/01/11,Sp Gijon,Hercules,2,0,H,2,0,H,8,5,6,2,3,4,12,17,3,5,0,0,2.2,3.3,3.25
1011,15/01/11,Villarreal,Osasuna,4,2,H,1,0,H,20,12,12,4,6,5,10,10,1,3,0,0,1.53,3.8,6.5
1011,15/01/11,Zaragoza,Levante,1,0,H,1,0,H,10,8,2,3,4,0,25,18,5,3,0,0,1.91,3.4,4.0
1011,16/01/11,Almeria,Real Madrid,1,1,D,0,0,D,9,24,3,10,1,12,21,18,2,2,0,0,10.0,6.0,1.25
1011,16/01/11,Barcelona,Malaga,4,1,H,3,0,H,13,4,9,2,8,1,12,12,1,1,0,0,1.08,10.0,23.0
1011,16/01/11,Valencia,La Coruna,2,0,H,0,0,D,17,9,7,1,2,3,16,14,3,2,0,0,1.44,4.2,7.5
1011,17/01/11,Ath Madrid,Mallorca,3,0,H,2,0,H,10,18,5,7,4,4,12,9,2,3,1,1,1.83,3.5,4.33
1011,22/01/11,Barcelona,Santander,3,0,H,2,0,H,14,7,11,3,8,1,6,15,0,0,0,0,1.07,11.0,23.0
1011,22/01/11,Sevilla,Levante,4,1,H,3,0,H,9,5,5,2,6,1,14,22,2,2,0,0,1.4,4.5,7.5
1011,22/01/11,Valencia,Malaga,4,3,H,1,2,A,15,9,7,6,9,2,15,7,1,4,0,2,1.44,4.33,7.0
1011,23/01/11,Almeria,Osasuna,3,2,H,2,1,H,14,16,4,5,6,9,19,16,3,5,0,0,2.2,3.2,3.4
1011,23/01/11,Getafe,Espanol,1,3,A,1,0,H,17,12,5,6,5,6,15,6,0,0,0,0,2.1,3.3,3.5
1011,23/01/11,Real Madrid,Mallorca,1,0,H,0,0,D,18,10,5,2,12,5,12,15,3,4,0,0,1.17,7.0,15.0
1011,23/01/11,Sp Gijon,Ath Madrid,1,0,H,0,0,D,6,5,3,1,4,5,19,14,2,3,0,0,2.9,3.3,2.38
1011,23/01/11,Villarreal,Sociedad,2,1,H,1,1,D,28,4,8,1,8,2,14,20,1,4,0,0,1.5,4.1,6.5
1011,23/01/11,Zaragoza,La Coruna,1,0,H,1,0,H,7,5,4,0,5,1,30,14,4,2,0,0,2.0,3.4,3.75
1011,24/01/11,Ath Bilbao,Hercules,3,0,H,1,0,H,12,7,4,3,8,1,21,16,3,4,0,0,1.73,3.6,4.75
1011,29/01/11,Hercules,Barcelona,0,3,A,0,1,A,4,22,2,8,2,9,12,8,2,1,1,0,15.0,7.0,1.17
1011,29/01/11,La Coruna,Sevilla,3,3,D,1,0,H,16,12,5,6,4,5,14,8,1,3,0,1,3.5,3.3,2.1
1011,29/01/11,Levante,Getafe,2,0,H,0,0,D,15,7,6,0,3,3,10,11,3,2,1,1,2.8,3.25,2.5
1011,29/01/11,Malaga,Zaragoza,1,2,A,1,1,D,15,12,6,7,5,3,14,26,3,4,0,0,1.83,3.5,4.33
1011,29/01/11,Mallorca,Sp Gijon,0,4,A,0,1,A,16,10,3,3,4,2,17,10,4,2,0,0,1.8,3.25,5.0
1011,29/01/11,Sociedad,Almeria,2,0,H,1,0,H,13,22,5,5,9,2,10,23,2,3,0,0,2.0,3.4,3.75
1011,30/01/11,Ath Madrid,Ath Bilbao,0,2,A,0,1,A,16,15,7,7,3,6,17,17,3,1,1,0,1.83,3.5,4.33
1011,30/01/11,Espanol,Villarreal,0,1,A,0,1,A,13,16,5,6,7,5,9,13,2,4,0,0,2.5,3.25,2.8
1011,30/01/11,Osasuna,Real Madrid,1,0,H,0,0,D,9,21,3,4,5,5,24,9,8,3,0,0,9.0,5.0,1.33
1011,31/01/11,Santander,Valencia,1,1,D,1,0,H,8,8,4,3,3,6,14,16,4,2,1,2,3.5,3.3,2.1
1011,05/02/11,Almeria,Espanol,3,2,H,3,1,H,11,17,5,5,4,6,24,16,5,3,0,0,2.5,3.3,2.75
1011,05/02/11,Ath Bilbao,Sp Gijon,3,0,H,2,0,H,13,6,6,1,9,3,15,14,4,2,0,1,1.67,3.5,5.5
1011,05/02/11,Barcelona,Ath Madrid,3,0,H,2,0,H,15,10,8,4,5,5,11,15,2,3,0,0,1.14,7.5,17.0
1011,05/02/11,Getafe,La Coruna,4,1,H,3,0,H,19,19,10,8,5,7,12,8,5,4,0,0,1.83,3.5,4.33
1011,05/02/11,Osasuna,Mallorca,1,1,D,1,1,D,16,8,5,4,5,4,16,14,1,1,0,0,2.1,3.3,3.5
1011,05/02/11,Villarreal,Levante,0,1,A,0,0,D,14,11,4,4,6,7,10,14,2,7,0,0,1.25,5.25,13.0
1011,05/02/11,Zaragoza,Santander,1,1,D,1,1,D,18,13,5,4,4,5,20,22,4,3,0,0,2.0,3.3,3.75
1011,06/02/11,Real Madrid,Sociedad,4,1,H,3,0,H,30,14,8,4,11,3,7,10,2,3,0,0,1.17,6.5,19.0
1011,06/02/11,Sevilla,Malaga,0,0,D,0,0,D,9,6,2,1,7,4,17,16,4,4,0,0,1.53,4.0,6.0
1011,06/02/11,Valencia,Hercules,2,0,H,1,0,H,15,7,7,3,4,2,17,14,3,2,0,0,1.44,4.2,7.5
1011,12/02/11,Ath Madrid,Valencia,1,2,A,1,1,D,15,11,5,2,13,5,14,17,2,4,1,0,2.1,3.4,3.4
1011,12/02/11,Santander,Sevilla,3,2,H,2,1,H,8,19,4,6,1,7,19,10,4,3,1,0,3.0,3.4,2.3
1011,12/02/11,Sp Gijon,Barcelona,1,1,D,1,0,H,7,15,1,6,4,10,17,8,4,6,0,0,15.0,8.0,1.14
1011,13/02/11,Espanol,Real Madrid,0,1,A,0,1,A,19,19,5,10,5,9,11,9,2,2,0,1,7.0,4.33,1.44
1011,13/02/11,Hercules,Zaragoza,2,1,H,0,1,A,7,11,5,6,2,3,12,17,1,3,0,0,2.0,3.4,3.75
1011,13/02/11,La Coruna,Villarreal,1,0,H,0,0,D,12,3,3,2,2,2,16,12,1,2,0,0,3.5,3.3,2.1
1011,13/02/11,Levante,Almeria,1,0,H,0,0,D,11,12,4,3,7,9,16,17,3,2,0,0,2.3,3.3,3.1
1011,13/02/11,Malaga,Getafe,2,2,D,0,2,A,20,8,6,5,9,3,13,15,2,4,0,0,2.1,3.4,3.4
1011,13/02/11,Sociedad,Osasuna,1,0,H,0,0,D,19,12,9,1,5,3,10,15,1,3,0,1,2.1,3.25,3.6
1011,14/02/11,Mallorca,Ath Bilbao,1,0,H,1,0,H,11,12,5,3,3,9,15,11,2,2,0,0,2.1,3.4,3.4
1011,19/02/11,Real Madrid,Levante,2,0,H,2,0,H,25,3,11,1,13,2,8,11,2,2,0,0,1.14,7.5,17.0
1011,19/02/11,Valencia,Sp Gijon,0,0,D,0,0,D,12,7,2,0,12,4,13,5,1,0,0,0,1.44,4.33,7.0
1011,19/02/11,Zaragoza,Ath Madrid,0,1,A,0,0,D,14,16,2,7,4,5,15,15,3,3,0,0,2.88,3.3,2.4
1011,20/02/11,Almeria,La Coruna,1,1,D,0,0,D,12,8,4,4,3,7,15,17,1,4,0,0,2.05,3.3,3.6
1011,20/02/11,Barcelona,Ath Bilbao,2,1,H,1,0,H,20,5,5,4,11,1,9,18,3,3,0,0,1.13,7.5,21.0
1011,20/02/11,Getafe,Santander,0,1,A,0,0,D,6,8,1,4,8,4,13,12,1,2,1,0,1.8,3.5,4.5
1011,20/02/11,Osasuna,Espanol,4,0,H,1,0,H,15,11,8,0,8,8,19,12,2,2,0,0,2.2,3.3,3.25
1011,20/02/11,Sevilla,Hercules,1,0,H,1,0,H,17,7,6,3,6,8,14,16,2,3,0,0,1.57,3.8,6.0
1011,20/02/11,Villarreal,Malaga,1,1,D,1,0,H,15,6,7,2,3,1,14,23,1,1,0,0,1.5,4.1,6.5
1011,21/02/11,Sociedad,Mallorca,1,0,H,0,0,D,12,9,4,2,11,5,13,17,1,2,0,0,2.05,3.3,3.6
1011,26/02/11,Ath Madrid,Sevilla,2,2,D,0,1,A,19,15,11,5,9,3,15,10,2,2,0,0,2.1,3.4,3.4
1011,26/02/11,Espanol,Sociedad,4,1,H,1,1,D,11,14,4,5,4,6,13,16,1,1,0,0,1.95,3.3,4.0
1011,26/02/11,La Coruna,Real Madrid,0,0,D,0,0,D,4,21,1,9,4,11,21,13,4,3,0,0,7.5,4.5,1.4
1011,26/02/11,Mallorca,Barcelona,0,3,A,0,1,A,8,7,3,4,5,2,12,9,1,0,0,0,8.5,5.0,1.33
1011,26/02/11,Sp Gijon,Zaragoza,0,0,D,0,0,D,13,12,5,0,4,3,15,11,3,4,0,0,1.91,3.4,4.0
1011,27/02/11,Ath Bilbao,Valencia,1,2,A,1,0,H,17,11,6,5,7,5,19,14,3,4,0,0,2.3,3.3,3.1
1011,27/02/11,Hercules,Getafe,0,0,D,0,0,D,11,17,5,7,7,9,12,15,1,2,1,0,2.3,3.3,3.1
1011,27/02/11,Levante,Osasuna,2,1,H,1,1,D,14,8,7,4,5,1,13,16,3,2,0,0,2.4,3.2,3.0
1011,27/02/11,Santander,Villarreal,2,2,D,1,0,H,17,17,9,2,6,8,11,7,2,3,0,0,2.8,3.25,2.5
1011,28/02/11,Malaga,Almeria,3,1,H,0,1,A,18,15,8,5,6,5,12,20,4,1,0,2,1.85,3.4,4.33
1011,01/03/11,Espanol,Mallorca,1,2,A,1,0,H,10,16,3,6,0,9,20,18,5,3,0,0,2.1,3.3,3.5
1011,01/03/11,Sevilla,Sp Gijon,3,0,H,2,0,H,16,3,8,0,2,1,17,15,2,1,0,1,1.57,4.0,5.5
1011,02/03/11,Getafe,Ath Madrid,1,1,D,1,0,H,11,13,3,3,7,8,15,13,4,2,0,0,2.7,3.25,2.6
1011,02/03/11,Osasuna,La Coruna,0,0,D,0,0,D,19,5,6,3,8,4,14,16,2,2,0,0,1.95,3.3,4.0
1011,02/03/11,Sociedad,Levante,1,1,D,0,0,D,14,11,1,1,4,6,15,20,1,4,0,0,1.91,3.4,4.0
1011,02/03/11,Valencia,Barcelona,0,1,A,0,0,D,7,20,1,8,8,4,18,7,4,1,0,0,5.5,4.0,1.57
1011,02/03/11,Villarreal,Hercules,1,0,H,1,0,H,18,6,7,3,5,4,8,18,2,2,0,0,1.5,4.0,7.0
1011,02/03/11,Zaragoza,Ath Bilbao,2,1,H,0,1,A,18,9,5,3,8,3,19,18,4,2,0,0,2.6,3.25,2.7
1011,03/03/11,Almeria,Santander,1,1,D,0,1,A,20,6,6,3,15,5,17,12,2,4,0,1,2.38,3.25,3.0
1011,03/03/11,Real Madrid,Malaga,7,0,H,3,0,H,20,5,13,1,5,2,18,14,1,2,0,1,1.14,7.5,17.0
1011,05/03/11,Ath Madrid,Villarreal,3,1,H,1,1,D,16,8,6,2,11,2,19,7,3,3,0,0,2.1,3.4,3.4
1011,05/03/11,Barcelona,Zaragoza,1,0,H,1,0,H,23,3,12,1,13,2,9,12,1,1,0,0,1.1,9.0,21.0
1011,05/03/11,Mallorca,Valencia,1,2,A,1,1,D,10,11,4,6,7,6,16,14,2,0,0,0,2.7,3.2,2.6
1011,06/03/11,Ath Bilbao,Sevilla,2,0,H,0,0,D,15,12,6,3,12,8,17,19,1,3,0,0,2.4,3.3,2.9
1011,06/03/11,Hercules,Almeria,1,2,A,0,0,D,13,8,3,6,4,1,11,12,3,4,0,0,2.0,3.4,3.75
1011,06/03/11,Levante,Espanol,1,0,H,1,0,H,13,11,5,2,2,5,16,11,3,5,0,0,2.38,3.2,3.0
1011,06/03/11,Malaga,Osasuna,0,1,A,0,0,D,20,15,4,4,6,8,20,25,0,6,0,0,2.0,3.3,3.75
1011,06/03/11,Santander,Real Madrid,1,3,A,0,2,A,7,21,3,8,3,3,22,10,2,2,0,0,8.0,4.75,1.36
1011,06/03/11,Sp Gijon,Getafe,2,0,H,2,0,H,16,12,4,0,8,1,20,15,2,4,1,0,2.3,3.25,3.1
1011,07/03/11,La Coruna,Sociedad,2,1,H,1,0,H,14,5,3,2,6,2,9,9,2,1,0,0,2.2,3.25,3.25
1011,12/03/11,Almeria,Ath Madrid,2,2,D,0,1,A,12,17,6,7,6,7,19,13,2,3,0,0,3.25,3.4,2.15
1011,12/03/11,Real Madrid,Hercules,2,0,H,1,0,H,22,9,11,4,8,7,9,12,0,1,0,0,1.14,7.5,17.0
1011,12/03/11,Zaragoza,Valencia,4,0,H,2,0,H,9,3,6,1,1,3,17,20,2,2,0,1,2.9,3.25,2.4
1011,13/03/11,Espanol,La Coruna,2,0,H,0,0,D,13,6,6,2,9,5,12,19,2,2,0,1,2.0,3.3,3.8
1011,13/03/11,Levante,Mallorca,1,1,D,1,0,H,8,15,2,7,4,6,11,7,4,2,0,0,2.25,3.2,3.25
1011,13/03/11,Osasuna,Santander,3,1,H,2,0,H,12,10,3,3,7,8,13,17,2,2,1,0,2.0,3.3,3.8
1011,13/03/11,Sevilla,Barcelona,1,1,D,0,1,A,11,12,3,6,0,4,20,11,5,2,0,0,7.5,4.5,1.4
1011,13/03/11,Sociedad,Malaga,0,2,A,0,1,A,14,10,5,5,8,2,23,14,2,2,0,0,2.0,3.4,3.75
1011,13/03/11,Villarreal,Sp Gijon,1,1,D,1,0,H,12,14,3,5,4,2,13,14,2,2,0,2,1.6,3.8,5.75
1011,14/03/11,Getafe,Ath Bilbao,2,2,D,0,0,D,14,12,3,5,6,4,16,15,4,2,0,0,2.3,3.25,2.8
1011,19/03/11,Ath Madrid,Real Madrid,1,2,A,0,2,A,16,17,9,8,12,1,16,15,2,3,0,0,5.25,4.0,1.62
1011,19/03/11,Barcelona,Getafe,2,1,H,1,0,H,14,8,6,3,5,3,12,10,3,2,0,0,1.13,8.5,17.0
1011,19/03/11,Mallorca,Zaragoza,1,0,H,0,0,D,11,6,5,1,2,3,20,18,4,2,0,1,1.95,3.4,3.8
1011,20/03/11,Ath Bilbao,Villarreal,0,1,A,0,0,D,15,9,6,4,10,2,22,5,2,1,0,0,2.3,3.4,3.0
1011,20/03/11,Hercules,Osasuna,0,4,A,0,2,A,18,13,6,7,7,3,18,13,2,4,0,0,2.15,3.25,3.4
1011,20/03/11,La Coruna,Levante,0,1,A,0,0,D,11,20,3,6,6,6,15,8,2,2,0,0,2.1,3.4,3.4
1011,20/03/11,Malaga,Espanol,2,0,H,2,0,H,11,10,7,2,6,9,17,18,1,2,0,0,2.0,3.4,3.75
1011,20/03/11,Santander,Sociedad,2,1,H,1,0,H,16,11,3,5,5,5,18,14,1,2,0,0,2.0,3.5,3.6
1011,20/03/11,Sp Gijon,Almeria,1,0,H,1,0,H,9,15,4,5,0,3,18,24,3,3,0,0,1.91,3.4,4.0
1011,20/03/11,Valencia,Sevilla,0,1,A,0,0,D,26,23,9,10,9,6,14,13,2,1,0,0,1.95,3.5,3.7
1011,02/04/11,Getafe,Valencia,2,4,A,1,0,H,13,12,6,5,7,7,11,11,1,2,0,0,2.8,3.25,2.5
1011,02/04/11,Real Madrid,Sp Gijon,0,1,A,0,0,D,33,4,13,1,10,1,17,14,4,3,0,0,1.14,7.5,17.0
1011,02/04/11,Villarreal,Barcelona,0,1,A,0,0,D,7,10,3,6,3,8,10,14,2,4,0,0,5.5,3.8,1.62
1011,03/04/11,Espanol,Santander,1,2,A,1,0,H,8,7,4,5,6,2,11,27,1,3,0,0,1.91,3.4,4.0
1011,03/04/11,La Coruna,Mallorca,2,1,H,0,1,A,16,4,5,2,6,1,14,17,3,1,0,1,2.3,3.2,3.1
1011,03/04/11,Levante,Malaga,3,1,H,2,0,H,9,18,5,4,2,8,29,7,5,4,0,0,2.3,3.25,3.1
1011,03/04/11,Osasuna,Ath Madrid,2,3,A,1,1,D,15,12,7,6,3,4,21,11,4,2,1,0,2.5,3.25,2.8
1011,03/04/11,Sevilla,Zaragoza,3,1,H,1,0,H,20,15,10,5,8,5,12,19,1,4,0,0,1.53,4.0,6.0
1011,03/04/11,Sociedad,Hercules,1,3,A,0,0,D,19,13,5,8,9,5,13,14,2,5,0,0,1.83,3.5,4.33
1011,04/04/11,Almeria,Ath Bilbao,1,3,A,1,1,D,18,14,6,7,8,7,8,10,1,1,0,0,2.9,3.3,2.4
1011,09/04/11,Ath Bilbao,Real Madrid,0,3,A,0,1,A,12,7,2,2,8,1,13,10,3,5,0,0,4.5,3.75,1.73
1011,09/04/11,Barcelona,Almeria,3,1,H,0,0,D,14,2,4,1,8,4,7,5,3,3,0,0,1.11,8.5,21.0
1011,09/04/11,Mallorca,Sevilla,2,2,D,2,1,H,10,7,3,3,5,5,10,6,3,3,0,0,2.6,3.2,2.75
1011,10/04/11,Ath Madrid,Sociedad,3,0,H,2,0,H,21,7,13,4,10,7,16,7,2,1,0,0,1.53,4.0,6.0
1011,10/04/11,Hercules,Espanol,0,0,D,0,0,D,8,3,3,1,4,2,11,8,2,2,0,0,2.1,3.25,3.6
1011,10/04/11,Malaga,La Coruna,0,0,D,0,0,D,8,5,1,2,6,2,12,7,4,3,0,1,1.75,3.5,4.75
1011,10/04/11,Santander,Levante,1,1,D,1,0,H,14,6,6,2,6,3,10,9,3,2,0,0,1.91,3.4,4.0
1011,10/04/11,Sp Gijon,Osasuna,1,0,H,0,0,D,9,7,5,4,1,6,2,13,1,2,0,0,2.0,3.4,3.75
1011,10/04/11,Valencia,Villarreal,5,0,H,1,0,H,17,7,12,4,14,5,10,7,1,2,0,0,1.91,3.4,4.0
1011,11/04/11,Zaragoza,Getafe,2,1,H,2,1,H,11,14,7,5,2,9,23,12,2,3,0,0,2.1,3.3,3.5
1011,16/04/11,Almeria,Valencia,0,3,A,0,0,D,8,18,1,7,5,9,9,10,0,1,0,0,3.8,3.4,2.0
1011,16/04/11,Getafe,Sevilla,1,0,H,0,0,D,13,2,6,2,5,2,20,16,3,4,0,0,2.88,3.3,2.4
1011,16/04/11,Malaga,Mallorca,3,0,H,2,0,H,19,14,8,8,14,2,12,17,2,3,0,0,1.91,3.4,4.0
1011,16/04/11,Real Madrid,Barcelona,1,1,D,0,0,D,13,11,6,6,8,0,22,14,2,5,1,0,2.75,3.6,2.38
1011,17/04/11,Espanol,Ath Madrid,2,2,D,1,1,D,10,19,3,4,1,9,12,15,2,5,0,0,2.7,3.25,2.6
1011,17/04/11,La Coruna,Santander,2,0,H,1,0,H,12,16,4,5,7,6,8,9,2,2,0,0,2.1,3.25,3.5
1011,17/04/11,Levante,Hercules,2,1,H,2,0,H,16,9,5,3,7,4,15,25,4,3,0,0,2.1,3.25,3.5
1011,17/04/11,Osasuna,Ath Bilbao,1,2,A,0,0,D,6,6,2,2,4,3,19,15,3,4,1,1,2.4,3.25,2.9
1011,17/04/11,Sociedad,Sp Gijon,2,1,H,1,0,H,13,12,4,6,4,6,10,23,3,2,0,0,2.1,3.25,3.5
1011,18/04/11,Villarreal,Zaragoza,1,0,H,0,0,D,10,17,6,8,4,3,12,24,2,4,0,1,1.57,4.0,5.5
1011,23/04/11,Ath Bilbao,Sociedad,2,1,H,2,1,H,9,10,6,3,5,5,19,13,6,2,0,0,1.62,3.75,5.5
1011,23/04/11,Barcelona,Osasuna,2,0,H,1,0,H,11,14,2,5,6,5,11,17,2,2,0,0,1.2,6.0,15.0
1011,23/04/11,Valencia,Real Madrid,3,6,A,0,4,A,21,14,8,8,11,7,7,19,1,0,0,0,2.38,3.5,2.8
1011,24/04/11,Ath Madrid,Levante,4,1,H,1,1,D,16,12,6,3,5,4,14,18,3,4,0,0,1.44,4.5,6.5
1011,24/04/11,Hercules,La Coruna,1,0,H,0,0,D,14,9,3,2,8,5,8,13,2,4,0,0,2.0,3.4,3.75
1011,24/04/11,Mallorca,Getafe,2,0,H,1,0,H,13,11,7,3,7,5,15,8,2,3,0,0,2.0,3.4,3.75
1011,24/04/11,Santander,Malaga,1,2,A,0,2,A,21,11,5,4,11,5,8,10,4,3,0,0,2.3,3.3,3.1
1011,24/04/11,Sevilla,Villarreal,3,2,H,2,0,H,9,19,3,7,0,9,11,18,3,3,0,1,1.95,3.5,3.75
1011,24/04/11,Sp Gijon,Espanol,1,0,H,0,0,D,14,10,4,4,2,3,16,13,0,6,0,0,2.0,3.4,3.75
1011,25/04/11,Zaragoza,Almeria,1,0,H,0,0,D,22,7,11,3,8,10,15,19,2,4,1,0,1.8,3.5,4.5
1011,30/04/11,La Coruna,Ath Madrid,0,1,A,0,0,D,10,17,3,5,9,6,16,8,1,4,1,0,3.3,3.4,2.15
1011,30/04/11,Real Madrid,Zaragoza,2,3,A,0,1,A,18,10,7,4,7,5,12,21,1,4,1,0,1.3,5.5,9.0
1011,30/04/11,Sociedad,Barcelona,2,1,H,0,1,A,8,13,3,7,4,5,19,12,2,1,0,0,7.5,4.5,1.4
1011,01/05/11,Almeria,Sevilla,0,1,A,0,0,D,6,19,1,10,3,5,13,13,1,3,1,0,4.0,3.8,1.8
1011,01/05/11,Levante,Sp Gijon,0,0,D,0,0,D,8,4,2,1,6,1,10,16,2,2,0,0,2.1,3.1,3.75
1011,01/05/11,Malaga,Hercules,3,1,H,1,1,D,12,11,3,4,4,6,15,14,2,3,0,1,1.73,3.75,4.5
1011,01/05/11,Osasuna,Valencia,1,0,H,0,0,D,19,5,6,1,8,1,12,16,4,7,0,0,2.9,3.3,2.4
1011,01/05/11,Santander,Mallorca,2,0,H,2,0,H,8,13,3,8,3,6,18,12,4,1,0,0,2.2,3.25,3.3
1011,01/05/11,Villarreal,Getafe,2,1,H,0,1,A,19,15,6,6,8,5,15,16,4,4,0,0,1.8,3.5,4.75
1011,02/05/11,Espanol,Ath Bilbao,2,1,H,1,1,D,9,7,6,4,11,6,16,18,2,2,0,0,2.75,3.25,2.5
1011,07/05/11,Ath Bilbao,Levante,3,2,H,1,0,H,13,13,4,4,4,6,14,11,3,4,0,0,1.53,4.0,6.0
1011,07/05/11,Ath Madrid,Malaga,0,3,A,0,2,A,14,11,6,5,7,1,15,14,2,3,0,0,1.57,4.0,5.5
1011,07/05/11,Getafe,Almeria,2,0,H,1,0,H,15,10,8,1,7,3,10,20,5,4,0,0,1.44,4.33,7.0
1011,07/05/11,Hercules,Santander,2,3,A,2,3,A,21,12,9,7,13,2,14,20,1,1,1,0,2.1,3.25,3.5
1011,07/05/11,Sevilla,Real Madrid,2,6,A,0,3,A,16,19,5,10,10,10,13,15,2,2,0,0,3.0,3.5,2.25
1011,07/05/11,Sp Gijon,La Coruna,2,2,D,1,2,A,17,8,7,5,4,4,15,9,4,4,0,0,2.05,3.3,3.6
1011,07/05/11,Valencia,Sociedad,3,0,H,3,0,H,9,11,4,1,8,7,10,8,1,1,0,0,1.44,4.33,7.0
1011,08/05/11,Barcelona,Espanol,2,0,H,1,0,H,14,6,6,2,8,3,13,14,1,3,0,0,1.17,7.0,15.0
1011,08/05/11,Mallorca,Villarreal,0,0,D,0,0,D,11,6,5,2,6,7,16,6,1,1,0,0,2.6,3.25,2.7
1011,08/05/11,Zaragoza,Osasuna,1,3,A,1,0,H,21,11,7,3,5,3,11,15,1,1,0,0,2.1,3.3,3.5
1011,10/05/11,La Coruna,Ath Bilbao,2,1,H,1,1,D,10,12,3,2,5,4,7,12,3,2,0,0,2.25,3.4,3.1
1011,10/05/11,Malaga,Sp Gijon,2,0,H,1,0,H,6,13,3,4,6,7,10,14,2,1,0,0,1.73,3.6,4.75
1011,10/05/11,Real Madrid,Getafe,4,0,H,1,0,H,21,8,7,1,7,4,16,18,2,3,0,0,1.2,6.5,13.0
1011,10/05/11,Santander,Ath Madrid,2,1,H,1,1,D,14,6,6,1,4,7,24,19,2,2,0,0,3.2,3.3,2.25
1011,11/05/11,Almeria,Villarreal,0,0,D,0,0,D,15,12,3,4,10,9,11,5,3,1,0,0,5.5,3.75,1.62
1011,11/05/11,Espanol,Valencia,2,2,D,1,2,A,20,10,7,5,7,4,7,18,2,3,0,0,2.9,3.3,2.4
1011,11/05/11,Hercules,Mallorca,2,2,D,2,0,H,15,9,2,3,4,2,10,15,2,2,0,0,2.2,3.3,3.25
1011,11/05/11,Levante,Barcelona,1,1,D,1,1,D,9,10,2,2,2,3,10,4,1,1,0,0,11.0,5.0,1.3
1011,11/05/11,Osasuna,Sevilla,3,2,H,0,2,A,19,9,7,3,7,2,11,13,3,3,0,1,2.25,3.4,3.1
1011,11/05/11,Sociedad,Zaragoza,2,1,H,1,0,H,14,11,4,4,7,1,22,21,4,2,0,0,2.1,3.4,3.4
1011,15/05/11,Almeria,Mallorca,3,1,H,3,1,H,13,13,4,5,3,7,11,7,1,1,0,0,2.75,3.5,2.4
1011,15/05/11,Ath Bilbao,Malaga,1,1,D,0,1,A,18,8,7,3,5,7,13,14,2,2,0,1,1.7,3.75,4.75
1011,15/05/11,Ath Madrid,Hercules,2,1,H,1,0,H,19,8,6,2,7,10,12,8,1,3,0,0,1.29,5.5,9.5
1011,15/05/11,Barcelona,La Coruna,0,0,D,0,0,D,8,8,2,4,5,0,11,13,0,2,0,0,1.53,4.33,5.5
1011,15/05/11,Getafe,Osasuna,2,0,H,0,0,D,19,12,4,5,11,8,8,14,0,0,0,0,1.8,3.6,4.33
1011,15/05/11,Sevilla,Sociedad,3,1,H,0,0,D,16,4,8,1,7,3,12,18,3,3,0,0,1.53,4.33,5.5
1011,15/05/11,Sp Gijon,Santander,2,1,H,1,1,D,33,3,16,2,16,1,11,4,0,0,0,0,1.33,5.0,8.5
1011,15/05/11,Valencia,Levante,0,0,D,0,0,D,17,5,5,1,5,2,19,5,2,2,0,1,1.65,3.4,6.0
1011,15/05/11,Villarreal,Real Madrid,1,3,A,0,2,A,10,7,2,5,4,4,13,17,5,1,0,0,4.0,3.8,1.8
1011,15/05/11,Zaragoza,Espanol,1,0,H,0,0,D,21,7,7,5,5,6,11,16,2,0,0,0,1.6,3.8,5.5
1011,21/05/11,Espanol,Sevilla,2,3,A,0,2,A,15,5,7,3,7,1,7,14,0,1,0,0,3.0,3.5,2.25
1011,21/05/11,Hercules,Sp Gijon,0,0,D,0,0,D,17,9,4,2,10,4,10,9,1,0,0,0,2.2,3.4,3.2
1011,21/05/11,La Coruna,Valencia,0,2,A,0,1,A,28,12,6,6,11,3,6,22,1,1,0,0,1.44,4.2,6.0
1011,21/05/11,Levante,Zaragoza,1,2,A,0,1,A,3,20,2,10,1,11,19,18,5,4,0,0,5.5,4.33,1.53
1011,21/05/11,Malaga,Barcelona,1,3,A,1,1,D,13,18,4,8,6,8,10,8,3,2,0,0,3.25,3.5,2.1
1011,21/05/11,Mallorca,Ath Madrid,3,4,A,0,2,A,25,12,14,6,10,4,17,8,1,3,0,0,2.5,2.75,3.3
1011,21/05/11,Osasuna,Villarreal,1,0,H,1,0,H,14,4,6,3,11,3,20,10,1,2,0,0,1.8,3.0,5.75
1011,21/05/11,Real Madrid,Almeria,8,1,H,2,1,H,27,6,13,1,15,6,11,10,1,1,0,0,1.13,8.5,17.0
1011,21/05/11,Santander,Ath Bilbao,1,2,A,0,2,A,18,9,6,7,9,2,14,12,2,0,1,0,3.0,3.5,2.25
1011,21/05/11,Sociedad,Getafe,1,1,D,0,1,A,12,8,7,1,4,3,8,12,0,1,0,0,2.38,3.25,3.0
1112,27/08/11,Granada,Betis,0,1,A,0,0,D,11,18,2,3,8,5,12,16,2,2,0,0,2.3,3.4,3.0
1112,27/08/11,Sp Gijon,Sociedad,1,2,A,0,1,A,17,6,4,2,9,2,14,11,2,1,1,1,2.05,3.25,3.75
1112,27/08/11,Valencia,Santander,4,3,H,1,2,A,26,4,11,3,10,3,14,11,3,3,0,0,1.4,4.33,8.0
1112,28/08/11,Ath Bilbao,Vallecano,1,1,D,0,0,D,10,13,4,6,9,4,17,19,1,3,0,0,1.57,3.75,6.0
1112,28/08/11,Ath Madrid,Osasuna,0,0,D,0,0,D,28,16,8,2,12,5,9,8,1,0,0,0,1.53,3.8,6.5
1112,28/08/11,Getafe,Levante,1,1,D,0,0,D,8,9,2,1,1,4,15,6,5,3,0,0,1.8,3.5,4.5
1112,28/08/11,Mallorca,Espanol,1,0,H,0,0,D,11,9,4,3,5,4,21,15,2,3,0,0,2.0,3.4,3.75
1112,28/08/11,Sevilla,Malaga,2,1,H,2,0,H,15,6,9,1,2,8,15,7,3,1,0,0,2.1,3.4,3.4
1112,28/08/11,Zaragoza,Real Madrid,0,6,A,0,2,A,8,39,1,16,7,9,16,16,2,1,0,0,8.5,5.0,1.33
1112,29/08/11,Barcelona,Villarreal,5,0,H,2,0,H,18,5,9,1,12,0,15,14,3,3,0,0,1.25,5.75,11.0
1112,10/09/11,Real Madrid,Getafe,4,2,H,1,1,D,26,10,10,6,4,6,9,13,3,3,0,0,1.08,10.0,26.0
1112,10/09/11,Sociedad,Barcelona,2,2,D,0,2,A,10,13,4,6,5,4,10,17,2,1,0,0,15.0,7.0,1.17
1112,10/09/11,Valencia,Ath Madrid,1,0,H,0,0,D,12,12,6,2,3,7,15,18,1,2,0,0,1.91,3.6,3.75
1112,10/09/11,Villarreal,Sevilla,2,2,D,1,1,D,11,10,5,5,2,1,15,14,2,4,1,0,2.1,3.4,3.4
1112,11/09/11,Betis,Mallorca,1,0,H,0,0,D,24,9,7,2,7,5,9,17,2,4,0,0,1.91,3.4,4.0
1112,11/09/11,Espanol,Ath Bilbao,2,1,H,1,0,H,10,17,6,7,2,3,17,21,2,1,0,0,2.4,3.3,2.9
1112,11/09/11,Osasuna,Sp Gijon,2,1,H,2,0,H,21,10,7,2,6,8,22,16,2,3,0,0,1.91,3.4,4.0
1112,11/09/11,Santander,Levante,0,0,D,0,0,D,8,11,1,2,3,4,14,20,2,2,1,0,2.1,3.3,3.5
1112,11/09/11,Vallecano,Zaragoza,0,0,D,0,0,D,20,7,5,1,3,1,19,14,4,4,0,0,2.2,3.2,3.4
1112,12/09/11,Malaga,Granada,4,0,H,2,0,H,20,12,9,4,4,3,12,11,1,2,0,0,1.4,4.33,8.5
1112,17/09/11,Barcelona,Osasuna,8,0,H,5,0,H,18,7,14,1,8,3,8,15,1,5,0,0,1.08,10.0,26.0
1112,17/09/11,Granada,Villarreal,1,0,H,0,0,D,8,14,2,4,0,7,17,11,7,2,0,0,3.3,3.3,2.2
1112,17/09/11,Mallorca,Malaga,0,1,A,0,1,A,6,8,1,4,4,8,21,12,2,1,0,0,3.1,3.4,2.25
1112,17/09/11,Sevilla,Sociedad,1,0,H,0,0,D,15,11,5,1,8,1,20,9,3,2,0,0,1.53,4.0,6.0
1112,17/09/11,Sp Gijon,Valencia,0,1,A,0,1,A,15,11,4,5,6,6,13,19,1,5,0,0,3.3,3.3,2.2
1112,18/09/11,Ath Bilbao,Betis,2,3,A,1,3,A,18,18,9,6,10,1,14,19,3,4,1,1,2.0,3.4,3.75
1112,18/09/11,Ath Madrid,Santander,4,0,H,2,0,H,17,4,7,0,5,4,17,17,3,2,0,0,1.44,4.2,7.5
1112,18/09/11,Getafe,Vallecano,0,1,A,0,1,A,7,9,2,4,5,8,20,14,3,5,0,0,1.95,3.5,3.8
1112,18/09/11,Levante,Real Madrid,1,0,H,0,0,D,11,14,4,3,3,6,20,16,7,3,0,1,13.0,6.5,1.2
1112,18/09/11,Zaragoza,Espanol,2,1,H,1,0,H,12,14,5,4,3,4,23,12,2,4,0,1,2.1,3.2,3.6
1112,20/09/11,Osasuna,Sevilla,0,0,D,0,0,D,15,11,8,5,5,3,18,15,3,2,0,0,2.63,3.3,2.63
1112,20/09/11,Sociedad,Granada,1,0,H,0,0,D,14,15,4,4,5,4,16,16,5,2,0,0,2.0,3.4,3.75
1112,20/09/11,Villarreal,Mallorca,2,0,H,1,0,H,13,9,9,3,3,2,9,14,0,3,0,0,1.62,3.75,5.5
1112,21/09/11,Ath Madrid,Sp Gijon,4,0,H,1,0,H,19,3,11,1,11,2,18,18,2,4,0,0,1.4,4.5,7.5
1112,21/09/11,Malaga,Ath Bilbao,1,0,H,0,0,D,13,8,4,3,6,6,16,20,1,2,0,0,1.62,3.75,5.5
1112,21/09/11,Santander,Real Madrid,0,0,D,0,0,D,5,16,2,2,2,10,20,19,6,3,0,0,13.0,6.5,1.2
1112,21/09/11,Valencia,Barcelona,2,2,D,2,1,H,9,10,1,7,4,3,14,5,4,1,1,0,7.5,4.5,1.4
1112,21/09/11,Vallecano,Levante,1,2,A,0,2,A,14,9,7,5,7,5,15,12,2,1,1,0,2.1,3.25,3.5
1112,22/09/11,Betis,Zaragoza,4,3,H,2,1,H,9,21,6,8,2,10,8,16,0,2,1,0,1.67,3.6,5.25
1112,22/09/11,Espanol,Getafe,1,0,H,0,0,D,16,9,6,0,10,0,25,16,5,1,0,0,2.1,3.25,3.5
1112,24/09/11,Ath Bilbao,Villarreal,1,1,D,1,0,H,10,15,6,3,8,4,22,17,3,1,1,0,2.2,3.25,3.3
1112,24/09/11,Barcelona,Ath Madrid,5,0,H,3,0,H,18,6,8,2,8,1,17,18,1,1,0,0,1.2,6.5,13.0
1112,24/09/11,Real Madrid,Vallecano,6,2,H,2,1,H,18,16,11,6,7,6,7,18,0,4,1,0,1.1,9.0,21.0
1112,24/09/11,Sevilla,Valencia,1,0,H,1,0,H,12,14,6,6,4,8,15,13,2,3,2,1,2.3,3.25,3.1
1112,25/09/11,Granada,Osasuna,1,1,D,0,1,A,10,20,2,6,4,6,20,12,3,3,0,0,2.25,3.25,3.2
1112,25/09/11,Levante,Espanol,3,1,H,1,0,H,12,18,5,6,7,8,11,14,1,4,0,2,2.2,3.25,3.3
1112,25/09/11,Mallorca,Sociedad,2,1,H,1,1,D,16,16,4,5,6,1,14,8,2,0,0,0,2.1,3.3,3.5
1112,25/09/11,Sp Gijon,Santander,0,0,D,0,0,D,16,8,1,3,3,5,15,15,2,4,0,0,2.05,3.3,3.6
1112,25/09/11,Zaragoza,Malaga,0,0,D,0,0,D,8,9,4,4,3,7,19,10,1,1,0,0,3.2,3.4,2.2
1112,26/09/11,Getafe,Betis,1,0,H,1,0,H,12,9,5,3,2,4,13,22,5,3,0,0,2.5,3.25,2.8
1112,01/10/11,Malaga,Getafe,3,2,H,0,0,D,19,6,8,2,5,1,11,22,2,6,0,1,1.57,4.0,5.5
1112,01/10/11,Osasuna,Mallorca,2,2,D,1,1,D,10,14,6,6,7,1,11,16,2,4,0,1,1.83,3.5,4.33
1112,01/10/11,Santander,Vallecano,1,1,D,0,1,A,7,9,4,5,3,4,11,17,1,4,0,0,2.2,3.3,3.25
1112,01/10/11,Valencia,Granada,1,0,H,1,0,H,23,14,11,5,10,4,14,1,2,0,0,0,1.33,4.5,11.0
1112,01/10/11,Villarreal,Zaragoza,2,2,D,1,2,A,25,16,12,9,13,4,3,23,1,3,0,1,1.62,3.8,5.5
1112,02/10/11,Ath Madrid,Sevilla,0,0,D,0,0,D,15,8,4,5,7,5,20,17,5,6,0,0,1.91,3.6,3.75
1112,02/10/11,Betis,Levante,0,1,A,0,1,A,20,8,4,3,11,2,13,11,2,4,0,0,1.73,3.6,4.75
1112,02/10/11,Espanol,Real Madrid,0,4,A,0,1,A,15,16,3,7,9,5,25,6,4,1,0,0,10.0,6.0,1.25
1112,02/10/11,Sociedad,Ath Bilbao,1,2,A,0,1,A,15,16,4,7,5,6,15,16,1,4,0,0,2.4,3.2,3.0
1112,02/10/11,Sp Gijon,Barcelona,0,1,A,0,1,A,4,14,1,4,4,5,19,7,2,2,0,0,13.0,7.5,1.17
1112,15/10/11,Barcelona,Santander,3,0,H,2,0,H,19,3,6,2,6,0,5,17,0,2,0,0,1.06,12.0,26.0
1112,15/10/11,Getafe,Villarreal,0,0,D,0,0,D,8,14,3,4,6,2,18,14,4,5,0,0,2.25,3.5,3.0
1112,15/10/11,Granada,Ath Madrid,0,0,D,0,0,D,18,20,3,8,10,8,13,17,3,5,0,0,3.5,3.3,2.1
1112,15/10/11,Mallorca,Valencia,1,1,D,0,1,A,11,10,1,3,10,6,13,19,3,4,0,0,3.0,3.4,2.3
1112,15/10/11,Real Madrid,Betis,4,1,H,0,0,D,22,10,10,3,2,0,14,15,1,3,0,0,1.14,8.0,16.0
1112,16/10/11,Levante,Malaga,3,0,H,3,0,H,14,7,4,3,4,4,19,12,3,0,0,1,2.9,3.25,2.4
1112,16/10/11,Sevilla,Sp Gijon,2,1,H,1,0,H,20,15,4,6,5,7,14,20,4,2,0,0,1.36,4.75,8.5
1112,16/10/11,Vallecano,Espanol,0,1,A,0,0,D,6,10,1,4,6,8,12,14,3,3,0,0,2.2,3.2,3.4
1112,16/10/11,Zaragoza,Sociedad,2,0,H,1,0,H,8,13,4,2,2,6,13,9,3,3,0,0,2.0,3.3,3.8
1112,17/10/11,Ath Bilbao,Osasuna,3,1,H,3,0,H,13,11,6,6,11,3,15,12,2,1,0,1,1.83,3.5,4.33
1112,22/10/11,Barcelona,Sevilla,0,0,D,0,0,D,21,6,6,3,13,3,9,8,2,8,0,2,1.17,7.5,13.0
1112,22/10/11,Malaga,Real Madrid,0,4,A,0,4,A,21,12,6,7,6,1,7,13,1,0,0,0,7.5,4.5,1.4
1112,22/10/11,Santander,Espanol,0,1,A,0,0,D,20,14,5,4,7,3,13,17,1,4,0,0,2.5,3.2,2.88
1112,22/10/11,Sp Gijon,Granada,2,0,H,2,0,H,16,19,5,5,5,5,15,11,2,1,0,0,2.0,3.3,3.75
1112,23/10/11,Ath Madrid,Mallorca,1,1,D,1,1,D,20,6,4,3,15,0,11,21,2,6,0,0,1.44,4.2,7.5
1112,23/10/11,Betis,Vallecano,0,2,A,0,0,D,18,12,4,5,12,7,17,18,2,3,0,0,1.73,3.6,4.75
1112,23/10/11,Osasuna,Zaragoza,3,0,H,3,0,H,16,6,7,2,5,1,17,24,2,6,0,0,1.91,3.4,4.0
1112,23/10/11,Sociedad,Getafe,0,0,D,0,0,D,12,12,2,2,10,5,11,11,2,1,0,0,2.3,3.2,3.2
1112,23/10/11,Valencia,Ath Bilbao,1,1,D,0,0,D,22,6,3,3,9,4,20,20,3,4,0,0,1.67,3.75,5.0
1112,23/10/11,Villarreal,Levante,0,3,A,0,2,A,15,9,5,3,4,4,7,8,2,1,0,0,1.91,3.3,4.2
1112,25/10/11,Granada,Barcelona,0,1,A,0,1,A,2,17,0,7,2,10,14,9,3,4,2,0,23.0,9.0,1.1
1112,25/10/11,Sevilla,Santander,2,2,D,1,0,H,22,9,11,5,14,0,8,19,1,3,0,0,1.4,4.5,7.5
1112,26/10/11,Getafe,Osasuna,2,2,D,0,1,A,13,6,4,3,4,3,12,19,2,3,0,0,1.95,3.3,4.0
1112,26/10/11,Levante,Sociedad,3,2,H,0,1,A,10,19,4,5,6,6,12,16,3,1,1,0,1.73,3.5,5.0
1112,26/10/11,Mallorca,Sp Gijon,1,2,A,1,0,H,17,12,5,2,6,5,15,12,4,4,0,0,2.0,3.3,3.8
1112,26/10/11,Real Madrid,Villarreal,3,0,H,3,0,H,13,4,6,3,4,5,15,12,2,3,0,0,1.13,8.0,21.0
1112,26/10/11,Vallecano,Malaga,2,0,H,1,0,H,15,5,6,0,6,4,13,10,2,3,0,1,2.9,3.3,2.4
1112,26/10/11,Zaragoza,Valencia,0,1,A,0,0,D,8,15,0,4,1,9,20,16,3,4,0,0,3.3,3.3,2.2
1112,27/10/11,Ath Bilbao,Ath Madrid,3,0,H,0,0,D,14,11,4,4,10,8,9,21,3,5,0,0,2.38,3.4,2.88
1112,27/10/11,Espanol,Betis,1,0,H,0,0,D,17,9,5,5,5,8,9,10,5,2,0,0,2.2,3.3,3.3
1112,29/10/11,Barcelona,Mallorca,5,0,H,3,0,H,18,2,10,0,9,1,11,16,1,2,0,0,1.06,11.0,34.0
1112,29/10/11,Sociedad,Real Madrid,0,1,A,0,1,A,5,12,3,6,3,5,18,18,5,2,0,0,15.0,7.0,1.17
1112,29/10/11,Valencia,Getafe,3,1,H,2,1,H,13,9,5,3,5,3,20,13,2,2,0,0,1.44,4.33,7.0
1112,29/10/11,Villarreal,Vallecano,2,0,H,1,0,H,11,9,5,1,5,2,14,11,3,5,0,0,2.0,3.4,3.75
1112,30/10/11,Ath Madrid,Zaragoza,3,1,H,2,0,H,18,12,7,4,5,4,18,12,3,3,0,0,1.4,4.5,8.0
1112,30/10/11,Malaga,Espanol,2,1,H,1,1,D,19,7,8,3,9,3,12,21,0,5,0,0,1.73,3.5,5.0
1112,30/10/11,Osasuna,Levante,2,0,H,2,0,H,13,14,5,1,5,5,13,13,1,3,1,0,2.3,3.2,3.2
1112,30/10/11,Santander,Betis,1,0,H,0,0,D,6,22,2,5,8,7,21,12,4,1,0,0,2.6,3.2,2.75
1112,30/10/11,Sp Gijon,Ath Bilbao,1,1,D,0,0,D,11,7,4,3,2,5,9,21,1,3,0,0,2.6,3.2,2.75
1112,31/10/11,Sevilla,Granada,1,2,A,1,0,H,31,15,13,4,4,7,7,12,1,1,0,0,1.4,4.5,8.0
1112,05/11/11,Betis,Malaga,0,0,D,0,0,D,10,9,0,4,2,7,16,19,2,1,0,0,2.63,3.25,2.63
1112,05/11/11,Levante,Valencia,0,2,A,0,1,A,13,8,3,3,9,5,13,19,6,3,0,0,3.0,3.25,2.38
1112,05/11/11,Mallorca,Sevilla,0,0,D,0,0,D,15,11,5,1,9,8,20,6,5,2,0,0,3.0,3.2,2.38
1112,06/11/11,Ath Bilbao,Barcelona,2,2,D,1,1,D,4,16,4,9,3,5,26,12,3,1,1,0,11.0,6.5,1.22
1112,06/11/11,Espanol,Villarreal,0,0,D,0,0,D,19,10,2,1,7,2,14,9,1,3,1,0,1.85,3.4,4.33
1112,06/11/11,Getafe,Ath Madrid,3,2,H,1,1,D,14,11,5,6,4,5,17,19,5,6,1,0,3.0,3.25,2.38
1112,06/11/11,Granada,Santander,0,0,D,0,0,D,16,14,3,2,5,5,13,20,4,5,0,1,2.1,3.25,3.5
1112,06/11/11,Real Madrid,Osasuna,7,1,H,3,1,H,18,4,11,2,6,1,9,13,0,1,0,1,1.06,11.0,29.0
1112,06/11/11,Vallecano,Sociedad,4,0,H,1,0,H,13,10,9,3,5,2,24,9,1,1,0,1,1.91,3.4,4.0
1112,06/11/11,Zaragoza,Sp Gijon,2,2,D,1,2,A,13,7,7,2,5,3,15,17,4,2,0,0,2.1,3.3,3.5
1112,19/11/11,Barcelona,Zaragoza,4,0,H,2,0,H,27,4,11,0,6,1,20,17,2,3,0,0,1.06,12.0,26.0
1112,19/11/11,Valencia,Real Madrid,2,3,A,0,1,A,14,11,5,4,5,2,22,19,3,7,0,0,6.0,4.0,1.53
1112,19/11/11,Villarreal,Betis,1,0,H,1,0,H,11,14,5,4,3,5,17,24,5,2,0,0,2.0,3.3,3.8
1112,20/11/11,Ath Madrid,Levante,3,2,H,0,0,D,26,9,13,5,7,2,18,9,4,2,0,0,1.57,4.0,5.5
1112,20/11/11,Osasuna,Vallecano,0,0,D,0,0,D,10,9,5,2,6,5,17,14,3,5,0,0,1.91,3.4,4.0
1112,20/11/11,Sevilla,Ath Bilbao,1,2,A,1,1,D,8,14,5,5,1,6,13,9,2,2,0,0,1.91,3.5,4.0
1112,20/11/11,Sociedad,Espanol,0,0,D,0,0,D,12,19,1,5,7,6,15,10,4,1,0,0,2.25,3.25,3.2
1112,20/11/11,Sp Gijon,Getafe,2,1,H,1,1,D,19,9,8,1,8,1,12,22,3,8,0,1,2.2,3.2,3.4
1112,21/11/11,Santander,Malaga,1,3,A,0,0,D,11,19,4,7,5,8,16,8,3,2,0,0,3.2,3.2,2.25
1112,26/11/11,Getafe,Barcelona,1,0,H,0,0,D,7,21,1,7,2,13,16,6,4,2,0,0,13.0,6.5,1.2
1112,26/11/11,Real Madrid,Ath Madrid,4,1,H,1,1,D,16,4,7,1,2,2,8,25,1,5,0,2,1.17,6.5,17.0
1112,26/11/11,Vallecano,Valencia,1,2,A,0,1,A,12,10,3,3,9,3,14,16,2,4,0,0,3.4,3.4,2.1
1112,27/11/11,Ath Bilbao,Granada,0,1,A,0,1,A,18,13,4,5,8,3,11,15,2,4,0,0,1.44,4.2,7.5
1112,27/11/11,Betis,Sociedad,2,3,A,0,0,D,20,11,5,7,7,4,20,8,3,3,0,0,2.0,3.4,3.75
1112,27/11/11,Espanol,Osasuna,1,2,A,0,1,A,8,6,3,3,7,1,14,14,4,4,0,1,1.83,3.5,4.33
1112,27/11/11,Levante,Sp Gijon,4,0,H,1,0,H,10,17,6,3,8,6,16,10,3,2,0,0,1.83,3.5,4.33
1112,27/11/11,Mallorca,Santander,2,1,H,1,0,H,12,13,6,4,5,9,27,20,3,2,1,0,1.83,3.4,4.5
1112,27/11/11,Zaragoza,Sevilla,0,1,A,0,1,A,13,14,2,7,11,8,20,15,5,2,1,0,2.9,3.25,2.4
1112,28/11/11,Malaga,Villarreal,2,1,H,2,1,H,10,12,5,8,5,3,9,18,2,3,1,0,1.73,3.5,5.0
1112,29/11/11,Barcelona,Vallecano,4,0,H,3,0,H,12,10,6,4,5,2,9,16,2,3,0,0,1.06,11.0,29.0
1112,03/12/11,Barcelona,Levante,5,0,H,3,0,H,18,6,9,3,10,4,12,10,2,3,0,0,1.1,8.5,26.0
1112,03/12/11,Santander,Villarreal,1,0,H,1,0,H,8,6,1,2,4,3,24,18,2,3,0,0,2.75,3.2,2.6
1112,03/12/11,Sp Gijon,Real Madrid,0,3,A,0,1,A,10,20,5,7,2,8,18,12,4,3,1,0,13.0,6.0,1.22
1112,03/12/11,Valencia,Espanol,2,1,H,1,0,H,8,9,5,4,9,4,25,6,6,5,0,0,1.5,4.0,7.0
1112,04/12/11,Ath Madrid,Vallecano,3,1,H,1,0,H,21,14,8,4,1,3,16,18,1,3,0,0,1.57,4.0,5.5
1112,04/12/11,Granada,Zaragoza,1,0,H,1,0,H,11,18,5,5,5,6,8,16,2,2,0,0,2.1,3.25,3.5
1112,04/12/11,Mallorca,Ath Bilbao,1,1,D,1,1,D,12,7,4,4,8,5,30,12,7,5,0,0,2.75,3.3,2.5
1112,04/12/11,Osasuna,Betis,2,1,H,1,0,H,8,15,3,8,5,12,9,5,3,2,0,0,2.1,3.25,3.6
1112,04/12/11,Sociedad,Malaga,3,2,H,1,1,D,13,11,4,6,5,4,12,10,2,3,0,0,3.0,3.2,2.4
1112,05/12/11,Sevilla,Getafe,3,0,H,1,0,H,15,6,7,1,9,3,10,17,2,4,0,0,1.62,3.8,5.5
1112,07/12/11,Granada,Mallorca,2,2,D,0,1,A,13,11,6,4,3,5,10,23,4,3,0,0,2.25,3.1,3.4
1112,10/12/11,Betis,Valencia,2,1,H,0,0,D,18,7,4,2,13,5,11,16,3,3,0,0,3.2,3.25,2.25
1112,10/12/11,Levante,Sevilla,1,0,H,0,0,D,7,15,3,6,4,2,14,18,2,4,0,0,2.8,3.3,2.5
1112,10/12/11,Real Madrid,Barcelona,1,3,A,1,1,D,17,12,5,7,3,5,22,13,4,3,0,0,2.4,3.5,2.8
1112,11/12/11,Ath Bilbao,Santander,1,1,D,0,0,D,16,6,2,2,10,1,13,23,2,4,0,0,1.4,4.5,8.0
1112,11/12/11,Espanol,Ath Madrid,4,2,H,3,1,H,18,9,11,4,7,3,18,18,3,4,0,0,2.8,3.25,2.5
1112,11/12/11,Getafe,Granada,1,0,H,0,0,D,19,7,7,2,5,3,12,9,4,2,0,0,1.73,3.5,5.0
1112,11/12/11,Malaga,Osasuna,1,1,D,0,1,A,19,7,5,1,9,1,8,13,1,1,0,0,1.62,3.75,5.5
1112,11/12/11,Vallecano,Sp Gijon,1,3,A,0,2,A,19,13,7,7,9,7,9,14,2,2,0,0,2.0,3.2,4.0
1112,11/12/11,Villarreal,Sociedad,1,1,D,0,0,D,19,8,7,2,9,3,16,15,2,2,0,1,1.8,3.5,4.5
1112,11/12/11,Zaragoza,Mallorca,0,1,A,0,1,A,7,14,3,6,4,4,16,13,2,1,0,0,2.1,3.25,3.6
1112,17/12/11,Ath Bilbao,Zaragoza,2,1,H,1,1,D,11,6,5,2,11,4,10,23,1,4,1,1,1.4,4.33,8.5
1112,17/12/11,Mallorca,Getafe,1,2,A,1,2,A,12,6,4,2,9,3,22,15,5,4,0,0,2.1,3.4,3.4
1112,17/12/11,Sevilla,Real Madrid,2,6,A,0,3,A,19,17,6,10,9,1,12,10,3,3,1,1,8.0,4.5,1.4
1112,17/12/11,Sp Gijon,Espanol,1,2,A,0,1,A,12,22,6,9,6,4,15,16,0,2,0,0,2.2,3.25,3.25
1112,18/12/11,Ath Madrid,Betis,0,2,A,0,0,D,31,6,9,4,14,4,10,15,3,3,0,1,1.5,4.0,6.5
1112,18/12/11,Granada,Levante,2,1,H,2,0,H,17,13,6,4,4,6,10,9,1,5,0,0,2.5,3.25,2.8
1112,18/12/11,Osasuna,Villarreal,2,1,H,0,0,D,19,9,6,4,7,3,22,14,2,2,0,0,2.1,3.4,3.4
1112,18/12/11,Santander,Sociedad,0,0,D,0,0,D,11,9,4,4,8,3,15,12,5,2,0,1,2.1,3.3,3.5
1112,18/12/11,Valencia,Malaga,2,0,H,1,0,H,13,18,6,6,1,5,21,9,4,2,0,0,1.73,3.6,4.75
1112,07/01/12,Levante,Mallorca,0,0,D,0,0,D,8,11,2,4,4,6,16,23,2,3,0,0,1.91,3.4,4.0
1112,07/01/12,Malaga,Ath Madrid,0,0,D,0,0,D,11,10,2,3,5,6,15,26,3,5,0,0,2.2,3.25,3.25
1112,07/01/12,Real Madrid,Granada,5,1,H,2,1,H,35,12,12,4,10,8,13,9,1,1,0,0,1.06,11.0,29.0
1112,07/01/12,Santander,Zaragoza,1,0,H,1,0,H,14,8,4,1,7,1,16,19,2,3,0,0,2.0,3.3,3.8
1112,07/01/12,Sociedad,Osasuna,0,0,D,0,0,D,20,9,6,1,12,5,10,18,0,2,0,0,2.2,3.25,3.3
1112,08/01/12,Betis,Sp Gijon,2,0,H,1,0,H,19,11,8,5,5,3,14,14,1,2,0,2,1.91,3.5,4.0
1112,08/01/12,Espanol,Barcelona,1,1,D,0,1,A,14,10,4,3,4,4,16,7,6,1,0,0,13.0,6.0,1.22
1112,08/01/12,Getafe,Ath Bilbao,0,0,D,0,0,D,16,11,2,2,9,3,15,12,3,1,0,0,2.5,3.3,2.75
1112,08/01/12,Vallecano,Sevilla,2,1,H,1,0,H,11,17,4,3,4,10,20,17,4,4,0,0,3.0,3.25,2.38
1112,08/01/12,Villarreal,Valencia,2,2,D,2,1,H,13,13,7,3,5,6,17,15,5,4,0,0,3.0,3.4,2.3
1112,14/01/12,Granada,Vallecano,1,2,A,0,1,A,15,12,6,4,11,3,14,12,5,3,1,0,2.25,3.2,3.25
1112,14/01/12,Mallorca,Real Madrid,1,2,A,1,0,H,8,14,1,9,4,5,23,7,4,1,0,0,11.0,5.0,1.29
1112,14/01/12,Sevilla,Espanol,0,0,D,0,0,D,19,8,3,1,6,4,13,16,1,4,0,0,1.8,3.5,4.5
1112,14/01/12,Valencia,Sociedad,0,1,A,0,0,D,12,7,3,2,5,0,7,10,1,0,0,0,1.4,4.5,8.0
1112,14/01/12,Zaragoza,Getafe,1,1,D,1,0,H,15,9,4,5,10,10,10,10,3,2,0,0,2.6,3.2,2.75
1112,15/01/12,Ath Bilbao,Levante,3,0,H,2,0,H,17,16,9,4,4,8,12,9,2,4,0,1,1.62,3.75,5.5
1112,15/01/12,Ath Madrid,Villarreal,3,0,H,1,0,H,20,3,9,0,11,2,13,8,3,1,0,0,1.67,3.75,5.0
1112,15/01/12,Barcelona,Betis,4,2,H,2,1,H,16,10,9,5,5,3,13,15,3,4,0,1,1.07,11.0,26.0
1112,15/01/12,Osasuna,Santander,0,2,A,0,1,A,8,13,2,5,8,5,20,12,5,3,0,0,1.73,3.5,5.0
1112,15/01/12,Sp Gijon,Malaga,2,1,H,1,0,H,11,10,7,4,2,8,24,8,5,3,0,0,3.1,3.25,2.3
1112,21/01/12,Betis,Sevilla,1,1,D,1,1,D,16,15,2,5,8,10,12,13,5,0,0,1,2.5,3.3,2.75
1112,21/01/12,Espanol,Granada,3,0,H,2,0,H,16,14,8,6,10,5,11,12,1,3,0,0,1.73,3.5,5.0
1112,21/01/12,Santander,Getafe,1,2,A,1,1,D,18,15,8,5,6,5,11,13,1,2,0,0,2.5,3.2,2.8
1112,21/01/12,Sociedad,Ath Madrid,0,4,A,0,1,A,16,15,1,9,5,3,8,24,4,7,0,0,2.9,3.3,2.4
1112,22/01/12,Levante,Zaragoza,0,0,D,0,0,D,6,7,0,3,6,3,15,15,0,0,0,0,1.83,3.4,4.5
1112,22/01/12,Malaga,Barcelona,1,4,A,0,1,A,9,16,6,11,3,2,12,13,1,0,0,0,9.5,5.5,1.29
1112,22/01/12,Osasuna,Valencia,1,1,D,0,0,D,12,9,5,1,3,6,20,19,3,3,0,1,3.25,3.25,2.25
1112,22/01/12,Real Madrid,Ath Bilbao,4,1,H,1,1,D,23,13,10,2,4,6,13,9,3,2,0,1,1.2,6.5,15.0
1112,22/01/12,Vallecano,Mallorca,0,1,A,0,0,D,12,16,4,2,7,7,9,17,1,5,0,0,2.0,3.4,3.75
1112,23/01/12,Villarreal,Sp Gijon,3,0,H,0,0,D,14,8,8,1,7,3,15,14,1,3,0,0,1.83,3.5,4.33
1112,28/01/12,Espanol,Mallorca,1,0,H,1,0,H,12,14,6,5,3,6,17,11,5,2,0,1,1.91,3.4,4.0
1112,28/01/12,Real Madrid,Zaragoza,3,1,H,1,1,D,18,10,6,3,3,4,9,12,1,2,0,0,1.07,11.0,26.0
1112,28/01/12,Vallecano,Ath Bilbao,2,3,A,2,2,D,19,12,10,4,6,5,18,14,2,4,0,0,3.0,3.2,2.38
1112,28/01/12,Villarreal,Barcelona,0,0,D,0,0,D,5,8,2,2,1,4,18,12,3,0,0,0,12.0,6.0,1.22
1112,29/01/12,Betis,Granada,1,2,A,0,2,A,16,12,6,5,12,6,9,11,3,6,0,0,1.62,3.75,5.5
1112,29/01/12,Levante,Getafe,1,2,A,0,1,A,18,10,5,6,10,3,11,19,1,2,0,1,2.4,3.3,2.88
1112,29/01/12,Malaga,Sevilla,2,1,H,2,1,H,9,9,5,3,6,3,14,20,4,7,1,0,2.2,3.3,3.3
1112,29/01/12,Santander,Valencia,2,2,D,1,0,H,11,11,5,4,5,8,16,16,5,5,1,1,3.25,3.3,2.2
1112,29/01/12,Sociedad,Sp Gijon,5,1,H,2,0,H,14,11,9,2,5,3,9,16,0,4,0,0,2.0,3.4,3.75
1112,30/01/12,Osasuna,Ath Madrid,0,1,A,0,1,A,17,9,7,4,7,7,22,17,3,3,0,0,3.1,3.3,2.3
1112,04/02/12,Ath Bilbao,Espanol,3,3,D,1,1,D,20,16,7,6,13,4,14,10,5,3,0,0,1.73,3.5,5.0
1112,04/02/12,Barcelona,Sociedad,2,1,H,1,0,H,18,8,9,5,6,3,10,15,0,2,0,0,1.07,11.0,26.0
1112,04/02/12,Getafe,Real Madrid,0,1,A,0,1,A,5,14,0,5,3,8,15,15,6,0,0,0,9.0,5.0,1.33
1112,04/02/12,Levante,Santander,1,1,D,1,0,H,14,15,6,5,8,7,13,8,2,1,0,0,2.3,3.2,3.2
1112,04/02/12,Mallorca,Betis,1,0,H,1,0,H,11,6,4,0,4,3,21,8,2,1,2,1,2.2,3.2,3.4
1112,05/02/12,Ath Madrid,Valencia,0,0,D,0,0,D,9,7,3,1,4,4,25,21,2,3,0,0,2.0,3.4,3.75
1112,05/02/12,Sevilla,Villarreal,1,2,A,1,1,D,20,16,8,8,10,4,13,15,2,4,0,1,1.83,3.5,4.33
1112,05/02/12,Sp Gijon,Osasuna,1,1,D,1,0,H,11,13,5,5,6,2,15,18,2,2,0,0,2.25,3.25,3.25
1112,05/02/12,Zaragoza,Vallecano,1,2,A,1,0,H,10,9,3,4,5,11,15,13,6,3,0,0,2.38,3.2,3.0
1112,06/02/12,Granada,Malaga,2,1,H,0,0,D,16,9,8,4,7,6,13,13,4,1,0,1,3.0,3.2,2.4
1112,11/02/12,Betis,Ath Bilbao,2,1,H,1,1,D,25,9,5,4,13,10,24,10,5,1,0,1,2.8,3.2,2.5
1112,11/02/12,Osasuna,Barcelona,3,2,H,2,0,H,7,20,3,8,3,12,23,7,2,6,0,0,9.5,5.0,1.33
1112,11/02/12,Santander,Ath Madrid,0,0,D,0,0,D,6,23,1,9,4,9,18,25,4,4,0,0,3.75,3.4,2.0
1112,12/02/12,Espanol,Zaragoza,0,2,A,0,0,D,14,10,4,7,6,8,17,24,2,5,0,0,1.62,3.75,5.5
1112,12/02/12,Malaga,Mallorca,3,1,H,1,1,D,17,8,8,3,2,3,8,15,2,2,0,0,1.73,3.5,5.0
1112,12/02/12,Real Madrid,Levante,4,2,H,1,1,D,26,5,9,3,14,1,16,9,3,2,0,1,1.08,10.0,26.0
1112,12/02/12,Valencia,Sp Gijon,4,0,H,1,0,H,22,5,8,1,5,5,19,15,1,1,0,0,1.36,4.5,9.0
1112,12/02/12,Vallecano,Getafe,2,0,H,1,0,H,13,5,7,0,4,3,19,23,5,3,0,1,2.5,3.2,2.8
1112,12/02/12,Villarreal,Granada,3,1,H,1,0,H,12,14,7,4,6,5,15,12,2,2,0,1,1.57,3.75,6.0
1112,13/02/12,Sociedad,Sevilla,2,0,H,0,0,D,12,13,6,1,3,6,17,16,1,2,0,0,2.8,3.25,2.5
1112,18/02/12,Getafe,Espanol,1,1,D,0,0,D,19,11,8,3,12,2,12,14,2,3,0,1,2.0,3.3,3.75
1112,18/02/12,Real Madrid,Santander,4,0,H,2,0,H,23,8,9,0,6,4,16,9,3,1,0,1,1.08,9.5,26.0
1112,18/02/12,Sevilla,Osasuna,2,0,H,1,0,H,17,11,7,3,6,5,10,16,3,3,0,0,1.62,3.75,5.5
1112,19/02/12,Ath Bilbao,Malaga,3,0,H,0,0,D,13,19,4,7,11,7,19,13,4,1,0,0,1.83,3.6,4.2
1112,19/02/12,Barcelona,Valencia,5,1,H,2,1,H,32,3,15,3,11,1,6,15,0,3,0,0,1.25,5.75,11.0
1112,19/02/12,Granada,Sociedad,4,1,H,1,1,D,20,8,8,1,5,3,16,16,2,4,1,1,2.3,3.2,3.2
1112,19/02/12,Levante,Vallecano,3,5,A,0,1,A,19,12,8,6,11,3,11,15,5,3,0,0,2.3,3.2,3.2
1112,19/02/12,Mallorca,Villarreal,4,0,H,1,0,H,14,9,8,3,5,4,17,17,4,2,0,0,2.25,3.25,3.2
1112,19/02/12,Sp Gijon,Ath Madrid,1,1,D,1,1,D,10,16,3,9,5,8,20,20,5,2,0,0,4.0,3.4,1.91
1112,20/02/12,Zaragoza,Betis,0,2,A,0,1,A,13,10,4,6,8,3,16,14,3,4,0,0,2.6,3.2,2.75
1112,25/02/12,Betis,Getafe,1,1,D,0,0,D,13,7,4,3,8,7,18,9,2,7,0,0,2.0,3.4,3.75
1112,25/02/12,Espanol,Levante,1,2,A,0,1,A,10,5,1,4,4,4,13,18,2,5,0,0,1.73,3.5,5.0
1112,25/02/12,Malaga,Zaragoza,5,1,H,1,1,D,18,14,9,3,9,1,12,25,1,3,0,0,1.44,4.2,7.5
1112,25/02/12,Santander,Sp Gijon,1,1,D,0,1,A,19,15,7,5,11,4,17,18,1,3,0,0,2.05,3.25,3.75
1112,26/02/12,Ath Madrid,Barcelona,1,2,A,0,1,A,10,7,5,3,6,2,22,12,7,5,0,0,7.0,4.33,1.44
1112,26/02/12,Osasuna,Granada,2,1,H,2,1,H,15,16,4,7,5,5,19,11,3,4,1,0,1.91,3.3,4.2
1112,26/02/12,Sociedad,Mallorca,1,0,H,0,0,D,13,12,1,3,5,8,8,14,2,4,0,0,2.1,3.25,3.5
1112,26/02/12,Valencia,Sevilla,1,2,A,1,1,D,10,11,5,4,8,4,22,15,3,2,0,0,1.75,3.5,4.75
1112,26/02/12,Vallecano,Real Madrid,0,1,A,0,0,D,7,9,1,3,12,5,17,16,3,6,1,0,8.0,4.75,1.36
1112,26/02/12,Villarreal,Ath Bilbao,2,2,D,1,0,H,21,13,8,6,5,7,22,18,1,4,0,0,2.25,3.25,3.2
1112,03/03/12,Barcelona,Sp Gijon,3,1,H,1,0,H,15,4,5,1,13,1,11,23,4,7,1,0,1.08,11.0,26.0
1112,03/03/12,Getafe,Malaga,1,3,A,1,0,H,17,9,6,7,2,2,16,20,3,4,0,0,2.4,3.2,3.0
1112,03/03/12,Mallorca,Osasuna,1,1,D,0,1,A,14,9,2,2,8,8,15,13,2,3,0,0,1.91,3.3,4.2
1112,03/03/12,Sevilla,Ath Madrid,1,1,D,0,1,A,20,9,5,6,1,6,14,21,2,5,0,0,2.38,3.25,3.0
1112,03/03/12,Vallecano,Santander,4,2,H,1,2,A,22,9,13,3,4,3,15,13,4,4,0,1,1.83,3.4,4.5
1112,04/03/12,Ath Bilbao,Sociedad,2,0,H,1,0,H,14,16,7,4,7,10,13,12,4,6,0,0,1.62,3.6,6.0
1112,04/03/12,Granada,Valencia,0,1,A,0,1,A,8,5,3,2,6,1,11,22,4,9,0,0,3.5,3.3,2.1
1112,04/03/12,Real Madrid,Espanol,5,0,H,2,0,H,22,6,12,1,10,3,18,14,1,3,0,0,1.13,8.0,21.0
1112,04/03/12,Zaragoza,Villarreal,2,1,H,0,1,A,12,11,4,5,5,3,20,18,2,3,0,0,3.1,3.25,2.3
1112,05/03/12,Levante,Betis,3,1,H,2,1,H,7,16,4,5,2,7,20,7,5,3,0,0,2.5,3.2,2.88
1112,10/03/12,Betis,Real Madrid,2,3,A,1,1,D,14,20,6,10,3,5,13,15,1,3,0,0,7.0,4.33,1.44
1112,10/03/12,Malaga,Levante,1,0,H,0,0,D,24,10,4,3,11,2,11,16,4,2,0,0,1.53,3.8,6.5
1112,10/03/12,Sociedad,Zaragoza,3,0,H,3,0,H,13,7,7,2,4,2,14,15,2,1,0,1,1.73,3.6,4.75
1112,10/03/12,Sp Gijon,Sevilla,1,0,H,1,0,H,15,18,7,3,5,7,21,7,6,4,0,1,3.25,3.3,2.2
1112,11/03/12,Ath Madrid,Granada,2,0,H,1,0,H,14,10,3,3,9,4,16,10,2,2,0,1,1.33,4.75,10.0
1112,11/03/12,Espanol,Vallecano,5,1,H,4,0,H,17,13,10,6,3,6,26,23,4,2,0,0,2.1,3.4,3.4
1112,11/03/12,Osasuna,Ath Bilbao,2,1,H,2,0,H,17,17,6,4,8,7,17,22,2,7,0,0,2.8,3.25,2.5
1112,11/03/12,Santander,Barcelona,0,2,A,0,1,A,1,23,0,8,3,6,21,14,6,0,0,0,13.0,6.0,1.22
1112,11/03/12,Valencia,Mallorca,2,2,D,2,0,H,23,9,8,4,13,6,13,13,1,4,1,0,1.5,4.0,7.0
1112,12/03/12,Villarreal,Getafe,1,2,A,1,1,D,16,7,4,4,4,4,12,11,3,3,0,0,1.91,3.4,4.0
1112,17/03/12,Getafe,Sociedad,1,0,H,0,0,D,11,16,1,5,5,9,14,18,4,4,0,0,1.95,3.3,4.0
1112,17/03/12,Granada,Sp Gijon,2,1,H,2,0,H,13,8,4,2,5,3,15,11,0,1,1,0,2.0,3.3,3.8
1112,17/03/12,Sevilla,Barcelona,0,2,A,0,2,A,12,17,2,9,7,4,15,12,3,3,0,0,8.5,4.75,1.36
1112,17/03/12,Vallecano,Betis,3,0,H,0,0,D,13,7,7,2,7,3,19,25,2,2,0,0,2.2,3.3,3.3
1112,17/03/12,Zaragoza,Osasuna,1,1,D,0,0,D,17,9,3,3,4,4,18,15,5,2,0,0,2.5,3.2,2.88
1112,18/03/12,Ath Bilbao,Valencia,0,3,A,0,1,A,11,22,3,7,5,3,16,25,3,6,1,0,2.25,3.4,3.1
1112,18/03/12,Levante,Villarreal,1,0,H,0,0,D,11,6,4,1,10,3,14,18,3,4,0,1,2.4,3.2,3.0
1112,18/03/12,Mallorca,Ath Madrid,2,1,H,0,0,D,9,25,3,8,2,10,18,10,4,1,1,0,3.0,3.25,2.38
1112,18/03/12,Real Madrid,Malaga,1,1,D,1,0,H,18,5,6,2,5,3,21,9,2,1,0,0,1.17,7.5,14.0
1112,19/03/12,Espanol,Santander,3,1,H,2,1,H,15,8,7,3,6,2,15,21,4,2,0,1,1.67,3.75,5.0
1112,20/03/12,Barcelona,Granada,5,3,H,2,0,H,18,6,8,3,4,2,10,13,2,7,1,0,1.05,13.0,34.0
1112,20/03/12,Osasuna,Getafe,0,0,D,0,0,D,19,12,7,2,4,5,16,15,2,0,0,0,2.2,3.2,3.4
1112,21/03/12,Ath Madrid,Ath Bilbao,2,1,H,0,0,D,21,3,8,2,5,5,18,8,4,3,0,0,1.8,3.5,4.5
1112,21/03/12,Sociedad,Levante,1,3,A,1,2,A,9,10,3,6,7,3,10,19,2,6,1,0,2.0,3.4,3.75
1112,21/03/12,Sp Gijon,Mallorca,2,3,A,1,1,D,22,11,6,4,9,3,20,20,2,4,0,0,2.38,3.25,3.0
1112,21/03/12,Valencia,Zaragoza,1,2,A,1,1,D,28,6,10,2,9,0,9,10,3,4,0,2,1.29,5.0,11.0
1112,21/03/12,Villarreal,Real Madrid,1,1,D,0,0,D,10,22,2,8,5,8,23,17,5,5,0,2,8.5,4.75,1.36
1112,22/03/12,Betis,Espanol,1,1,D,0,0,D,9,12,2,4,3,4,15,17,1,2,0,0,1.91,3.4,4.0
1112,22/03/12,Malaga,Vallecano,4,2,H,1,1,D,15,11,6,7,7,4,9,14,3,4,0,0,1.67,3.75,5.0
1112,22/03/12,Santander,Sevilla,0,3,A,0,1,A,9,19,3,7,6,6,14,13,4,3,1,0,3.2,3.25,2.25
1112,24/03/12,Getafe,Valencia,3,1,H,3,1,H,9,10,4,4,1,9,20,15,3,6,0,0,2.8,3.25,2.5
1112,24/03/12,Mallorca,Barcelona,0,2,A,0,1,A,10,18,2,6,5,8,17,6,2,1,0,1,13.0,6.0,1.22
1112,24/03/12,Real Madrid,Sociedad,5,1,H,3,1,H,19,11,10,4,9,3,14,8,1,4,0,0,1.13,8.0,21.0
1112,25/03/12,Ath Bilbao,Sp Gijon,1,1,D,0,0,D,12,11,4,4,2,3,15,18,2,4,0,0,1.36,4.5,9.0
1112,25/03/12,Betis,Santander,1,1,D,1,0,H,18,11,7,5,3,9,12,20,3,5,0,0,1.67,3.75,5.0
1112,25/03/12,Espanol,Malaga,1,2,A,1,0,H,8,12,3,6,6,6,17,10,3,1,0,0,2.38,3.25,3.0
1112,25/03/12,Levante,Osasuna,0,2,A,0,1,A,20,12,7,6,5,6,12,14,2,2,0,0,2.1,3.3,3.5
1112,25/03/12,Vallecano,Villarreal,0,2,A,0,1,A,19,13,4,5,7,3,18,14,3,1,0,0,2.1,3.4,3.4
1112,25/03/12,Zaragoza,Ath Madrid,1,0,H,0,0,D,12,12,3,2,6,9,14,19,0,5,0,0,4.5,3.5,1.8
1112,26/03/12,Granada,Sevilla,0,3,A,0,1,A,20,21,4,10,12,1,10,15,4,4,0,0,3.0,3.25,2.38
1112,31/03/12,Barcelona,Ath Bilbao,2,0,H,1,0,H,20,4,14,1,10,4,11,14,1,3,0,0,1.11,9.0,21.0
1112,31/03/12,Malaga,Betis,0,2,A,0,2,A,20,7,6,2,8,1,9,21,1,4,0,0,1.67,3.8,5.0
1112,31/03/12,Osasuna,Real Madrid,1,5,A,0,3,A,13,13,1,7,3,4,17,14,2,1,1,0,8.0,4.5,1.4
1112,31/03/12,Santander,Granada,0,1,A,0,0,D,7,16,2,6,3,5,20,11,4,2,0,0,2.1,3.3,3.5
1112,31/03/12,Sp Gijon,Zaragoza,1,2,A,0,1,A,14,11,6,5,7,6,20,30,3,7,0,0,2.1,3.3,3.5
1112,01/04/12,Ath Madrid,Getafe,3,0,H,1,0,H,8,10,4,3,7,3,25,10,1,2,0,0,1.62,3.8,5.5
1112,01/04/12,Sociedad,Vallecano,4,0,H,2,0,H,15,9,8,1,3,5,16,18,1,3,0,0,2.1,3.3,3.5
1112,01/04/12,Valencia,Levante,1,1,D,1,0,H,12,9,4,2,5,2,15,12,4,3,0,0,1.62,3.8,5.5
1112,01/04/12,Villarreal,Espanol,0,0,D,0,0,D,9,8,3,2,3,1,12,17,1,3,0,0,2.0,3.4,3.75
1112,02/04/12,Sevilla,Mallorca,3,1,H,0,0,D,15,8,6,3,8,4,10,16,4,2,0,0,1.73,3.6,4.75
1112,07/04/12,Betis,Villarreal,3,1,H,2,0,H,16,11,8,3,4,9,16,14,3,1,0,1,2.1,3.3,3.5
1112,07/04/12,Espanol,Sociedad,2,2,D,1,2,A,27,11,12,4,13,2,14,17,5,3,0,1,1.91,3.4,4.0
1112,07/04/12,Getafe,Sp Gijon,2,0,H,1,0,H,10,14,4,3,4,5,27,18,4,4,0,0,1.73,3.5,5.0
1112,07/04/12,Vallecano,Osasuna,6,0,H,4,0,H,19,10,12,3,5,7,15,13,1,4,0,0,2.05,3.4,3.6
1112,07/04/12,Zaragoza,Barcelona,1,4,A,1,2,A,14,14,5,7,2,9,22,13,4,5,1,0,19.0,7.5,1.14
1112,08/04/12,Ath Bilbao,Sevilla,1,0,H,0,0,D,18,17,6,3,4,3,14,12,4,4,0,0,2.25,3.25,3.2
1112,08/04/12,Levante,Ath Madrid,2,0,H,2,0,H,8,18,4,6,2,7,11,13,4,5,0,1,3.0,3.4,2.3
1112,08/04/12,Mallorca,Granada,0,0,D,0,0,D,13,19,3,7,11,7,21,8,4,1,0,0,1.83,3.5,4.33
1112,08/04/12,Real Madrid,Valencia,0,0,D,0,0,D,33,17,10,4,11,5,12,16,3,3,0,0,1.2,6.5,13.0
1112,09/04/12,Malaga,Santander,3,0,H,1,0,H,30,1,13,0,12,0,12,13,3,2,0,1,1.4,4.5,8.0
1112,10/04/12,Barcelona,Getafe,4,0,H,2,0,H,14,2,7,0,13,5,9,10,1,1,0,0,1.06,13.0,26.0
1112,10/04/12,Osasuna,Espanol,2,0,H,0,0,D,14,4,4,0,4,3,13,17,3,4,0,2,2.5,3.25,2.8
1112,10/04/12,Sociedad,Betis,1,1,D,0,0,D,17,12,4,6,9,5,10,10,0,3,0,0,2.25,3.4,3.1
1112,11/04/12,Ath Madrid,Real Madrid,1,4,A,0,1,A,11,25,3,9,7,8,18,15,2,3,0,0,5.5,4.0,1.57
1112,11/04/12,Granada,Ath Bilbao,2,2,D,1,0,H,9,19,4,5,0,11,9,13,2,3,1,0,2.63,3.4,2.6
1112,11/04/12,Sp Gijon,Levante,3,2,H,1,1,D,24,11,5,7,7,1,21,7,5,0,0,0,2.6,3.2,2.75
1112,11/04/12,Valencia,Vallecano,4,1,H,1,0,H,10,12,7,3,7,7,13,23,2,7,0,0,1.5,4.2,6.5
1112,12/04/12,Santander,Mallorca,0,3,A,0,1,A,17,12,4,6,5,5,16,21,3,1,0,0,2.7,3.2,2.63
1112,12/04/12,Sevilla,Zaragoza,3,0,H,3,0,H,22,10,8,2,7,2,15,15,1,3,0,0,1.44,4.33,7.0
1112,12/04/12,Villarreal,Malaga,2,1,H,0,0,D,9,9,3,4,4,2,14,15,0,4,0,1,2.5,3.3,2.8
1112,14/04/12,Levante,Barcelona,1,2,A,1,0,H,5,16,2,8,1,6,16,7,5,2,0,0,15.0,6.0,1.2
1112,14/04/12,Real Madrid,Sp Gijon,3,1,H,1,1,D,24,3,6,2,5,1,7,26,2,5,0,1,1.06,11.0,29.0
1112,15/04/12,Ath Bilbao,Mallorca,1,0,H,1,0,H,13,11,2,1,7,5,12,17,1,4,0,0,1.67,3.8,5.0
1112,15/04/12,Betis,Osasuna,1,0,H,1,0,H,10,5,4,1,3,3,10,7,1,2,0,1,1.91,3.5,4.0
1112,15/04/12,Espanol,Valencia,4,0,H,2,0,H,16,4,5,1,6,3,15,19,3,5,0,0,2.88,3.4,2.38
1112,15/04/12,Malaga,Sociedad,1,1,D,1,0,H,19,10,6,2,15,6,11,9,2,0,0,1,1.5,4.2,6.5
1112,15/04/12,Vallecano,Ath Madrid,0,1,A,0,0,D,12,9,3,4,9,3,22,17,6,2,0,0,2.8,3.4,2.4
1112,15/04/12,Villarreal,Santander,1,1,D,0,0,D,19,7,5,3,7,6,15,6,2,2,0,0,1.5,4.0,7.0
1112,15/04/12,Zaragoza,Granada,1,0,H,1,0,H,8,10,4,0,2,3,25,10,3,3,1,0,2.1,3.4,3.4
1112,16/04/12,Getafe,Sevilla,5,1,H,1,1,D,12,15,7,3,7,7,9,10,2,2,0,0,2.6,3.3,2.63
1112,21/04/12,Barcelona,Real Madrid,1,2,A,0,1,A,14,14,3,6,4,7,11,20,2,4,0,0,1.62,4.0,5.0
1112,21/04/12,Mallorca,Zaragoza,1,0,H,1,0,H,12,11,4,3,9,2,18,15,3,3,0,0,1.8,3.6,4.33
1112,21/04/12,Sevilla,Levante,1,1,D,1,1,D,22,7,5,2,11,2,8,19,3,5,0,0,1.57,3.8,6.0
1112,21/04/12,Sp Gijon,Vallecano,2,1,H,1,0,H,16,10,6,4,11,7,18,17,4,2,0,2,2.3,3.4,3.0
1112,22/04/12,Ath Madrid,Espanol,3,1,H,1,1,D,17,13,7,1,6,5,14,11,3,2,0,0,1.57,3.75,6.0
1112,22/04/12,Granada,Getafe,1,0,H,1,0,H,11,7,6,2,6,1,6,15,2,2,0,0,2.25,3.25,3.2
1112,22/04/12,Santander,Ath Bilbao,0,1,A,0,1,A,11,9,3,2,6,12,14,16,2,2,0,0,3.6,3.5,2.0
1112,22/04/12,Sociedad,Villarreal,1,1,D,0,1,A,18,13,4,4,6,1,11,14,3,2,0,0,2.25,3.25,3.2
1112,22/04/12,Valencia,Betis,4,0,H,1,0,H,14,8,7,2,4,2,18,8,2,2,0,2,1.62,3.75,5.5
1112,23/04/12,Osasuna,Malaga,1,1,D,0,0,D,12,14,4,4,6,9,9,12,2,1,0,0,3.1,3.3,2.3
1112,28/04/12,Espanol,Sp Gijon,0,3,A,0,0,D,18,11,5,6,10,5,12,12,2,3,0,0,1.67,3.75,5.0
1112,28/04/12,Getafe,Mallorca,1,3,A,0,1,A,12,16,3,9,7,3,8,16,4,3,0,0,1.91,3.4,4.0
1112,28/04/12,Levante,Granada,3,1,H,0,0,D,9,9,5,3,3,0,10,10,1,3,0,0,1.83,3.5,4.33
1112,28/04/12,Sociedad,Santander,3,0,H,0,0,D,17,14,5,5,5,5,13,17,1,5,0,0,1.5,4.0,6.5
1112,28/04/12,Villarreal,Osasuna,1,1,D,1,0,H,20,9,6,2,6,5,12,12,1,2,0,0,1.8,3.5,4.5
1112,29/04/12,Betis,Ath Madrid,2,2,D,0,0,D,9,22,3,6,3,10,19,17,3,2,0,0,3.2,3.3,2.25
1112,29/04/12,Malaga,Valencia,1,0,H,1,0,H,16,5,7,1,7,6,7,27,3,3,0,1,2.2,3.4,3.2
1112,29/04/12,Real Madrid,Sevilla,3,0,H,1,0,H,15,10,5,3,9,4,14,7,3,2,0,0,1.22,6.0,13.0
1112,29/04/12,Vallecano,Barcelona,0,7,A,0,3,A,10,19,4,8,7,9,20,7,3,1,0,0,9.0,5.0,1.33
1112,29/04/12,Zaragoza,Ath Bilbao,2,0,H,1,0,H,21,8,8,3,7,6,13,11,1,2,0,0,3.2,3.4,2.2
1112,01/05/12,Getafe,Santander,1,1,D,0,0,D,9,11,4,3,4,5,25,17,4,3,0,0,1.4,4.5,8.0
1112,01/05/12,Granada,Espanol,2,1,H,2,0,H,17,9,9,3,7,9,9,13,0,1,0,0,1.83,3.5,3.75
1112,01/05/12,Sp Gijon,Villarreal,2,3,A,1,2,A,22,10,5,8,9,5,19,9,5,5,0,1,2.4,3.4,2.8
1112,02/05/12,Ath Bilbao,Real Madrid,0,3,A,0,2,A,11,18,2,10,4,8,13,20,3,5,1,0,6.0,4.0,1.53
1112,02/05/12,Ath Madrid,Sociedad,1,1,D,0,0,D,13,16,1,5,6,10,14,9,2,1,1,0,1.4,4.5,7.5
1112,02/05/12,Barcelona,Malaga,4,1,H,2,1,H,11,11,6,3,4,1,17,14,2,2,0,0,1.2,6.0,15.0
1112,02/05/12,Mallorca,Vallecano,1,0,H,0,0,D,20,15,8,6,9,4,15,8,2,4,0,0,1.85,3.5,4.2
1112,02/05/12,Sevilla,Betis,1,2,A,1,1,D,12,15,3,3,9,4,18,14,3,4,1,0,1.73,3.6,4.75
1112,02/05/12,Valencia,Osasuna,4,0,H,0,0,D,23,11,9,3,17,2,8,11,1,5,0,1,1.44,4.0,8.0
1112,02/05/12,Zaragoza,Levante,1,0,H,1,0,H,12,11,5,4,2,10,15,14,5,5,0,0,2.25,3.4,3.1
1112,05/05/12,Ath Bilbao,Getafe,0,0,D,0,0,D,16,11,1,1,8,2,11,10,1,3,0,0,1.8,3.5,4.5
1112,05/05/12,Ath Madrid,Malaga,2,1,H,0,1,A,9,13,2,4,8,5,20,14,6,2,0,0,2.0,3.5,3.6
1112,05/05/12,Barcelona,Espanol,4,0,H,1,0,H,14,10,6,3,5,3,13,24,4,5,0,0,1.13,8.0,19.0
1112,05/05/12,Granada,Real Madrid,1,2,A,1,0,H,12,14,5,3,4,6,13,14,4,4,2,0,7.5,5.0,1.36
1112,05/05/12,Mallorca,Levante,1,0,H,0,0,D,10,7,3,2,6,5,13,5,1,3,0,0,1.91,3.4,4.0
1112,05/05/12,Osasuna,Sociedad,1,0,H,1,0,H,18,13,10,3,4,4,24,13,5,1,0,0,1.8,3.5,4.5
1112,05/05/12,Sevilla,Vallecano,5,2,H,2,1,H,15,13,8,3,5,5,13,10,3,5,0,0,1.7,3.6,5.0
1112,05/05/12,Sp Gijon,Betis,2,1,H,1,1,D,12,15,3,8,4,4,19,16,2,3,0,0,2.3,3.25,3.1
1112,05/05/12,Valencia,Villarreal,1,0,H,0,0,D,17,9,7,3,8,3,16,16,5,3,0,0,1.57,4.2,4.5
1112,05/05/12,Zaragoza,Santander,2,1,H,1,1,D,29,2,8,2,12,1,17,21,3,6,0,0,1.33,5.0,9.0
1112,12/05/12,Betis,Barcelona,2,2,D,0,1,A,5,11,3,6,2,7,15,11,2,0,0,1,7.5,5.5,1.33
1112,12/05/12,Sociedad,Valencia,1,0,H,0,0,D,13,19,6,2,7,14,14,10,2,0,0,0,2.7,3.4,2.5
1112,13/05/12,Espanol,Sevilla,1,1,D,0,1,A,9,17,4,6,8,7,14,16,4,2,0,0,2.8,3.5,2.38
1112,13/05/12,Getafe,Zaragoza,0,2,A,0,0,D,3,12,0,4,0,6,22,18,2,4,3,1,5.5,4.0,1.57
1112,13/05/12,Levante,Ath Bilbao,3,0,H,1,0,H,12,9,4,5,4,6,3,8,1,0,0,0,1.57,4.0,5.5
1112,13/05/12,Malaga,Sp Gijon,1,0,H,0,0,D,22,6,12,1,10,1,10,24,3,5,1,0,1.3,5.5,9.0
1112,13/05/12,Real Madrid,Mallorca,4,1,H,2,0,H,23,11,12,5,8,6,7,16,0,1,0,0,1.2,7.0,11.0
1112,13/05/12,Santander,Osasuna,2,4,A,1,0,H,7,27,2,13,0,9,11,9,0,2,0,0,6.0,4.0,1.53
1112,13/05/12,Vallecano,Granada,1,0,H,0,0,D,18,12,2,5,9,6,19,14,3,4,0,0,1.83,3.5,4.33
1112,13/05/12,Villarreal,Ath Madrid,0,1,A,0,0,D,10,11,1,4,6,4,9,18,2,2,0,0,2.3,3.4,3.0
1213,18/08/12,Celta,Malaga,0,1,A,0,0,D,17,16,3,6,8,9,13,9,2,0,0,0,2.25,3.25,3.2
1213,18/08/12,Mallorca,Espanol,2,1,H,1,1,D,17,13,9,5,7,4,14,14,3,2,0,0,2.0,3.3,3.8
1213,18/08/12,Sevilla,Getafe,2,1,H,2,0,H,16,10,5,3,8,8,15,17,4,4,0,0,1.62,3.75,5.5
1213,19/08/12,Ath Bilbao,Betis,3,5,A,0,3,A,17,13,8,9,11,4,12,17,2,2,0,0,1.83,3.5,4.2
1213,19/08/12,Barcelona,Sociedad,5,1,H,4,1,H,18,5,10,2,9,1,9,12,2,3,0,0,1.1,9.0,26.0
1213,19/08/12,Levante,Ath Madrid,1,1,D,1,1,D,6,11,1,3,3,6,17,7,2,1,0,0,3.2,3.4,2.2
1213,19/08/12,Real Madrid,Valencia,1,1,D,1,1,D,24,5,9,1,12,5,10,16,1,4,0,0,1.25,6.0,10.0
1213,20/08/12,La Coruna,Osasuna,2,0,H,0,0,D,10,11,3,1,5,7,14,13,3,4,0,0,2.0,3.4,3.75
1213,20/08/12,Vallecano,Granada,1,0,H,0,0,D,16,14,3,3,3,5,13,9,2,0,0,0,2.2,3.3,3.3
1213,20/08/12,Zaragoza,Valladolid,0,1,A,0,1,A,11,7,3,2,4,4,17,14,2,5,0,0,2.15,3.3,3.4
1213,25/08/12,Betis,Vallecano,1,2,A,1,1,D,14,19,4,5,6,8,14,17,5,5,0,0,1.7,3.6,5.0
1213,25/08/12,Espanol,Zaragoza,1,2,A,1,0,H,9,10,1,5,5,3,16,21,4,4,1,0,1.67,3.6,5.25
1213,25/08/12,Malaga,Mallorca,1,1,D,0,0,D,18,9,6,4,14,4,7,12,2,4,1,0,1.91,3.5,4.0
1213,25/08/12,Sociedad,Celta,2,1,H,0,0,D,15,14,6,4,7,7,17,16,5,2,0,0,2.0,3.4,3.75
1213,26/08/12,Getafe,Real Madrid,2,1,H,0,1,A,11,14,3,5,3,7,12,11,3,1,0,1,9.5,5.5,1.29
1213,26/08/12,Granada,Sevilla,1,1,D,1,1,D,18,9,7,3,6,0,15,15,4,2,0,1,3.0,3.25,2.38
1213,26/08/12,Osasuna,Barcelona,1,2,A,1,0,H,17,15,5,10,4,7,17,11,6,3,1,0,12.0,6.0,1.22
1213,26/08/12,Valencia,La Coruna,3,3,D,3,1,H,13,13,5,8,2,10,16,10,5,2,1,0,1.44,4.2,7.5
1213,27/08/12,Ath Madrid,Ath Bilbao,4,0,H,2,0,H,23,7,14,0,10,4,11,13,3,3,0,0,1.6,4.0,5.5
1213,27/08/12,Valladolid,Levante,2,0,H,1,0,H,15,8,7,1,7,1,11,14,1,5,0,1,2.05,3.4,3.5
1213,01/09/12,Celta,Osasuna,2,0,H,0,0,D,12,7,4,2,4,6,5,15,1,2,0,1,2.0,3.3,3.75
1213,01/09/12,La Coruna,Getafe,1,1,D,1,1,D,10,13,5,4,6,6,8,13,2,2,0,0,2.2,3.2,3.4
1213,01/09/12,Mallorca,Sociedad,1,0,H,0,0,D,15,10,5,3,6,3,21,11,5,2,0,0,2.1,3.2,3.6
1213,01/09/12,Zaragoza,Malaga,0,1,A,0,0,D,11,11,4,3,10,10,23,14,1,4,0,0,2.7,3.25,2.6
1213,02/09/12,Ath Bilbao,Valladolid,2,0,H,0,0,D,17,8,3,1,9,4,6,7,0,1,0,0,2.0,3.4,3.75
1213,02/09/12,Barcelona,Valencia,1,0,H,1,0,H,11,4,5,1,5,3,8,10,1,2,0,0,1.22,6.0,13.0
1213,02/09/12,Levante,Espanol,3,2,H,0,2,A,11,9,4,2,6,2,30,21,3,6,1,0,2.2,3.2,3.4
1213,02/09/12,Real Madrid,Granada,3,0,H,1,0,H,22,7,8,0,6,3,12,11,2,0,0,1,1.08,10.0,23.0
1213,02/09/12,Vallecano,Sevilla,0,0,D,0,0,D,13,18,4,3,5,6,23,14,4,2,1,0,2.8,3.25,2.5
1213,15/09/12,Getafe,Barcelona,1,4,A,0,1,A,6,15,3,9,1,7,14,10,2,2,0,0,11.0,6.0,1.25
1213,15/09/12,Malaga,Levante,3,1,H,1,0,H,12,5,5,1,4,4,15,19,2,4,1,0,1.7,3.6,5.0
1213,15/09/12,Sevilla,Real Madrid,1,0,H,1,0,H,10,18,7,6,3,4,21,13,3,3,0,0,5.0,4.0,1.62
1213,15/09/12,Valencia,Celta,2,1,H,1,1,D,15,15,4,4,8,11,17,15,3,2,0,0,1.44,4.33,7.0
1213,16/09/12,Ath Madrid,Vallecano,4,3,H,1,0,H,12,17,6,5,5,5,15,14,0,4,0,0,1.33,5.0,9.0
1213,16/09/12,Espanol,Ath Bilbao,3,3,D,2,0,H,15,16,5,7,3,4,27,20,3,5,1,0,2.2,3.4,3.2
1213,16/09/12,Granada,La Coruna,1,1,D,0,1,A,13,14,2,5,7,3,17,14,3,4,0,0,2.3,3.2,3.2
1213,16/09/12,Osasuna,Mallorca,1,1,D,0,0,D,20,7,7,3,14,7,12,11,2,1,1,1,2.2,3.25,3.25
1213,16/09/12,Sociedad,Zaragoza,2,0,H,0,0,D,7,12,3,2,3,5,13,18,4,2,0,0,1.8,3.5,4.5
1213,17/09/12,Valladolid,Betis,0,1,A,0,0,D,10,8,3,2,5,3,9,12,1,2,0,0,2.1,3.3,3.5
1213,22/09/12,Barcelona,Granada,2,0,H,0,0,D,20,6,11,3,14,5,10,15,0,3,0,0,1.05,12.0,34.0
1213,22/09/12,Betis,Espanol,1,0,H,1,0,H,15,11,3,2,7,1,24,13,6,4,0,1,1.95,3.5,3.75
1213,22/09/12,Celta,Getafe,2,1,H,0,0,D,14,6,6,4,4,4,14,13,4,3,0,1,2.0,3.4,3.75
1213,22/09/12,Zaragoza,Osasuna,3,1,H,2,1,H,10,11,4,3,1,2,18,13,2,2,0,0,2.25,3.25,3.2
1213,23/09/12,Ath Bilbao,Malaga,0,0,D,0,0,D,9,12,1,4,7,7,7,6,3,3,0,0,2.2,3.4,3.2
1213,23/09/12,Ath Madrid,Valladolid,2,1,H,2,0,H,14,4,7,3,6,1,15,23,2,6,0,0,1.3,5.25,10.0
1213,23/09/12,Levante,Sociedad,2,1,H,0,1,A,16,17,6,6,4,5,20,10,2,4,0,0,2.1,3.4,3.4
1213,23/09/12,Mallorca,Valencia,2,0,H,1,0,H,6,27,3,7,0,9,17,9,4,4,0,0,2.8,3.25,2.5
1213,24/09/12,La Coruna,Sevilla,0,2,A,0,0,D,14,13,4,7,9,10,8,9,0,2,0,0,2.6,3.3,2.63
1213,24/09/12,Vallecano,Real Madrid,0,2,A,0,1,A,13,16,3,6,5,6,14,14,2,3,1,0,9.0,5.5,1.3
1213,26/09/12,Betis,Ath Madrid,2,4,A,2,1,H,6,21,3,10,3,11,12,19,2,3,2,0,3.1,3.3,2.3
1213,29/09/12,Malaga,Betis,4,0,H,2,0,H,21,4,11,2,6,6,13,8,2,0,0,1,1.7,3.75,4.75
1213,29/09/12,Sevilla,Barcelona,2,3,A,1,0,H,8,15,3,7,2,7,15,3,2,2,1,0,6.0,4.33,1.5
1213,29/09/12,Sociedad,Ath Bilbao,2,0,H,0,0,D,19,7,10,1,12,5,13,15,1,3,0,1,2.3,3.4,3.0
1213,29/09/12,Valencia,Zaragoza,2,0,H,1,0,H,13,17,4,7,3,8,20,11,2,2,1,0,1.36,4.75,8.5
1213,30/09/12,Espanol,Ath Madrid,0,1,A,0,1,A,9,15,3,5,1,3,20,16,3,3,0,0,3.6,3.5,2.0
1213,30/09/12,Granada,Celta,2,1,H,2,1,H,7,19,4,9,3,8,12,14,3,3,0,0,2.3,3.25,3.1
1213,30/09/12,Osasuna,Levante,4,0,H,0,0,D,16,8,8,1,5,4,13,24,2,3,0,0,1.95,3.3,4.0
1213,30/09/12,Real Madrid,La Coruna,5,1,H,3,1,H,23,5,13,2,12,2,15,11,2,2,0,0,1.13,8.0,21.0
1213,30/09/12,Valladolid,Vallecano,6,1,H,4,1,H,14,14,10,4,5,9,14,17,1,3,0,0,1.83,3.5,4.33
1213,01/10/12,Getafe,Mallorca,1,0,H,0,0,D,26,12,6,4,12,2,18,12,2,3,0,1,2.1,3.25,3.6
1213,05/10/12,Celta,Sevilla,2,0,H,0,0,D,11,11,5,2,3,6,14,12,2,2,0,0,2.63,3.3,2.63
1213,06/10/12,Betis,Sociedad,2,0,H,1,0,H,12,17,4,5,6,10,19,13,4,2,1,0,1.95,3.3,4.0
1213,06/10/12,Valladolid,Espanol,1,1,D,0,0,D,12,14,6,6,8,3,19,13,2,5,0,1,1.91,3.5,4.0
1213,06/10/12,Vallecano,La Coruna,2,1,H,2,1,H,14,10,5,2,5,2,20,12,8,2,0,0,2.3,3.3,3.1
1213,06/10/12,Zaragoza,Getafe,0,1,A,0,0,D,12,17,6,9,8,5,19,27,5,2,2,1,2.3,3.3,3.1
1213,07/10/12,Ath Bilbao,Osasuna,1,0,H,1,0,H,18,16,8,5,11,1,12,9,4,4,0,0,1.83,3.5,4.33
1213,07/10/12,Ath Madrid,Malaga,2,1,H,1,1,D,9,8,3,2,11,1,25,18,4,3,0,0,1.73,3.75,4.5
1213,07/10/12,Barcelona,Real Madrid,2,2,D,1,1,D,10,10,2,3,7,2,17,16,2,4,0,0,1.83,4.0,3.75
1213,07/10/12,Levante,Valencia,1,0,H,1,0,H,15,12,4,4,6,9,15,12,5,5,0,0,3.5,3.3,2.1
1213,07/10/12,Mallorca,Granada,1,2,A,0,0,D,15,10,5,5,6,4,15,11,2,1,1,1,1.83,3.5,4.33
1213,20/10/12,La Coruna,Barcelona,4,5,A,2,4,A,13,10,8,6,5,1,13,15,4,3,0,1,10.0,5.0,1.3
1213,20/10/12,Malaga,Valladolid,2,1,H,1,1,D,15,11,6,6,8,1,9,24,1,4,0,1,1.53,3.8,6.5
1213,20/10/12,Real Madrid,Celta,2,0,H,1,0,H,24,7,3,3,11,5,11,15,3,2,0,0,1.1,9.0,23.0
1213,20/10/12,Valencia,Ath Bilbao,3,2,H,1,2,A,27,7,12,3,11,5,12,10,3,2,0,1,1.62,3.8,5.5
1213,21/10/12,Espanol,Vallecano,3,2,H,1,1,D,13,14,7,6,6,2,15,18,3,3,1,1,1.91,3.4,4.0
1213,21/10/12,Getafe,Levante,0,1,A,0,0,D,18,7,6,4,13,2,8,15,2,3,0,0,1.83,3.5,4.2
1213,21/10/12,Granada,Zaragoza,1,2,A,0,2,A,6,14,3,5,7,4,18,17,5,4,1,0,1.91,3.4,4.0
1213,21/10/12,Osasuna,Betis,0,0,D,0,0,D,11,7,2,2,4,3,17,11,3,1,0,0,2.0,3.4,3.75
1213,21/10/12,Sociedad,Ath Madrid,0,1,A,0,0,D,15,12,3,4,10,6,11,14,5,2,0,0,3.4,3.4,2.1
1213,22/10/12,Sevilla,Mallorca,3,2,H,1,2,A,22,3,9,2,15,1,7,11,0,2,0,0,1.62,3.8,5.5
1213,27/10/12,Betis,Valencia,1,0,H,1,0,H,10,10,3,3,8,7,8,16,0,6,0,0,2.9,3.3,2.4
1213,27/10/12,Celta,La Coruna,1,1,D,1,1,D,12,12,2,4,4,10,15,16,2,4,1,0,1.91,3.5,4.0
1213,27/10/12,Espanol,Malaga,0,0,D,0,0,D,12,13,3,4,6,8,19,21,4,5,0,0,2.8,3.3,2.5
1213,27/10/12,Vallecano,Barcelona,0,5,A,0,1,A,18,15,3,10,7,4,18,14,5,1,0,0,11.0,6.0,1.25
1213,28/10/12,Ath Bilbao,Getafe,1,2,A,0,1,A,21,15,10,8,8,3,18,15,5,2,0,0,1.85,3.5,4.2
1213,28/10/12,Ath Madrid,Osasuna,3,1,H,2,1,H,19,8,9,4,6,4,11,11,3,3,0,0,1.3,5.0,11.0
1213,28/10/12,Levante,Granada,3,1,H,1,0,H,11,10,6,2,3,6,9,13,1,2,0,0,2.0,3.4,3.75
1213,28/10/12,Mallorca,Real Madrid,0,5,A,0,2,A,5,16,0,8,8,6,11,9,2,2,0,0,8.0,4.5,1.4
1213,28/10/12,Zaragoza,Sevilla,2,1,H,2,0,H,11,9,6,6,5,5,18,12,3,6,0,0,3.0,3.25,2.38
1213,29/10/12,Valladolid,Sociedad,2,2,D,1,1,D,12,14,6,4,5,3,18,14,3,1,0,0,2.1,3.3,3.5
1213,03/11/12,Barcelona,Celta,3,1,H,2,1,H,13,11,6,4,4,5,9,11,1,2,0,0,1.08,10.0,26.0
1213,03/11/12,Malaga,Vallecano,1,2,A,0,1,A,11,10,4,5,6,5,14,13,3,5,0,0,1.4,4.5,8.0
1213,03/11/12,Real Madrid,Zaragoza,4,0,H,2,0,H,20,13,11,3,5,4,10,16,2,2,0,0,1.08,10.0,26.0
1213,03/11/12,Valencia,Ath Madrid,2,0,H,1,0,H,6,13,2,2,1,10,18,13,3,4,1,0,2.4,3.4,2.8
1213,04/11/12,Granada,Ath Bilbao,1,2,A,0,2,A,24,15,9,8,6,6,17,17,5,4,0,0,2.38,3.4,2.88
1213,04/11/12,La Coruna,Mallorca,1,0,H,1,0,H,13,19,3,5,4,4,7,15,1,2,0,0,1.95,3.3,4.0
1213,04/11/12,Osasuna,Valladolid,0,1,A,0,0,D,17,5,4,3,11,2,19,14,1,3,1,0,2.05,3.2,3.8
1213,04/11/12,Sevilla,Levante,0,0,D,0,0,D,20,3,5,1,10,2,9,8,1,1,0,0,1.5,4.0,7.0
1213,04/11/12,Sociedad,Espanol,0,1,A,0,0,D,16,8,8,2,11,7,16,23,1,6,0,0,1.83,3.5,4.33
1213,05/11/12,Getafe,Betis,2,4,A,0,0,D,18,7,3,5,11,3,9,9,2,4,0,0,1.91,3.4,4.0
1213,09/11/12,Betis,Granada,1,2,A,0,1,A,14,12,3,3,6,3,12,16,1,7,0,0,1.7,3.8,4.75
1213,10/11/12,Espanol,Osasuna,0,3,A,0,1,A,18,12,5,6,10,8,13,16,2,4,0,0,1.8,3.5,4.5
1213,10/11/12,Malaga,Sociedad,1,2,A,1,1,D,12,8,4,4,8,4,19,13,4,2,0,0,1.53,4.0,6.0
1213,10/11/12,Vallecano,Celta,3,2,H,0,2,A,29,7,8,2,9,2,9,17,4,4,0,1,2.38,3.4,2.9
1213,10/11/12,Zaragoza,La Coruna,5,3,H,1,2,A,23,12,9,5,7,6,19,12,4,3,0,1,2.05,3.25,3.75
1213,11/11/12,Ath Bilbao,Sevilla,2,1,H,2,0,H,9,16,2,7,2,7,12,20,6,5,1,0,2.38,3.5,2.8
1213,11/11/12,Ath Madrid,Getafe,2,0,H,2,0,H,14,9,4,3,7,6,20,13,2,5,0,0,1.36,4.75,8.5
1213,11/11/12,Levante,Real Madrid,1,2,A,0,1,A,11,19,4,6,2,8,27,13,6,1,0,0,9.0,5.5,1.3
1213,11/11/12,Mallorca,Barcelona,2,4,A,0,3,A,5,12,3,5,6,6,18,6,1,1,0,0,13.0,6.0,1.22
1213,11/11/12,Valladolid,Valencia,1,1,D,0,1,A,9,15,2,3,2,10,8,10,0,0,0,1,2.8,3.4,2.4
1213,17/11/12,Barcelona,Zaragoza,3,1,H,2,1,H,8,13,3,2,5,7,6,15,0,1,0,0,1.08,10.0,26.0
1213,17/11/12,Osasuna,Malaga,0,0,D,0,0,D,19,14,8,3,12,4,17,13,4,1,0,0,3.0,3.2,2.4
1213,17/11/12,Real Madrid,Ath Bilbao,5,1,H,3,1,H,29,11,18,1,11,4,15,19,1,4,0,0,1.17,8.0,12.0
1213,17/11/12,Valencia,Espanol,2,1,H,1,1,D,10,11,6,5,5,3,30,18,7,7,0,2,1.5,4.0,7.0
1213,18/11/12,Celta,Mallorca,1,1,D,0,1,A,15,15,2,7,4,12,8,18,1,3,0,0,1.91,3.4,4.0
1213,18/11/12,Getafe,Valladolid,2,1,H,0,1,A,19,13,8,3,5,3,12,16,2,0,0,0,2.0,3.3,3.8
1213,18/11/12,Granada,Ath Madrid,0,1,A,0,0,D,13,12,2,6,4,9,14,11,3,3,0,1,4.5,3.75,1.73
1213,18/11/12,La Coruna,Levante,0,2,A,0,1,A,24,12,4,3,10,5,12,12,6,3,1,1,2.05,3.4,3.5
1213,18/11/12,Sevilla,Betis,5,1,H,4,0,H,22,5,13,3,3,2,22,18,3,2,0,1,1.67,3.5,5.5
1213,19/11/12,Sociedad,Vallecano,4,0,H,2,0,H,26,9,10,2,12,5,8,16,1,3,0,0,1.75,3.5,4.75
1213,23/11/12,Sociedad,Osasuna,0,0,D,0,0,D,13,19,3,5,9,4,10,16,3,4,0,0,1.85,3.5,4.2
1213,24/11/12,Betis,Real Madrid,1,0,H,1,0,H,9,18,3,8,1,10,22,9,4,2,0,0,10.0,5.5,1.29
1213,24/11/12,Malaga,Valencia,4,0,H,1,0,H,22,5,6,1,8,4,16,19,2,5,0,1,2.1,3.4,3.4
1213,24/11/12,Valladolid,Granada,1,0,H,0,0,D,10,14,5,1,4,3,7,16,1,4,0,0,1.85,3.4,4.33
1213,24/11/12,Vallecano,Mallorca,2,0,H,0,0,D,19,9,4,5,10,1,13,18,2,3,0,0,2.1,3.4,3.4
1213,25/11/12,Ath Bilbao,La Coruna,1,1,D,1,0,H,26,9,6,5,13,4,16,8,4,3,0,0,1.67,3.8,5.0
1213,25/11/12,Ath Madrid,Sevilla,4,0,H,3,0,H,18,2,7,2,7,0,13,12,2,2,0,3,1.62,3.8,5.5
1213,25/11/12,Espanol,Getafe,0,2,A,0,1,A,11,10,4,7,6,4,13,17,2,2,0,0,2.1,3.4,3.4
1213,25/11/12,Levante,Barcelona,0,4,A,0,0,D,11,13,3,7,4,8,7,6,0,1,0,0,13.0,6.5,1.2
1213,26/11/12,Zaragoza,Celta,0,1,A,0,0,D,14,8,3,4,8,3,13,17,3,1,0,0,2.1,3.3,3.5
1213,30/11/12,Osasuna,Vallecano,1,0,H,1,0,H,12,9,3,1,3,8,14,13,3,2,0,0,1.91,3.5,4.0
1213,01/12/12,Barcelona,Ath Bilbao,5,1,H,3,0,H,19,6,10,2,3,1,7,10,1,3,0,0,1.09,10.0,21.0
1213,01/12/12,Getafe,Malaga,1,0,H,0,0,D,13,8,3,5,5,5,15,11,1,4,1,0,2.6,3.25,2.7
1213,01/12/12,Real Madrid,Ath Madrid,2,0,H,1,0,H,13,4,6,2,3,4,19,23,1,5,0,0,1.44,4.5,6.5
1213,01/12/12,Valencia,Sociedad,2,5,A,1,1,D,10,17,5,11,5,8,17,11,2,2,1,0,1.6,3.8,5.75
1213,02/12/12,Celta,Levante,1,1,D,1,0,H,18,8,8,2,7,1,11,11,3,3,0,0,2.0,3.5,3.6
1213,02/12/12,Granada,Espanol,0,0,D,0,0,D,24,12,7,2,11,2,14,22,0,4,0,0,2.05,3.4,3.5
1213,02/12/12,La Coruna,Betis,2,3,A,0,1,A,17,12,7,7,12,5,9,16,3,5,0,0,2.1,3.4,3.4
1213,02/12/12,Mallorca,Zaragoza,1,1,D,0,1,A,19,2,7,2,9,0,19,8,3,3,0,1,2.0,3.5,3.6
1213,03/12/12,Sevilla,Valladolid,1,2,A,0,2,A,21,17,4,7,9,1,20,18,2,6,1,0,1.7,3.75,4.75
1213,07/12/12,Espanol,Sevilla,2,2,D,1,1,D,11,6,3,4,4,3,24,23,5,3,0,1,2.8,3.3,2.5
1213,08/12/12,Malaga,Granada,4,0,H,2,0,H,20,22,9,8,3,7,17,8,3,0,0,0,1.44,4.33,7.0
1213,08/12/12,Osasuna,Valencia,0,1,A,0,0,D,11,10,4,3,6,5,18,12,2,2,0,0,2.63,3.3,2.63
1213,08/12/12,Sociedad,Getafe,1,1,D,0,0,D,10,15,3,2,6,6,16,19,2,6,0,0,1.91,3.3,4.2
1213,08/12/12,Valladolid,Real Madrid,2,3,A,2,2,D,10,20,4,13,6,11,17,14,3,3,0,0,10.0,6.0,1.25
1213,09/12/12,Ath Bilbao,Celta,1,0,H,1,0,H,10,11,2,1,7,6,16,20,3,3,0,0,1.83,3.75,4.0
1213,09/12/12,Ath Madrid,La Coruna,6,0,H,3,0,H,14,9,9,1,5,7,8,11,0,2,0,0,1.29,5.5,10.0
1213,09/12/12,Betis,Barcelona,1,2,A,1,2,A,9,13,3,8,4,5,17,11,3,2,0,0,9.0,5.5,1.3
1213,09/12/12,Levante,Mallorca,4,0,H,1,0,H,14,15,9,2,8,5,10,13,0,1,0,0,2.0,3.2,4.0
1213,10/12/12,Vallecano,Zaragoza,0,2,A,0,1,A,14,13,1,7,7,1,16,21,2,3,0,0,2.25,3.3,3.2
1213,15/12/12,Getafe,Osasuna,1,1,D,0,0,D,8,7,2,3,5,3,12,17,4,4,0,1,1.95,3.3,4.0
1213,15/12/12,Granada,Sociedad,0,0,D,0,0,D,10,15,4,3,9,4,27,5,3,3,0,0,2.4,3.3,2.88
1213,15/12/12,Mallorca,Ath Bilbao,0,1,A,0,1,A,18,12,4,2,15,3,22,16,3,3,0,0,2.4,3.4,2.8
1213,15/12/12,Sevilla,Malaga,0,2,A,0,0,D,15,9,2,2,10,7,14,14,1,4,1,0,2.1,3.3,3.5
1213,16/12/12,Barcelona,Ath Madrid,4,1,H,2,1,H,11,8,6,1,9,5,15,16,1,1,0,0,1.25,6.0,10.0
1213,16/12/12,Real Madrid,Espanol,2,2,D,1,1,D,29,12,10,3,11,7,10,14,2,4,0,0,1.1,10.0,17.0
1213,16/12/12,Valencia,Vallecano,0,1,A,0,0,D,8,8,2,2,4,4,17,18,2,5,0,0,1.44,4.33,7.0
1213,16/12/12,Zaragoza,Levante,0,1,A,0,1,A,12,10,2,3,2,3,15,22,4,4,0,1,2.0,3.4,3.75
1213,17/12/12,Celta,Betis,0,1,A,0,0,D,12,11,2,5,4,3,8,7,2,2,0,0,2.05,3.4,3.5
1213,17/12/12,La Coruna,Valladolid,0,0,D,0,0,D,18,9,3,4,10,0,9,6,2,0,0,0,2.2,3.3,3.25
1213,20/12/12,Espanol,La Coruna,2,0,H,1,0,H,9,16,5,4,3,11,11,12,2,2,0,0,1.8,3.6,4.33
1213,20/12/12,Sociedad,Sevilla,2,1,H,1,0,H,12,14,4,4,3,6,10,20,2,3,0,1,2.38,3.4,2.88
1213,20/12/12,Vallecano,Levante,3,0,H,0,0,D,18,9,7,3,3,5,20,17,3,4,0,0,2.25,3.25,3.25
1213,21/12/12,Ath Madrid,Celta,1,0,H,0,0,D,12,5,3,0,6,4,13,12,2,4,1,0,1.29,5.5,10.0
1213,21/12/12,Valencia,Getafe,4,2,H,3,1,H,20,16,8,6,8,7,12,17,3,4,0,0,1.67,3.75,5.0
1213,22/12/12,Ath Bilbao,Zaragoza,0,2,A,0,2,A,12,13,3,4,7,3,8,19,1,3,0,0,1.83,3.5,4.2
1213,22/12/12,Betis,Mallorca,1,2,A,1,1,D,17,3,7,2,9,1,17,17,3,4,0,0,1.7,3.6,5.0
1213,22/12/12,Malaga,Real Madrid,3,2,H,0,0,D,11,18,6,5,6,7,9,12,1,4,0,0,5.5,4.1,1.57
1213,22/12/12,Osasuna,Granada,1,2,A,1,1,D,11,12,4,4,9,7,11,7,2,3,0,0,1.95,3.3,4.0
1213,22/12/12,Valladolid,Barcelona,1,3,A,0,1,A,5,11,2,5,2,4,15,4,4,1,0,0,13.0,6.0,1.22
1213,04/01/13,Zaragoza,Betis,1,2,A,0,1,A,10,9,1,6,6,2,19,12,5,5,1,0,2.2,3.4,3.2
1213,05/01/13,Granada,Valencia,1,2,A,0,0,D,3,28,2,7,1,11,16,10,3,3,1,0,3.25,3.2,2.25
1213,05/01/13,La Coruna,Malaga,1,0,H,0,0,D,12,9,4,3,3,7,24,16,4,3,0,0,3.0,3.4,2.3
1213,05/01/13,Levante,Ath Bilbao,3,1,H,2,1,H,11,11,6,5,9,4,15,12,3,3,0,1,2.25,3.3,3.2
1213,05/01/13,Sevilla,Osasuna,1,0,H,0,0,D,17,9,6,3,11,13,9,13,2,1,0,0,1.53,4.1,6.0
1213,06/01/13,Barcelona,Espanol,4,0,H,4,0,H,19,5,8,1,7,1,3,17,0,4,0,0,1.1,10.0,21.0
1213,06/01/13,Celta,Valladolid,3,1,H,2,1,H,14,12,6,4,4,4,14,20,2,3,0,0,1.95,3.3,4.0
1213,06/01/13,Mallorca,Ath Madrid,1,1,D,0,0,D,6,15,2,6,2,11,15,14,1,3,0,0,3.4,3.4,2.1
1213,06/01/13,Real Madrid,Sociedad,4,3,H,2,2,D,25,16,9,5,4,9,12,12,2,5,1,1,1.18,7.0,13.0
1213,07/01/13,Vallecano,Getafe,3,1,H,2,0,H,24,11,12,4,7,2,17,15,1,2,0,1,2.2,3.3,3.3
1213,11/01/13,Ath Bilbao,Vallecano,1,2,A,0,0,D,18,12,7,6,8,4,15,23,4,4,0,1,1.91,3.5,4.0
1213,12/01/13,Espanol,Celta,1,0,H,1,0,H,14,12,4,1,7,8,19,19,6,1,0,0,2.25,3.2,3.3
1213,12/01/13,Osasuna,Real Madrid,0,0,D,0,0,D,13,9,2,1,7,6,15,13,4,2,0,1,7.0,4.33,1.44
1213,12/01/13,Valencia,Sevilla,2,0,H,0,0,D,17,6,4,1,6,1,21,14,3,2,0,0,2.1,3.4,3.4
1213,12/01/13,Valladolid,Mallorca,3,1,H,1,1,D,14,12,8,4,7,5,14,9,2,4,0,0,2.0,3.4,3.75
1213,13/01/13,Ath Madrid,Zaragoza,2,0,H,2,0,H,14,4,5,1,10,4,12,16,1,3,0,0,1.29,5.5,10.0
1213,13/01/13,Betis,Levante,2,0,H,1,0,H,13,9,4,3,6,4,16,17,2,4,0,0,1.91,3.5,4.0
1213,13/01/13,Malaga,Barcelona,1,3,A,0,1,A,7,12,2,4,2,5,17,14,1,2,0,0,7.0,4.75,1.4
1213,13/01/13,Sociedad,La Coruna,1,1,D,1,1,D,11,20,2,7,8,4,10,14,3,3,0,1,1.75,3.5,4.75
1213,14/01/13,Getafe,Granada,2,2,D,2,1,H,9,11,5,3,1,7,18,13,4,2,0,0,1.83,3.5,4.33
1213,18/01/13,Espanol,Mallorca,3,2,H,1,2,A,18,11,7,3,8,2,18,17,4,1,0,1,2.0,3.4,3.75
1213,19/01/13,Getafe,Sevilla,1,1,D,1,1,D,8,13,3,3,3,8,9,10,4,2,0,0,2.7,3.25,2.6
1213,19/01/13,Granada,Vallecano,2,0,H,1,0,H,12,15,5,4,5,10,15,12,2,4,0,0,2.15,3.3,3.4
1213,19/01/13,Malaga,Celta,1,1,D,1,0,H,11,11,7,5,5,4,11,8,2,5,0,0,1.62,3.75,5.5
1213,19/01/13,Sociedad,Barcelona,3,2,H,1,2,A,14,8,6,3,3,6,14,15,3,2,0,1,10.0,5.5,1.29
1213,20/01/13,Ath Madrid,Levante,2,0,H,1,0,H,13,10,4,2,9,6,17,14,1,4,0,0,1.3,5.5,9.0
1213,20/01/13,Osasuna,La Coruna,2,1,H,1,0,H,8,17,4,5,8,6,17,19,5,1,0,0,2.0,3.4,3.75
1213,20/01/13,Valencia,Real Madrid,0,5,A,0,5,A,20,13,4,7,9,5,22,13,3,4,0,0,4.5,3.75,1.75
1213,20/01/13,Valladolid,Zaragoza,2,0,H,1,0,H,13,12,6,2,5,6,13,15,1,3,0,0,2.0,3.4,3.75
1213,21/01/13,Betis,Ath Bilbao,1,1,D,1,1,D,10,16,2,5,5,8,14,12,4,3,0,0,1.91,3.5,4.0
1213,26/01/13,Celta,Sociedad,1,1,D,1,0,H,11,17,4,4,5,8,15,8,4,3,1,0,2.2,3.4,3.2
1213,26/01/13,La Coruna,Valencia,2,3,A,2,1,H,11,22,7,12,8,13,17,10,2,2,2,0,2.88,3.2,2.5
1213,26/01/13,Levante,Valladolid,2,1,H,1,1,D,16,11,7,5,3,5,12,10,3,1,0,0,2.0,3.4,3.75
1213,26/01/13,Zaragoza,Espanol,0,0,D,0,0,D,14,5,4,2,5,5,16,17,1,3,1,1,2.05,3.4,3.5
1213,27/01/13,Ath Bilbao,Ath Madrid,3,0,H,0,0,D,22,17,10,6,8,9,9,14,1,4,0,0,3.0,3.25,2.38
1213,27/01/13,Barcelona,Osasuna,5,1,H,3,1,H,19,3,9,1,8,2,11,9,1,1,0,1,1.07,11.0,29.0
1213,27/01/13,Mallorca,Malaga,2,3,A,1,2,A,23,5,3,3,13,3,13,16,3,3,0,1,3.0,3.2,2.4
1213,27/01/13,Real Madrid,Getafe,4,0,H,0,0,D,22,6,13,3,11,3,8,17,2,6,0,0,1.14,7.5,17.0
1213,27/01/13,Vallecano,Betis,3,0,H,1,0,H,10,13,6,5,8,5,20,17,5,4,0,0,2.25,3.3,3.2
1213,28/01/13,Sevilla,Granada,3,0,H,1,0,H,23,7,9,3,6,4,11,18,2,4,0,0,1.4,4.4,8.0
1213,01/02/13,Valladolid,Ath Bilbao,2,2,D,2,1,H,10,18,3,9,7,7,8,10,1,2,0,0,2.5,3.25,2.8
1213,02/02/13,Espanol,Levante,3,2,H,1,0,H,13,12,5,4,9,6,12,15,1,2,0,0,2.1,3.2,3.6
1213,02/02/13,Getafe,La Coruna,3,1,H,1,1,D,12,13,4,3,5,5,19,17,4,5,1,1,2.05,3.25,3.75
1213,02/02/13,Granada,Real Madrid,1,0,H,1,0,H,4,17,0,4,4,8,19,7,2,3,0,0,9.0,5.0,1.33
1213,02/02/13,Osasuna,Celta,1,0,H,0,0,D,17,12,4,2,12,9,9,16,2,3,0,0,2.0,3.3,3.75
1213,03/02/13,Ath Madrid,Betis,1,0,H,0,0,D,14,5,6,2,9,4,17,14,3,4,0,0,1.44,4.33,7.0
1213,03/02/13,Malaga,Zaragoza,1,1,D,1,1,D,7,15,3,4,4,6,15,13,4,3,0,1,1.53,4.0,6.0
1213,03/02/13,Sevilla,Vallecano,2,1,H,1,0,H,16,10,5,4,12,4,19,18,3,4,1,0,1.5,4.33,6.0
1213,03/02/13,Sociedad,Mallorca,3,0,H,0,0,D,27,6,11,3,9,4,12,14,2,2,0,1,1.7,3.75,4.75
1213,03/02/13,Valencia,Barcelona,1,1,D,1,1,D,17,10,5,2,6,5,20,13,3,1,0,0,7.0,4.33,1.44
1213,09/02/13,Celta,Valencia,0,1,A,0,0,D,6,15,2,4,10,5,11,14,2,4,0,0,2.63,3.3,2.63
1213,09/02/13,La Coruna,Granada,0,3,A,0,1,A,16,14,1,4,5,5,10,13,3,3,1,0,2.0,3.3,3.8
1213,09/02/13,Levante,Malaga,1,2,A,1,1,D,12,8,4,4,4,4,14,11,4,1,0,0,2.5,3.25,2.8
1213,09/02/13,Mallorca,Osasuna,1,1,D,0,0,D,12,10,2,3,12,2,10,12,3,3,0,0,2.1,3.3,3.5
1213,09/02/13,Real Madrid,Sevilla,4,1,H,2,0,H,18,12,10,6,5,9,19,19,4,1,1,1,1.36,5.0,7.5
1213,10/02/13,Ath Bilbao,Espanol,0,4,A,0,1,A,16,9,5,5,12,3,12,16,2,7,0,0,1.73,3.6,4.75
1213,10/02/13,Barcelona,Getafe,6,1,H,2,0,H,17,6,9,1,4,0,13,9,1,2,0,0,1.09,10.0,21.0
1213,10/02/13,Vallecano,Ath Madrid,2,1,H,2,0,H,10,20,3,7,2,8,17,16,2,2,0,0,3.5,3.3,2.1
1213,10/02/13,Zaragoza,Sociedad,1,2,A,0,2,A,10,14,3,7,5,6,11,6,3,0,1,0,2.4,3.3,2.88
1213,11/02/13,Betis,Valladolid,0,0,D,0,0,D,22,3,3,0,8,3,13,16,0,3,1,1,1.83,3.5,4.33
1213,15/02/13,Sevilla,La Coruna,3,1,H,3,1,H,20,13,9,6,6,7,21,4,6,2,0,0,1.36,4.75,8.0
1213,16/02/13,Getafe,Celta,3,1,H,3,1,H,15,5,10,2,7,4,16,9,1,1,0,0,2.1,3.3,3.5
1213,16/02/13,Granada,Barcelona,1,2,A,1,0,H,6,17,5,8,1,1,15,14,2,1,0,0,10.0,6.0,1.25
1213,16/02/13,Malaga,Ath Bilbao,1,0,H,1,0,H,12,8,7,6,5,8,16,17,2,2,0,0,1.8,3.75,4.2
1213,16/02/13,Osasuna,Zaragoza,1,0,H,1,0,H,8,10,3,3,7,4,25,13,7,7,0,0,1.91,3.3,4.2
1213,17/02/13,Espanol,Betis,1,0,H,1,0,H,6,5,2,2,8,5,24,21,4,3,0,0,2.0,3.3,3.8
1213,17/02/13,Real Madrid,Vallecano,2,0,H,2,0,H,10,10,6,1,2,8,15,18,3,4,1,0,1.18,7.5,12.0
1213,17/02/13,Sociedad,Levante,1,1,D,1,1,D,12,7,5,7,12,4,13,16,2,5,0,1,1.67,3.8,5.0
1213,17/02/13,Valencia,Mallorca,2,0,H,0,0,D,4,16,2,8,2,6,13,16,5,3,1,0,1.4,4.75,7.5
1213,17/02/13,Valladolid,Ath Madrid,0,3,A,0,1,A,3,13,0,8,3,4,10,13,4,0,0,0,3.75,3.4,2.0
1213,22/02/13,Ath Bilbao,Sociedad,1,3,A,1,1,D,18,13,5,5,7,4,17,22,3,1,0,0,2.25,3.4,3.1
1213,23/02/13,Barcelona,Sevilla,2,1,H,0,1,A,17,7,3,4,10,1,10,12,0,2,0,0,1.18,7.0,13.0
1213,23/02/13,La Coruna,Real Madrid,1,2,A,1,0,H,15,17,5,8,3,5,11,13,3,3,0,1,8.5,5.0,1.33
1213,23/02/13,Mallorca,Getafe,1,3,A,1,0,H,15,15,4,4,13,5,14,10,3,4,0,0,2.2,3.2,3.4
1213,23/02/13,Zaragoza,Valencia,2,2,D,2,1,H,14,11,6,8,5,5,18,19,5,4,1,0,3.2,3.2,2.3
1213,24/02/13,Ath Madrid,Espanol,1,0,H,1,0,H,10,12,3,1,5,4,16,23,3,7,1,0,1.36,4.75,8.0
1213,24/02/13,Betis,Malaga,3,0,H,3,0,H,21,3,8,1,6,2,18,12,2,1,0,1,2.5,3.25,2.8
1213,24/02/13,Celta,Granada,2,1,H,1,1,D,13,9,4,2,4,4,14,12,3,3,0,0,1.83,3.4,4.5
1213,24/02/13,Vallecano,Valladolid,1,2,A,0,0,D,18,17,8,3,10,5,14,14,2,2,0,0,1.75,3.5,4.75
1213,25/02/13,Levante,Osasuna,0,2,A,0,0,D,8,17,3,6,7,2,10,22,0,2,0,0,1.91,3.4,4.0
1213,01/03/13,Getafe,Zaragoza,2,0,H,1,0,H,8,12,4,3,5,7,20,20,3,2,1,1,1.91,3.4,4.0
1213,02/03/13,La Coruna,Vallecano,0,0,D,0,0,D,13,18,4,3,3,7,13,18,1,5,1,0,2.3,3.3,3.1
1213,02/03/13,Osasuna,Ath Bilbao,0,1,A,0,0,D,18,7,6,2,9,4,13,17,1,4,0,0,2.3,3.25,3.1
1213,02/03/13,Real Madrid,Barcelona,2,1,H,1,1,D,14,5,6,2,4,1,21,19,4,6,0,1,2.88,3.6,2.3
1213,02/03/13,Valencia,Levante,2,2,D,2,1,H,19,8,6,4,6,4,13,17,2,5,0,0,1.5,4.2,6.5
1213,03/03/13,Espanol,Valladolid,0,0,D,0,0,D,11,7,0,1,8,4,7,16,0,1,0,0,1.83,3.4,4.5
1213,03/03/13,Granada,Mallorca,1,2,A,1,1,D,10,8,5,5,7,1,20,18,1,3,0,0,2.05,3.25,3.75
1213,03/03/13,Malaga,Ath Madrid,0,0,D,0,0,D,6,15,2,2,3,4,16,21,2,4,0,0,2.8,3.3,2.5
1213,03/03/13,Sociedad,Betis,3,3,D,0,1,A,14,17,7,4,12,4,6,16,1,5,0,0,1.75,3.6,4.75
1213,04/03/13,Sevilla,Celta,4,1,H,2,1,H,12,14,7,4,1,3,11,9,1,1,0,0,1.44,4.2,7.5
1213,08/03/13,Betis,Osasuna,2,1,H,1,0,H,9,18,5,3,0,5,18,18,5,4,0,1,1.91,3.4,4.0
1213,09/03/13,Barcelona,La Coruna,2,0,H,1,0,H,12,4,7,0,2,0,14,10,2,1,0,0,1.11,9.0,19.0
1213,09/03/13,Mallorca,Sevilla,2,1,H,1,0,H,10,17,5,5,6,9,23,9,3,2,1,0,3.1,3.3,2.3
1213,09/03/13,Valladolid,Malaga,1,1,D,1,1,D,9,6,4,1,8,1,14,12,1,1,0,0,2.38,3.25,3.0
1213,09/03/13,Vallecano,Espanol,2,0,H,1,0,H,16,15,9,3,7,7,13,17,4,5,0,0,1.91,3.4,4.0
1213,10/03/13,Ath Bilbao,Valencia,1,0,H,0,0,D,9,16,3,5,7,6,17,19,1,6,0,0,2.5,3.4,2.7
1213,10/03/13,Ath Madrid,Sociedad,0,1,A,0,0,D,21,10,3,3,7,5,20,14,5,2,0,0,1.5,4.33,6.0
1213,10/03/13,Celta,Real Madrid,1,2,A,0,0,D,19,23,10,11,9,6,11,6,2,1,0,0,6.5,4.5,1.45
1213,10/03/13,Levante,Getafe,0,0,D,0,0,D,16,13,5,3,6,3,19,13,2,3,0,0,2.1,3.4,3.5
1213,11/03/13,Zaragoza,Granada,0,0,D,0,0,D,8,12,3,1,3,7,15,18,3,2,0,0,2.1,3.25,3.6
1213,15/03/13,La Coruna,Celta,3,1,H,1,0,H,17,10,8,1,8,3,12,19,2,3,0,1,2.25,3.4,3.1
1213,16/03/13,Getafe,Ath Bilbao,1,0,H,1,0,H,19,10,8,1,8,6,14,12,2,4,0,0,2.3,3.4,3.0
1213,16/03/13,Real Madrid,Mallorca,5,2,H,1,2,A,24,15,13,6,11,4,9,11,0,1,0,0,1.13,9.0,17.0
1213,16/03/13,Sociedad,Valladolid,4,1,H,3,0,H,20,13,10,5,4,7,3,12,0,1,0,0,1.62,3.8,5.5
1213,16/03/13,Valencia,Betis,3,0,H,1,0,H,15,9,4,4,9,4,17,12,3,3,0,1,1.62,3.8,5.5
1213,17/03/13,Barcelona,Vallecano,3,1,H,2,0,H,19,17,7,8,6,10,9,18,1,4,0,0,1.11,9.0,21.0
1213,17/03/13,Granada,Levante,1,1,D,1,0,H,14,7,5,1,4,1,19,16,8,6,0,0,1.91,3.3,4.2
1213,17/03/13,Malaga,Espanol,0,2,A,0,0,D,15,9,2,5,4,5,9,18,2,3,0,0,1.91,3.3,4.2
1213,17/03/13,Osasuna,Ath Madrid,0,2,A,0,1,A,19,12,5,7,8,7,7,22,1,4,0,0,3.4,3.3,2.15
1213,17/03/13,Sevilla,Zaragoza,4,0,H,1,0,H,17,9,6,2,7,2,15,16,2,2,0,1,1.4,4.5,8.0
1213,30/03/13,Celta,Barcelona,2,2,D,1,1,D,8,8,3,3,5,9,15,12,4,3,0,0,8.0,5.0,1.36
1213,30/03/13,Levante,Sevilla,1,0,H,1,0,H,17,25,4,6,6,5,17,16,4,3,0,0,3.4,3.2,2.2
1213,30/03/13,Vallecano,Malaga,1,3,A,1,1,D,15,12,6,4,4,4,14,6,2,1,0,0,1.85,3.4,4.33
1213,30/03/13,Zaragoza,Real Madrid,1,1,D,1,1,D,12,16,5,6,3,3,17,13,3,3,0,0,7.5,4.75,1.4
1213,31/03/13,Ath Madrid,Valencia,1,1,D,1,1,D,9,15,4,3,6,7,21,8,3,3,0,0,1.73,3.6,4.75
1213,31/03/13,Espanol,Sociedad,2,2,D,2,1,H,7,15,4,4,4,5,18,19,2,4,0,0,2.7,3.3,2.6
1213,31/03/13,Mallorca,La Coruna,2,3,A,1,1,D,20,14,5,9,10,4,12,6,3,2,0,0,1.91,3.5,4.0
1213,31/03/13,Valladolid,Osasuna,1,3,A,1,0,H,9,12,2,7,11,7,13,13,1,1,0,0,2.1,3.2,3.6
1213,01/04/13,Ath Bilbao,Granada,1,0,H,0,0,D,14,7,4,3,3,8,14,19,1,1,1,0,1.73,3.6,4.75
1213,01/04/13,Betis,Getafe,0,0,D,0,0,D,8,16,4,7,6,5,13,10,4,2,0,0,1.83,3.6,4.2
1213,05/04/13,Granada,Betis,1,5,A,0,3,A,23,13,5,6,17,2,14,8,2,2,1,0,2.3,3.3,3.1
1213,06/04/13,Barcelona,Mallorca,5,0,H,4,0,H,22,13,9,3,5,5,12,14,1,1,0,0,1.17,7.0,15.0
1213,06/04/13,La Coruna,Zaragoza,3,2,H,2,2,D,12,7,6,3,6,4,14,18,5,3,0,1,1.95,3.5,3.75
1213,06/04/13,Real Madrid,Levante,5,1,H,2,1,H,36,11,12,3,6,5,10,9,1,0,0,0,1.14,8.0,15.0
1213,06/04/13,Sociedad,Malaga,4,2,H,3,1,H,7,9,5,3,5,2,13,16,2,2,0,0,1.67,3.75,5.0
1213,07/04/13,Celta,Vallecano,0,2,A,0,1,A,14,11,2,6,9,4,12,15,5,5,0,0,2.0,3.5,3.6
1213,07/04/13,Getafe,Ath Madrid,0,0,D,0,0,D,17,11,4,5,1,7,10,20,2,1,0,2,3.6,3.5,2.0
1213,07/04/13,Osasuna,Espanol,0,2,A,0,0,D,13,10,3,4,5,6,13,21,4,4,0,0,2.0,3.3,3.8
1213,07/04/13,Valencia,Valladolid,2,1,H,1,0,H,27,9,11,4,5,5,3,13,1,0,0,1,1.4,4.33,8.5
1213,08/04/13,Sevilla,Ath Bilbao,2,1,H,1,0,H,15,12,4,2,3,2,13,13,3,5,1,1,1.57,3.8,6.0
1213,12/04/13,Betis,Sevilla,3,3,D,1,3,A,26,12,4,5,5,1,14,15,5,2,0,1,2.5,3.4,2.7
1213,13/04/13,Espanol,Valencia,3,3,D,1,0,H,17,17,7,5,6,6,13,11,2,2,1,0,3.1,3.3,2.3
1213,13/04/13,Levante,La Coruna,0,4,A,0,3,A,23,18,5,9,7,5,11,4,2,1,0,0,2.2,3.3,3.3
1213,13/04/13,Malaga,Osasuna,1,0,H,0,0,D,16,10,8,1,10,2,15,19,2,4,0,0,2.0,3.4,3.75
1213,13/04/13,Valladolid,Getafe,2,1,H,0,1,A,22,10,10,2,6,5,11,14,2,2,0,1,2.3,3.2,3.2
1213,14/04/13,Ath Bilbao,Real Madrid,0,3,A,0,1,A,11,14,2,6,7,5,16,11,3,2,0,0,7.0,4.5,1.44
1213,14/04/13,Ath Madrid,Granada,5,0,H,2,0,H,16,13,8,5,5,1,12,17,1,3,0,0,1.36,4.75,8.5
1213,14/04/13,Vallecano,Sociedad,0,2,A,0,2,A,11,11,5,5,9,6,13,10,5,3,0,0,2.5,3.4,2.7
1213,14/04/13,Zaragoza,Barcelona,0,3,A,0,2,A,12,11,2,6,2,7,16,15,3,2,0,0,7.5,4.75,1.4
1213,15/04/13,Mallorca,Celta,1,0,H,0,0,D,14,8,6,2,9,1,17,19,3,1,0,0,2.05,3.4,3.5
1213,19/04/13,Mallorca,Vallecano,1,1,D,1,1,D,11,19,5,3,5,3,30,12,4,5,0,0,2.2,3.5,3.1
1213,20/04/13,Barcelona,Levante,1,0,H,0,0,D,18,4,9,0,11,1,13,6,1,2,0,0,1.2,6.5,13.0
1213,20/04/13,Granada,Valladolid,1,1,D,0,0,D,28,2,10,2,9,0,12,13,3,1,0,0,2.1,3.25,3.6
1213,20/04/13,Real Madrid,Betis,3,1,H,1,0,H,20,20,8,7,7,5,9,14,3,1,0,0,1.25,6.0,10.0
1213,20/04/13,Valencia,Malaga,5,1,H,4,1,H,14,11,10,3,5,8,23,17,3,6,0,0,1.57,3.8,6.0
1213,21/04/13,Getafe,Espanol,0,2,A,0,1,A,7,9,3,7,1,7,21,18,3,7,2,0,2.2,3.2,3.4
1213,21/04/13,La Coruna,Ath Bilbao,1,1,D,1,1,D,10,17,4,3,3,5,11,19,1,3,0,1,2.1,3.4,3.4
1213,21/04/13,Osasuna,Sociedad,0,0,D,0,0,D,14,12,4,4,6,8,14,10,3,4,0,0,2.88,3.3,2.4
1213,21/04/13,Sevilla,Ath Madrid,0,1,A,0,0,D,13,8,3,1,4,1,12,18,1,5,0,0,2.4,3.3,2.88
1213,22/04/13,Celta,Zaragoza,2,1,H,1,1,D,16,10,3,3,4,5,19,13,6,4,0,0,2.0,3.3,3.8
1213,26/04/13,Vallecano,Osasuna,2,2,D,1,2,A,11,6,5,5,9,4,9,19,1,3,0,0,1.75,3.5,4.75
1213,27/04/13,Ath Bilbao,Barcelona,2,2,D,1,0,H,7,15,3,6,2,1,17,11,3,2,0,0,4.75,4.0,1.67
1213,27/04/13,Ath Madrid,Real Madrid,1,2,A,1,1,D,11,6,4,4,2,2,17,15,4,4,0,0,2.63,3.5,2.5
1213,27/04/13,Levante,Celta,0,1,A,0,1,A,11,9,2,4,10,3,16,13,2,5,0,0,2.05,3.3,3.6
1213,27/04/13,Zaragoza,Mallorca,3,2,H,1,1,D,13,11,6,4,7,4,16,27,4,2,0,0,2.1,3.3,3.5
1213,28/04/13,Espanol,Granada,0,1,A,0,1,A,9,11,2,4,5,2,18,17,1,1,0,0,1.95,3.5,3.8
1213,28/04/13,Malaga,Getafe,2,1,H,1,0,H,12,14,7,4,3,8,15,10,3,3,0,0,1.67,3.75,5.0
1213,28/04/13,Sociedad,Valencia,4,2,H,1,1,D,19,15,6,7,8,7,16,19,3,4,0,0,2.25,3.4,3.1
1213,28/04/13,Valladolid,Sevilla,1,1,D,1,0,H,12,15,4,7,2,8,14,9,2,2,0,0,3.0,3.4,2.3
1213,29/04/13,Betis,La Coruna,1,1,D,0,1,A,20,12,4,6,8,3,17,19,5,4,0,0,1.91,3.6,3.8
1213,03/05/13,Celta,Ath Bilbao,1,1,D,0,1,A,21,8,6,2,9,4,10,13,1,4,0,0,2.4,3.4,2.8
1213,04/05/13,Granada,Malaga,1,0,H,1,0,H,14,10,4,4,6,2,22,13,4,2,0,0,2.5,3.3,2.8
1213,04/05/13,La Coruna,Ath Madrid,0,0,D,0,0,D,10,9,3,0,5,10,12,12,1,1,0,0,3.4,3.4,2.1
1213,04/05/13,Real Madrid,Valladolid,4,3,H,2,2,D,27,14,11,6,7,10,7,10,1,3,0,0,1.18,7.0,13.0
1213,04/05/13,Valencia,Osasuna,4,0,H,2,0,H,18,8,7,3,7,7,17,17,2,3,0,2,1.4,4.5,7.5
1213,05/05/13,Barcelona,Betis,4,2,H,1,2,A,19,5,10,3,7,0,12,10,1,1,0,0,1.2,7.0,12.0
1213,05/05/13,Mallorca,Levante,1,1,D,1,1,D,21,3,8,1,10,1,16,14,0,3,0,0,1.75,3.5,4.75
1213,05/05/13,Sevilla,Espanol,3,0,H,3,0,H,16,11,5,4,7,1,11,13,1,2,0,0,1.57,3.8,6.0
1213,05/05/13,Zaragoza,Vallecano,3,0,H,1,0,H,16,7,6,3,5,7,14,12,4,2,0,0,2.0,3.5,3.6
1213,06/05/13,Getafe,Sociedad,2,1,H,2,1,H,15,10,6,4,5,8,15,11,3,3,0,0,3.4,3.5,2.05
1213,08/05/13,Celta,Ath Madrid,1,3,A,0,0,D,13,10,4,5,4,4,14,18,3,4,0,0,3.4,3.2,2.2
1213,08/05/13,Real Madrid,Malaga,6,2,H,4,2,H,20,9,9,3,9,4,11,9,1,3,0,2,1.2,6.5,12.0
1213,10/05/13,Levante,Zaragoza,0,0,D,0,0,D,11,16,3,3,2,9,16,18,3,3,2,0,2.75,3.3,2.55
1213,11/05/13,Ath Bilbao,Mallorca,2,1,H,1,0,H,9,18,4,5,6,4,18,22,4,2,0,2,1.8,3.6,4.33
1213,11/05/13,Espanol,Real Madrid,1,1,D,1,0,H,7,11,5,4,8,3,13,17,5,6,1,0,6.0,4.33,1.5
1213,11/05/13,Osasuna,Getafe,1,0,H,0,0,D,21,6,4,2,4,4,20,16,3,5,0,0,1.85,3.4,4.33
1213,11/05/13,Valladolid,La Coruna,1,0,H,0,0,D,7,14,3,3,2,6,14,1,3,1,0,0,2.5,3.3,2.8
1213,12/05/13,Ath Madrid,Barcelona,1,2,A,0,0,D,12,11,2,3,3,2,18,11,1,2,0,0,4.0,3.5,1.91
1213,12/05/13,Betis,Celta,1,0,H,0,0,D,16,4,5,2,3,3,17,14,4,3,0,0,1.91,3.5,4.0
1213,12/05/13,Malaga,Sevilla,0,0,D,0,0,D,9,10,0,2,4,6,11,15,4,3,0,0,2.63,3.3,2.63
1213,12/05/13,Vallecano,Valencia,0,4,A,0,2,A,14,20,3,7,8,4,15,12,5,2,0,0,3.6,3.3,2.05
1213,13/05/13,Sociedad,Granada,2,2,D,2,1,H,18,15,4,5,9,4,11,13,2,4,0,0,1.44,4.33,7.0
1213,18/05/13,Getafe,Valencia,0,1,A,0,1,A,4,16,1,4,7,9,12,15,2,1,0,0,4.5,3.75,1.75
1213,18/05/13,Granada,Osasuna,3,0,H,1,0,H,11,16,4,5,5,5,18,14,3,2,0,1,2.1,3.2,3.6
1213,18/05/13,Sevilla,Sociedad,1,2,A,1,2,A,20,13,4,6,12,6,12,10,4,3,1,0,1.91,3.6,3.75
1213,19/05/13,Barcelona,Valladolid,2,1,H,2,0,H,16,5,4,2,14,2,4,6,0,0,0,0,1.29,5.5,10.0
1213,19/05/13,La Coruna,Espanol,2,0,H,0,0,D,17,7,5,2,7,6,11,25,3,5,0,0,1.57,4.0,5.5
1213,19/05/13,Levante,Vallecano,2,3,A,0,1,A,12,18,4,7,6,3,25,13,1,5,0,0,2.5,3.3,2.75
1213,19/05/13,Zaragoza,Ath Bilbao,1,2,A,1,0,H,14,10,3,4,3,1,21,14,5,2,0,0,1.85,3.5,4.2
1213,20/05/13,Mallorca,Betis,1,0,H,1,0,H,15,10,5,2,6,5,13,17,4,2,0,0,2.5,3.4,2.7
1213,26/05/13,Ath Bilbao,Levante,0,1,A,0,0,D,12,12,4,4,8,3,13,15,1,0,1,0,1.45,4.33,7.0
1213,26/05/13,Ath Madrid,Mallorca,0,0,D,0,0,D,10,12,2,4,7,3,15,11,5,4,0,0,1.62,4.1,5.0
1213,26/05/13,Betis,Zaragoza,4,0,H,2,0,H,13,16,5,3,4,4,18,12,2,6,0,0,2.0,3.5,3.6
1213,26/05/13,Espanol,Barcelona,0,2,A,0,1,A,6,10,2,4,4,5,13,10,3,2,1,0,5.5,4.1,1.57
1213,26/05/13,Getafe,Vallecano,1,2,A,0,0,D,14,13,6,7,10,7,21,18,3,5,0,0,2.1,3.5,3.3
1213,26/05/13,Malaga,La Coruna,3,1,H,1,0,H,15,28,9,4,5,6,12,6,1,1,0,0,2.38,3.4,2.88
1213,26/05/13,Osasuna,Sevilla,2,1,H,0,0,D,18,10,5,3,5,4,17,22,3,2,0,0,2.38,3.4,2.88
1213,26/05/13,Sociedad,Real Madrid,3,3,D,0,1,A,27,11,12,4,11,5,7,12,1,2,0,0,2.5,3.6,2.6
1213,26/05/13,Valencia,Granada,1,0,H,0,0,D,13,2,3,0,10,2,17,13,0,0,0,0,1.25,6.0,11.0
1213,26/05/13,Valladolid,Celta,0,2,A,0,1,A,13,17,3,10,3,3,13,7,4,2,0,0,3.0,3.4,2.3
1213,01/06/13,Barcelona,Malaga,4,1,H,3,0,H,10,11,6,5,9,6,5,5,0,0,0,0,1.25,6.0,10.0
1213,01/06/13,Celta,Espanol,1,0,H,1,0,H,12,8,5,1,6,6,17,17,1,3,0,1,1.44,4.5,6.5
1213,01/06/13,Granada,Getafe,2,0,H,1,0,H,16,11,5,0,4,4,10,7,1,1,0,0,1.95,3.6,3.6
1213,01/06/13,La Coruna,Sociedad,0,1,A,0,1,A,20,13,5,6,7,1,12,19,7,2,0,1,2.6,3.5,2.6
1213,01/06/13,Levante,Betis,1,1,D,0,0,D,13,9,4,2,7,5,17,15,3,4,0,0,3.2,3.4,2.2
1213,01/06/13,Mallorca,Valladolid,4,2,H,2,1,H,20,11,10,5,9,5,8,11,2,0,0,0,1.5,4.33,6.0
1213,01/06/13,Real Madrid,Osasuna,4,2,H,2,0,H,18,26,9,13,4,5,15,12,1,1,0,0,1.25,6.0,10.0
1213,01/06/13,Sevilla,Valencia,4,3,H,2,1,H,21,17,9,7,9,1,14,11,3,6,0,1,3.3,3.5,2.1
1213,01/06/13,Vallecano,Ath Bilbao,2,2,D,1,1,D,28,5,6,3,11,1,12,20,1,3,0,1,2.05,3.6,3.4
1213,01/06/13,Zaragoza,Ath Madrid,1,3,A,0,0,D,15,16,6,4,7,4,11,11,2,1,0,0,2.2,3.5,3.1
1314,17/08/13,Sociedad,Getafe,2,0,H,1,0,H,16,15,6,2,6,5,13,6,1,1,0,0,1.73,3.6,4.75
1314,17/08/13,Valencia,Malaga,1,0,H,0,0,D,9,11,1,2,9,6,15,23,3,5,0,0,1.53,4.0,6.0
1314,17/08/13,Valladolid,Ath Bilbao,1,2,A,1,1,D,8,13,2,3,5,5,10,8,1,0,0,0,2.5,3.3,2.8
1314,18/08/13,Barcelona,Levante,7,0,H,6,0,H,22,4,13,1,9,3,15,16,1,3,0,0,1.08,10.0,26.0
1314,18/08/13,Osasuna,Granada,1,2,A,0,2,A,14,13,5,4,7,6,15,17,1,4,0,0,2.0,3.3,3.75
1314,18/08/13,Real Madrid,Betis,2,1,H,1,1,D,20,11,9,4,5,7,11,20,1,2,0,0,1.17,7.0,17.0
1314,18/08/13,Sevilla,Ath Madrid,1,3,A,1,1,D,14,16,5,6,1,9,12,13,4,4,0,0,2.8,3.3,2.5
1314,19/08/13,Almeria,Villarreal,2,3,A,1,0,H,15,14,2,4,6,10,17,14,2,0,0,0,2.6,3.2,2.75
1314,19/08/13,Celta,Espanol,2,2,D,1,0,H,15,6,10,5,7,2,23,12,4,4,0,0,2.2,3.2,3.4
1314,19/08/13,Vallecano,Elche,3,0,H,2,0,H,11,8,5,1,3,4,16,11,2,2,0,0,2.25,3.25,3.25
1314,23/08/13,Ath Bilbao,Osasuna,2,0,H,1,0,H,8,18,2,5,5,10,15,20,2,2,0,0,1.62,3.75,5.5
1314,23/08/13,Getafe,Almeria,2,2,D,1,2,A,14,16,5,7,2,7,15,17,2,1,0,0,1.85,3.5,4.2
1314,24/08/13,Elche,Sociedad,1,1,D,1,0,H,12,11,2,4,4,2,9,12,4,3,0,0,3.2,3.4,2.2
1314,24/08/13,Espanol,Valencia,3,1,H,1,1,D,13,8,3,2,6,3,17,12,3,3,0,0,3.0,3.25,2.38
1314,24/08/13,Villarreal,Valladolid,2,1,H,1,1,D,17,6,6,2,8,3,11,25,4,2,0,0,1.85,3.6,4.0
1314,25/08/13,Ath Madrid,Vallecano,5,0,H,3,0,H,14,7,5,1,8,3,11,9,0,1,0,0,1.29,5.25,10.0
1314,25/08/13,Betis,Celta,1,2,A,0,0,D,20,13,6,4,12,8,9,18,1,3,0,1,1.8,3.5,4.5
1314,25/08/13,Levante,Sevilla,0,0,D,0,0,D,8,18,3,3,5,7,17,18,3,5,0,0,3.5,3.3,2.1
1314,25/08/13,Malaga,Barcelona,0,1,A,0,1,A,9,15,3,11,2,11,14,12,3,2,0,0,13.0,6.0,1.22
1314,26/08/13,Granada,Real Madrid,0,1,A,0,1,A,8,21,3,8,5,8,14,10,4,2,0,0,7.5,5.5,1.33
1314,30/08/13,Almeria,Elche,2,2,D,2,1,H,9,15,5,9,4,5,18,18,3,5,1,0,2.0,3.3,3.8
1314,30/08/13,Vallecano,Levante,1,2,A,0,1,A,23,6,8,2,8,1,14,17,4,3,1,0,1.73,3.6,4.75
1314,31/08/13,Celta,Granada,1,1,D,1,0,H,17,3,4,1,6,5,9,6,1,2,0,0,2.2,3.3,3.3
1314,31/08/13,Osasuna,Villarreal,0,3,A,0,2,A,9,9,3,4,7,8,15,14,3,2,0,0,2.5,3.2,2.88
1314,31/08/13,Valladolid,Getafe,1,0,H,0,0,D,21,16,6,0,10,5,19,8,2,2,0,0,2.1,3.3,3.5
1314,01/09/13,Espanol,Betis,0,0,D,0,0,D,10,8,3,3,7,7,19,14,2,4,0,0,2.05,3.4,3.6
1314,01/09/13,Real Madrid,Ath Bilbao,3,1,H,2,0,H,20,12,7,2,9,6,15,13,1,2,0,0,1.17,7.0,16.0
1314,01/09/13,Sevilla,Malaga,2,2,D,1,1,D,15,15,7,6,10,1,17,13,3,3,0,1,1.62,3.8,5.5
1314,01/09/13,Sociedad,Ath Madrid,1,2,A,0,1,A,10,16,4,9,5,5,19,21,2,4,0,0,2.9,3.3,2.38
1314,01/09/13,Valencia,Barcelona,2,3,A,2,3,A,16,20,10,9,5,7,20,11,2,3,0,0,5.5,4.33,1.53
1314,14/09/13,Ath Madrid,Almeria,4,2,H,2,1,H,20,7,8,2,8,1,15,17,2,4,0,0,1.25,6.0,11.0
1314,14/09/13,Barcelona,Sevilla,3,2,H,1,0,H,19,7,10,2,6,9,12,17,2,5,0,0,1.18,7.0,15.0
1314,14/09/13,Levante,Sociedad,0,0,D,0,0,D,13,13,5,3,5,1,16,12,3,1,0,0,3.1,3.25,2.3
1314,14/09/13,Villarreal,Real Madrid,2,2,D,1,1,D,19,20,9,6,10,3,14,13,2,3,0,0,5.5,4.2,1.57
1314,15/09/13,Betis,Valencia,3,1,H,3,0,H,21,5,9,2,7,13,15,3,0,1,0,0,2.63,3.3,2.63
1314,15/09/13,Getafe,Osasuna,2,1,H,1,1,D,14,11,5,6,7,4,15,17,2,4,0,0,1.95,3.3,4.0
1314,15/09/13,Granada,Espanol,0,1,A,0,0,D,9,7,1,3,4,4,17,16,3,3,1,0,2.4,3.2,3.0
1314,15/09/13,Malaga,Vallecano,5,0,H,2,0,H,17,12,9,2,6,5,13,16,1,2,0,0,1.91,3.5,4.0
1314,16/09/13,Ath Bilbao,Celta,3,2,H,1,1,D,16,8,6,3,4,2,7,18,2,3,0,0,1.67,3.75,5.0
1314,16/09/13,Elche,Valladolid,0,0,D,0,0,D,10,8,5,4,10,4,18,9,4,1,0,0,2.25,3.25,3.25
1314,20/09/13,Osasuna,Elche,2,1,H,1,0,H,8,13,3,4,5,8,17,7,2,1,0,0,2.0,3.4,3.75
1314,21/09/13,Almeria,Levante,2,2,D,1,0,H,13,16,8,7,1,7,16,18,4,7,1,0,1.8,3.5,4.5
1314,21/09/13,Sociedad,Malaga,0,0,D,0,0,D,10,11,2,4,5,4,10,14,3,3,0,0,1.91,3.5,4.0
1314,21/09/13,Valladolid,Ath Madrid,0,2,A,0,0,D,12,15,2,6,2,6,15,13,2,2,0,0,5.0,3.6,1.7
1314,21/09/13,Vallecano,Barcelona,0,4,A,0,1,A,14,14,9,8,6,14,21,16,2,1,0,0,13.0,6.5,1.2
1314,22/09/13,Betis,Granada,0,0,D,0,0,D,19,4,6,1,5,3,13,11,4,1,0,0,1.67,3.6,5.5
1314,22/09/13,Celta,Villarreal,0,0,D,0,0,D,5,12,1,4,2,6,14,13,5,1,0,0,2.75,3.3,2.5
1314,22/09/13,Real Madrid,Getafe,4,1,H,2,1,H,29,7,11,4,9,5,13,15,1,3,0,1,1.13,8.5,19.0
1314,22/09/13,Valencia,Sevilla,3,1,H,1,0,H,26,9,6,3,8,8,15,12,2,1,0,0,1.91,3.4,4.0
1314,23/09/13,Espanol,Ath Bilbao,3,2,H,1,1,D,11,9,6,3,3,6,17,11,2,2,0,0,2.3,3.4,3.0
1314,24/09/13,Ath Madrid,Osasuna,2,1,H,2,1,H,13,7,4,1,11,2,11,14,3,1,0,0,1.2,6.0,15.0
1314,24/09/13,Barcelona,Sociedad,4,1,H,3,0,H,23,9,9,5,6,1,6,12,0,1,0,0,1.13,8.0,19.0
1314,24/09/13,Levante,Valladolid,1,1,D,1,1,D,24,4,4,2,7,0,13,13,2,4,0,1,2.1,3.3,3.5
1314,24/09/13,Malaga,Almeria,2,0,H,0,0,D,16,7,7,2,9,5,12,13,2,1,0,0,1.67,3.75,5.0
1314,25/09/13,Elche,Real Madrid,1,2,A,0,0,D,11,12,3,5,4,5,23,9,8,2,1,0,10.0,5.5,1.29
1314,25/09/13,Granada,Valencia,0,1,A,0,0,D,13,14,4,3,5,5,19,15,4,2,0,0,3.1,3.25,2.3
1314,25/09/13,Sevilla,Vallecano,4,1,H,1,0,H,16,10,7,4,4,2,14,18,3,4,0,2,1.44,4.2,7.5
1314,26/09/13,Ath Bilbao,Betis,2,1,H,0,0,D,20,10,8,5,8,4,8,13,1,5,0,0,1.95,3.5,3.75
1314,26/09/13,Getafe,Celta,2,0,H,1,0,H,14,9,3,2,11,5,14,8,2,1,0,0,2.1,3.3,3.5
1314,26/09/13,Villarreal,Espanol,2,1,H,1,0,H,8,12,5,3,3,5,15,22,1,3,0,0,1.73,3.5,5.0
1314,27/09/13,Valladolid,Malaga,2,2,D,0,1,A,13,11,3,4,11,4,6,7,3,0,0,0,2.9,3.2,2.45
1314,28/09/13,Almeria,Barcelona,0,2,A,0,1,A,5,15,1,4,2,3,20,15,1,2,0,0,13.0,7.0,1.18
1314,28/09/13,Real Madrid,Ath Madrid,0,1,A,0,1,A,20,13,5,4,2,7,21,18,4,4,0,0,1.62,3.75,5.5
1314,28/09/13,Sociedad,Sevilla,1,1,D,0,1,A,17,10,5,3,8,5,11,10,0,4,0,1,2.2,3.4,3.2
1314,28/09/13,Valencia,Vallecano,1,0,H,1,0,H,5,13,4,3,3,5,14,21,3,5,0,0,1.29,5.25,10.0
1314,29/09/13,Betis,Villarreal,1,0,H,1,0,H,11,7,5,2,5,6,15,13,6,3,0,0,2.5,3.3,2.75
1314,29/09/13,Celta,Elche,0,1,A,0,0,D,7,14,1,4,7,4,17,16,1,3,0,0,1.91,3.4,4.0
1314,29/09/13,Espanol,Getafe,0,2,A,0,0,D,14,7,3,3,14,4,8,14,1,3,0,0,1.7,3.6,5.0
1314,29/09/13,Osasuna,Levante,0,1,A,0,0,D,20,15,5,5,9,6,17,15,5,2,1,0,2.05,3.3,3.6
1314,30/09/13,Granada,Ath Bilbao,2,0,H,0,0,D,13,11,5,4,5,2,17,10,2,1,0,0,2.75,3.3,2.5
1314,04/10/13,Malaga,Osasuna,0,1,A,0,1,A,15,13,3,6,6,6,7,14,1,5,0,0,1.53,4.0,6.0
1314,04/10/13,Villarreal,Granada,3,0,H,1,0,H,16,8,4,1,6,4,9,13,0,1,0,0,1.44,4.33,7.0
1314,05/10/13,Barcelona,Valladolid,4,1,H,1,1,D,21,7,8,1,7,4,7,15,0,3,0,0,1.09,10.0,21.0
1314,05/10/13,Elche,Espanol,2,1,H,1,0,H,12,13,6,3,4,5,13,19,1,1,0,1,2.5,3.3,2.75
1314,05/10/13,Levante,Real Madrid,2,3,A,0,0,D,13,27,5,10,3,8,18,13,1,3,0,0,9.0,5.0,1.33
1314,05/10/13,Vallecano,Sociedad,1,0,H,0,0,D,11,18,1,6,7,6,9,8,2,2,0,0,2.9,3.4,2.38
1314,06/10/13,Ath Bilbao,Valencia,1,1,D,0,1,A,17,12,8,5,9,2,8,6,2,2,0,0,2.1,3.5,3.3
1314,06/10/13,Ath Madrid,Celta,2,1,H,1,0,H,23,3,12,2,13,0,12,16,1,3,0,0,1.22,6.0,13.0
1314,06/10/13,Getafe,Betis,3,1,H,3,0,H,11,15,5,4,5,10,19,14,3,3,0,0,2.4,3.3,2.88
1314,06/10/13,Sevilla,Almeria,2,1,H,1,1,D,22,11,6,4,12,3,14,9,4,5,0,0,1.44,4.33,7.0
1314,19/10/13,Espanol,Ath Madrid,1,0,H,0,0,D,9,6,3,0,3,3,16,22,5,4,0,0,5.25,3.6,1.67
1314,19/10/13,Osasuna,Barcelona,0,0,D,0,0,D,4,12,1,3,2,5,13,8,3,2,0,0,12.0,6.0,1.22
1314,19/10/13,Real Madrid,Malaga,2,0,H,0,0,D,22,3,15,1,10,1,5,12,1,5,0,0,1.2,7.0,11.0
1314,19/10/13,Valencia,Sociedad,1,2,A,0,1,A,16,8,4,3,8,2,13,10,3,1,0,0,1.73,3.5,5.0
1314,20/10/13,Almeria,Vallecano,0,1,A,0,0,D,6,16,2,10,7,6,21,13,2,3,0,1,1.91,3.6,3.75
1314,20/10/13,Betis,Elche,1,2,A,1,2,A,15,7,7,4,6,7,22,8,4,2,0,1,1.73,3.5,5.0
1314,20/10/13,Granada,Getafe,0,2,A,0,0,D,12,15,5,7,9,3,21,12,3,2,1,0,2.1,3.4,3.4
1314,20/10/13,Valladolid,Sevilla,2,2,D,0,2,A,11,16,5,6,6,5,14,17,2,3,0,0,2.8,3.4,2.4
1314,21/10/13,Ath Bilbao,Villarreal,2,0,H,2,0,H,19,6,3,2,8,4,14,13,5,2,0,1,2.2,3.4,3.2
1314,21/10/13,Celta,Levante,0,1,A,0,0,D,15,6,4,3,2,0,11,14,2,1,0,0,2.05,3.4,3.5
1314,25/10/13,Vallecano,Valladolid,0,3,A,0,2,A,17,9,4,6,8,1,7,27,2,2,0,0,1.91,3.6,3.8
1314,26/10/13,Barcelona,Real Madrid,2,1,H,1,0,H,12,10,5,6,4,3,19,16,2,5,0,0,1.75,4.0,4.33
1314,26/10/13,Elche,Granada,0,1,A,0,1,A,8,14,1,3,5,4,12,8,2,3,0,0,1.91,3.4,4.0
1314,26/10/13,Levante,Espanol,3,0,H,2,0,H,6,20,3,6,3,11,14,23,2,5,0,0,2.4,3.3,2.9
1314,26/10/13,Malaga,Celta,0,5,A,0,2,A,7,16,1,9,5,6,14,11,2,0,0,0,1.7,3.6,5.0
1314,27/10/13,Ath Madrid,Betis,5,0,H,1,0,H,16,9,12,1,6,5,14,7,0,2,0,0,1.25,5.5,12.0
1314,27/10/13,Sevilla,Osasuna,2,1,H,0,0,D,23,7,4,3,9,3,11,11,1,4,0,1,1.5,4.2,6.5
1314,27/10/13,Sociedad,Almeria,3,0,H,1,0,H,10,15,3,4,3,7,10,14,1,3,0,0,1.57,4.0,5.5
1314,27/10/13,Villarreal,Valencia,4,1,H,2,0,H,15,16,8,8,6,9,14,13,3,2,0,0,1.95,3.5,3.8
1314,28/10/13,Getafe,Ath Bilbao,0,1,A,0,1,A,14,6,3,5,9,4,13,22,0,3,0,0,2.63,3.2,2.7
1314,29/10/13,Celta,Barcelona,0,3,A,0,1,A,12,20,4,8,5,7,17,12,3,1,0,0,10.0,5.5,1.29
1314,29/10/13,Espanol,Malaga,0,0,D,0,0,D,12,14,3,5,8,6,20,11,1,3,0,0,1.91,3.3,4.2
1314,30/10/13,Osasuna,Vallecano,3,1,H,2,0,H,10,21,6,5,5,10,10,9,0,2,1,0,2.1,3.3,3.5
1314,30/10/13,Real Madrid,Sevilla,7,3,H,3,2,H,18,16,10,6,2,1,17,15,3,2,0,1,1.18,7.0,13.0
1314,30/10/13,Valencia,Almeria,1,2,A,1,0,H,19,8,7,4,5,2,14,17,0,5,0,0,1.4,4.5,8.0
1314,30/10/13,Valladolid,Sociedad,2,2,D,0,1,A,18,16,7,6,11,4,15,7,4,1,0,0,2.8,3.3,2.5
1314,31/10/13,Ath Bilbao,Elche,2,2,D,0,1,A,17,11,5,6,8,3,11,10,3,2,0,0,1.62,3.75,5.5
1314,31/10/13,Betis,Levante,0,0,D,0,0,D,16,17,5,4,4,3,12,14,1,6,1,0,1.8,3.5,4.5
1314,31/10/13,Granada,Ath Madrid,1,2,A,0,1,A,10,7,1,6,5,5,15,16,2,2,0,1,6.0,4.0,1.53
1314,31/10/13,Villarreal,Getafe,0,2,A,0,1,A,12,9,3,4,9,8,12,14,1,4,1,0,1.44,4.2,7.5
1314,01/11/13,Barcelona,Espanol,1,0,H,0,0,D,19,8,5,2,9,2,7,19,1,3,0,0,1.09,10.0,26.0
1314,02/11/13,Almeria,Valladolid,1,0,H,1,0,H,14,8,7,2,3,5,15,13,4,2,0,1,2.15,3.3,3.4
1314,02/11/13,Sevilla,Celta,0,1,A,0,0,D,14,17,4,4,10,5,12,15,2,1,0,0,1.5,4.33,6.0
1314,02/11/13,Sociedad,Osasuna,5,0,H,1,0,H,17,5,8,1,9,2,8,6,2,0,0,1,1.57,4.0,5.75
1314,02/11/13,Vallecano,Real Madrid,2,3,A,0,2,A,23,11,6,5,6,1,13,12,3,5,0,0,11.0,6.0,1.25
1314,03/11/13,Ath Madrid,Ath Bilbao,2,0,H,2,0,H,15,2,8,0,3,0,15,21,5,2,0,1,1.3,5.0,11.0
1314,03/11/13,Getafe,Valencia,0,1,A,0,1,A,14,16,5,5,6,6,17,7,6,2,0,0,2.6,3.2,2.75
1314,03/11/13,Levante,Granada,0,1,A,0,0,D,13,15,7,5,5,7,15,15,2,3,0,0,2.05,3.3,3.6
1314,03/11/13,Malaga,Betis,3,2,H,1,1,D,10,8,4,3,2,3,20,12,2,2,0,0,2.05,3.4,3.6
1314,04/11/13,Elche,Villarreal,0,1,A,0,0,D,5,16,0,6,9,9,19,11,3,3,0,0,3.3,3.3,2.2
1314,08/11/13,Granada,Malaga,3,1,H,0,0,D,16,17,10,6,7,5,17,17,3,3,0,0,2.3,3.2,3.2
1314,08/11/13,Osasuna,Almeria,0,1,A,0,1,A,20,4,5,2,12,5,9,16,2,3,0,0,2.05,3.4,3.5
1314,09/11/13,Ath Bilbao,Levante,2,1,H,0,1,A,21,7,9,3,11,2,19,24,3,5,1,0,1.5,4.1,6.5
1314,09/11/13,Celta,Vallecano,0,2,A,0,1,A,16,16,4,4,8,4,16,19,3,2,0,0,1.91,3.5,4.0
1314,09/11/13,Getafe,Elche,1,1,D,1,0,H,10,10,2,5,4,7,17,16,3,6,0,0,2.05,3.25,3.75
1314,09/11/13,Real Madrid,Sociedad,5,1,H,4,0,H,17,8,8,3,2,7,16,9,2,1,0,0,1.14,8.0,17.0
1314,10/11/13,Betis,Barcelona,1,4,A,0,2,A,16,11,5,8,9,0,18,12,3,2,0,0,11.0,6.0,1.25
1314,10/11/13,Espanol,Sevilla,1,3,A,1,2,A,15,12,2,4,5,4,19,11,2,3,1,0,2.38,3.25,3.0
1314,10/11/13,Valencia,Valladolid,2,2,D,1,1,D,19,11,6,6,6,6,8,17,1,5,0,0,1.53,4.0,6.0
1314,10/11/13,Villarreal,Ath Madrid,1,1,D,0,1,A,15,7,3,1,5,1,14,22,3,4,0,0,3.4,3.4,2.1
1314,22/11/13,Valladolid,Osasuna,0,1,A,0,0,D,7,10,3,3,6,1,8,17,4,4,0,0,2.0,3.4,3.75
1314,23/11/13,Almeria,Real Madrid,0,5,A,0,1,A,12,35,4,15,1,6,15,7,1,2,0,0,9.5,5.5,1.29
1314,23/11/13,Ath Madrid,Getafe,7,0,H,2,0,H,24,2,13,1,8,3,10,12,2,2,0,1,1.22,5.75,13.0
1314,23/11/13,Barcelona,Granada,4,0,H,2,0,H,13,10,8,3,3,7,19,19,2,2,0,1,1.13,8.5,17.0
1314,23/11/13,Sociedad,Celta,4,3,H,1,2,A,23,10,12,5,7,3,11,24,2,2,0,1,1.67,3.6,5.25
1314,24/11/13,Elche,Valencia,2,1,H,0,0,D,9,25,3,8,2,7,14,10,3,2,0,0,2.75,3.3,2.5
1314,24/11/13,Levante,Villarreal,0,3,A,0,1,A,5,23,1,9,5,4,17,17,1,1,1,0,3.5,3.3,2.1
1314,24/11/13,Sevilla,Betis,4,0,H,2,0,H,16,8,4,1,3,1,16,21,1,4,0,1,1.67,3.75,5.0
1314,24/11/13,Vallecano,Espanol,1,4,A,0,1,A,16,8,4,5,7,3,15,12,3,3,1,0,2.4,3.3,2.88
1314,25/11/13,Malaga,Ath Bilbao,1,2,A,1,0,H,8,10,1,6,5,3,20,9,4,1,1,0,2.6,3.25,2.7
1314,29/11/13,Getafe,Levante,1,0,H,0,0,D,15,11,2,1,4,5,15,19,3,1,0,0,1.83,3.4,4.5
1314,29/11/13,Villarreal,Malaga,1,1,D,1,0,H,7,8,3,3,9,8,12,11,1,4,0,0,1.44,4.33,7.0
1314,30/11/13,Celta,Almeria,3,1,H,1,1,D,17,6,6,3,7,3,11,12,1,2,0,0,1.91,3.4,4.0
1314,30/11/13,Elche,Ath Madrid,0,2,A,0,0,D,10,12,2,4,9,6,14,13,2,4,0,0,7.0,4.0,1.5
1314,30/11/13,Espanol,Sociedad,1,2,A,1,0,H,13,15,4,6,5,7,17,12,4,3,0,0,2.2,3.4,3.2
1314,30/11/13,Real Madrid,Valladolid,4,0,H,2,0,H,26,9,12,3,10,1,6,8,1,1,0,0,1.13,8.5,17.0
1314,01/12/13,Ath Bilbao,Barcelona,1,0,H,0,0,D,15,11,6,2,4,5,16,10,3,4,0,0,5.0,4.2,1.6
1314,01/12/13,Betis,Vallecano,2,2,D,1,0,H,12,9,4,5,8,4,21,16,3,5,0,0,1.91,3.4,4.0
1314,01/12/13,Granada,Sevilla,1,2,A,0,1,A,17,13,8,7,8,3,13,14,4,7,0,0,2.8,3.25,2.5
1314,01/12/13,Valencia,Osasuna,3,0,H,1,0,H,24,6,11,1,7,1,15,11,1,1,0,1,1.4,4.5,8.0
1314,13/12/13,Levante,Elche,2,1,H,1,1,D,9,7,3,2,5,3,11,9,4,4,0,0,2.3,3.1,3.25
1314,14/12/13,Barcelona,Villarreal,2,1,H,1,0,H,13,3,7,1,7,4,7,12,1,1,0,0,1.29,5.5,11.0
1314,14/12/13,Malaga,Getafe,1,0,H,0,0,D,21,6,4,3,7,4,17,14,4,4,0,0,2.0,3.4,3.75
1314,14/12/13,Osasuna,Real Madrid,2,2,D,2,1,H,11,17,7,4,5,6,9,14,4,1,1,1,11.0,6.5,1.22
1314,14/12/13,Vallecano,Granada,0,2,A,0,1,A,17,13,8,3,7,3,20,21,4,5,1,0,2.05,3.3,3.6
1314,15/12/13,Almeria,Espanol,0,0,D,0,0,D,10,16,4,6,5,5,10,17,0,2,0,0,2.7,3.2,2.63
1314,15/12/13,Ath Madrid,Valencia,3,0,H,0,0,D,14,3,6,0,8,1,9,14,2,4,0,0,1.33,4.75,10.0
1314,15/12/13,Sevilla,Ath Bilbao,1,1,D,1,1,D,14,13,2,4,8,9,21,9,4,2,0,0,1.95,3.5,3.75
1314,15/12/13,Sociedad,Betis,5,1,H,1,1,D,20,15,9,4,11,1,8,12,4,2,0,0,1.73,3.6,4.75
1314,16/12/13,Valladolid,Celta,3,0,H,0,0,D,11,14,6,3,7,5,17,17,3,1,0,1,2.38,3.25,3.0
1314,20/12/13,Elche,Malaga,0,1,A,0,1,A,8,6,2,2,7,2,17,14,3,4,1,0,2.3,3.2,3.2
1314,21/12/13,Ath Madrid,Levante,3,2,H,1,1,D,16,8,6,4,10,6,16,18,3,5,0,1,1.14,7.5,17.0
1314,21/12/13,Betis,Almeria,0,1,A,0,1,A,25,14,8,7,11,2,9,17,0,2,0,0,1.73,3.75,4.5
1314,21/12/13,Granada,Sociedad,1,3,A,1,2,A,23,11,8,7,8,2,16,9,3,1,0,0,2.4,3.3,2.88
1314,21/12/13,Villarreal,Sevilla,1,2,A,0,1,A,13,12,5,4,11,4,13,25,3,4,0,1,1.85,3.6,4.0
1314,22/12/13,Ath Bilbao,Vallecano,2,1,H,1,0,H,24,14,9,5,8,7,11,21,0,2,0,0,1.44,4.33,7.0
1314,22/12/13,Celta,Osasuna,1,1,D,1,1,D,14,13,6,4,5,7,14,15,0,3,0,0,1.8,3.5,4.5
1314,22/12/13,Espanol,Valladolid,4,2,H,2,0,H,13,9,7,4,2,4,23,13,3,1,0,0,1.8,3.4,4.75
1314,22/12/13,Getafe,Barcelona,2,5,A,2,3,A,12,15,2,7,7,1,26,7,4,3,0,0,7.0,4.75,1.4
1314,22/12/13,Valencia,Real Madrid,2,3,A,1,2,A,12,12,5,5,3,6,12,13,2,2,0,0,5.5,4.0,1.57
1314,04/01/14,Almeria,Granada,3,0,H,2,0,H,18,5,8,3,9,9,18,10,3,3,0,0,2.4,3.2,3.0
1314,04/01/14,Malaga,Ath Madrid,0,1,A,0,0,D,12,9,3,6,5,8,20,14,4,6,0,0,6.0,4.1,1.53
1314,04/01/14,Valencia,Levante,2,0,H,1,0,H,17,7,5,2,7,5,17,24,3,1,0,0,1.44,4.2,7.5
1314,04/01/14,Valladolid,Betis,0,0,D,0,0,D,10,6,3,3,10,6,6,10,1,0,0,0,2.38,3.25,3.0
1314,05/01/14,Barcelona,Elche,4,0,H,2,0,H,13,3,6,0,1,2,12,17,2,2,0,0,1.07,11.0,26.0
1314,05/01/14,Osasuna,Espanol,1,0,H,1,0,H,11,13,4,3,1,10,9,15,3,7,0,0,2.4,3.2,3.0
1314,05/01/14,Sevilla,Getafe,3,0,H,1,0,H,20,9,7,1,9,2,13,14,2,2,0,0,1.53,4.2,5.75
1314,05/01/14,Sociedad,Ath Bilbao,2,0,H,1,0,H,8,13,4,3,5,4,11,15,2,3,0,0,2.15,3.4,3.3
1314,06/01/14,Real Madrid,Celta,3,0,H,0,0,D,18,15,8,1,12,9,12,9,0,2,0,0,1.1,9.0,21.0
1314,06/01/14,Vallecano,Villarreal,2,5,A,0,3,A,19,12,8,6,11,5,14,18,3,3,0,0,3.3,3.4,2.15
1314,10/01/14,Granada,Valladolid,4,0,H,2,0,H,15,10,8,1,8,5,11,13,0,3,0,0,2.0,3.3,3.8
1314,11/01/14,Ath Bilbao,Almeria,6,1,H,3,1,H,15,9,7,2,8,6,13,10,2,1,0,0,1.4,4.5,7.5
1314,11/01/14,Ath Madrid,Barcelona,0,0,D,0,0,D,6,9,2,2,7,6,17,9,2,3,0,0,3.1,3.5,2.2
1314,11/01/14,Celta,Valencia,2,1,H,0,1,A,21,11,8,2,4,2,7,14,0,2,0,0,3.1,3.3,2.3
1314,11/01/14,Elche,Sevilla,1,1,D,0,0,D,10,10,3,3,8,5,7,23,2,3,0,0,3.3,3.4,2.15
1314,12/01/14,Betis,Osasuna,1,2,A,0,1,A,22,7,8,3,8,3,20,11,4,2,1,1,1.8,3.5,4.5
1314,12/01/14,Espanol,Real Madrid,0,1,A,0,0,D,11,23,1,8,3,8,19,12,2,1,0,0,7.5,5.5,1.33
1314,12/01/14,Getafe,Vallecano,0,1,A,0,1,A,14,14,5,5,12,7,19,14,5,1,0,0,2.0,3.4,3.75
1314,12/01/14,Levante,Malaga,1,0,H,1,0,H,8,22,5,6,4,7,24,16,4,5,0,0,2.5,3.2,2.88
1314,13/01/14,Villarreal,Sociedad,5,1,H,3,0,H,22,8,11,4,8,6,16,13,2,4,0,0,1.91,3.5,4.0
1314,17/01/14,Malaga,Valencia,0,0,D,0,0,D,17,11,6,4,5,5,17,17,2,4,0,0,2.7,3.2,2.63
1314,18/01/14,Betis,Real Madrid,0,5,A,0,3,A,7,21,1,11,0,7,18,13,3,1,0,0,8.5,6.0,1.29
1314,18/01/14,Elche,Vallecano,2,0,H,1,0,H,15,7,10,1,7,1,13,7,2,2,0,1,2.38,3.2,3.0
1314,18/01/14,Espanol,Celta,1,0,H,0,0,D,8,12,3,2,3,8,15,14,1,1,0,0,2.0,3.25,3.9
1314,18/01/14,Granada,Osasuna,0,0,D,0,0,D,17,8,3,0,7,0,11,12,1,3,0,0,2.0,3.2,4.0
1314,19/01/14,Ath Madrid,Sevilla,1,1,D,1,0,H,16,10,2,3,8,3,13,15,3,2,0,1,1.36,4.75,8.5
1314,19/01/14,Getafe,Sociedad,2,2,D,1,2,A,16,9,5,6,9,3,21,12,3,2,1,0,3.0,3.4,2.3
1314,19/01/14,Levante,Barcelona,1,1,D,1,1,D,7,17,4,6,2,8,13,11,3,1,0,0,15.0,7.0,1.17
1314,19/01/14,Villarreal,Almeria,2,0,H,1,0,H,12,13,2,4,9,7,15,15,2,1,0,0,1.33,5.0,9.0
1314,20/01/14,Ath Bilbao,Valladolid,4,2,H,0,1,A,23,7,14,4,11,0,6,13,2,4,0,0,1.36,4.75,8.5
1314,24/01/14,Celta,Betis,4,2,H,3,1,H,10,13,5,5,2,4,17,15,2,3,0,1,2.1,3.4,3.4
1314,25/01/14,Real Madrid,Granada,2,0,H,0,0,D,23,8,8,2,4,1,11,14,4,2,0,0,1.05,15.0,26.0
1314,25/01/14,Sevilla,Levante,2,3,A,1,1,D,28,7,10,6,7,3,15,15,3,3,1,1,1.36,4.75,8.5
1314,25/01/14,Valencia,Espanol,2,2,D,2,2,D,15,9,5,2,10,4,13,11,3,0,0,0,1.53,4.0,6.0
1314,25/01/14,Valladolid,Villarreal,1,0,H,1,0,H,8,4,2,2,8,2,19,13,4,0,0,0,4.0,3.3,1.95
1314,26/01/14,Almeria,Getafe,1,0,H,0,0,D,7,16,4,5,10,12,19,16,2,2,0,0,2.4,3.2,3.0
1314,26/01/14,Barcelona,Malaga,3,0,H,1,0,H,23,4,10,2,15,2,13,16,1,3,0,0,1.08,10.0,23.0
1314,26/01/14,Osasuna,Ath Bilbao,1,5,A,1,2,A,11,19,1,9,1,8,24,13,3,4,1,0,3.5,3.2,2.15
1314,26/01/14,Vallecano,Ath Madrid,2,4,A,1,3,A,13,15,6,7,8,9,16,13,2,1,0,0,8.0,4.5,1.4
1314,27/01/14,Sociedad,Elche,4,0,H,2,0,H,7,18,5,6,4,6,9,8,1,2,0,0,1.5,4.0,7.0
1314,31/01/14,Granada,Celta,1,2,A,1,1,D,16,10,3,3,9,4,10,14,2,4,0,0,2.1,3.5,3.25
1314,01/02/14,Barcelona,Valencia,2,3,A,1,1,D,20,8,5,4,9,5,18,8,2,3,1,0,1.13,8.0,19.0
1314,01/02/14,Getafe,Valladolid,0,0,D,0,0,D,7,10,1,2,2,9,11,13,2,3,0,0,2.0,3.4,3.75
1314,01/02/14,Levante,Vallecano,0,0,D,0,0,D,11,16,2,5,6,6,23,20,2,3,0,0,2.15,3.3,3.4
1314,01/02/14,Malaga,Sevilla,3,2,H,1,0,H,14,11,7,4,3,5,12,14,3,5,0,0,2.8,3.4,2.4
1314,02/02/14,Ath Bilbao,Real Madrid,1,1,D,0,0,D,9,10,3,3,6,3,13,14,1,1,0,1,5.25,4.0,1.62
1314,02/02/14,Ath Madrid,Sociedad,4,0,H,1,0,H,12,10,6,2,6,7,16,13,3,2,0,0,1.3,5.0,10.0
1314,02/02/14,Betis,Espanol,2,0,H,0,0,D,13,6,3,1,8,5,15,15,3,1,0,0,2.3,3.2,3.2
1314,02/02/14,Elche,Almeria,1,0,H,0,0,D,13,10,5,3,8,3,14,18,3,3,1,0,2.0,3.4,3.75
1314,03/02/14,Villarreal,Osasuna,3,1,H,0,0,D,13,10,8,2,5,2,17,8,2,1,0,0,1.33,5.0,9.0
1314,07/02/14,Espanol,Granada,1,0,H,0,0,D,13,13,5,1,3,3,17,19,4,5,1,0,1.8,3.5,4.5
1314,08/02/14,Almeria,Ath Madrid,2,0,H,0,0,D,7,12,3,1,2,1,21,8,2,2,0,1,10.0,5.25,1.29
1314,08/02/14,Real Madrid,Villarreal,4,2,H,2,1,H,13,10,6,3,6,3,10,7,0,2,0,0,1.33,5.0,8.5
1314,08/02/14,Valencia,Betis,5,0,H,2,0,H,18,9,9,2,9,9,7,15,0,2,0,0,1.44,4.33,7.0
1314,08/02/14,Vallecano,Malaga,4,1,H,3,0,H,11,15,6,5,3,5,20,14,3,3,0,1,2.4,3.2,3.0
1314,09/02/14,Osasuna,Getafe,2,0,H,1,0,H,14,18,7,4,4,6,19,11,1,4,0,0,2.1,3.2,3.6
1314,09/02/14,Sevilla,Barcelona,1,4,A,1,2,A,15,9,4,5,6,0,22,9,3,3,0,0,6.0,4.0,1.53
1314,09/02/14,Sociedad,Levante,0,0,D,0,0,D,18,6,6,0,7,3,10,20,2,3,0,0,1.44,4.33,7.0
1314,09/02/14,Valladolid,Elche,2,2,D,0,1,A,13,9,3,4,9,2,15,15,2,2,0,0,2.05,3.2,3.8
1314,10/02/14,Celta,Ath Bilbao,0,0,D,0,0,D,14,7,1,1,5,6,12,9,1,3,0,0,3.1,3.3,2.3
1314,14/02/14,Elche,Osasuna,0,0,D,0,0,D,11,8,2,3,7,7,10,11,3,3,0,0,2.1,3.2,3.6
1314,15/02/14,Ath Madrid,Valladolid,3,0,H,2,0,H,13,4,5,0,8,3,10,11,0,3,0,0,1.18,7.0,13.0
1314,15/02/14,Barcelona,Vallecano,6,0,H,2,0,H,21,9,10,4,12,5,6,10,0,0,0,0,1.07,11.0,29.0
1314,15/02/14,Levante,Almeria,1,0,H,0,0,D,13,13,3,3,1,9,13,16,1,4,0,0,2.05,3.1,4.0
1314,15/02/14,Villarreal,Celta,0,2,A,0,0,D,19,8,5,2,9,2,14,11,2,4,0,0,1.53,4.0,6.0
1314,16/02/14,Ath Bilbao,Espanol,1,2,A,0,1,A,10,14,3,7,5,6,15,14,2,2,1,0,1.57,3.8,6.0
1314,16/02/14,Getafe,Real Madrid,0,3,A,0,2,A,9,16,1,7,8,10,16,14,3,4,0,0,10.0,5.25,1.29
1314,16/02/14,Granada,Betis,1,0,H,1,0,H,13,11,4,6,4,4,20,15,4,3,1,1,2.1,3.2,3.6
1314,16/02/14,Sevilla,Valencia,0,0,D,0,0,D,17,9,2,0,14,1,22,13,2,5,1,1,2.0,3.6,3.5
1314,17/02/14,Malaga,Sociedad,0,1,A,0,1,A,14,7,5,3,6,2,12,15,3,0,0,0,2.7,3.25,2.6
1314,21/02/14,Valladolid,Levante,1,1,D,0,1,A,11,3,2,1,4,1,13,16,3,3,0,0,2.1,3.1,3.8
1314,22/02/14,Almeria,Malaga,0,0,D,0,0,D,7,14,2,2,5,5,14,23,2,5,0,0,2.5,3.2,2.88
1314,22/02/14,Celta,Getafe,1,1,D,0,1,A,19,6,8,4,5,0,15,16,6,4,0,1,1.75,3.6,4.75
1314,22/02/14,Real Madrid,Elche,3,0,H,1,0,H,16,5,7,2,9,1,14,19,1,3,0,0,1.07,11.0,29.0
1314,22/02/14,Sociedad,Barcelona,3,1,H,1,1,D,15,12,3,3,2,13,13,15,2,3,0,0,7.5,5.0,1.36
1314,23/02/14,Betis,Ath Bilbao,0,2,A,0,1,A,11,14,4,7,8,5,14,10,2,1,2,0,2.88,3.4,2.38
1314,23/02/14,Osasuna,Ath Madrid,3,0,H,3,0,H,10,13,4,6,6,9,13,10,0,1,0,0,7.0,4.0,1.5
1314,23/02/14,Valencia,Granada,2,1,H,0,0,D,17,8,7,3,8,2,14,15,5,3,0,0,1.5,4.1,6.5
1314,23/02/14,Vallecano,Sevilla,0,1,A,0,0,D,9,9,1,2,1,7,16,11,2,1,0,1,3.1,3.4,2.25
1314,24/02/14,Espanol,Villarreal,1,2,A,0,1,A,13,10,6,4,2,2,12,19,4,4,0,0,2.5,3.25,2.8
1314,28/02/14,Ath Bilbao,Granada,4,0,H,2,0,H,27,6,10,1,6,3,9,12,0,2,0,1,1.4,4.5,7.5
1314,01/03/14,Elche,Celta,1,0,H,0,0,D,9,12,1,3,3,12,13,15,5,3,0,0,2.5,3.1,2.9
1314,01/03/14,Getafe,Espanol,0,0,D,0,0,D,15,17,7,3,10,11,9,11,4,3,0,0,2.6,3.2,2.75
1314,01/03/14,Levante,Osasuna,2,0,H,2,0,H,7,15,3,4,3,6,22,18,4,3,1,0,2.3,3.2,3.2
1314,01/03/14,Malaga,Valladolid,1,1,D,1,1,D,17,8,5,3,8,5,18,15,0,1,0,0,1.85,3.4,4.33
1314,02/03/14,Ath Madrid,Real Madrid,2,2,D,2,1,H,11,15,4,6,6,4,17,10,3,2,0,0,3.5,3.4,2.05
1314,02/03/14,Barcelona,Almeria,4,1,H,2,1,H,29,6,11,3,13,4,8,12,1,4,0,0,1.05,13.0,34.0
1314,02/03/14,Sevilla,Sociedad,1,0,H,0,0,D,10,11,5,3,3,4,15,10,2,4,0,0,1.91,3.75,3.6
1314,02/03/14,Vallecano,Valencia,1,0,H,0,0,D,17,11,3,1,3,3,19,16,3,1,0,1,3.3,3.3,2.2
1314,02/03/14,Villarreal,Betis,1,1,D,0,0,D,4,11,3,3,7,8,11,12,1,4,1,0,1.36,4.75,8.5
1314,08/03/14,Betis,Getafe,2,0,H,2,0,H,17,9,5,2,6,6,15,16,3,3,0,0,1.91,3.4,4.0
1314,08/03/14,Celta,Ath Madrid,0,2,A,0,0,D,9,13,2,7,2,5,12,11,1,3,0,0,4.0,3.4,1.91
1314,08/03/14,Granada,Villarreal,2,0,H,2,0,H,13,5,4,1,3,3,21,17,4,1,0,0,3.4,3.2,2.2
1314,08/03/14,Valladolid,Barcelona,1,0,H,1,0,H,7,13,2,6,4,3,15,14,5,1,0,0,12.0,7.0,1.2
1314,09/03/14,Almeria,Sevilla,1,3,A,0,1,A,8,7,5,4,3,8,11,13,2,4,0,0,3.4,3.4,2.1
1314,09/03/14,Espanol,Elche,3,1,H,2,0,H,12,12,6,3,5,5,16,11,1,3,0,0,1.75,3.5,4.75
1314,09/03/14,Real Madrid,Levante,3,0,H,1,0,H,25,6,10,1,12,2,12,12,2,2,0,1,1.05,15.0,29.0
1314,09/03/14,Valencia,Ath Bilbao,1,1,D,1,0,H,13,13,4,4,9,6,15,15,3,2,0,0,2.25,3.3,3.2
1314,10/03/14,Osasuna,Malaga,0,2,A,0,1,A,19,11,7,4,10,10,5,19,1,3,0,1,2.3,3.1,3.25
1314,10/03/14,Sociedad,Vallecano,2,3,A,2,1,H,15,15,6,4,3,8,11,14,0,3,0,0,1.44,4.5,6.5
1314,14/03/14,Getafe,Granada,3,3,D,2,1,H,11,17,5,5,4,10,14,10,4,1,1,1,2.1,3.25,3.5
1314,15/03/14,Ath Madrid,Espanol,1,0,H,0,0,D,8,8,2,4,7,2,11,17,3,3,0,0,1.29,5.0,12.0
1314,15/03/14,Levante,Celta,0,1,A,0,1,A,18,26,8,8,4,9,17,18,3,5,0,0,2.5,3.1,2.9
1314,15/03/14,Malaga,Real Madrid,0,1,A,0,1,A,12,13,4,6,7,6,10,6,2,0,0,0,12.0,6.0,1.25
1314,15/03/14,Vallecano,Almeria,3,1,H,1,0,H,14,7,5,2,6,6,11,16,1,3,0,0,1.83,3.5,4.2
1314,16/03/14,Barcelona,Osasuna,7,0,H,3,0,H,20,6,11,3,4,4,9,10,1,2,0,0,1.05,15.0,29.0
1314,16/03/14,Elche,Betis,0,0,D,0,0,D,12,9,1,3,6,3,15,18,4,3,0,0,2.38,3.2,3.0
1314,16/03/14,Sevilla,Valladolid,4,1,H,2,0,H,14,8,6,2,9,2,13,13,3,3,0,0,1.44,4.33,7.0
1314,16/03/14,Sociedad,Valencia,1,0,H,0,0,D,9,12,2,3,6,9,16,20,2,4,0,0,2.05,3.5,3.4
1314,17/03/14,Villarreal,Ath Bilbao,1,1,D,0,0,D,8,7,3,4,11,5,14,12,1,2,1,0,2.25,3.4,3.1
1314,21/03/14,Celta,Malaga,0,2,A,0,2,A,12,9,3,4,6,2,8,14,1,5,0,1,1.91,3.4,4.0
1314,22/03/14,Ath Bilbao,Getafe,1,0,H,1,0,H,14,9,8,3,10,4,14,25,1,3,0,0,1.36,5.0,7.5
1314,22/03/14,Espanol,Levante,0,0,D,0,0,D,12,6,3,3,8,9,10,18,4,3,0,1,1.67,3.6,5.5
1314,22/03/14,Granada,Elche,1,0,H,0,0,D,9,10,4,4,5,3,15,18,1,3,0,1,2.05,3.2,3.8
1314,22/03/14,Valladolid,Vallecano,1,1,D,1,1,D,9,16,2,3,4,7,10,6,4,2,0,0,2.4,3.3,2.9
1314,23/03/14,Betis,Ath Madrid,0,2,A,0,0,D,5,9,1,2,0,7,18,14,2,2,1,0,6.0,3.8,1.57
1314,23/03/14,Osasuna,Sevilla,1,2,A,0,2,A,18,10,3,3,7,1,12,22,3,1,0,0,2.9,3.3,2.38
1314,23/03/14,Real Madrid,Barcelona,3,4,A,2,2,D,13,18,8,6,1,5,24,12,5,2,1,0,2.25,3.5,3.0
1314,23/03/14,Valencia,Villarreal,2,1,H,2,0,H,14,4,5,1,7,1,16,18,2,3,0,0,2.05,3.4,3.5
1314,24/03/14,Almeria,Sociedad,4,3,H,1,1,D,14,23,8,11,11,6,14,13,4,3,0,0,3.4,3.4,2.1
1314,25/03/14,Elche,Ath Bilbao,0,0,D,0,0,D,12,8,2,1,7,2,25,17,2,2,0,0,4.0,3.3,1.95
1314,25/03/14,Malaga,Espanol,1,2,A,1,1,D,16,7,5,4,3,8,7,8,1,1,1,0,2.45,3.1,3.0
1314,26/03/14,Ath Madrid,Granada,1,0,H,0,0,D,16,7,5,0,14,4,12,12,1,3,0,0,1.18,6.5,15.0
1314,26/03/14,Barcelona,Celta,3,0,H,2,0,H,14,8,6,6,4,6,11,8,2,2,0,0,1.05,15.0,34.0
1314,26/03/14,Sevilla,Real Madrid,2,1,H,1,1,D,12,26,3,8,2,9,13,13,3,3,0,0,5.5,4.5,1.53
1314,26/03/14,Vallecano,Osasuna,1,0,H,0,0,D,14,7,5,2,9,3,11,12,3,5,0,0,1.83,3.4,4.5
1314,27/03/14,Almeria,Valencia,2,2,D,0,2,A,20,15,9,5,6,4,19,9,5,1,0,0,3.8,3.5,1.95
1314,27/03/14,Getafe,Villarreal,0,1,A,0,1,A,12,12,1,3,9,2,15,19,3,3,0,0,3.3,3.3,2.2
1314,27/03/14,Levante,Betis,1,3,A,1,1,D,9,10,4,5,7,7,18,13,3,3,0,0,2.3,3.2,3.1
1314,27/03/14,Sociedad,Valladolid,1,0,H,1,0,H,14,9,7,1,2,11,13,15,3,5,0,0,1.44,4.2,7.5
1314,29/03/14,Ath Bilbao,Ath Madrid,1,2,A,1,1,D,13,10,2,3,3,4,19,15,3,2,1,0,2.9,3.3,2.4
1314,29/03/14,Celta,Sevilla,1,0,H,0,0,D,14,10,4,3,11,7,10,12,1,4,0,0,3.0,3.25,2.38
1314,29/03/14,Espanol,Barcelona,0,1,A,0,0,D,8,20,1,8,3,11,24,8,4,2,1,0,9.0,5.0,1.33
1314,29/03/14,Real Madrid,Vallecano,5,0,H,1,0,H,16,15,7,2,4,6,13,14,1,0,0,0,1.04,13.0,34.0
1314,30/03/14,Osasuna,Sociedad,1,1,D,0,1,A,15,10,4,3,4,8,19,18,5,5,0,0,3.0,3.25,2.38
1314,30/03/14,Valencia,Getafe,1,3,A,1,2,A,19,11,3,6,12,5,15,20,2,4,1,0,1.4,4.33,8.5
1314,30/03/14,Valladolid,Almeria,1,0,H,1,0,H,20,14,8,3,5,6,12,12,2,0,0,1,1.91,3.4,4.0
1314,30/03/14,Villarreal,Elche,1,1,D,1,1,D,10,7,3,2,6,5,16,14,1,1,0,0,1.44,4.33,7.0
1314,31/03/14,Betis,Malaga,1,2,A,1,0,H,11,8,2,4,3,7,6,11,2,7,0,0,2.2,3.3,3.3
1314,31/03/14,Granada,Levante,0,2,A,0,0,D,8,15,1,5,7,3,17,17,2,4,0,0,1.85,3.5,4.2
1314,04/04/14,Almeria,Osasuna,1,2,A,0,2,A,16,12,3,2,7,5,6,10,1,1,1,0,2.2,3.2,3.4
1314,05/04/14,Ath Madrid,Villarreal,1,0,H,1,0,H,6,8,3,1,4,5,13,16,3,1,0,0,1.5,4.0,7.0
1314,05/04/14,Barcelona,Betis,3,1,H,1,0,H,12,12,4,4,4,4,9,16,0,2,0,0,1.05,15.0,29.0
1314,05/04/14,Sociedad,Real Madrid,0,4,A,0,1,A,13,21,4,7,7,8,13,10,3,3,0,0,5.25,4.2,1.57
1314,05/04/14,Vallecano,Celta,3,0,H,1,0,H,14,18,5,7,2,7,12,11,2,1,1,0,2.2,3.3,3.3
1314,06/04/14,Elche,Getafe,1,0,H,0,0,D,16,9,3,3,6,2,20,16,3,2,0,0,2.15,3.2,3.5
1314,06/04/14,Malaga,Granada,4,1,H,2,0,H,11,10,5,5,7,5,19,16,3,5,0,0,2.05,3.3,3.6
1314,06/04/14,Sevilla,Espanol,4,1,H,2,0,H,13,12,5,5,7,3,10,15,3,1,0,0,1.67,3.75,5.0
1314,06/04/14,Valladolid,Valencia,0,0,D,0,0,D,11,16,5,7,9,4,10,13,1,2,0,0,2.8,3.25,2.5
1314,07/04/14,Levante,Ath Bilbao,1,2,A,0,2,A,11,13,2,5,2,5,17,16,2,1,1,0,3.9,3.4,1.95
1314,11/04/14,Osasuna,Valladolid,0,0,D,0,0,D,15,7,1,1,4,6,15,12,0,1,0,0,2.0,3.4,3.75
1314,12/04/14,Celta,Sociedad,2,2,D,1,2,A,15,19,7,5,8,7,14,20,3,5,1,0,2.3,3.3,3.1
1314,12/04/14,Granada,Barcelona,1,0,H,1,0,H,5,29,4,9,1,13,10,5,0,3,0,0,9.5,6.5,1.25
1314,12/04/14,Real Madrid,Almeria,4,0,H,1,0,H,29,5,13,1,9,7,7,7,0,0,0,0,1.05,15.0,29.0
1314,12/04/14,Villarreal,Levante,1,0,H,0,0,D,12,7,3,2,2,2,15,16,2,2,0,0,1.4,4.2,9.0
1314,13/04/14,Betis,Sevilla,0,2,A,0,1,A,17,7,4,5,8,1,17,16,4,4,1,0,3.2,3.4,2.2
1314,13/04/14,Espanol,Vallecano,2,2,D,1,1,D,6,11,2,5,2,5,22,15,1,3,0,0,1.83,3.5,4.33
1314,13/04/14,Getafe,Ath Madrid,0,2,A,0,1,A,9,12,2,8,3,4,15,15,3,3,1,0,8.5,4.0,1.44
1314,13/04/14,Valencia,Elche,2,1,H,1,1,D,8,11,4,5,6,2,15,15,3,2,1,0,1.62,4.0,5.25
1314,14/04/14,Ath Bilbao,Malaga,3,0,H,1,0,H,12,10,6,1,6,2,11,18,0,4,0,0,1.4,4.5,8.0
1314,18/04/14,Ath Madrid,Elche,2,0,H,0,0,D,14,8,4,3,7,6,7,12,2,4,0,1,1.2,6.0,15.0
1314,19/04/14,Levante,Getafe,0,0,D,0,0,D,11,9,2,4,3,4,24,18,4,2,0,1,2.4,3.1,3.1
1314,19/04/14,Osasuna,Valencia,1,1,D,1,0,H,9,13,3,1,4,9,16,13,3,2,0,0,2.7,3.1,2.7
1314,19/04/14,Sociedad,Espanol,2,1,H,1,1,D,19,8,8,3,12,2,10,19,1,1,0,0,1.75,3.6,4.75
1314,20/04/14,Almeria,Celta,2,4,A,1,1,D,11,14,3,8,6,1,14,11,5,0,0,0,2.5,3.25,2.8
1314,20/04/14,Barcelona,Ath Bilbao,2,1,H,0,0,D,17,11,8,4,9,4,16,17,2,3,0,0,1.2,7.0,12.0
1314,20/04/14,Sevilla,Granada,4,0,H,1,0,H,10,12,5,2,7,1,14,13,2,0,0,0,1.4,4.5,8.0
1314,20/04/14,Vallecano,Betis,3,1,H,2,0,H,16,12,8,3,5,2,17,15,4,2,0,0,2.0,3.4,3.75
1314,21/04/14,Malaga,Villarreal,2,0,H,1,0,H,14,4,4,1,6,5,14,14,3,3,1,0,2.8,3.25,2.5
1314,25/04/14,Elche,Levante,1,1,D,0,0,D,22,10,3,6,7,2,14,17,2,4,0,0,1.65,3.6,5.5
1314,26/04/14,Betis,Sociedad,0,1,A,0,0,D,14,9,2,3,8,8,11,16,2,0,0,0,3.1,3.5,2.2
1314,26/04/14,Getafe,Malaga,1,0,H,1,0,H,8,12,3,2,4,7,14,22,6,3,1,1,2.1,3.3,3.5
1314,26/04/14,Granada,Vallecano,0,3,A,0,0,D,12,16,1,7,7,5,14,9,2,4,1,0,2.2,3.3,3.3
1314,26/04/14,Real Madrid,Osasuna,4,0,H,1,0,H,20,6,10,0,7,7,10,8,0,0,0,0,1.05,13.0,34.0
1314,27/04/14,Ath Bilbao,Sevilla,3,1,H,1,0,H,12,9,4,3,6,2,10,16,2,3,0,1,1.95,3.5,3.75
1314,27/04/14,Espanol,Almeria,1,2,A,1,0,H,9,10,3,2,7,3,15,14,4,3,2,0,1.62,3.75,5.5
1314,27/04/14,Valencia,Ath Madrid,0,1,A,0,1,A,11,9,2,4,7,3,18,12,3,1,0,1,4.33,3.75,1.75
1314,27/04/14,Villarreal,Barcelona,2,3,A,1,0,H,5,20,3,7,2,9,11,6,3,3,0,0,6.5,4.5,1.44
1314,28/04/14,Celta,Valladolid,4,1,H,2,0,H,13,10,7,4,3,0,13,17,1,4,0,0,1.8,3.75,4.2
1314,02/05/14,Vallecano,Ath Bilbao,0,3,A,0,2,A,11,12,3,4,6,7,17,9,4,1,0,0,3.75,3.6,1.91
1314,03/05/14,Barcelona,Getafe,2,2,D,1,1,D,21,8,8,5,11,3,13,6,3,3,0,0,1.07,11.0,26.0
1314,03/05/14,Malaga,Elche,0,1,A,0,1,A,7,10,2,3,8,2,18,13,1,4,0,2,2.25,3.25,3.25
1314,03/05/14,Osasuna,Celta,0,2,A,0,2,A,23,14,11,4,12,6,11,12,0,1,0,0,1.91,3.5,4.0
1314,03/05/14,Valladolid,Espanol,1,0,H,1,0,H,10,9,4,3,4,8,14,20,3,1,0,1,2.0,3.4,3.75
1314,04/05/14,Almeria,Betis,3,2,H,0,0,D,12,15,6,3,3,8,15,10,4,6,1,0,1.57,4.0,5.5
1314,04/05/14,Levante,Ath Madrid,2,0,H,1,0,H,7,23,2,7,3,7,20,20,2,3,0,0,15.0,5.5,1.22
1314,04/05/14,Real Madrid,Valencia,2,2,D,0,1,A,32,8,11,5,10,1,11,10,1,3,0,0,1.14,7.5,17.0
1314,04/05/14,Sevilla,Villarreal,0,0,D,0,0,D,11,13,3,4,6,6,12,7,1,0,0,0,1.75,3.6,4.75
1314,05/05/14,Sociedad,Granada,1,1,D,0,0,D,21,15,6,3,8,5,12,11,1,3,1,1,1.44,4.5,6.5
1314,07/05/14,Valladolid,Real Madrid,1,1,D,0,1,A,6,21,1,3,4,9,17,8,4,4,0,0,11.0,7.0,1.2
1314,10/05/14,Levante,Valencia,2,0,H,0,0,D,12,19,3,6,8,8,11,12,4,5,1,0,3.3,3.4,2.15
1314,10/05/14,Villarreal,Vallecano,4,0,H,2,0,H,22,14,10,2,5,5,12,13,1,1,0,1,1.57,4.33,5.0
1314,11/05/14,Ath Bilbao,Sociedad,1,1,D,0,0,D,12,13,6,5,5,10,19,14,2,2,0,0,1.75,3.75,4.5
1314,11/05/14,Ath Madrid,Malaga,1,1,D,0,0,D,17,10,5,4,11,4,13,16,3,3,0,1,1.2,6.5,13.0
1314,11/05/14,Betis,Valladolid,4,3,H,1,1,D,21,13,7,8,8,4,13,16,4,2,0,0,3.6,3.5,2.0
1314,11/05/14,Celta,Real Madrid,2,0,H,1,0,H,13,18,6,6,4,15,13,6,2,2,0,0,6.5,5.0,1.4
1314,11/05/14,Elche,Barcelona,0,0,D,0,0,D,6,20,0,6,2,11,16,16,3,3,0,0,11.0,7.0,1.2
1314,11/05/14,Espanol,Osasuna,1,1,D,1,1,D,7,9,2,2,4,4,12,13,0,1,0,0,2.3,3.25,3.1
1314,11/05/14,Getafe,Sevilla,1,0,H,0,0,D,14,4,6,1,7,1,17,15,3,2,0,0,1.85,3.6,4.0
1314,11/05/14,Granada,Almeria,0,2,A,0,1,A,16,8,3,3,6,1,13,14,3,2,1,0,1.91,3.5,4.0
1314,16/05/14,Malaga,Levante,1,0,H,0,0,D,25,2,11,0,10,0,12,16,0,1,0,1,1.91,3.4,4.0
1314,17/05/14,Barcelona,Ath Madrid,1,1,D,1,0,H,11,12,4,3,4,8,11,14,5,4,0,0,1.85,3.8,4.5
1314,17/05/14,Real Madrid,Espanol,3,1,H,0,0,D,17,13,7,2,8,7,9,8,0,0,0,0,1.33,5.0,8.5
1314,17/05/14,Valencia,Celta,2,1,H,1,1,D,14,9,7,4,9,2,11,13,1,3,0,0,1.75,3.75,4.5
1314,18/05/14,Almeria,Ath Bilbao,0,0,D,0,0,D,10,13,1,1,7,4,13,12,1,5,0,0,2.25,3.4,3.1
1314,18/05/14,Osasuna,Betis,2,1,H,2,0,H,14,16,3,8,5,7,7,10,1,0,0,0,1.36,5.0,7.5
1314,18/05/14,Sevilla,Elche,3,1,H,1,0,H,15,14,5,4,6,5,10,11,2,0,0,0,1.8,3.75,4.2
1314,18/05/14,Sociedad,Villarreal,1,2,A,0,1,A,13,15,3,5,6,2,13,18,2,3,0,0,2.0,3.6,3.5
1314,18/05/14,Valladolid,Granada,0,1,A,0,1,A,10,6,4,3,7,5,12,10,1,2,0,0,2.1,3.3,3.5
1314,18/05/14,Vallecano,Getafe,1,2,A,0,1,A,16,15,4,4,4,6,11,25,4,7,0,0,4.0,3.1,2.05
1415,23/08/14,Almeria,Espanol,1,1,D,0,0,D,19,12,6,2,11,7,8,9,3,2,0,1,2.55,3.3,2.7
1415,23/08/14,Granada,La Coruna,2,1,H,0,1,A,10,7,3,1,5,3,13,26,1,2,0,0,1.95,3.2,4.2
1415,23/08/14,Malaga,Ath Bilbao,1,0,H,1,0,H,12,12,3,5,5,4,13,9,3,3,2,0,2.8,3.3,2.45
1415,23/08/14,Sevilla,Valencia,1,1,D,1,0,H,10,11,3,1,3,3,23,8,4,2,0,1,2.05,3.5,3.5
1415,24/08/14,Barcelona,Elche,3,0,H,1,0,H,12,3,6,0,3,1,11,13,0,1,1,0,1.1,9.0,21.0
1415,24/08/14,Celta,Getafe,3,1,H,1,0,H,20,12,8,3,4,4,19,15,4,1,0,0,1.91,3.4,4.0
1415,24/08/14,Eibar,Sociedad,1,0,H,1,0,H,12,19,5,4,5,6,13,14,4,1,0,0,3.25,3.4,2.2
1415,24/08/14,Levante,Villarreal,0,2,A,0,0,D,9,12,2,6,3,4,11,14,1,3,0,0,3.4,3.4,2.1
1415,25/08/14,Real Madrid,Cordoba,2,0,H,1,0,H,14,8,8,2,8,5,9,13,1,2,0,0,1.06,11.0,29.0
1415,25/08/14,Vallecano,Ath Madrid,0,0,D,0,0,D,8,9,2,2,2,4,13,17,2,2,0,0,7.0,4.0,1.5
1415,29/08/14,Getafe,Almeria,1,0,H,1,0,H,12,11,3,4,2,3,17,11,3,2,0,0,2.0,3.4,3.75
1415,29/08/14,Valencia,Malaga,3,0,H,2,0,H,14,17,4,4,4,6,18,11,1,2,0,1,1.55,4.2,5.5
1415,30/08/14,Ath Bilbao,Levante,3,0,H,1,0,H,10,10,5,2,2,11,13,17,1,4,0,0,1.33,5.0,9.0
1415,30/08/14,Ath Madrid,Eibar,2,1,H,2,1,H,15,8,6,2,5,5,12,18,3,0,0,0,1.22,5.75,13.0
1415,30/08/14,Cordoba,Celta,1,1,D,0,0,D,6,9,1,4,1,6,14,17,1,4,0,0,3.3,3.3,2.2
1415,30/08/14,Espanol,Sevilla,1,2,A,0,1,A,4,13,2,6,3,7,20,24,4,2,0,0,2.5,3.2,2.88
1415,31/08/14,Elche,Granada,1,1,D,0,0,D,15,5,3,4,8,4,12,17,4,4,0,0,2.2,3.2,3.4
1415,31/08/14,La Coruna,Vallecano,2,2,D,1,1,D,10,12,5,2,2,4,16,18,4,6,0,0,2.25,3.3,3.2
1415,31/08/14,Sociedad,Real Madrid,4,2,H,2,2,D,13,19,5,5,8,6,18,12,1,2,0,0,7.5,5.0,1.36
1415,31/08/14,Villarreal,Barcelona,0,1,A,0,0,D,9,20,0,8,3,10,12,9,0,2,0,0,5.0,4.2,1.57
1415,12/09/14,Almeria,Cordoba,1,1,D,1,1,D,12,11,2,4,8,2,14,22,4,4,0,0,2.05,3.3,3.6
1415,13/09/14,Barcelona,Ath Bilbao,2,0,H,0,0,D,15,3,8,2,5,1,12,11,1,1,0,0,1.3,5.5,8.5
1415,13/09/14,Celta,Sociedad,2,2,D,1,0,H,13,20,6,5,5,8,13,15,1,5,0,0,2.2,3.3,3.3
1415,13/09/14,Malaga,Levante,0,0,D,0,0,D,18,10,7,0,20,1,10,15,1,2,0,0,1.62,3.6,6.0
1415,13/09/14,Real Madrid,Ath Madrid,1,2,A,1,1,D,21,9,4,2,4,4,12,12,4,7,0,0,1.67,3.75,5.0
1415,14/09/14,Granada,Villarreal,0,0,D,0,0,D,9,14,3,3,9,5,12,13,3,2,0,0,3.5,3.2,2.15
1415,14/09/14,Sevilla,Getafe,2,0,H,1,0,H,12,7,4,1,8,5,10,25,2,6,0,0,1.44,4.33,7.0
1415,14/09/14,Valencia,Espanol,3,1,H,1,0,H,11,8,6,3,7,8,15,13,1,1,0,0,1.62,3.75,5.5
1415,14/09/14,Vallecano,Elche,2,3,A,1,1,D,14,12,4,5,6,5,11,23,2,2,0,0,1.73,3.5,5.0
1415,15/09/14,Eibar,La Coruna,0,1,A,0,1,A,14,4,2,1,4,8,11,23,0,5,0,0,2.1,3.2,3.6
1415,19/09/14,Elche,Eibar,0,2,A,0,2,A,15,8,6,4,10,7,9,10,2,1,0,0,2.15,3.0,3.8
1415,20/09/14,Ath Bilbao,Granada,0,1,A,0,1,A,13,3,5,2,7,5,14,20,2,4,0,0,1.44,4.2,7.5
1415,20/09/14,Ath Madrid,Celta,2,2,D,2,1,H,18,5,8,5,6,3,9,17,1,3,0,0,1.44,4.2,7.5
1415,20/09/14,Espanol,Malaga,2,2,D,1,0,H,13,9,8,3,7,2,14,16,2,3,0,0,2.0,3.3,3.75
1415,20/09/14,La Coruna,Real Madrid,2,8,A,0,3,A,14,19,5,13,2,3,8,9,1,1,0,0,9.5,6.0,1.25
1415,21/09/14,Cordoba,Sevilla,1,3,A,0,1,A,9,15,3,8,7,4,11,24,6,2,0,0,3.8,3.3,2.0
1415,21/09/14,Levante,Barcelona,0,5,A,0,2,A,9,17,2,8,3,6,13,11,1,2,1,0,15.0,7.5,1.18
1415,21/09/14,Sociedad,Almeria,1,2,A,0,1,A,22,13,6,5,13,7,19,17,1,6,0,1,1.44,4.5,6.5
1415,21/09/14,Villarreal,Vallecano,4,2,H,1,2,A,19,10,9,3,11,5,11,18,2,2,0,0,1.53,3.8,6.5
1415,22/09/14,Getafe,Valencia,0,3,A,0,2,A,12,7,5,3,6,1,25,17,6,1,0,1,3.6,3.3,2.05
1415,23/09/14,Celta,La Coruna,2,1,H,1,0,H,11,5,4,3,13,4,15,15,3,3,0,0,1.57,3.75,6.0
1415,23/09/14,Real Madrid,Elche,5,1,H,3,1,H,23,10,12,3,8,2,15,15,2,1,0,0,1.08,12.0,23.0
1415,24/09/14,Almeria,Ath Madrid,0,1,A,0,0,D,6,19,1,9,2,10,14,16,3,6,0,0,6.0,3.8,1.57
1415,24/09/14,Eibar,Villarreal,1,1,D,1,0,H,7,15,3,4,2,10,14,17,4,4,0,0,3.4,3.0,2.3
1415,24/09/14,Granada,Levante,0,1,A,0,0,D,8,10,0,4,5,3,14,13,2,6,0,0,1.5,3.9,7.0
1415,24/09/14,Malaga,Barcelona,0,0,D,0,0,D,6,10,2,0,2,8,15,13,2,2,0,0,9.0,5.0,1.33
1415,24/09/14,Sevilla,Sociedad,1,0,H,1,0,H,19,8,8,1,11,4,13,7,6,2,0,0,1.8,3.6,4.33
1415,24/09/14,Vallecano,Ath Bilbao,2,1,H,1,1,D,15,8,5,3,1,2,18,17,2,2,0,0,3.1,3.4,2.25
1415,25/09/14,Espanol,Getafe,2,0,H,0,0,D,10,6,4,2,6,4,16,17,1,2,0,0,1.67,3.6,5.5
1415,25/09/14,Valencia,Cordoba,3,0,H,2,0,H,17,2,7,1,3,3,11,23,1,3,0,0,1.33,5.0,8.5
1415,26/09/14,Elche,Celta,0,1,A,0,0,D,14,16,3,4,0,4,12,14,4,2,0,0,2.8,3.4,2.4
1415,27/09/14,Ath Bilbao,Eibar,0,0,D,0,0,D,13,10,1,2,6,2,13,22,5,6,0,0,1.53,3.75,7.0
1415,27/09/14,Ath Madrid,Sevilla,4,0,H,2,0,H,11,4,6,1,5,3,14,16,4,3,0,0,1.67,4.0,4.75
1415,27/09/14,Barcelona,Granada,6,0,H,3,0,H,19,9,12,1,8,1,11,11,1,3,0,0,1.13,8.5,17.0
1415,27/09/14,Levante,Vallecano,0,2,A,0,2,A,7,13,0,5,5,7,21,16,4,3,0,0,3.0,3.2,2.4
1415,27/09/14,Villarreal,Real Madrid,0,2,A,0,2,A,19,11,5,3,7,6,7,10,0,1,0,0,5.25,4.0,1.62
1415,28/09/14,Cordoba,Espanol,0,0,D,0,0,D,10,4,4,2,3,5,13,26,2,6,0,0,2.7,3.25,2.6
1415,28/09/14,Getafe,Malaga,1,0,H,1,0,H,9,10,3,0,4,4,8,16,0,3,0,1,3.0,3.2,2.38
1415,28/09/14,La Coruna,Almeria,0,1,A,0,0,D,8,15,1,6,6,5,14,18,2,4,0,0,2.05,3.4,3.6
1415,28/09/14,Sociedad,Valencia,1,1,D,1,1,D,18,7,5,2,11,4,13,17,2,5,0,0,2.63,3.3,2.63
1415,03/10/14,Getafe,Cordoba,1,1,D,0,0,D,18,10,5,3,8,3,12,11,1,2,0,0,1.95,3.2,4.2
1415,04/10/14,Almeria,Elche,2,2,D,1,1,D,16,6,3,3,9,5,13,18,2,4,0,1,2.15,3.1,3.6
1415,04/10/14,Eibar,Levante,3,3,D,0,2,A,14,13,6,5,4,4,12,16,3,1,0,0,1.8,3.4,4.75
1415,04/10/14,Malaga,Granada,2,1,H,0,1,A,17,8,3,5,3,3,12,15,1,4,1,0,1.8,3.5,4.5
1415,04/10/14,Valencia,Ath Madrid,3,1,H,3,1,H,6,19,3,5,1,6,23,14,4,0,0,1,2.75,3.2,2.6
1415,04/10/14,Vallecano,Barcelona,0,2,A,0,2,A,14,18,4,7,6,7,19,7,2,2,2,0,9.0,6.5,1.25
1415,05/10/14,Celta,Villarreal,1,3,A,1,2,A,15,11,6,4,11,4,15,22,3,4,1,0,2.38,3.2,3.0
1415,05/10/14,Espanol,Sociedad,2,0,H,1,0,H,10,13,4,4,4,4,20,12,6,2,0,0,2.5,3.25,2.8
1415,05/10/14,Real Madrid,Ath Bilbao,5,0,H,2,0,H,19,6,14,5,8,7,9,10,1,2,0,0,1.2,6.5,15.0
1415,05/10/14,Sevilla,La Coruna,4,1,H,2,1,H,16,7,10,5,9,2,11,10,2,2,0,0,1.4,4.4,8.0
1415,17/10/14,Granada,Vallecano,0,1,A,0,0,D,9,8,1,2,3,6,17,13,4,5,0,0,2.2,3.3,3.3
1415,18/10/14,Ath Bilbao,Celta,1,1,D,1,0,H,13,4,4,1,9,2,13,16,3,3,0,0,1.91,3.6,3.75
1415,18/10/14,Barcelona,Eibar,3,0,H,0,0,D,27,4,12,2,12,3,9,13,2,2,0,0,1.1,9.0,21.0
1415,18/10/14,Cordoba,Malaga,1,2,A,0,2,A,8,8,2,4,6,13,16,21,2,3,0,0,3.25,3.0,2.38
1415,18/10/14,Levante,Real Madrid,0,5,A,0,2,A,11,21,1,11,6,3,13,8,4,0,0,0,13.0,7.5,1.17
1415,19/10/14,Ath Madrid,Espanol,2,0,H,1,0,H,20,7,9,1,12,1,19,19,0,0,0,0,1.33,4.75,9.5
1415,19/10/14,Elche,Sevilla,0,2,A,0,0,D,12,10,1,7,6,4,18,23,5,2,0,0,3.6,3.4,2.05
1415,19/10/14,La Coruna,Valencia,3,0,H,2,0,H,11,8,5,1,3,5,19,19,3,3,0,0,4.5,3.4,1.83
1415,19/10/14,Villarreal,Almeria,2,0,H,1,0,H,17,10,8,3,6,4,20,16,5,2,0,0,1.33,5.0,9.0
1415,20/10/14,Sociedad,Getafe,1,2,A,0,0,D,13,16,2,7,8,4,10,13,1,3,0,0,1.53,4.0,6.0
1415,24/10/14,Celta,Levante,3,0,H,1,0,H,13,4,4,0,7,0,14,16,0,3,0,0,1.44,4.5,6.0
1415,25/10/14,Almeria,Ath Bilbao,0,1,A,0,0,D,7,6,3,1,4,8,10,14,2,1,0,0,3.3,3.25,2.2
1415,25/10/14,Cordoba,Sociedad,1,1,D,0,1,A,7,7,3,1,5,4,13,12,3,2,0,0,3.4,3.2,2.2
1415,25/10/14,Eibar,Granada,1,1,D,1,1,D,7,8,3,3,7,8,14,14,3,4,0,0,2.1,3.1,3.75
1415,25/10/14,Real Madrid,Barcelona,3,1,H,1,1,D,18,16,6,5,3,9,11,10,2,4,0,0,2.38,3.75,3.0
1415,25/10/14,Valencia,Elche,3,1,H,2,0,H,12,8,4,3,8,6,11,17,0,2,0,0,1.36,4.75,8.5
1415,26/10/14,Espanol,La Coruna,0,0,D,0,0,D,16,5,5,1,11,0,12,17,2,4,0,0,1.91,3.4,4.0
1415,26/10/14,Getafe,Ath Madrid,0,1,A,0,1,A,11,12,4,7,1,8,17,11,3,3,1,0,7.0,3.75,1.53
1415,26/10/14,Malaga,Vallecano,4,0,H,3,0,H,18,10,8,4,7,4,18,21,1,4,0,0,1.83,3.5,4.33
1415,26/10/14,Sevilla,Villarreal,2,1,H,0,0,D,8,11,4,4,3,2,19,15,3,4,0,0,2.0,3.4,3.75
1415,31/10/14,La Coruna,Getafe,1,2,A,0,1,A,9,16,2,4,4,6,7,23,2,1,0,0,2.2,3.1,3.5
1415,01/11/14,Ath Madrid,Cordoba,4,2,H,1,0,H,16,8,8,4,4,5,12,13,0,2,0,0,1.18,6.5,15.0
1415,01/11/14,Barcelona,Celta,0,1,A,0,0,D,19,10,9,4,9,5,10,29,1,2,0,0,1.13,8.5,17.0
1415,01/11/14,Granada,Real Madrid,0,4,A,0,2,A,11,18,5,8,3,4,19,9,1,2,0,0,12.0,7.0,1.2
1415,01/11/14,Sociedad,Malaga,0,1,A,0,0,D,5,6,0,2,6,3,18,22,2,5,0,0,2.2,3.4,3.2
1415,02/11/14,Ath Bilbao,Sevilla,1,0,H,1,0,H,9,4,2,1,4,8,24,11,4,3,0,0,2.4,3.3,2.9
1415,02/11/14,Elche,Espanol,2,1,H,1,0,H,11,15,5,5,4,10,19,10,2,2,2,0,2.63,3.1,2.75
1415,02/11/14,Levante,Almeria,2,1,H,1,0,H,11,14,5,5,3,6,17,17,3,2,0,0,2.4,3.1,3.1
1415,02/11/14,Villarreal,Valencia,1,3,A,0,1,A,14,6,4,3,11,4,12,15,2,3,0,0,2.1,3.4,3.4
1415,03/11/14,Vallecano,Eibar,2,3,A,0,1,A,16,8,6,5,11,2,10,14,1,2,0,0,2.05,3.2,3.8
1415,07/11/14,Cordoba,La Coruna,0,0,D,0,0,D,14,6,6,2,3,2,10,5,4,0,0,1,2.25,3.1,3.4
1415,08/11/14,Almeria,Barcelona,1,2,A,1,0,H,6,18,2,6,4,5,16,9,2,0,0,0,17.0,7.5,1.14
1415,08/11/14,Celta,Granada,0,0,D,0,0,D,17,8,5,1,6,2,14,17,1,5,0,0,1.57,3.8,6.0
1415,08/11/14,Getafe,Elche,0,0,D,0,0,D,16,11,3,5,9,2,11,8,1,2,0,0,2.0,3.2,4.0
1415,08/11/14,Malaga,Eibar,2,1,H,0,1,A,15,7,8,3,5,3,9,15,3,2,0,1,1.57,3.75,6.0
1415,08/11/14,Real Madrid,Vallecano,5,1,H,2,1,H,16,15,11,6,4,6,12,15,0,4,0,0,1.05,15.0,26.0
1415,09/11/14,Espanol,Villarreal,1,1,D,0,1,A,11,9,4,5,6,7,16,25,3,3,0,0,3.1,3.2,2.3
1415,09/11/14,Sevilla,Levante,1,1,D,1,0,H,15,16,6,5,6,5,13,10,2,6,0,0,1.25,5.5,12.0
1415,09/11/14,Sociedad,Ath Madrid,2,1,H,1,1,D,11,4,5,2,2,1,17,17,2,6,0,1,4.33,3.6,1.8
1415,09/11/14,Valencia,Ath Bilbao,0,0,D,0,0,D,8,4,1,1,2,4,13,17,0,2,0,0,1.62,4.0,5.25
1415,21/11/14,Ath Bilbao,Espanol,3,1,H,2,0,H,9,8,5,3,5,3,15,18,0,5,0,0,1.8,3.5,4.5
1415,22/11/14,Ath Madrid,Malaga,3,1,H,2,0,H,11,4,5,1,4,3,18,14,1,3,1,1,1.44,4.2,7.5
1415,22/11/14,Barcelona,Sevilla,5,1,H,1,0,H,16,2,10,0,5,4,8,21,1,2,0,0,1.2,7.0,11.0
1415,22/11/14,Eibar,Real Madrid,0,4,A,0,2,A,10,19,2,8,4,2,16,9,4,2,0,0,15.0,6.5,1.18
1415,22/11/14,La Coruna,Sociedad,0,0,D,0,0,D,11,17,4,5,8,6,14,11,3,1,0,0,3.4,3.25,2.15
1415,23/11/14,Elche,Cordoba,2,2,D,0,1,A,17,10,6,3,6,2,16,14,3,4,0,0,2.0,3.2,4.0
1415,23/11/14,Levante,Valencia,2,1,H,0,0,D,10,17,5,6,4,5,20,18,2,1,0,0,5.0,3.75,1.67
1415,23/11/14,Vallecano,Celta,1,0,H,1,0,H,9,14,3,4,2,9,14,16,6,4,0,0,2.7,3.3,2.55
1415,23/11/14,Villarreal,Getafe,2,1,H,2,0,H,10,15,4,5,7,4,15,14,3,2,0,0,1.44,4.5,6.5
1415,24/11/14,Granada,Almeria,0,0,D,0,0,D,24,3,11,1,10,5,10,7,4,0,0,1,2.0,3.3,3.8
1415,28/11/14,Sociedad,Elche,3,0,H,2,0,H,12,13,8,5,2,1,15,15,2,4,0,0,1.7,3.75,5.0
1415,29/11/14,Celta,Eibar,0,1,A,0,1,A,29,8,9,2,15,1,10,21,4,5,0,0,1.62,4.0,5.5
1415,29/11/14,Espanol,Levante,2,1,H,2,1,H,10,16,4,3,5,6,21,10,2,3,0,0,1.67,3.7,5.5
1415,29/11/14,Getafe,Ath Bilbao,1,2,A,0,1,A,14,8,7,3,2,4,12,15,7,5,0,0,2.88,3.1,2.63
1415,29/11/14,Malaga,Real Madrid,1,2,A,0,1,A,12,21,7,9,5,6,17,11,2,2,0,1,10.0,6.0,1.29
1415,30/11/14,Ath Madrid,La Coruna,2,0,H,1,0,H,9,3,4,1,5,3,16,18,2,2,0,0,1.18,7.0,17.0
1415,30/11/14,Cordoba,Villarreal,0,2,A,0,1,A,11,10,2,7,9,8,7,13,2,2,0,0,4.33,3.6,1.85
1415,30/11/14,Sevilla,Granada,5,1,H,1,1,D,13,9,8,4,7,4,18,20,1,2,0,0,1.44,4.5,7.5
1415,30/11/14,Valencia,Barcelona,0,1,A,0,0,D,12,7,4,1,5,5,9,7,3,3,0,0,6.0,4.33,1.53
1415,01/12/14,Almeria,Vallecano,0,1,A,0,0,D,11,11,1,4,5,6,14,12,4,4,0,0,2.38,3.4,3.0
1415,06/12/14,Ath Bilbao,Cordoba,0,1,A,0,1,A,15,7,3,3,15,4,13,14,4,6,0,0,1.4,4.5,9.0
1415,06/12/14,Elche,Ath Madrid,0,2,A,0,1,A,8,4,1,3,6,1,18,15,2,0,0,0,7.0,3.75,1.57
1415,06/12/14,La Coruna,Malaga,0,1,A,0,1,A,14,8,6,3,5,5,14,15,4,3,0,0,3.6,3.25,2.1
1415,06/12/14,Real Madrid,Celta,3,0,H,1,0,H,20,9,11,0,8,7,15,21,4,4,0,0,1.09,12.0,21.0
1415,07/12/14,Barcelona,Espanol,5,1,H,1,1,D,15,3,7,2,5,2,6,11,0,4,0,0,1.09,12.0,21.0
1415,07/12/14,Granada,Valencia,1,1,D,0,0,D,9,9,2,1,4,4,20,9,4,4,0,1,3.9,3.4,2.0
1415,07/12/14,Vallecano,Sevilla,0,1,A,0,1,A,11,11,3,6,6,2,14,19,4,6,0,1,3.3,3.4,2.2
1415,07/12/14,Villarreal,Sociedad,4,0,H,0,0,D,24,12,9,2,8,2,14,8,2,2,0,0,1.67,3.75,5.5
1415,08/12/14,Eibar,Almeria,5,2,H,3,1,H,17,14,8,3,7,3,18,12,4,3,0,0,2.05,3.2,4.0
1415,08/12/14,Levante,Getafe,1,1,D,0,0,D,16,5,3,1,4,0,14,17,3,4,0,0,2.6,3.1,2.9
1415,12/12/14,Almeria,Real Madrid,1,4,A,1,2,A,16,15,3,8,2,8,14,8,4,4,0,0,17.0,7.5,1.17
1415,13/12/14,Cordoba,Levante,0,0,D,0,0,D,13,12,4,3,7,6,6,19,0,3,0,0,2.2,3.2,3.5
1415,13/12/14,Getafe,Barcelona,0,0,D,0,0,D,4,23,2,2,4,5,24,8,2,0,0,0,13.0,6.5,1.22
1415,13/12/14,Malaga,Celta,1,0,H,1,0,H,12,14,4,8,1,9,15,13,5,4,0,0,2.1,3.3,3.5
1415,13/12/14,Valencia,Vallecano,3,0,H,3,0,H,14,19,6,4,6,2,16,14,3,3,1,0,1.5,4.5,6.0
1415,14/12/14,Ath Madrid,Villarreal,0,1,A,0,0,D,11,7,2,4,7,2,15,16,4,3,0,0,1.62,4.0,5.5
1415,14/12/14,Espanol,Granada,2,1,H,1,0,H,12,7,4,6,2,3,13,19,2,4,0,1,1.7,3.6,5.5
1415,14/12/14,Sevilla,Eibar,0,0,D,0,0,D,16,6,2,2,11,2,11,17,3,6,0,0,1.4,4.5,9.0
1415,14/12/14,Sociedad,Ath Bilbao,1,1,D,1,0,H,14,12,4,5,3,6,12,21,0,3,0,1,2.5,3.2,3.0
1415,15/12/14,La Coruna,Elche,1,0,H,1,0,H,15,10,3,4,7,5,19,19,5,2,0,0,2.25,3.2,3.4
1415,19/12/14,Celta,Almeria,0,1,A,0,1,A,19,4,4,2,17,2,10,19,6,4,0,0,1.44,4.5,6.5
1415,20/12/14,Barcelona,Cordoba,5,0,H,1,0,H,16,7,9,2,8,0,14,5,1,0,0,0,1.06,15.0,26.0
1415,20/12/14,Eibar,Valencia,0,1,A,0,1,A,8,10,2,3,2,5,16,8,7,3,0,0,3.8,3.3,2.05
1415,20/12/14,Levante,Sociedad,1,1,D,0,0,D,11,3,2,2,3,4,16,20,3,5,0,0,3.0,3.2,2.5
1415,20/12/14,Vallecano,Espanol,1,3,A,1,1,D,16,7,5,4,4,5,11,20,3,4,0,1,2.3,3.4,3.1
1415,21/12/14,Ath Bilbao,Ath Madrid,1,4,A,1,0,H,4,5,2,4,3,1,12,14,3,4,0,0,3.6,3.1,2.25
1415,21/12/14,Elche,Malaga,1,2,A,1,0,H,9,19,3,10,5,4,21,13,2,1,0,0,3.1,3.1,2.5
1415,21/12/14,Granada,Getafe,1,1,D,1,0,H,13,12,3,4,3,5,19,8,4,2,0,0,2.38,3.1,3.3
1415,21/12/14,Villarreal,La Coruna,3,0,H,1,0,H,15,10,9,2,5,2,16,15,1,3,1,0,1.33,5.0,10.0
1415,03/01/15,Ath Madrid,Levante,3,1,H,1,0,H,13,10,5,4,7,6,6,10,2,3,0,0,1.2,6.5,17.0
1415,03/01/15,Elche,Villarreal,2,2,D,2,2,D,18,18,8,5,6,9,15,13,4,2,0,0,5.0,3.6,1.75
1415,03/01/15,La Coruna,Ath Bilbao,1,0,H,1,0,H,8,12,4,4,5,2,20,16,1,1,0,0,3.2,3.1,2.4
1415,03/01/15,Malaga,Almeria,1,2,A,0,1,A,14,6,6,4,7,1,19,17,5,4,0,1,1.53,4.1,6.5
1415,03/01/15,Sevilla,Celta,1,0,H,1,0,H,10,16,4,2,1,8,28,17,4,5,0,1,1.67,3.8,5.5
1415,04/01/15,Espanol,Eibar,1,2,A,0,2,A,15,12,6,6,6,3,9,15,1,1,0,0,1.85,3.4,4.75
1415,04/01/15,Getafe,Vallecano,1,2,A,1,1,D,12,16,4,7,6,4,23,12,3,2,0,0,2.25,3.4,3.2
1415,04/01/15,Sociedad,Barcelona,1,0,H,1,0,H,6,17,1,4,6,8,21,14,5,4,0,0,9.0,5.25,1.33
1415,04/01/15,Valencia,Real Madrid,2,1,H,0,1,A,11,19,3,8,3,11,24,17,6,3,0,0,5.5,4.33,1.57
1415,05/01/15,Cordoba,Granada,2,0,H,2,0,H,5,12,3,1,0,4,22,17,2,0,0,0,2.6,3.0,3.0
1415,09/01/15,Levante,La Coruna,0,0,D,0,0,D,9,13,0,6,4,3,22,17,4,3,0,0,2.1,3.1,3.75
1415,10/01/15,Celta,Valencia,1,1,D,0,1,A,14,4,4,2,11,2,20,19,3,3,0,0,2.7,3.2,2.7
1415,10/01/15,Eibar,Getafe,2,1,H,1,0,H,12,7,5,3,2,3,19,12,2,1,0,0,2.3,3.1,3.4
1415,10/01/15,Malaga,Villarreal,1,1,D,0,1,A,13,9,6,4,5,3,6,15,4,4,0,0,3.0,3.2,2.5
1415,10/01/15,Real Madrid,Espanol,3,0,H,2,0,H,18,11,5,4,7,2,11,14,1,4,1,0,1.08,11.0,29.0
1415,11/01/15,Almeria,Sevilla,0,2,A,0,0,D,19,12,6,6,5,5,16,12,1,2,0,0,4.75,3.4,1.85
1415,11/01/15,Ath Bilbao,Elche,1,2,A,0,1,A,13,8,3,5,10,2,7,15,2,6,0,0,1.53,3.8,7.5
1415,11/01/15,Barcelona,Ath Madrid,3,1,H,2,0,H,17,5,7,3,1,3,16,18,3,6,0,0,1.57,4.33,5.5
1415,11/01/15,Granada,Sociedad,1,1,D,0,1,A,20,10,3,5,11,4,9,15,2,2,0,0,2.8,3.1,2.7
1415,12/01/15,Vallecano,Cordoba,0,1,A,0,1,A,21,9,4,3,6,2,10,9,3,2,0,0,1.67,3.75,5.5
1415,16/01/15,Cordoba,Eibar,1,1,D,1,0,H,14,6,5,1,2,3,18,12,4,3,1,1,2.6,3.0,3.0
1415,17/01/15,Espanol,Celta,1,0,H,0,0,D,15,3,3,2,9,1,9,23,3,3,0,0,2.7,3.25,2.7
1415,17/01/15,Sociedad,Vallecano,0,1,A,0,0,D,10,12,2,4,8,4,12,20,0,4,0,0,1.91,3.5,4.2
1415,17/01/15,Valencia,Almeria,3,2,H,2,2,D,15,8,8,2,8,4,14,18,2,2,0,0,1.33,5.0,10.0
1415,17/01/15,Villarreal,Ath Bilbao,2,0,H,1,0,H,19,11,6,5,9,6,15,10,2,2,0,0,1.67,3.8,5.5
1415,18/01/15,Ath Madrid,Granada,2,0,H,1,0,H,12,5,3,1,3,6,17,16,3,3,0,0,1.18,7.0,17.0
1415,18/01/15,Elche,Levante,1,0,H,1,0,H,15,9,6,2,3,5,18,11,3,3,0,1,2.2,3.2,3.6
1415,18/01/15,Getafe,Real Madrid,0,3,A,0,0,D,6,24,0,9,7,8,19,10,2,2,0,0,13.0,6.5,1.22
1415,18/01/15,La Coruna,Barcelona,0,4,A,0,2,A,7,14,2,6,2,4,14,7,2,2,0,0,15.0,7.5,1.18
1415,18/01/15,Sevilla,Malaga,2,0,H,1,0,H,4,4,3,1,2,0,9,6,3,1,0,0,1.73,3.6,5.25
1415,24/01/15,Ath Madrid,Vallecano,3,1,H,2,1,H,12,10,5,3,8,5,15,12,1,1,0,0,1.25,6.0,12.0
1415,24/01/15,Cordoba,Real Madrid,1,2,A,1,1,D,16,13,4,4,3,9,15,13,1,3,1,1,21.0,8.0,1.14
1415,24/01/15,Elche,Barcelona,0,6,A,0,1,A,6,12,3,8,2,3,18,12,5,2,1,0,19.0,7.0,1.17
1415,24/01/15,Sociedad,Eibar,1,0,H,0,0,D,19,9,4,4,9,5,6,17,2,2,0,0,1.75,3.6,4.75
1415,24/01/15,Villarreal,Levante,1,0,H,0,0,D,15,11,4,1,6,3,12,8,0,3,0,0,1.29,5.0,11.0
1415,25/01/15,Ath Bilbao,Malaga,1,1,D,0,0,D,11,8,5,3,8,2,16,17,0,1,0,0,2.05,3.2,3.75
1415,25/01/15,Espanol,Almeria,3,0,H,2,0,H,18,9,9,1,9,7,16,12,2,1,0,0,1.7,3.5,5.25
1415,25/01/15,La Coruna,Granada,2,2,D,2,1,H,13,5,7,2,7,2,18,15,3,3,1,0,2.2,3.2,3.4
1415,25/01/15,Valencia,Sevilla,3,1,H,2,1,H,13,10,8,6,3,7,23,15,6,5,0,0,2.2,3.3,3.4
1415,26/01/15,Getafe,Celta,2,1,H,1,1,D,13,7,6,2,6,2,9,17,2,5,0,0,2.88,3.2,2.5
1415,30/01/15,Vallecano,La Coruna,1,2,A,1,1,D,11,13,4,6,10,7,14,18,4,5,0,0,1.75,3.5,5.25
1415,31/01/15,Celta,Cordoba,1,0,H,0,0,D,19,8,9,3,8,2,10,10,2,6,0,0,1.44,4.2,8.5
1415,31/01/15,Eibar,Ath Madrid,1,3,A,0,3,A,11,8,3,5,6,8,14,16,3,3,0,0,6.5,3.8,1.57
1415,31/01/15,Granada,Elche,1,0,H,0,0,D,14,5,2,1,12,4,14,13,4,4,0,1,1.95,3.25,4.33
1415,31/01/15,Real Madrid,Sociedad,4,1,H,2,1,H,26,8,11,2,10,3,8,11,3,1,0,0,1.18,7.0,17.0
1415,01/02/15,Almeria,Getafe,1,0,H,1,0,H,12,12,7,7,6,3,18,10,3,3,1,1,2.38,3.1,3.3
1415,01/02/15,Barcelona,Villarreal,3,2,H,1,1,D,19,9,7,3,8,2,10,20,1,2,0,0,1.2,7.0,13.0
1415,01/02/15,Levante,Ath Bilbao,0,2,A,0,0,D,10,14,4,5,5,4,17,12,2,5,0,0,3.3,3.1,2.38
1415,01/02/15,Sevilla,Espanol,3,2,H,2,1,H,22,5,7,2,7,2,20,11,8,3,0,1,1.62,3.8,6.0
1415,02/02/15,Malaga,Valencia,1,0,H,1,0,H,13,10,6,3,5,3,19,18,5,3,0,1,2.63,3.2,2.8
1415,04/02/15,Real Madrid,Sevilla,2,1,H,2,0,H,14,15,4,3,4,6,9,21,3,6,0,0,1.29,6.0,10.0
1415,06/02/15,La Coruna,Eibar,2,0,H,0,0,D,15,4,5,2,5,3,12,21,2,3,0,0,2.15,3.25,3.6
1415,07/02/15,Ath Madrid,Real Madrid,4,0,H,2,0,H,17,4,8,1,2,3,17,18,5,2,0,0,2.88,3.4,2.45
1415,07/02/15,Levante,Malaga,4,1,H,2,1,H,11,4,6,3,2,5,20,13,2,1,0,0,3.4,3.1,2.3
1415,07/02/15,Sociedad,Celta,1,1,D,1,0,H,7,12,3,3,2,6,17,22,5,4,0,0,2.5,3.25,2.9
1415,07/02/15,Villarreal,Granada,2,0,H,1,0,H,9,11,6,3,5,8,12,18,2,1,0,0,1.3,5.25,11.0
1415,08/02/15,Ath Bilbao,Barcelona,2,5,A,0,2,A,15,19,6,11,4,4,15,10,3,1,1,0,9.0,5.25,1.33
1415,08/02/15,Cordoba,Almeria,1,2,A,1,0,H,14,8,7,2,6,6,15,17,2,5,0,0,2.25,3.1,3.5
1415,08/02/15,Espanol,Valencia,1,2,A,0,0,D,9,13,3,5,7,2,22,16,5,4,0,0,2.8,3.2,2.63
1415,08/02/15,Getafe,Sevilla,2,1,H,1,0,H,18,9,8,2,9,5,6,13,1,2,0,0,3.8,3.3,2.05
1415,09/02/15,Elche,Vallecano,2,0,H,1,0,H,18,11,5,3,5,4,21,21,2,3,0,1,2.6,3.2,2.8
1415,13/02/15,Almeria,Sociedad,2,2,D,2,1,H,9,7,4,3,6,6,21,15,5,4,0,0,2.45,3.2,3.0
1415,14/02/15,Granada,Ath Bilbao,0,0,D,0,0,D,11,10,4,0,4,4,16,9,4,4,1,0,2.9,3.1,2.63
1415,14/02/15,Malaga,Espanol,0,2,A,0,1,A,17,6,5,2,10,3,12,18,3,7,0,1,2.1,3.3,3.75
1415,14/02/15,Real Madrid,La Coruna,2,0,H,1,0,H,17,15,6,4,6,6,12,17,2,4,0,0,1.08,13.0,21.0
1415,14/02/15,Sevilla,Cordoba,3,0,H,2,0,H,18,10,6,3,8,1,15,16,0,1,1,1,1.36,5.0,9.0
1415,15/02/15,Barcelona,Levante,5,0,H,2,0,H,18,5,10,1,3,4,6,13,1,2,0,0,1.05,15.0,34.0
1415,15/02/15,Celta,Ath Madrid,2,0,H,0,0,D,14,10,3,5,9,2,4,12,0,3,0,0,3.8,3.25,2.1
1415,15/02/15,Valencia,Getafe,1,0,H,0,0,D,13,10,3,1,7,2,16,10,3,4,0,0,1.44,4.5,7.5
1415,15/02/15,Vallecano,Villarreal,2,0,H,0,0,D,13,9,7,2,5,5,12,14,2,2,0,0,3.3,3.4,2.2
1415,16/02/15,Eibar,Elche,0,1,A,0,0,D,18,6,7,2,5,3,13,12,3,1,1,0,2.15,3.1,3.8
1415,20/02/15,Getafe,Espanol,2,1,H,1,0,H,10,11,4,7,2,5,15,14,3,3,0,0,2.4,3.1,3.25
1415,21/02/15,Ath Madrid,Almeria,3,0,H,3,0,H,9,9,6,1,8,4,13,13,1,1,1,0,1.2,6.5,15.0
1415,21/02/15,Barcelona,Malaga,0,1,A,0,1,A,11,11,5,3,11,3,9,11,4,3,0,0,1.11,10.0,21.0
1415,21/02/15,Cordoba,Valencia,1,2,A,0,1,A,11,17,4,7,6,2,17,15,1,2,0,0,4.33,3.25,1.95
1415,21/02/15,La Coruna,Celta,0,2,A,0,0,D,14,8,4,5,4,3,17,13,2,4,1,0,3.3,3.2,2.3
1415,22/02/15,Ath Bilbao,Vallecano,1,0,H,0,0,D,19,5,6,1,11,4,17,13,3,2,0,0,1.91,3.5,4.2
1415,22/02/15,Elche,Real Madrid,0,2,A,0,0,D,4,17,1,5,1,6,17,6,4,1,0,0,17.0,7.0,1.18
1415,22/02/15,Sociedad,Sevilla,4,3,H,1,1,D,17,17,8,5,5,10,16,12,5,3,0,0,2.9,3.3,2.5
1415,22/02/15,Villarreal,Eibar,1,0,H,0,0,D,21,10,6,1,8,3,5,3,2,0,0,0,1.36,4.75,9.0
1415,23/02/15,Levante,Granada,2,1,H,0,1,A,9,10,4,4,7,4,18,14,3,5,1,2,2.3,3.1,3.4
1415,27/02/15,Espanol,Cordoba,1,0,H,1,0,H,12,16,4,4,2,6,22,14,5,4,0,0,1.57,3.8,6.5
1415,28/02/15,Almeria,La Coruna,0,0,D,0,0,D,10,25,3,9,7,11,13,19,2,3,2,0,2.25,3.2,3.4
1415,28/02/15,Granada,Barcelona,1,3,A,0,1,A,10,16,4,9,4,5,18,9,2,3,0,0,17.0,7.5,1.17
1415,28/02/15,Malaga,Getafe,3,2,H,1,0,H,16,10,6,6,6,5,11,16,3,1,0,0,1.75,3.6,5.0
1415,28/02/15,Vallecano,Levante,4,2,H,4,1,H,13,10,7,3,5,2,15,18,2,2,0,0,1.67,3.75,5.5
1415,01/03/15,Eibar,Ath Bilbao,0,1,A,0,1,A,6,13,2,8,5,6,16,14,3,2,0,0,3.25,3.1,2.38
1415,01/03/15,Real Madrid,Villarreal,1,1,D,0,0,D,25,9,7,4,10,4,7,20,2,5,0,0,1.2,7.0,13.0
1415,01/03/15,Sevilla,Ath Madrid,0,0,D,0,0,D,13,9,4,2,7,1,13,14,4,7,0,0,3.0,3.2,2.45
1415,01/03/15,Valencia,Sociedad,2,0,H,0,0,D,19,8,3,0,9,5,14,14,3,3,0,0,1.57,4.0,6.0
1415,02/03/15,Celta,Elche,1,1,D,0,0,D,11,7,5,1,6,3,16,12,5,3,0,0,1.5,4.2,7.0
1415,06/03/15,Levante,Eibar,2,1,H,0,0,D,12,14,4,3,6,7,11,17,4,5,0,1,2.05,3.3,4.0
1415,07/03/15,Ath Bilbao,Real Madrid,1,0,H,1,0,H,6,13,2,2,1,9,17,11,3,4,0,0,7.0,4.75,1.44
1415,07/03/15,Elche,Almeria,1,0,H,1,0,H,15,9,4,2,6,5,13,15,3,0,0,0,2.05,3.4,3.8
1415,07/03/15,Granada,Malaga,1,0,H,0,0,D,14,5,4,1,8,1,11,20,4,5,0,0,2.9,3.2,2.6
1415,07/03/15,La Coruna,Sevilla,3,4,A,1,1,D,15,11,5,6,5,1,12,14,1,4,0,0,3.8,3.4,2.05
1415,08/03/15,Ath Madrid,Valencia,1,1,D,1,0,H,8,3,3,1,6,1,22,19,5,6,0,1,1.62,3.75,6.0
1415,08/03/15,Barcelona,Vallecano,6,1,H,1,0,H,19,7,12,3,4,1,13,11,3,2,1,1,1.05,15.0,34.0
1415,08/03/15,Sociedad,Espanol,1,0,H,1,0,H,10,9,4,4,6,5,13,14,2,3,0,0,2.2,3.3,3.4
1415,08/03/15,Villarreal,Celta,4,1,H,2,0,H,12,13,8,4,3,2,9,14,0,2,0,0,1.95,3.5,4.0
1415,09/03/15,Cordoba,Getafe,1,2,A,0,0,D,18,15,4,7,5,6,11,10,3,2,0,0,2.4,3.1,3.2
1415,13/03/15,Valencia,La Coruna,2,0,H,0,0,D,16,5,8,2,5,5,12,17,1,2,0,0,1.44,4.5,8.0
1415,14/03/15,Celta,Ath Bilbao,1,2,A,0,2,A,16,12,5,4,8,5,14,12,3,3,0,1,2.1,3.4,3.6
1415,14/03/15,Eibar,Barcelona,0,2,A,0,1,A,13,12,2,4,6,3,14,3,1,0,0,0,19.0,8.5,1.14
1415,14/03/15,Espanol,Ath Madrid,0,0,D,0,0,D,7,14,1,6,6,7,33,18,3,3,0,1,3.8,3.1,2.15
1415,14/03/15,Vallecano,Granada,3,1,H,0,1,A,16,11,8,3,6,6,15,8,3,2,0,0,2.0,3.3,4.0
1415,15/03/15,Almeria,Villarreal,0,0,D,0,0,D,10,18,2,7,4,3,16,15,4,4,1,1,4.0,3.3,2.0
1415,15/03/15,Malaga,Cordoba,2,0,H,0,0,D,19,4,6,2,2,3,11,15,0,2,0,0,1.57,3.75,7.0
1415,15/03/15,Real Madrid,Levante,2,0,H,2,0,H,22,8,6,0,10,4,9,14,2,0,0,0,1.06,13.0,34.0
1415,15/03/15,Sevilla,Elche,3,0,H,2,0,H,12,14,4,3,5,9,13,11,2,3,0,0,1.4,4.75,8.0
1415,16/03/15,Getafe,Sociedad,0,1,A,0,0,D,14,10,5,4,6,5,14,12,4,1,0,0,2.3,3.2,3.3
1415,20/03/15,Elche,Valencia,0,4,A,0,1,A,7,10,1,5,4,4,12,10,1,0,0,0,3.8,3.4,2.0
1415,21/03/15,Ath Bilbao,Almeria,2,1,H,2,0,H,19,7,6,1,9,6,8,20,2,4,0,1,1.5,4.0,7.5
1415,21/03/15,Ath Madrid,Getafe,2,0,H,2,0,H,15,5,6,1,10,5,10,16,2,2,0,0,1.33,5.0,10.0
1415,21/03/15,Granada,Eibar,0,0,D,0,0,D,17,4,4,1,7,5,14,17,4,1,0,0,1.95,3.25,4.33
1415,21/03/15,Levante,Celta,0,1,A,0,0,D,9,17,3,5,5,5,17,9,4,3,0,0,3.3,3.3,2.25
1415,21/03/15,Vallecano,Malaga,1,0,H,1,0,H,11,6,2,2,7,4,20,15,8,0,0,1,2.5,3.4,2.8
1415,22/03/15,Barcelona,Real Madrid,2,1,H,1,1,D,17,13,5,4,7,10,9,14,5,6,0,0,1.67,4.5,4.5
1415,22/03/15,La Coruna,Espanol,0,0,D,0,0,D,14,7,1,2,2,2,10,16,4,4,0,0,2.6,3.25,2.8
1415,22/03/15,Sociedad,Cordoba,3,1,H,1,1,D,19,11,3,6,9,5,9,16,1,5,0,3,1.62,3.75,6.0
1415,22/03/15,Villarreal,Sevilla,0,2,A,0,0,D,23,9,5,5,8,2,11,16,2,1,0,0,2.05,3.4,3.75
1415,03/04/15,Eibar,Vallecano,1,2,A,1,2,A,12,13,4,8,4,4,15,15,3,3,1,0,2.5,3.3,2.9
1415,04/04/15,Almeria,Levante,1,4,A,0,2,A,9,15,3,5,7,8,18,16,4,2,1,0,2.1,3.25,3.75
1415,04/04/15,Cordoba,Ath Madrid,0,2,A,0,2,A,11,8,2,4,3,5,12,9,2,1,0,0,9.5,4.5,1.4
1415,04/04/15,Malaga,Sociedad,1,1,D,0,0,D,13,9,6,3,12,3,17,10,4,5,0,0,1.95,3.4,4.2
1415,04/04/15,Sevilla,Ath Bilbao,2,0,H,2,0,H,9,14,5,2,6,7,17,9,3,3,0,0,1.75,3.75,4.75
1415,05/04/15,Celta,Barcelona,0,1,A,0,0,D,7,12,1,3,4,3,26,12,2,2,1,0,7.5,5.0,1.4
1415,05/04/15,Getafe,La Coruna,2,1,H,2,0,H,11,9,4,2,5,1,19,14,1,3,0,0,2.25,3.1,3.6
1415,05/04/15,Real Madrid,Granada,9,1,H,4,0,H,29,11,11,6,10,1,6,9,1,2,0,0,1.08,11.0,29.0
1415,05/04/15,Valencia,Villarreal,0,0,D,0,0,D,13,5,3,2,2,6,14,18,2,5,0,0,2.05,3.5,3.6
1415,06/04/15,Espanol,Elche,1,1,D,1,0,H,5,8,3,2,4,4,18,16,3,3,0,0,1.67,3.6,5.75
1415,07/04/15,Ath Madrid,Sociedad,2,0,H,2,0,H,12,9,3,2,4,10,13,17,1,0,0,0,1.3,5.25,11.0
1415,07/04/15,Eibar,Malaga,1,0,H,0,0,D,8,14,5,4,4,2,15,17,3,2,0,0,3.25,3.1,2.38
1415,07/04/15,Levante,Sevilla,1,2,A,0,2,A,19,12,6,5,12,3,16,16,4,5,0,0,4.5,3.6,1.83
1415,08/04/15,Barcelona,Almeria,4,0,H,1,0,H,19,6,12,3,14,5,9,14,1,1,0,0,1.05,13.0,41.0
1415,08/04/15,Granada,Celta,1,1,D,1,0,H,8,12,3,4,1,5,13,14,4,5,1,0,3.5,3.0,2.3
1415,08/04/15,La Coruna,Cordoba,1,1,D,0,0,D,8,16,2,7,6,5,12,16,3,2,1,0,1.75,3.4,5.5
1415,08/04/15,Vallecano,Real Madrid,0,2,A,0,0,D,20,17,8,5,8,1,15,11,4,5,0,0,13.0,7.0,1.2
1415,09/04/15,Ath Bilbao,Valencia,1,1,D,0,0,D,12,7,4,4,8,3,17,15,5,3,0,1,2.4,3.4,2.8
1415,09/04/15,Elche,Getafe,0,1,A,0,0,D,16,9,2,4,10,4,13,19,2,3,0,0,2.3,3.1,3.25
1415,09/04/15,Villarreal,Espanol,0,3,A,0,1,A,7,14,2,4,7,2,14,14,1,1,0,0,1.55,3.6,7.0
1415,11/04/15,Almeria,Granada,3,0,H,1,0,H,17,15,9,3,5,6,16,14,4,3,0,0,2.4,3.1,3.2
1415,11/04/15,Celta,Vallecano,6,1,H,4,1,H,17,12,10,4,3,4,16,3,1,1,0,0,1.73,3.6,4.75
1415,11/04/15,Malaga,Ath Madrid,2,2,D,1,1,D,11,11,3,5,6,1,13,10,2,3,0,0,3.8,3.4,2.0
1415,11/04/15,Real Madrid,Eibar,3,0,H,2,0,H,24,4,13,2,7,4,10,18,0,3,0,0,1.06,13.0,34.0
1415,11/04/15,Sevilla,Barcelona,2,2,D,1,2,A,11,17,2,7,2,4,23,9,5,2,0,0,5.0,4.5,1.55
1415,12/04/15,Cordoba,Elche,0,2,A,0,1,A,14,7,2,3,8,3,9,26,0,2,1,0,2.3,3.1,3.3
1415,12/04/15,Espanol,Ath Bilbao,1,0,H,1,0,H,5,10,1,2,7,1,14,13,2,2,0,0,2.5,3.2,2.88
1415,12/04/15,Getafe,Villarreal,1,1,D,0,0,D,12,9,2,4,11,5,9,16,2,6,0,0,3.6,3.3,2.05
1415,12/04/15,Sociedad,La Coruna,2,2,D,1,1,D,9,16,4,5,5,7,12,19,4,4,0,0,1.8,3.6,4.5
1415,13/04/15,Valencia,Levante,3,0,H,2,0,H,13,11,5,1,5,4,12,12,3,3,0,0,1.33,5.0,8.5
1415,17/04/15,Levante,Espanol,2,2,D,1,2,A,13,12,3,6,8,4,14,18,1,3,0,0,2.88,3.1,2.6
1415,18/04/15,Ath Bilbao,Getafe,4,0,H,1,0,H,27,1,8,1,6,1,12,12,2,4,0,1,1.67,3.75,5.5
1415,18/04/15,Barcelona,Valencia,2,0,H,1,0,H,11,11,5,3,6,3,18,17,4,4,0,0,1.22,7.0,12.0
1415,18/04/15,La Coruna,Ath Madrid,1,2,A,0,2,A,9,15,2,10,5,6,16,15,2,4,0,0,4.5,3.5,1.85
1415,18/04/15,Real Madrid,Malaga,3,1,H,1,0,H,12,11,6,2,4,3,11,26,2,2,0,0,1.14,8.5,17.0
1415,19/04/15,Eibar,Celta,0,1,A,0,1,A,11,17,3,5,1,9,10,20,2,2,0,0,3.4,3.3,2.2
1415,19/04/15,Granada,Sevilla,1,1,D,1,0,H,6,16,2,3,5,9,15,14,2,2,0,0,4.33,3.6,1.85
1415,19/04/15,Vallecano,Almeria,2,0,H,1,0,H,13,8,9,3,5,7,18,12,1,2,0,0,1.8,3.8,4.33
1415,19/04/15,Villarreal,Cordoba,0,0,D,0,0,D,28,9,7,4,12,3,14,16,1,4,0,0,1.3,5.25,11.0
1415,20/04/15,Elche,Sociedad,1,0,H,1,0,H,9,4,2,2,7,4,21,11,3,4,0,0,2.6,3.1,2.9
1415,24/04/15,Cordoba,Ath Bilbao,0,1,A,0,0,D,22,15,2,4,9,5,13,19,2,3,0,0,4.2,3.5,1.91
1415,25/04/15,Ath Madrid,Elche,3,0,H,0,0,D,18,14,9,3,9,8,11,18,3,2,0,0,1.18,7.0,17.0
1415,25/04/15,Espanol,Barcelona,0,2,A,0,2,A,7,12,2,5,5,3,21,12,5,1,1,1,12.0,6.0,1.25
1415,25/04/15,Getafe,Levante,0,1,A,0,1,A,10,9,2,3,5,5,9,14,4,3,0,0,2.2,3.2,3.5
1415,25/04/15,Sociedad,Villarreal,0,0,D,0,0,D,13,19,2,4,7,9,15,13,1,4,0,0,2.9,3.3,2.5
1415,26/04/15,Almeria,Eibar,2,0,H,1,0,H,9,8,3,5,5,7,11,13,4,3,0,0,2.2,3.2,3.6
1415,26/04/15,Celta,Real Madrid,2,4,A,2,3,A,20,10,4,7,5,4,17,6,3,2,0,0,5.5,4.33,1.57
1415,26/04/15,Malaga,La Coruna,1,1,D,0,0,D,14,12,5,3,9,5,17,15,5,1,0,0,1.73,3.6,5.25
1415,26/04/15,Sevilla,Vallecano,2,0,H,2,0,H,12,22,7,3,5,8,15,13,0,2,0,0,1.36,5.25,8.0
1415,27/04/15,Valencia,Granada,4,0,H,2,0,H,13,5,6,0,2,6,12,16,3,3,0,0,1.33,5.25,9.5
1415,28/04/15,Ath Bilbao,Sociedad,1,1,D,0,0,D,11,13,3,8,7,3,16,13,2,2,0,1,1.67,3.8,5.5
1415,28/04/15,Barcelona,Getafe,6,0,H,5,0,H,21,7,12,3,5,6,11,5,0,0,0,0,1.04,17.0,41.0
1415,28/04/15,Levante,Cordoba,1,0,H,1,0,H,13,8,3,1,6,5,17,10,3,3,0,0,1.85,3.5,4.5
1415,29/04/15,Celta,Malaga,1,0,H,0,0,D,14,7,2,2,3,5,6,13,2,3,0,0,1.73,3.75,5.0
1415,29/04/15,Eibar,Sevilla,1,3,A,0,2,A,15,12,3,6,4,2,17,10,3,2,0,0,6.0,4.0,1.57
1415,29/04/15,Elche,La Coruna,4,0,H,2,0,H,12,10,7,5,3,4,7,10,1,2,0,0,2.25,3.2,3.4
1415,29/04/15,Real Madrid,Almeria,3,0,H,1,0,H,18,7,4,0,10,4,9,12,1,0,0,0,1.06,13.0,29.0
1415,29/04/15,Villarreal,Ath Madrid,0,1,A,0,0,D,13,12,3,3,7,1,5,18,0,4,0,0,3.4,3.3,2.2
1415,30/04/15,Granada,Espanol,1,2,A,0,1,A,16,7,4,3,8,1,19,12,2,3,0,0,2.5,3.1,3.0
1415,30/04/15,Vallecano,Valencia,1,1,D,1,0,H,9,13,3,5,4,8,21,15,2,1,1,1,4.0,3.6,1.91
1415,01/05/15,Sociedad,Levante,3,0,H,1,0,H,9,14,3,1,3,7,14,13,2,3,0,0,1.85,3.7,4.33
1415,02/05/15,Ath Madrid,Ath Bilbao,0,0,D,0,0,D,10,7,3,0,9,2,8,20,2,2,0,1,1.4,4.5,8.5
1415,02/05/15,Cordoba,Barcelona,0,8,A,0,2,A,5,27,1,11,5,8,11,3,2,0,0,0,26.0,11.0,1.08
1415,02/05/15,La Coruna,Villarreal,1,1,D,0,0,D,9,7,3,2,4,2,14,12,1,5,0,0,3.6,3.4,2.1
1415,02/05/15,Sevilla,Real Madrid,2,3,A,1,2,A,18,14,5,5,8,1,11,12,4,2,0,0,3.5,3.6,2.05
1415,03/05/15,Espanol,Vallecano,1,1,D,0,1,A,12,7,5,4,5,1,18,18,3,1,1,0,1.73,3.8,4.5
1415,03/05/15,Getafe,Granada,1,2,A,1,1,D,17,14,5,6,4,6,14,17,3,4,0,0,2.05,3.25,4.0
1415,03/05/15,Malaga,Elche,1,2,A,0,1,A,21,7,9,3,5,2,15,18,3,1,0,1,1.62,3.8,6.0
1415,03/05/15,Valencia,Eibar,3,1,H,1,0,H,13,7,6,1,7,5,8,17,2,1,0,0,1.22,6.5,13.0
1415,04/05/15,Almeria,Celta,2,2,D,0,2,A,12,7,3,3,3,6,12,9,2,3,1,1,3.75,3.4,2.05
1415,08/05/15,Eibar,Espanol,0,2,A,0,1,A,8,12,4,6,4,2,17,12,2,4,0,0,2.8,3.1,2.7
1415,09/05/15,Ath Bilbao,La Coruna,1,1,D,1,0,H,11,8,5,2,3,3,14,10,4,4,0,0,1.57,3.8,6.5
1415,09/05/15,Barcelona,Sociedad,2,0,H,0,0,D,15,5,8,1,10,3,9,13,1,5,0,0,1.05,15.0,34.0
1415,09/05/15,Granada,Cordoba,2,0,H,1,0,H,21,4,8,1,8,1,16,12,2,2,0,2,1.44,4.5,7.5
1415,09/05/15,Real Madrid,Valencia,2,2,D,0,2,A,29,13,10,4,12,9,14,19,4,4,0,0,1.4,4.75,8.0
1415,10/05/15,Almeria,Malaga,1,2,A,1,1,D,10,14,4,5,7,6,15,18,3,4,0,0,2.63,3.2,2.8
1415,10/05/15,Celta,Sevilla,1,1,D,0,1,A,13,8,2,4,4,2,17,15,3,5,0,0,2.75,3.5,2.5
1415,10/05/15,Levante,Ath Madrid,2,2,D,1,1,D,8,15,5,7,2,6,8,16,2,2,0,0,7.5,3.8,1.53
1415,10/05/15,Villarreal,Elche,1,0,H,1,0,H,12,13,5,2,8,5,15,7,1,2,0,0,1.36,5.0,8.5
1415,11/05/15,Vallecano,Getafe,2,0,H,1,0,H,15,9,5,3,8,5,14,12,2,1,1,1,1.95,3.5,4.0
1415,17/05/15,Ath Madrid,Barcelona,0,1,A,0,0,D,10,15,3,5,6,5,23,7,5,3,0,0,4.75,3.6,1.75
1415,17/05/15,Cordoba,Vallecano,1,2,A,0,1,A,14,22,2,10,5,8,5,13,0,0,0,0,4.33,3.75,1.75
1415,17/05/15,Elche,Ath Bilbao,2,3,A,2,0,H,10,17,3,5,1,9,13,12,2,2,0,0,3.5,3.3,2.1
1415,17/05/15,Espanol,Real Madrid,1,4,A,0,0,D,15,18,3,7,2,5,17,12,2,4,0,0,6.5,4.33,1.5
1415,17/05/15,Getafe,Eibar,1,1,D,1,1,D,13,5,3,1,6,4,11,12,0,2,0,0,2.2,3.2,3.5
1415,17/05/15,La Coruna,Levante,2,0,H,1,0,H,10,5,3,1,8,3,12,13,3,2,0,0,1.75,3.6,4.75
1415,17/05/15,Sevilla,Almeria,2,1,H,0,1,A,15,14,3,3,5,4,17,17,0,4,0,1,1.25,6.0,12.0
1415,17/05/15,Sociedad,Granada,0,3,A,0,0,D,7,15,1,6,3,3,12,17,2,2,0,0,2.15,3.3,3.5
1415,17/05/15,Valencia,Celta,1,1,D,0,1,A,21,11,7,3,7,7,9,18,1,5,0,0,1.62,4.2,5.25
1415,17/05/15,Villarreal,Malaga,2,1,H,0,0,D,8,15,2,4,3,9,9,12,3,1,0,0,1.85,3.6,4.33
1415,23/05/15,Almeria,Valencia,2,3,A,2,2,D,10,9,3,5,3,6,19,18,2,4,0,1,4.75,4.2,1.67
1415,23/05/15,Ath Bilbao,Villarreal,4,0,H,3,0,H,17,13,8,2,4,5,13,7,0,1,0,0,1.67,4.0,5.0
1415,23/05/15,Barcelona,La Coruna,2,2,D,1,0,H,18,10,7,2,4,4,6,9,1,3,0,0,1.25,6.0,11.0
1415,23/05/15,Celta,Espanol,3,2,H,1,1,D,10,17,7,3,2,2,11,14,2,1,1,0,1.7,4.0,4.75
1415,23/05/15,Eibar,Cordoba,3,0,H,3,0,H,12,15,6,5,4,5,13,7,1,0,0,0,1.33,5.0,9.5
1415,23/05/15,Granada,Ath Madrid,0,0,D,0,0,D,2,3,0,1,4,0,9,11,0,0,0,0,4.33,2.5,2.3
1415,23/05/15,Levante,Elche,0,0,D,0,0,D,8,15,0,6,4,4,14,15,3,3,0,0,1.95,3.5,4.0
1415,23/05/15,Malaga,Sevilla,2,3,A,0,0,D,16,12,8,6,6,1,13,9,3,2,1,0,3.3,3.75,2.1
1415,23/05/15,Real Madrid,Getafe,7,3,H,3,3,D,18,14,11,6,8,7,12,13,2,3,0,0,1.13,9.0,21.0
1415,23/05/15,Vallecano,Sociedad,2,4,A,1,2,A,13,11,3,8,9,2,12,13,1,1,0,0,1.85,3.8,4.0
1516,21/08/15,Malaga,Sevilla,0,0,D,0,0,D,25,10,5,2,7,2,19,11,3,3,0,1,3.4,3.4,2.15
1516,22/08/15,Ath Madrid,Las Palmas,1,0,H,1,0,H,14,8,3,1,4,4,11,16,2,0,0,0,1.2,6.5,15.0
1516,22/08/15,Espanol,Getafe,1,0,H,1,0,H,4,14,2,3,5,6,19,14,2,3,0,1,1.91,3.4,4.33
1516,22/08/15,La Coruna,Sociedad,0,0,D,0,0,D,15,9,5,2,5,4,16,10,3,2,0,0,2.5,3.2,3.0
1516,22/08/15,Vallecano,Valencia,0,0,D,0,0,D,8,10,3,4,3,3,19,11,3,1,0,0,3.6,3.5,2.05
1516,23/08/15,Ath Bilbao,Barcelona,0,1,A,0,0,D,8,10,2,4,2,4,16,11,3,3,0,0,6.5,4.33,1.5
1516,23/08/15,Betis,Villarreal,1,1,D,0,1,A,22,8,6,4,7,5,11,26,3,1,0,1,2.8,3.25,2.6
1516,23/08/15,Levante,Celta,1,2,A,0,1,A,11,15,2,6,4,6,12,17,1,3,1,0,3.6,3.3,2.15
1516,23/08/15,Sp Gijon,Real Madrid,0,0,D,0,0,D,6,27,0,8,2,5,20,4,4,0,0,0,13.0,6.5,1.22
1516,24/08/15,Granada,Eibar,1,3,A,0,2,A,12,10,6,4,6,5,5,23,1,6,1,0,1.91,3.3,4.5
1516,28/08/15,Villarreal,Espanol,3,1,H,0,1,A,14,4,4,2,2,3,10,20,1,6,0,0,1.57,3.8,6.5
1516,29/08/15,Barcelona,Malaga,1,0,H,0,0,D,22,4,13,1,15,2,4,21,0,3,0,0,1.1,10.0,26.0
1516,29/08/15,Celta,Vallecano,3,0,H,1,0,H,11,3,7,0,5,4,7,11,2,2,0,1,1.53,4.33,6.0
1516,29/08/15,Real Madrid,Betis,5,0,H,2,0,H,21,7,11,1,11,4,12,14,3,3,0,0,1.1,10.0,26.0
1516,29/08/15,Sociedad,Sp Gijon,0,0,D,0,0,D,12,7,1,2,6,4,10,15,4,5,0,0,1.85,3.5,4.5
1516,30/08/15,Eibar,Ath Bilbao,2,0,H,1,0,H,9,9,8,1,11,4,14,13,2,2,0,0,4.0,3.1,2.1
1516,30/08/15,Getafe,Granada,1,2,A,0,2,A,16,9,4,4,6,6,16,15,5,3,0,0,2.05,3.2,4.0
1516,30/08/15,Las Palmas,Levante,0,0,D,0,0,D,16,3,2,2,3,0,14,21,2,4,0,0,1.91,3.3,4.5
1516,30/08/15,Sevilla,Ath Madrid,0,3,A,0,1,A,25,17,7,7,11,1,17,13,3,4,0,0,2.8,3.2,2.63
1516,30/08/15,Valencia,La Coruna,1,1,D,1,1,D,12,12,5,3,5,7,13,15,2,1,1,0,1.44,4.33,8.0
1516,11/09/15,Levante,Sevilla,1,1,D,0,1,A,14,8,4,3,5,4,12,8,3,3,0,0,4.75,3.75,1.75
1516,12/09/15,Ath Madrid,Barcelona,1,2,A,0,0,D,11,13,3,5,1,10,17,5,3,1,0,0,3.3,3.2,2.3
1516,12/09/15,Betis,Sociedad,1,0,H,1,0,H,9,15,2,3,2,4,12,9,4,3,1,0,2.3,3.3,3.2
1516,12/09/15,Espanol,Real Madrid,0,6,A,0,4,A,14,15,3,8,5,6,19,10,2,2,0,0,10.0,5.0,1.33
1516,12/09/15,Sp Gijon,Valencia,0,1,A,0,0,D,16,17,8,3,5,6,16,11,3,3,0,0,3.4,3.2,2.25
1516,13/09/15,Ath Bilbao,Getafe,3,1,H,2,0,H,14,11,6,3,12,5,12,15,1,4,0,0,1.57,3.75,7.0
1516,13/09/15,Celta,Las Palmas,3,3,D,2,1,H,26,9,12,5,7,2,19,14,0,3,0,1,1.5,4.2,7.0
1516,13/09/15,Granada,Villarreal,1,3,A,0,0,D,13,8,2,5,8,6,16,21,2,4,0,0,3.5,3.1,2.25
1516,13/09/15,Malaga,Eibar,0,0,D,0,0,D,10,7,4,0,7,3,11,13,2,4,0,0,1.75,3.5,5.25
1516,14/09/15,Vallecano,La Coruna,1,3,A,1,2,A,8,14,2,8,5,4,12,10,2,2,1,0,2.1,3.5,3.5
1516,18/09/15,Getafe,Malaga,1,0,H,1,0,H,10,13,4,3,4,7,18,11,5,2,0,0,2.6,3.1,2.9
1516,19/09/15,Eibar,Ath Madrid,0,2,A,0,0,D,9,14,3,6,1,4,13,7,2,1,0,0,7.0,3.75,1.57
1516,19/09/15,Real Madrid,Granada,1,0,H,0,0,D,20,12,10,3,10,1,9,15,1,3,0,0,1.06,15.0,26.0
1516,19/09/15,Sociedad,Espanol,2,3,A,1,1,D,10,18,3,6,7,6,15,16,2,3,1,0,2.0,3.4,4.0
1516,19/09/15,Valencia,Betis,0,0,D,0,0,D,22,3,5,1,7,1,17,15,4,2,0,1,1.5,4.33,6.5
1516,20/09/15,Barcelona,Levante,4,1,H,0,0,D,21,11,8,4,4,4,8,16,0,1,0,0,1.06,12.0,29.0
1516,20/09/15,La Coruna,Sp Gijon,2,3,A,2,3,A,19,4,9,4,8,3,11,16,3,3,0,0,2.05,3.1,4.2
1516,20/09/15,Las Palmas,Vallecano,0,1,A,0,1,A,8,17,2,6,3,5,13,19,3,5,0,0,1.91,3.5,4.0
1516,20/09/15,Sevilla,Celta,1,2,A,0,2,A,13,15,5,5,5,5,16,16,3,5,0,1,1.8,3.75,4.33
1516,20/09/15,Villarreal,Ath Bilbao,3,1,H,1,0,H,14,11,7,2,9,4,17,6,4,4,0,0,2.0,3.5,3.75
1516,22/09/15,Ath Madrid,Getafe,2,0,H,1,0,H,12,6,3,2,6,1,14,10,3,2,0,0,1.25,5.5,15.0
1516,22/09/15,Espanol,Valencia,1,0,H,1,0,H,17,10,5,4,7,6,22,14,5,7,0,0,3.25,3.25,2.3
1516,22/09/15,Granada,Sociedad,0,3,A,0,2,A,11,8,1,5,4,3,20,18,5,4,0,0,2.4,3.1,3.2
1516,23/09/15,Ath Bilbao,Real Madrid,1,2,A,0,1,A,11,22,5,6,6,8,17,10,4,3,0,0,5.25,4.2,1.62
1516,23/09/15,Celta,Barcelona,4,1,H,2,0,H,18,18,5,7,5,10,19,4,2,2,0,0,6.5,4.5,1.5
1516,23/09/15,Las Palmas,Sevilla,2,0,H,1,0,H,12,17,4,3,5,5,9,13,3,4,0,0,3.3,3.4,2.2
1516,23/09/15,Levante,Eibar,2,2,D,0,1,A,12,10,2,4,4,7,13,23,2,5,0,0,2.38,3.1,3.25
1516,23/09/15,Malaga,Villarreal,0,1,A,0,0,D,15,9,4,3,8,5,18,14,2,3,0,0,2.63,3.3,2.75
1516,23/09/15,Vallecano,Sp Gijon,2,1,H,1,0,H,18,5,6,2,4,4,14,17,2,1,0,1,2.25,3.4,3.2
1516,24/09/15,Betis,La Coruna,1,2,A,0,0,D,9,8,2,3,3,4,11,22,3,5,0,0,2.25,3.3,3.3
1516,25/09/15,Valencia,Granada,1,0,H,1,0,H,12,18,5,3,11,3,19,20,3,3,0,0,1.45,4.5,7.5
1516,26/09/15,Barcelona,Las Palmas,2,1,H,1,0,H,18,10,6,6,3,4,12,23,2,4,0,0,1.08,11.0,26.0
1516,26/09/15,Eibar,Celta,1,1,D,1,0,H,10,9,3,2,4,4,25,16,5,4,0,0,3.75,3.4,2.05
1516,26/09/15,Real Madrid,Malaga,0,0,D,0,0,D,31,12,9,3,12,6,11,10,4,4,0,1,1.11,10.0,21.0
1516,26/09/15,Sevilla,Vallecano,3,2,H,2,0,H,17,18,8,5,6,5,9,18,1,2,0,1,1.44,4.75,7.0
1516,26/09/15,Villarreal,Ath Madrid,1,0,H,1,0,H,5,9,2,4,1,5,11,15,2,2,0,0,2.9,3.1,2.6
1516,27/09/15,Getafe,Levante,3,0,H,0,0,D,15,10,8,3,4,4,11,10,2,3,0,0,1.95,3.3,4.2
1516,27/09/15,La Coruna,Espanol,3,0,H,2,0,H,14,7,5,3,7,5,11,11,4,3,0,1,2.1,3.3,3.75
1516,27/09/15,Sociedad,Ath Bilbao,0,0,D,0,0,D,14,9,4,2,4,2,15,19,3,4,0,0,2.4,3.2,3.0
1516,27/09/15,Sp Gijon,Betis,1,2,A,1,0,H,19,13,10,5,10,4,11,9,1,1,0,0,2.3,3.2,3.3
1516,02/10/15,Celta,Getafe,0,0,D,0,0,D,18,8,7,2,9,1,11,18,1,5,0,0,1.44,4.5,7.5
1516,03/10/15,Espanol,Sp Gijon,1,2,A,0,1,A,13,12,9,2,9,1,17,16,3,3,0,0,2.0,3.3,4.0
1516,03/10/15,Granada,La Coruna,1,1,D,0,1,A,10,14,3,3,2,5,13,21,1,3,0,0,2.6,3.2,2.8
1516,03/10/15,Las Palmas,Eibar,0,2,A,0,1,A,18,9,4,4,3,2,5,16,2,2,0,0,2.1,3.3,3.75
1516,03/10/15,Malaga,Sociedad,3,1,H,2,1,H,11,13,7,5,2,4,15,16,3,2,1,0,2.38,3.1,3.3
1516,03/10/15,Sevilla,Barcelona,2,1,H,0,0,D,12,28,5,9,7,9,16,16,5,3,0,0,4.0,3.6,1.91
1516,04/10/15,Ath Bilbao,Valencia,3,1,H,1,1,D,16,9,7,4,11,4,12,9,0,4,0,0,2.3,3.3,3.2
1516,04/10/15,Ath Madrid,Real Madrid,1,1,D,0,1,A,18,9,4,2,5,1,19,12,6,4,0,0,3.2,3.3,2.3
1516,04/10/15,Levante,Villarreal,1,0,H,0,0,D,15,3,5,2,8,2,15,17,4,3,0,1,4.33,3.4,1.91
1516,04/10/15,Vallecano,Betis,0,2,A,0,1,A,23,9,9,6,8,3,13,14,4,2,0,0,2.2,3.5,3.2
1516,17/10/15,Barcelona,Vallecano,5,2,H,2,1,H,14,22,9,8,7,10,8,15,1,2,0,0,1.14,9.0,15.0
1516,17/10/15,Betis,Espanol,1,3,A,0,1,A,21,13,6,4,4,3,18,21,2,4,0,0,2.0,3.3,4.0
1516,17/10/15,Eibar,Sevilla,1,1,D,1,0,H,14,15,4,5,2,5,16,9,3,3,0,0,3.6,3.4,2.1
1516,17/10/15,Real Madrid,Levante,3,0,H,2,0,H,20,15,6,5,4,4,8,10,1,4,0,0,1.08,12.0,23.0
1516,17/10/15,Valencia,Malaga,3,0,H,2,0,H,6,10,3,3,6,8,18,21,3,3,0,0,1.62,3.75,6.0
1516,18/10/15,Getafe,Las Palmas,4,0,H,2,0,H,14,16,7,3,5,1,18,15,2,1,0,1,2.15,3.2,3.6
1516,18/10/15,La Coruna,Ath Bilbao,2,2,D,0,1,A,16,7,3,2,4,6,8,18,2,2,0,0,2.7,3.1,2.8
1516,18/10/15,Sociedad,Ath Madrid,0,2,A,0,1,A,11,7,1,3,5,2,14,11,4,5,2,0,4.0,3.2,2.05
1516,18/10/15,Villarreal,Celta,1,2,A,0,1,A,12,13,3,2,7,4,10,12,1,3,1,0,2.0,3.5,3.75
1516,19/10/15,Sp Gijon,Granada,3,3,D,1,2,A,16,14,6,7,6,1,10,13,3,4,0,2,2.0,3.2,4.2
1516,23/10/15,Vallecano,Espanol,3,0,H,1,0,H,13,9,7,3,6,5,15,11,2,1,1,1,2.2,3.4,3.2
1516,24/10/15,Celta,Real Madrid,1,3,A,0,2,A,17,14,7,8,5,7,17,16,4,1,1,0,3.8,3.8,1.91
1516,24/10/15,Granada,Betis,1,1,D,1,1,D,17,7,7,2,3,3,8,11,3,3,0,0,2.3,3.25,3.25
1516,24/10/15,Malaga,La Coruna,2,0,H,0,0,D,9,10,4,1,3,5,11,10,0,1,0,0,2.25,3.25,3.4
1516,24/10/15,Sevilla,Getafe,5,0,H,2,0,H,22,6,13,0,7,3,18,15,1,1,0,1,1.44,4.33,8.0
1516,25/10/15,Ath Madrid,Valencia,2,1,H,2,0,H,16,6,8,1,9,2,26,10,4,4,0,0,1.57,3.8,6.5
1516,25/10/15,Barcelona,Eibar,3,1,H,1,1,D,14,7,5,5,6,2,14,18,3,5,1,0,1.11,10.0,19.0
1516,25/10/15,Las Palmas,Villarreal,0,0,D,0,0,D,6,5,2,0,6,6,12,14,1,2,0,0,3.5,3.25,2.2
1516,25/10/15,Levante,Sociedad,0,4,A,0,2,A,13,13,3,6,10,3,24,15,4,3,1,0,2.63,3.2,2.8
1516,26/10/15,Ath Bilbao,Sp Gijon,3,0,H,2,0,H,20,6,6,0,9,3,8,15,1,3,0,0,1.53,4.0,7.0
1516,30/10/15,La Coruna,Ath Madrid,1,1,D,0,1,A,7,12,3,3,1,5,4,9,2,0,0,0,5.5,3.4,1.7
1516,31/10/15,Getafe,Barcelona,0,2,A,0,1,A,6,14,0,6,3,5,10,3,3,0,0,0,10.0,5.75,1.29
1516,31/10/15,Real Madrid,Las Palmas,3,1,H,3,1,H,17,8,11,5,6,3,12,9,0,3,0,0,1.09,11.0,23.0
1516,31/10/15,Sociedad,Celta,2,3,A,2,1,H,20,16,5,8,8,7,9,12,2,5,0,0,2.7,3.2,2.75
1516,31/10/15,Valencia,Levante,3,0,H,0,0,D,13,10,6,5,5,5,19,21,2,3,0,0,1.44,4.5,7.5
1516,31/10/15,Villarreal,Sevilla,2,1,H,1,0,H,11,6,5,3,7,5,17,14,5,3,0,0,2.25,3.4,3.25
1516,01/11/15,Betis,Ath Bilbao,1,3,A,0,2,A,11,23,3,9,7,9,9,13,2,4,0,0,3.25,3.25,2.3
1516,01/11/15,Eibar,Vallecano,1,0,H,1,0,H,12,6,1,2,2,6,17,11,2,3,0,0,2.2,3.4,3.3
1516,01/11/15,Espanol,Granada,1,1,D,0,0,D,10,9,4,5,5,6,16,19,1,6,1,0,2.0,3.3,4.0
1516,01/11/15,Sp Gijon,Malaga,1,0,H,1,0,H,8,13,6,5,7,5,11,8,1,3,0,0,2.38,3.2,3.2
1516,06/11/15,Las Palmas,Sociedad,2,0,H,1,0,H,8,11,4,6,0,8,17,14,1,4,0,0,2.75,3.1,2.75
1516,07/11/15,Celta,Valencia,1,5,A,1,2,A,17,9,3,5,15,5,16,27,1,3,0,0,1.85,3.75,4.2
1516,07/11/15,Eibar,Getafe,3,1,H,2,1,H,16,10,7,4,5,7,13,9,3,1,0,1,2.1,3.25,3.75
1516,07/11/15,Levante,La Coruna,1,1,D,0,1,A,15,9,5,5,9,5,13,10,4,2,0,0,2.6,3.1,2.9
1516,07/11/15,Malaga,Betis,0,1,A,0,0,D,12,7,5,2,6,3,16,12,2,5,0,0,1.95,3.5,4.0
1516,07/11/15,Vallecano,Granada,2,1,H,2,0,H,7,8,2,2,4,1,15,14,2,3,1,0,1.95,3.5,4.0
1516,08/11/15,Ath Bilbao,Espanol,2,1,H,1,0,H,8,5,2,1,4,5,17,25,2,6,0,0,1.44,4.5,7.5
1516,08/11/15,Ath Madrid,Sp Gijon,1,0,H,0,0,D,15,9,3,2,5,1,14,15,4,3,0,0,1.2,6.5,17.0
1516,08/11/15,Barcelona,Villarreal,3,0,H,0,0,D,20,5,9,2,7,2,12,19,5,3,0,0,1.3,5.5,10.0
1516,08/11/15,Sevilla,Real Madrid,3,2,H,1,1,D,14,28,5,10,4,6,13,11,1,1,0,0,3.6,4.0,1.91
1516,21/11/15,Espanol,Malaga,2,0,H,2,0,H,7,14,3,5,3,8,20,16,3,2,0,0,2.4,3.2,3.1
1516,21/11/15,La Coruna,Celta,2,0,H,1,0,H,5,6,2,4,2,10,16,13,6,3,0,0,3.3,3.4,2.2
1516,21/11/15,Real Madrid,Barcelona,0,4,A,0,2,A,13,18,7,7,10,4,13,10,3,2,1,0,2.5,3.75,2.8
1516,21/11/15,Sociedad,Sevilla,2,0,H,0,0,D,14,12,7,5,7,5,6,14,2,1,0,0,2.63,3.3,2.7
1516,21/11/15,Valencia,Las Palmas,1,1,D,1,0,H,9,18,3,7,1,8,22,12,3,3,0,0,1.44,4.2,7.5
1516,22/11/15,Betis,Ath Madrid,0,1,A,0,1,A,6,11,3,4,2,6,12,8,1,4,0,0,5.5,3.8,1.67
1516,22/11/15,Granada,Ath Bilbao,2,0,H,1,0,H,8,11,1,6,2,7,21,15,6,3,0,0,3.75,3.3,2.1
1516,22/11/15,Sp Gijon,Levante,0,3,A,0,3,A,13,13,2,6,5,3,15,15,4,5,0,0,2.2,3.2,3.5
1516,22/11/15,Villarreal,Eibar,1,1,D,0,1,A,12,17,5,7,12,6,8,13,3,2,0,1,1.53,4.0,7.0
1516,23/11/15,Getafe,Vallecano,1,1,D,0,0,D,15,8,8,4,5,7,20,15,5,4,0,0,2.4,3.3,3.0
1516,27/11/15,Levante,Betis,0,1,A,0,1,A,14,11,1,5,7,4,12,15,6,4,1,1,2.05,3.4,3.75
1516,28/11/15,Ath Madrid,Espanol,1,0,H,1,0,H,21,5,6,0,6,2,16,26,0,4,0,0,1.22,6.0,15.0
1516,28/11/15,Barcelona,Sociedad,4,0,H,2,0,H,11,10,6,2,6,4,11,14,0,5,0,0,1.07,13.0,23.0
1516,28/11/15,Celta,Sp Gijon,2,1,H,1,0,H,6,9,4,2,3,5,14,9,3,0,0,0,1.4,5.0,7.5
1516,28/11/15,Las Palmas,La Coruna,0,2,A,0,1,A,8,10,5,5,6,4,14,13,4,3,0,0,2.3,3.3,3.2
1516,28/11/15,Malaga,Granada,2,2,D,1,0,H,12,11,7,4,7,4,15,20,2,6,1,0,1.83,3.4,4.75
1516,29/11/15,Eibar,Real Madrid,0,2,A,0,1,A,8,17,3,6,6,5,20,7,3,4,0,0,7.5,5.0,1.4
1516,29/11/15,Getafe,Villarreal,2,0,H,1,0,H,11,7,5,0,6,6,11,15,4,2,0,0,3.0,3.3,2.4
1516,29/11/15,Sevilla,Valencia,1,0,H,0,0,D,15,0,5,0,17,0,26,20,3,2,0,2,1.75,4.0,4.33
1516,29/11/15,Vallecano,Ath Bilbao,0,3,A,0,2,A,15,10,3,4,6,2,16,14,4,0,0,1,3.1,3.4,2.3
1516,05/12/15,Betis,Celta,1,1,D,0,1,A,27,5,6,1,8,0,9,16,5,5,0,1,3.3,3.5,2.15
1516,05/12/15,Granada,Ath Madrid,0,2,A,0,1,A,18,11,3,4,6,8,7,8,2,1,0,0,7.0,3.75,1.57
1516,05/12/15,La Coruna,Sevilla,1,1,D,1,0,H,8,8,4,2,6,2,10,9,2,3,0,0,3.0,3.3,2.4
1516,05/12/15,Real Madrid,Getafe,4,1,H,4,0,H,16,7,8,3,3,4,9,12,1,0,0,0,1.1,11.0,21.0
1516,05/12/15,Valencia,Barcelona,1,1,D,0,0,D,10,16,3,5,0,6,13,15,3,1,0,0,9.0,6.0,1.3
1516,06/12/15,Ath Bilbao,Malaga,0,0,D,0,0,D,11,7,2,2,6,1,7,21,2,3,1,0,1.45,4.33,7.5
1516,06/12/15,Sociedad,Eibar,2,1,H,1,1,D,10,5,7,1,4,3,12,16,3,3,0,0,1.85,3.5,4.5
1516,06/12/15,Sp Gijon,Las Palmas,3,1,H,1,1,D,21,12,9,7,8,4,9,10,2,1,0,1,2.3,3.3,3.25
1516,06/12/15,Villarreal,Vallecano,2,1,H,0,1,A,14,8,5,4,5,4,16,14,1,4,0,0,1.57,3.8,6.5
1516,07/12/15,Espanol,Levante,1,1,D,0,1,A,9,12,1,5,2,6,13,14,4,5,0,0,2.0,3.5,3.8
1516,11/12/15,Getafe,Sociedad,1,1,D,0,0,D,9,10,5,6,5,5,15,12,3,3,0,0,2.88,3.2,2.6
1516,12/12/15,Barcelona,La Coruna,2,2,D,1,0,H,17,13,7,4,6,2,4,11,0,2,0,0,1.07,13.0,26.0
1516,12/12/15,Celta,Espanol,1,0,H,1,0,H,16,6,3,2,4,9,13,23,3,2,1,0,1.53,4.33,6.0
1516,12/12/15,Las Palmas,Betis,1,0,H,0,0,D,16,8,4,2,2,2,10,9,3,0,0,0,2.15,3.3,3.5
1516,12/12/15,Levante,Granada,1,2,A,0,0,D,7,8,5,3,2,1,25,27,2,2,0,0,2.1,3.1,4.0
1516,12/12/15,Sevilla,Sp Gijon,2,0,H,0,0,D,18,4,7,1,3,1,13,10,3,2,0,1,1.36,5.0,8.5
1516,13/12/15,Ath Madrid,Ath Bilbao,2,1,H,1,1,D,8,10,4,5,3,6,13,10,1,1,0,0,1.57,3.75,7.0
1516,13/12/15,Eibar,Valencia,1,1,D,1,0,H,14,6,5,1,9,2,20,14,4,4,1,1,2.45,3.2,3.0
1516,13/12/15,Vallecano,Malaga,1,2,A,1,0,H,13,15,3,5,6,7,13,17,1,2,0,0,2.3,3.25,3.25
1516,13/12/15,Villarreal,Real Madrid,1,0,H,1,0,H,7,20,3,1,3,9,11,9,2,2,0,0,5.0,4.2,1.65
1516,19/12/15,Betis,Sevilla,0,0,D,0,0,D,12,8,0,2,8,8,23,19,7,5,0,0,3.75,3.5,2.0
1516,19/12/15,Espanol,Las Palmas,1,0,H,0,0,D,12,9,2,4,7,5,29,21,4,4,0,0,2.05,3.4,3.75
1516,19/12/15,La Coruna,Eibar,2,0,H,1,0,H,13,13,3,1,9,8,10,11,0,2,1,0,2.0,3.3,4.0
1516,19/12/15,Valencia,Getafe,2,2,D,2,2,D,12,9,7,3,5,1,13,20,2,6,0,0,1.67,3.75,5.5
1516,20/12/15,Ath Bilbao,Levante,2,0,H,0,0,D,18,6,7,1,10,3,15,17,0,5,0,0,1.4,4.5,9.0
1516,20/12/15,Granada,Celta,0,2,A,0,2,A,11,10,1,4,9,3,17,11,4,2,0,0,3.2,3.3,2.3
1516,20/12/15,Malaga,Ath Madrid,1,0,H,0,0,D,17,6,4,3,4,1,9,13,3,4,0,1,5.25,3.5,1.75
1516,20/12/15,Real Madrid,Vallecano,10,2,H,4,2,H,30,9,15,4,10,4,12,12,1,2,0,2,1.1,11.0,21.0
1516,20/12/15,Sociedad,Villarreal,0,2,A,0,1,A,16,7,2,5,9,1,12,21,2,1,0,0,2.4,3.2,3.1
1516,30/12/15,Barcelona,Betis,4,0,H,2,0,H,16,11,7,4,2,3,16,20,1,3,0,0,1.06,13.0,26.0
1516,30/12/15,Celta,Ath Bilbao,0,1,A,0,0,D,7,13,3,5,3,3,11,11,3,4,0,0,2.38,3.3,2.9
1516,30/12/15,Eibar,Sp Gijon,2,0,H,0,0,D,16,6,5,0,5,7,16,17,3,3,0,0,1.85,3.5,4.2
1516,30/12/15,Getafe,La Coruna,0,0,D,0,0,D,15,10,5,3,9,2,9,8,3,1,0,0,2.5,3.2,2.88
1516,30/12/15,Las Palmas,Granada,4,1,H,1,0,H,7,11,4,4,4,4,5,21,2,5,0,1,2.0,3.3,3.75
1516,30/12/15,Levante,Malaga,0,1,A,0,0,D,7,9,1,5,6,5,20,12,7,5,0,0,2.75,3.0,2.75
1516,30/12/15,Real Madrid,Sociedad,3,1,H,1,0,H,23,13,13,2,13,2,12,9,1,4,0,0,1.1,10.0,19.0
1516,30/12/15,Sevilla,Espanol,2,0,H,2,0,H,15,12,10,1,6,6,15,16,3,3,0,0,1.4,4.75,7.0
1516,30/12/15,Vallecano,Ath Madrid,0,2,A,0,0,D,10,17,3,6,3,8,12,15,3,3,0,0,6.5,3.8,1.53
1516,31/12/15,Villarreal,Valencia,1,0,H,0,0,D,9,6,3,2,3,6,21,19,1,3,0,0,1.8,3.5,4.5
1516,02/01/16,Ath Madrid,Levante,1,0,H,0,0,D,16,9,2,1,13,1,12,14,0,4,0,0,1.2,6.5,17.0
1516,02/01/16,Espanol,Barcelona,0,0,D,0,0,D,4,10,1,2,6,10,22,10,5,3,0,0,14.0,7.0,1.2
1516,02/01/16,Malaga,Celta,2,0,H,2,0,H,14,8,4,1,5,2,22,11,4,2,0,1,2.4,3.3,3.0
1516,03/01/16,Ath Bilbao,Las Palmas,2,2,D,1,0,H,16,11,5,5,5,5,24,13,3,4,0,0,1.36,5.0,8.5
1516,03/01/16,Betis,Eibar,0,4,A,0,2,A,9,6,5,5,6,2,16,14,4,3,0,0,2.4,3.25,3.1
1516,03/01/16,Granada,Sevilla,2,1,H,2,1,H,9,14,4,7,2,9,17,13,2,2,0,1,4.33,3.6,1.85
1516,03/01/16,La Coruna,Villarreal,1,2,A,0,1,A,11,6,4,4,9,3,13,11,3,3,0,0,2.7,3.2,2.7
1516,03/01/16,Valencia,Real Madrid,2,2,D,1,1,D,11,17,4,4,4,7,18,17,1,1,0,1,6.0,4.33,1.53
1516,03/01/16,Vallecano,Sociedad,2,2,D,1,1,D,12,15,5,7,7,7,15,11,3,3,0,0,2.63,3.3,2.75
1516,04/01/16,Sp Gijon,Getafe,1,2,A,1,0,H,17,11,4,2,4,2,13,14,3,3,0,0,2.25,3.3,3.3
1516,09/01/16,Barcelona,Granada,4,0,H,2,0,H,17,8,8,4,7,0,14,19,1,4,0,0,1.05,15.0,34.0
1516,09/01/16,Getafe,Betis,1,0,H,0,0,D,8,11,3,2,8,4,19,11,1,3,0,0,1.95,3.5,4.0
1516,09/01/16,Levante,Vallecano,2,1,H,0,0,D,10,10,4,4,5,5,16,15,5,1,0,0,2.15,3.4,3.4
1516,09/01/16,Real Madrid,La Coruna,5,0,H,2,0,H,23,18,9,4,5,9,9,8,0,3,0,0,1.11,9.0,21.0
1516,09/01/16,Sevilla,Ath Bilbao,2,0,H,1,0,H,4,11,4,3,6,8,14,13,2,3,0,0,2.1,3.5,3.5
1516,10/01/16,Celta,Ath Madrid,0,2,A,0,0,D,6,10,1,3,4,4,14,14,2,1,0,0,4.5,3.5,1.8
1516,10/01/16,Eibar,Espanol,2,1,H,1,1,D,20,7,6,4,8,2,13,15,3,2,0,0,2.0,3.3,4.0
1516,10/01/16,Las Palmas,Malaga,1,1,D,0,0,D,5,11,3,3,2,5,21,11,5,4,0,0,2.7,3.1,2.8
1516,10/01/16,Sociedad,Valencia,2,0,H,0,0,D,24,10,7,3,5,6,16,13,3,4,0,0,2.25,3.3,3.3
1516,10/01/16,Villarreal,Sp Gijon,2,0,H,1,0,H,7,12,4,2,3,9,10,12,4,2,0,0,1.5,4.33,6.5
1516,16/01/16,Celta,Levante,4,3,H,2,0,H,14,17,6,7,6,2,14,16,1,4,0,0,1.62,3.8,6.0
1516,16/01/16,Sevilla,Malaga,2,1,H,2,0,H,8,14,4,3,6,4,21,21,2,2,1,1,1.67,3.8,5.25
1516,16/01/16,Sociedad,La Coruna,1,1,D,0,1,A,16,7,6,4,9,4,9,11,1,3,0,0,1.95,3.3,4.2
1516,16/01/16,Villarreal,Betis,0,0,D,0,0,D,9,15,2,2,7,11,12,11,2,1,0,0,1.45,4.33,8.0
1516,17/01/16,Barcelona,Ath Bilbao,6,0,H,2,0,H,20,9,8,3,6,2,6,7,2,2,0,1,1.14,8.0,19.0
1516,17/01/16,Getafe,Espanol,3,1,H,2,1,H,18,13,4,6,3,7,12,13,2,2,0,0,2.2,3.2,3.5
1516,17/01/16,Las Palmas,Ath Madrid,0,3,A,0,1,A,11,11,3,5,3,4,7,21,0,2,0,0,6.5,3.6,1.62
1516,17/01/16,Real Madrid,Sp Gijon,5,1,H,5,0,H,17,9,10,2,4,4,10,15,1,1,0,0,1.05,17.0,26.0
1516,17/01/16,Valencia,Vallecano,2,2,D,0,1,A,13,18,5,8,7,9,17,20,1,3,0,0,1.62,4.0,5.5
1516,18/01/16,Eibar,Granada,5,1,H,2,0,H,12,4,7,1,3,2,11,17,1,4,0,0,1.83,3.5,4.5
1516,22/01/16,Sp Gijon,Sociedad,5,1,H,3,1,H,11,9,7,3,6,2,13,12,2,2,0,0,3.1,3.2,2.45
1516,23/01/16,Espanol,Villarreal,2,2,D,2,1,H,11,14,5,5,3,9,12,15,3,1,1,0,2.9,3.2,2.55
1516,23/01/16,Granada,Getafe,3,2,H,2,0,H,20,9,9,2,5,3,12,16,3,3,0,0,2.63,3.1,2.88
1516,23/01/16,Malaga,Barcelona,1,2,A,1,1,D,15,12,9,6,4,3,16,9,3,3,0,0,8.5,5.5,1.33
1516,23/01/16,Vallecano,Celta,3,0,H,3,0,H,26,3,10,1,7,1,20,13,3,5,0,0,2.7,3.4,2.63
1516,24/01/16,Ath Bilbao,Eibar,5,2,H,3,1,H,10,9,5,2,7,2,13,14,2,2,0,0,1.67,3.75,5.5
1516,24/01/16,Ath Madrid,Sevilla,0,0,D,0,0,D,21,7,3,1,8,5,13,13,4,3,0,1,1.67,3.5,6.0
1516,24/01/16,Betis,Real Madrid,1,1,D,1,0,H,4,18,2,8,1,9,17,13,3,2,0,0,9.5,5.75,1.3
1516,24/01/16,La Coruna,Valencia,1,1,D,1,0,H,10,10,2,3,8,6,13,9,3,3,0,0,2.25,3.3,3.3
1516,25/01/16,Levante,Las Palmas,3,2,H,1,0,H,12,13,8,4,2,4,22,11,2,4,1,0,2.38,3.1,3.25
1516,30/01/16,Barcelona,Ath Madrid,2,1,H,2,1,H,10,7,4,4,8,6,7,18,0,3,0,2,1.5,4.2,7.0
1516,30/01/16,Eibar,Malaga,1,2,A,0,1,A,11,7,3,4,1,2,9,15,1,3,0,0,2.38,3.25,3.0
1516,30/01/16,Getafe,Ath Bilbao,0,1,A,0,1,A,11,13,3,3,7,5,13,18,2,5,1,0,3.4,3.3,2.2
1516,30/01/16,Sociedad,Betis,2,1,H,2,0,H,11,8,4,1,3,4,13,9,1,4,0,0,1.67,3.75,5.5
1516,30/01/16,Villarreal,Granada,1,0,H,0,0,D,12,7,6,2,8,0,10,11,4,3,0,0,1.44,4.5,7.5
1516,31/01/16,Las Palmas,Celta,2,1,H,1,1,D,13,5,5,2,7,3,13,18,6,2,0,1,2.38,3.3,3.1
1516,31/01/16,Real Madrid,Espanol,6,0,H,4,0,H,18,15,7,5,3,1,20,20,1,5,0,0,1.1,11.0,21.0
1516,31/01/16,Sevilla,Levante,3,1,H,1,0,H,14,22,8,4,5,9,8,8,1,1,0,0,1.33,5.0,10.0
1516,31/01/16,Valencia,Sp Gijon,0,1,A,0,0,D,16,7,3,3,6,3,15,21,0,2,0,0,1.75,3.75,4.75
1516,01/02/16,La Coruna,Vallecano,2,2,D,1,2,A,17,7,5,3,5,4,6,15,0,0,0,0,1.91,3.6,4.0
1516,05/02/16,Malaga,Getafe,3,0,H,3,0,H,8,6,4,2,4,6,10,10,3,3,0,0,1.57,3.75,6.5
1516,06/02/16,Ath Bilbao,Villarreal,0,0,D,0,0,D,10,2,1,2,5,3,19,20,4,4,1,1,1.83,3.6,4.5
1516,06/02/16,Ath Madrid,Eibar,3,1,H,0,0,D,13,6,4,2,5,2,15,18,2,3,0,0,1.36,4.5,9.5
1516,06/02/16,Sp Gijon,La Coruna,1,1,D,1,1,D,11,5,2,4,4,3,10,13,2,2,0,0,2.5,3.25,2.9
1516,06/02/16,Vallecano,Las Palmas,2,0,H,1,0,H,18,9,8,4,5,5,16,15,3,1,0,0,1.91,3.6,4.0
1516,07/02/16,Betis,Valencia,1,0,H,0,0,D,6,7,2,2,4,5,17,19,4,5,0,1,2.63,3.1,2.88
1516,07/02/16,Celta,Sevilla,1,1,D,0,1,A,25,9,5,2,10,5,15,16,3,3,0,1,3.2,3.3,2.3
1516,07/02/16,Granada,Real Madrid,1,2,A,0,1,A,14,14,2,4,3,6,20,8,3,2,0,0,12.0,6.0,1.25
1516,07/02/16,Levante,Barcelona,0,2,A,0,1,A,11,11,3,4,2,5,15,10,4,3,0,0,15.0,7.5,1.18
1516,08/02/16,Espanol,Sociedad,0,5,A,0,2,A,5,12,1,6,4,5,13,11,1,2,0,0,2.7,3.1,2.8
1516,12/02/16,Sp Gijon,Vallecano,2,2,D,2,1,H,11,15,5,4,3,7,14,12,3,4,0,0,2.38,3.4,3.0
1516,13/02/16,La Coruna,Betis,2,2,D,1,2,A,25,4,11,2,11,0,14,13,1,0,0,0,1.8,3.5,4.75
1516,13/02/16,Real Madrid,Ath Bilbao,4,2,H,3,1,H,19,10,9,3,5,2,6,8,1,2,1,0,1.29,6.0,9.5
1516,13/02/16,Valencia,Espanol,2,1,H,0,0,D,17,19,4,6,9,9,8,19,1,3,0,0,1.75,3.6,5.0
1516,13/02/16,Villarreal,Malaga,1,0,H,1,0,H,12,7,5,2,5,1,13,15,2,1,0,0,2.05,3.3,3.8
1516,14/02/16,Barcelona,Celta,6,1,H,1,1,D,19,10,11,4,1,1,10,16,0,4,0,0,1.08,11.0,26.0
1516,14/02/16,Eibar,Levante,2,0,H,1,0,H,15,8,6,3,8,2,15,12,3,2,0,0,1.8,3.5,4.75
1516,14/02/16,Getafe,Ath Madrid,0,1,A,0,1,A,11,6,0,3,5,4,9,9,2,3,0,0,6.5,3.8,1.57
1516,14/02/16,Sevilla,Las Palmas,2,0,H,0,0,D,9,11,5,3,8,3,15,11,1,3,0,0,1.33,5.0,10.0
1516,14/02/16,Sociedad,Granada,3,0,H,2,0,H,12,15,6,2,7,13,9,18,1,2,0,0,1.53,4.0,6.5
1516,17/02/16,Sp Gijon,Barcelona,1,3,A,1,2,A,6,17,2,8,1,4,11,7,2,1,0,0,19.0,8.0,1.14
1516,19/02/16,Levante,Getafe,3,0,H,2,0,H,12,14,6,6,6,8,12,13,2,2,0,0,2.2,3.3,3.4
1516,20/02/16,Betis,Sp Gijon,1,1,D,0,0,D,17,4,6,3,10,4,15,25,2,3,0,0,2.05,3.3,3.8
1516,20/02/16,Celta,Eibar,3,2,H,2,0,H,14,7,9,3,6,1,6,25,3,2,0,0,2.0,3.5,3.8
1516,20/02/16,Espanol,La Coruna,1,0,H,0,0,D,16,17,9,3,7,4,19,4,3,1,0,0,2.38,3.3,3.0
1516,20/02/16,Las Palmas,Barcelona,1,2,A,1,2,A,16,13,3,8,3,6,10,13,1,2,0,0,15.0,7.5,1.18
1516,21/02/16,Ath Bilbao,Sociedad,0,1,A,0,1,A,9,9,2,4,9,3,21,16,7,6,0,0,1.8,3.5,4.75
1516,21/02/16,Ath Madrid,Villarreal,0,0,D,0,0,D,12,5,3,0,10,2,11,13,2,2,0,0,1.53,3.8,7.5
1516,21/02/16,Granada,Valencia,1,2,A,0,0,D,15,10,4,6,6,3,18,18,2,3,0,0,2.88,3.2,2.55
1516,21/02/16,Malaga,Real Madrid,1,1,D,0,1,A,11,14,5,7,6,6,14,12,5,2,0,0,4.75,3.8,1.73
1516,21/02/16,Vallecano,Sevilla,2,2,D,1,2,A,13,14,4,7,3,17,14,23,6,2,0,0,3.1,3.6,2.2
1516,26/02/16,Eibar,Las Palmas,0,1,A,0,1,A,10,12,4,4,6,6,16,9,4,1,0,0,1.75,3.6,5.0
1516,27/02/16,Betis,Vallecano,2,2,D,2,0,H,20,11,4,4,8,8,16,15,2,3,0,0,2.2,3.3,3.4
1516,27/02/16,Getafe,Celta,0,1,A,0,0,D,14,9,2,3,4,5,11,14,3,4,0,0,3.2,3.3,2.3
1516,27/02/16,Real Madrid,Ath Madrid,0,1,A,0,0,D,15,9,3,5,2,5,15,13,3,4,0,0,1.73,3.6,5.25
1516,27/02/16,Sociedad,Malaga,1,1,D,0,0,D,11,8,3,3,8,3,17,14,4,5,0,0,2.2,3.25,3.5
1516,27/02/16,Sp Gijon,Espanol,2,4,A,1,1,D,13,12,5,7,5,2,14,14,5,2,1,0,2.3,3.2,3.3
1516,28/02/16,Barcelona,Sevilla,2,1,H,1,1,D,17,11,8,4,6,7,13,10,3,2,0,0,1.14,8.0,15.0
1516,28/02/16,La Coruna,Granada,0,1,A,0,1,A,13,10,2,3,6,6,12,12,2,3,1,0,1.8,3.5,4.75
1516,28/02/16,Valencia,Ath Bilbao,0,3,A,0,0,D,9,13,3,4,7,7,9,13,2,0,0,0,2.3,3.2,3.3
1516,28/02/16,Villarreal,Levante,3,0,H,2,0,H,9,7,3,1,3,4,15,12,0,2,0,1,1.67,3.6,5.75
1516,01/03/16,Ath Madrid,Sociedad,3,0,H,1,0,H,12,7,5,1,8,1,19,10,1,2,0,0,1.4,4.33,9.0
1516,01/03/16,Las Palmas,Getafe,4,0,H,2,0,H,11,10,5,2,2,6,20,12,5,2,0,1,2.05,3.4,3.75
1516,02/03/16,Ath Bilbao,La Coruna,4,1,H,2,0,H,12,7,6,4,1,2,5,14,1,3,0,0,1.53,4.0,7.0
1516,02/03/16,Celta,Villarreal,0,0,D,0,0,D,11,6,4,3,2,1,9,2,2,5,0,0,2.2,3.3,3.4
1516,02/03/16,Levante,Real Madrid,1,3,A,1,2,A,11,21,4,8,3,10,12,11,2,1,0,0,7.0,4.75,1.44
1516,02/03/16,Malaga,Valencia,1,2,A,1,1,D,10,11,1,2,4,5,19,16,6,5,0,0,2.05,3.3,3.8
1516,02/03/16,Sevilla,Eibar,1,0,H,1,0,H,14,11,4,6,12,6,12,13,1,2,0,1,1.4,4.75,8.0
1516,03/03/16,Espanol,Betis,0,3,A,0,2,A,16,9,3,6,5,0,20,13,4,2,0,0,1.95,3.5,4.0
1516,03/03/16,Granada,Sp Gijon,2,0,H,0,0,D,13,4,8,0,4,1,24,13,7,3,0,1,2.1,3.3,3.75
1516,03/03/16,Vallecano,Barcelona,1,5,A,0,2,A,8,20,4,8,3,5,17,9,0,2,2,0,13.0,7.0,1.2
1516,05/03/16,Getafe,Sevilla,1,1,D,0,0,D,13,7,3,4,10,9,12,14,5,2,0,0,3.8,3.5,2.0
1516,05/03/16,La Coruna,Malaga,3,3,D,1,1,D,14,5,7,2,10,4,11,13,4,2,0,1,2.5,3.1,3.0
1516,05/03/16,Real Madrid,Celta,7,1,H,1,0,H,20,8,12,3,10,5,13,12,2,3,0,0,1.3,6.0,8.0
1516,05/03/16,Villarreal,Las Palmas,0,1,A,0,1,A,13,10,2,3,6,2,9,8,1,2,0,0,1.62,3.75,6.0
1516,06/03/16,Betis,Granada,2,0,H,0,0,D,10,10,4,4,6,4,9,19,3,7,1,1,2.1,3.4,3.6
1516,06/03/16,Eibar,Barcelona,0,4,A,0,2,A,7,9,0,7,6,2,18,10,3,2,0,0,10.0,6.5,1.25
1516,06/03/16,Sociedad,Levante,1,1,D,1,1,D,15,10,3,3,10,3,12,16,3,3,0,0,1.57,3.75,7.0
1516,06/03/16,Sp Gijon,Ath Bilbao,0,2,A,0,1,A,5,10,1,6,3,0,17,14,1,1,0,1,4.0,3.3,2.0
1516,06/03/16,Valencia,Ath Madrid,1,3,A,1,1,D,10,21,3,5,6,7,13,11,1,1,1,0,4.0,3.3,2.0
1516,07/03/16,Espanol,Vallecano,2,1,H,1,0,H,9,7,8,1,8,3,16,15,3,4,1,0,1.95,3.5,4.0
1516,11/03/16,Malaga,Sp Gijon,1,0,H,1,0,H,13,9,3,4,3,4,8,13,2,4,0,0,1.62,3.8,6.0
1516,12/03/16,Ath Madrid,La Coruna,3,0,H,1,0,H,15,6,7,2,10,1,12,8,1,1,0,0,1.25,5.5,15.0
1516,12/03/16,Barcelona,Getafe,6,0,H,4,0,H,16,6,9,1,5,3,7,13,0,3,0,0,1.06,15.0,26.0
1516,12/03/16,Celta,Sociedad,1,0,H,1,0,H,7,15,1,6,5,3,21,9,3,2,0,0,2.1,3.4,3.5
1516,12/03/16,Vallecano,Eibar,1,1,D,1,1,D,12,7,3,1,8,0,17,18,5,1,0,1,2.2,3.6,3.1
1516,13/03/16,Ath Bilbao,Betis,3,1,H,2,0,H,18,3,9,1,5,6,12,9,1,0,0,0,1.44,4.33,8.0
1516,13/03/16,Las Palmas,Real Madrid,1,2,A,0,1,A,15,12,6,4,6,5,10,13,4,3,0,1,9.5,5.25,1.33
1516,13/03/16,Levante,Valencia,1,0,H,0,0,D,13,6,6,1,8,0,16,16,2,4,0,0,2.63,3.25,2.8
1516,13/03/16,Sevilla,Villarreal,4,2,H,1,2,A,14,13,4,6,5,8,10,12,1,1,1,0,1.73,3.75,5.0
1516,14/03/16,Granada,Espanol,1,1,D,1,0,H,8,10,1,2,2,8,12,20,5,3,1,0,2.15,3.3,3.5
1516,18/03/16,Getafe,Eibar,1,1,D,1,0,H,8,20,4,6,3,3,12,12,1,2,0,0,2.1,3.25,3.75
1516,19/03/16,Betis,Malaga,0,1,A,0,0,D,16,13,5,5,5,7,15,9,3,2,0,0,2.6,3.1,2.9
1516,19/03/16,Granada,Vallecano,2,2,D,1,1,D,11,22,2,6,6,12,8,9,1,5,1,0,2.15,3.4,3.4
1516,19/03/16,La Coruna,Levante,2,1,H,1,0,H,15,7,6,1,2,1,8,12,2,3,0,0,1.91,3.4,4.33
1516,19/03/16,Sociedad,Las Palmas,0,1,A,0,1,A,13,12,3,7,11,5,16,17,4,5,0,0,1.67,3.5,6.0
1516,19/03/16,Sp Gijon,Ath Madrid,2,1,H,0,1,A,12,4,3,1,7,2,14,11,5,2,0,0,8.5,3.6,1.53
1516,20/03/16,Espanol,Ath Bilbao,2,1,H,0,1,A,16,14,7,4,6,2,7,13,3,3,0,0,3.1,3.4,2.3
1516,20/03/16,Real Madrid,Sevilla,4,0,H,1,0,H,26,8,12,4,8,8,10,9,2,2,0,0,1.33,5.5,8.5
1516,20/03/16,Valencia,Celta,0,2,A,0,0,D,14,13,4,6,4,5,14,14,1,0,0,0,2.3,3.5,3.0
1516,20/03/16,Villarreal,Barcelona,2,2,D,0,2,A,15,15,6,6,4,4,17,9,8,4,0,0,8.5,5.25,1.33
1516,01/04/16,Vallecano,Getafe,2,0,H,1,0,H,16,14,7,3,9,6,10,10,4,5,1,0,1.91,3.6,4.0
1516,02/04/16,Ath Madrid,Betis,5,1,H,2,0,H,19,8,12,5,5,5,14,12,1,3,0,0,1.4,4.33,10.0
1516,02/04/16,Barcelona,Real Madrid,1,2,A,0,0,D,14,14,3,6,4,3,17,15,3,2,0,1,1.57,4.5,5.5
1516,02/04/16,Celta,La Coruna,1,1,D,1,1,D,9,7,2,3,11,0,15,8,4,2,0,1,1.75,3.8,4.75
1516,02/04/16,Las Palmas,Valencia,2,1,H,0,1,A,13,7,6,4,8,2,8,17,2,4,0,0,2.38,3.25,3.1
1516,03/04/16,Ath Bilbao,Granada,1,1,D,1,0,H,8,9,1,2,13,1,16,14,2,5,0,0,1.44,4.33,8.0
1516,03/04/16,Eibar,Villarreal,1,2,A,1,1,D,10,8,3,4,4,3,15,12,3,3,0,0,3.1,3.0,2.55
1516,03/04/16,Malaga,Espanol,1,1,D,1,1,D,11,5,5,1,5,1,14,15,2,4,0,0,1.85,3.4,4.75
1516,03/04/16,Sevilla,Sociedad,1,2,A,0,2,A,15,9,6,2,8,3,22,12,4,3,0,1,1.62,4.0,5.5
1516,04/04/16,Levante,Sp Gijon,0,0,D,0,0,D,16,11,4,1,4,6,17,12,4,4,1,0,2.1,3.25,3.75
1516,08/04/16,Granada,Malaga,0,0,D,0,0,D,9,9,1,2,5,5,14,10,1,3,0,0,2.3,3.2,3.3
1516,09/04/16,Betis,Levante,1,0,H,0,0,D,7,12,2,3,4,3,13,18,4,3,0,0,2.05,3.25,3.75
1516,09/04/16,Espanol,Ath Madrid,1,3,A,1,1,D,10,14,3,5,3,5,13,14,2,2,0,0,4.0,3.1,2.05
1516,09/04/16,Real Madrid,Eibar,4,0,H,4,0,H,13,9,6,2,6,7,9,13,1,3,0,0,1.17,7.5,13.0
1516,09/04/16,Sociedad,Barcelona,1,0,H,1,0,H,5,13,1,6,5,9,14,13,1,3,0,0,6.0,4.33,1.5
1516,10/04/16,Ath Bilbao,Vallecano,1,0,H,0,0,D,14,12,7,4,0,5,8,14,1,3,0,0,1.53,4.0,6.0
1516,10/04/16,Sp Gijon,Celta,0,1,A,0,0,D,9,17,2,5,7,7,8,11,2,5,0,0,3.1,3.25,2.3
1516,10/04/16,Valencia,Sevilla,2,1,H,1,0,H,23,7,9,4,10,3,15,18,2,2,0,0,2.2,3.4,3.2
1516,10/04/16,Villarreal,Getafe,2,0,H,1,0,H,13,16,3,3,8,5,9,12,2,2,0,0,1.5,3.8,7.5
1516,11/04/16,La Coruna,Las Palmas,1,3,A,0,0,D,19,13,5,6,7,4,8,9,1,1,0,0,2.05,3.3,3.6
1516,15/04/16,Levante,Espanol,2,1,H,1,1,D,12,10,4,2,4,6,10,12,5,0,0,0,2.45,3.3,3.0
1516,16/04/16,Celta,Betis,1,1,D,0,1,A,18,9,5,4,12,4,14,18,4,3,0,0,1.6,4.2,5.5
1516,16/04/16,Eibar,Sociedad,2,1,H,1,1,D,9,7,4,4,2,0,16,11,3,3,0,0,2.7,3.25,2.7
1516,16/04/16,Getafe,Real Madrid,1,5,A,0,2,A,12,21,5,11,5,6,10,10,4,1,0,0,9.5,6.0,1.29
1516,16/04/16,Las Palmas,Sp Gijon,1,1,D,1,0,H,10,12,4,2,3,10,11,21,2,5,0,0,1.95,3.5,4.0
1516,17/04/16,Ath Madrid,Granada,3,0,H,1,0,H,8,11,3,0,4,2,16,14,3,5,0,0,1.22,6.0,15.0
1516,17/04/16,Barcelona,Valencia,1,2,A,0,2,A,22,7,7,2,7,2,12,15,3,3,0,0,1.14,9.0,17.0
1516,17/04/16,Malaga,Ath Bilbao,0,1,A,0,0,D,17,6,7,3,8,2,13,14,3,5,0,0,2.3,3.25,3.25
1516,17/04/16,Sevilla,La Coruna,1,1,D,1,0,H,12,5,3,4,10,0,15,8,2,2,0,0,1.53,4.2,6.0
1516,17/04/16,Vallecano,Villarreal,2,1,H,1,1,D,14,6,6,2,4,3,14,15,2,3,0,0,2.6,3.3,2.75
1516,19/04/16,Betis,Las Palmas,1,0,H,0,0,D,20,3,6,0,6,3,14,12,2,1,0,1,2.1,3.5,3.5
1516,19/04/16,Espanol,Celta,1,1,D,1,1,D,8,3,3,1,2,2,15,13,1,1,0,0,2.38,3.3,3.0
1516,20/04/16,Ath Bilbao,Ath Madrid,0,1,A,0,1,A,12,8,6,2,6,4,9,6,0,0,0,0,4.0,3.3,2.0
1516,20/04/16,La Coruna,Barcelona,0,8,A,0,2,A,16,19,5,10,6,2,11,8,1,0,0,0,13.0,7.0,1.2
1516,20/04/16,Malaga,Vallecano,1,1,D,0,0,D,12,11,4,4,7,7,19,13,1,3,0,0,1.85,3.75,4.2
1516,20/04/16,Real Madrid,Villarreal,3,0,H,1,0,H,20,5,6,2,11,1,9,8,2,1,0,0,1.22,7.0,11.0
1516,20/04/16,Sp Gijon,Sevilla,2,1,H,1,1,D,14,18,2,8,5,7,7,15,2,1,0,0,3.1,3.4,2.3
1516,20/04/16,Valencia,Eibar,4,0,H,3,0,H,9,9,6,2,6,3,10,6,1,2,0,0,1.62,4.2,5.25
1516,21/04/16,Granada,Levante,5,1,H,3,0,H,13,15,6,5,3,4,16,11,6,5,0,1,1.95,3.5,3.8
1516,21/04/16,Sociedad,Getafe,1,2,A,1,1,D,14,7,5,3,8,2,10,17,2,4,0,0,1.53,4.2,6.0
1516,22/04/16,Las Palmas,Espanol,4,0,H,1,0,H,14,11,9,5,5,5,14,9,4,4,0,0,2.25,3.3,3.3
1516,23/04/16,Ath Madrid,Malaga,1,0,H,0,0,D,14,7,4,4,10,4,6,14,3,3,0,0,1.33,5.0,11.0
1516,23/04/16,Barcelona,Sp Gijon,6,0,H,1,0,H,24,5,10,3,6,1,11,11,0,2,0,1,1.04,17.0,34.0
1516,23/04/16,Eibar,La Coruna,1,1,D,1,0,H,9,9,2,1,11,7,14,8,0,1,0,0,2.25,3.2,3.4
1516,23/04/16,Vallecano,Real Madrid,2,3,A,2,1,H,11,16,6,6,4,6,15,9,6,1,0,0,8.5,5.5,1.33
1516,24/04/16,Getafe,Valencia,2,2,D,0,0,D,18,5,11,4,8,2,14,12,4,1,0,0,3.2,3.3,2.3
1516,24/04/16,Levante,Ath Bilbao,2,2,D,1,0,H,10,19,5,8,4,9,13,8,2,1,0,0,3.4,3.2,2.25
1516,24/04/16,Sevilla,Betis,2,0,H,0,0,D,13,8,3,2,8,5,25,13,5,4,0,0,1.5,4.33,6.5
1516,24/04/16,Villarreal,Sociedad,0,0,D,0,0,D,8,7,3,2,3,5,17,12,4,1,0,0,1.73,3.75,5.0
1516,25/04/16,Celta,Granada,2,1,H,1,0,H,15,11,4,3,4,4,13,15,2,2,0,0,1.53,4.33,6.0
1516,29/04/16,Sp Gijon,Eibar,2,0,H,1,0,H,3,12,3,6,1,5,16,17,2,2,0,0,1.6,3.8,5.75
1516,30/04/16,Ath Madrid,Vallecano,1,0,H,0,0,D,12,13,6,3,5,7,14,12,1,1,0,0,1.33,5.0,10.0
1516,30/04/16,Betis,Barcelona,0,2,A,0,0,D,2,11,1,4,2,4,9,11,3,3,1,0,21.0,9.0,1.13
1516,30/04/16,Granada,Las Palmas,3,2,H,2,2,D,14,12,5,6,4,3,11,9,3,2,0,0,1.6,3.8,6.0
1516,30/04/16,Sociedad,Real Madrid,0,1,A,0,0,D,11,18,4,6,6,6,15,17,4,4,0,0,5.0,4.0,1.67
1516,01/05/16,Ath Bilbao,Celta,2,1,H,1,1,D,10,5,2,2,7,2,12,19,1,5,0,1,1.85,3.6,4.33
1516,01/05/16,Espanol,Sevilla,1,0,H,0,0,D,11,7,7,0,4,2,20,15,3,3,0,0,2.3,3.3,3.1
1516,01/05/16,La Coruna,Getafe,0,2,A,0,1,A,15,11,5,5,8,5,7,19,1,6,1,0,2.3,3.3,3.2
1516,01/05/16,Valencia,Villarreal,0,2,A,0,2,A,7,8,1,3,9,3,15,11,0,2,0,0,2.2,3.3,3.4
1516,02/05/16,Malaga,Levante,3,1,H,1,1,D,21,11,11,5,13,7,18,10,2,4,0,0,2.2,3.2,3.5
1516,08/05/16,Barcelona,Espanol,5,0,H,1,0,H,13,4,7,1,8,0,13,25,2,7,0,0,1.04,17.0,41.0
1516,08/05/16,Celta,Malaga,1,0,H,1,0,H,12,13,3,5,4,3,11,10,0,2,0,0,1.5,4.2,7.0
1516,08/05/16,Eibar,Betis,1,1,D,0,1,A,21,6,10,3,8,2,15,9,1,3,0,0,2.1,3.6,3.4
1516,08/05/16,Getafe,Sp Gijon,1,1,D,0,0,D,19,9,9,3,7,3,15,13,3,1,0,1,2.1,3.6,3.4
1516,08/05/16,Las Palmas,Ath Bilbao,0,0,D,0,0,D,4,8,2,3,2,2,9,18,1,1,0,0,4.0,3.6,1.91
1516,08/05/16,Levante,Ath Madrid,2,1,H,1,1,D,12,17,5,5,4,5,8,11,1,1,0,0,17.0,6.5,1.2
1516,08/05/16,Real Madrid,Valencia,3,2,H,2,0,H,15,17,8,8,5,8,10,11,1,4,0,1,1.2,7.5,11.0
1516,08/05/16,Sevilla,Granada,1,4,A,0,1,A,12,10,6,6,5,4,18,11,4,1,0,0,2.88,3.75,2.3
1516,08/05/16,Sociedad,Vallecano,2,1,H,1,0,H,12,18,6,5,5,11,7,12,2,1,1,0,3.5,3.6,2.05
1516,08/05/16,Villarreal,La Coruna,0,2,A,0,1,A,11,8,4,4,8,5,14,4,3,1,0,0,2.45,3.1,3.1
1516,13/05/16,Valencia,Sociedad,0,1,A,0,0,D,8,14,0,7,4,6,17,12,2,2,0,0,1.95,3.75,3.75
1516,14/05/16,Ath Bilbao,Sevilla,3,1,H,2,0,H,13,8,6,4,7,6,13,11,1,2,1,2,1.33,5.75,8.0
1516,14/05/16,Ath Madrid,Celta,2,0,H,0,0,D,12,7,5,4,4,4,16,16,4,5,0,0,1.75,3.75,4.5
1516,14/05/16,Granada,Barcelona,0,3,A,0,2,A,8,12,2,10,5,6,12,10,5,2,0,0,26.0,11.0,1.08
1516,14/05/16,La Coruna,Real Madrid,0,2,A,0,2,A,10,16,2,5,4,8,6,9,1,3,0,0,13.0,8.0,1.18
1516,15/05/16,Betis,Getafe,2,1,H,0,0,D,7,14,4,5,3,2,8,27,1,8,0,1,5.0,3.8,1.7
1516,15/05/16,Espanol,Eibar,4,2,H,2,0,H,11,13,7,8,3,4,10,14,4,3,0,0,2.0,3.6,3.7
1516,15/05/16,Malaga,Las Palmas,4,1,H,2,1,H,14,12,8,7,3,6,16,10,1,1,0,0,1.8,3.75,4.5
1516,15/05/16,Sp Gijon,Villarreal,2,0,H,1,0,H,16,10,7,5,4,1,9,6,1,2,0,0,1.44,4.5,7.5
1516,15/05/16,Vallecano,Levante,3,1,H,2,0,H,21,8,9,2,9,3,12,8,1,3,0,0,1.33,5.25,9.0
1617,19/08/16,La Coruna,Eibar,2,1,H,0,0,D,11,12,6,6,1,8,14,17,3,3,0,0,1.95,3.4,4.2
1617,19/08/16,Malaga,Osasuna,1,1,D,0,0,D,14,8,4,3,5,3,11,22,2,3,0,0,1.62,3.75,6.0
1617,20/08/16,Barcelona,Betis,6,2,H,3,1,H,30,6,12,2,10,2,17,13,1,3,0,0,1.08,11.0,29.0
1617,20/08/16,Granada,Villarreal,1,1,D,0,0,D,7,12,1,3,7,3,17,11,2,3,0,0,2.5,3.2,3.0
1617,20/08/16,Sevilla,Espanol,6,4,H,3,3,D,16,10,11,7,8,2,8,15,2,2,0,0,1.67,4.0,5.0
1617,21/08/16,Ath Madrid,Alaves,1,1,D,0,0,D,27,2,6,1,20,2,7,15,0,4,0,0,1.2,6.5,17.0
1617,21/08/16,Sociedad,Real Madrid,0,3,A,0,2,A,8,18,0,8,4,7,22,11,2,3,0,0,4.75,3.8,1.75
1617,21/08/16,Sp Gijon,Ath Bilbao,2,1,H,0,0,D,12,13,4,4,2,5,18,15,3,3,0,0,4.0,3.5,1.95
1617,22/08/16,Celta,Leganes,0,1,A,0,0,D,10,15,2,6,8,4,5,13,4,1,0,1,1.65,3.75,5.75
1617,22/08/16,Valencia,Las Palmas,2,4,A,2,3,A,17,6,8,4,12,1,15,18,2,2,0,0,1.73,3.75,5.0
1617,26/08/16,Betis,La Coruna,0,0,D,0,0,D,15,12,5,1,13,2,20,15,0,2,0,0,2.2,3.2,3.5
1617,26/08/16,Espanol,Malaga,2,2,D,1,0,H,7,9,2,3,3,4,20,17,2,4,0,0,2.3,3.1,3.4
1617,27/08/16,Eibar,Valencia,1,0,H,0,0,D,13,13,6,3,6,10,13,11,2,2,0,0,2.7,3.2,2.75
1617,27/08/16,Leganes,Ath Madrid,0,0,D,0,0,D,6,10,1,3,1,8,19,5,3,1,0,0,8.5,3.6,1.53
1617,27/08/16,Osasuna,Sociedad,0,2,A,0,1,A,8,5,3,4,10,1,14,14,2,1,0,0,3.1,3.1,2.5
1617,27/08/16,Real Madrid,Celta,2,1,H,0,0,D,24,8,10,3,7,2,8,11,0,2,0,0,1.18,7.0,17.0
1617,28/08/16,Alaves,Sp Gijon,0,0,D,0,0,D,13,7,2,1,4,6,10,12,1,1,0,0,2.15,3.2,3.75
1617,28/08/16,Ath Bilbao,Barcelona,0,1,A,0,1,A,9,12,4,3,4,4,20,13,5,4,0,0,6.5,4.33,1.5
1617,28/08/16,Las Palmas,Granada,5,1,H,1,1,D,15,13,10,2,6,4,8,16,5,1,0,0,1.91,3.4,4.33
1617,28/08/16,Villarreal,Sevilla,0,0,D,0,0,D,12,6,5,0,5,1,16,12,1,3,0,0,2.5,3.4,2.8
1617,09/09/16,Sociedad,Espanol,1,1,D,0,0,D,9,4,3,1,11,1,10,10,2,2,0,1,2.05,3.4,3.75
1617,10/09/16,Barcelona,Alaves,1,2,A,0,1,A,16,5,2,4,13,0,12,12,1,1,0,0,1.07,12.0,34.0
1617,10/09/16,Celta,Ath Madrid,0,4,A,0,0,D,9,13,1,6,6,4,13,12,1,2,0,0,6.0,3.3,1.73
1617,10/09/16,Malaga,Villarreal,0,2,A,0,2,A,15,12,2,6,9,7,8,14,2,1,0,0,2.3,3.1,3.3
1617,10/09/16,Real Madrid,Osasuna,5,2,H,3,0,H,25,10,11,3,6,7,14,14,2,2,0,1,1.04,15.0,34.0
1617,10/09/16,Sevilla,Las Palmas,2,1,H,0,1,A,16,7,7,4,10,1,15,13,2,4,0,1,1.5,4.33,6.0
1617,11/09/16,Granada,Eibar,1,2,A,0,1,A,15,10,5,8,6,7,7,8,2,0,0,1,2.15,3.25,3.5
1617,11/09/16,La Coruna,Ath Bilbao,0,1,A,0,1,A,16,7,3,2,7,6,15,15,2,3,0,0,3.6,3.25,2.15
1617,11/09/16,Sp Gijon,Leganes,2,1,H,2,0,H,7,9,4,2,3,5,12,16,0,2,0,0,2.25,3.2,3.4
1617,11/09/16,Valencia,Betis,2,3,A,0,1,A,23,12,9,5,5,5,15,21,2,4,1,0,1.65,4.2,5.0
1617,16/09/16,Betis,Granada,2,2,D,1,2,A,23,15,7,8,7,3,13,17,4,3,1,1,1.73,3.75,5.0
1617,17/09/16,Ath Madrid,Sp Gijon,5,0,H,3,0,H,18,10,7,1,1,4,14,9,0,2,0,0,1.18,6.5,21.0
1617,17/09/16,Eibar,Sevilla,1,1,D,0,1,A,10,8,2,4,4,2,19,10,1,1,2,0,3.1,3.3,2.35
1617,17/09/16,Las Palmas,Malaga,1,0,H,1,0,H,6,10,2,2,2,2,11,18,3,1,0,0,2.3,3.25,3.3
1617,17/09/16,Leganes,Barcelona,1,5,A,0,3,A,15,10,6,7,2,5,28,7,4,2,0,0,17.0,7.0,1.18
1617,18/09/16,Ath Bilbao,Valencia,2,1,H,2,1,H,13,10,4,2,7,1,19,20,4,4,0,0,1.85,3.6,4.33
1617,18/09/16,Espanol,Real Madrid,0,2,A,0,1,A,11,13,2,7,4,5,19,8,4,2,0,0,7.5,5.5,1.36
1617,18/09/16,Osasuna,Celta,0,0,D,0,0,D,9,13,2,5,3,5,18,13,4,1,0,0,2.9,3.1,2.6
1617,18/09/16,Villarreal,Sociedad,2,1,H,2,1,H,9,15,4,2,3,6,13,16,2,3,0,1,1.85,3.5,4.5
1617,19/09/16,Alaves,La Coruna,0,0,D,0,0,D,9,16,1,1,4,5,16,8,3,4,0,0,2.3,3.0,3.5
1617,20/09/16,Malaga,Eibar,2,1,H,1,1,D,14,12,6,3,7,5,7,13,2,4,0,0,1.85,3.4,4.75
1617,20/09/16,Sevilla,Betis,1,0,H,0,0,D,12,8,3,3,6,2,24,17,5,4,0,0,1.45,4.5,7.0
1617,21/09/16,Barcelona,Ath Madrid,1,1,D,1,0,H,19,9,7,4,8,2,14,17,2,4,0,0,1.6,4.0,5.5
1617,21/09/16,Celta,Sp Gijon,2,1,H,0,0,D,16,4,5,1,8,0,16,8,2,3,0,0,1.57,4.0,6.0
1617,21/09/16,Granada,Ath Bilbao,1,2,A,1,1,D,13,13,2,8,6,3,8,9,1,0,0,0,4.5,3.5,1.85
1617,21/09/16,Real Madrid,Villarreal,1,1,D,0,1,A,22,8,6,3,17,3,9,9,4,1,0,0,1.2,7.0,15.0
1617,21/09/16,Sociedad,Las Palmas,4,1,H,3,0,H,17,8,7,3,7,4,3,7,1,2,0,1,2.0,3.5,3.75
1617,22/09/16,La Coruna,Leganes,1,2,A,1,0,H,12,8,5,2,7,1,20,18,0,3,0,0,2.15,3.25,3.6
1617,22/09/16,Osasuna,Espanol,1,2,A,0,1,A,17,10,11,2,7,1,16,14,2,1,0,0,2.88,3.2,2.6
1617,22/09/16,Valencia,Alaves,2,1,H,1,1,D,12,8,2,1,7,4,14,13,2,3,0,0,1.57,3.75,6.0
1617,23/09/16,Betis,Malaga,1,0,H,1,0,H,11,16,4,6,6,5,20,15,4,6,0,0,2.6,3.1,2.9
1617,24/09/16,Ath Bilbao,Sevilla,3,1,H,1,0,H,14,5,7,2,4,5,9,9,2,2,0,1,2.05,3.4,3.75
1617,24/09/16,Eibar,Sociedad,2,0,H,0,0,D,17,3,3,0,5,3,15,13,4,2,0,1,2.45,3.2,3.0
1617,24/09/16,Las Palmas,Real Madrid,2,2,D,1,1,D,8,27,6,11,0,5,7,19,3,2,0,0,8.5,5.0,1.36
1617,24/09/16,Sp Gijon,Barcelona,0,5,A,0,2,A,10,13,3,7,4,3,15,10,1,0,1,0,13.0,6.5,1.22
1617,25/09/16,Ath Madrid,La Coruna,1,0,H,0,0,D,21,8,5,1,10,0,13,19,1,2,0,1,1.22,5.5,19.0
1617,25/09/16,Espanol,Celta,0,2,A,0,0,D,10,12,2,4,4,7,15,13,2,3,0,0,2.25,3.3,3.3
1617,25/09/16,Leganes,Valencia,1,2,A,1,1,D,7,10,3,4,1,5,19,17,4,4,0,0,2.8,3.2,2.6
1617,25/09/16,Villarreal,Osasuna,3,1,H,3,1,H,12,11,5,3,5,5,7,16,0,2,0,0,1.4,4.33,9.5
1617,26/09/16,Alaves,Granada,3,1,H,0,0,D,16,13,6,3,5,6,15,19,3,3,0,0,2.1,3.3,3.75
1617,30/09/16,Sociedad,Betis,1,0,H,0,0,D,16,5,8,2,4,2,17,22,2,3,0,0,1.8,3.5,4.75
1617,01/10/16,Granada,Leganes,0,1,A,0,0,D,8,9,1,3,6,4,13,20,1,0,0,0,2.45,3.3,3.0
1617,01/10/16,La Coruna,Sp Gijon,2,1,H,1,0,H,21,7,6,2,11,4,17,26,0,4,0,0,1.95,3.4,4.2
1617,01/10/16,Osasuna,Las Palmas,2,2,D,2,0,H,5,17,3,5,1,12,17,7,3,4,0,0,2.6,3.2,2.8
1617,01/10/16,Sevilla,Alaves,2,1,H,0,0,D,20,6,12,1,9,2,10,13,2,6,0,0,1.44,4.33,8.0
1617,02/10/16,Celta,Barcelona,4,3,H,3,0,H,14,13,9,4,3,6,16,11,1,3,0,0,8.0,4.75,1.4
1617,02/10/16,Espanol,Villarreal,0,0,D,0,0,D,9,5,1,1,3,1,14,10,2,2,0,0,2.88,3.1,2.63
1617,02/10/16,Malaga,Ath Bilbao,2,1,H,0,1,A,15,7,3,1,7,2,19,11,7,3,1,1,2.45,3.0,3.3
1617,02/10/16,Real Madrid,Eibar,1,1,D,1,1,D,15,7,3,4,7,5,8,15,4,5,0,0,1.08,11.0,26.0
1617,02/10/16,Valencia,Ath Madrid,0,2,A,0,0,D,14,17,5,10,6,5,10,15,1,3,0,0,4.5,3.5,1.85
1617,14/10/16,Las Palmas,Espanol,0,0,D,0,0,D,13,5,8,2,8,4,13,21,2,3,0,0,1.95,3.4,4.2
1617,15/10/16,Ath Madrid,Granada,7,1,H,2,1,H,17,9,11,2,11,3,14,8,1,1,0,0,1.13,10.0,17.0
1617,15/10/16,Barcelona,La Coruna,4,0,H,3,0,H,25,7,8,0,8,2,5,15,1,2,0,1,1.1,10.0,26.0
1617,15/10/16,Betis,Real Madrid,1,6,A,0,4,A,13,22,2,9,2,5,14,8,4,1,0,0,8.0,5.25,1.36
1617,15/10/16,Leganes,Sevilla,2,3,A,0,1,A,19,5,6,4,5,2,17,20,2,5,0,0,3.4,3.2,2.25
1617,16/10/16,Alaves,Malaga,1,1,D,1,0,H,8,12,4,5,6,7,14,14,3,3,1,1,2.6,3.0,3.0
1617,16/10/16,Ath Bilbao,Sociedad,3,2,H,0,1,A,15,6,11,3,7,4,17,19,3,3,0,0,1.83,3.6,4.4
1617,16/10/16,Sp Gijon,Valencia,1,2,A,1,1,D,10,7,2,3,4,4,21,11,5,1,0,0,3.6,3.4,2.1
1617,16/10/16,Villarreal,Celta,5,0,H,3,0,H,11,4,5,1,3,5,19,12,1,4,0,1,1.85,3.4,4.75
1617,17/10/16,Eibar,Osasuna,2,3,A,2,2,D,13,8,5,4,5,0,15,12,1,2,0,0,1.7,3.6,5.0
1617,21/10/16,Osasuna,Betis,1,2,A,0,1,A,13,12,5,6,6,4,20,12,3,2,1,0,2.4,3.2,3.1
1617,22/10/16,Espanol,Eibar,3,3,D,0,3,A,11,8,5,3,7,6,11,12,1,6,1,0,2.05,3.4,3.8
1617,22/10/16,Granada,Sp Gijon,0,0,D,0,0,D,12,3,1,3,3,3,10,12,4,1,0,0,2.1,3.4,3.6
1617,22/10/16,Sociedad,Alaves,3,0,H,1,0,H,16,10,5,3,4,2,17,20,3,5,0,0,1.67,3.75,5.5
1617,22/10/16,Valencia,Barcelona,2,3,A,0,1,A,7,15,4,8,3,1,15,13,5,4,0,0,7.0,5.25,1.4
1617,23/10/16,Celta,La Coruna,4,1,H,1,1,D,9,11,7,1,5,4,17,15,3,5,0,0,1.7,3.6,5.5
1617,23/10/16,Malaga,Leganes,4,0,H,2,0,H,24,14,8,5,5,8,12,15,1,3,0,0,1.85,3.3,4.75
1617,23/10/16,Real Madrid,Ath Bilbao,2,1,H,1,1,D,24,10,8,3,6,4,10,17,2,3,0,0,1.2,7.0,13.0
1617,23/10/16,Sevilla,Ath Madrid,1,0,H,0,0,D,12,9,5,3,4,5,15,11,4,2,0,1,4.0,3.5,1.95
1617,23/10/16,Villarreal,Las Palmas,2,1,H,0,1,A,14,8,4,4,2,1,16,12,2,3,0,0,1.67,3.8,5.25
1617,28/10/16,Leganes,Sociedad,0,2,A,0,1,A,7,9,4,5,1,4,19,15,5,2,0,0,2.63,3.1,2.88
1617,29/10/16,Alaves,Real Madrid,1,4,A,1,2,A,8,15,3,5,4,3,15,6,5,1,0,0,13.0,6.5,1.22
1617,29/10/16,Ath Madrid,Malaga,4,2,H,3,1,H,16,6,7,3,6,2,10,10,2,4,1,1,1.22,6.0,15.0
1617,29/10/16,Barcelona,Granada,1,0,H,0,0,D,15,1,5,0,8,1,7,17,1,4,0,0,1.05,17.0,34.0
1617,29/10/16,Sp Gijon,Sevilla,1,1,D,1,1,D,9,20,5,6,3,4,17,9,6,2,0,0,3.8,3.6,1.95
1617,30/10/16,Ath Bilbao,Osasuna,1,1,D,1,1,D,18,7,4,3,9,2,10,11,2,1,0,0,1.36,5.0,8.5
1617,30/10/16,Betis,Espanol,0,1,A,0,0,D,13,10,5,5,8,3,15,15,3,3,0,0,2.25,3.25,3.4
1617,30/10/16,Eibar,Villarreal,2,1,H,0,1,A,13,6,9,1,3,7,16,16,2,3,0,0,3.0,3.2,2.5
1617,30/10/16,Las Palmas,Celta,3,3,D,0,3,A,17,9,8,6,8,1,13,22,2,6,0,1,2.3,3.3,3.2
1617,31/10/16,La Coruna,Valencia,1,1,D,1,0,H,16,10,4,3,5,6,14,21,1,5,0,0,2.88,3.2,2.55
1617,04/11/16,Malaga,Sp Gijon,3,2,H,1,1,D,22,7,7,4,9,2,12,20,5,4,0,1,1.73,3.6,5.25
1617,05/11/16,Granada,La Coruna,1,1,D,0,0,D,14,13,6,5,7,6,11,7,1,2,0,0,2.6,3.2,2.8
1617,05/11/16,Las Palmas,Eibar,1,0,H,0,0,D,16,13,6,5,7,4,10,20,1,4,0,0,1.91,3.5,4.0
1617,05/11/16,Osasuna,Alaves,0,1,A,0,0,D,10,12,4,3,3,4,18,10,5,2,0,0,2.25,3.2,3.4
1617,05/11/16,Sociedad,Ath Madrid,2,0,H,0,0,D,12,9,3,2,6,6,18,20,2,4,0,0,5.75,3.6,1.67
1617,06/11/16,Celta,Valencia,2,1,H,1,1,D,7,13,4,4,4,3,19,15,6,1,0,0,2.25,3.4,3.2
1617,06/11/16,Espanol,Ath Bilbao,0,0,D,0,0,D,6,4,3,0,5,3,13,11,1,2,0,0,3.0,3.2,2.5
1617,06/11/16,Real Madrid,Leganes,3,0,H,2,0,H,17,7,7,3,2,2,7,20,3,5,0,0,1.07,13.0,23.0
1617,06/11/16,Sevilla,Barcelona,1,2,A,1,1,D,15,14,4,7,3,5,18,12,4,6,0,0,5.25,4.2,1.62
1617,06/11/16,Villarreal,Betis,2,0,H,1,0,H,15,7,7,3,10,1,16,12,0,2,0,0,1.5,4.2,7.0
1617,18/11/16,Betis,Las Palmas,2,0,H,2,0,H,10,9,3,3,4,5,22,10,0,1,0,0,2.35,3.4,3.1
1617,19/11/16,Ath Madrid,Real Madrid,0,3,A,0,1,A,16,12,5,7,8,6,21,14,4,2,0,0,2.5,3.3,2.9
1617,19/11/16,Barcelona,Malaga,0,0,D,0,0,D,28,4,8,1,14,1,13,12,0,2,0,2,1.13,9.0,21.0
1617,19/11/16,Eibar,Celta,1,0,H,1,0,H,12,6,5,2,7,0,11,13,2,5,0,2,2.38,3.25,3.1
1617,19/11/16,La Coruna,Sevilla,2,3,A,2,1,H,4,20,3,7,3,14,15,12,3,2,0,0,3.3,3.4,2.2
1617,20/11/16,Alaves,Espanol,0,1,A,0,0,D,10,10,4,3,2,5,20,14,5,2,0,0,2.5,3.1,3.1
1617,20/11/16,Ath Bilbao,Villarreal,1,0,H,0,0,D,12,6,5,2,6,5,13,17,0,2,0,0,2.15,3.3,3.5
1617,20/11/16,Sp Gijon,Sociedad,1,3,A,1,1,D,4,20,1,9,3,5,17,9,2,1,0,0,3.4,3.3,2.2
1617,20/11/16,Valencia,Granada,1,1,D,0,1,A,14,9,7,5,11,2,7,18,1,5,0,0,1.33,5.5,8.5
1617,21/11/16,Leganes,Osasuna,2,0,H,1,0,H,15,5,5,2,3,2,13,17,2,3,0,0,1.85,3.5,4.5
1617,25/11/16,Eibar,Betis,3,1,H,2,0,H,16,7,9,2,5,1,11,7,0,1,0,1,1.95,3.4,4.2
1617,26/11/16,Espanol,Leganes,3,0,H,0,0,D,8,8,4,3,3,4,19,16,1,2,0,0,1.85,3.4,4.75
1617,26/11/16,Malaga,La Coruna,4,3,H,2,1,H,10,24,4,8,2,5,15,13,3,1,0,0,2.0,3.25,4.2
1617,26/11/16,Real Madrid,Sp Gijon,2,1,H,2,1,H,19,9,7,3,5,6,19,18,1,3,0,0,1.06,13.0,34.0
1617,26/11/16,Sevilla,Valencia,2,1,H,0,0,D,6,10,1,4,3,6,19,14,0,1,0,0,1.73,3.75,5.0
1617,27/11/16,Celta,Granada,3,1,H,2,0,H,16,7,6,1,5,0,4,15,0,3,0,0,1.53,4.0,7.0
1617,27/11/16,Osasuna,Ath Madrid,0,3,A,0,2,A,11,7,1,5,7,4,9,6,2,2,0,0,11.0,5.25,1.3
1617,27/11/16,Sociedad,Barcelona,1,1,D,0,0,D,17,10,6,2,8,6,16,11,2,4,0,0,7.0,4.75,1.44
1617,27/11/16,Villarreal,Alaves,0,2,A,0,2,A,23,10,10,7,12,1,11,19,2,3,0,0,1.5,4.0,7.5
1617,28/11/16,Las Palmas,Ath Bilbao,3,1,H,1,0,H,10,10,4,3,5,3,19,21,3,4,0,1,2.5,3.4,2.8
1617,03/12/16,Ath Madrid,Espanol,0,0,D,0,0,D,11,5,3,3,9,2,10,19,2,2,0,0,1.22,6.0,15.0
1617,03/12/16,Barcelona,Real Madrid,1,1,D,0,0,D,11,14,2,5,5,7,19,16,4,2,0,0,1.85,4.2,4.2
1617,03/12/16,Granada,Sevilla,2,1,H,1,0,H,11,17,6,6,4,8,18,16,5,2,0,0,4.75,3.5,1.8
1617,03/12/16,Leganes,Villarreal,0,0,D,0,0,D,11,9,4,3,2,4,21,16,6,3,0,0,3.8,2.9,2.25
1617,04/12/16,Alaves,Las Palmas,1,1,D,1,0,H,9,10,2,3,3,5,15,11,3,3,0,0,2.5,3.2,3.0
1617,04/12/16,Ath Bilbao,Eibar,3,1,H,1,0,H,12,10,5,4,2,2,9,16,1,4,0,0,1.85,3.4,4.75
1617,04/12/16,Betis,Celta,3,3,D,1,1,D,16,13,5,6,4,3,22,14,4,1,1,0,2.38,3.25,3.1
1617,04/12/16,Sp Gijon,Osasuna,3,1,H,1,0,H,9,15,5,2,2,5,17,13,3,1,0,0,2.0,3.3,4.0
1617,04/12/16,Valencia,Malaga,2,2,D,2,1,H,8,19,3,6,2,13,16,7,5,1,0,0,1.75,3.6,5.0
1617,05/12/16,La Coruna,Sociedad,5,1,H,3,0,H,15,14,10,3,8,6,15,10,1,4,0,0,3.1,3.1,2.5
1617,09/12/16,Malaga,Granada,1,1,D,1,0,H,16,8,7,2,6,2,16,14,3,5,0,0,1.6,4.0,5.75
1617,10/12/16,Las Palmas,Leganes,1,1,D,1,0,H,5,11,1,6,6,4,17,18,3,3,0,0,1.8,3.5,4.75
1617,10/12/16,Osasuna,Barcelona,0,3,A,0,0,D,4,17,1,6,2,5,18,6,3,0,0,0,15.0,7.5,1.18
1617,10/12/16,Real Madrid,La Coruna,3,2,H,0,0,D,17,4,5,2,10,3,16,17,3,4,0,0,1.17,8.0,15.0
1617,10/12/16,Sociedad,Valencia,3,2,H,2,1,H,14,9,6,3,8,4,17,20,4,4,0,1,1.91,3.75,3.8
1617,11/12/16,Betis,Ath Bilbao,1,0,H,1,0,H,6,14,1,4,3,7,14,12,3,2,0,0,3.1,3.25,2.38
1617,11/12/16,Celta,Sevilla,0,3,A,0,0,D,14,14,6,5,4,6,13,13,3,3,0,0,2.75,3.3,2.63
1617,11/12/16,Eibar,Alaves,0,0,D,0,0,D,8,3,1,3,7,2,14,7,1,1,0,0,1.83,3.6,4.5
1617,11/12/16,Espanol,Sp Gijon,2,1,H,0,0,D,12,13,6,5,4,3,13,10,1,2,0,0,1.73,3.75,5.0
1617,12/12/16,Villarreal,Ath Madrid,3,0,H,2,0,H,9,13,5,3,2,7,13,13,3,3,0,0,4.5,3.5,1.85
1617,16/12/16,Alaves,Betis,1,0,H,0,0,D,10,6,2,3,6,4,20,6,6,1,0,0,2.3,3.1,3.4
1617,17/12/16,Ath Madrid,Las Palmas,1,0,H,0,0,D,16,11,3,3,8,5,15,11,2,1,0,0,1.29,5.5,9.5
1617,17/12/16,Granada,Sociedad,0,2,A,0,0,D,10,18,4,6,5,9,9,11,0,1,0,0,3.75,3.4,2.0
1617,17/12/16,Sevilla,Malaga,4,1,H,4,0,H,9,16,5,3,3,6,17,12,2,3,1,0,1.5,4.1,6.5
1617,17/12/16,Sp Gijon,Villarreal,1,3,A,0,2,A,16,14,7,9,12,2,16,14,2,1,0,0,3.25,3.3,2.2
1617,18/12/16,Barcelona,Espanol,4,1,H,1,0,H,14,4,7,1,5,2,11,16,0,3,0,0,1.1,10.0,26.0
1617,18/12/16,La Coruna,Osasuna,2,0,H,2,0,H,8,13,4,3,5,1,8,16,1,3,0,0,1.57,3.75,6.0
1617,18/12/16,Leganes,Eibar,1,1,D,1,0,H,8,15,2,4,3,6,10,10,2,2,1,0,2.55,3.1,2.88
1617,19/12/16,Ath Bilbao,Celta,2,1,H,0,0,D,10,10,7,4,9,7,16,13,4,2,0,1,1.83,3.5,4.33
1617,06/01/17,Espanol,La Coruna,1,1,D,0,0,D,14,13,4,3,2,8,13,14,1,1,0,1,2.05,3.3,3.8
1617,07/01/17,Eibar,Ath Madrid,0,2,A,0,0,D,15,8,2,4,5,3,11,10,2,2,0,0,5.5,3.5,1.73
1617,07/01/17,Las Palmas,Sp Gijon,1,0,H,0,0,D,16,10,10,2,8,3,8,18,2,3,0,0,1.67,3.75,5.5
1617,07/01/17,Real Madrid,Granada,5,0,H,4,0,H,23,3,13,1,9,1,11,12,1,4,0,0,1.07,13.0,26.0
1617,07/01/17,Sociedad,Sevilla,0,4,A,0,2,A,11,11,5,10,7,4,15,18,2,3,0,0,2.25,3.4,3.2
1617,08/01/17,Ath Bilbao,Alaves,0,0,D,0,0,D,15,10,4,4,13,4,10,13,2,4,0,0,1.53,3.8,7.5
1617,08/01/17,Betis,Leganes,2,0,H,0,0,D,16,9,3,3,4,2,10,20,2,6,0,0,2.1,3.25,3.75
1617,08/01/17,Celta,Malaga,3,1,H,1,0,H,6,13,3,4,2,7,17,15,1,4,0,0,1.85,3.6,4.33
1617,08/01/17,Villarreal,Barcelona,1,1,D,0,0,D,6,20,3,7,2,4,16,13,1,2,1,0,6.0,4.33,1.53
1617,09/01/17,Osasuna,Valencia,3,3,D,1,2,A,22,7,4,3,7,3,19,13,2,5,0,0,4.0,3.5,1.95
1617,14/01/17,Ath Madrid,Betis,1,0,H,1,0,H,6,10,3,6,9,2,15,17,1,3,0,0,1.2,6.5,17.0
1617,14/01/17,Barcelona,Las Palmas,5,0,H,1,0,H,22,7,10,1,5,1,15,11,3,4,0,0,1.1,11.0,26.0
1617,14/01/17,La Coruna,Villarreal,0,0,D,0,0,D,13,4,3,1,10,0,14,8,0,1,0,0,2.7,3.1,2.8
1617,14/01/17,Leganes,Ath Bilbao,0,0,D,0,0,D,15,10,5,2,4,8,20,11,3,3,0,0,3.25,3.1,2.38
1617,15/01/17,Celta,Alaves,1,0,H,0,0,D,13,9,4,1,7,4,19,10,4,3,0,1,1.7,3.75,5.25
1617,15/01/17,Granada,Osasuna,1,1,D,0,1,A,8,13,4,3,3,5,13,23,2,4,2,0,2.05,3.4,3.8
1617,15/01/17,Sevilla,Real Madrid,2,1,H,0,0,D,9,10,4,3,6,1,13,10,3,1,0,0,3.6,3.8,1.95
1617,15/01/17,Sp Gijon,Eibar,2,3,A,1,3,A,10,18,4,7,2,4,13,16,4,0,0,0,2.9,3.1,2.6
1617,15/01/17,Valencia,Espanol,2,1,H,1,0,H,10,6,5,3,6,3,17,13,5,0,0,0,1.91,3.6,4.0
1617,16/01/17,Malaga,Sociedad,0,2,A,0,0,D,5,11,1,5,8,8,22,12,0,2,0,0,2.4,3.3,3.0
1617,20/01/17,Las Palmas,La Coruna,1,1,D,1,0,H,9,7,3,1,4,5,13,8,0,1,1,0,2.25,3.3,3.3
1617,21/01/17,Alaves,Leganes,2,2,D,1,1,D,8,13,3,4,4,3,9,20,3,2,0,0,2.2,3.1,3.6
1617,21/01/17,Espanol,Granada,3,1,H,2,1,H,17,7,8,4,10,5,19,17,0,3,0,0,1.57,4.0,6.0
1617,21/01/17,Real Madrid,Malaga,2,1,H,2,0,H,14,10,7,6,5,4,7,20,2,3,0,0,1.13,10.0,17.0
1617,21/01/17,Villarreal,Valencia,0,2,A,0,2,A,20,13,5,5,7,2,14,17,2,2,0,0,1.85,3.6,4.33
1617,22/01/17,Ath Bilbao,Ath Madrid,2,2,D,1,1,D,8,11,5,5,2,6,12,9,2,3,0,0,4.0,3.2,2.05
1617,22/01/17,Betis,Sp Gijon,0,0,D,0,0,D,16,7,4,1,9,5,14,20,2,2,0,0,1.73,3.6,5.25
1617,22/01/17,Eibar,Barcelona,0,4,A,0,1,A,14,14,6,7,8,5,12,4,3,1,0,0,9.5,6.0,1.29
1617,22/01/17,Osasuna,Sevilla,3,4,A,1,1,D,14,13,7,9,3,6,14,8,5,3,0,0,6.0,4.33,1.53
1617,22/01/17,Sociedad,Celta,1,0,H,0,0,D,17,11,6,5,4,3,13,12,2,2,0,0,1.95,3.6,3.8
1617,27/01/17,Osasuna,Malaga,1,1,D,0,0,D,14,14,2,5,4,6,9,16,1,0,0,0,2.88,3.3,2.5
1617,28/01/17,Alaves,Ath Madrid,0,0,D,0,0,D,19,8,4,2,7,2,19,18,3,2,0,0,6.0,3.6,1.62
1617,28/01/17,Eibar,La Coruna,3,1,H,2,1,H,12,20,6,7,9,10,14,7,0,2,0,0,2.1,3.25,3.75
1617,28/01/17,Leganes,Celta,0,2,A,0,1,A,6,3,0,3,8,0,20,14,1,1,0,0,2.3,3.1,3.4
1617,28/01/17,Villarreal,Granada,2,0,H,1,0,H,18,7,6,0,7,4,11,18,3,2,0,0,1.36,4.75,9.5
1617,29/01/17,Ath Bilbao,Sp Gijon,2,1,H,0,1,A,11,5,6,3,5,0,11,22,4,3,0,0,1.36,4.75,9.5
1617,29/01/17,Betis,Barcelona,1,1,D,0,0,D,17,10,7,4,8,2,17,12,2,3,0,0,12.0,6.0,1.25
1617,29/01/17,Espanol,Sevilla,3,1,H,2,1,H,16,12,8,5,7,4,18,14,2,2,0,1,3.3,3.4,2.2
1617,29/01/17,Real Madrid,Sociedad,3,0,H,1,0,H,7,9,4,3,0,3,16,11,2,1,0,1,1.25,6.5,10.0
1617,30/01/17,Las Palmas,Valencia,3,1,H,1,1,D,9,8,4,3,6,3,17,13,1,3,0,1,2.5,3.4,2.8
1617,04/02/17,Ath Madrid,Leganes,2,0,H,1,0,H,12,15,4,2,3,6,10,15,1,1,0,0,1.29,5.0,15.0
1617,04/02/17,Barcelona,Ath Bilbao,3,0,H,2,0,H,16,10,6,5,7,3,11,18,1,3,0,0,1.22,6.5,13.0
1617,04/02/17,Malaga,Espanol,0,1,A,0,1,A,19,4,5,3,17,2,9,18,1,4,0,0,2.1,3.4,3.6
1617,04/02/17,Valencia,Eibar,0,4,A,0,2,A,8,11,1,7,2,6,12,10,2,1,1,0,1.91,3.6,4.0
1617,05/02/17,Sevilla,Villarreal,0,0,D,0,0,D,14,11,4,4,9,0,14,16,2,2,0,0,1.6,3.8,6.0
1617,05/02/17,Sociedad,Osasuna,3,2,H,0,1,A,13,11,6,5,3,2,6,22,2,2,0,0,1.3,5.25,11.0
1617,05/02/17,Sp Gijon,Alaves,2,4,A,0,1,A,12,14,4,7,8,4,20,20,7,3,0,0,2.2,3.3,3.4
1617,06/02/17,Granada,Las Palmas,1,0,H,1,0,H,12,15,4,5,6,5,27,9,5,3,0,0,3.0,3.4,2.38
1617,10/02/17,Espanol,Sociedad,1,2,A,1,1,D,7,15,2,5,5,6,15,14,3,2,0,0,2.8,3.2,2.63
1617,11/02/17,Alaves,Barcelona,0,6,A,0,2,A,9,21,4,9,3,9,16,9,1,3,0,0,10.0,5.5,1.3
1617,11/02/17,Ath Bilbao,La Coruna,2,1,H,0,1,A,13,8,5,3,3,2,12,11,1,2,0,0,1.67,3.6,5.75
1617,11/02/17,Betis,Valencia,0,0,D,0,0,D,16,8,2,4,4,6,15,17,4,3,0,0,2.5,3.25,2.9
1617,11/02/17,Osasuna,Real Madrid,1,3,A,1,1,D,11,12,8,6,3,2,10,8,3,2,0,0,13.0,6.5,1.22
1617,12/02/17,Ath Madrid,Celta,3,2,H,1,1,D,16,14,5,6,3,3,11,13,1,2,0,0,1.4,4.5,8.5
1617,12/02/17,Las Palmas,Sevilla,0,1,A,0,0,D,15,12,7,3,1,4,15,16,2,4,0,0,3.3,3.6,2.1
1617,12/02/17,Leganes,Sp Gijon,0,2,A,0,0,D,9,4,3,2,4,3,16,16,3,6,0,1,1.83,3.4,4.75
1617,12/02/17,Villarreal,Malaga,1,1,D,0,1,A,12,11,5,5,9,9,14,12,0,5,1,0,1.8,3.5,4.75
1617,13/02/17,Eibar,Granada,4,0,H,2,0,H,25,13,9,3,7,8,11,14,2,2,0,0,1.55,4.2,6.0
1617,17/02/17,Granada,Betis,4,1,H,3,0,H,10,6,8,2,4,7,18,9,4,1,1,1,3.0,3.2,2.5
1617,18/02/17,La Coruna,Alaves,0,1,A,0,0,D,16,6,4,4,10,6,13,13,5,3,0,0,2.0,3.1,4.2
1617,18/02/17,Real Madrid,Espanol,2,0,H,1,0,H,12,3,3,1,13,2,12,13,3,4,0,0,1.14,8.0,21.0
1617,18/02/17,Sevilla,Eibar,2,0,H,1,0,H,11,11,5,3,5,2,13,11,2,3,0,0,1.45,4.5,7.0
1617,18/02/17,Sp Gijon,Ath Madrid,1,4,A,0,0,D,15,11,2,6,12,3,12,10,1,1,0,0,7.5,4.0,1.5
1617,19/02/17,Barcelona,Leganes,2,1,H,1,0,H,13,11,6,6,4,4,8,18,1,3,0,0,1.07,11.0,41.0
1617,19/02/17,Celta,Osasuna,3,0,H,1,0,H,11,8,4,3,3,5,14,18,1,0,0,0,1.57,4.2,5.5
1617,19/02/17,Sociedad,Villarreal,0,1,A,0,0,D,16,7,0,3,7,4,8,19,2,4,0,0,1.95,3.3,4.2
1617,19/02/17,Valencia,Ath Bilbao,2,0,H,2,0,H,15,15,5,5,3,1,17,11,0,1,0,0,2.3,3.25,3.25
1617,20/02/17,Malaga,Las Palmas,2,1,H,2,1,H,13,13,6,4,2,6,23,14,3,3,1,0,1.95,3.5,4.0
1617,22/02/17,Valencia,Real Madrid,2,1,H,2,1,H,8,22,5,5,3,11,12,18,5,2,0,0,6.0,4.33,1.53
1617,24/02/17,Las Palmas,Sociedad,0,1,A,0,0,D,18,9,7,2,6,1,14,19,2,2,0,0,2.6,3.4,2.7
1617,25/02/17,Alaves,Valencia,2,1,H,0,0,D,13,5,5,2,2,1,13,16,4,2,0,1,2.63,3.1,2.88
1617,25/02/17,Betis,Sevilla,1,2,A,1,0,H,15,13,4,4,4,4,19,17,3,3,0,0,3.8,3.4,2.05
1617,25/02/17,Eibar,Malaga,3,0,H,1,0,H,8,4,4,2,2,2,11,18,2,4,0,1,2.05,3.4,3.8
1617,25/02/17,Leganes,La Coruna,4,0,H,2,0,H,7,11,5,3,2,7,18,13,2,5,0,1,2.4,3.1,3.2
1617,26/02/17,Ath Bilbao,Granada,3,1,H,2,1,H,14,7,7,2,0,3,14,16,1,5,0,0,1.44,4.5,7.5
1617,26/02/17,Ath Madrid,Barcelona,1,2,A,0,0,D,12,15,4,6,6,5,28,14,4,2,0,0,3.0,3.4,2.38
1617,26/02/17,Espanol,Osasuna,3,0,H,1,0,H,18,4,6,1,10,2,11,10,1,4,0,1,1.67,3.8,5.5
1617,26/02/17,Sp Gijon,Celta,1,1,D,0,0,D,20,16,6,5,7,5,9,17,2,4,1,0,2.63,3.4,2.63
1617,26/02/17,Villarreal,Real Madrid,2,3,A,0,0,D,11,25,4,6,5,5,15,6,4,1,0,0,5.5,3.75,1.67
1617,28/02/17,Malaga,Betis,1,2,A,1,0,H,15,11,4,5,7,5,8,16,3,5,0,0,1.95,3.5,4.0
1617,28/02/17,Sociedad,Eibar,2,2,D,1,1,D,14,13,7,4,3,5,12,20,3,4,1,1,1.85,3.5,4.5
1617,28/02/17,Valencia,Leganes,1,0,H,1,0,H,16,3,6,0,7,3,12,26,3,2,0,1,1.75,3.6,5.0
1617,01/03/17,Barcelona,Sp Gijon,6,1,H,3,1,H,25,5,9,2,10,3,14,12,1,3,0,0,1.05,15.0,41.0
1617,01/03/17,Celta,Espanol,2,2,D,2,2,D,8,8,4,2,1,3,16,8,2,2,1,0,1.91,3.4,4.33
1617,01/03/17,Granada,Alaves,2,1,H,1,0,H,13,11,6,5,4,4,19,15,6,4,0,2,2.63,3.2,2.8
1617,01/03/17,Osasuna,Villarreal,1,4,A,0,2,A,17,12,3,6,8,2,10,13,3,3,0,0,3.8,3.4,2.05
1617,01/03/17,Real Madrid,Las Palmas,3,3,D,1,1,D,20,17,7,8,7,4,15,16,4,3,1,0,1.13,9.0,21.0
1617,02/03/17,La Coruna,Ath Madrid,1,1,D,1,0,H,13,10,2,4,7,2,14,10,2,1,0,0,5.5,3.75,1.65
1617,02/03/17,Sevilla,Ath Bilbao,1,0,H,1,0,H,14,14,4,4,6,9,16,10,6,2,0,0,1.67,3.8,5.25
1617,03/03/17,Betis,Sociedad,2,3,A,1,2,A,12,9,5,6,7,6,18,15,4,2,0,0,2.6,3.2,2.88
1617,04/03/17,Barcelona,Celta,5,0,H,2,0,H,19,7,9,2,10,1,10,16,1,3,0,0,1.13,8.5,23.0
1617,04/03/17,Eibar,Real Madrid,1,4,A,0,3,A,12,12,2,7,4,4,13,14,1,1,0,0,5.0,4.0,1.67
1617,04/03/17,Leganes,Granada,1,0,H,0,0,D,16,1,4,1,7,4,17,19,3,2,0,0,1.8,3.4,5.0
1617,04/03/17,Villarreal,Espanol,2,0,H,1,0,H,11,8,6,2,1,1,13,18,2,2,0,0,1.73,3.6,5.25
1617,05/03/17,Ath Bilbao,Malaga,1,0,H,0,0,D,15,8,3,2,8,2,13,18,3,5,0,0,1.75,3.6,5.0
1617,05/03/17,Ath Madrid,Valencia,3,0,H,1,0,H,18,6,8,2,6,2,17,9,1,2,0,0,1.44,4.5,7.5
1617,05/03/17,Las Palmas,Osasuna,5,2,H,1,2,A,16,10,8,4,5,1,7,21,4,4,0,0,1.57,4.0,6.0
1617,05/03/17,Sp Gijon,La Coruna,0,1,A,0,1,A,9,7,2,3,6,4,11,13,4,5,0,0,2.6,3.2,2.88
1617,06/03/17,Alaves,Sevilla,1,1,D,0,1,A,18,9,4,1,2,2,12,16,2,5,0,0,4.1,3.4,1.95
1617,08/03/17,La Coruna,Betis,1,1,D,0,0,D,15,5,5,3,6,4,22,17,4,7,0,0,2.15,3.2,3.7
1617,10/03/17,Espanol,Las Palmas,4,3,H,2,1,H,12,12,6,5,2,5,18,12,2,4,0,0,2.2,3.4,3.3
1617,11/03/17,Granada,Ath Madrid,0,1,A,0,0,D,12,15,2,6,4,9,14,15,3,3,1,0,7.5,4.0,1.5
1617,11/03/17,Malaga,Alaves,1,2,A,0,1,A,15,4,9,2,5,3,17,13,2,1,0,1,2.0,3.3,4.0
1617,11/03/17,Sevilla,Leganes,1,1,D,1,1,D,12,12,4,4,4,1,20,20,2,3,0,0,1.36,4.75,8.0
1617,11/03/17,Valencia,Sp Gijon,1,1,D,0,0,D,20,10,7,4,7,9,15,20,3,5,0,0,1.5,4.33,6.5
1617,12/03/17,Celta,Villarreal,0,1,A,0,1,A,12,8,1,4,4,3,8,11,4,5,0,0,2.75,3.2,2.75
1617,12/03/17,La Coruna,Barcelona,2,1,H,1,0,H,14,16,9,5,4,8,7,8,2,0,0,0,13.0,6.5,1.22
1617,12/03/17,Real Madrid,Betis,2,1,H,1,1,D,14,9,4,4,8,4,8,21,1,0,0,1,1.13,9.0,21.0
1617,12/03/17,Sociedad,Ath Bilbao,0,2,A,0,1,A,16,9,4,5,8,3,15,22,3,6,0,0,2.1,3.3,3.5
1617,13/03/17,Osasuna,Eibar,1,1,D,0,0,D,10,14,6,7,6,6,15,14,4,4,0,0,3.6,3.4,2.1
1617,17/03/17,Las Palmas,Villarreal,1,0,H,1,0,H,19,8,10,3,8,5,14,14,2,2,0,1,2.55,3.4,2.75
1617,18/03/17,Alaves,Sociedad,1,0,H,1,0,H,10,10,5,2,5,8,14,13,3,3,0,1,2.55,3.2,2.9
1617,18/03/17,Ath Bilbao,Real Madrid,1,2,A,0,1,A,12,9,5,4,5,5,1,4,1,4,0,0,5.0,4.0,1.67
1617,18/03/17,Betis,Osasuna,2,0,H,2,0,H,9,13,5,5,5,0,12,15,0,3,0,0,1.44,4.33,8.0
1617,18/03/17,Eibar,Espanol,1,1,D,1,0,H,16,4,4,1,6,2,12,13,2,4,0,0,1.91,3.5,4.2
1617,19/03/17,Ath Madrid,Sevilla,3,1,H,1,0,H,15,9,8,2,2,2,16,14,4,3,0,0,1.67,3.8,5.25
1617,19/03/17,Barcelona,Valencia,4,2,H,2,2,D,28,6,12,5,6,3,4,12,3,4,0,1,1.13,9.5,19.0
1617,19/03/17,La Coruna,Celta,0,1,A,0,0,D,9,9,2,2,3,1,21,12,4,4,0,0,2.2,3.3,3.4
1617,19/03/17,Leganes,Malaga,0,0,D,0,0,D,14,8,2,1,6,7,11,16,4,2,0,0,2.4,3.0,3.3
1617,19/03/17,Sp Gijon,Granada,3,1,H,0,0,D,15,12,11,5,6,3,12,14,2,4,0,0,2.0,3.5,3.8
1617,31/03/17,Espanol,Betis,2,1,H,0,0,D,8,10,5,3,4,4,16,14,3,2,0,0,2.3,3.2,3.3
1617,01/04/17,Malaga,Ath Madrid,0,2,A,0,1,A,21,7,5,6,6,0,9,11,2,2,0,0,5.25,3.5,1.75
1617,01/04/17,Osasuna,Ath Bilbao,1,2,A,0,2,A,8,9,6,4,6,3,19,9,4,2,0,0,6.0,4.0,1.57
1617,01/04/17,Sociedad,Leganes,1,1,D,0,1,A,14,6,5,3,7,0,10,16,2,3,0,0,1.75,3.4,5.5
1617,01/04/17,Villarreal,Eibar,2,3,A,1,0,H,15,14,7,4,11,5,9,10,4,3,0,0,1.85,3.6,4.33
1617,02/04/17,Granada,Barcelona,1,4,A,0,1,A,7,26,5,13,1,9,15,10,1,3,1,0,13.0,7.5,1.2
1617,02/04/17,Real Madrid,Alaves,3,0,H,1,0,H,18,12,6,3,3,3,12,16,0,2,0,0,1.11,10.0,19.0
1617,02/04/17,Sevilla,Sp Gijon,0,0,D,0,0,D,18,8,6,2,9,5,17,13,3,4,0,0,1.33,5.5,8.5
1617,02/04/17,Valencia,La Coruna,3,0,H,2,0,H,14,13,8,5,3,6,17,13,3,1,0,0,1.85,3.4,4.75
1617,03/04/17,Celta,Las Palmas,3,1,H,2,0,H,13,12,6,5,4,6,15,10,3,3,0,0,1.95,3.5,3.8
1617,04/04/17,Ath Bilbao,Espanol,2,0,H,2,0,H,13,5,5,2,5,1,19,16,1,3,0,0,1.5,4.2,7.0
1617,04/04/17,Ath Madrid,Sociedad,1,0,H,1,0,H,20,10,8,1,6,4,18,13,0,4,0,0,1.36,4.75,9.5
1617,04/04/17,Betis,Villarreal,0,1,A,0,0,D,15,6,3,2,5,2,12,15,2,2,0,0,2.75,3.2,2.7
1617,05/04/17,Alaves,Osasuna,0,1,A,0,0,D,15,7,3,6,5,1,20,12,5,1,0,0,1.44,4.5,7.0
1617,05/04/17,Barcelona,Sevilla,3,0,H,3,0,H,15,7,7,3,4,4,16,13,4,2,0,1,1.22,7.0,11.0
1617,05/04/17,La Coruna,Granada,0,0,D,0,0,D,12,10,3,2,6,3,14,10,1,4,0,0,1.55,4.0,6.5
1617,05/04/17,Leganes,Real Madrid,2,4,A,2,3,A,14,18,3,8,4,4,14,16,2,1,0,0,8.0,5.25,1.33
1617,05/04/17,Sp Gijon,Malaga,0,1,A,0,1,A,14,11,5,3,7,1,12,18,2,5,0,0,2.8,3.25,2.6
1617,06/04/17,Eibar,Las Palmas,3,1,H,2,0,H,11,8,6,6,9,2,14,12,2,5,0,0,1.85,3.75,4.2
1617,06/04/17,Valencia,Celta,3,2,H,1,1,D,15,12,10,3,6,2,16,9,1,1,0,0,2.0,3.5,3.75
1617,07/04/17,Villarreal,Ath Bilbao,3,1,H,1,1,D,10,11,5,5,4,5,16,16,6,3,1,0,2.15,3.2,3.6
1617,08/04/17,Espanol,Alaves,1,0,H,0,0,D,15,9,6,0,5,3,11,13,3,3,0,0,2.1,3.1,3.8
1617,08/04/17,Malaga,Barcelona,2,0,H,1,0,H,8,11,4,3,2,3,26,20,4,3,0,1,8.0,5.25,1.36
1617,08/04/17,Real Madrid,Ath Madrid,1,1,D,0,0,D,20,10,6,4,6,2,12,13,2,3,0,0,1.8,3.8,4.33
1617,08/04/17,Sevilla,La Coruna,4,2,H,3,2,H,19,9,13,4,4,2,19,15,3,3,0,0,1.5,4.33,6.5
1617,09/04/17,Celta,Eibar,0,2,A,0,1,A,12,11,3,6,0,3,10,16,1,3,0,0,2.25,3.4,3.25
1617,09/04/17,Granada,Valencia,1,3,A,0,2,A,21,17,5,8,5,2,9,13,2,2,0,0,3.5,3.4,2.1
1617,09/04/17,Las Palmas,Betis,4,1,H,1,0,H,9,13,6,5,2,6,16,18,3,4,0,0,2.1,3.5,3.5
1617,09/04/17,Osasuna,Leganes,2,1,H,1,1,D,11,17,6,2,4,8,14,14,3,4,0,0,3.8,3.3,2.05
1617,10/04/17,Sociedad,Sp Gijon,3,1,H,2,0,H,20,10,7,3,7,4,20,19,1,5,0,0,1.44,4.75,7.0
1617,14/04/17,Ath Bilbao,Las Palmas,5,1,H,3,1,H,18,8,7,2,14,5,22,10,1,2,0,0,1.44,4.5,7.5
1617,15/04/17,Ath Madrid,Osasuna,3,0,H,1,0,H,19,3,8,0,5,2,11,14,1,5,0,0,1.14,8.0,15.0
1617,15/04/17,Barcelona,Sociedad,3,2,H,3,2,H,16,14,9,7,5,4,15,17,3,2,0,0,1.17,6.5,17.0
1617,15/04/17,La Coruna,Malaga,2,0,H,0,0,D,11,11,4,3,1,4,15,17,3,4,0,0,2.25,3.2,3.25
1617,15/04/17,Sp Gijon,Real Madrid,2,3,A,1,1,D,4,18,2,6,4,8,17,12,5,1,0,0,6.5,5.0,1.4
1617,16/04/17,Betis,Eibar,2,0,H,1,0,H,6,10,4,3,4,6,15,19,4,4,0,0,2.7,3.2,2.63
1617,16/04/17,Granada,Celta,0,3,A,0,1,A,17,15,4,4,8,1,17,9,5,2,0,0,2.8,3.3,2.45
1617,16/04/17,Leganes,Espanol,0,1,A,0,0,D,15,7,5,2,5,1,20,14,1,1,0,0,2.0,3.2,4.0
1617,16/04/17,Valencia,Sevilla,0,0,D,0,0,D,14,10,3,2,4,2,19,20,3,2,0,0,2.55,3.2,2.75
1617,17/04/17,Alaves,Villarreal,2,1,H,2,0,H,11,11,5,5,5,11,8,13,2,4,0,0,3.0,3.0,2.55
1617,21/04/17,Sevilla,Granada,2,0,H,1,0,H,28,9,12,2,7,2,18,11,1,2,0,0,1.17,8.0,15.0
1617,22/04/17,Espanol,Ath Madrid,0,1,A,0,0,D,10,13,2,3,5,3,13,10,3,2,0,0,5.0,3.6,1.75
1617,22/04/17,Malaga,Valencia,2,0,H,2,0,H,10,13,4,2,7,6,16,13,3,3,0,0,2.2,3.4,3.3
1617,22/04/17,Osasuna,Sp Gijon,2,2,D,1,0,H,7,12,1,4,1,5,25,10,3,4,0,0,2.5,3.4,2.8
1617,22/04/17,Villarreal,Leganes,2,1,H,0,0,D,11,8,5,4,3,8,9,19,1,3,0,0,1.67,3.6,5.75
1617,23/04/17,Celta,Betis,0,1,A,0,0,D,8,17,4,6,5,6,16,15,3,5,0,0,2.05,3.4,3.75
1617,23/04/17,Las Palmas,Alaves,1,1,D,1,0,H,14,12,3,5,3,9,16,14,4,1,1,0,2.0,3.5,3.8
1617,23/04/17,Real Madrid,Barcelona,2,3,A,1,1,D,22,16,14,9,7,4,13,8,2,2,1,0,2.05,4.0,3.2
1617,23/04/17,Sociedad,La Coruna,1,0,H,1,0,H,17,5,3,1,11,1,16,16,1,3,0,0,1.57,4.0,6.0
1617,24/04/17,Eibar,Ath Bilbao,0,1,A,0,0,D,7,9,2,3,5,5,15,9,4,2,1,0,2.6,3.3,2.75
1617,25/04/17,Ath Madrid,Villarreal,0,1,A,0,0,D,23,6,9,2,5,1,15,16,2,6,0,0,1.4,4.1,9.0
1617,25/04/17,Granada,Malaga,0,2,A,0,0,D,3,17,1,6,2,4,22,13,5,0,0,0,3.9,3.5,1.95
1617,25/04/17,Sp Gijon,Espanol,1,1,D,1,0,H,16,14,6,5,7,2,9,11,1,2,0,0,2.05,3.4,3.6
1617,26/04/17,Barcelona,Osasuna,7,1,H,2,0,H,19,3,9,2,10,1,3,7,0,0,0,0,1.02,17.0,34.0
1617,26/04/17,La Coruna,Real Madrid,2,6,A,1,3,A,19,22,7,11,4,5,12,5,3,1,0,0,8.0,4.75,1.4
1617,26/04/17,Leganes,Las Palmas,3,0,H,0,0,D,16,7,5,0,6,3,14,17,1,0,0,0,1.73,3.6,4.75
1617,26/04/17,Valencia,Sociedad,2,3,A,0,2,A,14,8,3,2,2,3,15,21,4,3,0,0,2.6,3.4,2.7
1617,27/04/17,Alaves,Eibar,0,0,D,0,0,D,14,6,4,4,3,2,13,14,4,2,0,1,2.75,3.2,2.7
1617,27/04/17,Ath Bilbao,Betis,2,1,H,0,0,D,18,9,9,3,11,1,10,17,1,3,0,0,1.4,4.5,9.0
1617,27/04/17,Sevilla,Celta,2,1,H,0,0,D,16,10,5,1,5,1,20,18,1,2,0,1,1.33,5.5,8.0
1617,28/04/17,Villarreal,Sp Gijon,3,1,H,1,0,H,18,14,6,7,4,7,9,10,2,1,0,0,1.4,4.75,8.0
1617,29/04/17,Espanol,Barcelona,0,3,A,0,0,D,6,15,3,9,4,5,19,18,3,0,0,0,15.0,7.5,1.18
1617,29/04/17,Las Palmas,Ath Madrid,0,5,A,0,3,A,15,8,3,7,7,1,6,13,4,4,1,0,5.25,3.6,1.73
1617,29/04/17,Real Madrid,Valencia,2,1,H,1,0,H,20,9,5,2,2,3,13,10,3,4,0,0,1.17,9.0,13.0
1617,29/04/17,Sociedad,Granada,2,1,H,1,0,H,13,5,5,3,7,1,14,16,0,3,0,0,1.17,7.5,17.0
1617,30/04/17,Betis,Alaves,1,4,A,1,0,H,11,9,3,5,4,0,14,16,1,5,0,0,2.1,3.2,3.8
1617,30/04/17,Celta,Ath Bilbao,0,3,A,0,1,A,5,22,0,12,0,11,8,11,1,1,0,0,4.5,3.7,1.8
1617,30/04/17,Eibar,Leganes,2,0,H,0,0,D,9,12,5,1,2,11,12,9,1,1,0,0,2.1,3.3,3.75
1617,30/04/17,Osasuna,La Coruna,2,2,D,1,1,D,16,15,5,5,7,7,9,11,2,3,0,0,3.9,3.6,1.95
1617,01/05/17,Malaga,Sevilla,4,2,H,1,1,D,11,9,5,4,1,3,14,18,3,5,0,0,4.0,3.6,1.91
1617,05/05/17,Sevilla,Sociedad,1,1,D,1,0,H,11,9,3,3,10,3,20,10,4,3,0,1,1.62,4.0,5.5
1617,06/05/17,Ath Madrid,Eibar,1,0,H,0,0,D,14,7,5,3,6,5,6,10,3,3,1,0,1.3,5.25,11.0
1617,06/05/17,Barcelona,Villarreal,4,1,H,2,1,H,20,8,8,4,4,3,10,13,2,4,0,0,1.14,8.5,17.0
1617,06/05/17,Granada,Real Madrid,0,4,A,0,4,A,13,16,3,8,6,3,14,8,1,0,0,0,21.0,9.0,1.13
1617,06/05/17,Sp Gijon,Las Palmas,1,0,H,0,0,D,16,8,3,2,5,4,19,15,4,3,0,0,1.5,4.75,5.5
1617,07/05/17,Alaves,Ath Bilbao,1,0,H,0,0,D,9,20,3,6,3,10,14,11,1,4,0,0,4.75,3.5,1.8
1617,07/05/17,La Coruna,Espanol,1,2,A,0,2,A,21,9,5,3,12,4,10,14,1,2,0,0,2.0,3.4,4.0
1617,07/05/17,Malaga,Celta,3,0,H,1,0,H,14,5,8,2,2,1,13,18,2,4,0,0,1.4,4.5,7.5
1617,07/05/17,Valencia,Osasuna,4,1,H,2,0,H,19,9,8,4,9,2,15,11,3,2,0,0,1.22,6.5,13.0
1617,08/05/17,Leganes,Betis,4,0,H,2,0,H,6,13,4,3,2,2,18,13,3,0,0,0,1.65,3.8,5.75
1617,13/05/17,Espanol,Valencia,0,1,A,0,0,D,15,9,3,3,7,2,19,14,0,4,0,0,2.4,3.3,3.0
1617,13/05/17,Osasuna,Granada,2,1,H,1,1,D,19,9,7,3,8,3,11,9,1,3,0,0,1.8,3.8,4.33
1617,14/05/17,Alaves,Celta,3,1,H,3,0,H,11,15,4,4,4,4,11,13,1,3,0,0,1.8,3.4,5.0
1617,14/05/17,Ath Bilbao,Leganes,1,1,D,1,0,H,15,5,6,2,10,1,12,8,2,7,0,0,1.44,4.2,8.5
1617,14/05/17,Betis,Ath Madrid,1,1,D,0,0,D,13,5,5,2,3,5,7,16,4,4,0,0,7.0,3.75,1.57
1617,14/05/17,Eibar,Sp Gijon,0,1,A,0,1,A,10,11,2,4,5,6,9,10,2,2,0,0,2.0,3.75,3.5
1617,14/05/17,Las Palmas,Barcelona,1,4,A,0,2,A,11,11,5,5,3,6,13,15,0,1,0,0,26.0,11.0,1.08
1617,14/05/17,Real Madrid,Sevilla,4,1,H,2,0,H,14,11,7,6,4,5,14,19,4,2,0,0,1.17,8.0,15.0
1617,14/05/17,Sociedad,Malaga,2,2,D,1,1,D,15,9,5,4,9,3,10,16,1,2,0,0,1.53,4.1,6.5
1617,14/05/17,Villarreal,La Coruna,0,0,D,0,0,D,21,3,4,1,11,3,15,21,2,4,0,0,1.5,4.33,6.5
1617,17/05/17,Celta,Real Madrid,1,4,A,0,1,A,17,13,6,8,4,6,17,9,4,2,1,0,13.0,7.0,1.2
1617,19/05/17,Granada,Espanol,1,2,A,1,2,A,16,5,7,3,3,3,12,9,0,3,0,0,4.5,4.0,1.73
1617,20/05/17,La Coruna,Las Palmas,3,0,H,3,0,H,9,13,5,4,0,9,25,14,4,2,0,1,1.73,4.0,4.5
1617,20/05/17,Leganes,Alaves,1,1,D,0,0,D,15,17,4,5,8,4,9,14,0,1,0,0,2.1,3.25,3.75
1617,20/05/17,Sevilla,Osasuna,5,0,H,3,0,H,17,5,7,2,1,1,11,8,3,1,0,0,1.14,9.0,17.0
1617,20/05/17,Sp Gijon,Betis,2,2,D,1,1,D,11,21,5,9,2,3,15,14,0,2,0,0,2.5,3.4,2.8
1617,21/05/17,Ath Madrid,Ath Bilbao,3,1,H,2,0,H,12,16,4,1,2,5,13,11,2,0,0,0,2.0,3.5,3.8
1617,21/05/17,Barcelona,Eibar,4,2,H,0,1,A,18,6,11,4,10,4,3,16,1,2,0,1,1.05,15.0,34.0
1617,21/05/17,Celta,Sociedad,2,2,D,0,0,D,13,18,5,8,3,7,8,17,2,1,0,0,4.75,3.75,1.75
1617,21/05/17,Malaga,Real Madrid,0,2,A,0,1,A,22,16,6,8,9,7,6,9,2,0,0,0,11.0,7.0,1.22
1617,21/05/17,Valencia,Villarreal,1,3,A,0,1,A,16,14,5,6,9,0,15,10,2,2,0,0,3.1,3.4,2.3
1718,18/08/17,Leganes,Alaves,1,0,H,1,0,H,16,6,9,3,4,2,14,18,0,1,0,0,2.05,3.2,4.1
1718,18/08/17,Valencia,Las Palmas,1,0,H,1,0,H,22,5,6,4,5,2,25,13,3,3,0,1,1.75,3.8,4.5
1718,19/08/17,Celta,Sociedad,2,3,A,1,1,D,16,13,5,6,5,4,12,11,3,1,0,0,2.38,3.25,3.2
1718,19/08/17,Girona,Ath Madrid,2,2,D,2,0,H,13,9,6,3,6,0,15,15,2,4,0,1,8.0,4.33,1.45
1718,19/08/17,Sevilla,Espanol,1,1,D,1,1,D,9,9,4,6,7,3,14,12,2,4,1,0,1.62,4.0,5.5
1718,20/08/17,Ath Bilbao,Getafe,0,0,D,0,0,D,12,8,2,2,7,6,16,15,1,3,0,1,1.5,4.0,7.5
1718,20/08/17,Barcelona,Betis,2,0,H,2,0,H,15,3,2,0,8,0,16,15,2,1,0,0,1.17,8.0,15.0
1718,20/08/17,La Coruna,Real Madrid,0,3,A,0,2,A,12,16,6,8,4,4,16,12,5,1,0,1,9.5,5.75,1.3
1718,21/08/17,Levante,Villarreal,1,0,H,0,0,D,14,9,3,1,11,6,18,14,1,3,0,0,3.25,3.25,2.3
1718,21/08/17,Malaga,Eibar,0,1,A,0,0,D,10,13,4,6,3,7,16,15,2,3,0,0,2.1,3.3,3.7
1718,25/08/17,Betis,Celta,2,1,H,1,1,D,10,9,3,2,4,6,13,9,2,2,0,0,2.2,3.4,3.4
1718,25/08/17,Sociedad,Villarreal,3,0,H,3,0,H,15,6,9,1,10,4,12,22,2,2,0,0,2.05,3.4,3.75
1718,26/08/17,Alaves,Barcelona,0,2,A,0,0,D,11,23,2,11,1,14,12,10,2,3,0,0,10.0,5.75,1.29
1718,26/08/17,Girona,Malaga,1,0,H,1,0,H,15,7,4,2,2,3,11,15,3,4,0,0,2.15,3.25,3.6
1718,26/08/17,Las Palmas,Ath Madrid,1,5,A,0,2,A,10,8,4,6,4,2,10,9,4,1,0,0,4.75,3.75,1.75
1718,26/08/17,Levante,La Coruna,2,2,D,1,2,A,24,11,5,4,6,5,11,12,0,2,1,0,2.2,3.1,3.6
1718,27/08/17,Eibar,Ath Bilbao,0,1,A,0,1,A,14,10,5,4,4,3,14,11,1,1,1,0,2.5,3.1,3.1
1718,27/08/17,Espanol,Leganes,0,1,A,0,1,A,17,12,2,8,9,1,10,14,3,3,0,0,1.95,3.25,4.33
1718,27/08/17,Getafe,Sevilla,0,1,A,0,0,D,15,6,3,3,7,5,20,10,0,1,0,0,3.6,3.3,2.15
1718,27/08/17,Real Madrid,Valencia,2,2,D,1,1,D,22,7,6,3,13,4,12,12,3,5,0,0,1.17,8.0,15.0
1718,08/09/17,Leganes,Getafe,1,2,A,0,1,A,11,11,7,3,2,4,14,20,1,2,0,0,2.05,3.25,4.0
1718,09/09/17,Barcelona,Espanol,5,0,H,2,0,H,20,9,9,1,8,7,11,18,1,5,0,0,1.17,8.0,17.0
1718,09/09/17,Real Madrid,Levante,1,1,D,1,1,D,18,5,10,2,13,3,9,16,2,3,1,0,1.05,15.0,34.0
1718,09/09/17,Sevilla,Eibar,3,0,H,0,0,D,12,7,6,2,6,5,14,18,1,1,0,0,1.57,4.0,6.0
1718,09/09/17,Valencia,Ath Madrid,0,0,D,0,0,D,11,13,0,4,4,3,16,14,1,0,0,0,3.6,3.2,2.2
1718,10/09/17,Ath Bilbao,Girona,2,0,H,1,0,H,7,11,4,7,6,4,19,18,4,6,0,0,1.67,3.75,5.5
1718,10/09/17,Celta,Alaves,1,0,H,1,0,H,20,5,3,3,9,4,17,17,4,4,0,0,1.67,3.75,5.25
1718,10/09/17,La Coruna,Sociedad,2,4,A,1,2,A,11,15,4,4,5,7,18,14,1,3,0,0,2.75,3.3,2.6
1718,10/09/17,Villarreal,Betis,3,1,H,1,1,D,14,8,7,3,4,3,9,9,3,0,0,0,1.85,3.6,4.33
1718,11/09/17,Malaga,Las Palmas,1,3,A,0,1,A,14,10,6,8,3,2,22,11,4,2,0,0,2.0,3.5,3.8
1718,15/09/17,Eibar,Leganes,1,0,H,0,0,D,10,5,4,2,8,1,15,20,2,5,0,0,2.05,3.25,4.0
1718,16/09/17,Ath Madrid,Malaga,1,0,H,0,0,D,17,9,4,4,8,4,9,15,2,2,0,0,1.22,6.0,15.0
1718,16/09/17,Betis,La Coruna,2,1,H,1,1,D,17,11,7,3,6,4,13,19,2,3,0,0,1.83,3.6,4.5
1718,16/09/17,Getafe,Barcelona,1,2,A,1,0,H,13,7,4,5,3,4,15,14,2,4,0,0,11.0,6.5,1.25
1718,16/09/17,Levante,Valencia,1,1,D,1,1,D,9,13,2,5,1,3,21,11,2,1,0,0,3.25,3.25,2.3
1718,17/09/17,Alaves,Villarreal,0,3,A,0,1,A,16,16,2,6,2,3,12,25,2,2,0,0,3.1,3.1,2.4
1718,17/09/17,Girona,Sevilla,0,1,A,0,0,D,13,13,0,8,8,1,14,19,2,5,0,0,3.3,3.25,2.3
1718,17/09/17,Las Palmas,Ath Bilbao,1,0,H,0,0,D,12,11,3,5,7,6,12,19,2,3,0,0,2.75,3.4,2.55
1718,17/09/17,Sociedad,Real Madrid,1,3,A,1,2,A,10,18,5,6,4,6,12,15,3,2,0,0,5.0,4.0,1.67
1718,18/09/17,Espanol,Celta,2,1,H,2,0,H,9,11,3,1,3,5,12,14,1,4,0,0,2.3,3.3,3.2
1718,19/09/17,Barcelona,Eibar,6,1,H,2,0,H,11,13,10,4,7,7,4,9,0,2,0,0,1.11,10.0,15.0
1718,19/09/17,Valencia,Malaga,5,0,H,1,0,H,16,11,11,2,4,9,9,10,0,1,0,0,1.5,4.0,7.0
1718,20/09/17,Ath Bilbao,Ath Madrid,1,2,A,0,0,D,12,16,7,9,6,0,12,12,0,2,0,0,3.4,3.2,2.25
1718,20/09/17,La Coruna,Alaves,1,0,H,1,0,H,15,8,3,3,5,2,16,19,0,2,0,0,1.91,3.3,4.5
1718,20/09/17,Leganes,Girona,0,0,D,0,0,D,12,10,1,0,6,3,19,20,2,3,0,0,2.15,3.2,3.7
1718,20/09/17,Real Madrid,Betis,0,1,A,0,0,D,27,12,7,4,12,3,13,11,0,3,0,0,1.13,10.0,17.0
1718,20/09/17,Sevilla,Las Palmas,1,0,H,0,0,D,14,6,9,0,12,0,21,8,2,2,0,0,1.4,4.75,7.5
1718,21/09/17,Celta,Getafe,1,1,D,1,0,H,8,10,4,3,3,2,9,21,2,4,0,0,1.8,3.6,4.5
1718,21/09/17,Levante,Sociedad,3,0,H,1,0,H,13,13,9,3,3,6,13,11,2,0,0,1,3.25,3.25,2.3
1718,21/09/17,Villarreal,Espanol,0,0,D,0,0,D,14,10,5,3,5,5,17,10,5,2,0,0,1.73,3.5,5.5
1718,23/09/17,Alaves,Real Madrid,1,2,A,1,2,A,8,21,3,7,5,13,19,19,5,2,0,0,17.0,7.5,1.17
1718,23/09/17,Ath Madrid,Sevilla,2,0,H,0,0,D,13,11,4,0,7,6,11,17,4,3,0,0,1.57,4.0,6.5
1718,23/09/17,Girona,Barcelona,0,3,A,0,1,A,13,9,2,5,9,3,21,5,3,0,0,0,12.0,6.0,1.25
1718,23/09/17,Malaga,Ath Bilbao,3,3,D,1,1,D,15,8,7,7,5,1,16,8,7,2,1,0,2.9,3.3,2.4
1718,24/09/17,Eibar,Celta,0,4,A,0,3,A,9,10,0,6,4,4,14,5,2,1,0,0,2.2,3.3,3.4
1718,24/09/17,Espanol,La Coruna,4,1,H,2,0,H,17,21,5,6,4,6,16,7,1,2,0,0,1.95,3.5,4.0
1718,24/09/17,Getafe,Villarreal,4,0,H,0,0,D,17,6,8,1,7,4,11,16,1,4,0,0,2.88,3.1,2.63
1718,24/09/17,Las Palmas,Leganes,0,2,A,0,0,D,8,9,3,3,3,2,10,15,1,3,0,0,2.05,3.25,3.8
1718,24/09/17,Sociedad,Valencia,2,3,A,1,1,D,18,13,6,4,7,6,11,13,3,7,1,1,2.3,3.4,3.1
1718,25/09/17,Betis,Levante,4,0,H,0,0,D,14,8,6,1,6,3,9,5,1,0,0,0,1.85,3.5,4.5
1718,29/09/17,Celta,Girona,3,3,D,2,2,D,16,10,9,6,5,6,9,17,2,5,0,0,1.67,3.6,5.75
1718,30/09/17,La Coruna,Getafe,2,1,H,0,0,D,15,10,9,3,8,5,16,22,6,3,0,0,2.25,3.25,3.4
1718,30/09/17,Leganes,Ath Madrid,0,0,D,0,0,D,7,11,3,2,2,6,13,13,2,1,0,0,7.5,3.75,1.55
1718,30/09/17,Levante,Alaves,0,2,A,0,1,A,13,8,0,3,8,4,11,18,2,4,0,0,1.83,3.5,4.5
1718,30/09/17,Sevilla,Malaga,2,0,H,0,0,D,12,11,5,4,4,6,11,12,2,1,0,0,1.36,5.5,7.5
1718,01/10/17,Barcelona,Las Palmas,3,0,H,0,0,D,22,10,10,1,8,3,10,11,5,1,0,0,1.08,11.0,26.0
1718,01/10/17,Real Madrid,Espanol,2,0,H,1,0,H,22,8,8,3,10,3,8,10,2,2,0,0,1.1,10.0,23.0
1718,01/10/17,Sociedad,Betis,4,4,D,2,2,D,17,10,6,6,12,5,9,18,3,3,0,0,1.95,3.6,3.8
1718,01/10/17,Valencia,Ath Bilbao,3,2,H,2,0,H,10,16,6,6,2,8,18,16,3,4,0,0,1.91,3.5,4.2
1718,01/10/17,Villarreal,Eibar,3,0,H,1,0,H,12,8,6,1,6,3,15,9,2,1,0,0,1.83,3.6,4.33
1718,13/10/17,Espanol,Levante,0,0,D,0,0,D,20,13,6,3,9,4,9,13,2,3,0,0,1.75,3.6,5.0
1718,14/10/17,Alaves,Sociedad,0,2,A,0,0,D,8,13,0,6,4,9,11,7,1,1,0,0,3.5,3.4,2.15
1718,14/10/17,Ath Bilbao,Sevilla,1,0,H,1,0,H,15,14,2,6,6,6,18,9,5,5,0,0,2.5,3.25,2.9
1718,14/10/17,Ath Madrid,Barcelona,1,1,D,1,0,H,5,15,4,7,2,1,12,10,3,2,0,0,3.0,3.4,2.38
1718,14/10/17,Getafe,Real Madrid,1,2,A,0,1,A,8,16,3,6,4,7,23,8,2,3,0,0,10.0,5.75,1.29
1718,15/10/17,Betis,Valencia,3,6,A,0,2,A,13,13,6,9,7,5,11,11,1,4,0,0,2.55,3.5,2.7
1718,15/10/17,Eibar,La Coruna,0,0,D,0,0,D,15,11,6,3,10,1,9,10,2,2,0,0,2.0,3.5,3.75
1718,15/10/17,Girona,Villarreal,1,2,A,1,2,A,14,5,3,2,8,1,12,20,3,4,0,0,2.8,3.2,2.6
1718,15/10/17,Malaga,Leganes,0,2,A,0,0,D,13,19,5,9,4,2,21,21,4,3,1,0,2.38,3.0,3.4
1718,16/10/17,Las Palmas,Celta,2,5,A,0,2,A,24,14,11,7,14,3,13,12,2,1,0,1,2.38,3.3,3.1
1718,21/10/17,Barcelona,Malaga,2,0,H,1,0,H,12,13,4,5,4,3,10,11,1,4,0,0,1.07,13.0,26.0
1718,21/10/17,Betis,Alaves,2,0,H,1,0,H,12,7,5,3,6,5,18,9,2,2,0,0,1.57,4.0,6.0
1718,21/10/17,Levante,Getafe,1,1,D,0,0,D,5,9,1,5,3,2,18,16,1,3,0,0,2.37,3.2,3.2
1718,21/10/17,Valencia,Sevilla,4,0,H,1,0,H,18,18,8,5,7,10,15,21,2,4,0,0,1.85,3.89,4.0
1718,22/10/17,Celta,Ath Madrid,0,1,A,0,1,A,19,4,8,2,4,4,13,19,3,5,0,0,4.2,3.39,1.95
1718,22/10/17,Leganes,Ath Bilbao,1,0,H,0,0,D,15,7,4,1,4,3,16,15,3,4,0,0,2.37,3.1,3.29
1718,22/10/17,Real Madrid,Eibar,3,0,H,2,0,H,15,9,7,2,5,2,9,7,1,1,0,0,1.09,11.0,23.0
1718,22/10/17,Villarreal,Las Palmas,4,0,H,0,0,D,25,16,9,5,9,6,14,9,1,5,0,0,1.5,4.2,7.0
1718,23/10/17,La Coruna,Girona,1,2,A,0,1,A,15,13,6,6,9,7,9,16,3,8,0,0,2.04,3.29,3.79
1718,23/10/17,Sociedad,Espanol,1,1,D,0,1,A,19,4,5,1,10,1,12,15,4,4,1,0,1.85,3.79,4.0
1718,28/10/17,Alaves,Valencia,1,2,A,0,1,A,16,7,6,2,6,4,19,18,5,1,0,0,6.0,3.75,1.6
1718,28/10/17,Ath Bilbao,Barcelona,0,2,A,0,1,A,17,17,5,5,6,4,15,12,1,4,0,0,7.0,4.5,1.44
1718,28/10/17,Ath Madrid,Villarreal,1,1,D,0,0,D,18,12,6,4,11,6,13,20,0,4,0,0,1.5,4.0,7.5
1718,28/10/17,Sevilla,Leganes,2,1,H,1,0,H,9,10,5,1,5,6,16,19,0,3,0,0,1.61,3.75,6.0
1718,29/10/17,Eibar,Levante,2,2,D,0,2,A,16,3,6,2,6,2,8,16,1,3,0,0,1.95,3.39,4.2
1718,29/10/17,Getafe,Sociedad,2,1,H,0,1,A,10,15,5,4,8,7,19,16,3,2,0,0,2.45,3.39,2.87
1718,29/10/17,Girona,Real Madrid,2,1,H,0,1,A,15,15,4,6,2,7,21,11,2,1,0,0,10.0,6.5,1.25
1718,29/10/17,Malaga,Celta,2,1,H,1,0,H,15,10,4,2,4,1,20,12,2,3,0,0,3.1,3.39,2.29
1718,30/10/17,Espanol,Betis,1,0,H,0,0,D,10,9,4,4,5,3,10,17,2,5,0,0,2.14,3.39,3.39
1718,30/10/17,Las Palmas,La Coruna,1,3,A,1,1,D,13,15,5,5,8,5,11,15,1,1,0,0,2.04,3.5,3.6
1718,03/11/17,Betis,Getafe,2,2,D,0,2,A,15,9,4,2,4,6,10,14,2,6,0,0,2.0,3.5,3.79
1718,04/11/17,Alaves,Espanol,1,0,H,1,0,H,17,9,6,3,3,8,29,9,7,2,0,1,2.87,3.1,2.7
1718,04/11/17,Barcelona,Sevilla,2,1,H,1,0,H,18,8,6,3,3,3,10,12,1,0,0,0,1.19,7.5,12.0
1718,04/11/17,La Coruna,Ath Madrid,0,1,A,0,0,D,14,11,1,3,4,4,17,10,4,2,0,0,4.75,3.6,1.8
1718,04/11/17,Valencia,Leganes,3,0,H,1,0,H,13,13,7,6,4,7,11,13,1,2,0,0,1.5,4.33,6.5
1718,05/11/17,Celta,Ath Bilbao,3,1,H,3,1,H,11,14,5,5,3,6,13,17,2,3,0,0,2.1,3.5,3.5
1718,05/11/17,Levante,Girona,1,2,A,0,0,D,7,10,4,5,7,2,10,16,3,4,0,0,2.39,3.29,3.0
1718,05/11/17,Real Madrid,Las Palmas,3,0,H,1,0,H,27,2,9,1,9,2,9,9,2,1,0,0,1.08,13.0,19.0
1718,05/11/17,Sociedad,Eibar,3,1,H,2,0,H,10,9,6,5,3,6,10,17,0,3,0,0,1.61,4.0,5.5
1718,05/11/17,Villarreal,Malaga,2,0,H,0,0,D,14,10,3,2,6,4,18,12,2,4,0,0,1.53,4.33,6.0
1718,17/11/17,Girona,Sociedad,1,1,D,0,1,A,14,14,4,5,3,6,28,10,4,2,0,0,2.89,3.5,2.37
1718,18/11/17,Ath Madrid,Real Madrid,0,0,D,0,0,D,7,14,1,3,7,9,21,6,6,2,0,0,3.2,3.39,2.25
1718,18/11/17,Getafe,Alaves,4,1,H,2,0,H,13,11,8,5,4,5,18,14,3,3,0,0,1.8,3.5,4.75
1718,18/11/17,Leganes,Barcelona,0,3,A,0,1,A,18,11,7,7,6,3,25,10,1,2,0,0,9.5,5.25,1.33
1718,18/11/17,Sevilla,Celta,2,1,H,1,1,D,12,11,5,5,1,2,20,17,3,2,0,0,1.72,3.79,4.75
1718,19/11/17,Ath Bilbao,Villarreal,1,1,D,0,1,A,15,7,3,4,9,7,10,16,1,3,0,0,2.25,3.29,3.29
1718,19/11/17,Espanol,Valencia,0,2,A,0,0,D,12,7,4,3,3,4,11,17,0,4,0,0,3.2,3.29,2.29
1718,19/11/17,Las Palmas,Levante,0,2,A,0,0,D,10,11,5,6,3,5,9,22,1,4,0,0,1.95,3.5,4.0
1718,19/11/17,Malaga,La Coruna,3,2,H,1,1,D,14,12,5,4,5,4,16,15,4,5,0,0,2.37,3.29,3.1
1718,20/11/17,Eibar,Betis,5,0,H,2,0,H,17,4,7,0,5,2,10,9,2,2,0,1,2.39,3.29,3.0
1718,24/11/17,Celta,Leganes,1,0,H,1,0,H,14,9,7,2,3,4,13,16,2,3,0,0,1.95,3.25,4.33
1718,25/11/17,Alaves,Eibar,1,2,A,0,1,A,6,11,2,6,2,5,18,19,7,3,1,1,2.5,3.1,3.1
1718,25/11/17,Betis,Girona,2,2,D,0,1,A,12,13,6,7,3,5,9,16,2,1,0,0,2.0,3.6,3.75
1718,25/11/17,Levante,Ath Madrid,0,5,A,0,2,A,17,16,2,11,2,3,11,14,2,1,0,0,7.5,3.75,1.53
1718,25/11/17,Real Madrid,Malaga,3,2,H,2,1,H,16,9,9,3,6,0,15,13,1,2,0,0,1.08,13.0,21.0
1718,26/11/17,La Coruna,Ath Bilbao,2,2,D,1,1,D,14,10,4,3,5,2,11,14,4,1,0,0,2.75,3.29,2.6
1718,26/11/17,Sociedad,Las Palmas,2,2,D,1,1,D,16,8,3,7,11,3,22,14,4,3,1,0,1.44,4.75,7.0
1718,26/11/17,Valencia,Barcelona,1,1,D,0,0,D,8,12,1,8,3,9,12,11,4,0,0,0,4.0,3.89,1.85
1718,26/11/17,Villarreal,Sevilla,2,3,A,1,0,H,19,15,4,4,6,6,9,17,4,3,1,0,2.37,3.39,3.0
1718,27/11/17,Espanol,Getafe,1,0,H,0,0,D,10,7,5,4,6,4,12,18,3,6,0,0,2.0,3.39,3.79
1718,01/12/17,Malaga,Levante,0,0,D,0,0,D,18,3,2,3,7,2,12,15,1,3,0,0,1.72,3.79,4.75
1718,02/12/17,Ath Bilbao,Real Madrid,0,0,D,0,0,D,11,19,4,4,3,5,20,13,2,5,0,1,7.5,4.5,1.44
1718,02/12/17,Ath Madrid,Sociedad,2,1,H,0,1,A,16,10,10,2,5,6,12,10,1,2,0,0,1.5,3.89,7.5
1718,02/12/17,Barcelona,Celta,2,2,D,1,1,D,21,10,7,5,4,1,11,12,3,6,0,0,1.12,10.0,17.0
1718,02/12/17,Sevilla,La Coruna,2,0,H,1,0,H,10,11,6,3,6,7,12,16,1,3,0,0,1.44,4.5,7.5
1718,03/12/17,Eibar,Espanol,3,1,H,2,0,H,10,6,5,3,3,2,13,16,3,3,0,0,2.37,3.1,3.29
1718,03/12/17,Getafe,Valencia,1,0,H,0,0,D,11,13,3,6,5,12,18,11,8,4,1,0,3.0,3.39,2.29
1718,03/12/17,Las Palmas,Betis,1,0,H,1,0,H,21,8,7,2,6,4,12,21,1,7,0,1,2.2,3.5,3.1
1718,03/12/17,Leganes,Villarreal,3,1,H,0,0,D,12,12,5,4,5,6,11,17,2,4,0,0,2.79,3.25,2.62
1718,04/12/17,Girona,Alaves,2,3,A,0,0,D,11,9,3,4,6,5,8,13,1,2,0,0,1.6,3.79,6.0
1718,08/12/17,Alaves,Las Palmas,2,0,H,1,0,H,22,6,9,1,8,3,23,12,2,0,0,0,2.29,3.25,3.25
1718,09/12/17,Getafe,Eibar,0,0,D,0,0,D,6,7,3,2,9,7,14,13,1,4,0,0,2.04,3.39,3.75
1718,09/12/17,La Coruna,Leganes,1,0,H,1,0,H,15,3,4,0,6,1,16,21,4,4,0,0,2.37,3.2,3.2
1718,09/12/17,Real Madrid,Sevilla,5,0,H,5,0,H,20,11,8,3,9,3,12,11,0,2,0,0,1.33,5.5,8.5
1718,09/12/17,Valencia,Celta,2,1,H,1,0,H,13,13,7,5,10,2,16,12,2,5,0,0,1.66,4.0,5.0
1718,10/12/17,Betis,Ath Madrid,0,1,A,0,1,A,9,4,4,2,3,2,15,19,4,3,0,0,4.75,3.79,1.72
1718,10/12/17,Levante,Ath Bilbao,1,2,A,0,1,A,12,14,3,3,8,6,11,13,3,3,0,0,3.25,3.39,2.25
1718,10/12/17,Sociedad,Malaga,0,2,A,0,1,A,18,9,2,5,5,0,10,12,1,1,0,0,1.53,4.33,6.0
1718,10/12/17,Villarreal,Barcelona,0,2,A,0,0,D,9,16,5,6,2,4,18,13,2,1,1,0,6.0,4.33,1.53
1718,11/12/17,Espanol,Girona,0,1,A,0,1,A,8,12,3,5,8,6,9,17,1,3,0,0,2.04,3.5,3.6
1718,15/12/17,Sevilla,Levante,0,0,D,0,0,D,16,10,6,2,8,5,22,14,2,3,0,0,1.28,5.75,9.5
1718,16/12/17,Ath Bilbao,Sociedad,0,0,D,0,0,D,7,10,1,2,6,6,14,9,3,0,0,0,2.14,3.39,3.39
1718,16/12/17,Ath Madrid,Alaves,1,0,H,0,0,D,10,11,4,0,4,4,14,16,3,4,0,0,1.19,6.5,15.0
1718,16/12/17,Eibar,Valencia,2,1,H,0,0,D,15,7,3,3,5,6,13,13,1,4,0,0,2.75,3.29,2.6
1718,17/12/17,Barcelona,La Coruna,4,0,H,2,0,H,23,10,11,3,6,3,12,10,0,1,0,0,1.08,13.0,23.0
1718,17/12/17,Celta,Villarreal,0,1,A,0,1,A,10,8,3,5,2,2,11,19,1,3,0,0,2.29,3.39,3.1
1718,17/12/17,Girona,Getafe,1,0,H,1,0,H,9,7,2,0,1,7,20,25,2,6,0,0,2.2,3.25,3.5
1718,17/12/17,Las Palmas,Espanol,2,2,D,0,2,A,14,8,5,3,9,2,6,25,3,3,0,0,2.5,3.29,2.87
1718,18/12/17,Malaga,Betis,0,2,A,0,1,A,18,10,2,4,3,4,15,15,2,2,1,0,2.0,3.39,3.79
1718,19/12/17,Levante,Leganes,0,0,D,0,0,D,10,10,3,2,6,5,21,17,6,6,1,1,2.7,3.0,2.89
1718,20/12/17,Getafe,Las Palmas,2,0,H,2,0,H,13,17,7,6,3,1,23,11,3,1,0,0,1.75,3.6,5.0
1718,20/12/17,Sociedad,Sevilla,3,1,H,1,1,D,14,9,5,4,4,5,9,18,1,5,0,0,2.25,3.5,3.0
1718,21/12/17,Alaves,Malaga,1,0,H,0,0,D,10,10,5,3,4,4,14,18,3,4,0,0,2.14,3.2,3.5
1718,21/12/17,Eibar,Girona,4,1,H,2,1,H,16,6,6,1,3,2,14,18,1,2,0,0,2.0,3.39,3.75
1718,22/12/17,Betis,Ath Bilbao,0,2,A,0,1,A,16,19,6,7,6,9,7,6,1,2,1,0,2.7,3.25,2.62
1718,22/12/17,Espanol,Ath Madrid,1,0,H,0,0,D,7,9,4,1,2,3,18,22,2,5,0,0,5.0,3.5,1.72
1718,23/12/17,La Coruna,Celta,1,3,A,0,2,A,15,7,4,3,3,1,20,16,2,2,0,0,2.54,3.29,2.7
1718,23/12/17,Real Madrid,Barcelona,0,3,A,0,0,D,14,18,5,11,7,7,14,10,2,2,1,0,2.1,3.75,3.1
1718,23/12/17,Valencia,Villarreal,0,1,A,0,1,A,22,9,3,2,14,1,11,21,7,5,1,1,2.04,3.6,3.29
1718,06/01/18,Ath Madrid,Getafe,2,0,H,1,0,H,9,10,5,5,5,0,11,16,7,3,1,0,1.39,4.2,10.0
1718,06/01/18,Las Palmas,Eibar,1,2,A,1,0,H,4,14,2,5,4,3,13,17,3,3,0,0,2.54,3.39,2.75
1718,06/01/18,Sevilla,Betis,3,5,A,2,2,D,14,9,3,5,12,0,16,18,3,6,0,0,1.5,4.33,6.5
1718,06/01/18,Valencia,Girona,2,1,H,1,1,D,17,11,7,5,9,7,16,14,5,5,0,0,1.61,4.0,5.5
1718,07/01/18,Ath Bilbao,Alaves,2,0,H,1,0,H,14,8,8,1,4,1,23,20,2,4,0,0,1.66,3.5,6.0
1718,07/01/18,Barcelona,Levante,3,0,H,2,0,H,16,9,8,2,3,6,10,22,0,4,0,0,1.05,15.0,34.0
1718,07/01/18,Celta,Real Madrid,2,2,D,1,2,A,10,19,5,8,3,7,10,15,2,2,0,0,6.5,4.33,1.5
1718,07/01/18,Leganes,Sociedad,1,0,H,0,0,D,8,9,4,5,5,6,14,11,0,1,0,0,2.89,3.25,2.5
1718,07/01/18,Villarreal,La Coruna,1,1,D,1,0,H,11,13,5,3,7,5,19,12,4,3,0,0,1.57,4.0,6.0
1718,08/01/18,Malaga,Espanol,0,1,A,0,1,A,17,6,2,3,6,5,18,11,2,3,0,0,2.54,3.0,3.1
1718,12/01/18,Getafe,Malaga,1,0,H,0,0,D,7,9,3,2,5,2,19,16,3,1,0,0,1.8,3.39,5.0
1718,13/01/18,Eibar,Ath Madrid,0,1,A,0,1,A,11,7,4,3,9,1,12,9,2,1,0,0,4.0,3.2,2.04
1718,13/01/18,Girona,Las Palmas,6,0,H,1,0,H,15,3,8,1,5,2,25,20,2,5,0,0,1.72,3.79,4.75
1718,13/01/18,La Coruna,Valencia,1,2,A,0,1,A,12,12,2,5,8,10,13,8,2,1,0,0,3.0,3.39,2.37
1718,13/01/18,Real Madrid,Villarreal,0,1,A,0,0,D,28,10,7,4,11,0,11,12,2,1,0,0,1.25,6.5,10.0
1718,14/01/18,Alaves,Sevilla,1,0,H,0,0,D,12,14,3,1,5,4,18,12,5,2,1,0,3.25,3.25,2.29
1718,14/01/18,Espanol,Ath Bilbao,1,1,D,1,1,D,11,8,3,3,4,2,14,16,2,4,0,0,2.54,3.0,3.0
1718,14/01/18,Levante,Celta,0,1,A,0,1,A,15,3,5,2,6,2,19,7,4,3,0,0,3.0,3.25,2.45
1718,14/01/18,Sociedad,Barcelona,2,4,A,2,1,H,15,11,6,5,7,3,15,13,2,2,0,0,6.5,5.0,1.44
1718,15/01/18,Betis,Leganes,3,2,H,2,1,H,16,10,9,6,1,1,12,15,2,3,0,0,2.25,3.1,3.5
1718,19/01/18,Getafe,Ath Bilbao,2,2,D,1,1,D,17,7,6,6,6,2,17,12,5,1,0,0,2.7,3.1,2.79
1718,20/01/18,Ath Madrid,Girona,1,1,D,1,0,H,9,6,4,3,2,1,13,15,4,3,0,0,1.36,4.75,9.5
1718,20/01/18,Espanol,Sevilla,0,3,A,0,2,A,9,12,0,7,8,2,18,14,4,2,0,0,2.75,3.2,2.7
1718,20/01/18,Las Palmas,Valencia,2,1,H,1,1,D,20,14,6,8,3,6,18,16,2,9,0,2,4.5,4.0,1.72
1718,20/01/18,Villarreal,Levante,2,1,H,1,0,H,18,16,6,4,6,4,14,16,2,2,0,0,1.44,4.5,7.5
1718,21/01/18,Alaves,Leganes,2,2,D,0,0,D,14,8,6,4,4,6,13,14,3,3,1,0,2.14,3.1,3.75
1718,21/01/18,Betis,Barcelona,0,5,A,0,0,D,7,14,2,10,4,2,12,9,2,2,0,0,10.0,6.0,1.28
1718,21/01/18,Real Madrid,La Coruna,7,1,H,2,1,H,24,5,13,2,6,1,7,11,0,2,0,0,1.14,9.0,15.0
1718,21/01/18,Sociedad,Celta,1,2,A,1,1,D,16,10,2,3,8,3,10,7,1,2,0,0,1.85,3.89,4.0
1718,22/01/18,Eibar,Malaga,1,1,D,0,1,A,15,10,4,4,8,3,11,11,1,3,0,1,1.66,3.5,6.0
1718,26/01/18,Ath Bilbao,Eibar,1,1,D,0,0,D,7,14,1,2,3,7,15,14,0,0,0,0,1.9,3.39,4.33
1718,27/01/18,La Coruna,Levante,2,2,D,2,0,H,8,15,2,4,4,7,13,14,7,5,1,0,2.0,3.5,3.79
1718,27/01/18,Malaga,Girona,0,0,D,0,0,D,7,11,1,2,5,4,18,7,2,1,1,0,2.29,3.0,3.39
1718,27/01/18,Valencia,Real Madrid,1,4,A,0,2,A,11,13,4,7,4,4,20,22,2,3,0,0,5.0,4.33,1.61
1718,27/01/18,Villarreal,Sociedad,4,2,H,4,1,H,11,24,7,6,2,9,16,6,1,1,0,0,2.04,3.5,3.5
1718,28/01/18,Ath Madrid,Las Palmas,3,0,H,0,0,D,18,9,7,1,4,1,17,11,1,2,0,0,1.16,7.5,17.0
1718,28/01/18,Barcelona,Alaves,2,1,H,0,1,A,18,7,12,4,8,1,6,18,0,2,0,0,1.08,11.0,26.0
1718,28/01/18,Leganes,Espanol,3,2,H,1,0,H,11,12,6,4,1,7,20,19,2,4,0,0,2.37,2.79,3.5
1718,28/01/18,Sevilla,Getafe,1,1,D,0,0,D,15,7,1,2,3,4,12,15,3,3,0,0,1.5,4.33,6.5
1718,29/01/18,Celta,Betis,3,2,H,1,0,H,13,7,5,3,7,2,13,8,1,5,0,0,1.75,3.75,4.75
1718,02/02/18,Sociedad,La Coruna,5,0,H,1,0,H,19,4,8,1,9,5,11,11,0,1,0,0,1.44,4.75,6.5
1718,03/02/18,Alaves,Celta,2,1,H,2,0,H,9,16,3,4,2,1,13,11,3,2,0,0,2.62,3.2,2.79
1718,03/02/18,Betis,Villarreal,2,1,H,1,0,H,13,12,4,3,2,6,11,12,1,2,0,1,2.79,3.39,2.5
1718,03/02/18,Eibar,Sevilla,5,1,H,3,1,H,17,11,7,3,5,3,11,20,0,3,0,0,2.6,3.29,2.75
1718,03/02/18,Levante,Real Madrid,2,2,D,1,1,D,12,23,4,9,4,6,14,7,3,3,0,0,13.0,7.0,1.19
1718,04/02/18,Ath Madrid,Valencia,1,0,H,0,0,D,14,9,4,0,9,1,18,4,1,1,0,0,1.44,4.33,7.5
1718,04/02/18,Espanol,Barcelona,1,1,D,0,0,D,7,12,2,2,0,7,15,12,5,3,0,0,9.5,5.25,1.33
1718,04/02/18,Getafe,Leganes,0,0,D,0,0,D,11,2,1,1,5,2,17,20,2,6,0,0,1.9,3.2,4.5
1718,04/02/18,Girona,Ath Bilbao,2,0,H,1,0,H,8,9,3,0,2,4,13,14,1,1,0,0,2.39,3.29,3.0
1718,05/02/18,Las Palmas,Malaga,1,0,H,0,0,D,11,9,4,3,4,2,11,17,2,3,0,0,2.25,3.39,3.2
1718,09/02/18,Ath Bilbao,Las Palmas,0,0,D,0,0,D,11,8,5,2,5,2,20,29,4,4,0,0,1.44,4.5,7.5
1718,10/02/18,Leganes,Eibar,0,1,A,0,0,D,2,19,0,6,1,10,14,6,4,2,1,0,2.87,3.1,2.62
1718,10/02/18,Malaga,Ath Madrid,0,1,A,0,1,A,13,5,3,1,3,3,22,19,3,2,0,0,7.5,3.6,1.57
1718,10/02/18,Real Madrid,Sociedad,5,2,H,4,0,H,18,8,9,3,5,3,11,10,2,1,0,0,1.19,7.0,13.0
1718,10/02/18,Villarreal,Alaves,1,2,A,0,1,A,27,5,6,4,13,2,15,15,4,4,0,0,1.66,4.0,5.0
1718,11/02/18,Barcelona,Getafe,0,0,D,0,0,D,12,10,6,1,9,3,7,13,2,3,0,0,1.12,9.0,19.0
1718,11/02/18,Celta,Espanol,2,2,D,1,1,D,18,3,7,2,9,1,9,16,3,4,0,0,1.9,3.6,4.0
1718,11/02/18,Sevilla,Girona,1,0,H,0,0,D,13,14,4,6,7,2,13,19,2,2,0,0,1.72,3.79,4.75
1718,11/02/18,Valencia,Levante,3,1,H,1,1,D,18,5,8,1,7,9,10,19,3,4,0,0,1.5,4.33,6.5
1718,12/02/18,La Coruna,Betis,0,1,A,0,0,D,16,10,2,4,8,1,19,7,2,0,0,0,2.2,3.6,3.1
1718,16/02/18,Girona,Leganes,3,0,H,2,0,H,10,10,5,5,4,4,12,10,3,5,0,0,1.85,3.25,5.0
1718,17/02/18,Alaves,La Coruna,1,0,H,0,0,D,14,5,3,0,9,3,17,14,2,3,0,0,1.9,3.39,4.33
1718,17/02/18,Eibar,Barcelona,0,2,A,0,1,A,13,10,3,6,6,0,13,6,3,1,1,0,6.5,4.75,1.44
1718,17/02/18,Las Palmas,Sevilla,1,2,A,0,1,A,11,12,3,6,7,5,15,18,2,5,0,0,3.5,3.6,2.04
1718,17/02/18,Malaga,Valencia,1,2,A,1,0,H,9,10,3,3,7,2,19,18,2,4,1,0,3.6,3.5,2.04
1718,18/02/18,Ath Madrid,Ath Bilbao,2,0,H,0,0,D,14,4,4,0,5,2,6,12,3,2,0,0,1.44,4.2,8.5
1718,18/02/18,Betis,Real Madrid,3,5,A,2,1,H,20,12,5,9,7,5,7,15,3,5,0,0,9.0,6.0,1.3
1718,18/02/18,Espanol,Villarreal,1,1,D,0,1,A,15,8,3,3,2,5,7,19,1,7,0,0,2.5,3.25,2.89
1718,18/02/18,Sociedad,Levante,3,0,H,2,0,H,13,9,3,1,2,4,12,13,0,2,0,0,1.57,4.2,5.75
1718,19/02/18,Getafe,Celta,3,0,H,1,0,H,9,4,5,1,5,5,21,15,4,3,0,0,2.5,3.29,2.87
1718,21/02/18,Leganes,Real Madrid,1,3,A,1,2,A,7,13,3,7,6,5,18,7,3,1,0,0,11.0,6.0,1.25
1718,23/02/18,La Coruna,Espanol,0,0,D,0,0,D,17,9,4,1,4,2,9,10,5,1,0,0,2.54,3.2,2.87
1718,24/02/18,Barcelona,Girona,6,1,H,4,1,H,21,10,14,4,5,3,11,11,1,1,0,0,1.14,8.0,19.0
1718,24/02/18,Celta,Eibar,2,0,H,0,0,D,8,15,3,2,3,9,11,16,2,3,0,0,2.0,3.5,3.7
1718,24/02/18,Leganes,Las Palmas,0,0,D,0,0,D,11,4,2,1,6,5,22,17,4,5,0,0,1.8,3.5,4.75
1718,24/02/18,Real Madrid,Alaves,4,0,H,1,0,H,25,11,10,5,9,5,9,14,1,2,0,0,1.14,8.5,17.0
1718,25/02/18,Ath Bilbao,Malaga,2,1,H,2,1,H,8,8,6,4,6,4,12,18,3,3,0,1,1.75,3.5,5.25
1718,25/02/18,Sevilla,Ath Madrid,2,5,A,0,2,A,10,13,5,8,5,4,10,24,3,3,0,0,3.39,3.2,2.25
1718,25/02/18,Valencia,Sociedad,2,1,H,1,0,H,7,9,4,3,4,4,12,9,2,3,0,0,1.7,4.0,4.75
1718,25/02/18,Villarreal,Getafe,1,0,H,1,0,H,10,3,4,2,2,8,14,21,5,3,0,0,1.75,3.75,4.75
1718,26/02/18,Levante,Betis,0,2,A,0,0,D,12,15,2,6,5,5,17,8,5,2,0,0,2.5,3.29,2.87
1718,27/02/18,Espanol,Real Madrid,1,0,H,0,0,D,16,12,7,5,3,8,15,10,1,1,0,0,6.0,4.33,1.53
1718,27/02/18,Girona,Celta,1,0,H,1,0,H,11,10,2,2,6,4,9,10,3,2,0,0,2.29,3.5,3.0
1718,28/02/18,Ath Bilbao,Valencia,1,1,D,0,1,A,11,6,4,4,6,1,16,16,1,2,0,0,2.62,3.2,2.79
1718,28/02/18,Ath Madrid,Leganes,4,0,H,2,0,H,15,9,8,3,5,1,10,10,1,3,0,0,1.25,5.25,15.0
1718,28/02/18,Eibar,Villarreal,1,0,H,1,0,H,13,11,1,3,6,4,18,8,4,2,0,0,2.2,3.2,3.6
1718,28/02/18,Getafe,La Coruna,3,0,H,2,0,H,14,9,5,1,10,6,6,9,2,4,0,0,1.9,3.39,4.33
1718,28/02/18,Malaga,Sevilla,0,1,A,0,1,A,8,6,0,4,9,4,19,14,2,2,0,0,3.5,3.2,2.14
1718,01/03/18,Alaves,Levante,1,0,H,0,0,D,15,6,5,1,5,3,14,17,4,4,1,1,1.8,3.39,5.0
1718,01/03/18,Betis,Sociedad,0,0,D,0,0,D,8,13,4,5,4,10,11,7,2,0,0,0,2.79,3.39,2.39
1718,01/03/18,Las Palmas,Barcelona,1,1,D,0,1,A,12,10,1,4,6,6,18,13,6,3,0,0,15.0,7.5,1.18
1718,03/03/18,La Coruna,Eibar,1,1,D,1,1,D,7,16,2,3,2,9,6,8,1,2,1,0,2.79,3.1,2.7
1718,03/03/18,Leganes,Malaga,2,0,H,0,0,D,10,4,3,1,6,1,11,14,1,1,0,0,2.14,2.89,4.0
1718,03/03/18,Real Madrid,Getafe,3,1,H,2,0,H,14,4,6,4,8,0,13,18,1,3,0,1,1.19,7.5,13.0
1718,03/03/18,Sevilla,Ath Bilbao,2,0,H,2,0,H,18,10,8,3,8,4,14,13,2,3,0,0,1.7,3.75,5.25
1718,03/03/18,Villarreal,Girona,0,2,A,0,1,A,14,4,5,3,7,2,14,18,4,1,0,0,1.8,3.39,4.75
1718,04/03/18,Barcelona,Ath Madrid,1,0,H,1,0,H,16,6,5,1,12,1,16,20,2,2,0,0,1.72,3.79,4.75
1718,04/03/18,Levante,Espanol,1,1,D,0,0,D,13,15,4,3,2,1,14,13,0,3,0,0,3.1,3.1,2.45
1718,04/03/18,Sociedad,Alaves,2,1,H,2,1,H,14,3,5,1,8,4,10,13,0,1,0,0,1.64,4.0,5.25
1718,04/03/18,Valencia,Betis,2,0,H,1,0,H,12,9,6,4,7,0,14,11,1,4,0,0,1.44,4.75,6.5
1718,05/03/18,Celta,Las Palmas,2,1,H,0,0,D,14,10,6,3,10,7,13,15,1,2,0,0,1.44,4.33,7.0
1718,09/03/18,Girona,La Coruna,2,0,H,1,0,H,9,8,6,4,2,2,17,16,1,4,0,0,1.55,4.2,5.5
1718,10/03/18,Eibar,Real Madrid,1,2,A,0,1,A,12,12,3,6,8,6,12,7,1,1,0,0,5.75,4.75,1.5
1718,10/03/18,Getafe,Levante,0,1,A,0,0,D,11,12,4,4,4,7,14,16,5,7,0,1,1.75,3.5,5.25
1718,10/03/18,Malaga,Barcelona,0,2,A,0,2,A,6,20,2,9,2,5,15,9,1,1,1,0,13.0,6.0,1.25
1718,10/03/18,Sevilla,Valencia,0,2,A,0,1,A,21,10,5,5,7,3,15,15,4,2,0,0,2.0,3.5,3.79
1718,11/03/18,Ath Bilbao,Leganes,2,0,H,2,0,H,13,12,5,1,3,6,12,14,2,5,0,0,1.9,3.29,4.5
1718,11/03/18,Ath Madrid,Celta,3,0,H,1,0,H,7,8,3,2,6,4,14,10,1,2,0,0,1.39,4.75,8.0
1718,11/03/18,Espanol,Sociedad,2,1,H,0,1,A,18,11,7,5,6,4,18,14,0,2,0,0,2.87,3.1,2.62
1718,11/03/18,Las Palmas,Villarreal,0,2,A,0,0,D,9,11,3,4,7,3,15,17,1,1,1,0,3.5,3.5,2.1
1718,12/03/18,Alaves,Betis,1,3,A,0,2,A,9,10,1,4,6,2,18,17,2,3,0,0,2.14,3.29,3.6
1718,16/03/18,Levante,Eibar,2,1,H,1,0,H,6,13,3,4,4,5,11,11,4,3,0,0,3.2,3.2,2.37
1718,17/03/18,Betis,Espanol,3,0,H,1,0,H,9,4,4,1,3,5,15,11,1,3,0,0,2.2,3.39,3.29
1718,17/03/18,La Coruna,Las Palmas,1,1,D,1,1,D,13,8,3,1,9,2,24,12,3,3,0,0,1.72,3.75,5.0
1718,17/03/18,Sociedad,Getafe,1,2,A,1,1,D,8,9,2,5,7,1,13,21,3,7,0,0,1.72,3.6,5.25
1718,17/03/18,Valencia,Alaves,3,1,H,2,0,H,24,16,10,4,9,2,8,14,1,1,0,0,1.44,4.5,7.5
1718,18/03/18,Barcelona,Ath Bilbao,2,0,H,2,0,H,18,10,9,3,6,5,7,14,2,2,0,0,1.16,8.0,15.0
1718,18/03/18,Celta,Malaga,0,0,D,0,0,D,9,5,3,0,4,5,16,24,3,2,0,0,1.44,4.5,7.0
1718,18/03/18,Leganes,Sevilla,2,1,H,1,0,H,12,10,6,4,5,4,13,11,2,4,0,1,3.7,3.29,2.1
1718,18/03/18,Real Madrid,Girona,6,3,H,1,1,D,20,10,14,6,6,7,13,13,1,2,0,0,1.16,7.5,17.0
1718,18/03/18,Villarreal,Ath Madrid,2,1,H,0,1,A,17,8,5,2,5,4,13,16,5,3,0,1,4.2,3.1,2.04
1718,31/03/18,Ath Bilbao,Celta,1,1,D,0,0,D,11,13,2,3,4,5,10,10,3,1,0,0,2.04,3.29,3.6
1718,31/03/18,Girona,Levante,1,1,D,0,0,D,12,15,5,6,5,7,13,12,1,3,0,0,1.57,3.79,6.0
1718,31/03/18,Las Palmas,Real Madrid,0,3,A,0,2,A,17,17,3,7,3,3,11,17,3,0,0,0,10.0,6.0,1.25
1718,31/03/18,Sevilla,Barcelona,2,2,D,1,0,H,21,20,6,9,5,9,11,7,2,0,0,0,4.75,4.0,1.66
1718,01/04/18,Ath Madrid,La Coruna,1,0,H,1,0,H,15,10,3,2,9,7,14,15,2,3,0,0,1.22,5.75,13.0
1718,01/04/18,Eibar,Sociedad,0,0,D,0,0,D,15,7,3,0,8,1,14,10,4,2,0,0,2.37,3.39,2.87
1718,01/04/18,Espanol,Alaves,0,0,D,0,0,D,12,13,3,4,6,5,18,12,3,2,0,0,2.04,3.2,3.75
1718,01/04/18,Leganes,Valencia,0,1,A,0,0,D,8,3,1,1,5,2,14,17,3,4,0,0,3.75,3.39,2.0
1718,01/04/18,Malaga,Villarreal,1,0,H,1,0,H,13,11,3,1,3,6,17,13,2,3,0,0,3.5,3.2,2.14
1718,02/04/18,Getafe,Betis,0,1,A,0,0,D,8,7,4,4,4,0,21,9,4,2,0,0,1.95,3.5,3.75
1718,06/04/18,La Coruna,Malaga,3,2,H,1,1,D,14,11,6,4,7,6,16,14,4,3,0,0,2.04,3.29,3.79
1718,07/04/18,Alaves,Getafe,2,0,H,0,0,D,11,5,2,1,1,3,17,22,2,3,0,0,2.45,3.0,3.2
1718,07/04/18,Barcelona,Leganes,3,1,H,2,0,H,12,11,6,1,5,3,14,12,2,4,0,0,1.12,9.0,21.0
1718,07/04/18,Betis,Eibar,2,0,H,1,0,H,13,5,4,2,7,8,10,11,2,2,0,0,2.25,3.39,3.25
1718,07/04/18,Celta,Sevilla,4,0,H,1,0,H,12,16,6,6,3,10,8,12,1,2,0,0,2.2,3.39,3.29
1718,08/04/18,Levante,Las Palmas,2,1,H,1,0,H,11,17,4,5,4,5,19,10,6,3,2,0,1.9,3.6,4.0
1718,08/04/18,Real Madrid,Ath Madrid,1,1,D,0,0,D,30,9,8,5,11,2,12,17,2,3,0,0,1.75,3.75,4.75
1718,08/04/18,Sociedad,Girona,5,0,H,2,0,H,13,8,7,1,4,5,8,20,2,2,0,0,1.9,3.6,4.0
1718,08/04/18,Valencia,Espanol,1,0,H,1,0,H,14,21,6,6,4,3,17,10,3,2,0,0,1.5,4.33,6.5
1718,09/04/18,Villarreal,Ath Bilbao,1,3,A,0,1,A,7,17,2,13,3,6,17,11,5,5,1,0,1.85,3.5,4.5
1718,13/04/18,Girona,Betis,0,1,A,0,1,A,9,10,4,2,6,4,23,18,7,5,0,0,2.29,3.39,3.1
1718,14/04/18,Ath Bilbao,La Coruna,2,3,A,0,2,A,13,5,4,3,11,6,5,9,2,1,0,0,1.66,3.75,5.5
1718,14/04/18,Barcelona,Valencia,2,1,H,1,0,H,12,17,7,6,6,5,9,11,2,2,0,0,1.28,6.0,9.5
1718,14/04/18,Las Palmas,Sociedad,0,1,A,0,1,A,7,20,0,11,4,6,6,16,0,0,0,0,3.79,3.6,1.95
1718,14/04/18,Leganes,Celta,1,0,H,0,0,D,19,5,7,2,8,3,22,17,3,3,0,0,3.1,3.2,2.39
1718,14/04/18,Sevilla,Villarreal,2,2,D,0,1,A,18,7,4,4,10,2,11,23,5,3,1,1,1.8,3.75,4.5
1718,15/04/18,Ath Madrid,Levante,3,0,H,1,0,H,13,11,5,3,8,3,9,13,2,1,0,0,1.22,6.0,15.0
1718,15/04/18,Eibar,Alaves,0,1,A,0,1,A,21,2,4,1,12,1,11,18,2,1,0,0,1.83,3.39,4.75
1718,15/04/18,Getafe,Espanol,1,0,H,0,0,D,13,5,4,0,4,3,19,13,6,2,1,0,2.14,3.1,3.75
1718,15/04/18,Malaga,Real Madrid,1,2,A,0,1,A,13,16,3,6,4,7,12,9,4,0,0,0,10.0,5.5,1.28
1718,17/04/18,Celta,Barcelona,2,2,D,1,1,D,18,14,8,6,6,4,9,7,3,0,0,1,4.75,4.33,1.64
1718,17/04/18,La Coruna,Sevilla,0,0,D,0,0,D,22,24,6,7,7,9,8,8,0,2,0,0,2.5,3.5,2.75
1718,17/04/18,Villarreal,Leganes,2,1,H,1,0,H,17,6,6,1,10,4,14,14,1,1,0,0,1.6,3.79,6.5
1718,18/04/18,Espanol,Eibar,0,1,A,0,1,A,10,5,4,1,3,6,17,17,3,2,0,0,2.29,3.1,3.39
1718,18/04/18,Real Madrid,Ath Bilbao,1,1,D,0,1,A,29,6,10,2,16,2,6,19,2,4,0,0,1.19,7.0,12.0
1718,18/04/18,Valencia,Getafe,1,2,A,0,1,A,10,8,3,3,7,5,10,14,1,7,1,0,1.44,4.0,8.0
1718,19/04/18,Alaves,Girona,1,2,A,0,0,D,11,14,5,5,3,6,15,12,4,4,0,0,2.37,3.1,3.29
1718,19/04/18,Betis,Las Palmas,1,0,H,0,0,D,17,1,8,0,6,3,18,17,3,5,0,1,1.36,5.25,7.5
1718,19/04/18,Levante,Malaga,1,0,H,0,0,D,11,10,2,2,4,3,9,17,1,1,0,0,1.85,3.5,4.5
1718,19/04/18,Sociedad,Ath Madrid,3,0,H,1,0,H,12,9,4,2,6,6,13,13,1,0,0,0,3.29,3.29,2.25
1718,20/04/18,Leganes,La Coruna,0,0,D,0,0,D,13,12,0,3,9,4,12,13,0,2,0,0,2.29,3.25,3.2
1718,21/04/18,Celta,Valencia,1,1,D,0,0,D,10,17,3,7,4,3,14,19,1,2,0,0,2.7,3.39,2.6
1718,21/04/18,Eibar,Getafe,0,1,A,0,1,A,12,7,2,4,8,3,15,16,4,1,0,0,2.04,3.2,4.0
1718,22/04/18,Ath Madrid,Betis,0,0,D,0,0,D,10,10,2,4,8,3,17,14,2,5,0,0,1.61,3.75,6.0
1718,22/04/18,Girona,Espanol,0,2,A,0,1,A,20,5,6,4,10,0,18,18,1,2,0,0,2.14,3.25,3.6
1718,22/04/18,Las Palmas,Alaves,0,4,A,0,0,D,12,10,1,7,3,3,14,19,2,2,0,0,3.1,3.2,2.39
1718,22/04/18,Malaga,Sociedad,2,0,H,2,0,H,4,14,3,2,5,3,16,0,4,1,0,0,5.25,3.6,1.72
1718,23/04/18,Ath Bilbao,Levante,1,3,A,1,2,A,18,11,5,7,2,9,13,14,3,3,0,0,1.66,3.75,5.5
1718,27/04/18,Levante,Sevilla,2,1,H,1,1,D,15,22,5,4,4,8,4,15,1,1,0,0,4.5,3.6,1.75
1718,28/04/18,Espanol,Las Palmas,1,1,D,0,1,A,16,13,7,2,6,7,18,22,2,4,0,0,1.36,4.75,9.5
1718,28/04/18,Real Madrid,Leganes,2,1,H,2,0,H,12,16,5,6,3,2,16,15,0,1,0,1,1.3,5.5,10.0
1718,28/04/18,Sociedad,Ath Bilbao,3,1,H,2,0,H,17,9,4,3,3,7,16,16,3,6,1,0,1.85,3.6,4.33
1718,28/04/18,Villarreal,Celta,4,1,H,3,1,H,13,15,7,4,5,7,14,8,2,0,0,0,1.72,3.75,5.0
1718,29/04/18,Alaves,Ath Madrid,0,1,A,0,0,D,7,14,3,6,3,4,14,12,4,6,0,1,3.29,3.1,2.37
1718,29/04/18,Getafe,Girona,1,1,D,1,1,D,10,15,2,2,4,4,19,21,6,4,1,0,2.1,3.1,4.0
1718,29/04/18,La Coruna,Barcelona,2,4,A,1,2,A,17,21,5,9,6,7,9,9,1,1,0,0,12.0,6.0,1.25
1718,29/04/18,Valencia,Eibar,0,0,D,0,0,D,16,8,5,2,8,2,12,19,2,3,0,0,1.5,4.0,7.5
1718,30/04/18,Betis,Malaga,2,1,H,1,1,D,12,9,3,3,6,4,9,17,1,4,0,0,1.44,4.5,7.5
1718,04/05/18,Sevilla,Sociedad,1,0,H,0,0,D,16,11,6,1,6,4,17,13,4,2,0,0,2.1,3.79,3.1
1718,05/05/18,Ath Bilbao,Betis,2,0,H,0,0,D,14,6,5,3,4,5,13,12,0,2,0,0,2.25,3.29,3.29
1718,05/05/18,Celta,La Coruna,1,1,D,1,0,H,13,11,4,2,4,10,6,11,4,2,0,0,1.61,4.0,5.5
1718,05/05/18,Girona,Eibar,1,4,A,0,2,A,16,15,5,6,6,5,12,13,2,5,0,0,2.1,3.29,3.75
1718,05/05/18,Villarreal,Valencia,1,0,H,0,0,D,13,6,5,2,7,3,18,18,5,3,0,0,2.25,3.39,3.2
1718,06/05/18,Ath Madrid,Espanol,0,2,A,0,0,D,9,14,3,6,6,3,9,13,1,3,0,0,1.39,4.2,10.0
1718,06/05/18,Barcelona,Real Madrid,2,2,D,1,1,D,11,17,4,5,6,5,8,20,3,5,1,0,1.66,4.33,4.5
1718,06/05/18,Las Palmas,Getafe,0,1,A,0,0,D,21,8,4,1,9,4,8,28,0,2,0,0,4.0,3.29,2.0
1718,06/05/18,Malaga,Alaves,0,3,A,0,1,A,16,13,4,7,6,7,15,13,2,1,0,0,2.39,3.2,3.1
1718,07/05/18,Leganes,Levante,0,3,A,0,0,D,13,10,2,3,6,5,15,11,5,1,1,0,2.1,3.2,3.89
1718,09/05/18,Barcelona,Villarreal,5,1,H,3,0,H,12,20,6,7,4,4,6,15,0,3,0,0,1.28,5.75,10.0
1718,09/05/18,Sevilla,Real Madrid,3,2,H,2,0,H,14,14,6,4,2,3,21,9,3,1,0,0,2.45,3.7,2.62
1718,12/05/18,Alaves,Ath Bilbao,3,1,H,1,0,H,4,13,3,4,0,8,15,13,2,5,0,0,2.5,3.29,2.89
1718,12/05/18,Betis,Sevilla,2,2,D,1,0,H,9,13,5,5,4,5,10,19,1,4,0,0,2.62,3.39,2.7
1718,12/05/18,Eibar,Las Palmas,1,0,H,1,0,H,10,8,5,2,3,11,13,12,3,1,0,0,1.39,4.5,9.0
1718,12/05/18,Getafe,Ath Madrid,0,1,A,0,1,A,11,5,4,3,8,2,13,17,3,2,0,0,2.79,3.1,2.79
1718,12/05/18,Girona,Valencia,0,1,A,0,0,D,16,10,4,4,6,2,16,11,2,3,0,0,2.5,3.39,2.75
1718,12/05/18,La Coruna,Villarreal,2,4,A,0,3,A,16,11,7,7,11,0,14,5,3,0,0,0,3.5,3.6,2.04
1718,12/05/18,Real Madrid,Celta,6,0,H,3,0,H,15,5,10,1,4,2,5,10,0,1,0,0,1.36,5.0,9.0
1718,12/05/18,Sociedad,Leganes,3,2,H,2,1,H,11,9,6,3,5,1,8,12,1,2,0,0,1.44,4.2,8.5
1718,13/05/18,Espanol,Malaga,4,1,H,3,1,H,19,9,7,3,5,3,13,19,0,2,0,0,1.61,3.7,6.25
1718,13/05/18,Levante,Barcelona,5,4,H,2,1,H,12,18,7,7,3,8,18,12,6,6,0,0,10.0,5.25,1.3
1718,19/05/18,Celta,Levante,4,2,H,2,1,H,20,7,9,3,5,3,9,15,1,3,0,1,1.8,4.0,4.1
1718,19/05/18,Las Palmas,Girona,1,2,A,1,2,A,13,12,7,6,4,3,7,19,1,2,0,0,3.1,3.5,2.25
1718,19/05/18,Leganes,Betis,3,2,H,1,1,D,8,16,3,8,6,4,9,9,2,0,1,0,2.7,3.6,2.5
1718,19/05/18,Malaga,Getafe,0,1,A,0,0,D,6,11,2,3,2,9,19,12,4,1,0,0,3.3,3.3,2.25
1718,19/05/18,Sevilla,Alaves,1,0,H,1,0,H,20,10,8,4,8,3,15,12,2,2,0,0,1.4,4.75,8.0
1718,19/05/18,Villarreal,Real Madrid,2,2,D,0,2,A,14,15,5,7,4,5,13,10,4,3,0,0,3.1,4.1,2.1
1718,20/05/18,Ath Bilbao,Espanol,0,1,A,0,1,A,12,11,3,4,7,7,4,11,0,1,0,0,2.04,3.5,3.6
1718,20/05/18,Ath Madrid,Eibar,2,2,D,1,1,D,8,14,4,3,2,2,14,14,6,2,1,0,1.61,3.8,6.0
1718,20/05/18,Barcelona,Sociedad,1,0,H,0,0,D,12,13,4,2,3,8,13,13,3,2,0,0,1.22,7.0,11.0
1718,20/05/18,Valencia,La Coruna,2,1,H,1,0,H,22,12,5,7,8,4,8,11,0,0,0,0,1.4,4.75,8.0
1819,17/08/2018,Betis,Levante,0,3,A,0,1,A,22,6,8,4,5,3,10,10,0,2,0,0,1.66,4.0,5.0
1819,17/08/2018,Girona,Valladolid,0,0,D,0,0,D,13,2,1,1,3,2,21,20,1,1,0,0,1.75,3.6,5.0
1819,18/08/2018,Barcelona,Alaves,3,0,H,0,0,D,25,3,9,0,7,1,6,13,0,2,0,0,1.11,10.0,21.0
1819,18/08/2018,Celta,Espanol,1,1,D,0,1,A,12,14,2,5,8,7,13,14,3,2,0,0,1.85,3.5,4.5
1819,18/08/2018,Villarreal,Sociedad,1,2,A,1,1,D,16,8,7,4,4,6,16,10,2,3,0,0,2.04,3.4,3.8
1819,19/08/2018,Eibar,Huesca,1,2,A,0,2,A,18,8,6,6,7,0,12,13,1,1,0,0,1.66,3.75,5.5
1819,19/08/2018,Real Madrid,Getafe,2,0,H,1,0,H,10,4,3,1,3,0,11,27,1,7,0,0,1.2,7.0,13.0
1819,19/08/2018,Vallecano,Sevilla,1,4,A,0,3,A,13,17,2,8,2,6,6,15,1,0,0,0,3.25,3.6,2.14
1819,20/08/2018,Ath Bilbao,Leganes,2,1,H,1,1,D,17,12,5,2,6,2,12,13,4,5,0,0,1.75,3.3,5.5
1819,20/08/2018,Valencia,Ath Madrid,1,1,D,0,1,A,13,9,4,3,4,10,10,15,2,3,0,0,3.0,3.2,2.5
1819,24/08/2018,Getafe,Eibar,2,0,H,1,0,H,7,9,4,0,5,5,14,11,2,1,0,0,1.95,3.2,4.33
1819,24/08/2018,Leganes,Sociedad,2,2,D,0,2,A,18,7,5,6,5,0,12,9,1,2,0,0,3.5,3.3,2.1
1819,25/08/2018,Alaves,Betis,0,0,D,0,0,D,16,13,4,5,5,6,17,15,3,1,0,0,2.8,3.25,2.6
1819,25/08/2018,Ath Madrid,Vallecano,1,0,H,0,0,D,9,13,2,3,8,5,7,8,1,1,0,0,1.16,7.0,21.0
1819,25/08/2018,Valladolid,Barcelona,0,1,A,0,0,D,7,10,4,5,6,10,13,11,1,1,0,0,17.0,7.5,1.16
1819,26/08/2018,Espanol,Valencia,2,0,H,0,0,D,19,16,9,4,6,10,16,12,1,1,0,0,3.25,3.2,2.37
1819,26/08/2018,Girona,Real Madrid,1,4,A,1,1,D,10,20,5,8,4,7,13,11,2,3,0,0,8.0,5.5,1.36
1819,26/08/2018,Sevilla,Villarreal,0,0,D,0,0,D,19,14,2,6,4,5,13,14,3,2,0,0,1.72,4.2,4.33
1819,27/08/2018,Ath Bilbao,Huesca,2,2,D,0,0,D,14,9,4,4,3,2,17,17,2,2,0,0,1.61,3.6,6.5
1819,27/08/2018,Levante,Celta,1,2,A,0,2,A,15,21,6,9,7,7,14,8,2,3,0,0,2.4,3.25,3.0
1819,31/08/2018,Eibar,Sociedad,2,1,H,1,1,D,8,7,2,2,4,2,18,15,3,2,0,0,2.75,3.25,2.62
1819,31/08/2018,Getafe,Valladolid,0,0,D,0,0,D,12,7,3,4,6,7,22,14,3,1,0,0,1.9,3.2,4.75
1819,31/08/2018,Villarreal,Girona,0,1,A,0,0,D,13,14,3,6,7,2,15,11,3,2,0,0,1.57,4.0,6.0
1819,01/09/2018,Celta,Ath Madrid,2,0,H,0,0,D,10,9,4,0,2,8,12,14,4,5,0,1,5.5,3.4,1.75
1819,01/09/2018,Real Madrid,Leganes,4,1,H,1,1,D,17,8,8,3,8,1,11,11,1,1,0,0,1.12,9.0,21.0
1819,02/09/2018,Alaves,Espanol,2,1,H,0,1,A,8,11,5,7,0,12,19,13,4,3,0,0,2.9,3.1,2.54
1819,02/09/2018,Barcelona,Huesca,8,2,H,3,2,H,31,7,15,3,9,4,6,12,1,2,0,0,1.08,11.0,29.0
1819,02/09/2018,Betis,Sevilla,1,0,H,0,0,D,11,8,3,2,5,8,15,17,3,6,0,1,2.8,3.5,2.45
1819,02/09/2018,Levante,Valencia,2,2,D,2,1,H,13,18,4,5,3,5,14,10,4,2,1,0,3.75,3.4,2.0
1819,14/09/2018,Huesca,Vallecano,0,1,A,0,1,A,14,14,4,2,6,3,16,18,2,1,0,0,2.14,3.5,3.4
1819,15/09/2018,Ath Bilbao,Real Madrid,1,1,D,1,0,H,11,16,3,6,1,2,18,6,6,2,0,0,6.0,4.33,1.53
1819,15/09/2018,Ath Madrid,Eibar,1,1,D,0,0,D,18,12,9,3,14,3,5,21,2,2,0,0,1.36,4.33,12.0
1819,15/09/2018,Sociedad,Barcelona,1,2,A,1,0,H,8,12,5,6,1,6,18,8,1,1,0,0,7.0,5.25,1.4
1819,15/09/2018,Valencia,Betis,0,0,D,0,0,D,12,11,2,6,5,4,22,9,6,3,0,0,1.75,3.75,4.75
1819,16/09/2018,Espanol,Levante,1,0,H,0,0,D,22,16,9,4,5,4,17,13,1,2,0,0,1.72,3.6,5.25
1819,16/09/2018,Leganes,Villarreal,0,1,A,0,0,D,16,9,3,3,6,1,16,9,4,3,0,0,3.0,3.1,2.54
1819,16/09/2018,Sevilla,Getafe,0,2,A,0,2,A,15,10,1,5,7,1,10,22,3,6,0,0,1.55,4.0,7.0
1819,16/09/2018,Valladolid,Alaves,0,1,A,0,0,D,15,10,5,4,7,2,9,12,3,2,0,0,2.2,3.1,3.6
1819,17/09/2018,Girona,Celta,3,2,H,2,1,H,11,20,6,7,3,1,15,11,1,3,0,1,2.4,3.3,3.0
1819,21/09/2018,Huesca,Sociedad,0,1,A,0,0,D,13,7,3,1,7,5,16,12,5,3,0,2,3.6,3.4,2.1
1819,22/09/2018,Celta,Valladolid,3,3,D,2,1,H,12,14,5,4,7,8,9,11,2,2,0,0,1.75,3.5,5.25
1819,22/09/2018,Eibar,Leganes,1,0,H,0,0,D,14,4,3,2,5,2,16,17,1,1,0,0,2.04,3.2,4.0
1819,22/09/2018,Getafe,Ath Madrid,0,2,A,0,1,A,11,7,2,4,1,5,12,15,1,2,1,0,5.0,3.3,1.8
1819,22/09/2018,Real Madrid,Espanol,1,0,H,1,0,H,19,10,5,3,8,3,5,16,2,2,0,0,1.18,7.0,15.0
1819,22/09/2018,Vallecano,Alaves,1,5,A,1,2,A,13,11,4,7,8,4,14,12,1,2,1,0,2.04,3.4,3.6
1819,23/09/2018,Barcelona,Girona,2,2,D,1,1,D,22,7,11,6,8,2,9,16,3,5,1,0,1.08,11.0,21.0
1819,23/09/2018,Betis,Ath Bilbao,2,2,D,0,2,A,15,7,3,4,6,1,13,20,2,7,0,1,2.14,3.3,3.6
1819,23/09/2018,Levante,Sevilla,2,6,A,1,4,A,19,20,10,9,8,4,5,18,1,1,0,0,3.5,3.6,2.04
1819,23/09/2018,Villarreal,Valencia,0,0,D,0,0,D,11,12,1,2,8,6,12,12,4,1,0,1,2.25,3.25,3.3
1819,25/09/2018,Ath Madrid,Huesca,3,0,H,3,0,H,17,8,5,1,4,3,1,14,0,2,0,0,1.22,6.0,15.0
1819,25/09/2018,Espanol,Eibar,1,0,H,0,0,D,9,8,5,1,4,3,8,8,2,2,0,0,1.9,3.3,4.5
1819,25/09/2018,Sociedad,Vallecano,2,2,D,1,2,A,16,11,6,6,8,5,12,18,4,3,0,0,1.61,4.0,5.5
1819,26/09/2018,Ath Bilbao,Villarreal,0,3,A,0,0,D,12,19,2,6,6,4,3,14,1,1,0,0,2.25,3.3,3.3
1819,26/09/2018,Leganes,Barcelona,2,1,H,0,1,A,10,9,6,5,4,5,15,11,4,2,0,0,12.0,6.0,1.25
1819,26/09/2018,Sevilla,Real Madrid,3,0,H,3,0,H,16,21,7,3,5,6,16,12,3,4,0,0,4.33,4.2,1.72
1819,26/09/2018,Valencia,Celta,1,1,D,1,0,H,14,9,5,3,0,2,18,7,1,3,0,0,1.66,4.0,4.75
1819,27/09/2018,Alaves,Getafe,1,1,D,0,0,D,15,13,2,5,5,7,8,22,4,2,0,0,2.8,3.0,2.75
1819,27/09/2018,Girona,Betis,0,1,A,0,0,D,8,14,2,6,5,1,17,14,1,3,0,0,2.5,3.3,2.87
1819,27/09/2018,Valladolid,Levante,2,1,H,0,0,D,20,9,6,4,8,6,17,10,1,4,0,1,2.04,3.5,3.6
1819,28/09/2018,Vallecano,Espanol,2,2,D,1,2,A,11,12,5,5,5,3,13,16,3,3,0,0,2.8,3.3,2.6
1819,29/09/2018,Barcelona,Ath Bilbao,1,1,D,0,1,A,20,8,8,2,4,3,9,18,3,3,0,0,1.16,7.5,17.0
1819,29/09/2018,Eibar,Sevilla,1,3,A,0,0,D,15,7,2,5,6,3,16,9,2,3,0,0,3.3,3.4,2.2
1819,29/09/2018,Real Madrid,Ath Madrid,0,0,D,0,0,D,15,8,6,3,8,6,7,17,3,4,0,0,2.0,3.5,3.75
1819,29/09/2018,Sociedad,Valencia,0,1,A,0,1,A,10,9,5,2,3,0,13,18,3,5,0,0,2.2,3.4,3.2
1819,30/09/2018,Betis,Leganes,1,0,H,0,0,D,17,11,4,5,7,1,7,10,0,4,0,0,1.64,3.8,5.5
1819,30/09/2018,Huesca,Girona,1,1,D,0,1,A,13,14,6,4,5,5,14,14,4,2,0,0,2.5,3.3,2.9
1819,30/09/2018,Levante,Alaves,2,1,H,2,1,H,14,14,4,2,9,4,22,19,7,1,0,0,2.14,3.5,3.3
1819,30/09/2018,Villarreal,Valladolid,0,1,A,0,0,D,27,9,7,3,7,2,17,12,3,3,0,0,1.53,4.0,6.5
1819,01/10/2018,Celta,Getafe,1,1,D,1,0,H,8,12,2,4,3,9,13,15,2,2,0,0,2.0,3.5,3.8
1819,05/10/2018,Ath Bilbao,Sociedad,1,3,A,1,1,D,13,6,5,3,11,0,15,19,6,5,0,0,2.04,3.4,3.8
1819,06/10/2018,Alaves,Real Madrid,1,0,H,0,0,D,8,13,4,6,4,3,20,10,1,0,0,0,9.0,4.75,1.36
1819,06/10/2018,Getafe,Levante,0,1,A,0,0,D,15,12,4,3,10,2,17,18,4,5,1,0,1.72,3.6,5.25
1819,06/10/2018,Girona,Eibar,2,3,A,2,2,D,10,12,3,4,4,9,9,17,3,6,0,0,2.1,3.2,3.8
1819,06/10/2018,Leganes,Vallecano,1,0,H,1,0,H,13,6,4,2,6,4,12,12,1,4,0,1,2.0,3.3,4.0
1819,07/10/2018,Ath Madrid,Betis,1,0,H,0,0,D,13,5,5,0,6,4,16,10,5,3,0,0,1.44,4.0,9.0
1819,07/10/2018,Espanol,Villarreal,3,1,H,1,1,D,28,13,12,6,10,3,13,8,3,2,0,0,2.25,3.2,3.4
1819,07/10/2018,Sevilla,Celta,2,1,H,1,0,H,12,13,3,5,8,8,14,9,3,4,0,1,1.53,4.33,6.0
1819,07/10/2018,Valencia,Barcelona,1,1,D,1,1,D,10,10,3,5,5,2,11,6,2,2,0,0,4.75,4.2,1.64
1819,07/10/2018,Valladolid,Huesca,1,0,H,1,0,H,9,11,3,1,6,2,9,13,1,2,0,0,1.9,3.5,4.2
1819,19/10/2018,Celta,Alaves,0,1,A,0,0,D,19,9,9,2,6,2,9,12,2,3,0,0,1.66,4.0,5.0
1819,20/10/2018,Barcelona,Sevilla,4,2,H,2,0,H,23,19,9,7,5,7,10,16,0,1,0,0,1.33,6.0,7.5
1819,20/10/2018,Real Madrid,Levante,1,2,A,0,2,A,34,6,12,2,15,1,10,19,1,2,0,0,1.14,8.5,19.0
1819,20/10/2018,Valencia,Leganes,1,1,D,0,0,D,18,7,4,5,10,1,9,13,1,2,0,0,1.5,4.0,7.5
1819,20/10/2018,Villarreal,Ath Madrid,1,1,D,0,0,D,18,15,6,4,8,7,16,9,3,1,0,0,3.8,3.1,2.14
1819,21/10/2018,Betis,Valladolid,0,1,A,0,1,A,20,6,4,2,9,6,7,10,0,4,0,0,1.61,3.8,6.0
1819,21/10/2018,Eibar,Ath Bilbao,1,1,D,1,1,D,18,6,6,3,8,2,7,13,2,3,0,0,2.7,3.2,2.75
1819,21/10/2018,Huesca,Espanol,0,2,A,0,1,A,10,6,2,2,6,4,21,14,3,3,0,0,3.5,3.3,2.14
1819,21/10/2018,Vallecano,Getafe,1,2,A,0,0,D,10,5,3,2,6,2,14,25,5,5,1,0,2.9,3.3,2.5
1819,22/10/2018,Sociedad,Girona,0,0,D,0,0,D,14,12,8,2,7,6,14,15,3,1,0,0,1.72,3.75,5.0
1819,24/10/2018,Vallecano,Ath Bilbao,1,1,D,1,0,H,11,12,3,4,5,4,14,9,1,1,0,0,3.3,3.3,2.25
1819,26/10/2018,Valladolid,Espanol,1,1,D,0,1,A,15,11,2,4,5,2,16,16,4,2,0,0,3.4,3.1,2.25
1819,27/10/2018,Ath Bilbao,Valencia,0,0,D,0,0,D,13,11,2,3,5,2,25,22,2,5,0,0,2.5,3.3,2.87
1819,27/10/2018,Ath Madrid,Sociedad,2,0,H,1,0,H,14,7,4,0,10,1,10,7,2,1,0,0,1.53,3.8,7.5
1819,27/10/2018,Celta,Eibar,4,0,H,2,0,H,10,17,6,5,2,8,9,8,0,0,0,0,2.14,3.3,3.6
1819,27/10/2018,Girona,Vallecano,2,1,H,2,0,H,14,14,6,5,4,7,11,16,1,3,1,0,1.85,3.5,4.5
1819,27/10/2018,Levante,Leganes,2,0,H,1,0,H,9,21,4,6,3,2,12,14,2,2,0,0,2.1,3.25,3.75
1819,28/10/2018,Alaves,Villarreal,2,1,H,0,1,A,19,9,6,2,8,4,9,11,1,1,0,0,3.0,3.2,2.5
1819,28/10/2018,Barcelona,Real Madrid,5,1,H,2,0,H,13,15,8,4,4,2,17,14,2,2,0,0,1.95,3.8,3.6
1819,28/10/2018,Getafe,Betis,2,0,H,0,0,D,16,7,7,3,5,4,9,14,1,2,0,0,2.4,3.1,3.25
1819,28/10/2018,Sevilla,Huesca,2,1,H,0,0,D,15,11,4,2,4,2,9,14,2,3,0,0,1.22,6.5,13.0
1819,03/11/2018,Leganes,Ath Madrid,1,1,D,0,0,D,8,9,3,4,4,7,18,12,4,2,0,0,5.75,3.4,1.72
1819,03/11/2018,Real Madrid,Valladolid,2,0,H,0,0,D,16,12,7,2,8,6,14,7,1,0,0,0,1.16,8.0,15.0
1819,03/11/2018,Valencia,Girona,0,1,A,0,0,D,27,5,9,3,11,2,14,13,4,4,0,0,1.5,4.0,7.5
1819,03/11/2018,Vallecano,Barcelona,2,3,A,1,1,D,11,9,5,5,3,1,23,11,4,2,0,0,9.5,6.0,1.28
1819,04/11/2018,Betis,Celta,3,3,D,1,0,H,14,14,6,7,4,4,12,11,4,2,0,0,1.8,3.8,4.5
1819,04/11/2018,Eibar,Alaves,2,1,H,0,1,A,23,9,8,3,13,1,11,7,4,0,1,1,2.04,3.3,3.9
1819,04/11/2018,Huesca,Getafe,1,1,D,0,0,D,18,8,7,2,10,2,18,13,5,3,0,0,3.6,3.3,2.1
1819,04/11/2018,Sociedad,Sevilla,0,0,D,0,0,D,10,8,1,1,7,7,8,17,1,3,0,0,2.75,3.5,2.45
1819,04/11/2018,Villarreal,Levante,1,1,D,0,0,D,23,13,4,2,5,4,14,10,3,3,0,0,1.55,4.0,6.0
1819,05/11/2018,Espanol,Ath Bilbao,1,0,H,1,0,H,8,10,3,2,2,1,15,13,1,3,0,0,2.0,3.3,4.0
1819,09/11/2018,Levante,Sociedad,1,3,A,1,0,H,17,15,2,4,6,4,17,12,6,1,0,0,2.62,3.4,2.62
1819,10/11/2018,Ath Madrid,Ath Bilbao,3,2,H,0,1,A,9,6,3,5,12,2,8,15,5,4,0,1,1.44,4.0,9.0
1819,10/11/2018,Getafe,Valencia,0,1,A,0,0,D,17,7,3,3,6,4,23,8,3,3,1,0,2.75,3.1,2.75
1819,10/11/2018,Girona,Leganes,0,0,D,0,0,D,5,10,0,1,0,6,13,13,1,4,0,0,2.04,3.2,3.75
1819,10/11/2018,Valladolid,Eibar,0,0,D,0,0,D,9,16,1,6,4,4,16,15,2,4,0,1,2.3,3.3,3.25
1819,11/11/2018,Alaves,Huesca,2,1,H,1,1,D,13,9,5,2,5,4,20,13,3,4,0,0,1.8,3.6,4.33
1819,11/11/2018,Barcelona,Betis,3,4,A,0,2,A,20,15,5,8,10,5,13,11,4,2,1,0,1.18,7.0,13.0
1819,11/11/2018,Celta,Real Madrid,2,4,A,0,1,A,15,14,4,5,5,1,19,13,4,2,1,0,5.0,4.5,1.55
1819,11/11/2018,Sevilla,Espanol,2,1,H,0,1,A,23,15,10,7,6,3,18,10,4,2,0,0,1.75,3.6,4.5
1819,11/11/2018,Vallecano,Villarreal,2,2,D,1,1,D,15,11,7,5,8,4,7,12,1,3,0,1,3.1,3.4,2.25
1819,23/11/2018,Leganes,Alaves,1,0,H,1,0,H,13,7,6,2,5,3,10,13,2,4,0,0,2.2,3.1,3.6
1819,24/11/2018,Ath Madrid,Barcelona,1,1,D,0,0,D,3,8,1,2,2,8,19,12,5,3,0,0,3.0,3.3,2.37
1819,24/11/2018,Eibar,Real Madrid,3,0,H,1,0,H,14,9,8,3,5,4,17,8,2,1,0,0,6.0,4.33,1.53
1819,24/11/2018,Huesca,Levante,2,2,D,1,1,D,32,5,12,3,7,2,11,8,4,3,1,0,2.25,3.4,3.25
1819,24/11/2018,Valencia,Vallecano,3,0,H,1,0,H,13,13,10,3,6,5,15,14,2,4,0,1,1.44,4.5,7.5
1819,25/11/2018,Ath Bilbao,Getafe,1,1,D,0,0,D,8,15,4,2,2,2,10,12,5,4,0,0,2.04,3.3,3.9
1819,25/11/2018,Espanol,Girona,1,3,A,0,2,A,18,16,10,11,8,3,16,14,3,4,0,0,1.66,3.6,5.75
1819,25/11/2018,Sevilla,Valladolid,1,0,H,1,0,H,17,13,9,5,8,6,15,15,3,3,0,0,1.4,4.75,8.0
1819,25/11/2018,Villarreal,Betis,2,1,H,0,0,D,13,13,8,6,5,4,15,13,2,1,0,0,2.14,3.4,3.4
1819,26/11/2018,Sociedad,Celta,2,1,H,1,0,H,15,6,8,2,6,2,12,14,2,2,0,0,1.85,3.75,4.2
1819,30/11/2018,Vallecano,Eibar,1,0,H,0,0,D,5,13,2,5,1,4,15,12,5,3,0,0,3.1,3.3,2.3
1819,01/12/2018,Celta,Huesca,2,0,H,1,0,H,12,8,5,3,4,4,14,14,2,3,0,0,1.64,4.0,5.0
1819,01/12/2018,Getafe,Espanol,3,0,H,0,0,D,14,8,5,2,7,4,17,16,3,2,0,0,2.4,2.87,3.4
1819,01/12/2018,Real Madrid,Valencia,2,0,H,1,0,H,13,7,3,2,2,2,11,10,1,3,0,0,1.44,4.75,7.0
1819,01/12/2018,Valladolid,Leganes,2,4,A,0,2,A,20,14,6,5,6,5,5,13,0,3,0,0,2.37,3.1,3.3
1819,02/12/2018,Alaves,Sevilla,1,1,D,1,0,H,11,14,3,3,2,5,21,14,3,3,0,0,3.6,3.6,2.0
1819,02/12/2018,Barcelona,Villarreal,2,0,H,1,0,H,16,12,7,2,11,1,9,17,2,4,0,0,1.25,6.5,11.0
1819,02/12/2018,Betis,Sociedad,1,0,H,1,0,H,6,6,4,4,6,4,18,18,4,2,0,0,2.2,3.3,3.4
1819,02/12/2018,Girona,Ath Madrid,1,1,D,1,0,H,13,17,3,3,2,9,8,16,0,5,0,0,5.5,3.4,1.75
1819,03/12/2018,Levante,Ath Bilbao,3,0,H,1,0,H,17,12,7,3,2,6,11,15,3,5,0,1,2.75,3.4,2.54
1819,07/12/2018,Leganes,Getafe,1,1,D,0,1,A,17,6,5,2,7,2,12,13,1,2,1,0,2.62,2.9,3.0
1819,08/12/2018,Ath Madrid,Alaves,3,0,H,1,0,H,12,13,5,3,5,5,20,15,5,4,0,0,1.36,4.5,10.0
1819,08/12/2018,Espanol,Barcelona,0,4,A,0,3,A,15,17,3,9,11,4,16,10,1,0,0,0,6.5,4.33,1.5
1819,08/12/2018,Valencia,Sevilla,1,1,D,0,0,D,16,11,6,3,6,4,13,17,0,4,0,0,2.2,3.5,3.2
1819,08/12/2018,Villarreal,Celta,2,3,A,0,1,A,13,14,3,7,6,1,12,10,3,3,0,0,1.72,3.8,4.75
1819,09/12/2018,Betis,Vallecano,2,0,H,0,0,D,8,12,3,3,2,9,13,20,2,3,0,0,1.53,4.33,6.0
1819,09/12/2018,Eibar,Levante,4,4,D,1,2,A,32,14,7,5,12,3,11,7,2,2,0,0,1.75,3.8,4.5
1819,09/12/2018,Huesca,Real Madrid,0,1,A,0,1,A,11,5,4,4,11,6,12,10,2,2,0,0,10.0,5.5,1.3
1819,09/12/2018,Sociedad,Valladolid,1,2,A,0,1,A,23,10,5,6,11,6,9,16,2,2,0,0,1.61,3.6,6.5
1819,10/12/2018,Ath Bilbao,Girona,1,0,H,0,0,D,25,3,10,1,11,0,17,15,3,1,0,0,1.95,3.4,4.0
1819,14/12/2018,Celta,Leganes,0,0,D,0,0,D,15,5,2,2,10,0,11,11,3,3,0,0,1.85,3.5,4.33
1819,15/12/2018,Eibar,Valencia,1,1,D,0,1,A,18,11,6,4,4,2,11,15,0,1,0,0,2.7,3.2,2.7
1819,15/12/2018,Getafe,Sociedad,1,0,H,1,0,H,9,9,2,4,2,3,24,14,3,4,0,0,2.25,3.1,3.5
1819,15/12/2018,Real Madrid,Vallecano,1,0,H,1,0,H,9,11,4,3,4,4,15,18,0,3,0,0,1.14,9.0,15.0
1819,15/12/2018,Valladolid,Ath Madrid,2,3,A,0,2,A,8,14,2,5,9,3,16,13,4,1,0,0,5.75,3.4,1.72
1819,16/12/2018,Espanol,Betis,1,3,A,1,1,D,10,12,3,5,0,4,23,10,3,4,0,0,2.4,3.3,3.0
1819,16/12/2018,Huesca,Villarreal,2,2,D,1,0,H,30,10,13,5,13,2,12,11,4,5,0,1,3.5,3.2,2.14
1819,16/12/2018,Levante,Barcelona,0,5,A,0,2,A,20,16,6,9,15,3,12,9,2,3,1,0,9.0,6.5,1.25
1819,16/12/2018,Sevilla,Girona,2,0,H,0,0,D,17,8,5,2,5,3,18,12,2,1,0,0,1.44,4.5,7.0
1819,17/12/2018,Alaves,Ath Bilbao,0,0,D,0,0,D,11,6,2,3,5,3,16,13,2,2,0,0,3.0,3.2,2.5
1819,21/12/2018,Girona,Getafe,1,1,D,0,0,D,12,5,4,2,4,1,9,13,1,2,0,0,2.62,3.0,2.9
1819,21/12/2018,Sociedad,Alaves,0,1,A,0,1,A,18,9,4,3,10,1,14,11,2,4,0,0,1.75,3.5,5.0
1819,22/12/2018,Ath Bilbao,Valladolid,1,1,D,1,0,H,8,5,3,2,3,1,25,12,3,2,0,0,1.75,3.4,5.0
1819,22/12/2018,Ath Madrid,Espanol,1,0,H,0,0,D,8,18,5,4,5,9,16,13,1,1,0,0,1.4,4.0,10.0
1819,22/12/2018,Barcelona,Celta,2,0,H,2,0,H,9,11,5,1,4,6,14,15,0,1,0,0,1.12,9.0,21.0
1819,22/12/2018,Betis,Eibar,1,1,D,1,0,H,4,15,2,4,4,11,11,13,2,4,0,0,1.8,3.75,4.5
1819,23/12/2018,Leganes,Sevilla,1,1,D,1,0,H,13,8,4,2,3,6,14,9,3,3,0,1,3.4,3.2,2.25
1819,23/12/2018,Valencia,Huesca,2,1,H,1,0,H,19,11,8,4,12,5,14,15,7,4,0,0,1.4,4.75,8.0
1819,23/12/2018,Vallecano,Levante,2,1,H,1,0,H,18,12,8,7,3,5,13,10,2,2,0,0,2.1,3.6,3.4
1819,03/01/2019,Villarreal,Real Madrid,2,2,D,1,2,A,12,14,4,7,6,4,12,13,2,2,0,0,3.8,3.8,1.85
1819,04/01/2019,Espanol,Leganes,1,0,H,1,0,H,12,10,1,2,3,6,10,17,2,5,0,1,2.0,3.3,4.2
1819,04/01/2019,Levante,Girona,2,2,D,0,1,A,19,9,8,2,8,2,18,16,3,1,1,0,2.15,3.5,3.3
1819,05/01/2019,Alaves,Valencia,2,1,H,2,1,H,14,14,5,2,2,6,10,13,3,3,0,0,3.1,3.1,2.4
1819,05/01/2019,Huesca,Betis,2,1,H,0,0,D,11,7,6,1,4,6,21,7,3,2,0,0,3.2,3.5,2.2
1819,05/01/2019,Valladolid,Vallecano,0,1,A,0,1,A,12,9,5,5,9,5,16,23,0,3,0,0,2.1,3.4,3.6
1819,06/01/2019,Eibar,Villarreal,0,0,D,0,0,D,24,7,6,4,13,1,12,17,0,2,0,0,2.1,3.25,3.5
1819,06/01/2019,Getafe,Barcelona,1,2,A,1,2,A,10,12,2,8,4,4,23,12,4,3,0,0,8.0,5.25,1.36
1819,06/01/2019,Real Madrid,Sociedad,0,2,A,0,1,A,28,12,8,4,10,4,13,13,5,1,1,0,1.33,6.0,7.5
1819,06/01/2019,Sevilla,Ath Madrid,1,1,D,1,1,D,15,12,5,7,4,5,15,11,5,7,0,0,2.8,3.1,2.7
1819,07/01/2019,Celta,Ath Bilbao,1,2,A,1,1,D,17,8,3,4,3,2,16,21,2,5,0,0,2.4,3.3,3.0
1819,11/01/2019,Vallecano,Celta,4,2,H,2,2,D,11,13,8,4,7,5,12,8,4,1,0,0,2.5,3.4,2.8
1819,12/01/2019,Girona,Alaves,1,1,D,1,0,H,9,15,4,4,6,3,21,14,4,2,0,0,2.1,3.1,4.0
1819,12/01/2019,Leganes,Huesca,1,0,H,0,0,D,14,9,7,3,4,4,11,9,3,3,0,0,1.95,3.25,4.33
1819,12/01/2019,Valencia,Valladolid,1,1,D,0,0,D,17,6,5,1,7,0,15,18,2,5,0,0,1.53,4.0,7.0
1819,12/01/2019,Villarreal,Getafe,1,2,A,0,0,D,17,9,6,4,6,1,14,13,5,3,0,0,2.15,3.1,3.8
1819,13/01/2019,Ath Bilbao,Sevilla,2,0,H,1,0,H,10,10,3,4,7,6,14,14,4,3,0,0,2.75,3.2,2.7
1819,13/01/2019,Ath Madrid,Levante,1,0,H,0,0,D,19,7,5,2,5,2,9,17,0,3,0,0,1.25,6.0,12.0
1819,13/01/2019,Barcelona,Eibar,3,0,H,1,0,H,7,15,6,2,2,3,10,12,2,1,0,0,1.12,9.0,21.0
1819,13/01/2019,Betis,Real Madrid,1,2,A,0,1,A,9,14,2,5,6,5,9,13,2,3,0,0,3.25,3.75,2.1
1819,14/01/2019,Sociedad,Espanol,3,2,H,2,2,D,9,21,4,2,7,3,15,12,7,4,1,0,2.0,3.3,4.0
1819,18/01/2019,Getafe,Alaves,4,0,H,1,0,H,12,6,5,0,4,2,17,18,0,4,0,0,2.0,3.1,4.5
1819,19/01/2019,Celta,Valencia,1,2,A,1,0,H,12,13,4,8,4,6,18,12,4,3,0,0,3.1,3.2,2.4
1819,19/01/2019,Huesca,Ath Madrid,0,3,A,0,1,A,14,15,3,8,6,5,15,13,2,2,0,0,5.75,3.6,1.66
1819,19/01/2019,Real Madrid,Sevilla,2,0,H,0,0,D,23,4,6,1,7,4,9,14,2,3,0,0,1.7,4.2,4.5
1819,20/01/2019,Barcelona,Leganes,3,1,H,1,0,H,15,5,7,2,5,1,12,18,3,3,0,0,1.12,9.0,21.0
1819,20/01/2019,Betis,Girona,3,2,H,1,2,A,12,8,5,5,7,2,9,12,2,4,0,0,1.61,3.75,6.0
1819,20/01/2019,Levante,Valladolid,2,0,H,1,0,H,13,13,4,3,3,2,12,18,6,5,0,0,2.1,3.5,3.5
1819,20/01/2019,Vallecano,Sociedad,2,2,D,2,1,H,11,10,4,4,2,9,14,10,2,1,0,0,2.87,3.3,2.5
1819,20/01/2019,Villarreal,Ath Bilbao,1,1,D,0,1,A,3,9,1,2,1,3,17,13,4,1,0,0,2.2,3.3,3.4
1819,21/01/2019,Eibar,Espanol,3,0,H,1,0,H,16,6,9,0,6,2,16,10,2,5,0,0,2.1,3.1,4.0
1819,26/01/2019,Ath Madrid,Getafe,2,0,H,2,0,H,10,6,6,2,3,6,11,26,2,7,0,2,1.53,3.6,8.0
1819,26/01/2019,Leganes,Eibar,2,2,D,0,2,A,9,5,3,2,4,5,15,14,2,3,0,0,2.62,3.0,3.0
1819,26/01/2019,Sevilla,Levante,5,0,H,0,0,D,23,7,9,0,5,8,15,13,2,1,0,0,1.53,4.33,6.0
1819,26/01/2019,Valencia,Villarreal,3,0,H,1,0,H,18,14,9,5,7,4,13,8,1,3,0,0,1.83,3.6,4.5
1819,27/01/2019,Ath Bilbao,Betis,1,0,H,1,0,H,11,8,2,2,6,4,20,6,4,2,1,0,2.1,3.3,3.5
1819,27/01/2019,Espanol,Real Madrid,2,4,A,1,3,A,13,16,6,9,1,6,15,17,3,4,0,1,4.2,4.0,1.8
1819,27/01/2019,Girona,Barcelona,0,2,A,0,1,A,13,15,5,7,3,8,18,12,5,3,1,0,10.0,5.25,1.33
1819,27/01/2019,Sociedad,Huesca,0,0,D,0,0,D,8,8,1,1,5,2,9,22,0,3,0,0,1.61,3.75,6.0
1819,27/01/2019,Valladolid,Celta,2,1,H,0,1,A,19,8,7,3,7,5,15,19,2,5,0,1,2.4,3.2,3.1
1819,28/01/2019,Alaves,Vallecano,0,1,A,0,0,D,16,14,1,3,7,4,14,19,2,5,0,0,2.15,3.3,3.5
1819,01/02/2019,Huesca,Valladolid,4,0,H,1,0,H,11,9,7,4,7,7,17,11,6,2,0,0,2.25,3.25,3.4
1819,02/02/2019,Barcelona,Valencia,2,2,D,1,2,A,20,14,8,7,9,1,8,5,3,0,0,0,1.28,5.75,11.0
1819,02/02/2019,Celta,Sevilla,1,0,H,0,0,D,10,13,4,2,4,9,13,12,4,4,0,0,3.75,3.6,2.0
1819,02/02/2019,Levante,Getafe,0,0,D,0,0,D,8,9,4,2,5,5,7,15,4,3,0,0,2.37,3.25,3.1
1819,02/02/2019,Sociedad,Ath Bilbao,2,1,H,2,0,H,6,8,2,5,3,3,17,13,1,1,0,0,2.35,3.3,3.2
1819,03/02/2019,Betis,Ath Madrid,1,0,H,0,0,D,7,13,3,1,1,7,7,21,4,3,0,0,4.0,3.2,2.05
1819,03/02/2019,Eibar,Girona,3,0,H,1,0,H,17,6,5,2,8,5,12,9,2,1,0,0,1.66,4.0,5.0
1819,03/02/2019,Real Madrid,Alaves,3,0,H,1,0,H,22,8,8,1,7,2,10,12,0,3,0,0,1.2,6.5,15.0
1819,03/02/2019,Villarreal,Espanol,2,2,D,1,0,H,14,17,5,2,3,2,22,16,4,5,0,0,1.8,3.75,4.5
1819,04/02/2019,Vallecano,Leganes,1,2,A,0,1,A,15,13,6,4,5,6,19,10,6,4,0,1,2.37,3.25,3.1
1819,08/02/2019,Valladolid,Villarreal,0,0,D,0,0,D,9,7,3,3,8,3,13,18,3,2,0,0,2.9,3.3,2.4
1819,09/02/2019,Ath Madrid,Real Madrid,1,3,A,1,2,A,11,11,2,4,3,4,21,16,7,3,1,0,2.37,3.25,3.1
1819,09/02/2019,Espanol,Vallecano,2,1,H,0,1,A,15,9,5,3,6,2,11,19,0,2,0,0,1.8,3.6,4.5
1819,09/02/2019,Getafe,Celta,3,1,H,1,1,D,12,13,6,3,4,3,16,13,3,3,0,1,1.9,3.4,4.33
1819,09/02/2019,Girona,Huesca,0,2,A,0,2,A,13,6,7,6,13,2,9,18,3,1,1,0,2.0,3.3,4.0
1819,10/02/2019,Ath Bilbao,Barcelona,0,0,D,0,0,D,13,10,5,2,6,4,23,10,4,2,1,0,4.75,4.0,1.7
1819,10/02/2019,Leganes,Betis,3,0,H,2,0,H,16,3,4,1,4,4,22,11,4,2,0,1,2.25,3.0,3.6
1819,10/02/2019,Sevilla,Eibar,2,2,D,0,1,A,13,8,4,4,9,7,11,7,4,2,1,0,1.66,4.0,5.0
1819,10/02/2019,Valencia,Sociedad,0,0,D,0,0,D,10,8,4,1,7,5,11,18,2,4,0,0,1.83,3.5,4.5
1819,11/02/2019,Alaves,Levante,2,0,H,1,0,H,16,8,4,0,3,10,14,18,3,2,0,0,2.0,3.4,3.8
1819,15/02/2019,Eibar,Getafe,2,2,D,0,1,A,11,7,6,4,3,3,12,12,2,2,0,0,2.05,3.3,4.0
1819,16/02/2019,Barcelona,Valladolid,1,0,H,1,0,H,20,10,8,0,3,5,12,18,1,3,0,0,1.14,9.0,15.0
1819,16/02/2019,Celta,Levante,1,4,A,0,2,A,14,14,7,8,5,7,12,17,1,1,1,0,1.8,3.8,4.5
1819,16/02/2019,Sociedad,Leganes,3,0,H,0,0,D,15,8,6,3,4,1,10,16,4,2,0,0,2.05,3.1,4.2
1819,16/02/2019,Vallecano,Ath Madrid,0,1,A,0,0,D,12,4,6,3,4,6,10,14,0,1,0,0,6.0,3.5,1.65
1819,17/02/2019,Betis,Alaves,1,1,D,1,1,D,19,6,10,3,6,3,10,12,4,1,0,0,1.72,3.5,5.25
1819,17/02/2019,Real Madrid,Girona,1,2,A,1,0,H,19,14,7,6,7,0,13,18,3,2,1,0,1.16,8.0,15.0
1819,17/02/2019,Valencia,Espanol,0,0,D,0,0,D,21,6,1,1,10,2,12,10,2,4,0,1,1.72,3.7,4.8
1819,17/02/2019,Villarreal,Sevilla,3,0,H,2,0,H,12,21,6,5,6,4,7,12,4,1,0,0,2.5,3.4,2.8
1819,18/02/2019,Huesca,Ath Bilbao,0,1,A,0,1,A,12,9,2,4,3,5,16,11,5,1,0,0,3.1,3.1,2.5
1819,22/02/2019,Espanol,Huesca,1,1,D,1,0,H,13,13,2,4,7,4,9,16,2,4,0,0,1.72,3.6,5.0
1819,23/02/2019,Alaves,Celta,0,0,D,0,0,D,17,8,4,2,3,4,15,9,2,2,0,0,2.3,3.3,3.2
1819,23/02/2019,Ath Bilbao,Eibar,1,0,H,1,0,H,9,7,4,2,10,2,10,17,3,4,0,0,2.1,3.25,3.8
1819,23/02/2019,Getafe,Vallecano,2,1,H,1,0,H,11,7,2,2,2,2,12,13,2,1,0,0,1.7,3.6,5.5
1819,23/02/2019,Sevilla,Barcelona,2,4,A,2,1,H,13,17,4,8,3,8,15,11,6,1,0,0,3.5,4.0,1.95
1819,24/02/2019,Ath Madrid,Villarreal,2,0,H,1,0,H,15,14,7,3,6,7,9,10,0,3,0,0,1.57,3.75,7.0
1819,24/02/2019,Leganes,Valencia,1,1,D,0,1,A,17,6,6,1,4,2,14,10,5,3,0,0,2.8,3.1,2.7
1819,24/02/2019,Levante,Real Madrid,1,2,A,0,1,A,11,19,2,5,4,6,17,11,5,3,1,1,5.25,4.75,1.53
1819,24/02/2019,Valladolid,Betis,0,2,A,0,1,A,10,6,2,3,13,4,10,9,1,2,0,0,2.7,3.2,2.75
1819,25/02/2019,Girona,Sociedad,0,0,D,0,0,D,10,7,3,1,3,5,26,15,4,1,0,0,2.37,3.2,3.0
1819,01/03/2019,Vallecano,Girona,0,2,A,0,1,A,9,12,3,4,7,1,17,23,3,4,1,0,2.25,3.4,3.2
1819,02/03/2019,Espanol,Valladolid,3,1,H,1,1,D,15,14,6,3,5,3,17,8,2,2,0,0,1.8,3.6,4.75
1819,02/03/2019,Huesca,Sevilla,2,1,H,1,0,H,7,12,3,5,3,12,15,16,5,4,0,0,3.8,3.6,1.95
1819,02/03/2019,Real Madrid,Barcelona,0,1,A,0,1,A,17,10,3,4,8,6,16,13,3,2,0,0,2.75,3.7,2.45
1819,02/03/2019,Villarreal,Alaves,1,2,A,0,0,D,9,10,2,2,8,2,15,12,2,3,0,0,1.66,3.75,5.5
1819,03/03/2019,Betis,Getafe,1,2,A,0,2,A,6,11,2,5,4,4,14,14,2,2,0,0,2.3,3.0,3.4
1819,03/03/2019,Eibar,Celta,1,0,H,0,0,D,15,3,4,1,7,0,14,16,1,1,0,0,1.72,3.8,4.75
1819,03/03/2019,Sociedad,Ath Madrid,0,2,A,0,2,A,19,8,3,3,7,3,12,17,1,4,0,1,4.0,3.25,2.05
1819,03/03/2019,Valencia,Ath Bilbao,2,0,H,0,0,D,11,4,3,1,6,2,12,13,0,3,0,0,2.0,3.3,4.0
1819,04/03/2019,Leganes,Levante,1,0,H,1,0,H,14,15,3,4,2,2,15,10,6,4,0,0,1.95,3.4,4.2
1819,08/03/2019,Ath Bilbao,Espanol,1,1,D,0,1,A,15,5,6,2,7,0,13,20,3,5,0,0,1.66,3.6,6.0
1819,09/03/2019,Alaves,Eibar,1,1,D,0,0,D,16,20,3,3,3,5,10,18,1,1,0,0,2.9,3.2,2.55
1819,09/03/2019,Ath Madrid,Leganes,1,0,H,0,0,D,13,3,4,2,4,4,9,7,2,2,0,0,1.45,4.2,10.0
1819,09/03/2019,Barcelona,Vallecano,3,1,H,1,1,D,12,8,6,1,10,4,12,17,1,2,0,0,1.16,8.0,15.0
1819,09/03/2019,Getafe,Huesca,2,1,H,0,1,A,14,8,6,1,13,1,14,17,0,4,0,0,1.61,3.6,6.5
1819,10/03/2019,Celta,Betis,0,1,A,0,0,D,7,14,1,4,4,4,17,16,3,0,0,0,2.5,3.3,2.9
1819,10/03/2019,Girona,Valencia,2,3,A,1,1,D,18,11,8,6,6,1,13,10,1,4,0,1,3.3,3.2,2.35
1819,10/03/2019,Levante,Villarreal,0,2,A,0,0,D,11,13,3,5,8,2,8,21,3,5,0,0,2.9,3.3,2.5
1819,10/03/2019,Sevilla,Sociedad,5,2,H,1,1,D,22,9,11,2,7,2,12,13,2,2,0,0,1.66,4.2,4.75
1819,10/03/2019,Valladolid,Real Madrid,1,4,A,1,1,D,10,15,2,6,5,12,14,12,1,6,0,1,5.0,4.33,1.61
1819,15/03/2019,Sociedad,Levante,1,1,D,1,0,H,22,8,7,3,5,3,10,12,2,2,0,0,1.8,3.75,4.5
1819,16/03/2019,Ath Bilbao,Ath Madrid,2,0,H,0,0,D,9,9,5,2,1,7,12,4,3,1,0,0,3.9,3.0,2.2
1819,16/03/2019,Huesca,Alaves,1,3,A,1,1,D,7,12,2,5,2,2,21,23,1,3,0,0,2.45,3.2,3.0
1819,16/03/2019,Leganes,Girona,0,2,A,0,2,A,12,8,3,4,6,2,20,6,8,1,0,0,2.15,3.2,3.7
1819,16/03/2019,Real Madrid,Celta,2,0,H,0,0,D,22,6,7,1,9,2,15,8,1,0,0,0,1.18,7.5,13.0
1819,17/03/2019,Betis,Barcelona,1,4,A,0,2,A,13,16,3,9,3,7,10,11,1,2,0,0,7.0,5.0,1.4
1819,17/03/2019,Eibar,Valladolid,1,2,A,0,0,D,15,8,3,3,5,0,16,14,4,2,0,0,1.66,3.8,5.5
1819,17/03/2019,Espanol,Sevilla,0,1,A,0,0,D,13,12,3,3,6,5,11,14,3,4,1,1,2.4,3.5,2.9
1819,17/03/2019,Valencia,Getafe,0,0,D,0,0,D,8,9,2,1,3,5,13,22,3,4,0,0,2.0,3.3,4.0
1819,17/03/2019,Villarreal,Vallecano,3,1,H,0,1,A,12,7,4,3,5,5,16,7,3,3,0,0,1.6,4.2,5.5
1819,29/03/2019,Girona,Ath Bilbao,1,2,A,1,0,H,6,8,2,5,3,3,18,18,2,4,0,0,2.87,2.9,2.7
1819,30/03/2019,Alaves,Ath Madrid,0,4,A,0,2,A,14,11,4,7,9,2,10,8,2,2,0,0,5.5,3.4,1.75
1819,30/03/2019,Barcelona,Espanol,2,0,H,0,0,D,13,4,3,2,5,2,15,14,0,4,0,0,1.14,9.0,15.0
1819,30/03/2019,Celta,Villarreal,3,2,H,0,2,A,15,14,6,5,10,7,7,8,1,3,0,0,2.5,3.3,2.75
1819,30/03/2019,Getafe,Leganes,0,2,A,0,0,D,9,7,2,3,3,4,15,25,5,2,0,0,1.95,3.2,4.5
1819,31/03/2019,Levante,Eibar,2,2,D,2,1,H,7,17,2,3,6,7,9,12,2,1,0,0,2.8,3.5,2.45
1819,31/03/2019,Real Madrid,Huesca,3,2,H,1,1,D,16,16,8,3,4,6,9,18,1,3,0,0,1.11,10.0,19.0
1819,31/03/2019,Sevilla,Valencia,0,1,A,0,1,A,17,4,5,2,5,3,18,9,3,1,0,0,2.05,3.5,3.6
1819,31/03/2019,Valladolid,Sociedad,1,1,D,1,0,H,10,10,4,1,7,5,18,8,4,1,0,0,2.6,3.0,3.0
1819,31/03/2019,Vallecano,Betis,1,1,D,1,0,H,20,7,5,2,6,3,22,9,5,3,1,0,2.75,3.5,2.45
1819,02/04/2019,Ath Madrid,Girona,2,0,H,0,0,D,17,12,7,4,4,3,10,9,1,0,0,0,1.36,4.5,10.0
1819,02/04/2019,Espanol,Getafe,1,1,D,0,0,D,9,13,3,3,5,4,14,14,4,3,0,0,2.4,3.1,3.2
1819,02/04/2019,Villarreal,Barcelona,4,4,D,1,2,A,16,15,9,9,5,3,10,10,4,7,1,0,5.25,4.2,1.61
1819,03/04/2019,Ath Bilbao,Levante,3,2,H,2,0,H,14,11,7,6,2,9,13,14,3,7,0,1,1.61,4.0,5.5
1819,03/04/2019,Eibar,Vallecano,2,1,H,0,1,A,12,13,6,2,2,6,14,9,2,2,0,0,1.61,4.0,5.5
1819,03/04/2019,Huesca,Celta,3,3,D,0,1,A,23,11,7,5,5,0,9,12,2,3,0,0,2.62,3.5,2.62
1819,03/04/2019,Valencia,Real Madrid,2,1,H,1,0,H,11,15,4,5,6,6,9,13,2,2,0,0,3.3,3.6,2.15
1819,04/04/2019,Leganes,Valladolid,1,0,H,0,0,D,18,8,2,1,3,4,13,11,2,2,0,0,1.9,3.3,4.5
1819,04/04/2019,Sevilla,Alaves,2,0,H,1,0,H,18,5,5,2,11,1,13,19,3,4,0,0,1.5,4.33,6.5
1819,04/04/2019,Sociedad,Betis,2,1,H,1,0,H,15,11,7,6,3,6,12,13,2,3,0,0,2.25,3.3,3.3
1819,06/04/2019,Barcelona,Ath Madrid,2,0,H,0,0,D,21,9,10,2,5,1,14,12,3,4,0,1,1.75,3.6,5.0
1819,06/04/2019,Girona,Espanol,1,2,A,0,0,D,14,9,5,2,1,4,23,20,5,2,0,0,2.5,3.2,3.0
1819,06/04/2019,Real Madrid,Eibar,2,1,H,0,1,A,13,3,7,1,5,4,9,15,0,1,0,0,1.3,5.5,9.5
1819,06/04/2019,Vallecano,Valencia,2,0,H,1,0,H,15,12,5,3,4,7,17,10,2,3,0,0,4.2,3.5,1.9
1819,07/04/2019,Alaves,Leganes,1,1,D,1,0,H,6,9,1,5,3,3,17,15,6,4,0,0,2.5,3.0,3.1
1819,07/04/2019,Betis,Villarreal,2,1,H,1,1,D,17,10,7,4,4,3,15,14,4,4,0,0,2.2,3.4,3.3
1819,07/04/2019,Celta,Sociedad,3,1,H,0,1,A,11,14,4,7,2,7,16,11,2,1,0,1,2.4,3.3,3.0
1819,07/04/2019,Getafe,Ath Bilbao,1,0,H,0,0,D,6,9,2,1,1,2,16,18,2,1,0,0,2.3,3.0,3.5
1819,07/04/2019,Levante,Huesca,2,2,D,1,0,H,14,17,8,4,9,1,22,12,2,4,0,0,1.95,3.6,3.8
1819,07/04/2019,Valladolid,Sevilla,0,2,A,0,0,D,10,16,5,4,6,7,17,12,3,3,0,0,3.5,3.4,2.05
1819,13/04/2019,Ath Madrid,Celta,2,0,H,1,0,H,11,10,5,3,1,2,9,15,2,2,0,0,1.36,4.75,9.0
1819,13/04/2019,Espanol,Alaves,2,1,H,1,0,H,6,14,2,3,4,8,12,17,3,2,0,0,1.8,3.5,4.75
1819,13/04/2019,Huesca,Barcelona,0,0,D,0,0,D,6,10,1,2,6,5,18,13,1,2,0,0,4.75,4.2,1.65
1819,13/04/2019,Sevilla,Betis,3,2,H,1,0,H,11,12,5,7,5,4,18,8,6,3,0,0,1.66,4.0,5.0
1819,14/04/2019,Ath Bilbao,Vallecano,3,2,H,1,1,D,15,8,9,4,3,6,10,16,1,3,0,1,1.6,4.0,5.5
1819,14/04/2019,Girona,Villarreal,0,1,A,0,1,A,14,17,5,6,9,5,12,11,2,5,0,0,2.5,3.25,2.8
1819,14/04/2019,Sociedad,Eibar,1,1,D,1,0,H,3,17,2,2,0,3,15,18,2,2,0,0,2.2,3.5,3.25
1819,14/04/2019,Valencia,Levante,3,1,H,1,0,H,23,6,6,3,8,3,12,19,2,2,0,0,1.5,4.75,5.5
1819,14/04/2019,Valladolid,Getafe,2,2,D,1,1,D,8,8,4,3,5,3,22,18,4,4,0,1,3.2,2.9,2.55
1819,15/04/2019,Leganes,Real Madrid,1,1,D,1,0,H,5,13,2,6,1,5,11,12,0,3,0,0,5.25,4.2,1.6
1819,19/04/2019,Alaves,Valladolid,2,2,D,2,1,H,10,12,4,7,5,7,17,16,3,5,0,0,2.1,3.2,3.75
1819,20/04/2019,Barcelona,Sociedad,2,1,H,1,0,H,11,9,4,2,4,2,10,12,0,1,0,0,1.22,6.5,13.0
1819,20/04/2019,Celta,Girona,2,1,H,1,0,H,13,9,8,1,5,1,7,10,2,1,0,0,2.0,3.75,3.5
1819,20/04/2019,Eibar,Ath Madrid,0,1,A,0,0,D,10,8,2,4,5,8,11,12,3,1,0,0,3.2,3.1,2.4
1819,20/04/2019,Vallecano,Huesca,0,0,D,0,0,D,16,10,3,3,8,3,12,10,4,2,0,0,2.05,3.75,3.4
1819,21/04/2019,Betis,Valencia,1,2,A,0,1,A,23,4,7,3,8,2,19,13,4,2,0,1,3.0,3.3,2.4
1819,21/04/2019,Getafe,Sevilla,3,0,H,2,0,H,10,12,3,2,2,7,19,15,3,6,1,1,3.1,3.4,2.3
1819,21/04/2019,Levante,Espanol,2,2,D,0,1,A,19,14,5,7,12,7,13,15,4,1,1,0,2.3,3.5,3.0
1819,21/04/2019,Real Madrid,Ath Bilbao,3,0,H,0,0,D,11,5,4,3,8,2,12,16,2,4,0,0,1.45,4.33,7.0
1819,21/04/2019,Villarreal,Leganes,2,1,H,0,0,D,11,6,5,2,7,4,12,15,2,1,0,0,1.72,3.5,5.0
1819,23/04/2019,Alaves,Barcelona,0,2,A,0,0,D,6,17,1,6,1,4,19,9,3,1,0,0,7.0,5.25,1.4
1819,23/04/2019,Huesca,Eibar,2,0,H,0,0,D,12,7,3,4,5,3,16,16,4,1,0,0,2.25,3.5,3.0
1819,23/04/2019,Valladolid,Girona,1,0,H,0,0,D,13,6,4,0,4,5,17,17,4,3,0,0,2.3,3.3,3.25
1819,24/04/2019,Ath Madrid,Valencia,3,2,H,1,1,D,14,12,6,4,4,3,17,13,3,3,0,0,1.8,3.4,5.0
1819,24/04/2019,Espanol,Celta,1,1,D,1,0,H,9,18,2,6,2,4,15,8,2,1,0,0,2.3,3.2,3.3
1819,24/04/2019,Leganes,Ath Bilbao,0,1,A,0,1,A,14,3,1,2,2,2,11,14,1,2,0,0,2.6,3.0,3.0
1819,24/04/2019,Levante,Betis,4,0,H,2,0,H,6,7,4,2,3,4,9,15,2,3,0,0,2.5,3.3,2.9
1819,25/04/2019,Getafe,Real Madrid,0,0,D,0,0,D,9,12,5,4,9,4,17,15,1,3,0,0,4.0,3.6,1.9
1819,25/04/2019,Sevilla,Vallecano,5,0,H,0,0,D,20,12,11,3,5,4,10,12,1,2,0,0,1.33,5.25,9.0
1819,25/04/2019,Sociedad,Villarreal,0,1,A,0,0,D,13,8,2,3,6,3,11,14,2,3,0,0,2.5,3.3,2.9
1819,27/04/2019,Ath Bilbao,Alaves,1,1,D,1,1,D,14,14,1,3,8,6,14,17,2,2,0,0,1.45,4.2,7.5
1819,27/04/2019,Ath Madrid,Valladolid,1,0,H,0,0,D,13,13,1,4,7,3,19,12,4,2,0,0,1.33,4.5,11.0
1819,27/04/2019,Barcelona,Levante,1,0,H,0,0,D,23,7,12,2,6,3,17,12,4,3,0,0,1.2,6.5,11.0
1819,27/04/2019,Leganes,Celta,0,0,D,0,0,D,10,8,1,2,4,6,16,5,1,0,0,0,2.37,3.25,3.0
1819,28/04/2019,Girona,Sevilla,1,0,H,0,0,D,15,7,4,3,3,6,12,18,1,2,0,1,4.75,3.4,1.75
1819,28/04/2019,Sociedad,Getafe,2,1,H,1,0,H,11,12,7,3,5,7,17,14,2,3,0,0,2.6,3.2,2.75
1819,28/04/2019,Valencia,Eibar,0,1,A,0,0,D,7,13,2,3,7,6,10,15,2,3,0,0,1.45,4.5,6.5
1819,28/04/2019,Vallecano,Real Madrid,1,0,H,1,0,H,11,9,5,3,6,6,21,6,2,5,0,0,7.5,4.5,1.4
1819,28/04/2019,Villarreal,Huesca,1,1,D,1,0,H,18,13,5,3,0,1,15,22,5,2,0,1,1.55,4.0,6.5
1819,29/04/2019,Betis,Espanol,1,1,D,0,1,A,18,10,5,4,6,5,16,14,4,1,0,0,2.3,3.3,3.1
1819,03/05/2019,Sevilla,Leganes,0,3,A,0,2,A,7,9,3,5,3,4,11,23,1,1,0,0,1.36,5.0,8.5
1819,04/05/2019,Alaves,Sociedad,0,1,A,0,1,A,17,9,6,2,13,6,7,22,1,3,0,0,2.5,3.25,2.9
1819,04/05/2019,Celta,Barcelona,2,0,H,0,0,D,14,8,6,1,11,1,11,13,1,5,0,0,2.15,3.6,3.25
1819,04/05/2019,Espanol,Ath Madrid,3,0,H,1,0,H,11,11,5,3,5,6,11,14,1,2,0,0,3.8,3.3,2.05
1819,04/05/2019,Levante,Vallecano,4,1,H,2,0,H,12,20,7,3,6,7,17,12,1,4,0,1,1.95,3.8,3.6
1819,05/05/2019,Eibar,Betis,1,0,H,1,0,H,14,12,6,6,11,8,15,7,3,2,0,0,2.05,3.6,3.5
1819,05/05/2019,Getafe,Girona,2,0,H,1,0,H,13,4,8,2,1,3,15,13,3,3,0,1,1.8,3.6,4.75
1819,05/05/2019,Huesca,Valencia,2,6,A,0,5,A,24,10,4,7,7,5,10,9,2,1,0,0,3.5,3.4,2.1
1819,05/05/2019,Real Madrid,Villarreal,3,2,H,2,1,H,24,15,11,7,8,3,9,14,0,3,0,0,1.7,4.0,4.75
1819,05/05/2019,Valladolid,Ath Bilbao,1,0,H,1,0,H,10,9,3,1,1,3,14,22,5,5,0,0,2.9,3.1,2.6
1819,12/05/2019,Ath Bilbao,Celta,3,1,H,3,0,H,8,3,4,2,3,3,16,18,4,3,0,0,2.0,3.5,3.8
1819,12/05/2019,Ath Madrid,Sevilla,1,1,D,1,0,H,11,11,4,5,5,7,16,12,5,4,0,0,2.1,3.6,3.4
1819,12/05/2019,Barcelona,Getafe,2,0,H,1,0,H,13,11,8,0,4,3,9,13,1,3,0,0,1.53,4.33,6.0
1819,12/05/2019,Betis,Huesca,2,1,H,1,0,H,17,9,8,2,9,2,13,15,3,5,0,1,1.55,4.33,5.75
1819,12/05/2019,Girona,Levante,1,2,A,0,0,D,14,6,6,2,9,2,15,16,2,3,0,0,2.15,3.6,3.2
1819,12/05/2019,Leganes,Espanol,0,2,A,0,1,A,11,19,4,7,6,7,11,9,4,1,1,0,2.4,3.5,2.87
1819,12/05/2019,Sociedad,Real Madrid,3,1,H,1,1,D,19,6,7,2,5,2,12,16,1,2,0,1,3.0,3.6,2.3
1819,12/05/2019,Valencia,Alaves,3,1,H,2,1,H,10,10,4,3,7,4,9,14,2,5,0,0,1.4,5.0,7.5
1819,12/05/2019,Vallecano,Valladolid,1,2,A,0,1,A,16,9,5,6,4,2,13,9,2,2,0,0,4.2,3.8,1.8
1819,12/05/2019,Villarreal,Eibar,1,0,H,0,0,D,11,4,3,0,5,3,11,14,3,2,0,0,1.6,4.33,5.0
1819,18/05/2019,Alaves,Girona,2,1,H,1,0,H,14,13,7,4,6,4,13,10,3,3,0,0,2.25,3.5,3.1
1819,18/05/2019,Celta,Vallecano,2,2,D,0,1,A,14,11,5,4,3,5,16,20,0,4,0,0,1.45,4.75,7.0
1819,18/05/2019,Espanol,Sociedad,2,0,H,0,0,D,9,11,4,2,4,5,13,13,3,2,0,0,2.3,3.6,3.0
1819,18/05/2019,Getafe,Villarreal,2,2,D,1,1,D,17,8,5,4,6,4,16,20,2,3,0,0,1.61,4.2,5.25
1819,18/05/2019,Huesca,Leganes,2,1,H,0,1,A,15,9,6,1,4,6,18,12,0,1,0,0,2.5,3.75,2.62
1819,18/05/2019,Levante,Ath Madrid,2,2,D,2,0,H,17,17,7,8,6,4,9,7,0,1,0,1,3.75,3.75,1.95
1819,18/05/2019,Sevilla,Ath Bilbao,2,0,H,1,0,H,9,9,3,1,2,3,14,19,4,2,0,0,1.85,3.4,4.33
1819,18/05/2019,Valladolid,Valencia,0,2,A,0,1,A,19,9,4,6,8,2,12,10,1,3,0,0,8.0,5.25,1.36
1819,19/05/2019,Eibar,Barcelona,2,2,D,2,2,D,15,6,8,3,5,2,11,3,4,2,0,0,3.6,4.0,1.9
1819,19/05/2019,Real Madrid,Betis,0,2,A,0,0,D,9,9,2,7,1,5,17,11,4,1,0,0,1.57,4.75,4.75
1920,16/08/2019,Ath Bilbao,Barcelona,1,0,H,0,0,D,11,11,5,2,3,8,14,9,1,1,0,0,5.25,3.8,1.65
1920,17/08/2019,Celta,Real Madrid,1,3,A,0,1,A,7,17,4,11,6,4,17,12,5,2,0,1,4.75,4.2,1.65
1920,17/08/2019,Valencia,Sociedad,1,1,D,0,0,D,14,12,6,3,3,3,13,14,4,4,1,0,1.66,3.75,5.5
1920,17/08/2019,Mallorca,Eibar,2,1,H,1,0,H,16,11,4,5,9,3,13,14,2,3,0,0,2.8,3.2,2.6
1920,17/08/2019,Leganes,Osasuna,0,1,A,0,0,D,13,4,2,2,8,0,17,11,1,4,1,0,2.0,3.2,4.2
1920,17/08/2019,Villarreal,Granada,4,4,D,1,1,D,12,14,7,7,2,7,10,16,3,1,0,0,1.6,3.8,6.5
1920,18/08/2019,Alaves,Levante,1,0,H,0,0,D,9,16,2,4,2,9,18,15,2,1,0,0,2.15,3.2,3.6
1920,18/08/2019,Espanol,Sevilla,0,2,A,0,1,A,7,12,2,4,8,4,11,17,2,2,0,0,3.2,3.3,2.3
1920,18/08/2019,Betis,Valladolid,1,2,A,0,0,D,13,14,4,3,6,1,11,19,2,6,1,0,1.66,3.75,5.5
1920,18/08/2019,Ath Madrid,Getafe,1,0,H,1,0,H,5,6,5,0,3,4,19,22,3,4,1,1,1.44,4.33,8.0
1920,23/08/2019,Granada,Sevilla,0,1,A,0,0,D,12,11,0,6,6,6,13,14,1,1,0,0,3.6,3.6,1.95
1920,23/08/2019,Levante,Villarreal,2,1,H,0,1,A,16,23,4,6,7,3,5,9,1,2,0,0,2.55,3.4,2.62
1920,24/08/2019,Osasuna,Eibar,0,0,D,0,0,D,6,12,2,0,6,6,15,12,4,4,0,0,2.5,3.2,2.9
1920,24/08/2019,Real Madrid,Valladolid,1,1,D,0,0,D,22,9,4,2,4,3,12,11,2,2,0,0,1.2,6.5,13.0
1920,24/08/2019,Celta,Valencia,1,0,H,1,0,H,11,9,6,1,6,4,8,12,1,2,0,0,3.1,3.4,2.25
1920,24/08/2019,Getafe,Ath Bilbao,1,1,D,1,1,D,6,4,2,2,4,6,15,11,2,1,0,0,2.6,3.0,2.9
1920,25/08/2019,Alaves,Espanol,0,0,D,0,0,D,10,5,2,1,3,5,13,10,3,1,0,0,2.45,3.2,3.0
1920,25/08/2019,Mallorca,Sociedad,0,1,A,0,0,D,12,12,4,4,5,5,16,12,1,2,0,0,3.1,3.1,2.4
1920,25/08/2019,Leganes,Ath Madrid,0,1,A,0,0,D,10,6,4,4,9,4,12,13,4,5,0,0,4.75,3.4,1.8
1920,25/08/2019,Barcelona,Betis,5,2,H,1,1,D,20,4,7,3,11,0,14,12,1,1,0,0,1.25,6.0,10.0
1920,30/08/2019,Sevilla,Celta,1,1,D,0,0,D,19,2,5,1,9,1,16,9,4,2,0,0,1.53,4.2,6.0
1920,30/08/2019,Ath Bilbao,Sociedad,2,0,H,2,0,H,15,2,5,2,3,0,17,17,2,3,0,0,2.3,3.1,3.4
1920,31/08/2019,Osasuna,Barcelona,2,2,D,1,0,H,15,8,5,4,3,2,16,9,3,4,0,0,10.0,5.0,1.33
1920,31/08/2019,Getafe,Alaves,1,1,D,1,1,D,15,5,1,1,4,2,11,17,3,1,0,0,1.72,3.4,5.75
1920,31/08/2019,Levante,Valladolid,2,0,H,0,0,D,16,15,3,4,6,6,9,10,2,2,0,0,2.0,3.5,3.75
1920,31/08/2019,Betis,Leganes,2,1,H,0,0,D,17,19,5,7,11,8,14,15,4,2,0,0,1.95,3.3,4.33
1920,01/09/2019,Valencia,Mallorca,2,0,H,1,0,H,9,12,4,1,7,4,6,19,0,1,0,0,1.4,4.75,8.0
1920,01/09/2019,Ath Madrid,Eibar,3,2,H,1,2,A,7,6,3,2,1,1,9,15,0,3,0,0,1.4,4.0,10.0
1920,01/09/2019,Espanol,Granada,0,3,A,0,1,A,15,14,3,6,8,6,6,13,2,3,0,0,2.05,3.3,4.0
1920,01/09/2019,Villarreal,Real Madrid,2,2,D,1,1,D,10,17,5,5,1,8,8,14,1,4,0,1,3.6,4.0,1.9
1920,13/09/2019,Mallorca,Ath Bilbao,0,0,D,0,0,D,10,11,1,5,4,6,15,18,4,3,0,0,3.4,3.1,2.3
1920,14/09/2019,Real Madrid,Levante,3,2,H,3,0,H,25,8,11,3,9,6,13,10,2,2,0,0,1.22,6.5,12.0
1920,14/09/2019,Leganes,Villarreal,0,3,A,0,2,A,10,8,4,4,8,6,14,11,2,0,0,0,2.45,3.1,3.2
1920,14/09/2019,Sociedad,Ath Madrid,2,0,H,0,0,D,14,12,5,2,5,5,13,10,1,3,0,0,3.8,3.2,2.1
1920,14/09/2019,Barcelona,Valencia,5,2,H,2,1,H,17,9,10,3,2,5,11,11,1,4,0,0,1.44,4.75,7.0
1920,15/09/2019,Eibar,Espanol,1,2,A,0,0,D,11,7,1,2,7,2,14,16,2,4,0,1,2.0,3.3,4.0
1920,15/09/2019,Alaves,Sevilla,0,1,A,0,1,A,7,19,0,7,2,6,13,7,5,5,0,0,4.2,3.2,2.0
1920,15/09/2019,Celta,Granada,0,2,A,0,1,A,4,13,0,3,3,5,11,13,4,2,2,0,1.83,3.6,4.33
1920,15/09/2019,Valladolid,Osasuna,1,1,D,0,0,D,11,17,1,5,10,6,9,10,0,1,0,0,2.15,3.1,3.75
1920,15/09/2019,Betis,Getafe,1,1,D,0,1,A,7,12,2,4,5,6,11,28,3,6,2,0,2.2,3.1,3.6
1920,20/09/2019,Osasuna,Betis,0,0,D,0,0,D,12,7,6,2,9,4,15,9,1,2,0,0,2.25,3.3,3.25
1920,21/09/2019,Villarreal,Valladolid,2,0,H,0,0,D,18,7,6,3,4,8,12,8,2,1,0,0,1.61,4.0,5.5
1920,21/09/2019,Levante,Eibar,0,0,D,0,0,D,13,18,4,4,6,7,9,11,0,2,0,0,2.3,3.4,3.1
1920,21/09/2019,Ath Madrid,Celta,0,0,D,0,0,D,20,6,5,3,13,3,14,12,3,5,0,0,1.4,4.33,9.5
1920,21/09/2019,Granada,Barcelona,2,0,H,1,0,H,9,8,4,1,4,5,22,12,3,2,0,0,10.0,5.5,1.3
1920,22/09/2019,Getafe,Mallorca,4,2,H,2,0,H,14,7,5,3,7,2,15,17,4,5,0,0,1.85,3.25,5.0
1920,22/09/2019,Espanol,Sociedad,1,3,A,0,2,A,17,10,3,5,5,7,7,12,1,0,0,0,3.0,3.25,2.45
1920,22/09/2019,Valencia,Leganes,1,1,D,1,1,D,13,13,4,4,6,6,14,23,3,4,0,0,1.61,4.0,5.5
1920,22/09/2019,Ath Bilbao,Alaves,2,0,H,1,0,H,13,5,4,1,3,2,11,19,1,4,0,0,1.61,3.75,6.0
1920,22/09/2019,Sevilla,Real Madrid,0,1,A,0,0,D,9,7,0,4,9,6,16,15,3,2,0,0,2.62,3.8,2.45
1920,24/09/2019,Valladolid,Granada,1,1,D,1,1,D,9,6,5,4,6,3,21,18,3,2,0,0,2.25,3.3,3.3
1920,24/09/2019,Betis,Levante,3,1,H,1,1,D,17,17,5,3,5,2,11,11,2,2,0,0,1.95,3.6,3.8
1920,24/09/2019,Barcelona,Villarreal,2,1,H,2,1,H,8,11,4,3,6,5,4,13,4,2,0,0,1.3,5.75,9.0
1920,25/09/2019,Leganes,Ath Bilbao,1,1,D,0,0,D,7,9,3,2,4,5,11,12,0,1,0,0,2.87,3.0,2.7
1920,25/09/2019,Mallorca,Ath Madrid,0,2,A,0,1,A,9,13,3,3,8,5,8,15,3,5,0,1,6.5,3.6,1.61
1920,25/09/2019,Valencia,Getafe,3,3,D,3,1,H,8,18,4,5,4,5,14,26,1,4,0,0,1.9,3.3,4.5
1920,25/09/2019,Real Madrid,Osasuna,2,0,H,1,0,H,15,4,4,0,7,5,13,13,2,2,0,0,1.2,7.0,13.0
1920,26/09/2019,Eibar,Sevilla,3,2,H,0,2,A,11,7,4,4,3,1,11,19,3,4,0,0,3.5,3.3,2.15
1920,26/09/2019,Celta,Espanol,1,1,D,0,0,D,14,10,3,4,6,4,5,17,2,5,0,0,1.85,3.5,4.2
1920,26/09/2019,Sociedad,Alaves,3,0,H,3,0,H,21,5,7,0,5,3,7,20,1,4,0,1,1.6,4.0,5.5
1920,27/09/2019,Villarreal,Betis,5,1,H,1,0,H,17,11,10,6,3,7,13,8,2,2,0,0,1.83,3.8,4.1
1920,28/09/2019,Ath Bilbao,Valencia,0,1,A,0,1,A,14,10,3,6,7,7,14,12,2,5,0,0,2.2,3.2,3.5
1920,28/09/2019,Getafe,Barcelona,0,2,A,0,1,A,8,10,1,6,4,1,23,17,4,4,0,1,4.33,3.4,1.85
1920,28/09/2019,Granada,Leganes,1,0,H,1,0,H,11,15,4,6,8,3,19,12,3,4,0,0,2.4,3.1,3.2
1920,28/09/2019,Ath Madrid,Real Madrid,0,0,D,0,0,D,7,14,1,3,5,7,14,14,1,2,0,0,2.4,3.3,3.0
1920,29/09/2019,Espanol,Valladolid,0,2,A,0,1,A,16,9,2,6,4,3,16,13,2,0,1,0,1.95,3.3,4.2
1920,29/09/2019,Eibar,Celta,2,0,H,0,0,D,7,3,3,2,6,5,17,15,3,1,0,0,2.25,3.3,3.25
1920,29/09/2019,Alaves,Mallorca,2,0,H,0,0,D,11,5,6,1,4,1,16,14,2,3,0,0,2.2,3.2,3.5
1920,29/09/2019,Levante,Osasuna,1,1,D,1,0,H,10,18,5,3,7,11,12,12,6,0,1,0,2.15,3.5,3.4
1920,29/09/2019,Sevilla,Sociedad,3,2,H,1,1,D,21,5,8,2,7,0,9,8,1,1,0,0,1.85,3.5,4.5
1920,04/10/2019,Betis,Eibar,1,1,D,0,1,A,12,8,3,2,4,9,7,20,3,6,0,1,2.0,3.6,3.7
1920,05/10/2019,Leganes,Levante,1,2,A,0,1,A,25,9,10,2,9,4,10,7,3,5,0,0,2.0,3.5,3.8
1920,05/10/2019,Real Madrid,Granada,4,2,H,2,0,H,17,8,10,5,6,2,12,18,4,5,0,0,1.28,5.75,10.0
1920,05/10/2019,Valencia,Alaves,2,1,H,1,0,H,11,10,3,4,4,7,7,16,1,3,0,0,1.5,4.33,6.5
1920,05/10/2019,Osasuna,Villarreal,2,1,H,0,1,A,16,16,4,5,8,9,9,15,2,2,0,0,3.0,3.3,2.4
1920,06/10/2019,Mallorca,Espanol,2,0,H,1,0,H,9,11,3,3,2,4,11,11,1,3,0,0,2.45,3.25,3.0
1920,06/10/2019,Celta,Ath Bilbao,1,0,H,0,0,D,13,6,2,2,6,4,8,20,0,5,0,0,2.7,3.0,2.87
1920,06/10/2019,Valladolid,Ath Madrid,0,0,D,0,0,D,5,9,1,1,3,4,15,14,6,4,0,0,5.5,3.5,1.72
1920,06/10/2019,Sociedad,Getafe,1,2,A,1,0,H,6,13,3,4,3,8,20,15,2,4,1,0,1.9,3.4,4.33
1920,06/10/2019,Barcelona,Sevilla,4,0,H,3,0,H,15,16,8,4,7,10,10,12,5,3,2,0,1.5,4.2,7.0
1920,18/10/2019,Granada,Osasuna,1,0,H,1,0,H,6,9,2,4,2,7,12,17,2,8,0,1,2.4,3.0,3.3
1920,19/10/2019,Eibar,Barcelona,0,3,A,0,1,A,5,9,0,4,2,2,16,14,5,0,0,0,6.0,4.5,1.5
1920,19/10/2019,Ath Madrid,Valencia,1,1,D,1,0,H,15,11,4,3,2,4,18,12,2,1,0,1,1.57,3.75,6.0
1920,19/10/2019,Getafe,Leganes,2,0,H,0,0,D,5,7,2,3,2,3,17,19,1,4,0,0,1.85,3.1,5.25
1920,19/10/2019,Mallorca,Real Madrid,1,0,H,1,0,H,5,13,1,4,4,4,20,14,2,2,0,1,6.5,4.0,1.53
1920,20/10/2019,Alaves,Celta,2,0,H,0,0,D,12,14,5,2,4,6,20,5,5,1,0,0,2.9,3.0,2.62
1920,20/10/2019,Sociedad,Betis,3,1,H,2,1,H,18,12,6,5,11,2,23,12,4,2,0,0,1.75,3.9,4.33
1920,20/10/2019,Espanol,Villarreal,0,1,A,0,1,A,18,11,3,5,7,3,11,14,2,1,0,0,3.0,3.3,2.37
1920,20/10/2019,Ath Bilbao,Valladolid,1,1,D,1,0,H,19,9,7,3,3,4,12,9,2,3,0,0,1.66,3.4,6.5
1920,20/10/2019,Sevilla,Levante,1,0,H,0,0,D,19,12,5,5,9,1,10,11,2,2,0,0,1.33,5.5,9.0
1920,25/10/2019,Villarreal,Alaves,4,1,H,1,0,H,19,12,8,3,5,4,12,13,2,2,0,0,1.5,4.2,6.5
1920,26/10/2019,Leganes,Mallorca,1,0,H,1,0,H,9,9,3,1,4,5,19,13,4,1,0,0,1.8,3.4,4.75
1920,26/10/2019,Valladolid,Eibar,2,0,H,2,0,H,8,13,4,3,4,3,13,13,1,2,0,0,2.4,3.1,3.2
1920,26/10/2019,Ath Madrid,Ath Bilbao,2,0,H,1,0,H,9,9,2,2,7,7,14,9,2,2,0,0,1.7,3.5,5.75
1920,27/10/2019,Celta,Sociedad,0,1,A,0,0,D,9,9,1,4,3,7,20,12,5,2,1,0,3.0,3.25,2.45
1920,27/10/2019,Granada,Betis,1,0,H,0,0,D,13,12,3,0,4,2,13,8,3,4,0,0,2.45,3.2,3.0
1920,27/10/2019,Levante,Espanol,0,1,A,0,1,A,7,14,3,3,4,7,10,26,2,3,0,0,2.1,3.5,3.5
1920,27/10/2019,Sevilla,Getafe,2,0,H,0,0,D,15,9,8,4,5,0,13,18,2,3,0,0,1.72,3.3,6.0
1920,27/10/2019,Osasuna,Valencia,3,1,H,1,1,D,21,2,13,1,6,1,8,6,1,1,0,1,2.87,3.1,2.62
1920,29/10/2019,Alaves,Ath Madrid,1,1,D,0,0,D,11,9,3,3,4,1,23,16,3,3,0,0,6.0,3.5,1.65
1920,29/10/2019,Barcelona,Valladolid,5,1,H,3,1,H,18,9,9,1,6,3,9,14,0,3,0,0,1.12,9.5,17.0
1920,30/10/2019,Sociedad,Levante,1,2,A,0,2,A,17,13,5,4,9,5,15,12,3,4,0,0,1.5,4.5,6.5
1920,30/10/2019,Valencia,Sevilla,1,1,D,0,1,A,10,10,3,1,6,1,12,17,6,3,0,0,2.8,3.4,2.5
1920,30/10/2019,Ath Bilbao,Espanol,3,0,H,2,0,H,7,12,5,5,2,5,13,20,0,1,0,0,1.9,3.25,4.5
1920,30/10/2019,Betis,Celta,2,1,H,1,0,H,11,18,7,5,5,10,16,17,6,1,0,0,2.0,3.5,3.75
1920,30/10/2019,Real Madrid,Leganes,5,0,H,3,0,H,22,5,11,3,8,3,12,12,1,5,0,0,1.25,6.0,12.0
1920,31/10/2019,Eibar,Villarreal,2,1,H,0,0,D,25,9,8,2,8,3,11,12,0,3,0,0,2.62,3.5,2.5
1920,31/10/2019,Mallorca,Osasuna,2,2,D,1,0,H,11,12,3,4,5,3,9,10,1,5,0,0,2.45,3.0,3.1
1920,31/10/2019,Getafe,Granada,3,1,H,2,0,H,8,10,3,2,2,3,22,11,5,5,0,0,1.9,3.3,4.33
1920,02/11/2019,Espanol,Valencia,1,2,A,1,0,H,13,11,4,4,5,5,20,14,0,1,0,0,2.7,3.3,2.62
1920,02/11/2019,Levante,Barcelona,3,1,H,0,1,A,9,9,3,6,2,3,9,13,1,6,0,0,9.0,5.75,1.3
1920,02/11/2019,Sevilla,Ath Madrid,1,1,D,1,0,H,11,14,4,5,6,3,13,16,4,3,0,0,2.3,3.2,3.3
1920,02/11/2019,Real Madrid,Betis,0,0,D,0,0,D,22,13,7,3,9,4,11,17,2,4,0,0,1.25,6.5,9.0
1920,03/11/2019,Valladolid,Mallorca,3,0,H,1,0,H,12,14,6,1,2,6,15,20,5,4,0,0,2.0,3.3,4.0
1920,03/11/2019,Villarreal,Ath Bilbao,0,0,D,0,0,D,11,12,7,2,8,10,10,8,2,0,0,0,1.83,3.6,4.5
1920,03/11/2019,Osasuna,Alaves,4,2,H,3,1,H,19,11,6,3,5,1,13,17,4,2,0,0,2.1,2.87,4.5
1920,03/11/2019,Celta,Getafe,0,1,A,0,1,A,6,9,2,5,4,4,6,19,3,3,0,0,2.5,3.1,3.0
1920,03/11/2019,Leganes,Eibar,1,2,A,1,1,D,12,7,5,4,4,2,16,20,5,2,0,0,2.25,3.1,3.5
1920,03/11/2019,Granada,Sociedad,1,2,A,1,1,D,5,9,3,5,4,5,15,19,0,2,0,0,3.1,3.2,2.45
1920,08/11/2019,Sociedad,Leganes,1,1,D,0,0,D,11,6,5,2,5,1,14,23,2,6,0,1,1.8,3.4,5.0
1920,09/11/2019,Alaves,Valladolid,3,0,H,2,0,H,14,7,5,1,6,7,21,16,3,3,0,0,2.4,3.0,3.4
1920,09/11/2019,Valencia,Granada,2,0,H,0,0,D,12,13,4,1,7,4,11,15,0,5,0,0,1.61,3.7,6.0
1920,09/11/2019,Eibar,Real Madrid,0,4,A,0,3,A,14,10,1,5,6,6,9,8,0,0,0,0,5.25,4.33,1.6
1920,09/11/2019,Barcelona,Celta,4,1,H,2,1,H,10,6,7,5,2,2,18,14,4,1,0,0,1.2,7.5,13.0
1920,10/11/2019,Mallorca,Villarreal,3,1,H,2,0,H,5,22,3,6,2,5,18,17,2,3,0,0,3.6,3.25,2.15
1920,10/11/2019,Ath Bilbao,Levante,2,1,H,0,1,A,23,8,10,2,10,2,13,13,3,2,0,0,1.66,3.75,5.5
1920,10/11/2019,Ath Madrid,Espanol,3,1,H,1,1,D,18,10,5,1,9,2,12,15,2,2,0,0,1.45,4.0,8.5
1920,10/11/2019,Getafe,Osasuna,0,0,D,0,0,D,14,4,5,1,9,5,15,16,2,4,0,0,1.95,3.3,4.33
1920,10/11/2019,Betis,Sevilla,1,2,A,1,1,D,18,10,5,6,4,4,12,21,2,3,0,0,3.6,3.4,2.1
1920,22/11/2019,Levante,Mallorca,2,1,H,0,0,D,13,14,6,7,3,6,13,9,2,1,1,0,1.75,3.75,4.5
1920,23/11/2019,Leganes,Barcelona,1,2,A,1,0,H,9,11,4,6,0,6,11,10,1,2,0,0,7.0,4.75,1.44
1920,23/11/2019,Betis,Valencia,2,1,H,1,1,D,25,9,8,3,5,4,9,13,2,2,0,0,2.4,3.4,2.9
1920,23/11/2019,Granada,Ath Madrid,1,1,D,0,0,D,9,17,3,6,2,8,15,17,4,3,0,0,5.0,3.1,1.9
1920,23/11/2019,Real Madrid,Sociedad,3,1,H,1,1,D,18,11,10,6,4,3,13,16,1,1,0,0,1.36,5.5,7.5
1920,24/11/2019,Espanol,Getafe,1,1,D,1,1,D,6,11,2,2,3,3,23,12,3,4,0,0,2.87,2.9,2.8
1920,24/11/2019,Osasuna,Ath Bilbao,1,2,A,0,1,A,12,6,7,4,6,2,15,18,4,3,0,0,2.6,3.0,3.0
1920,24/11/2019,Eibar,Alaves,0,2,A,0,0,D,18,7,7,5,10,4,10,11,1,2,0,0,1.85,3.5,4.5
1920,24/11/2019,Villarreal,Celta,1,3,A,0,0,D,15,11,1,7,8,2,12,9,3,2,0,0,1.8,3.8,4.33
1920,24/11/2019,Valladolid,Sevilla,0,1,A,0,1,A,7,4,1,2,8,4,13,25,3,4,0,1,4.0,3.5,1.9
1920,29/11/2019,Celta,Valladolid,0,0,D,0,0,D,13,9,5,2,11,3,11,17,1,3,0,0,1.75,3.6,5.0
1920,30/11/2019,Alaves,Real Madrid,1,2,A,0,0,D,8,12,2,6,9,4,18,11,4,3,0,0,6.5,4.33,1.5
1920,30/11/2019,Sociedad,Eibar,4,1,H,1,1,D,15,10,4,4,6,4,8,12,1,4,0,0,1.72,3.75,5.0
1920,30/11/2019,Mallorca,Betis,1,2,A,0,2,A,16,15,7,3,6,5,16,15,3,4,1,0,2.62,3.3,2.7
1920,30/11/2019,Valencia,Villarreal,2,1,H,0,0,D,13,24,7,7,6,4,8,17,1,2,0,0,2.4,3.4,2.9
1920,01/12/2019,Sevilla,Leganes,1,0,H,0,0,D,16,8,8,4,7,4,16,7,3,3,0,0,1.57,4.0,6.0
1920,01/12/2019,Ath Bilbao,Granada,2,0,H,1,0,H,14,8,6,1,4,3,18,16,5,4,0,0,1.7,3.4,6.0
1920,01/12/2019,Espanol,Osasuna,2,4,A,1,0,H,12,14,5,8,2,3,12,16,1,4,0,1,2.15,3.1,3.6
1920,01/12/2019,Getafe,Levante,4,0,H,0,0,D,13,7,9,2,6,7,22,14,2,3,0,0,1.66,3.8,5.5
1920,01/12/2019,Ath Madrid,Barcelona,0,1,A,0,0,D,17,13,2,5,9,5,12,11,4,4,0,0,2.75,3.3,2.6
1920,06/12/2019,Villarreal,Ath Madrid,0,0,D,0,0,D,23,18,3,3,11,6,11,11,2,1,0,0,3.6,3.3,2.15
1920,07/12/2019,Real Madrid,Espanol,2,0,H,1,0,H,18,6,8,2,5,3,15,13,4,3,1,0,1.2,7.0,13.0
1920,07/12/2019,Granada,Alaves,3,0,H,0,0,D,13,5,3,1,6,2,16,17,1,4,0,2,2.2,3.1,3.5
1920,07/12/2019,Levante,Valencia,2,4,A,2,1,H,17,10,6,6,5,1,14,14,5,2,1,0,3.2,3.75,2.15
1920,07/12/2019,Barcelona,Mallorca,5,2,H,4,1,H,25,9,17,3,8,4,15,10,3,0,0,0,1.14,8.5,17.0
1920,08/12/2019,Eibar,Getafe,0,1,A,0,0,D,6,6,3,3,3,8,16,15,5,1,1,0,2.8,2.9,2.87
1920,08/12/2019,Betis,Ath Bilbao,3,2,H,3,1,H,10,8,6,2,3,3,12,15,2,4,0,0,2.3,3.2,3.3
1920,08/12/2019,Valladolid,Sociedad,0,0,D,0,0,D,4,16,2,2,1,4,10,19,0,4,0,0,3.2,3.2,2.37
1920,08/12/2019,Leganes,Celta,3,2,H,2,0,H,15,9,8,4,3,5,14,11,3,3,0,1,2.37,3.1,3.3
1920,08/12/2019,Osasuna,Sevilla,1,1,D,1,1,D,10,13,1,4,2,6,22,10,4,4,1,0,3.4,3.3,2.2
1920,13/12/2019,Alaves,Leganes,1,1,D,0,1,A,10,3,3,1,2,0,14,17,2,3,0,0,2.4,3.0,3.2
1920,14/12/2019,Granada,Levante,1,2,A,0,0,D,18,13,4,6,8,6,14,12,4,3,0,0,2.0,3.6,3.8
1920,14/12/2019,Sociedad,Barcelona,2,2,D,1,1,D,19,9,5,5,8,5,7,8,0,1,0,0,5.25,4.2,1.61
1920,14/12/2019,Ath Bilbao,Eibar,0,0,D,0,0,D,8,8,3,2,6,7,7,12,3,3,0,0,1.66,3.75,5.5
1920,14/12/2019,Ath Madrid,Osasuna,2,0,H,0,0,D,19,15,9,3,6,5,16,10,2,1,0,0,1.4,4.33,10.0
1920,15/12/2019,Getafe,Valladolid,2,0,H,1,0,H,7,10,3,3,4,3,28,10,3,3,0,0,1.66,3.6,6.0
1920,15/12/2019,Celta,Mallorca,2,2,D,1,1,D,18,8,7,2,3,3,14,16,3,5,0,1,1.7,3.8,5.0
1920,15/12/2019,Espanol,Betis,2,2,D,2,1,H,16,10,4,5,7,5,26,13,4,1,0,0,2.6,3.25,2.8
1920,15/12/2019,Sevilla,Villarreal,1,2,A,0,1,A,24,9,5,3,14,2,12,11,2,0,0,0,1.66,4.0,5.0
1920,15/12/2019,Valencia,Real Madrid,1,1,D,0,0,D,9,19,6,6,1,2,11,15,1,2,0,0,3.8,3.8,1.9
1920,18/12/2019,Barcelona,Real Madrid,0,0,D,0,0,D,9,17,2,4,2,6,5,17,3,5,0,0,1.72,4.2,4.33
1920,20/12/2019,Eibar,Granada,3,0,H,2,0,H,21,12,7,1,5,5,17,13,3,3,0,0,2.1,3.25,3.8
1920,21/12/2019,Mallorca,Sevilla,0,2,A,0,1,A,8,13,1,6,3,6,15,12,6,3,0,0,5.0,4.0,1.66
1920,21/12/2019,Barcelona,Alaves,4,1,H,2,0,H,8,5,4,3,3,4,10,11,2,4,0,0,1.12,9.0,21.0
1920,21/12/2019,Villarreal,Getafe,1,0,H,0,0,D,11,7,4,0,2,5,8,18,2,5,0,1,2.2,3.25,3.5
1920,21/12/2019,Valladolid,Valencia,1,1,D,0,0,D,14,5,6,2,5,4,10,12,0,3,0,0,3.5,3.4,2.15
1920,22/12/2019,Leganes,Espanol,2,0,H,1,0,H,11,9,5,3,1,5,11,15,1,6,0,0,2.1,3.1,3.9
1920,22/12/2019,Osasuna,Sociedad,3,4,A,1,3,A,19,13,7,7,8,3,11,12,6,2,1,0,2.8,3.4,2.5
1920,22/12/2019,Betis,Ath Madrid,1,2,A,0,0,D,15,8,2,5,5,3,11,14,4,3,0,0,3.8,3.3,2.1
1920,22/12/2019,Levante,Celta,3,1,H,0,1,A,13,12,7,5,8,7,8,15,3,6,0,0,2.62,3.4,2.62
1920,22/12/2019,Real Madrid,Ath Bilbao,0,0,D,0,0,D,20,8,8,2,6,4,8,14,1,0,0,0,1.33,5.25,8.0
1920,03/01/2020,Valladolid,Leganes,2,2,D,1,2,A,14,12,5,5,4,3,16,13,3,2,0,0,2.7,2.87,3.0
1920,03/01/2020,Sevilla,Ath Bilbao,1,1,D,0,1,A,9,6,2,1,9,1,16,20,2,4,0,0,1.61,3.75,6.0
1920,04/01/2020,Valencia,Eibar,1,0,H,1,0,H,9,10,1,3,6,5,13,20,1,3,0,1,1.61,3.9,5.5
1920,04/01/2020,Getafe,Real Madrid,0,3,A,0,1,A,15,10,4,8,7,4,20,14,3,2,0,0,4.2,3.6,1.85
1920,04/01/2020,Ath Madrid,Levante,2,1,H,2,1,H,17,6,8,3,5,5,9,10,1,3,0,0,1.25,5.75,12.0
1920,04/01/2020,Espanol,Barcelona,2,2,D,1,0,H,8,14,3,7,4,5,17,11,2,2,0,1,6.5,4.75,1.45
1920,05/01/2020,Granada,Mallorca,1,0,H,1,0,H,7,17,4,5,3,4,23,11,5,1,0,0,1.95,3.4,4.2
1920,05/01/2020,Sociedad,Villarreal,1,2,A,1,0,H,10,14,2,2,7,2,16,14,5,4,0,0,1.85,3.9,3.9
1920,05/01/2020,Alaves,Betis,1,1,D,1,0,H,6,10,1,3,3,6,18,15,7,3,0,1,2.6,3.25,2.8
1920,05/01/2020,Celta,Osasuna,1,1,D,0,0,D,20,8,7,1,6,1,14,19,4,3,0,0,2.05,3.4,3.75
1920,17/01/2020,Leganes,Getafe,0,3,A,0,3,A,8,8,2,4,4,4,22,18,6,4,0,0,3.0,2.87,2.7
1920,18/01/2020,Levante,Alaves,0,1,A,0,0,D,20,14,3,6,7,6,12,20,2,4,0,0,2.05,3.4,3.75
1920,18/01/2020,Real Madrid,Sevilla,2,1,H,0,0,D,13,8,4,3,2,4,17,12,3,1,0,0,1.6,4.33,5.25
1920,18/01/2020,Osasuna,Valladolid,0,0,D,0,0,D,21,5,5,3,9,1,16,10,2,2,0,0,1.8,3.4,5.0
1920,18/01/2020,Eibar,Ath Madrid,2,0,H,1,0,H,9,12,4,4,6,7,16,14,1,2,0,0,5.25,3.3,1.8
1920,19/01/2020,Mallorca,Valencia,4,1,H,3,0,H,13,8,6,1,1,6,18,11,4,4,0,1,3.75,3.4,2.05
1920,19/01/2020,Betis,Sociedad,3,0,H,2,0,H,14,7,6,0,6,2,8,10,3,1,0,0,2.5,3.4,2.8
1920,19/01/2020,Villarreal,Espanol,1,2,A,0,1,A,21,16,5,5,4,4,15,18,1,3,0,1,1.65,3.8,5.75
1920,19/01/2020,Ath Bilbao,Celta,1,1,D,0,0,D,22,7,6,3,13,0,18,12,4,3,0,0,1.95,3.25,4.5
1920,19/01/2020,Barcelona,Granada,1,0,H,0,0,D,18,5,6,1,7,0,11,17,0,4,0,1,1.16,7.5,17.0
1920,24/01/2020,Osasuna,Levante,2,0,H,0,0,D,15,6,3,2,5,5,18,11,3,3,0,0,1.66,4.0,4.75
1920,25/01/2020,Espanol,Ath Bilbao,1,1,D,0,1,A,9,11,3,3,2,3,14,14,3,1,0,0,2.5,2.9,3.25
1920,25/01/2020,Valencia,Barcelona,2,0,H,0,0,D,8,14,6,5,2,0,13,16,1,3,0,0,5.0,4.33,1.61
1920,25/01/2020,Alaves,Villarreal,1,2,A,0,1,A,12,11,6,6,7,4,10,12,2,1,0,0,2.8,3.25,2.55
1920,25/01/2020,Sevilla,Granada,2,0,H,2,0,H,12,8,4,1,3,6,13,18,4,1,0,0,1.36,4.75,9.5
1920,26/01/2020,Ath Madrid,Leganes,0,0,D,0,0,D,14,10,3,4,7,6,10,19,2,6,0,1,1.44,4.0,9.0
1920,26/01/2020,Celta,Eibar,0,0,D,0,0,D,18,5,5,3,6,3,9,16,1,0,0,0,2.0,3.4,3.8
1920,26/01/2020,Getafe,Betis,1,0,H,0,0,D,7,8,3,1,8,4,19,12,2,4,0,1,2.05,3.3,3.8
1920,26/01/2020,Sociedad,Mallorca,3,0,H,0,0,D,14,8,5,4,7,3,15,7,0,2,0,0,1.45,4.33,7.5
1920,26/01/2020,Valladolid,Real Madrid,0,1,A,0,0,D,4,12,0,3,3,5,7,11,1,3,0,0,7.5,4.5,1.44
1920,01/02/2020,Granada,Espanol,2,1,H,1,1,D,8,22,2,4,3,9,15,17,3,3,0,0,2.7,3.1,2.8
1920,01/02/2020,Real Madrid,Ath Madrid,1,0,H,0,0,D,16,4,5,1,5,6,18,11,2,3,0,0,1.8,3.5,4.75
1920,01/02/2020,Mallorca,Valladolid,0,1,A,0,0,D,16,15,4,7,8,5,11,10,4,1,0,0,2.25,3.25,3.4
1920,01/02/2020,Valencia,Celta,1,0,H,0,0,D,9,11,5,4,4,7,14,20,6,3,0,0,1.8,3.6,4.5
1920,02/02/2020,Leganes,Sociedad,2,1,H,0,1,A,12,2,5,1,3,1,24,19,4,3,0,0,2.9,3.1,2.6
1920,02/02/2020,Eibar,Betis,1,1,D,1,1,D,8,14,3,6,2,7,15,16,2,2,0,0,2.5,3.4,2.8
1920,02/02/2020,Ath Bilbao,Getafe,0,2,A,0,1,A,8,9,2,3,5,4,11,19,2,5,0,0,2.55,2.8,3.3
1920,02/02/2020,Sevilla,Alaves,1,1,D,0,0,D,14,4,3,3,6,1,13,12,2,1,0,0,1.36,5.0,8.5
1920,02/02/2020,Villarreal,Osasuna,3,1,H,1,0,H,9,17,4,5,4,6,19,15,3,2,0,0,1.75,4.0,4.33
1920,02/02/2020,Barcelona,Levante,2,1,H,2,0,H,23,10,9,5,8,3,6,10,2,0,0,0,1.14,9.0,15.0
1920,07/02/2020,Alaves,Eibar,2,1,H,0,0,D,9,5,5,1,3,5,16,10,3,2,0,0,2.25,3.2,3.4
1920,08/02/2020,Levante,Leganes,2,0,H,2,0,H,9,12,5,4,2,2,18,15,2,3,0,0,2.5,3.25,2.87
1920,08/02/2020,Getafe,Valencia,3,0,H,0,0,D,22,5,10,0,10,0,12,6,4,4,0,1,2.0,3.3,4.0
1920,08/02/2020,Valladolid,Villarreal,1,1,D,1,0,H,8,8,1,3,2,4,14,22,3,3,0,0,3.0,3.2,2.45
1920,08/02/2020,Ath Madrid,Granada,1,0,H,1,0,H,6,10,3,2,2,3,16,19,4,6,0,0,1.4,4.2,10.0
1920,09/02/2020,Espanol,Mallorca,1,0,H,0,0,D,12,7,7,3,1,7,26,15,6,2,0,0,1.61,4.0,5.5
1920,09/02/2020,Sociedad,Ath Bilbao,2,1,H,0,0,D,14,6,4,3,4,4,7,15,2,2,0,1,2.05,3.3,3.8
1920,09/02/2020,Osasuna,Real Madrid,1,4,A,1,2,A,14,17,4,7,4,3,11,15,2,2,0,0,5.75,4.5,1.53
1920,09/02/2020,Celta,Sevilla,2,1,H,0,1,A,13,12,7,4,3,4,16,14,3,2,0,0,3.4,3.4,2.2
1920,09/02/2020,Betis,Barcelona,2,3,A,2,2,D,7,10,3,6,0,8,21,17,5,5,1,1,4.0,3.8,1.85
1920,14/02/2020,Valencia,Ath Madrid,2,2,D,1,2,A,9,8,3,3,11,4,12,16,3,3,0,0,3.4,3.1,2.3
1920,15/02/2020,Mallorca,Alaves,1,0,H,0,0,D,14,10,6,0,8,5,16,15,0,2,0,0,2.4,3.2,3.1
1920,15/02/2020,Barcelona,Getafe,2,1,H,2,0,H,12,7,5,2,2,3,12,30,3,2,0,0,1.4,4.75,8.0
1920,15/02/2020,Villarreal,Levante,2,1,H,1,0,H,14,11,6,2,5,10,15,15,3,1,0,0,1.5,4.5,6.0
1920,15/02/2020,Granada,Valladolid,2,1,H,0,0,D,11,6,5,4,10,5,19,13,3,2,0,0,2.4,3.0,3.3
1920,16/02/2020,Sevilla,Espanol,2,2,D,1,1,D,18,5,6,3,9,2,17,9,3,4,0,1,1.57,3.8,6.5
1920,16/02/2020,Leganes,Betis,0,0,D,0,0,D,11,3,1,2,4,2,15,20,5,3,0,1,2.4,3.2,3.1
1920,16/02/2020,Ath Bilbao,Osasuna,0,1,A,0,1,A,12,6,2,2,4,0,14,20,4,4,0,0,2.0,3.25,4.1
1920,16/02/2020,Real Madrid,Celta,2,2,D,0,1,A,15,5,4,3,9,3,10,10,2,2,0,0,1.28,6.0,9.0
1920,21/02/2020,Betis,Mallorca,3,3,D,2,2,D,19,11,6,4,7,1,13,12,2,1,0,0,1.45,4.6,7.0
1920,22/02/2020,Celta,Leganes,1,0,H,0,0,D,3,11,1,2,2,9,13,17,3,3,1,0,1.8,3.4,4.75
1920,22/02/2020,Barcelona,Eibar,5,0,H,3,0,H,13,12,11,5,5,5,8,19,0,2,0,0,1.2,6.5,13.0
1920,22/02/2020,Sociedad,Valencia,3,0,H,2,0,H,19,6,7,1,6,7,19,9,1,1,0,0,1.65,4.0,4.75
1920,22/02/2020,Levante,Real Madrid,1,0,H,0,0,D,8,19,2,7,3,7,16,10,1,2,0,0,6.0,5.0,1.44
1920,23/02/2020,Osasuna,Granada,0,3,A,0,3,A,14,10,1,4,6,3,19,11,3,1,0,0,1.85,3.4,4.33
1920,23/02/2020,Alaves,Ath Bilbao,2,1,H,1,1,D,4,13,4,5,2,9,17,12,4,4,0,0,2.9,3.0,2.7
1920,23/02/2020,Valladolid,Espanol,2,1,H,0,0,D,21,6,6,2,4,2,10,18,1,5,0,1,2.62,3.0,3.0
1920,23/02/2020,Getafe,Sevilla,0,3,A,0,1,A,10,8,2,5,5,3,14,17,7,3,0,0,2.3,3.1,3.4
1920,23/02/2020,Ath Madrid,Villarreal,3,1,H,1,1,D,16,10,9,4,6,1,14,6,1,2,0,0,1.65,3.75,5.5
1920,28/02/2020,Sociedad,Valladolid,1,0,H,0,0,D,13,6,4,1,8,4,15,11,1,1,0,0,1.53,4.0,7.0
1920,29/02/2020,Eibar,Levante,3,0,H,1,0,H,13,11,9,4,3,6,15,16,3,2,0,0,2.0,3.5,3.8
1920,29/02/2020,Valencia,Betis,2,1,H,0,0,D,10,14,5,5,6,7,13,9,2,3,0,0,2.15,3.4,3.4
1920,29/02/2020,Leganes,Alaves,1,1,D,0,0,D,19,8,6,4,6,4,18,18,3,3,0,0,2.0,3.1,4.33
1920,29/02/2020,Granada,Celta,0,0,D,0,0,D,14,6,0,2,6,1,14,11,3,5,0,0,2.8,3.0,2.75
1920,01/03/2020,Sevilla,Osasuna,3,2,H,2,0,H,12,14,5,4,7,1,9,14,2,2,0,1,1.45,4.33,8.0
1920,01/03/2020,Ath Bilbao,Villarreal,1,0,H,0,0,D,18,10,6,3,5,6,11,13,6,6,0,0,2.3,3.3,3.2
1920,01/03/2020,Espanol,Ath Madrid,1,1,D,1,0,H,9,5,3,2,3,4,20,18,3,4,0,0,4.2,3.1,2.05
1920,01/03/2020,Mallorca,Getafe,0,1,A,0,0,D,4,9,1,5,4,3,13,24,4,5,1,0,3.7,3.0,2.25
1920,01/03/2020,Real Madrid,Barcelona,2,0,H,0,0,D,13,9,5,4,8,2,13,10,2,2,0,0,2.2,3.6,3.1
1920,06/03/2020,Alaves,Valencia,1,1,D,0,1,A,13,6,2,2,3,3,9,10,5,3,0,0,2.6,3.25,2.75
1920,07/03/2020,Eibar,Mallorca,1,2,A,0,1,A,13,10,2,4,4,3,16,8,5,3,0,0,1.7,3.6,5.25
1920,07/03/2020,Ath Madrid,Sevilla,2,2,D,2,2,D,21,12,3,4,8,4,14,16,2,4,0,0,1.9,3.4,4.33
1920,07/03/2020,Barcelona,Sociedad,1,0,H,0,0,D,13,9,6,1,4,4,12,10,4,3,0,0,1.33,5.5,8.5
1920,07/03/2020,Getafe,Celta,0,0,D,0,0,D,19,3,6,2,9,1,18,14,6,5,1,0,1.85,3.3,4.75
1920,08/03/2020,Osasuna,Espanol,1,0,H,0,0,D,17,8,6,2,6,2,17,12,3,3,0,1,2.4,3.25,3.0
1920,08/03/2020,Valladolid,Ath Bilbao,1,4,A,0,2,A,19,10,2,5,8,1,9,13,1,2,0,0,3.0,2.8,2.75
1920,08/03/2020,Levante,Granada,1,1,D,1,0,H,11,10,3,7,6,4,21,13,3,3,0,0,2.05,3.4,3.75
1920,08/03/2020,Villarreal,Leganes,1,2,A,1,0,H,15,12,5,7,2,5,10,11,4,3,0,0,1.75,3.6,5.0
1920,08/03/2020,Betis,Real Madrid,2,1,H,1,1,D,14,13,3,4,6,2,8,11,1,1,0,0,4.5,4.0,1.72
1920,10/03/2020,Eibar,Sociedad,1,2,A,0,1,A,13,6,4,2,3,1,12,10,3,2,0,0,3.4,3.3,2.2
1920,11/06/2020,Sevilla,Betis,2,0,H,0,0,D,13,12,5,1,11,2,13,16,0,2,0,0,1.8,3.75,4.33
1920,12/06/2020,Granada,Getafe,2,1,H,0,1,A,10,6,4,2,2,3,17,16,6,4,0,0,3.1,3.0,2.45
1920,12/06/2020,Valencia,Levante,1,1,D,0,0,D,12,14,3,4,0,6,11,13,1,4,0,1,1.7,3.8,4.75
1920,13/06/2020,Espanol,Alaves,2,0,H,1,0,H,19,1,9,0,2,1,16,19,4,3,0,1,2.05,3.2,3.75
1920,13/06/2020,Celta,Villarreal,0,1,A,0,0,D,4,15,0,4,2,8,5,20,1,1,0,0,2.5,3.4,2.7
1920,13/06/2020,Leganes,Valladolid,1,2,A,0,1,A,11,6,2,2,2,1,21,20,2,4,0,0,2.25,3.0,3.5
1920,13/06/2020,Mallorca,Barcelona,0,4,A,0,2,A,13,12,3,7,9,3,16,5,1,2,0,0,10.0,5.75,1.28
1920,14/06/2020,Ath Bilbao,Ath Madrid,1,1,D,1,1,D,10,9,3,2,5,7,10,9,3,0,0,0,3.75,2.9,2.2
1920,14/06/2020,Real Madrid,Eibar,3,1,H,3,0,H,6,9,5,5,3,3,11,12,1,1,0,0,1.22,7.0,11.0
1920,14/06/2020,Sociedad,Osasuna,1,1,D,0,1,A,9,8,4,1,1,6,5,12,1,3,0,0,1.66,3.9,5.0
1920,15/06/2020,Levante,Sevilla,1,1,D,0,0,D,11,10,5,4,5,6,12,10,1,1,0,0,5.0,4.0,1.65
1920,15/06/2020,Betis,Granada,2,2,D,0,1,A,18,8,6,5,11,2,13,18,2,4,0,0,1.9,3.5,4.0
1920,16/06/2020,Getafe,Espanol,0,0,D,0,0,D,21,5,4,3,5,5,15,9,3,2,0,1,1.95,3.1,4.33
1920,16/06/2020,Villarreal,Mallorca,1,0,H,1,0,H,10,15,4,5,2,6,16,10,3,4,0,0,1.53,4.5,5.75
1920,16/06/2020,Barcelona,Leganes,2,0,H,1,0,H,10,6,5,2,3,2,16,16,5,3,0,0,1.16,7.5,13.0
1920,17/06/2020,Eibar,Ath Bilbao,2,2,D,1,1,D,12,6,6,3,8,3,10,11,3,2,0,0,3.2,3.0,2.4
1920,17/06/2020,Valladolid,Celta,0,0,D,0,0,D,6,11,1,4,5,8,18,15,3,3,0,0,3.0,3.0,2.6
1920,17/06/2020,Osasuna,Ath Madrid,0,5,A,0,1,A,13,10,3,6,3,2,12,8,3,3,0,0,5.0,3.25,1.8
1920,18/06/2020,Alaves,Sociedad,2,0,H,0,0,D,15,9,7,1,5,6,21,11,3,4,1,1,3.8,3.5,1.95
1920,18/06/2020,Real Madrid,Valencia,3,0,H,0,0,D,19,4,14,2,8,2,12,11,0,2,0,1,1.36,4.75,8.0
1920,19/06/2020,Granada,Villarreal,0,1,A,0,1,A,14,5,4,1,5,0,17,15,0,3,0,0,3.1,3.2,2.4
1920,19/06/2020,Mallorca,Leganes,1,1,D,1,0,H,7,16,3,4,3,7,15,11,3,6,0,0,2.8,2.9,2.87
1920,19/06/2020,Sevilla,Barcelona,0,0,D,0,0,D,8,10,4,4,2,9,17,8,3,2,0,0,3.4,3.6,2.05
1920,20/06/2020,Espanol,Levante,1,3,A,1,1,D,10,14,3,8,8,5,11,10,2,0,0,0,1.95,3.5,3.8
1920,20/06/2020,Ath Bilbao,Betis,1,0,H,1,0,H,12,9,3,5,11,5,16,11,4,0,0,0,2.1,3.25,3.75
1920,20/06/2020,Getafe,Eibar,1,1,D,1,1,D,9,8,2,2,2,1,18,15,3,0,0,0,1.8,3.4,5.0
1920,20/06/2020,Ath Madrid,Valladolid,1,0,H,0,0,D,15,6,4,2,10,1,14,12,4,2,0,0,1.36,4.5,11.0
1920,21/06/2020,Celta,Alaves,6,0,H,4,0,H,15,4,10,2,7,4,14,10,1,1,0,1,1.9,3.25,4.5
1920,21/06/2020,Valencia,Osasuna,2,0,H,2,0,H,7,13,3,3,1,7,7,19,1,2,0,0,1.9,3.5,4.0
1920,21/06/2020,Sociedad,Real Madrid,1,2,A,0,0,D,10,10,2,6,4,1,16,15,4,2,0,0,4.1,4.2,1.75
1920,22/06/2020,Villarreal,Sevilla,2,2,D,2,1,H,7,14,5,6,3,8,16,12,3,3,0,0,2.6,3.3,2.7
1920,22/06/2020,Leganes,Granada,0,0,D,0,0,D,9,4,3,1,4,2,12,16,4,4,0,0,2.37,2.9,3.3
1920,23/06/2020,Levante,Ath Madrid,0,1,A,0,1,A,12,12,0,7,10,4,12,14,4,2,0,0,5.75,3.6,1.65
1920,23/06/2020,Valladolid,Getafe,1,1,D,1,1,D,6,15,2,1,7,8,12,19,5,2,0,0,3.4,2.87,2.45
1920,23/06/2020,Barcelona,Ath Bilbao,1,0,H,0,0,D,18,6,4,0,6,2,10,16,2,1,0,0,1.3,5.25,10.0
1920,24/06/2020,Alaves,Osasuna,0,1,A,0,0,D,5,7,0,1,7,3,12,14,2,3,0,0,2.55,3.1,2.9
1920,24/06/2020,Sociedad,Celta,0,1,A,0,1,A,13,4,6,1,7,3,18,15,4,2,0,0,2.0,3.25,4.0
1920,24/06/2020,Real Madrid,Mallorca,2,0,H,1,0,H,14,11,6,4,5,4,18,12,4,1,0,0,1.12,9.0,17.0
1920,25/06/2020,Eibar,Valencia,1,0,H,1,0,H,14,7,5,0,10,8,12,7,4,2,0,1,2.7,3.4,2.55
1920,25/06/2020,Betis,Espanol,1,0,H,0,0,D,13,9,6,2,6,5,18,18,4,4,0,0,2.15,3.3,3.4
1920,26/06/2020,Sevilla,Valladolid,1,1,D,0,1,A,15,11,3,5,5,1,16,17,3,2,0,0,1.4,4.4,9.0
1920,27/06/2020,Ath Bilbao,Mallorca,3,1,H,2,0,H,12,14,6,2,1,8,17,16,1,2,0,0,1.5,4.0,7.5
1920,27/06/2020,Celta,Barcelona,2,2,D,0,1,A,10,18,6,2,3,8,19,10,3,4,0,0,5.25,4.2,1.61
1920,27/06/2020,Osasuna,Leganes,2,1,H,1,0,H,6,21,5,7,2,4,12,15,1,1,0,0,2.25,3.0,3.6
1920,27/06/2020,Ath Madrid,Alaves,2,1,H,0,0,D,14,6,4,2,3,1,13,14,3,2,0,0,1.33,4.75,11.0
1920,28/06/2020,Levante,Betis,4,2,H,2,0,H,9,17,4,8,2,5,13,14,0,4,0,0,2.62,3.3,2.62
1920,28/06/2020,Villarreal,Valencia,2,0,H,2,0,H,17,4,4,0,1,4,9,18,0,2,0,0,2.25,3.25,3.2
1920,28/06/2020,Granada,Eibar,1,2,A,0,1,A,14,13,5,6,8,5,8,13,1,0,0,0,2.37,3.0,3.25
1920,28/06/2020,Espanol,Real Madrid,0,1,A,0,1,A,8,14,5,6,0,5,18,12,1,1,0,0,6.5,4.75,1.44
1920,29/06/2020,Getafe,Sociedad,2,1,H,1,0,H,11,5,4,1,5,4,22,11,6,3,0,0,2.5,3.0,3.1
1920,30/06/2020,Mallorca,Celta,5,1,H,3,0,H,9,12,7,8,2,11,16,12,3,2,0,0,3.2,3.2,2.37
1920,30/06/2020,Leganes,Sevilla,0,3,A,0,2,A,9,11,3,6,4,2,23,10,4,3,0,0,4.5,3.2,1.95
1920,30/06/2020,Barcelona,Ath Madrid,2,2,D,1,1,D,12,10,5,3,3,1,11,15,3,5,0,0,1.8,3.6,4.75
1920,01/07/2020,Alaves,Granada,0,2,A,0,1,A,11,7,4,4,6,2,18,17,3,2,0,0,2.3,2.9,3.6
1920,01/07/2020,Valencia,Ath Bilbao,0,2,A,0,1,A,10,12,1,4,3,5,9,12,1,0,0,0,2.5,3.0,3.2
1920,01/07/2020,Betis,Villarreal,0,2,A,0,2,A,9,15,1,6,1,5,10,16,4,1,1,0,2.87,3.5,2.4
1920,01/07/2020,Valladolid,Levante,0,0,D,0,0,D,15,8,4,3,8,3,10,12,2,1,0,0,2.3,3.3,3.2
1920,02/07/2020,Eibar,Osasuna,0,2,A,0,1,A,11,9,4,6,9,4,8,12,1,1,0,0,2.3,3.1,3.3
1920,02/07/2020,Sociedad,Espanol,2,1,H,0,1,A,12,4,4,3,4,3,11,15,2,1,0,0,1.85,3.5,4.2
1920,02/07/2020,Real Madrid,Getafe,1,0,H,0,0,D,8,10,4,3,6,5,15,22,5,5,0,0,1.36,4.75,8.5
1920,03/07/2020,Ath Madrid,Mallorca,3,0,H,2,0,H,15,13,3,1,4,5,14,11,2,1,0,0,1.28,5.25,11.0
1920,04/07/2020,Celta,Betis,1,1,D,1,0,H,5,10,1,3,2,8,20,18,5,4,0,0,2.15,3.4,3.4
1920,04/07/2020,Valladolid,Alaves,1,0,H,0,0,D,5,7,3,0,1,3,13,17,0,0,0,0,2.62,2.8,3.2
1920,04/07/2020,Granada,Valencia,2,2,D,0,0,D,17,4,4,3,7,3,18,14,2,2,0,0,2.9,3.2,2.55
1920,05/07/2020,Ath Bilbao,Real Madrid,0,1,A,0,0,D,7,10,1,4,3,2,13,8,4,3,0,0,5.0,3.9,1.7
1920,05/07/2020,Espanol,Leganes,0,1,A,0,0,D,7,4,2,2,0,3,14,22,4,3,1,0,2.7,2.9,2.9
1920,05/07/2020,Osasuna,Getafe,0,0,D,0,0,D,6,6,2,1,2,2,17,18,5,4,0,0,3.1,2.9,2.55
1920,05/07/2020,Villarreal,Barcelona,1,4,A,1,3,A,11,18,4,12,2,6,11,11,1,0,0,0,4.33,4.0,1.72
1920,06/07/2020,Levante,Sociedad,1,1,D,1,1,D,9,8,4,3,4,2,17,12,3,2,0,0,2.9,3.4,2.45
1920,06/07/2020,Sevilla,Eibar,1,0,H,0,0,D,8,19,3,3,11,8,11,16,2,1,0,0,1.44,4.33,8.0
1920,07/07/2020,Valencia,Valladolid,2,1,H,1,0,H,10,11,4,5,5,2,9,5,3,0,0,0,2.0,3.2,4.2
1920,07/07/2020,Celta,Ath Madrid,1,1,D,0,1,A,9,10,4,2,6,2,14,13,3,3,0,0,4.2,3.2,2.0
1920,08/07/2020,Betis,Osasuna,3,0,H,2,0,H,14,8,8,2,5,8,9,17,1,5,0,0,2.05,3.4,3.5
1920,08/07/2020,Getafe,Villarreal,1,3,A,0,0,D,5,6,2,3,1,3,19,10,4,1,0,1,2.6,3.0,2.87
1920,08/07/2020,Barcelona,Espanol,1,0,H,0,0,D,9,11,2,2,6,5,8,12,0,2,1,1,1.14,8.0,19.0
1920,09/07/2020,Eibar,Leganes,0,0,D,0,0,D,4,10,1,1,8,1,21,13,3,3,0,0,2.45,3.0,3.1
1920,09/07/2020,Mallorca,Levante,2,0,H,1,0,H,15,14,5,2,1,5,11,20,3,1,0,0,2.05,3.6,3.3
1920,09/07/2020,Ath Bilbao,Sevilla,1,2,A,1,0,H,13,20,4,7,4,7,18,9,3,2,0,0,3.1,3.0,2.45
1920,10/07/2020,Sociedad,Granada,2,3,A,0,2,A,19,4,5,3,8,3,12,13,2,3,0,0,1.72,3.6,5.25
1920,10/07/2020,Real Madrid,Alaves,2,0,H,1,0,H,18,10,8,4,3,2,5,17,0,1,0,0,1.2,6.5,13.0
1920,11/07/2020,Osasuna,Celta,2,1,H,1,1,D,15,12,5,3,3,4,10,11,2,2,0,0,3.2,3.0,2.45
1920,11/07/2020,Valladolid,Barcelona,0,1,A,0,1,A,13,9,4,6,4,5,15,13,2,2,0,0,9.5,5.25,1.3
1920,11/07/2020,Ath Madrid,Betis,1,0,H,0,0,D,9,21,4,3,2,4,10,10,1,3,1,0,1.5,3.8,8.0
1920,12/07/2020,Espanol,Eibar,0,2,A,0,2,A,14,11,3,6,7,2,13,14,2,2,0,0,3.4,3.2,2.25
1920,12/07/2020,Levante,Ath Bilbao,1,2,A,0,2,A,5,12,1,5,2,6,10,15,0,1,0,0,3.8,3.2,2.1
1920,12/07/2020,Leganes,Valencia,1,0,H,1,0,H,10,16,1,5,2,8,21,9,4,1,1,0,3.4,3.1,2.3
1920,12/07/2020,Sevilla,Mallorca,2,0,H,1,0,H,14,14,5,5,5,5,14,7,3,2,0,0,1.4,4.75,8.5
1920,13/07/2020,Alaves,Getafe,0,0,D,0,0,D,3,14,1,4,2,4,26,15,4,2,0,0,3.5,3.0,2.25
1920,13/07/2020,Villarreal,Sociedad,1,2,A,0,0,D,9,11,3,6,2,10,12,11,2,2,0,0,2.3,3.25,3.1
1920,13/07/2020,Granada,Real Madrid,1,2,A,0,2,A,13,11,4,5,4,3,18,18,2,2,0,0,6.5,4.5,1.45
1920,16/07/2020,Eibar,Valladolid,3,1,H,2,0,H,13,17,7,8,3,12,19,13,4,0,0,0,2.1,3.1,3.8
1920,16/07/2020,Ath Bilbao,Leganes,0,2,A,0,0,D,10,16,3,4,3,3,11,11,2,3,1,0,1.8,3.4,4.75
1920,16/07/2020,Barcelona,Osasuna,1,2,A,0,1,A,19,9,3,5,10,2,7,14,4,1,0,1,1.14,8.0,17.0
1920,16/07/2020,Betis,Alaves,1,2,A,0,0,D,14,9,7,5,6,5,14,18,6,4,1,1,2.3,3.3,3.1
1920,16/07/2020,Celta,Levante,2,3,A,2,2,D,16,8,6,4,8,4,11,15,3,0,1,1,1.61,4.0,5.25
1920,16/07/2020,Getafe,Ath Madrid,0,2,A,0,0,D,15,11,6,3,4,3,14,11,1,2,1,0,3.6,2.9,2.25
1920,16/07/2020,Mallorca,Granada,1,2,A,1,1,D,18,14,5,6,5,6,14,18,7,5,2,0,2.05,3.4,3.5
1920,16/07/2020,Real Madrid,Villarreal,2,1,H,1,0,H,12,8,7,4,4,2,13,13,3,2,0,0,1.45,4.75,6.0
1920,16/07/2020,Sociedad,Sevilla,0,0,D,0,0,D,11,8,4,3,3,2,16,13,1,2,0,0,2.37,3.3,2.9
1920,16/07/2020,Valencia,Espanol,1,0,H,1,0,H,9,18,3,6,4,4,9,18,2,4,1,0,1.53,4.0,6.0
1920,19/07/2020,Alaves,Barcelona,0,5,A,0,3,A,8,16,0,8,2,1,17,15,0,0,0,0,5.5,4.33,1.53
1920,19/07/2020,Valladolid,Betis,2,0,H,1,0,H,13,10,4,3,3,5,17,10,2,2,0,0,2.62,3.3,2.62
1920,19/07/2020,Villarreal,Eibar,4,0,H,0,0,D,12,11,5,3,4,4,4,9,0,0,0,0,1.53,4.0,6.0
1920,19/07/2020,Ath Madrid,Sociedad,1,1,D,1,0,H,6,10,3,4,2,3,16,9,1,2,0,0,1.95,3.0,4.5
1920,19/07/2020,Espanol,Celta,0,0,D,0,0,D,8,9,1,3,1,4,10,11,2,3,0,0,5.0,3.8,1.66
1920,19/07/2020,Granada,Ath Bilbao,4,0,H,1,0,H,11,11,6,3,2,3,10,11,1,2,0,0,2.0,3.5,3.4
1920,19/07/2020,Leganes,Real Madrid,2,2,D,1,1,D,15,7,7,4,5,2,9,11,4,1,0,0,2.62,3.8,2.35
1920,19/07/2020,Levante,Getafe,1,0,H,0,0,D,13,13,4,4,6,8,10,12,2,4,0,0,5.0,3.8,1.66
1920,19/07/2020,Osasuna,Mallorca,2,2,D,1,1,D,12,12,5,4,3,5,17,10,2,0,0,0,1.75,3.75,4.2
1920,19/07/2020,Sevilla,Valencia,1,0,H,0,0,D,16,8,4,2,4,7,11,6,0,1,0,0,1.9,3.4,4.0
2021,12/09/2020,Eibar,Celta,0,0,D,0,0,D,8,6,1,3,3,3,17,13,4,4,1,0,2.5,3.25,2.9
2021,12/09/2020,Granada,Ath Bilbao,2,0,H,0,0,D,4,9,2,2,1,2,8,10,3,4,0,0,2.75,3.1,2.75
2021,12/09/2020,Cadiz,Osasuna,0,2,A,0,1,A,12,6,3,4,6,2,14,21,2,2,0,0,2.8,3.0,2.75
2021,13/09/2020,Alaves,Betis,0,1,A,0,0,D,7,11,2,4,6,4,19,17,3,3,0,0,2.8,3.2,2.6
2021,13/09/2020,Valladolid,Sociedad,1,1,D,1,0,H,8,8,3,2,5,3,15,17,4,1,0,0,2.8,3.2,2.6
2021,13/09/2020,Villarreal,Huesca,1,1,D,0,1,A,15,10,4,3,6,6,10,22,1,1,0,0,1.57,4.0,6.0
2021,13/09/2020,Valencia,Levante,4,2,H,2,2,D,14,19,8,8,3,4,9,14,1,3,0,0,2.1,3.5,3.5
2021,19/09/2020,Villarreal,Eibar,2,1,H,0,0,D,14,12,8,4,4,3,5,12,1,1,0,0,1.57,4.0,6.0
2021,19/09/2020,Getafe,Osasuna,1,0,H,0,0,D,7,10,1,3,4,1,19,13,4,2,0,0,1.95,3.25,4.33
2021,19/09/2020,Celta,Valencia,2,1,H,1,0,H,23,9,6,3,6,6,12,13,3,1,0,0,2.2,3.6,3.1
2021,20/09/2020,Huesca,Cadiz,0,2,A,0,1,A,4,6,0,4,2,1,18,23,3,3,0,0,2.1,3.1,4.0
2021,20/09/2020,Betis,Valladolid,2,0,H,2,0,H,16,9,6,2,5,3,18,10,3,0,0,0,1.85,3.6,4.33
2021,20/09/2020,Granada,Alaves,2,1,H,1,1,D,10,5,3,3,4,4,9,12,0,3,0,0,2.05,3.1,4.2
2021,20/09/2020,Sociedad,Real Madrid,0,0,D,0,0,D,6,16,1,4,1,11,17,12,2,2,0,0,4.75,3.8,1.72
2021,26/09/2020,Alaves,Getafe,0,0,D,0,0,D,9,11,0,4,1,5,13,13,2,2,0,0,3.5,2.9,2.37
2021,26/09/2020,Valencia,Huesca,1,1,D,1,0,H,5,17,2,4,4,4,14,20,0,1,0,0,2.0,3.4,4.0
2021,26/09/2020,Elche,Sociedad,0,3,A,0,0,D,5,27,2,7,2,11,11,12,3,1,0,0,4.2,3.3,1.95
2021,26/09/2020,Betis,Real Madrid,2,3,A,2,1,H,15,11,5,4,8,3,9,10,5,2,1,0,4.0,4.0,1.8
2021,27/09/2020,Osasuna,Levante,1,3,A,1,1,D,9,11,4,5,3,7,15,16,2,0,0,0,2.3,3.2,3.25
2021,27/09/2020,Eibar,Ath Bilbao,1,2,A,0,1,A,7,9,1,5,5,4,15,12,1,0,0,0,3.0,3.0,2.55
2021,27/09/2020,Ath Madrid,Granada,6,1,H,1,0,H,17,11,10,6,1,1,16,14,3,1,0,0,1.5,4.0,7.5
2021,27/09/2020,Cadiz,Sevilla,1,3,A,0,0,D,12,14,5,5,6,5,9,14,4,2,0,0,5.0,3.6,1.7
2021,27/09/2020,Valladolid,Celta,1,1,D,0,1,A,10,5,4,1,4,1,26,18,3,4,0,0,2.8,3.0,2.7
2021,27/09/2020,Barcelona,Villarreal,4,0,H,4,0,H,17,5,9,1,8,4,9,10,0,1,0,0,1.53,4.33,6.0
2021,29/09/2020,Sociedad,Valencia,0,1,A,0,0,D,11,9,3,5,9,3,16,15,1,5,0,0,1.53,4.2,5.75
2021,29/09/2020,Getafe,Betis,3,0,H,3,0,H,8,10,4,2,1,4,15,17,4,4,0,1,2.45,3.1,3.0
2021,30/09/2020,Huesca,Ath Madrid,0,0,D,0,0,D,9,16,3,2,5,7,13,10,1,0,0,0,7.5,4.2,1.45
2021,30/09/2020,Villarreal,Alaves,3,1,H,2,1,H,10,8,6,3,2,0,11,13,0,2,0,0,1.57,3.8,5.75
2021,30/09/2020,Eibar,Elche,0,1,A,0,1,A,12,5,4,2,3,2,9,14,2,2,0,0,1.8,3.5,4.5
2021,30/09/2020,Real Madrid,Valladolid,1,0,H,0,0,D,15,11,5,5,4,7,11,7,2,1,0,0,1.22,6.0,11.0
2021,01/10/2020,Ath Bilbao,Cadiz,0,1,A,0,0,D,13,3,4,1,5,2,15,16,3,5,0,2,1.53,3.8,6.5
2021,01/10/2020,Sevilla,Levante,1,0,H,0,0,D,16,3,2,1,2,4,14,17,5,2,0,0,1.4,4.5,7.5
2021,01/10/2020,Celta,Barcelona,0,3,A,0,1,A,10,6,3,3,3,7,22,10,5,5,0,1,5.75,4.2,1.53
2021,03/10/2020,Valladolid,Eibar,1,2,A,1,1,D,9,11,3,5,3,4,11,21,2,3,0,1,2.35,3.0,3.4
2021,03/10/2020,Ath Madrid,Villarreal,0,0,D,0,0,D,14,6,1,2,9,1,11,7,1,2,0,0,1.61,3.9,5.5
2021,03/10/2020,Elche,Huesca,0,0,D,0,0,D,2,18,0,4,0,5,8,26,0,2,0,0,3.1,3.1,2.45
2021,03/10/2020,Sociedad,Getafe,3,0,H,1,0,H,11,5,6,1,5,4,21,13,3,3,0,0,2.25,3.1,3.5
2021,03/10/2020,Valencia,Betis,0,2,A,0,1,A,5,17,2,8,4,7,11,14,2,2,0,0,2.8,3.2,2.6
2021,04/10/2020,Osasuna,Celta,2,0,H,1,0,H,14,9,5,3,6,5,19,10,3,3,0,0,2.7,3.1,2.75
2021,04/10/2020,Alaves,Ath Bilbao,1,0,H,0,0,D,8,8,3,0,0,6,20,17,2,3,1,0,3.3,2.9,2.37
2021,04/10/2020,Levante,Real Madrid,0,2,A,0,1,A,11,13,4,3,4,6,14,8,2,1,0,0,6.0,4.5,1.5
2021,04/10/2020,Cadiz,Granada,1,1,D,0,1,A,14,13,4,5,2,5,16,16,2,2,0,0,3.0,3.0,2.6
2021,04/10/2020,Barcelona,Sevilla,1,1,D,1,1,D,12,13,5,1,6,5,11,18,1,1,0,0,1.57,4.33,5.25
2021,17/10/2020,Granada,Sevilla,1,0,H,0,0,D,13,8,3,3,5,1,16,11,4,4,0,1,4.2,3.4,1.9
2021,17/10/2020,Celta,Ath Madrid,0,2,A,0,1,A,15,9,5,4,8,4,16,18,3,4,0,0,5.5,3.3,1.75
2021,17/10/2020,Real Madrid,Cadiz,0,1,A,0,1,A,14,14,2,5,4,11,7,5,2,0,0,0,1.18,7.0,15.0
2021,17/10/2020,Getafe,Barcelona,1,0,H,0,0,D,9,7,4,1,7,2,20,10,4,3,0,0,4.75,3.8,1.72
2021,18/10/2020,Eibar,Osasuna,0,0,D,0,0,D,10,8,6,2,6,7,14,14,2,3,0,1,2.6,3.0,3.0
2021,18/10/2020,Ath Bilbao,Levante,2,0,H,0,0,D,14,6,5,1,9,3,11,10,3,1,0,0,2.05,3.2,4.0
2021,18/10/2020,Villarreal,Valencia,2,1,H,1,1,D,16,11,6,3,3,7,13,8,4,1,1,0,1.6,4.0,5.25
2021,18/10/2020,Alaves,Elche,0,2,A,0,1,A,13,7,2,3,2,6,11,11,2,5,0,0,1.75,3.3,5.5
2021,18/10/2020,Huesca,Valladolid,2,2,D,0,1,A,12,5,7,3,3,1,14,24,1,2,0,0,2.25,2.9,3.8
2021,18/10/2020,Betis,Sociedad,0,3,A,0,1,A,7,8,1,5,6,2,11,18,2,1,0,0,2.5,3.25,2.9
2021,23/10/2020,Elche,Valencia,2,1,H,2,0,H,3,14,2,4,0,7,15,8,3,2,0,0,3.2,3.1,2.4
2021,24/10/2020,Barcelona,Real Madrid,1,3,A,1,1,D,10,15,4,9,7,7,11,13,3,2,0,0,2.0,3.6,3.6
2021,24/10/2020,Osasuna,Ath Bilbao,1,0,H,0,0,D,7,13,2,5,2,5,18,10,3,2,0,0,3.25,2.9,2.4
2021,24/10/2020,Sevilla,Eibar,0,1,A,0,1,A,21,3,3,1,13,3,11,12,0,3,0,0,1.45,4.33,7.5
2021,24/10/2020,Ath Madrid,Betis,2,0,H,0,0,D,13,12,6,3,8,5,19,12,2,0,0,1,1.55,3.8,6.5
2021,25/10/2020,Valladolid,Alaves,0,2,A,0,0,D,5,14,1,4,2,4,9,7,1,0,1,0,2.3,2.9,3.5
2021,25/10/2020,Cadiz,Villarreal,0,0,D,0,0,D,5,7,0,2,0,5,15,7,2,2,0,0,3.6,3.3,2.1
2021,25/10/2020,Getafe,Granada,0,1,A,0,1,A,10,5,1,2,6,1,19,23,4,2,0,0,1.85,3.1,5.0
2021,25/10/2020,Sociedad,Huesca,4,1,H,1,0,H,13,6,6,4,4,5,12,11,2,1,0,0,1.57,3.75,6.0
2021,26/10/2020,Levante,Celta,1,1,D,0,0,D,10,10,3,3,3,2,11,19,2,2,0,0,2.37,3.25,3.0
2021,30/10/2020,Eibar,Cadiz,0,2,A,0,2,A,9,6,3,4,7,2,10,10,1,1,0,0,2.55,2.75,3.3
2021,31/10/2020,Real Madrid,Huesca,4,1,H,2,0,H,13,9,6,2,6,3,16,9,0,2,0,0,1.33,5.25,9.0
2021,31/10/2020,Ath Bilbao,Sevilla,2,1,H,0,1,A,16,7,5,3,6,1,17,19,5,5,0,0,3.0,3.0,2.6
2021,31/10/2020,Osasuna,Ath Madrid,1,3,A,0,1,A,8,11,3,6,3,2,12,10,1,2,0,0,5.5,3.3,1.75
2021,31/10/2020,Alaves,Barcelona,1,1,D,1,0,H,4,25,3,9,2,14,16,4,4,3,1,0,6.5,4.75,1.44
2021,01/11/2020,Betis,Elche,3,1,H,2,0,H,17,4,10,2,1,1,13,12,2,1,0,0,1.45,4.33,7.5
2021,01/11/2020,Celta,Sociedad,1,4,A,0,2,A,9,9,2,7,2,3,19,16,2,5,1,0,3.0,3.2,2.45
2021,01/11/2020,Granada,Levante,1,1,D,1,1,D,5,19,2,4,2,8,7,14,2,3,1,0,2.25,3.2,3.4
2021,01/11/2020,Valencia,Getafe,2,2,D,1,0,H,11,16,5,5,0,3,18,25,8,5,1,1,3.1,3.1,2.45
2021,02/11/2020,Villarreal,Valladolid,2,0,H,2,0,H,11,11,5,1,6,4,13,13,1,3,0,0,1.61,4.0,5.5
2021,06/11/2020,Elche,Celta,1,1,D,1,1,D,8,14,1,6,3,3,18,12,3,4,0,0,4.0,3.3,1.95
2021,07/11/2020,Huesca,Eibar,1,1,D,0,1,A,14,8,6,3,4,3,16,30,2,0,0,0,2.05,3.3,3.6
2021,07/11/2020,Barcelona,Betis,5,2,H,1,1,D,18,12,9,6,9,5,8,10,2,2,0,1,1.4,5.0,7.5
2021,07/11/2020,Sevilla,Osasuna,1,0,H,0,0,D,9,10,1,2,3,0,11,19,2,3,0,0,1.5,4.0,7.0
2021,07/11/2020,Ath Madrid,Cadiz,4,0,H,2,0,H,17,10,7,3,2,7,10,9,1,1,0,0,1.4,4.2,10.0
2021,08/11/2020,Getafe,Villarreal,1,3,A,1,2,A,13,9,5,5,3,3,18,11,3,4,0,0,2.5,3.1,3.0
2021,08/11/2020,Sociedad,Granada,2,0,H,2,0,H,22,2,9,1,15,0,8,11,2,1,1,0,1.65,3.8,5.25
2021,08/11/2020,Levante,Alaves,1,1,D,0,1,A,18,6,5,2,12,1,12,16,1,6,0,1,2.15,3.4,3.4
2021,08/11/2020,Valladolid,Ath Bilbao,2,1,H,1,0,H,7,17,4,2,2,11,23,11,4,2,0,0,3.3,2.9,2.37
2021,08/11/2020,Valencia,Real Madrid,4,1,H,2,1,H,7,16,4,6,1,8,13,14,3,2,0,0,6.0,4.75,1.45
2021,20/11/2020,Osasuna,Huesca,1,1,D,0,1,A,18,6,7,5,4,3,14,15,2,3,0,0,2.4,3.0,3.25
2021,21/11/2020,Levante,Elche,1,1,D,1,0,H,13,11,5,5,5,4,15,11,1,4,0,0,1.57,4.0,5.75
2021,21/11/2020,Villarreal,Real Madrid,1,1,D,0,1,A,13,6,1,1,4,2,16,14,1,2,0,0,2.87,3.8,2.25
2021,21/11/2020,Sevilla,Celta,4,2,H,2,2,D,15,10,10,7,3,2,14,20,2,2,0,0,1.72,3.6,5.25
2021,21/11/2020,Ath Madrid,Barcelona,1,0,H,1,0,H,9,13,2,4,8,8,12,6,4,0,0,0,2.9,3.5,2.37
2021,22/11/2020,Eibar,Getafe,0,0,D,0,0,D,15,8,5,3,3,4,16,22,3,4,1,0,3.4,3.0,2.35
2021,22/11/2020,Cadiz,Sociedad,0,1,A,0,0,D,2,14,0,4,1,6,14,14,2,1,0,0,4.0,3.8,1.85
2021,22/11/2020,Granada,Valladolid,1,3,A,0,1,A,16,9,6,3,5,3,16,14,4,3,0,0,2.1,3.2,3.8
2021,22/11/2020,Alaves,Valencia,2,2,D,2,0,H,13,13,3,5,4,5,21,16,1,1,0,0,2.7,3.2,2.8
2021,23/11/2020,Ath Bilbao,Betis,4,0,H,2,0,H,14,7,9,1,6,3,16,8,0,0,0,0,2.2,3.3,3.4
2021,27/11/2020,Valladolid,Levante,1,1,D,0,0,D,10,10,4,3,3,11,18,11,0,3,0,0,2.55,3.3,2.8
2021,28/11/2020,Elche,Cadiz,1,1,D,1,0,H,4,7,3,2,1,9,16,15,6,2,1,0,3.2,3.0,2.45
2021,28/11/2020,Valencia,Ath Madrid,0,1,A,0,0,D,5,14,2,6,2,7,12,15,2,5,0,0,4.75,3.8,1.72
2021,28/11/2020,Huesca,Sevilla,0,1,A,0,0,D,5,16,1,4,1,10,14,9,4,3,0,0,4.0,3.3,2.0
2021,28/11/2020,Real Madrid,Alaves,1,2,A,0,1,A,20,11,9,6,12,9,8,17,2,3,0,0,1.33,5.25,9.0
2021,29/11/2020,Barcelona,Osasuna,4,0,H,2,0,H,20,10,11,5,5,3,8,12,1,0,0,0,1.25,6.0,11.0
2021,29/11/2020,Getafe,Ath Bilbao,1,1,D,0,1,A,11,5,3,2,3,2,16,23,2,4,0,0,2.8,2.9,2.8
2021,29/11/2020,Celta,Granada,3,1,H,1,1,D,17,9,8,2,8,0,14,13,4,3,1,0,2.0,3.5,3.75
2021,29/11/2020,Sociedad,Villarreal,1,1,D,1,1,D,8,10,4,2,4,4,18,12,5,3,0,0,2.1,3.6,3.4
2021,30/11/2020,Betis,Eibar,0,2,A,0,0,D,7,11,3,6,6,2,13,14,2,1,0,0,1.75,3.75,4.5
2021,04/12/2020,Ath Bilbao,Celta,0,2,A,0,0,D,10,6,0,4,4,5,7,15,2,1,0,0,2.05,3.25,3.8
2021,05/12/2020,Levante,Getafe,3,0,H,2,0,H,12,9,8,0,5,5,12,13,2,7,0,2,2.9,3.1,2.55
2021,05/12/2020,Sevilla,Real Madrid,0,1,A,0,0,D,12,10,2,3,4,3,15,20,1,3,0,0,2.5,3.5,2.7
2021,05/12/2020,Ath Madrid,Valladolid,2,0,H,0,0,D,15,13,4,3,4,4,10,10,4,2,0,0,1.4,4.33,9.5
2021,05/12/2020,Cadiz,Barcelona,2,1,H,1,0,H,7,21,3,8,5,13,10,7,0,2,0,0,8.5,5.0,1.36
2021,06/12/2020,Granada,Huesca,3,3,D,1,1,D,15,16,6,7,4,2,12,16,2,0,0,0,2.3,3.1,3.4
2021,06/12/2020,Osasuna,Betis,0,2,A,0,0,D,10,12,0,5,2,5,16,12,3,2,0,0,2.62,3.3,2.7
2021,06/12/2020,Villarreal,Elche,0,0,D,0,0,D,12,3,3,0,4,0,16,13,3,2,0,0,1.3,5.5,9.5
2021,06/12/2020,Alaves,Sociedad,0,0,D,0,0,D,5,13,1,5,2,3,3,11,1,0,1,0,4.75,3.5,1.8
2021,07/12/2020,Eibar,Valencia,0,0,D,0,0,D,19,6,3,4,8,0,15,10,3,2,0,0,2.45,3.1,3.1
2021,11/12/2020,Valladolid,Osasuna,3,2,H,1,2,A,11,13,6,6,3,3,14,18,4,5,0,0,2.5,3.1,3.0
2021,12/12/2020,Valencia,Ath Bilbao,2,2,D,1,0,H,11,13,2,5,0,10,19,16,2,6,0,0,3.25,3.1,2.35
2021,12/12/2020,Getafe,Sevilla,0,1,A,0,0,D,8,8,2,0,5,3,14,13,2,3,0,0,3.75,3.2,2.1
2021,12/12/2020,Huesca,Alaves,1,0,H,0,0,D,11,3,3,1,5,2,14,20,1,4,0,0,2.2,3.2,3.5
2021,12/12/2020,Real Madrid,Ath Madrid,2,0,H,1,0,H,11,5,3,1,3,6,7,16,1,3,0,0,2.3,3.3,3.1
2021,13/12/2020,Sociedad,Eibar,1,1,D,1,0,H,8,16,2,4,5,4,14,11,4,3,0,0,1.6,3.75,6.0
2021,13/12/2020,Betis,Villarreal,1,1,D,0,1,A,11,7,5,2,4,8,13,14,2,3,0,0,3.1,3.5,2.25
2021,13/12/2020,Elche,Granada,0,1,A,0,1,A,9,13,1,5,6,5,16,15,4,2,0,0,3.4,3.1,2.3
2021,13/12/2020,Barcelona,Levante,1,0,H,0,0,D,24,7,13,3,12,4,4,15,2,1,0,0,1.22,7.0,11.0
2021,14/12/2020,Celta,Cadiz,4,0,H,4,0,H,8,12,5,2,1,5,24,9,2,1,0,0,1.72,3.6,5.25
2021,15/12/2020,Real Madrid,Ath Bilbao,3,1,H,1,0,H,18,10,5,4,6,6,8,9,1,3,0,1,1.53,4.33,5.75
2021,16/12/2020,Barcelona,Sociedad,2,1,H,2,1,H,14,12,4,5,2,3,18,14,3,3,0,0,1.6,4.5,5.0
2021,18/12/2020,Ath Bilbao,Huesca,2,0,H,0,0,D,10,6,3,1,5,5,9,16,0,3,0,1,1.9,3.3,4.33
2021,19/12/2020,Ath Madrid,Elche,3,1,H,1,0,H,12,8,6,3,2,5,13,14,1,2,0,0,1.2,6.0,19.0
2021,19/12/2020,Barcelona,Valencia,2,2,D,1,1,D,25,12,9,4,8,3,10,14,4,2,0,0,1.3,6.0,8.5
2021,19/12/2020,Levante,Sociedad,2,1,H,1,1,D,13,15,5,5,3,4,19,14,2,1,0,0,3.4,3.4,2.15
2021,19/12/2020,Osasuna,Villarreal,1,3,A,0,2,A,6,13,1,6,2,2,17,16,2,2,1,0,3.6,3.4,2.1
2021,19/12/2020,Sevilla,Valladolid,1,1,D,1,0,H,14,12,3,5,7,7,14,10,3,4,0,0,1.53,3.75,7.5
2021,20/12/2020,Celta,Alaves,2,0,H,1,0,H,11,8,3,2,3,5,18,12,2,2,0,0,1.7,4.0,4.75
2021,20/12/2020,Granada,Betis,2,0,H,2,0,H,8,14,3,1,1,10,21,16,3,4,0,0,2.45,3.4,2.87
2021,20/12/2020,Cadiz,Getafe,0,2,A,0,1,A,8,6,1,4,2,4,6,22,1,6,0,0,3.3,2.9,2.45
2021,20/12/2020,Eibar,Real Madrid,1,3,A,1,2,A,10,11,3,5,4,4,11,7,1,0,0,0,6.5,4.2,1.5
2021,22/12/2020,Elche,Osasuna,2,2,D,0,1,A,7,15,2,6,4,4,8,17,1,2,0,1,3.3,3.0,2.37
2021,22/12/2020,Valencia,Sevilla,0,1,A,0,0,D,10,19,4,3,3,5,11,17,3,2,0,0,3.75,3.4,2.0
2021,22/12/2020,Huesca,Levante,1,1,D,1,0,H,11,9,2,1,10,3,10,17,2,3,0,0,2.62,3.4,2.6
2021,22/12/2020,Sociedad,Ath Madrid,0,2,A,0,0,D,6,8,1,3,5,5,20,17,3,3,0,0,3.3,3.2,2.25
2021,22/12/2020,Valladolid,Barcelona,0,3,A,0,2,A,12,21,5,10,4,5,12,10,1,2,0,0,7.0,5.4,1.36
2021,22/12/2020,Villarreal,Ath Bilbao,1,1,D,0,1,A,17,9,6,3,6,4,10,18,1,1,0,0,2.0,3.4,3.8
2021,23/12/2020,Getafe,Celta,1,1,D,1,1,D,6,2,3,1,1,4,17,16,3,3,0,0,2.75,3.0,2.8
2021,23/12/2020,Real Madrid,Granada,2,0,H,0,0,D,23,10,6,1,8,1,13,11,2,1,0,0,1.33,5.25,9.0
2021,23/12/2020,Alaves,Eibar,2,1,H,2,1,H,13,8,3,4,2,7,10,14,4,2,0,0,2.75,2.87,2.9
2021,23/12/2020,Betis,Cadiz,1,0,H,0,0,D,6,6,1,3,5,5,18,9,1,1,0,0,1.9,3.5,4.1
2021,29/12/2020,Sevilla,Villarreal,2,0,H,1,0,H,10,6,3,2,4,7,13,14,1,4,0,0,2.25,3.3,3.25
2021,29/12/2020,Barcelona,Eibar,1,1,D,0,0,D,16,9,5,3,5,7,6,15,0,2,0,0,1.28,5.75,9.5
2021,29/12/2020,Cadiz,Valladolid,0,0,D,0,0,D,8,7,3,1,1,6,14,13,3,2,0,0,2.87,2.9,2.75
2021,29/12/2020,Levante,Betis,4,3,H,3,1,H,10,19,5,7,3,6,9,14,3,2,1,0,2.4,3.4,2.9
2021,30/12/2020,Granada,Valencia,2,1,H,1,1,D,24,16,5,6,6,6,16,15,4,4,1,2,2.2,3.3,3.4
2021,30/12/2020,Ath Madrid,Getafe,1,0,H,1,0,H,10,10,3,2,5,2,7,12,2,3,0,0,1.44,4.2,8.5
2021,30/12/2020,Celta,Huesca,2,1,H,1,0,H,15,17,6,6,0,5,19,8,2,0,0,0,1.75,3.75,4.6
2021,30/12/2020,Elche,Real Madrid,1,1,D,0,1,A,6,14,3,6,2,3,8,18,1,4,0,0,10.0,6.5,1.25
2021,31/12/2020,Ath Bilbao,Sociedad,0,1,A,0,1,A,4,13,0,3,2,4,23,18,5,4,0,0,3.0,3.2,2.5
2021,31/12/2020,Osasuna,Alaves,1,1,D,0,0,D,8,15,3,1,5,4,12,9,3,4,1,0,2.35,3.25,3.1
2021,02/01/2021,Villarreal,Levante,2,1,H,1,0,H,12,9,7,2,3,5,12,11,1,1,0,0,1.65,3.8,5.5
2021,02/01/2021,Betis,Sevilla,1,1,D,0,0,D,16,6,3,2,2,1,15,18,5,2,0,0,3.9,3.5,1.95
2021,02/01/2021,Getafe,Valladolid,0,1,A,0,1,A,11,8,4,2,5,9,13,13,3,2,0,0,1.95,3.1,4.5
2021,02/01/2021,Real Madrid,Celta,2,0,H,1,0,H,9,6,2,1,1,5,14,14,4,2,0,0,1.44,4.75,6.5
2021,03/01/2021,Ath Bilbao,Elche,1,0,H,1,0,H,13,5,2,2,5,4,15,13,2,1,0,0,1.5,3.8,8.0
2021,03/01/2021,Alaves,Ath Madrid,1,2,A,0,1,A,4,8,1,4,1,5,14,12,0,2,1,0,7.0,3.75,1.53
2021,03/01/2021,Eibar,Granada,2,0,H,0,0,D,15,6,7,3,4,2,10,9,2,1,0,0,2.37,3.0,3.3
2021,03/01/2021,Sociedad,Osasuna,1,1,D,0,1,A,8,6,2,2,7,2,15,8,1,1,0,0,1.53,4.0,6.5
2021,03/01/2021,Huesca,Barcelona,0,1,A,0,1,A,4,20,4,7,2,6,12,11,1,0,0,0,6.5,4.75,1.44
2021,04/01/2021,Valencia,Cadiz,1,1,D,0,0,D,11,9,4,2,9,7,11,17,2,2,0,0,2.0,3.4,3.75
2021,06/01/2021,Ath Bilbao,Barcelona,2,3,A,1,2,A,8,13,3,9,3,4,10,6,2,1,0,0,4.2,3.6,1.83
2021,08/01/2021,Celta,Villarreal,0,4,A,0,4,A,8,15,3,6,3,4,15,18,1,0,0,0,3.4,3.3,2.2
2021,09/01/2021,Sevilla,Sociedad,3,2,H,2,2,D,12,10,7,4,2,9,8,18,0,3,0,0,2.2,3.1,3.6
2021,09/01/2021,Granada,Barcelona,0,4,A,0,3,A,8,13,4,4,4,1,16,3,2,3,1,0,6.5,5.25,1.4
2021,09/01/2021,Osasuna,Real Madrid,0,0,D,0,0,D,8,9,2,1,2,4,9,3,0,0,0,0,6.5,4.75,1.45
2021,10/01/2021,Levante,Eibar,2,1,H,0,0,D,4,17,2,4,4,9,12,8,2,0,0,0,2.25,3.4,3.2
2021,10/01/2021,Cadiz,Alaves,3,1,H,1,1,D,10,5,7,2,4,1,17,10,1,4,0,1,2.7,2.9,3.0
2021,10/01/2021,Valladolid,Valencia,0,1,A,0,0,D,11,17,4,6,0,4,14,14,2,3,0,0,2.37,3.25,3.1
2021,11/01/2021,Elche,Getafe,1,3,A,1,1,D,7,14,4,7,1,7,14,16,4,2,1,0,4.33,2.9,2.1
2021,11/01/2021,Huesca,Betis,0,2,A,0,0,D,10,15,3,5,3,6,12,13,2,2,0,1,2.8,3.3,2.55
2021,12/01/2021,Granada,Osasuna,2,0,H,2,0,H,9,15,2,3,4,4,16,17,1,4,0,0,2.3,3.1,3.4
2021,12/01/2021,Ath Madrid,Sevilla,2,0,H,1,0,H,5,13,4,2,3,12,14,11,2,0,0,0,1.9,3.2,4.5
2021,19/01/2021,Cadiz,Levante,2,2,D,2,2,D,8,8,2,5,5,2,13,11,3,1,0,0,2.9,3.1,2.55
2021,19/01/2021,Valladolid,Elche,2,2,D,0,2,A,13,9,2,3,4,5,14,19,1,3,1,0,1.83,3.4,4.6
2021,19/01/2021,Alaves,Sevilla,1,2,A,1,2,A,12,7,3,3,3,2,15,14,3,3,0,0,5.5,3.6,1.66
2021,20/01/2021,Getafe,Huesca,1,0,H,0,0,D,12,15,5,3,3,8,15,14,2,4,0,0,1.9,3.25,4.5
2021,20/01/2021,Betis,Celta,2,1,H,2,1,H,12,10,4,3,5,6,13,15,2,3,0,0,2.1,3.5,3.4
2021,20/01/2021,Villarreal,Granada,2,2,D,1,1,D,9,3,3,2,3,0,11,11,2,4,0,1,1.5,4.0,7.0
2021,21/01/2021,Valencia,Osasuna,1,1,D,0,1,A,10,14,3,5,9,4,8,17,1,3,0,0,2.05,3.5,3.5
2021,21/01/2021,Eibar,Ath Madrid,1,2,A,1,1,D,12,9,2,4,3,3,24,9,2,2,0,0,6.5,3.4,1.66
2021,22/01/2021,Levante,Valladolid,2,2,D,0,0,D,11,7,3,3,8,2,16,12,0,1,0,0,1.95,3.4,4.0
2021,23/01/2021,Huesca,Villarreal,0,0,D,0,0,D,5,8,1,2,1,2,9,15,3,1,0,0,4.33,3.75,1.8
2021,23/01/2021,Sevilla,Cadiz,3,0,H,2,0,H,15,9,7,3,7,6,12,6,1,3,0,0,1.45,4.2,8.0
2021,23/01/2021,Sociedad,Betis,2,2,D,0,0,D,12,7,6,4,8,3,14,13,2,2,0,0,1.8,3.75,4.33
2021,23/01/2021,Alaves,Real Madrid,1,4,A,0,3,A,14,10,4,7,4,4,16,7,5,3,0,0,5.5,4.33,1.55
2021,24/01/2021,Osasuna,Granada,3,1,H,2,0,H,7,12,4,1,1,5,15,15,5,4,1,0,2.5,3.1,3.0
2021,24/01/2021,Elche,Barcelona,0,2,A,0,1,A,4,15,2,8,0,7,15,9,0,2,0,0,8.0,5.25,1.36
2021,24/01/2021,Celta,Eibar,1,1,D,1,0,H,7,9,4,2,0,6,10,16,4,3,0,0,2.05,3.4,3.75
2021,24/01/2021,Ath Madrid,Valencia,3,1,H,1,1,D,14,8,5,4,7,7,11,14,2,0,0,0,1.4,4.75,8.0
2021,25/01/2021,Ath Bilbao,Getafe,5,1,H,1,1,D,11,6,8,2,4,4,13,18,4,4,0,0,2.3,3.0,3.6
2021,29/01/2021,Valladolid,Huesca,1,3,A,0,1,A,14,11,4,5,6,7,12,12,2,2,0,0,2.2,3.1,3.6
2021,30/01/2021,Eibar,Sevilla,0,2,A,0,1,A,17,7,6,4,6,2,10,12,4,3,0,0,4.0,3.25,2.0
2021,30/01/2021,Real Madrid,Levante,1,2,A,1,1,D,8,14,2,8,3,7,9,20,1,2,1,0,1.33,5.5,8.0
2021,30/01/2021,Valencia,Elche,1,0,H,1,0,H,14,10,4,1,4,10,18,15,1,7,0,0,1.66,3.75,5.5
2021,30/01/2021,Villarreal,Sociedad,1,1,D,1,0,H,4,12,2,3,1,7,10,17,1,3,0,0,2.4,3.2,3.1
2021,31/01/2021,Getafe,Alaves,0,0,D,0,0,D,5,5,1,1,5,2,20,17,3,3,0,0,1.9,3.2,4.5
2021,31/01/2021,Cadiz,Ath Madrid,2,4,A,1,2,A,11,9,6,4,2,2,7,7,1,5,0,0,9.0,4.0,1.44
2021,31/01/2021,Granada,Celta,0,0,D,0,0,D,10,7,5,1,6,5,16,19,2,4,0,0,2.7,3.3,2.62
2021,31/01/2021,Barcelona,Ath Bilbao,2,1,H,1,0,H,12,7,6,2,7,3,12,20,2,3,0,0,1.36,5.25,7.5
2021,01/02/2021,Betis,Osasuna,1,0,H,0,0,D,8,15,4,5,3,4,12,6,1,1,0,0,1.8,3.6,4.33
2021,05/02/2021,Alaves,Valladolid,1,0,H,0,0,D,20,3,5,1,11,1,11,17,4,4,0,0,2.6,3.0,3.0
2021,06/02/2021,Levante,Granada,2,2,D,1,1,D,11,11,7,5,6,2,12,13,1,3,0,0,2.2,3.3,3.4
2021,06/02/2021,Huesca,Real Madrid,1,2,A,0,0,D,13,18,2,7,3,10,18,9,2,1,0,0,7.0,4.5,1.44
2021,06/02/2021,Elche,Villarreal,2,2,D,0,2,A,8,9,2,4,4,2,17,5,1,2,0,0,6.5,3.8,1.53
2021,06/02/2021,Sevilla,Getafe,3,0,H,0,0,D,17,5,5,1,3,1,10,11,1,4,0,1,1.72,3.6,4.75
2021,07/02/2021,Sociedad,Cadiz,4,1,H,2,0,H,17,2,6,1,5,1,7,7,0,2,0,1,1.45,4.2,8.0
2021,07/02/2021,Ath Bilbao,Valencia,1,1,D,1,0,H,11,15,2,2,6,6,10,8,2,1,0,0,2.15,3.2,3.6
2021,07/02/2021,Osasuna,Eibar,2,1,H,1,1,D,12,12,4,3,2,1,10,11,0,0,0,0,2.55,3.0,3.0
2021,07/02/2021,Betis,Barcelona,2,3,A,1,0,H,8,12,5,4,3,5,21,7,1,3,0,0,5.75,4.6,1.5
2021,08/02/2021,Ath Madrid,Celta,2,2,D,1,1,D,9,7,2,2,1,4,12,17,2,2,0,0,1.6,3.6,6.5
2021,09/02/2021,Real Madrid,Getafe,2,0,H,0,0,D,14,1,4,0,8,1,8,16,1,1,0,0,1.53,4.0,6.5
2021,12/02/2021,Celta,Elche,3,1,H,2,0,H,9,7,6,2,3,6,11,15,3,2,0,0,1.45,4.2,8.0
2021,13/02/2021,Granada,Ath Madrid,1,2,A,0,0,D,6,10,1,4,7,3,14,20,0,5,0,0,5.0,3.3,1.8
2021,13/02/2021,Sevilla,Huesca,1,0,H,0,0,D,14,9,4,5,6,6,14,15,3,4,0,0,1.5,3.9,7.5
2021,13/02/2021,Eibar,Valladolid,1,1,D,1,1,D,14,5,2,1,7,3,15,12,2,3,0,0,1.95,3.3,4.2
2021,13/02/2021,Barcelona,Alaves,5,1,H,2,0,H,17,6,9,2,5,4,10,14,0,2,0,0,1.28,6.0,9.0
2021,14/02/2021,Getafe,Sociedad,0,1,A,0,1,A,4,3,0,2,2,5,23,19,3,3,1,0,3.75,3.25,2.1
2021,14/02/2021,Real Madrid,Valencia,2,0,H,2,0,H,16,4,7,1,6,1,13,12,0,3,0,0,1.4,4.75,8.0
2021,14/02/2021,Levante,Osasuna,0,1,A,0,0,D,13,7,4,2,2,1,13,10,1,2,0,0,2.25,3.2,3.4
2021,14/02/2021,Villarreal,Betis,1,2,A,0,1,A,9,15,5,4,7,3,19,13,3,2,0,0,1.9,3.4,4.2
2021,15/02/2021,Cadiz,Ath Bilbao,0,4,A,0,3,A,11,13,2,8,5,8,15,13,3,2,0,0,4.0,3.1,2.05
2021,17/02/2021,Levante,Ath Madrid,1,1,D,1,1,D,7,14,4,6,1,8,10,10,1,3,0,0,4.75,3.4,1.8
2021,19/02/2021,Betis,Getafe,1,0,H,0,0,D,12,6,5,1,5,2,17,18,5,4,1,0,2.05,3.1,4.1
2021,20/02/2021,Elche,Eibar,1,0,H,1,0,H,6,13,2,3,1,4,16,9,2,1,0,0,3.6,3.25,2.15
2021,20/02/2021,Ath Madrid,Levante,0,2,A,0,1,A,28,6,11,1,12,2,10,15,2,3,0,0,1.53,4.0,7.0
2021,20/02/2021,Valencia,Celta,2,0,H,0,0,D,10,5,3,2,6,1,9,19,2,3,0,1,2.45,3.2,3.0
2021,20/02/2021,Valladolid,Real Madrid,0,1,A,0,0,D,9,10,5,2,4,5,13,11,4,2,0,0,5.5,4.2,1.57
2021,21/02/2021,Barcelona,Cadiz,1,1,D,1,0,H,20,3,4,1,8,0,13,12,0,2,0,0,1.16,8.0,13.0
2021,21/02/2021,Sociedad,Alaves,4,0,H,1,0,H,8,7,4,2,4,3,17,16,3,2,0,0,1.66,3.75,5.5
2021,21/02/2021,Huesca,Granada,3,2,H,3,1,H,15,8,6,5,5,2,13,14,3,3,0,1,2.15,3.3,3.5
2021,21/02/2021,Ath Bilbao,Villarreal,1,1,D,1,1,D,18,3,8,2,6,0,12,12,2,2,0,0,2.45,3.2,3.0
2021,22/02/2021,Osasuna,Sevilla,0,2,A,0,1,A,6,10,0,5,3,5,14,15,2,2,0,0,4.0,3.3,2.0
2021,24/02/2021,Barcelona,Elche,3,0,H,0,0,D,9,6,5,1,6,3,8,8,0,0,0,0,1.12,9.0,19.0
2021,26/02/2021,Levante,Ath Bilbao,1,1,D,1,0,H,10,11,4,5,2,10,11,13,3,1,0,1,3.3,3.25,2.25
2021,27/02/2021,Eibar,Huesca,1,1,D,0,0,D,17,4,3,1,6,2,19,11,2,2,0,0,2.15,3.3,3.5
2021,27/02/2021,Sevilla,Barcelona,0,2,A,0,1,A,4,9,2,5,3,3,20,9,5,2,0,0,3.2,3.5,2.2
2021,27/02/2021,Alaves,Osasuna,0,1,A,0,0,D,4,6,1,3,5,2,18,20,3,4,0,0,2.62,2.9,3.0
2021,27/02/2021,Getafe,Valencia,3,0,H,1,0,H,15,5,4,0,3,6,21,12,5,2,0,1,2.5,3.0,3.1
2021,28/02/2021,Celta,Valladolid,1,1,D,0,0,D,11,7,2,3,3,5,20,20,3,5,0,0,1.75,3.75,4.5
2021,28/02/2021,Cadiz,Betis,0,1,A,0,0,D,5,9,3,4,3,7,9,13,1,2,0,0,3.8,3.3,2.05
2021,28/02/2021,Granada,Elche,2,1,H,1,1,D,13,12,4,4,5,5,14,12,3,2,0,0,2.1,3.1,4.0
2021,28/02/2021,Villarreal,Ath Madrid,0,2,A,0,1,A,19,6,6,5,10,2,15,19,2,3,0,0,3.2,3.1,2.45
2021,01/03/2021,Real Madrid,Sociedad,1,1,D,0,0,D,21,6,2,2,13,4,5,10,0,1,0,0,1.83,4.0,4.0
2021,05/03/2021,Valencia,Villarreal,2,1,H,0,1,A,25,10,4,5,5,3,12,10,4,3,0,0,4.0,3.4,1.95
2021,06/03/2021,Valladolid,Getafe,2,1,H,2,1,H,4,9,3,2,1,6,16,19,2,2,0,1,3.0,2.8,2.7
2021,06/03/2021,Elche,Sevilla,2,1,H,0,0,D,6,11,3,3,6,3,16,11,4,0,0,0,6.5,3.6,1.6
2021,06/03/2021,Cadiz,Eibar,1,0,H,1,0,H,6,16,2,1,0,12,7,11,2,2,0,0,3.25,3.2,2.3
2021,06/03/2021,Osasuna,Barcelona,0,2,A,0,1,A,10,13,3,6,3,4,4,12,0,2,0,0,5.75,4.5,1.5
2021,07/03/2021,Huesca,Celta,3,4,A,2,2,D,19,10,7,7,6,3,12,21,0,2,0,0,3.0,3.3,2.4
2021,07/03/2021,Ath Madrid,Real Madrid,1,1,D,1,0,H,11,18,5,8,1,6,19,9,5,1,0,0,2.55,3.25,2.8
2021,07/03/2021,Sociedad,Levante,1,0,H,1,0,H,25,6,8,1,7,5,13,14,0,2,0,0,1.44,4.33,7.5
2021,07/03/2021,Ath Bilbao,Granada,2,1,H,1,0,H,7,13,5,3,6,9,10,10,2,2,0,0,1.57,4.0,5.75
2021,08/03/2021,Betis,Alaves,3,2,H,0,2,A,23,4,8,3,12,1,13,11,0,3,0,0,1.72,3.8,4.75
2021,10/03/2021,Ath Madrid,Ath Bilbao,2,1,H,1,1,D,11,4,5,2,5,4,12,13,2,2,0,0,1.8,3.3,5.25
2021,12/03/2021,Levante,Valencia,1,0,H,1,0,H,11,11,3,2,3,3,17,13,3,4,0,0,2.25,3.4,3.2
2021,13/03/2021,Alaves,Cadiz,1,1,D,1,0,H,9,9,3,1,2,5,22,6,3,3,1,0,2.15,3.1,3.8
2021,13/03/2021,Real Madrid,Elche,2,1,H,0,0,D,17,3,4,2,6,1,11,16,1,1,0,0,1.18,7.0,15.0
2021,13/03/2021,Osasuna,Valladolid,0,0,D,0,0,D,14,12,2,2,7,3,12,9,2,3,0,0,2.2,3.1,3.6
2021,13/03/2021,Getafe,Ath Madrid,0,0,D,0,0,D,11,15,2,7,3,11,9,17,1,4,1,0,4.75,3.1,1.9
2021,14/03/2021,Celta,Ath Bilbao,0,0,D,0,0,D,13,6,3,1,1,3,20,13,3,1,0,0,2.7,3.2,2.7
2021,14/03/2021,Granada,Sociedad,1,0,H,0,0,D,7,7,2,1,4,6,23,16,2,3,0,0,5.5,4.2,1.57
2021,14/03/2021,Eibar,Villarreal,1,3,A,0,2,A,16,13,7,8,7,2,12,9,2,2,0,1,2.9,3.4,2.4
2021,14/03/2021,Sevilla,Betis,1,0,H,1,0,H,9,13,3,3,3,6,12,14,3,5,0,0,2.0,3.4,3.75
2021,15/03/2021,Barcelona,Huesca,4,1,H,2,1,H,12,8,5,4,7,3,8,13,0,2,0,0,1.18,7.5,13.0
2021,17/03/2021,Sevilla,Elche,2,0,H,1,0,H,13,11,8,5,4,1,9,8,2,1,0,0,1.4,4.5,8.0
2021,19/03/2021,Betis,Levante,2,0,H,0,0,D,15,7,6,1,4,1,14,10,2,0,0,0,1.72,3.8,4.5
2021,20/03/2021,Ath Bilbao,Eibar,1,1,D,1,1,D,18,4,4,2,10,1,5,15,1,1,0,0,1.75,3.6,4.75
2021,20/03/2021,Celta,Real Madrid,1,3,A,1,2,A,8,16,3,4,1,7,23,13,3,4,0,0,4.33,4.0,1.72
2021,20/03/2021,Huesca,Osasuna,0,0,D,0,0,D,15,7,3,2,5,1,9,13,1,2,0,0,2.45,3.2,3.0
2021,20/03/2021,Valladolid,Sevilla,1,1,D,1,0,H,3,12,2,4,2,8,17,10,3,1,0,0,4.33,3.5,1.83
2021,21/03/2021,Getafe,Elche,1,1,D,0,1,A,12,6,5,2,4,8,17,21,3,7,0,0,1.83,3.25,4.75
2021,21/03/2021,Valencia,Granada,2,1,H,1,0,H,18,15,9,3,3,4,11,11,0,3,0,0,2.0,3.5,3.75
2021,21/03/2021,Villarreal,Cadiz,2,1,H,1,0,H,13,9,4,3,5,6,14,6,3,3,0,0,1.44,4.2,7.5
2021,21/03/2021,Ath Madrid,Alaves,1,0,H,0,0,D,8,9,4,3,5,5,17,12,3,3,0,0,1.36,4.5,10.0
2021,21/03/2021,Sociedad,Barcelona,1,6,A,0,2,A,10,14,5,10,1,1,11,12,3,2,0,0,3.6,3.8,1.95
2021,02/04/2021,Levante,Huesca,0,2,A,0,1,A,13,6,3,2,8,2,15,7,2,2,0,0,2.37,3.3,3.0
2021,03/04/2021,Granada,Villarreal,0,3,A,0,2,A,6,15,2,6,3,5,14,14,2,2,0,0,3.8,3.3,2.05
2021,03/04/2021,Real Madrid,Eibar,2,0,H,1,0,H,21,10,8,4,6,9,6,8,0,2,0,0,1.33,5.5,8.0
2021,03/04/2021,Osasuna,Getafe,0,0,D,0,0,D,4,6,1,2,2,4,23,18,2,3,0,0,2.55,2.8,3.2
2021,04/04/2021,Alaves,Celta,1,3,A,0,3,A,17,8,7,6,6,2,9,21,4,5,0,1,3.0,3.2,2.5
2021,04/04/2021,Elche,Betis,1,1,D,1,1,D,7,13,3,3,7,2,9,15,1,4,0,0,4.33,3.75,1.8
2021,04/04/2021,Cadiz,Valencia,2,1,H,1,1,D,6,12,2,6,4,13,10,7,2,2,0,0,3.1,3.1,2.45
2021,04/04/2021,Sevilla,Ath Madrid,1,0,H,0,0,D,18,9,5,4,3,2,13,11,2,4,0,0,2.9,3.0,2.7
2021,05/04/2021,Barcelona,Valladolid,1,0,H,0,0,D,25,7,10,2,4,1,12,13,3,3,0,1,1.12,9.0,19.0
2021,07/04/2021,Sociedad,Ath Bilbao,1,1,D,0,0,D,12,11,2,2,3,6,18,7,3,1,0,0,2.1,3.3,3.6
2021,09/04/2021,Huesca,Elche,3,1,H,2,1,H,8,8,5,2,6,6,17,13,2,2,0,0,2.0,3.2,4.1
2021,10/04/2021,Getafe,Cadiz,0,1,A,0,0,D,19,8,4,3,10,4,10,13,3,2,0,0,1.9,3.1,4.5
2021,10/04/2021,Ath Bilbao,Alaves,0,0,D,0,0,D,11,9,4,0,6,6,13,15,2,2,0,0,1.9,3.3,4.4
2021,10/04/2021,Eibar,Levante,0,1,A,0,1,A,10,6,4,1,6,3,9,7,3,2,0,0,2.2,3.5,3.1
2021,10/04/2021,Real Madrid,Barcelona,2,1,H,2,0,H,14,18,3,4,5,6,16,10,3,4,1,0,2.8,3.8,2.3
2021,11/04/2021,Villarreal,Osasuna,1,2,A,0,0,D,15,12,6,4,6,5,6,12,0,0,0,0,1.61,3.6,6.0
2021,11/04/2021,Valencia,Sociedad,2,2,D,0,2,A,9,16,2,5,4,5,11,17,6,4,1,0,3.5,3.3,2.1
2021,11/04/2021,Valladolid,Granada,1,2,A,1,0,H,7,12,3,6,2,4,14,15,4,2,0,0,2.05,3.4,3.6
2021,11/04/2021,Betis,Ath Madrid,1,1,D,1,1,D,8,10,4,4,5,5,12,13,0,0,0,0,3.25,3.2,2.3
2021,12/04/2021,Celta,Sevilla,3,4,A,3,2,H,12,13,5,6,5,2,18,15,3,2,0,0,3.5,3.3,2.15
2021,18/04/2021,Osasuna,Elche,2,0,H,1,0,H,9,8,3,2,4,5,14,15,2,1,0,0,1.9,3.3,4.33
2021,18/04/2021,Sociedad,Sevilla,1,2,A,1,2,A,5,15,2,7,7,3,20,15,3,2,0,0,2.9,3.25,2.45
2021,18/04/2021,Alaves,Huesca,1,0,H,0,0,D,10,9,2,1,7,3,15,13,1,2,0,0,2.37,3.1,3.25
2021,18/04/2021,Ath Madrid,Eibar,5,0,H,2,0,H,10,0,7,0,8,3,10,10,0,1,0,0,1.4,4.33,9.0
2021,18/04/2021,Betis,Valencia,2,2,D,2,1,H,9,9,5,3,6,3,12,10,3,1,0,0,1.85,3.6,4.2
2021,18/04/2021,Cadiz,Celta,0,0,D,0,0,D,5,11,2,4,4,7,6,13,0,1,0,0,3.6,3.5,2.05
2021,18/04/2021,Getafe,Real Madrid,0,0,D,0,0,D,19,10,6,2,6,6,17,8,3,1,0,0,6.0,3.75,1.61
2021,18/04/2021,Levante,Villarreal,1,5,A,1,2,A,12,14,3,7,4,5,9,7,2,1,0,0,3.75,3.4,2.05
2021,21/04/2021,Levante,Sevilla,0,1,A,0,0,D,6,10,1,3,2,3,15,13,4,1,0,0,5.0,4.2,1.61
2021,21/04/2021,Osasuna,Valencia,3,1,H,2,1,H,18,10,9,5,5,6,17,11,1,2,0,0,2.3,3.25,3.2
2021,21/04/2021,Betis,Ath Bilbao,0,0,D,0,0,D,6,16,2,4,5,4,10,16,3,2,1,0,2.37,3.3,3.0
2021,21/04/2021,Alaves,Villarreal,2,1,H,1,0,H,9,10,4,5,3,8,8,11,2,1,0,0,4.33,3.6,1.83
2021,21/04/2021,Elche,Valladolid,1,1,D,1,0,H,9,12,3,4,4,6,23,11,5,3,0,0,2.8,3.0,2.7
2021,21/04/2021,Cadiz,Real Madrid,0,3,A,0,3,A,14,14,3,4,7,3,13,21,4,3,0,0,9.0,4.75,1.36
2021,22/04/2021,Ath Madrid,Huesca,2,0,H,1,0,H,18,5,12,2,8,1,9,11,2,0,0,0,1.36,4.75,9.0
2021,22/04/2021,Granada,Eibar,4,1,H,2,0,H,8,16,4,3,4,7,13,10,1,1,0,0,2.37,3.1,3.2
2021,22/04/2021,Sociedad,Celta,2,1,H,2,1,H,7,10,3,3,2,4,17,17,4,5,0,0,1.9,3.5,4.1
2021,22/04/2021,Barcelona,Getafe,5,2,H,3,1,H,9,5,6,1,3,1,8,15,2,0,0,0,1.25,5.75,13.0
2021,24/04/2021,Elche,Levante,1,0,H,1,0,H,8,6,3,1,4,2,10,14,3,4,0,0,2.7,3.2,2.6
2021,24/04/2021,Valladolid,Cadiz,1,1,D,1,0,H,13,6,6,2,5,7,11,20,1,3,0,0,1.9,3.25,4.33
2021,24/04/2021,Valencia,Alaves,1,1,D,0,0,D,9,6,2,2,7,2,17,16,4,0,0,1,2.1,3.25,3.6
2021,24/04/2021,Real Madrid,Betis,0,0,D,0,0,D,17,6,5,2,8,2,17,13,1,2,0,0,1.45,4.75,6.5
2021,25/04/2021,Huesca,Getafe,0,2,A,0,1,A,8,6,1,4,1,0,16,22,2,4,0,0,2.75,2.9,2.8
2021,25/04/2021,Villarreal,Barcelona,1,2,A,1,2,A,10,15,4,5,6,1,16,10,2,3,1,0,4.5,4.2,1.66
2021,25/04/2021,Celta,Osasuna,2,1,H,1,0,H,7,12,2,3,2,8,13,12,1,4,0,0,2.2,3.3,3.25
2021,25/04/2021,Sevilla,Granada,2,1,H,1,0,H,10,4,4,2,5,5,11,14,2,3,0,0,1.4,4.75,7.5
2021,25/04/2021,Ath Bilbao,Ath Madrid,2,1,H,1,0,H,11,14,3,3,4,11,20,7,4,2,0,0,4.0,3.5,1.85
2021,26/04/2021,Eibar,Sociedad,0,1,A,0,1,A,14,5,5,2,2,3,8,20,5,1,0,0,4.0,3.6,1.85
2021,28/04/2021,Ath Bilbao,Valladolid,2,2,D,1,0,H,13,14,7,4,5,7,8,13,1,1,0,0,1.85,3.2,5.0
2021,29/04/2021,Barcelona,Granada,1,2,A,1,0,H,16,6,4,2,6,1,10,22,0,4,0,0,1.14,8.0,17.0
2021,30/04/2021,Celta,Levante,2,0,H,0,0,D,8,10,5,2,1,5,12,13,2,2,0,0,1.8,3.75,4.33
2021,01/05/2021,Eibar,Alaves,3,0,H,1,0,H,15,6,4,2,10,5,12,12,0,2,0,0,2.5,3.1,3.0
2021,01/05/2021,Elche,Ath Madrid,0,1,A,0,1,A,6,11,1,4,3,2,20,16,3,3,0,0,9.0,4.33,1.4
2021,01/05/2021,Huesca,Sociedad,1,0,H,0,0,D,10,7,3,3,2,7,14,11,2,2,0,0,3.75,3.5,2.0
2021,01/05/2021,Real Madrid,Osasuna,2,0,H,0,0,D,22,3,6,2,7,0,9,12,0,2,0,0,1.36,5.0,8.5
2021,02/05/2021,Valladolid,Betis,1,1,D,0,0,D,10,11,2,4,3,2,7,14,2,5,0,0,3.0,3.5,2.3
2021,02/05/2021,Villarreal,Getafe,1,0,H,0,0,D,4,15,3,3,4,4,13,17,1,2,0,0,2.1,2.9,4.1
2021,02/05/2021,Granada,Cadiz,0,1,A,0,1,A,9,8,2,4,6,5,12,10,7,2,1,0,1.85,3.3,4.75
2021,02/05/2021,Valencia,Barcelona,2,3,A,0,0,D,9,14,4,7,2,1,12,14,2,1,0,0,7.0,5.5,1.36
2021,03/05/2021,Sevilla,Ath Bilbao,0,1,A,0,0,D,18,8,3,2,6,2,13,15,1,0,0,0,1.57,4.0,5.75
2021,07/05/2021,Sociedad,Elche,2,0,H,0,0,D,16,1,3,0,7,0,8,10,1,3,0,1,1.45,4.1,8.0
2021,08/05/2021,Alaves,Levante,2,2,D,1,2,A,15,6,5,3,8,3,12,18,2,1,0,0,2.1,3.4,3.5
2021,08/05/2021,Barcelona,Ath Madrid,0,0,D,0,0,D,12,11,7,6,5,7,13,26,3,3,0,0,1.75,3.8,4.5
2021,08/05/2021,Cadiz,Huesca,2,1,H,2,1,H,11,13,1,5,3,3,14,13,4,0,0,0,3.6,3.2,2.15
2021,08/05/2021,Ath Bilbao,Osasuna,2,2,D,1,1,D,13,13,3,4,10,4,4,10,1,2,0,0,1.8,3.5,4.75
2021,09/05/2021,Getafe,Eibar,0,1,A,0,0,D,10,7,2,3,4,2,11,11,1,2,0,0,2.15,3.1,3.75
2021,09/05/2021,Valencia,Valladolid,3,0,H,1,0,H,6,19,3,2,1,9,17,6,0,0,0,0,2.05,3.3,3.8
2021,09/05/2021,Villarreal,Celta,2,4,A,1,3,A,16,11,7,6,5,3,11,16,3,3,2,1,1.95,3.6,3.8
2021,09/05/2021,Real Madrid,Sevilla,2,2,D,0,1,A,16,7,6,3,7,3,8,8,1,2,0,0,1.9,3.75,3.75
2021,10/05/2021,Betis,Granada,2,1,H,1,0,H,14,11,6,5,9,2,16,11,2,4,0,0,1.75,3.8,4.75
2021,11/05/2021,Osasuna,Cadiz,3,2,H,1,0,H,14,10,4,4,3,5,15,12,2,2,0,0,1.95,3.4,4.0
2021,11/05/2021,Elche,Alaves,0,2,A,0,1,A,11,9,4,2,7,5,21,15,2,4,0,0,2.9,3.0,2.6
2021,11/05/2021,Levante,Barcelona,3,3,D,0,2,A,16,17,6,5,8,6,12,4,2,2,0,0,12.0,8.0,1.18
2021,12/05/2021,Sevilla,Valencia,1,0,H,0,0,D,10,6,4,2,3,5,17,6,2,2,0,0,1.44,4.5,7.0
2021,12/05/2021,Celta,Getafe,1,0,H,1,0,H,4,13,1,4,1,5,16,18,1,3,0,0,2.35,3.25,3.0
2021,12/05/2021,Huesca,Ath Bilbao,1,0,H,0,0,D,18,4,6,3,5,0,9,14,0,1,0,0,2.5,3.2,2.9
2021,12/05/2021,Ath Madrid,Sociedad,2,1,H,2,0,H,12,14,4,7,1,7,11,15,0,0,0,0,1.6,4.0,5.5
2021,13/05/2021,Valladolid,Villarreal,0,2,A,0,0,D,11,9,2,3,3,6,15,14,3,1,0,0,3.8,3.5,1.95
2021,13/05/2021,Eibar,Betis,1,1,D,0,1,A,14,9,4,4,5,4,12,8,3,1,0,0,2.8,3.25,2.55
2021,13/05/2021,Granada,Real Madrid,1,4,A,0,2,A,10,16,5,7,2,3,15,9,3,3,0,0,8.0,4.5,1.4
2021,16/05/2021,Alaves,Granada,4,2,H,2,1,H,14,5,9,2,6,1,7,11,2,4,0,0,1.83,3.75,4.0
2021,16/05/2021,Ath Bilbao,Real Madrid,0,1,A,0,0,D,8,11,1,2,4,11,10,7,3,2,1,0,5.0,4.2,1.6
2021,16/05/2021,Ath Madrid,Osasuna,2,1,H,0,0,D,26,5,9,2,8,0,2,13,1,2,0,0,1.22,5.75,15.0
2021,16/05/2021,Barcelona,Celta,1,2,A,1,1,D,20,4,4,4,7,1,9,14,3,2,1,0,1.2,7.5,11.0
2021,16/05/2021,Betis,Huesca,1,0,H,0,0,D,10,7,2,0,2,5,15,19,1,5,0,1,1.75,3.8,4.33
2021,16/05/2021,Cadiz,Elche,1,3,A,1,0,H,7,20,3,5,1,8,13,15,3,4,0,0,3.2,3.1,2.35
2021,16/05/2021,Getafe,Levante,2,1,H,1,1,D,9,5,3,1,3,4,15,11,5,0,1,0,1.61,3.8,5.75
2021,16/05/2021,Sociedad,Valladolid,4,1,H,4,0,H,13,19,8,5,2,4,16,11,2,4,0,1,1.61,3.75,6.0
2021,16/05/2021,Valencia,Eibar,4,1,H,3,1,H,9,20,5,8,2,10,5,7,0,0,0,0,2.87,3.4,2.37
2021,16/05/2021,Villarreal,Sevilla,4,0,H,1,0,H,12,17,5,5,3,6,9,7,0,3,0,1,2.37,3.4,2.87
2021,21/05/2021,Levante,Cadiz,2,2,D,1,2,A,17,6,4,2,7,0,17,8,0,2,0,0,1.75,4.1,4.1
2021,22/05/2021,Celta,Betis,2,3,A,1,0,H,11,11,4,5,8,4,20,20,6,7,0,1,3.2,3.8,2.1
2021,22/05/2021,Eibar,Barcelona,0,1,A,0,0,D,17,7,3,3,6,3,11,15,0,3,0,0,4.33,4.75,1.65
2021,22/05/2021,Elche,Ath Bilbao,2,0,H,1,0,H,8,8,3,2,3,1,10,6,3,0,0,0,1.95,3.6,3.8
2021,22/05/2021,Huesca,Valencia,0,0,D,0,0,D,23,11,8,4,9,3,17,15,2,1,0,0,1.65,4.2,5.0
2021,22/05/2021,Osasuna,Sociedad,0,1,A,0,0,D,7,11,1,1,3,3,15,7,1,0,0,0,5.0,4.33,1.61
2021,22/05/2021,Real Madrid,Villarreal,2,1,H,0,1,A,14,6,4,2,6,1,8,13,0,0,0,0,1.4,5.0,6.5
2021,22/05/2021,Valladolid,Ath Madrid,1,2,A,1,0,H,10,14,4,3,4,6,11,11,4,6,0,0,9.0,5.25,1.33
2021,23/05/2021,Granada,Getafe,0,0,D,0,0,D,9,11,3,2,6,3,16,13,4,2,0,0,2.62,3.4,2.6
2021,23/05/2021,Sevilla,Alaves,1,0,H,0,0,D,11,11,2,2,6,4,11,8,1,0,0,0,1.5,4.33,6.5
2122,13/08/2021,Valencia,Getafe,1,0,H,1,0,H,4,22,2,4,1,9,24,15,6,3,1,1,2.55,3.0,3.1
2122,14/08/2021,Cadiz,Levante,1,1,D,0,1,A,7,12,2,3,2,4,10,16,1,5,0,0,2.8,3.25,2.6
2122,14/08/2021,Mallorca,Betis,1,1,D,1,0,H,6,10,2,1,4,3,12,18,1,3,0,0,3.3,3.4,2.2
2122,14/08/2021,Alaves,Real Madrid,1,4,A,0,0,D,11,19,4,7,0,4,14,10,1,2,0,0,7.0,4.75,1.44
2122,14/08/2021,Osasuna,Espanol,0,0,D,0,0,D,14,10,1,3,4,6,18,12,3,3,0,0,2.25,3.2,3.4
2122,15/08/2021,Celta,Ath Madrid,1,2,A,0,1,A,10,13,2,4,2,5,11,9,4,5,1,1,4.2,3.4,1.9
2122,15/08/2021,Barcelona,Sociedad,4,2,H,2,0,H,13,11,8,3,5,3,11,18,2,4,0,0,1.72,4.0,4.5
2122,15/08/2021,Sevilla,Vallecano,3,0,H,1,0,H,21,4,8,3,4,0,14,7,1,0,0,1,1.44,4.2,8.0
2122,16/08/2021,Villarreal,Granada,0,0,D,0,0,D,14,6,4,1,6,2,19,21,5,1,1,0,1.53,4.2,6.5
2122,16/08/2021,Elche,Ath Bilbao,0,0,D,0,0,D,8,9,2,3,6,8,13,19,2,2,0,0,3.8,3.3,2.05
2122,20/08/2021,Betis,Cadiz,1,1,D,1,1,D,16,8,7,3,4,5,12,10,4,0,0,0,1.5,4.2,7.0
2122,21/08/2021,Alaves,Mallorca,0,1,A,0,0,D,9,12,4,2,1,8,14,15,3,3,1,0,2.25,3.2,3.4
2122,21/08/2021,Espanol,Villarreal,0,0,D,0,0,D,14,12,3,2,9,7,10,10,3,4,0,0,3.1,3.4,2.3
2122,21/08/2021,Granada,Valencia,1,1,D,1,0,H,9,18,2,7,2,6,14,12,4,2,0,0,2.45,3.4,2.87
2122,21/08/2021,Ath Bilbao,Barcelona,1,1,D,0,0,D,16,9,7,3,13,2,15,10,1,2,0,1,4.0,3.75,1.85
2122,22/08/2021,Sociedad,Vallecano,1,0,H,0,0,D,13,9,8,1,5,4,19,15,3,4,0,0,1.44,4.33,7.5
2122,22/08/2021,Ath Madrid,Elche,1,0,H,1,0,H,8,4,4,2,2,1,16,10,2,2,0,0,1.22,5.75,17.0
2122,22/08/2021,Levante,Real Madrid,3,3,D,0,1,A,8,19,4,5,4,6,17,7,3,2,1,0,5.0,4.33,1.6
2122,23/08/2021,Getafe,Sevilla,0,1,A,0,0,D,12,9,0,3,5,4,18,10,2,2,0,0,3.5,3.2,2.2
2122,23/08/2021,Osasuna,Celta,0,0,D,0,0,D,15,4,7,0,1,2,19,8,4,3,0,0,2.62,3.25,2.75
2122,27/08/2021,Mallorca,Espanol,1,0,H,1,0,H,12,8,6,3,3,2,16,17,4,3,0,1,2.6,2.9,3.1
2122,27/08/2021,Valencia,Alaves,3,0,H,2,0,H,9,10,4,3,4,4,20,15,1,4,0,0,1.75,3.6,4.75
2122,28/08/2021,Celta,Ath Bilbao,0,1,A,0,1,A,13,6,0,2,5,4,12,11,2,1,0,0,2.4,3.2,3.1
2122,28/08/2021,Elche,Sevilla,1,1,D,1,1,D,7,18,4,5,5,3,6,9,2,0,0,0,5.0,3.6,1.72
2122,28/08/2021,Sociedad,Levante,1,0,H,1,0,H,7,6,2,0,2,2,17,13,1,1,0,0,1.53,4.2,6.0
2122,28/08/2021,Betis,Real Madrid,0,1,A,0,0,D,11,13,6,3,3,7,15,13,5,3,0,0,4.2,3.8,1.8
2122,29/08/2021,Barcelona,Getafe,2,1,H,2,1,H,7,8,3,3,3,2,16,22,3,1,0,0,1.4,4.75,7.5
2122,29/08/2021,Cadiz,Osasuna,2,3,A,1,0,H,7,14,3,4,4,11,9,6,4,0,0,0,3.2,3.0,2.45
2122,29/08/2021,Vallecano,Granada,4,0,H,3,0,H,19,9,6,3,5,6,19,14,1,4,0,0,2.55,3.2,2.87
2122,29/08/2021,Ath Madrid,Villarreal,2,2,D,0,0,D,24,2,5,2,16,0,11,6,4,2,0,0,1.75,3.4,5.25
2122,11/09/2021,Levante,Vallecano,1,1,D,1,0,H,7,22,2,6,2,5,14,16,3,4,0,0,2.1,3.4,3.5
2122,11/09/2021,Ath Bilbao,Mallorca,2,0,H,0,0,D,19,7,5,1,7,2,7,13,1,2,0,0,1.72,3.6,5.25
2122,12/09/2021,Espanol,Ath Madrid,1,2,A,1,0,H,9,13,3,3,6,3,10,11,1,4,0,0,4.33,3.3,1.9
2122,12/09/2021,Osasuna,Valencia,1,4,A,1,1,D,11,10,2,4,4,4,20,14,4,2,0,0,2.4,3.2,3.1
2122,12/09/2021,Cadiz,Sociedad,0,2,A,0,0,D,6,16,1,4,2,8,10,9,4,0,1,0,5.0,3.6,1.75
2122,12/09/2021,Real Madrid,Celta,5,2,H,1,2,A,15,11,11,4,7,3,8,16,2,3,0,0,1.36,5.25,8.0
2122,13/09/2021,Getafe,Elche,0,1,A,0,0,D,10,8,1,3,8,2,6,14,2,3,0,0,1.8,3.4,4.75
2122,13/09/2021,Granada,Betis,1,2,A,0,1,A,11,19,2,9,6,8,7,14,1,2,0,0,3.1,3.25,2.37
2122,17/09/2021,Celta,Cadiz,1,2,A,0,2,A,14,7,4,3,7,1,8,8,3,3,0,0,1.45,4.33,7.0
2122,18/09/2021,Vallecano,Getafe,3,0,H,1,0,H,11,13,5,3,5,3,20,16,6,7,0,0,2.37,2.9,3.4
2122,18/09/2021,Ath Madrid,Ath Bilbao,0,0,D,0,0,D,14,6,2,0,5,5,10,13,6,2,1,0,1.65,3.6,6.0
2122,18/09/2021,Elche,Levante,1,1,D,1,0,H,9,11,2,6,4,7,10,14,2,2,0,0,2.4,3.1,3.2
2122,18/09/2021,Alaves,Osasuna,0,2,A,0,2,A,8,13,3,5,2,8,11,14,4,3,0,0,3.1,3.0,2.55
2122,19/09/2021,Mallorca,Villarreal,0,0,D,0,0,D,10,11,1,3,3,1,11,16,2,3,0,0,3.5,3.0,2.3
2122,19/09/2021,Sociedad,Sevilla,0,0,D,0,0,D,11,11,4,4,5,6,16,11,2,3,0,0,2.55,3.2,2.87
2122,19/09/2021,Betis,Espanol,2,2,D,2,1,H,23,11,9,4,10,4,13,9,4,4,1,0,2.0,3.2,4.2
2122,19/09/2021,Valencia,Real Madrid,1,2,A,0,0,D,12,18,4,10,2,5,14,14,1,5,0,0,3.8,3.8,1.9
2122,20/09/2021,Barcelona,Granada,1,1,D,0,1,A,17,5,6,2,12,4,15,20,3,6,0,0,1.28,5.75,10.0
2122,21/09/2021,Getafe,Ath Madrid,1,2,A,1,0,H,7,12,2,4,2,5,15,11,4,5,1,0,6.0,3.5,1.66
2122,21/09/2021,Ath Bilbao,Vallecano,1,2,A,1,1,D,8,8,1,3,2,1,16,20,3,3,0,0,1.85,3.5,4.33
2122,21/09/2021,Levante,Celta,0,2,A,0,0,D,6,4,2,2,2,4,16,12,3,2,0,0,2.6,3.4,2.7
2122,22/09/2021,Espanol,Alaves,1,0,H,0,0,D,10,8,2,2,4,8,14,18,2,1,0,0,1.8,3.5,4.75
2122,22/09/2021,Sevilla,Valencia,3,1,H,3,1,H,11,8,5,3,1,4,25,21,5,3,0,0,1.61,3.8,6.0
2122,22/09/2021,Real Madrid,Mallorca,6,1,H,3,1,H,18,17,12,5,3,2,18,8,2,1,0,0,1.22,6.5,12.0
2122,22/09/2021,Villarreal,Elche,4,1,H,2,1,H,14,9,9,3,8,7,16,11,1,2,0,0,1.5,4.2,6.5
2122,23/09/2021,Granada,Sociedad,2,3,A,1,0,H,10,20,2,11,4,7,11,16,5,1,0,0,4.2,3.4,1.9
2122,23/09/2021,Osasuna,Betis,1,3,A,1,1,D,11,16,3,9,4,7,18,10,2,0,0,0,2.37,3.25,3.0
2122,23/09/2021,Cadiz,Barcelona,0,0,D,0,0,D,13,6,3,2,4,5,16,8,3,4,0,1,6.0,4.33,1.5
2122,25/09/2021,Alaves,Ath Madrid,1,0,H,1,0,H,7,13,1,1,3,8,18,11,2,3,0,0,7.5,4.0,1.5
2122,25/09/2021,Valencia,Ath Bilbao,1,1,D,0,0,D,13,12,6,4,4,5,14,17,5,2,1,0,2.6,3.2,2.8
2122,25/09/2021,Sevilla,Espanol,2,0,H,1,0,H,12,13,5,2,4,8,10,8,4,0,1,0,1.57,3.8,6.5
2122,25/09/2021,Real Madrid,Villarreal,0,0,D,0,0,D,15,6,2,2,6,3,10,12,1,2,0,0,1.5,4.75,5.75
2122,26/09/2021,Mallorca,Osasuna,2,3,A,2,1,H,17,12,8,6,5,5,8,17,2,3,0,0,2.7,3.2,2.75
2122,26/09/2021,Barcelona,Levante,3,0,H,2,0,H,20,6,12,2,11,1,11,16,1,3,0,0,1.4,5.5,6.5
2122,26/09/2021,Sociedad,Elche,1,0,H,0,0,D,17,5,5,2,6,1,12,16,1,3,0,0,1.4,4.5,9.0
2122,26/09/2021,Vallecano,Cadiz,3,1,H,2,1,H,13,6,6,1,4,3,11,11,2,4,0,0,1.6,3.8,6.0
2122,26/09/2021,Betis,Getafe,2,0,H,1,0,H,20,8,5,3,3,3,12,19,1,3,0,0,1.75,3.6,4.75
2122,27/09/2021,Celta,Granada,1,0,H,0,0,D,14,7,5,4,5,3,9,12,2,7,0,0,1.61,4.0,5.5
2122,01/10/2021,Ath Bilbao,Alaves,1,0,H,1,0,H,16,17,5,5,13,9,16,12,3,2,0,0,1.53,3.75,7.5
2122,02/10/2021,Osasuna,Vallecano,1,0,H,0,0,D,7,7,3,0,6,3,19,9,3,3,0,0,2.15,3.4,3.4
2122,02/10/2021,Mallorca,Levante,1,0,H,0,0,D,9,6,7,2,8,3,18,25,4,4,0,0,2.1,3.2,3.4
2122,02/10/2021,Cadiz,Valencia,0,0,D,0,0,D,2,16,1,4,1,3,16,11,3,4,0,0,3.4,3.0,2.3
2122,02/10/2021,Ath Madrid,Barcelona,2,0,H,2,0,H,6,9,3,2,2,6,13,10,2,1,0,0,1.9,3.5,4.0
2122,03/10/2021,Elche,Celta,1,0,H,0,0,D,12,10,5,1,7,4,14,19,4,3,0,0,3.3,3.2,2.3
2122,03/10/2021,Espanol,Real Madrid,2,1,H,1,0,H,8,18,4,4,2,8,12,13,2,1,0,0,5.0,4.0,1.66
2122,03/10/2021,Getafe,Sociedad,1,1,D,1,0,H,9,10,2,5,2,5,16,11,4,2,0,0,3.6,3.1,2.2
2122,03/10/2021,Villarreal,Betis,2,0,H,1,0,H,11,10,5,3,4,6,14,9,2,4,0,0,2.0,3.6,3.6
2122,03/10/2021,Granada,Sevilla,1,0,H,1,0,H,3,14,1,3,2,6,13,11,3,4,0,1,4.8,3.4,1.72
2122,16/10/2021,Levante,Getafe,0,0,D,0,0,D,6,14,2,4,3,11,14,10,3,3,0,0,2.5,2.9,3.25
2122,16/10/2021,Sociedad,Mallorca,1,0,H,0,0,D,10,7,2,1,2,6,11,21,3,3,1,0,1.4,4.5,8.5
2122,17/10/2021,Vallecano,Elche,2,1,H,1,1,D,10,7,4,3,6,2,16,11,2,2,0,0,1.8,3.5,4.75
2122,17/10/2021,Celta,Sevilla,0,1,A,0,0,D,14,8,3,2,5,4,13,9,2,3,0,0,3.4,3.25,2.2
2122,17/10/2021,Villarreal,Osasuna,1,2,A,0,1,A,11,6,6,2,4,4,6,14,1,5,0,0,1.66,3.75,5.25
2122,17/10/2021,Barcelona,Valencia,3,1,H,2,1,H,12,9,5,3,9,3,16,13,2,3,0,0,1.5,4.33,6.5
2122,18/10/2021,Alaves,Betis,0,1,A,0,0,D,14,19,2,4,7,7,8,11,1,1,0,0,3.5,3.3,2.15
2122,18/10/2021,Espanol,Cadiz,2,0,H,1,0,H,14,13,6,2,7,9,8,10,1,0,0,0,1.66,3.6,5.75
2122,22/10/2021,Osasuna,Granada,1,1,D,1,0,H,17,9,6,4,4,1,15,11,1,3,1,0,1.72,3.5,5.25
2122,23/10/2021,Valencia,Mallorca,2,2,D,0,2,A,20,9,6,4,5,0,15,19,4,5,0,2,1.66,3.8,5.25
2122,23/10/2021,Cadiz,Alaves,0,2,A,0,1,A,23,8,4,4,14,3,11,14,0,2,0,0,2.5,2.9,3.2
2122,23/10/2021,Elche,Espanol,2,2,D,1,0,H,12,20,7,7,3,7,15,9,3,1,0,0,2.7,3.0,2.87
2122,23/10/2021,Ath Bilbao,Villarreal,2,1,H,1,1,D,14,11,7,3,9,2,7,12,0,3,0,0,2.45,3.0,3.2
2122,24/10/2021,Sevilla,Levante,5,3,H,3,1,H,18,12,11,7,10,3,13,6,1,2,0,0,1.44,4.2,8.0
2122,24/10/2021,Barcelona,Real Madrid,1,2,A,0,1,A,12,10,2,5,7,4,17,13,1,1,0,0,2.75,3.6,2.45
2122,24/10/2021,Betis,Vallecano,3,2,H,2,1,H,11,14,5,3,4,4,12,12,1,2,0,0,1.83,3.75,4.2
2122,24/10/2021,Ath Madrid,Sociedad,2,2,D,0,1,A,17,8,4,4,4,3,14,14,1,3,0,0,1.61,3.7,6.0
2122,25/10/2021,Getafe,Celta,0,3,A,0,0,D,11,16,2,8,2,7,15,11,2,2,2,0,2.5,3.0,3.1
2122,26/10/2021,Alaves,Elche,1,0,H,0,0,D,16,4,5,1,4,7,13,9,1,1,0,0,2.3,3.0,3.5
2122,26/10/2021,Espanol,Ath Bilbao,1,1,D,1,0,H,14,23,3,7,8,12,7,12,1,2,1,0,2.9,3.0,2.62
2122,26/10/2021,Villarreal,Cadiz,3,3,D,1,2,A,14,9,5,4,8,2,13,9,3,6,0,0,1.3,5.5,9.5
2122,27/10/2021,Mallorca,Sevilla,1,1,D,1,0,H,11,10,4,3,4,2,16,14,3,6,1,0,5.5,3.3,1.75
2122,27/10/2021,Vallecano,Barcelona,1,0,H,1,0,H,13,16,3,1,3,7,17,12,2,2,0,0,4.33,3.75,1.8
2122,27/10/2021,Betis,Valencia,4,1,H,2,1,H,14,10,9,4,4,7,14,19,2,5,0,0,1.85,3.5,4.5
2122,27/10/2021,Real Madrid,Osasuna,0,0,D,0,0,D,17,7,3,0,11,3,12,10,1,1,0,0,1.3,5.5,9.0
2122,28/10/2021,Celta,Sociedad,0,2,A,0,0,D,14,11,6,4,7,6,12,11,1,0,0,0,2.87,3.4,2.45
2122,28/10/2021,Granada,Getafe,1,1,D,0,1,A,18,6,3,4,5,0,10,15,1,4,0,0,2.6,2.8,3.25
2122,28/10/2021,Levante,Ath Madrid,2,2,D,1,1,D,10,7,3,3,5,2,15,11,3,5,1,0,5.5,3.8,1.65
2122,30/10/2021,Elche,Real Madrid,1,2,A,0,1,A,13,17,4,5,5,4,11,13,2,0,1,0,7.5,4.5,1.44
2122,30/10/2021,Sevilla,Osasuna,2,0,H,1,0,H,16,10,4,3,4,5,17,10,2,2,0,0,1.53,4.0,7.0
2122,30/10/2021,Valencia,Villarreal,2,0,H,1,0,H,9,11,3,1,7,6,19,17,2,4,0,0,2.9,3.4,2.45
2122,30/10/2021,Barcelona,Alaves,1,1,D,0,0,D,16,3,5,2,9,0,11,11,0,2,0,0,1.28,5.5,11.0
2122,31/10/2021,Cadiz,Mallorca,1,1,D,0,1,A,13,11,2,5,6,5,14,16,3,7,0,2,2.5,3.0,3.2
2122,31/10/2021,Ath Madrid,Betis,3,0,H,1,0,H,18,8,9,1,13,0,11,12,0,0,0,0,1.6,3.8,6.0
2122,31/10/2021,Getafe,Espanol,2,1,H,1,1,D,12,10,7,3,6,11,18,11,7,4,0,0,2.45,3.0,3.2
2122,31/10/2021,Sociedad,Ath Bilbao,1,1,D,0,0,D,8,11,3,5,2,7,21,14,4,3,0,1,2.1,3.2,3.8
2122,01/11/2021,Vallecano,Celta,0,0,D,0,0,D,11,10,5,4,4,7,13,14,2,5,0,0,2.37,3.25,3.1
2122,01/11/2021,Levante,Granada,0,3,A,0,2,A,12,12,3,6,3,5,14,13,4,2,0,0,1.95,3.4,4.0
2122,05/11/2021,Ath Bilbao,Cadiz,0,1,A,0,1,A,15,8,5,4,5,1,14,19,2,1,0,0,1.36,4.75,9.0
2122,06/11/2021,Espanol,Granada,2,0,H,2,0,H,17,18,6,5,5,3,12,8,1,1,0,0,1.85,3.4,4.5
2122,06/11/2021,Celta,Barcelona,3,3,D,0,3,A,18,10,4,6,3,1,18,18,3,6,0,0,3.3,3.6,2.1
2122,06/11/2021,Alaves,Levante,2,1,H,0,1,A,10,12,3,7,1,3,21,17,3,3,0,0,2.5,3.0,3.2
2122,06/11/2021,Real Madrid,Vallecano,2,1,H,2,0,H,15,19,7,7,4,5,8,14,1,2,0,0,1.33,5.5,8.0
2122,07/11/2021,Villarreal,Getafe,1,0,H,1,0,H,10,5,4,2,6,4,12,13,1,1,0,0,1.5,4.0,7.0
2122,07/11/2021,Valencia,Ath Madrid,3,3,D,0,1,A,11,13,5,7,9,0,12,17,2,2,0,0,4.5,3.2,1.95
2122,07/11/2021,Mallorca,Elche,2,2,D,0,0,D,18,7,6,2,3,3,11,19,2,3,0,0,2.05,3.0,4.33
2122,07/11/2021,Osasuna,Sociedad,0,2,A,0,0,D,6,9,2,4,5,2,11,12,0,2,0,0,3.1,3.3,2.35
2122,07/11/2021,Betis,Sevilla,0,2,A,0,0,D,8,11,1,2,2,1,12,13,3,1,1,0,3.0,3.3,2.45
2122,19/11/2021,Levante,Ath Bilbao,0,0,D,0,0,D,15,7,2,2,6,3,16,7,2,1,0,0,3.5,3.3,2.15
2122,20/11/2021,Celta,Villarreal,1,1,D,0,1,A,12,18,3,6,3,5,14,17,1,1,0,0,2.75,3.3,2.55
2122,20/11/2021,Sevilla,Alaves,2,2,D,1,2,A,16,8,6,3,5,2,14,17,4,4,0,0,1.44,4.33,8.5
2122,20/11/2021,Ath Madrid,Osasuna,1,0,H,0,0,D,15,9,2,3,7,4,7,8,2,2,0,0,1.44,4.33,8.0
2122,20/11/2021,Barcelona,Espanol,1,0,H,0,0,D,16,12,6,2,4,4,17,9,4,2,0,0,1.36,5.25,7.5
2122,21/11/2021,Getafe,Cadiz,4,0,H,1,0,H,17,10,8,2,3,7,14,7,2,4,0,0,2.0,3.1,4.33
2122,21/11/2021,Granada,Real Madrid,1,4,A,1,2,A,11,21,3,10,9,6,10,7,1,1,1,0,7.0,4.5,1.45
2122,21/11/2021,Elche,Betis,0,3,A,0,3,A,14,9,4,4,10,1,12,14,1,2,0,1,3.6,3.4,2.1
2122,21/11/2021,Sociedad,Valencia,0,0,D,0,0,D,9,8,2,3,2,4,11,16,4,7,1,0,1.72,3.8,4.75
2122,22/11/2021,Vallecano,Mallorca,3,1,H,2,0,H,15,11,6,5,6,4,14,17,3,2,0,0,1.8,3.5,4.75
2122,26/11/2021,Ath Bilbao,Granada,2,2,D,1,2,A,17,8,5,4,8,3,12,9,1,1,1,0,1.36,4.75,9.5
2122,27/11/2021,Alaves,Celta,1,2,A,1,1,D,13,8,5,5,5,3,12,15,3,2,0,0,2.9,3.1,2.55
2122,27/11/2021,Valencia,Vallecano,1,1,D,1,0,H,8,12,4,6,3,9,18,15,6,5,0,0,2.0,3.4,3.9
2122,27/11/2021,Mallorca,Getafe,0,0,D,0,0,D,12,11,2,0,2,0,8,19,3,0,0,0,2.3,2.9,3.75
2122,27/11/2021,Villarreal,Barcelona,1,3,A,0,0,D,14,12,2,6,4,4,19,14,2,2,0,0,2.7,3.4,2.6
2122,28/11/2021,Betis,Levante,3,1,H,0,1,A,26,8,8,2,5,8,16,9,2,3,0,0,1.66,4.2,4.75
2122,28/11/2021,Espanol,Sociedad,1,0,H,0,0,D,8,10,2,4,2,9,15,7,1,1,0,0,3.2,3.2,2.3
2122,28/11/2021,Cadiz,Ath Madrid,1,4,A,0,0,D,8,17,0,7,4,8,13,11,2,0,0,0,8.0,3.8,1.5
2122,28/11/2021,Real Madrid,Sevilla,2,1,H,1,1,D,14,11,4,6,0,4,10,9,3,3,0,0,1.7,4.0,4.75
2122,29/11/2021,Osasuna,Elche,1,1,D,1,1,D,17,10,4,4,5,4,16,12,1,3,0,0,1.8,3.4,4.75
2122,01/12/2021,Real Madrid,Ath Bilbao,1,0,H,1,0,H,17,18,7,2,7,6,12,13,2,3,0,0,1.44,4.75,7.0
2122,03/12/2021,Granada,Alaves,2,1,H,1,0,H,9,14,2,2,3,5,17,15,2,2,0,0,2.37,3.1,3.25
2122,04/12/2021,Sevilla,Villarreal,1,0,H,1,0,H,8,16,3,2,5,8,9,10,2,2,0,0,2.0,3.3,4.0
2122,04/12/2021,Barcelona,Betis,0,1,A,0,0,D,12,8,3,2,6,1,17,12,1,2,0,0,1.5,4.5,6.5
2122,04/12/2021,Ath Madrid,Mallorca,1,2,A,0,0,D,14,10,6,3,8,5,13,16,2,5,0,0,1.3,5.25,11.0
2122,04/12/2021,Sociedad,Real Madrid,0,2,A,0,0,D,11,13,0,8,5,5,12,8,2,0,0,0,3.3,3.3,2.25
2122,05/12/2021,Vallecano,Espanol,1,0,H,0,0,D,7,10,0,3,6,3,18,11,3,3,0,1,2.15,3.1,3.8
2122,05/12/2021,Elche,Cadiz,3,1,H,1,0,H,8,15,3,6,3,3,16,15,7,3,0,0,2.05,3.1,4.2
2122,05/12/2021,Levante,Osasuna,0,0,D,0,0,D,11,11,3,1,7,2,12,16,2,3,0,0,2.4,3.2,3.1
2122,05/12/2021,Celta,Valencia,1,2,A,1,1,D,11,8,5,5,6,4,10,22,3,2,0,0,2.1,3.25,3.75
2122,06/12/2021,Getafe,Ath Bilbao,0,0,D,0,0,D,17,9,5,3,5,3,14,14,2,1,0,0,3.5,3.0,2.3
2122,10/12/2021,Mallorca,Celta,0,0,D,0,0,D,12,14,1,5,7,4,14,11,3,2,0,0,2.5,3.0,3.1
2122,11/12/2021,Espanol,Levante,4,3,H,1,2,A,17,14,8,5,4,2,9,15,4,4,0,1,2.05,3.3,3.8
2122,11/12/2021,Alaves,Getafe,1,1,D,0,1,A,9,11,1,2,1,1,18,15,4,4,1,0,2.45,2.9,3.2
2122,11/12/2021,Valencia,Elche,2,1,H,1,0,H,21,8,8,4,8,1,15,12,3,2,0,0,1.75,3.5,5.0
2122,11/12/2021,Ath Bilbao,Sevilla,0,1,A,0,1,A,13,6,2,1,9,2,17,10,4,3,0,0,2.5,3.0,3.1
2122,12/12/2021,Villarreal,Vallecano,2,0,H,2,0,H,13,19,5,7,5,6,16,14,1,3,0,0,1.72,3.8,4.75
2122,12/12/2021,Osasuna,Barcelona,2,2,D,1,1,D,8,10,3,2,6,5,16,16,5,4,0,0,4.0,3.5,1.9
2122,12/12/2021,Betis,Sociedad,4,0,H,1,0,H,11,15,5,5,4,7,12,10,3,1,0,0,2.25,3.3,3.3
2122,12/12/2021,Real Madrid,Ath Madrid,2,0,H,1,0,H,7,9,3,6,3,6,17,15,2,3,0,0,2.05,3.5,3.6
2122,13/12/2021,Cadiz,Granada,1,1,D,1,0,H,13,16,3,5,8,1,14,10,5,0,1,0,2.6,3.1,2.9
2122,17/12/2021,Celta,Espanol,3,1,H,1,0,H,12,6,5,3,3,3,13,5,2,1,0,0,1.95,3.4,4.0
2122,18/12/2021,Vallecano,Alaves,2,0,H,2,0,H,20,6,5,4,5,5,12,19,1,2,0,0,1.72,3.6,5.0
2122,18/12/2021,Sociedad,Villarreal,1,3,A,1,1,D,8,15,4,8,5,5,9,15,2,3,1,0,2.15,3.3,3.5
2122,18/12/2021,Barcelona,Elche,3,2,H,2,0,H,19,5,8,3,5,0,13,17,1,3,0,0,1.3,5.5,10.0
2122,18/12/2021,Sevilla,Ath Madrid,2,1,H,1,1,D,6,15,2,3,4,7,15,14,2,1,0,0,2.75,3.0,2.8
2122,19/12/2021,Granada,Mallorca,4,1,H,1,1,D,15,8,6,5,4,2,12,15,3,2,0,0,2.5,3.0,3.1
2122,19/12/2021,Ath Bilbao,Betis,3,2,H,1,1,D,9,16,6,8,5,6,7,12,1,3,0,0,2.15,3.25,3.5
2122,19/12/2021,Getafe,Osasuna,1,0,H,0,0,D,18,11,4,2,4,3,14,8,3,1,0,0,2.4,2.9,3.4
2122,19/12/2021,Real Madrid,Cadiz,0,0,D,0,0,D,36,4,9,0,13,2,9,10,1,1,0,0,1.2,7.5,11.0
2122,20/12/2021,Levante,Valencia,3,4,A,2,1,H,15,15,9,8,6,4,21,11,3,4,0,0,2.7,3.2,2.75
2122,21/12/2021,Villarreal,Alaves,5,2,H,2,1,H,24,4,10,2,6,2,16,14,0,2,0,0,1.33,5.0,9.5
2122,21/12/2021,Sevilla,Barcelona,1,1,D,1,1,D,5,23,1,7,4,9,15,13,2,3,1,0,2.5,3.2,2.9
2122,22/12/2021,Granada,Ath Madrid,2,1,H,1,1,D,6,15,4,3,2,7,17,7,4,1,0,0,6.0,3.7,1.61
2122,22/12/2021,Ath Bilbao,Real Madrid,1,2,A,1,2,A,15,12,2,7,7,0,17,7,2,2,0,0,3.4,3.5,2.1
2122,31/12/2021,Valencia,Espanol,1,2,A,0,0,D,12,15,2,4,7,5,19,14,7,3,1,0,1.8,3.8,4.2
2122,02/01/2022,Getafe,Real Madrid,1,0,H,1,0,H,6,14,3,4,2,9,20,8,3,2,0,0,5.5,3.75,1.65
2122,02/01/2022,Ath Madrid,Vallecano,2,0,H,1,0,H,15,5,5,0,8,2,14,12,3,0,0,0,1.36,4.5,9.5
2122,02/01/2022,Elche,Granada,0,0,D,0,0,D,18,10,2,5,6,3,18,15,3,3,1,0,2.5,3.1,3.0
2122,02/01/2022,Alaves,Sociedad,1,1,D,0,1,A,19,10,5,4,2,3,22,10,3,3,0,0,3.5,3.1,2.25
2122,02/01/2022,Betis,Celta,0,2,A,0,2,A,18,7,7,5,3,3,15,11,1,2,0,0,1.72,3.75,4.75
2122,02/01/2022,Mallorca,Barcelona,0,1,A,0,1,A,13,13,3,4,4,3,22,24,5,2,0,0,3.4,3.4,2.15
2122,03/01/2022,Villarreal,Levante,5,0,H,3,0,H,17,7,7,3,6,5,12,9,3,2,0,0,1.4,5.0,7.0
2122,03/01/2022,Osasuna,Ath Bilbao,1,3,A,1,2,A,15,17,4,5,4,5,12,7,5,2,1,0,3.1,3.0,2.5
2122,03/01/2022,Cadiz,Sevilla,0,1,A,0,0,D,9,14,2,4,2,8,5,9,0,1,0,0,4.75,3.3,1.85
2122,08/01/2022,Levante,Mallorca,2,0,H,0,0,D,16,15,8,8,5,5,20,11,3,1,1,0,2.2,3.25,3.4
2122,08/01/2022,Sociedad,Celta,1,0,H,1,0,H,12,4,3,0,6,4,10,18,3,3,0,0,1.83,3.3,4.75
2122,08/01/2022,Granada,Barcelona,1,1,D,0,0,D,14,13,4,1,3,2,9,21,2,5,0,1,4.5,3.8,1.75
2122,08/01/2022,Real Madrid,Valencia,4,1,H,1,0,H,23,12,8,7,3,8,15,24,3,3,0,0,1.37,5.0,8.0
2122,09/01/2022,Vallecano,Betis,1,1,D,0,1,A,17,9,7,5,6,4,18,13,1,3,0,1,2.5,3.4,2.8
2122,09/01/2022,Sevilla,Getafe,1,0,H,1,0,H,10,4,1,2,5,2,8,20,1,3,0,0,1.61,3.4,7.5
2122,09/01/2022,Alaves,Ath Bilbao,0,0,D,0,0,D,12,10,1,2,7,5,15,11,2,0,0,0,4.0,3.3,1.95
2122,09/01/2022,Osasuna,Cadiz,2,0,H,1,0,H,15,6,5,1,5,7,13,13,2,2,0,0,1.75,3.3,5.75
2122,09/01/2022,Villarreal,Ath Madrid,2,2,D,1,1,D,13,7,3,5,7,3,13,8,0,2,0,1,2.8,3.2,2.62
2122,10/01/2022,Espanol,Elche,1,2,A,1,2,A,8,3,3,2,13,0,13,18,4,6,0,0,1.9,3.25,4.5
2122,16/01/2022,Elche,Villarreal,1,0,H,0,0,D,5,9,2,4,3,8,12,15,4,3,0,0,4.5,3.6,1.8
2122,18/01/2022,Betis,Alaves,4,0,H,3,0,H,18,9,5,2,8,3,14,14,2,0,0,0,1.45,4.33,7.0
2122,18/01/2022,Cadiz,Espanol,2,2,D,0,1,A,10,14,4,7,3,2,14,9,5,1,0,0,3.25,3.1,2.37
2122,19/01/2022,Celta,Osasuna,2,0,H,2,0,H,5,9,3,0,0,5,14,11,1,2,0,0,1.85,3.5,4.33
2122,19/01/2022,Valencia,Sevilla,1,1,D,1,1,D,10,12,2,3,4,4,22,14,3,3,1,0,3.3,3.25,2.25
2122,20/01/2022,Getafe,Granada,4,2,H,1,1,D,12,7,4,4,4,8,15,10,3,4,0,0,2.1,3.2,3.8
2122,21/01/2022,Espanol,Betis,1,4,A,1,2,A,12,15,4,8,6,5,15,12,3,4,1,0,3.25,3.25,2.25
2122,22/01/2022,Levante,Cadiz,0,2,A,0,1,A,15,8,8,2,8,2,15,16,4,6,0,0,1.8,3.5,5.0
2122,22/01/2022,Villarreal,Mallorca,3,0,H,2,0,H,12,8,6,2,10,6,13,12,1,2,0,1,1.44,4.33,8.0
2122,22/01/2022,Sevilla,Celta,2,2,D,0,2,A,16,6,5,4,7,0,11,16,1,4,0,0,1.75,3.5,5.25
2122,22/01/2022,Ath Madrid,Valencia,3,2,H,0,2,A,16,7,6,3,5,4,13,22,5,6,0,0,1.44,4.2,8.5
2122,23/01/2022,Granada,Osasuna,0,2,A,0,0,D,6,16,2,7,4,3,12,15,0,2,0,0,2.5,3.2,3.0
2122,23/01/2022,Real Madrid,Elche,2,2,D,0,1,A,23,3,8,2,10,3,11,14,3,1,0,0,1.16,8.0,15.0
2122,23/01/2022,Sociedad,Getafe,0,0,D,0,0,D,9,9,3,2,7,2,17,13,1,1,0,0,1.66,3.5,6.0
2122,23/01/2022,Vallecano,Ath Bilbao,0,1,A,0,1,A,29,9,3,3,9,7,8,20,1,6,0,0,2.75,3.0,2.8
2122,23/01/2022,Alaves,Barcelona,0,1,A,0,0,D,6,10,2,4,1,10,16,8,0,0,0,0,6.0,4.0,1.57
2122,04/02/2022,Getafe,Levante,3,0,H,2,0,H,14,11,8,2,2,8,12,13,4,3,0,0,1.95,3.1,4.5
2122,05/02/2022,Elche,Alaves,3,1,H,0,1,A,14,6,4,2,7,3,15,11,1,1,0,0,2.37,3.1,3.3
2122,05/02/2022,Mallorca,Cadiz,2,1,H,1,1,D,17,12,5,5,6,4,14,15,2,4,0,0,1.83,3.4,4.6
2122,05/02/2022,Celta,Vallecano,2,0,H,1,0,H,13,11,3,0,7,2,17,17,0,2,0,0,1.9,3.4,4.33
2122,05/02/2022,Osasuna,Sevilla,0,0,D,0,0,D,9,9,3,4,1,1,13,7,1,1,0,0,3.6,3.2,2.15
2122,06/02/2022,Valencia,Sociedad,0,0,D,0,0,D,14,8,3,2,9,9,17,14,4,2,0,0,2.87,3.2,2.6
2122,06/02/2022,Barcelona,Ath Madrid,4,2,H,3,1,H,9,10,4,4,3,5,15,13,2,2,1,0,2.25,3.4,3.2
2122,06/02/2022,Betis,Villarreal,0,2,A,0,1,A,9,9,3,3,6,6,19,14,2,3,0,0,2.37,3.5,2.9
2122,06/02/2022,Real Madrid,Granada,1,0,H,0,0,D,24,7,11,3,9,2,9,11,2,1,0,0,1.25,6.0,11.0
2122,07/02/2022,Ath Bilbao,Espanol,2,1,H,2,1,H,7,7,4,3,5,3,17,11,3,3,0,0,1.6,3.8,6.0
2122,11/02/2022,Sevilla,Elche,2,0,H,0,0,D,14,7,6,1,5,4,13,14,1,5,0,0,1.45,4.33,7.5
2122,12/02/2022,Cadiz,Celta,0,0,D,0,0,D,8,6,2,1,3,3,12,19,3,2,0,0,3.8,3.4,2.05
2122,12/02/2022,Villarreal,Real Madrid,0,0,D,0,0,D,9,17,2,6,3,3,11,10,2,4,0,0,2.5,3.5,2.7
2122,12/02/2022,Vallecano,Osasuna,0,3,A,0,2,A,10,12,3,5,4,5,11,16,2,1,0,0,2.15,3.25,3.5
2122,12/02/2022,Ath Madrid,Getafe,4,3,H,3,3,D,11,10,7,4,5,4,18,17,3,4,1,0,1.45,4.2,8.0
2122,13/02/2022,Alaves,Valencia,2,1,H,1,0,H,9,9,5,4,5,9,15,17,4,3,0,0,2.8,3.2,2.6
2122,13/02/2022,Levante,Betis,2,4,A,1,3,A,12,19,4,11,5,7,13,8,1,2,1,0,3.4,3.6,2.1
2122,13/02/2022,Sociedad,Granada,2,0,H,1,0,H,18,15,8,2,6,5,13,13,0,2,0,0,1.4,4.5,9.0
2122,13/02/2022,Espanol,Barcelona,2,2,D,1,1,D,10,12,4,4,3,5,14,13,5,4,1,1,5.0,3.6,1.75
2122,14/02/2022,Mallorca,Ath Bilbao,3,2,H,2,0,H,16,7,5,2,6,6,22,15,6,4,0,0,3.4,3.1,2.3
2122,16/02/2022,Ath Madrid,Levante,0,1,A,0,0,D,10,8,1,5,5,3,9,19,3,4,0,0,1.33,5.25,9.0
2122,18/02/2022,Elche,Vallecano,2,1,H,0,0,D,9,13,5,2,2,3,18,15,2,4,0,0,3.0,3.0,2.62
2122,19/02/2022,Granada,Villarreal,1,4,A,0,2,A,20,15,5,7,9,2,15,10,3,6,0,0,4.0,3.4,1.95
2122,19/02/2022,Osasuna,Ath Madrid,0,3,A,0,1,A,14,5,4,4,4,2,12,19,1,2,0,0,3.9,3.25,2.05
2122,19/02/2022,Cadiz,Getafe,1,1,D,1,1,D,9,6,2,1,7,2,17,11,3,4,0,0,3.2,2.9,2.55
2122,19/02/2022,Real Madrid,Alaves,3,0,H,0,0,D,22,7,9,2,7,1,6,11,1,1,0,0,1.22,6.5,12.0
2122,20/02/2022,Espanol,Sevilla,1,1,D,0,1,A,11,7,4,2,3,7,14,14,4,5,0,1,3.4,3.3,2.2
2122,20/02/2022,Valencia,Barcelona,1,4,A,0,3,A,11,6,5,6,8,3,22,16,3,4,0,0,3.6,3.5,2.05
2122,20/02/2022,Betis,Mallorca,2,1,H,1,0,H,14,10,5,1,4,7,13,17,3,2,0,0,1.6,4.0,5.75
2122,20/02/2022,Ath Bilbao,Sociedad,4,0,H,0,0,D,18,9,8,2,6,4,9,9,4,1,0,0,2.37,3.0,3.4
2122,21/02/2022,Celta,Levante,1,1,D,0,0,D,8,13,4,3,2,5,15,16,3,5,0,0,1.6,3.8,6.0
2122,25/02/2022,Levante,Elche,3,0,H,1,0,H,11,8,4,3,3,3,17,8,1,2,0,1,2.05,3.4,3.75
2122,26/02/2022,Mallorca,Valencia,0,1,A,0,1,A,23,8,3,4,14,1,14,21,4,6,0,1,2.4,3.1,3.1
2122,26/02/2022,Getafe,Alaves,2,2,D,0,1,A,12,7,3,3,6,1,7,24,2,4,1,0,1.95,3.0,4.75
2122,26/02/2022,Vallecano,Real Madrid,0,1,A,0,0,D,19,13,5,6,5,9,20,5,5,3,0,0,5.0,3.8,1.66
2122,26/02/2022,Ath Madrid,Celta,2,0,H,1,0,H,13,16,6,2,5,9,10,7,4,3,0,0,1.61,3.8,6.0
2122,27/02/2022,Villarreal,Espanol,5,1,H,3,0,H,19,7,11,2,10,3,11,12,2,1,0,0,1.5,4.2,7.0
2122,27/02/2022,Sevilla,Betis,2,1,H,2,0,H,12,10,3,2,4,4,13,16,6,3,0,0,2.2,3.25,3.5
2122,27/02/2022,Sociedad,Osasuna,1,0,H,0,0,D,11,11,5,1,6,5,10,9,0,4,0,0,1.85,3.4,4.75
2122,27/02/2022,Barcelona,Ath Bilbao,4,0,H,1,0,H,17,6,7,3,5,0,8,10,2,1,0,0,1.6,4.2,5.25
2122,28/02/2022,Granada,Cadiz,0,0,D,0,0,D,6,12,1,4,0,4,12,17,3,3,1,0,2.0,3.3,4.0
2122,02/03/2022,Mallorca,Sociedad,0,2,A,0,1,A,13,13,1,3,3,4,12,9,0,2,0,0,3.4,3.2,2.25
2122,04/03/2022,Alaves,Sevilla,0,0,D,0,0,D,14,13,2,4,5,5,16,8,3,1,0,0,4.5,3.1,1.95
2122,05/03/2022,Osasuna,Villarreal,1,0,H,0,0,D,12,10,3,1,6,8,12,6,1,0,0,0,3.5,3.4,2.1
2122,05/03/2022,Espanol,Getafe,2,0,H,2,0,H,4,12,1,3,1,5,17,15,6,5,0,0,2.15,3.0,3.6
2122,05/03/2022,Valencia,Granada,3,1,H,0,0,D,12,7,4,0,3,6,14,13,3,3,0,0,1.75,3.6,4.5
2122,05/03/2022,Real Madrid,Sociedad,4,1,H,2,1,H,18,1,8,1,7,1,12,14,0,2,0,0,1.6,4.2,5.25
2122,06/03/2022,Cadiz,Vallecano,2,0,H,0,0,D,13,14,7,3,5,6,23,15,5,3,0,0,2.7,3.1,2.7
2122,06/03/2022,Elche,Barcelona,1,2,A,1,0,H,13,20,3,9,5,6,10,8,2,6,1,0,7.5,4.33,1.4
2122,06/03/2022,Celta,Mallorca,4,3,H,2,1,H,16,12,8,3,4,5,17,9,5,4,1,0,1.75,3.4,5.25
2122,06/03/2022,Betis,Ath Madrid,1,3,A,1,1,D,18,8,6,6,10,3,16,10,5,3,0,0,3.0,3.2,2.37
2122,07/03/2022,Ath Bilbao,Levante,3,1,H,0,0,D,17,5,9,2,4,3,6,14,1,2,0,0,1.57,4.0,5.5
2122,11/03/2022,Ath Madrid,Cadiz,2,1,H,1,1,D,6,14,5,3,0,4,23,14,4,1,1,0,1.36,4.6,9.5
2122,12/03/2022,Levante,Espanol,1,1,D,0,0,D,14,6,3,1,8,2,17,10,4,4,0,0,2.3,3.3,3.2
2122,12/03/2022,Granada,Elche,0,1,A,0,1,A,15,13,4,2,3,3,15,16,3,6,0,0,2.25,3.2,3.4
2122,12/03/2022,Villarreal,Celta,1,0,H,0,0,D,10,12,3,2,5,6,12,14,1,1,0,0,1.65,4.2,4.75
2122,12/03/2022,Getafe,Valencia,0,0,D,0,0,D,16,6,6,0,5,3,18,21,6,5,0,0,2.37,3.2,3.2
2122,13/03/2022,Vallecano,Sevilla,1,1,D,0,0,D,10,3,2,2,5,6,16,15,0,1,0,0,3.4,3.1,2.3
2122,13/03/2022,Betis,Ath Bilbao,1,0,H,1,0,H,8,11,5,2,5,6,17,12,4,5,1,0,2.3,3.3,3.2
2122,13/03/2022,Sociedad,Alaves,1,0,H,0,0,D,15,13,6,4,6,4,15,12,1,1,0,0,1.53,4.0,7.0
2122,13/03/2022,Barcelona,Osasuna,4,0,H,3,0,H,24,4,9,3,5,1,7,4,0,4,0,0,1.33,4.75,10.0
2122,14/03/2022,Mallorca,Real Madrid,0,3,A,0,0,D,14,11,3,5,1,6,13,15,3,3,0,0,6.0,4.0,1.57
2122,18/03/2022,Ath Bilbao,Getafe,1,1,D,1,1,D,22,7,11,2,8,2,15,13,4,5,0,2,1.72,3.2,6.0
2122,19/03/2022,Alaves,Granada,2,3,A,0,0,D,11,12,6,3,6,2,12,10,4,6,0,1,2.0,3.3,4.0
2122,19/03/2022,Elche,Valencia,0,1,A,0,0,D,8,8,2,3,4,2,19,14,3,3,1,0,2.62,3.25,2.7
2122,19/03/2022,Osasuna,Levante,3,1,H,1,0,H,20,13,7,4,6,1,9,17,0,1,0,0,1.9,3.5,4.2
2122,19/03/2022,Vallecano,Ath Madrid,0,1,A,0,0,D,15,11,3,3,3,6,15,12,0,0,0,1,4.0,3.25,2.0
2122,20/03/2022,Espanol,Mallorca,1,0,H,1,0,H,12,9,3,3,6,6,14,12,3,3,0,0,2.05,3.5,3.5
2122,20/03/2022,Cadiz,Villarreal,1,0,H,0,0,D,16,3,7,1,6,3,11,11,3,2,0,0,4.75,3.5,1.83
2122,20/03/2022,Celta,Betis,0,0,D,0,0,D,9,7,3,1,2,2,12,12,1,2,0,0,2.2,3.5,3.2
2122,20/03/2022,Sevilla,Sociedad,0,0,D,0,0,D,10,13,0,2,7,3,12,13,0,3,0,0,2.05,3.25,3.8
2122,20/03/2022,Real Madrid,Barcelona,0,4,A,0,2,A,14,18,4,10,4,3,9,12,4,4,0,0,2.15,3.6,3.25
2122,02/04/2022,Getafe,Mallorca,1,0,H,0,0,D,16,7,3,1,5,1,15,22,5,6,0,1,2.15,3.0,4.0
2122,02/04/2022,Levante,Villarreal,2,0,H,0,0,D,13,13,4,2,1,8,16,13,4,2,0,0,3.8,3.6,1.95
2122,02/04/2022,Celta,Real Madrid,1,2,A,0,1,A,10,12,4,6,9,3,16,12,3,0,0,0,4.0,3.6,1.9
2122,02/04/2022,Ath Madrid,Alaves,4,1,H,1,0,H,14,7,8,1,8,2,10,13,1,0,0,0,1.33,4.8,10.0
2122,03/04/2022,Ath Bilbao,Elche,2,1,H,1,0,H,16,6,6,2,7,4,14,16,2,4,0,0,1.45,4.2,7.5
2122,03/04/2022,Betis,Osasuna,4,1,H,2,0,H,24,10,8,3,11,7,11,5,1,3,0,0,1.9,3.5,4.0
2122,03/04/2022,Granada,Vallecano,2,2,D,0,2,A,17,10,9,4,5,4,14,14,4,5,0,1,2.6,3.1,2.9
2122,03/04/2022,Valencia,Cadiz,0,0,D,0,0,D,5,4,1,3,4,3,11,18,3,6,0,1,1.85,3.3,4.75
2122,03/04/2022,Barcelona,Sevilla,1,0,H,0,0,D,19,8,6,3,9,2,12,8,3,3,0,0,1.45,4.5,7.0
2122,04/04/2022,Sociedad,Espanol,1,0,H,0,0,D,17,8,6,2,6,0,17,13,2,4,0,0,1.6,4.0,5.75
2122,08/04/2022,Sevilla,Granada,4,2,H,1,1,D,16,15,8,5,14,3,7,7,2,2,0,0,1.5,4.33,7.0
2122,09/04/2022,Cadiz,Betis,1,2,A,0,0,D,10,10,4,3,8,4,18,10,1,2,0,0,3.4,3.2,2.25
2122,09/04/2022,Mallorca,Ath Madrid,1,0,H,0,0,D,10,9,3,1,1,6,14,11,1,4,0,0,4.0,3.4,1.95
2122,09/04/2022,Villarreal,Ath Bilbao,1,1,D,0,1,A,11,12,5,6,7,2,17,15,2,3,0,0,2.3,3.4,3.1
2122,09/04/2022,Real Madrid,Getafe,2,0,H,1,0,H,26,8,8,0,10,2,13,11,2,2,0,0,1.4,4.5,8.5
2122,10/04/2022,Osasuna,Alaves,1,0,H,0,0,D,15,8,4,2,7,3,12,6,3,1,0,0,1.95,3.3,4.33
2122,10/04/2022,Espanol,Celta,1,0,H,0,0,D,11,10,2,5,2,3,12,21,4,1,0,0,2.75,3.2,2.7
2122,10/04/2022,Elche,Sociedad,1,2,A,1,2,A,10,17,1,6,8,9,15,12,3,3,0,0,3.9,3.4,2.0
2122,10/04/2022,Levante,Barcelona,2,3,A,0,0,D,11,14,6,7,4,3,8,7,1,1,0,0,6.0,5.0,1.45
2122,11/04/2022,Vallecano,Valencia,1,1,D,0,0,D,11,6,4,2,5,4,13,17,3,4,0,0,2.2,3.3,3.3
2122,15/04/2022,Sociedad,Betis,0,0,D,0,0,D,9,9,2,2,8,1,17,7,4,4,1,0,2.1,3.5,3.4
2122,16/04/2022,Elche,Mallorca,3,0,H,1,0,H,6,13,2,2,2,1,17,13,2,3,0,0,2.7,3.0,2.9
2122,16/04/2022,Alaves,Vallecano,1,0,H,0,0,D,11,20,5,3,2,12,10,9,2,3,0,1,2.7,3.1,2.8
2122,16/04/2022,Valencia,Osasuna,1,2,A,0,0,D,11,9,4,3,9,5,11,22,1,2,0,0,2.15,3.2,3.7
2122,16/04/2022,Getafe,Villarreal,1,2,A,0,2,A,12,11,5,6,6,6,17,6,2,0,0,0,3.1,3.1,2.5
2122,17/04/2022,Granada,Levante,1,4,A,0,1,A,16,17,4,8,13,2,10,9,5,2,1,0,2.37,3.4,3.0
2122,17/04/2022,Ath Madrid,Espanol,2,1,H,0,0,D,10,11,3,5,6,3,18,12,5,5,1,0,1.4,4.5,8.5
2122,17/04/2022,Ath Bilbao,Celta,0,2,A,0,2,A,10,6,2,4,5,4,13,15,2,2,0,0,1.75,3.6,5.0
2122,17/04/2022,Sevilla,Real Madrid,2,3,A,2,0,H,7,15,2,6,0,3,11,9,3,4,0,0,3.0,3.4,2.4
2122,18/04/2022,Barcelona,Cadiz,0,1,A,0,0,D,18,6,6,4,8,1,16,9,4,1,0,0,1.2,6.5,15.0
2122,19/04/2022,Mallorca,Alaves,2,1,H,2,0,H,5,12,3,4,0,6,25,15,2,6,0,0,1.95,3.3,4.2
2122,19/04/2022,Betis,Elche,0,1,A,0,0,D,18,9,3,1,2,3,9,14,2,3,1,0,1.55,4.0,6.0
2122,19/04/2022,Villarreal,Valencia,2,0,H,2,0,H,12,5,5,1,3,2,14,12,2,3,0,0,1.44,4.75,6.5
2122,20/04/2022,Ath Madrid,Granada,0,0,D,0,0,D,22,7,1,2,11,1,9,12,4,5,0,0,1.3,5.25,10.0
2122,20/04/2022,Celta,Getafe,0,2,A,0,1,A,9,6,2,3,2,1,13,13,2,5,0,0,2.15,3.1,3.75
2122,20/04/2022,Osasuna,Real Madrid,1,3,A,1,2,A,12,23,3,11,3,4,13,7,1,3,0,0,5.0,3.75,1.66
2122,21/04/2022,Espanol,Vallecano,0,1,A,0,1,A,6,13,2,2,3,10,14,18,4,4,0,0,2.37,3.2,3.1
2122,21/04/2022,Levante,Sevilla,2,3,A,1,2,A,15,13,6,6,10,4,9,12,1,5,0,0,3.5,3.5,2.1
2122,21/04/2022,Cadiz,Ath Bilbao,2,3,A,0,3,A,27,9,8,7,4,1,9,15,3,5,0,1,3.4,3.0,2.3
2122,21/04/2022,Sociedad,Barcelona,0,1,A,0,1,A,8,11,5,1,5,3,12,9,1,2,0,0,3.5,3.5,2.1
2122,24/04/2022,Barcelona,Vallecano,0,1,A,0,1,A,18,3,5,1,9,1,10,1,4,6,0,0,1.3,5.5,10.0
2122,29/04/2022,Sevilla,Cadiz,1,1,D,1,0,H,11,10,6,4,5,6,15,11,2,2,0,0,1.65,3.5,6.0
2122,30/04/2022,Alaves,Villarreal,2,1,H,2,0,H,11,16,5,6,5,8,14,5,5,2,0,0,3.4,3.5,2.1
2122,30/04/2022,Real Madrid,Espanol,4,0,H,2,0,H,11,20,5,6,6,8,11,6,2,0,0,0,1.5,4.5,6.0
2122,30/04/2022,Valencia,Levante,1,1,D,1,0,H,6,24,1,6,1,7,11,21,4,3,1,0,2.2,3.5,3.2
2122,30/04/2022,Ath Bilbao,Ath Madrid,2,0,H,1,0,H,11,9,4,3,5,3,18,15,3,3,0,0,3.0,3.0,2.55
2122,01/05/2022,Elche,Osasuna,1,1,D,0,0,D,11,9,4,3,7,4,13,18,4,2,0,0,2.8,3.2,2.7
2122,01/05/2022,Granada,Celta,1,1,D,0,0,D,15,13,6,6,5,4,11,13,1,3,0,0,2.8,3.2,2.62
2122,01/05/2022,Vallecano,Sociedad,1,1,D,0,1,A,13,8,7,3,8,5,15,7,2,1,0,0,3.3,3.1,2.37
2122,01/05/2022,Barcelona,Mallorca,2,1,H,1,0,H,17,6,5,2,5,2,13,12,2,3,0,0,1.3,5.5,9.0
2122,02/05/2022,Getafe,Betis,0,0,D,0,0,D,13,9,2,4,2,4,13,13,1,1,0,0,2.75,3.1,2.7
2122,06/05/2022,Levante,Sociedad,2,1,H,0,0,D,16,21,7,6,7,6,10,11,2,3,0,0,3.3,3.6,2.1
2122,07/05/2022,Mallorca,Granada,2,6,A,1,1,D,18,14,8,7,5,5,11,13,3,2,0,0,1.95,3.5,4.0
2122,07/05/2022,Ath Bilbao,Valencia,0,0,D,0,0,D,10,4,5,1,4,2,13,22,4,4,0,1,1.55,4.0,6.5
2122,07/05/2022,Cadiz,Elche,3,0,H,0,0,D,17,4,7,2,8,1,18,13,1,0,0,1,1.7,3.75,5.0
2122,07/05/2022,Celta,Alaves,4,0,H,2,0,H,15,3,7,1,7,1,7,7,1,3,0,1,1.9,3.4,4.33
2122,07/05/2022,Betis,Barcelona,1,2,A,0,0,D,14,11,5,5,4,8,16,18,1,2,0,0,3.0,3.6,2.25
2122,08/05/2022,Getafe,Vallecano,0,0,D,0,0,D,12,12,6,1,4,5,20,14,3,4,0,0,2.05,3.1,4.2
2122,08/05/2022,Villarreal,Sevilla,1,1,D,0,0,D,14,7,6,2,4,2,14,15,3,0,0,0,2.3,3.3,3.1
2122,08/05/2022,Espanol,Osasuna,1,1,D,0,1,A,12,12,3,5,6,6,6,15,1,3,0,0,2.3,3.3,3.2
2122,08/05/2022,Ath Madrid,Real Madrid,1,0,H,1,0,H,16,15,2,6,4,6,17,7,2,4,0,0,2.1,3.5,3.5
2122,10/05/2022,Valencia,Betis,0,3,A,0,0,D,19,9,5,5,7,3,17,11,1,3,0,0,3.1,3.4,2.2
2122,10/05/2022,Granada,Ath Bilbao,1,0,H,1,0,H,12,8,2,1,2,7,20,11,4,2,0,1,3.2,3.3,2.25
2122,10/05/2022,Barcelona,Celta,3,1,H,2,0,H,10,13,4,5,2,8,18,6,3,0,0,1,1.44,5.0,6.0
2122,11/05/2022,Alaves,Espanol,2,1,H,1,1,D,27,5,9,3,12,3,11,15,3,3,0,1,2.1,3.4,3.5
2122,11/05/2022,Osasuna,Getafe,1,1,D,1,1,D,12,6,1,0,7,2,10,17,2,4,0,1,2.7,2.9,3.0
2122,11/05/2022,Sevilla,Mallorca,0,0,D,0,0,D,18,10,4,2,6,3,11,18,4,6,0,0,1.61,4.0,5.5
2122,11/05/2022,Elche,Ath Madrid,0,2,A,0,1,A,9,11,0,6,6,3,16,7,2,2,0,0,6.0,3.6,1.65
2122,12/05/2022,Sociedad,Cadiz,3,0,H,1,0,H,13,14,7,1,2,12,13,11,4,2,0,0,1.66,3.6,5.5
2122,12/05/2022,Vallecano,Villarreal,1,5,A,1,4,A,17,11,3,8,9,3,13,10,5,2,0,0,4.2,3.8,1.8
2122,12/05/2022,Real Madrid,Levante,6,0,H,4,0,H,27,16,16,1,6,6,8,6,2,1,0,0,1.45,5.25,5.5
2122,14/05/2022,Espanol,Valencia,1,1,D,1,1,D,5,18,3,5,2,3,18,15,4,1,0,0,2.5,3.4,2.8
2122,15/05/2022,Ath Bilbao,Osasuna,2,0,H,1,0,H,14,8,8,1,10,6,6,14,0,0,0,0,1.53,4.2,6.0
2122,15/05/2022,Ath Madrid,Sevilla,1,1,D,1,0,H,12,8,3,4,4,5,14,18,2,5,0,0,2.25,3.0,3.6
2122,15/05/2022,Betis,Granada,2,0,H,1,0,H,11,14,4,4,4,9,11,17,0,1,0,0,1.5,4.33,6.0
2122,15/05/2022,Cadiz,Real Madrid,1,1,D,1,1,D,21,16,7,7,10,2,13,11,7,2,0,0,3.3,3.3,2.2
2122,15/05/2022,Celta,Elche,1,0,H,1,0,H,14,10,5,1,7,5,11,12,2,2,0,0,1.65,3.8,5.5
2122,15/05/2022,Getafe,Barcelona,0,0,D,0,0,D,9,5,3,1,5,5,9,8,1,2,0,0,3.75,3.25,2.1
2122,15/05/2022,Levante,Alaves,3,1,H,0,1,A,15,6,5,2,3,4,19,10,8,6,0,0,2.8,3.8,2.25
2122,15/05/2022,Mallorca,Vallecano,2,1,H,1,0,H,12,11,5,4,5,3,13,8,1,0,0,0,1.57,3.8,6.5
2122,15/05/2022,Villarreal,Sociedad,1,2,A,1,0,H,10,11,4,6,4,3,12,16,4,2,0,0,2.1,3.6,3.3
2122,20/05/2022,Real Madrid,Betis,0,0,D,0,0,D,17,11,3,2,8,5,7,12,0,0,0,0,1.65,4.5,4.33
2122,20/05/2022,Vallecano,Levante,2,4,A,1,3,A,19,14,8,7,7,3,8,12,0,3,0,0,1.85,4.0,3.8
2122,21/05/2022,Valencia,Celta,2,0,H,1,0,H,10,9,3,3,3,3,22,19,3,3,0,0,2.75,3.3,2.62
2122,22/05/2022,Elche,Getafe,3,1,H,1,1,D,19,7,9,2,8,3,11,9,2,2,0,0,3.1,2.87,2.62
2122,22/05/2022,Alaves,Cadiz,0,1,A,0,0,D,9,13,2,6,4,4,11,13,0,1,0,0,4.2,3.7,1.83
2122,22/05/2022,Granada,Espanol,0,0,D,0,0,D,15,10,5,5,7,3,9,12,1,0,0,0,1.44,4.33,7.5
2122,22/05/2022,Osasuna,Mallorca,0,2,A,0,0,D,11,14,1,6,5,7,8,14,2,2,0,0,3.3,3.4,2.2
2122,22/05/2022,Barcelona,Villarreal,0,2,A,0,1,A,14,4,3,3,12,1,12,7,3,1,0,0,2.1,4.0,3.0
2122,22/05/2022,Sevilla,Ath Bilbao,1,0,H,0,0,D,13,9,3,1,5,0,13,12,3,3,0,0,2.5,3.3,2.87
2122,22/05/2022,Sociedad,Ath Madrid,1,2,A,0,0,D,12,6,3,5,3,2,16,11,4,2,0,0,2.62,3.3,2.7
2223,12/08/2022,Osasuna,Sevilla,2,1,H,1,1,D,12,10,5,3,5,2,16,9,5,3,0,0,3.2,3.1,2.4
2223,13/08/2022,Celta,Espanol,2,2,D,1,0,H,8,10,3,2,3,3,17,15,5,2,0,0,1.8,3.75,4.75
2223,13/08/2022,Valladolid,Villarreal,0,3,A,0,0,D,12,10,6,4,4,5,6,10,1,0,0,0,3.9,3.6,1.9
2223,13/08/2022,Barcelona,Vallecano,0,0,D,0,0,D,21,4,6,2,8,0,16,14,3,6,1,0,1.22,7.0,12.0
2223,14/08/2022,Cadiz,Sociedad,0,1,A,0,1,A,7,15,2,7,3,6,9,20,4,2,0,0,3.6,3.2,2.2
2223,14/08/2022,Valencia,Girona,1,0,H,1,0,H,17,5,2,1,4,4,18,14,2,3,1,0,1.85,3.4,4.5
2223,14/08/2022,Almeria,Real Madrid,1,2,A,1,0,H,10,29,6,15,2,15,11,4,3,1,0,0,7.5,5.0,1.4
2223,15/08/2022,Ath Bilbao,Mallorca,0,0,D,0,0,D,23,6,6,2,7,2,13,12,0,6,0,0,1.6,3.75,6.5
2223,15/08/2022,Getafe,Ath Madrid,0,3,A,0,1,A,10,12,0,5,3,6,14,19,2,1,0,0,5.0,3.1,1.9
2223,15/08/2022,Betis,Elche,3,0,H,2,0,H,17,4,8,2,8,4,10,18,3,6,0,1,1.44,4.5,7.0
2223,19/08/2022,Espanol,Vallecano,0,2,A,0,1,A,13,8,1,3,9,2,12,17,2,5,1,1,2.45,3.1,3.1
2223,19/08/2022,Sevilla,Valladolid,1,1,D,0,0,D,18,6,2,3,12,2,20,10,3,2,1,1,1.5,4.2,6.5
2223,20/08/2022,Osasuna,Cadiz,2,0,H,1,0,H,16,9,3,2,2,2,11,13,2,5,0,1,1.9,3.25,4.5
2223,20/08/2022,Mallorca,Betis,1,2,A,0,1,A,13,8,7,3,5,2,22,17,7,8,0,0,3.1,3.2,2.4
2223,20/08/2022,Celta,Real Madrid,1,4,A,1,2,A,15,16,2,7,2,2,12,8,2,2,0,0,4.5,4.2,1.66
2223,21/08/2022,Ath Bilbao,Valencia,1,0,H,1,0,H,12,10,2,0,6,3,11,15,5,2,0,0,1.8,3.75,4.5
2223,21/08/2022,Ath Madrid,Villarreal,0,2,A,0,0,D,13,19,5,5,5,6,8,11,2,3,1,0,1.85,3.5,4.33
2223,21/08/2022,Sociedad,Barcelona,1,4,A,1,1,D,10,15,5,7,3,6,16,9,2,1,0,0,3.3,3.6,2.1
2223,22/08/2022,Elche,Almeria,1,1,D,1,1,D,13,12,3,7,6,5,12,16,1,4,0,1,2.5,3.2,3.0
2223,22/08/2022,Girona,Getafe,3,1,H,1,0,H,12,7,6,3,5,2,16,18,3,6,0,1,2.8,2.9,2.9
2223,26/08/2022,Girona,Celta,0,1,A,0,0,D,11,11,3,6,2,4,16,13,2,1,0,0,2.8,3.1,2.75
2223,26/08/2022,Betis,Osasuna,1,0,H,1,0,H,7,12,1,2,2,4,9,21,0,3,1,0,1.8,3.6,4.75
2223,27/08/2022,Elche,Sociedad,0,1,A,0,1,A,12,9,5,5,4,6,13,18,3,3,0,0,3.6,3.2,2.15
2223,27/08/2022,Vallecano,Mallorca,0,2,A,0,1,A,15,9,0,4,7,3,11,18,1,3,0,0,2.05,3.25,4.0
2223,27/08/2022,Almeria,Sevilla,2,1,H,1,1,D,11,13,5,5,5,2,18,11,5,8,0,0,3.6,3.25,2.15
2223,28/08/2022,Getafe,Villarreal,0,0,D,0,0,D,8,11,2,6,1,4,11,19,1,5,0,0,4.33,3.4,1.85
2223,28/08/2022,Barcelona,Valladolid,4,0,H,2,0,H,24,8,9,3,14,4,9,8,0,3,0,0,1.14,8.5,15.0
2223,28/08/2022,Espanol,Real Madrid,1,3,A,1,1,D,15,19,4,6,7,7,15,12,0,0,1,0,6.5,4.75,1.45
2223,29/08/2022,Cadiz,Ath Bilbao,0,4,A,0,1,A,9,20,3,8,0,6,18,4,2,1,0,0,3.6,3.2,2.15
2223,29/08/2022,Valencia,Ath Madrid,0,1,A,0,0,D,12,13,2,7,6,2,15,17,4,3,0,0,4.0,3.3,2.0
2223,02/09/2022,Celta,Cadiz,3,0,H,0,0,D,9,7,5,0,2,2,13,23,1,2,0,0,1.66,3.6,5.5
2223,03/09/2022,Mallorca,Girona,1,1,D,0,0,D,10,10,4,4,6,3,23,9,4,2,0,0,2.15,3.2,3.6
2223,03/09/2022,Real Madrid,Betis,2,1,H,1,1,D,22,8,4,4,9,2,8,12,0,1,0,0,1.4,5.25,6.5
2223,03/09/2022,Sociedad,Ath Madrid,1,1,D,0,1,A,12,15,5,7,7,7,18,13,5,4,0,0,2.9,3.2,2.55
2223,03/09/2022,Sevilla,Barcelona,0,3,A,0,2,A,9,18,4,7,4,4,15,14,2,4,0,0,4.5,3.6,1.8
2223,04/09/2022,Osasuna,Vallecano,2,1,H,0,0,D,13,5,6,3,4,0,14,16,2,2,0,0,2.0,3.1,4.33
2223,04/09/2022,Ath Bilbao,Espanol,0,1,A,0,0,D,17,9,2,2,4,2,12,12,3,2,0,0,1.53,4.0,6.5
2223,04/09/2022,Villarreal,Elche,4,0,H,2,0,H,18,7,10,0,6,4,10,9,1,3,0,0,1.33,5.0,10.0
2223,04/09/2022,Valencia,Getafe,5,1,H,3,0,H,24,7,9,4,9,1,11,21,3,6,1,1,1.9,3.2,4.5
2223,05/09/2022,Valladolid,Almeria,1,0,H,0,0,D,14,12,6,1,2,8,11,20,1,6,0,0,2.3,3.3,3.1
2223,09/09/2022,Girona,Valladolid,2,1,H,1,1,D,14,14,5,4,3,12,11,15,0,2,0,0,2.25,3.25,3.4
2223,10/09/2022,Vallecano,Valencia,2,1,H,1,0,H,14,17,6,4,7,7,22,11,5,2,0,0,2.62,3.1,2.87
2223,10/09/2022,Espanol,Sevilla,2,3,A,1,3,A,19,11,5,7,9,3,11,14,3,5,0,1,2.87,3.25,2.5
2223,10/09/2022,Cadiz,Barcelona,0,4,A,0,0,D,6,16,0,8,5,6,12,13,1,2,0,0,13.0,6.5,1.22
2223,10/09/2022,Ath Madrid,Celta,4,1,H,1,0,H,10,14,4,3,4,7,11,6,2,3,0,0,1.61,3.8,6.0
2223,11/09/2022,Real Madrid,Mallorca,4,1,H,1,1,D,22,5,7,2,4,3,7,15,3,5,0,0,1.25,6.0,11.0
2223,11/09/2022,Elche,Ath Bilbao,1,4,A,0,4,A,9,16,2,8,5,5,15,9,3,0,0,0,4.0,3.6,1.9
2223,11/09/2022,Getafe,Sociedad,2,1,H,1,0,H,8,13,3,6,3,7,9,16,4,1,0,0,3.75,3.0,2.15
2223,11/09/2022,Betis,Villarreal,1,0,H,0,0,D,16,14,5,3,9,8,11,14,1,1,0,0,2.8,3.4,2.5
2223,12/09/2022,Almeria,Osasuna,0,1,A,0,1,A,7,15,2,4,5,10,4,9,0,2,0,0,2.6,3.25,2.75
2223,16/09/2022,Valladolid,Cadiz,0,1,A,0,0,D,18,7,6,1,8,2,12,19,1,4,0,0,2.0,3.25,4.0
2223,17/09/2022,Mallorca,Almeria,1,0,H,1,0,H,5,9,2,3,5,2,15,14,3,6,0,0,2.0,3.3,4.0
2223,17/09/2022,Barcelona,Elche,3,0,H,2,0,H,25,1,9,1,6,0,11,9,2,2,0,1,1.08,11.0,26.0
2223,17/09/2022,Valencia,Celta,3,0,H,1,0,H,14,6,7,2,5,4,18,23,3,2,0,1,2.3,3.2,3.3
2223,17/09/2022,Ath Bilbao,Vallecano,3,2,H,3,1,H,14,11,7,2,2,7,13,13,1,2,0,0,1.53,4.0,6.5
2223,18/09/2022,Osasuna,Getafe,0,2,A,0,1,A,12,10,4,4,8,1,15,15,7,3,1,1,1.8,3.4,5.0
2223,18/09/2022,Villarreal,Sevilla,1,1,D,0,1,A,17,12,7,1,6,4,15,12,1,5,0,0,1.7,3.8,5.0
2223,18/09/2022,Betis,Girona,2,1,H,1,1,D,9,8,3,3,2,4,9,8,0,3,0,0,1.75,3.6,5.0
2223,18/09/2022,Sociedad,Espanol,2,1,H,2,1,H,14,14,6,4,4,2,18,8,3,0,0,0,1.7,3.6,5.0
2223,18/09/2022,Ath Madrid,Real Madrid,1,2,A,0,2,A,12,6,5,3,8,1,15,16,4,2,1,0,3.1,3.4,2.3
2223,30/09/2022,Ath Bilbao,Almeria,4,0,H,2,0,H,17,8,4,2,11,2,17,8,1,3,0,0,1.33,5.0,9.5
2223,01/10/2022,Cadiz,Villarreal,0,0,D,0,0,D,10,14,2,6,6,5,13,8,2,3,1,0,6.0,4.0,1.57
2223,01/10/2022,Getafe,Valladolid,2,3,A,2,2,D,14,14,6,7,4,2,23,13,2,4,0,0,2.3,3.0,3.5
2223,01/10/2022,Sevilla,Ath Madrid,0,2,A,0,1,A,14,20,3,6,5,7,9,12,3,2,0,0,3.0,3.2,2.5
2223,01/10/2022,Mallorca,Barcelona,0,1,A,0,1,A,13,11,3,3,5,5,9,13,2,4,0,0,9.0,5.0,1.36
2223,02/10/2022,Espanol,Valencia,2,2,D,0,0,D,10,12,5,5,6,4,16,15,2,1,1,1,2.62,3.3,2.7
2223,02/10/2022,Celta,Betis,1,0,H,1,0,H,11,9,4,4,5,3,26,3,4,3,0,1,2.45,3.4,2.87
2223,02/10/2022,Girona,Sociedad,3,5,A,2,2,D,16,11,8,5,2,2,9,19,3,1,0,0,3.25,3.2,2.3
2223,02/10/2022,Real Madrid,Osasuna,1,1,D,1,0,H,22,8,4,2,10,2,9,13,1,2,0,1,1.3,5.5,9.5
2223,03/10/2022,Vallecano,Elche,2,1,H,1,1,D,15,5,6,2,13,3,5,19,1,8,0,0,1.72,3.6,5.25
2223,07/10/2022,Osasuna,Valencia,1,2,A,0,1,A,11,15,2,7,7,5,11,19,3,6,2,1,2.4,3.2,3.1
2223,08/10/2022,Almeria,Vallecano,3,1,H,3,0,H,10,12,4,4,7,6,22,12,4,2,1,0,2.9,3.3,2.55
2223,08/10/2022,Ath Madrid,Girona,2,1,H,1,0,H,13,11,7,4,8,3,12,13,3,1,0,0,1.45,4.33,7.5
2223,08/10/2022,Sevilla,Ath Bilbao,1,1,D,1,0,H,10,21,3,4,5,7,19,14,4,0,0,1,3.0,3.3,2.4
2223,08/10/2022,Getafe,Real Madrid,0,1,A,0,1,A,9,19,2,4,4,4,10,5,0,0,0,0,6.5,4.5,1.5
2223,09/10/2022,Valladolid,Betis,0,0,D,0,0,D,12,4,3,1,3,1,12,16,1,1,0,1,2.8,3.4,2.4
2223,09/10/2022,Cadiz,Espanol,2,2,D,1,0,H,8,9,3,6,8,3,13,12,4,4,0,0,2.87,3.2,2.55
2223,09/10/2022,Sociedad,Villarreal,1,0,H,1,0,H,17,5,5,1,9,3,21,18,5,3,0,0,2.5,3.4,2.75
2223,09/10/2022,Barcelona,Celta,1,0,H,1,0,H,13,14,5,3,6,3,16,9,2,4,0,0,1.28,6.0,9.0
2223,10/10/2022,Elche,Mallorca,1,1,D,1,0,H,7,11,2,4,5,7,12,17,4,5,1,1,3.0,3.1,2.5
2223,14/10/2022,Vallecano,Getafe,0,0,D,0,0,D,16,6,3,3,4,1,13,17,2,3,0,0,2.05,3.2,3.8
2223,15/10/2022,Girona,Cadiz,1,1,D,0,0,D,23,9,6,2,6,2,16,9,5,4,0,0,1.9,3.3,4.5
2223,15/10/2022,Valencia,Elche,2,2,D,2,1,H,20,8,8,6,6,1,14,19,3,6,0,0,1.4,4.75,7.5
2223,15/10/2022,Mallorca,Sevilla,0,1,A,0,0,D,9,4,5,1,1,3,17,15,2,3,0,0,2.9,3.0,2.7
2223,15/10/2022,Ath Bilbao,Ath Madrid,0,1,A,0,0,D,13,3,3,1,6,1,14,17,0,6,0,0,2.45,3.2,3.0
2223,16/10/2022,Celta,Sociedad,1,2,A,1,1,D,10,8,3,6,1,6,14,17,5,7,1,0,2.6,3.2,2.8
2223,16/10/2022,Real Madrid,Barcelona,3,1,H,2,0,H,8,18,4,5,2,3,11,14,2,2,0,0,2.2,3.6,3.1
2223,16/10/2022,Espanol,Valladolid,1,0,H,0,0,D,15,14,3,2,6,4,13,11,1,4,0,0,2.2,3.3,3.5
2223,16/10/2022,Betis,Almeria,3,1,H,1,0,H,15,12,6,5,9,3,6,7,1,1,0,0,1.57,4.1,5.75
2223,17/10/2022,Villarreal,Osasuna,2,0,H,1,0,H,12,14,9,3,8,4,14,23,2,6,0,0,1.57,4.2,6.0
2223,18/10/2022,Sevilla,Valencia,1,1,D,0,1,A,18,13,5,5,11,6,11,26,4,7,1,0,2.25,3.4,3.2
2223,18/10/2022,Getafe,Ath Bilbao,2,2,D,1,1,D,11,14,4,4,7,4,14,11,7,4,0,0,4.75,3.3,1.83
2223,18/10/2022,Ath Madrid,Vallecano,1,1,D,1,0,H,12,14,4,4,3,4,11,11,3,0,0,0,1.55,3.75,7.0
2223,19/10/2022,Cadiz,Betis,0,0,D,0,0,D,13,12,3,3,4,9,15,7,1,2,0,1,4.0,3.3,2.0
2223,19/10/2022,Valladolid,Celta,4,1,H,1,1,D,9,22,7,5,3,7,12,11,1,1,0,0,2.9,3.3,2.45
2223,19/10/2022,Sociedad,Mallorca,1,0,H,1,0,H,14,12,7,3,10,7,18,9,1,2,0,0,1.55,4.0,6.5
2223,19/10/2022,Elche,Real Madrid,0,3,A,0,1,A,10,10,3,7,8,2,14,10,1,1,0,0,8.5,5.75,1.3
2223,20/10/2022,Almeria,Girona,3,2,H,3,0,H,13,14,7,5,4,5,14,14,1,3,0,0,2.6,3.25,2.8
2223,20/10/2022,Osasuna,Espanol,1,0,H,0,0,D,17,5,5,3,9,2,17,15,1,2,0,0,2.05,3.6,3.5
2223,20/10/2022,Barcelona,Villarreal,3,0,H,3,0,H,16,5,5,1,8,0,18,11,0,1,0,0,1.5,4.5,6.0
2223,22/10/2022,Vallecano,Cadiz,5,1,H,2,0,H,28,3,11,0,10,1,13,12,1,4,1,2,1.72,3.5,5.25
2223,22/10/2022,Valladolid,Sociedad,1,0,H,1,0,H,9,20,2,2,4,10,19,14,2,3,0,0,3.6,3.4,2.05
2223,22/10/2022,Valencia,Mallorca,1,2,A,0,0,D,13,10,3,5,5,3,14,19,3,5,0,0,1.75,3.5,5.0
2223,22/10/2022,Real Madrid,Sevilla,3,1,H,1,0,H,18,9,6,2,4,3,9,12,1,4,0,0,1.36,4.75,8.5
2223,23/10/2022,Espanol,Elche,2,2,D,1,1,D,13,9,5,4,5,3,13,10,2,3,0,0,1.66,3.75,5.25
2223,23/10/2022,Betis,Ath Madrid,1,2,A,0,0,D,17,9,4,3,7,4,10,17,2,3,0,0,3.2,3.3,2.3
2223,23/10/2022,Girona,Osasuna,1,1,D,1,1,D,7,9,1,2,3,5,11,11,2,3,0,0,2.55,3.2,2.9
2223,23/10/2022,Villarreal,Almeria,2,1,H,0,1,A,11,15,5,4,10,4,7,8,4,1,1,0,1.36,4.75,9.0
2223,23/10/2022,Barcelona,Ath Bilbao,4,0,H,3,0,H,10,5,7,3,1,2,7,13,2,2,0,0,1.55,4.5,5.5
2223,24/10/2022,Celta,Getafe,1,1,D,0,1,A,17,4,5,1,10,0,10,13,1,1,0,0,1.75,3.5,5.0
2223,28/10/2022,Mallorca,Espanol,1,1,D,0,0,D,12,7,5,2,4,4,15,9,4,1,0,0,2.25,3.1,3.4
2223,29/10/2022,Almeria,Celta,3,1,H,0,1,A,19,8,5,3,6,4,10,7,4,0,0,1,3.3,3.3,2.25
2223,29/10/2022,Cadiz,Ath Madrid,3,2,H,1,0,H,10,15,7,7,5,3,15,12,2,4,0,0,7.0,3.6,1.6
2223,29/10/2022,Sevilla,Vallecano,0,1,A,0,0,D,10,15,4,5,6,6,9,20,6,1,0,0,2.0,3.3,4.0
2223,29/10/2022,Valencia,Barcelona,0,1,A,0,0,D,3,13,2,2,3,10,13,7,4,5,0,0,5.0,4.33,1.57
2223,30/10/2022,Osasuna,Valladolid,2,0,H,2,0,H,20,7,10,2,1,8,14,16,1,3,0,0,1.9,3.4,4.33
2223,30/10/2022,Real Madrid,Girona,1,1,D,0,0,D,19,8,6,2,7,1,16,8,3,3,1,0,1.2,6.5,13.0
2223,30/10/2022,Ath Bilbao,Villarreal,1,0,H,0,0,D,19,6,7,3,6,2,12,10,2,1,0,0,2.2,3.3,3.4
2223,30/10/2022,Sociedad,Betis,0,2,A,0,0,D,14,10,7,4,5,3,22,16,4,4,0,0,2.0,3.5,3.8
2223,31/10/2022,Elche,Getafe,0,1,A,0,0,D,12,8,5,3,6,2,12,11,0,3,0,1,2.7,3.0,2.87
2223,04/11/2022,Girona,Ath Bilbao,2,1,H,0,0,D,19,11,10,7,7,1,11,11,1,1,0,0,3.75,3.5,2.0
2223,05/11/2022,Getafe,Cadiz,0,0,D,0,0,D,13,15,2,4,5,5,15,16,5,2,2,1,2.2,3.1,3.75
2223,05/11/2022,Valladolid,Elche,2,1,H,1,0,H,16,4,11,2,8,4,9,10,2,0,0,0,1.83,3.6,4.33
2223,05/11/2022,Celta,Osasuna,1,2,A,1,2,A,13,8,5,4,2,3,12,20,1,5,0,0,2.1,3.3,3.75
2223,05/11/2022,Barcelona,Almeria,2,0,H,0,0,D,27,4,13,1,9,1,14,13,2,1,0,0,1.08,10.0,26.0
2223,06/11/2022,Ath Madrid,Espanol,1,1,D,0,0,D,27,6,7,2,12,2,13,10,3,5,0,1,1.44,4.5,8.0
2223,06/11/2022,Sociedad,Valencia,1,1,D,1,1,D,9,14,4,3,1,11,11,12,2,0,1,0,1.95,3.4,4.0
2223,06/11/2022,Villarreal,Mallorca,0,2,A,0,1,A,9,7,2,5,5,2,17,16,4,6,0,0,1.57,4.0,5.75
2223,06/11/2022,Betis,Sevilla,1,1,D,1,0,H,9,22,4,6,1,4,6,20,4,5,2,1,2.2,3.2,3.6
2223,07/11/2022,Vallecano,Real Madrid,3,2,H,2,2,D,15,16,7,2,4,5,22,11,4,5,0,0,4.75,4.2,1.65
2223,08/11/2022,Elche,Girona,1,2,A,1,1,D,11,21,2,3,2,5,16,9,3,2,0,0,3.25,3.3,2.2
2223,08/11/2022,Ath Bilbao,Valladolid,3,0,H,1,0,H,19,8,6,0,10,2,20,6,3,1,0,0,1.4,4.5,7.5
2223,08/11/2022,Osasuna,Barcelona,1,2,A,1,0,H,15,9,3,3,2,5,15,6,4,4,0,2,5.75,4.2,1.53
2223,09/11/2022,Almeria,Getafe,1,0,H,1,0,H,8,11,3,3,7,6,17,8,8,4,1,0,2.15,3.3,3.5
2223,09/11/2022,Sevilla,Sociedad,1,2,A,1,2,A,6,17,3,9,2,1,9,12,2,2,2,0,2.6,3.2,2.8
2223,09/11/2022,Espanol,Villarreal,0,1,A,0,0,D,14,10,6,3,4,7,11,6,1,3,0,0,3.2,3.2,2.37
2223,09/11/2022,Mallorca,Ath Madrid,1,0,H,1,0,H,9,17,3,5,2,5,14,17,5,3,0,0,3.8,3.1,2.1
2223,10/11/2022,Vallecano,Celta,0,0,D,0,0,D,10,11,3,3,5,3,19,16,7,1,0,0,2.2,3.2,3.5
2223,10/11/2022,Valencia,Betis,3,0,H,0,0,D,15,5,7,1,5,5,12,9,1,3,0,1,2.1,3.4,3.6
2223,10/11/2022,Real Madrid,Cadiz,2,1,H,1,0,H,18,10,5,5,7,1,12,16,3,3,0,0,1.14,8.5,15.0
2223,29/12/2022,Girona,Vallecano,2,2,D,1,1,D,16,12,7,4,2,4,14,14,3,2,0,0,2.3,3.2,3.3
2223,29/12/2022,Betis,Ath Bilbao,0,0,D,0,0,D,9,10,5,0,2,6,8,17,1,4,1,0,2.88,3.3,2.5
2223,29/12/2022,Ath Madrid,Elche,2,0,H,0,0,D,18,5,4,1,3,5,14,20,3,4,1,2,1.29,5.5,10.0
2223,30/12/2022,Getafe,Mallorca,2,0,H,0,0,D,14,3,6,0,4,2,10,19,0,1,0,0,2.75,2.75,3.1
2223,30/12/2022,Cadiz,Almeria,1,1,D,0,1,A,12,18,6,9,3,2,7,14,2,0,0,0,2.38,3.1,3.25
2223,30/12/2022,Celta,Sevilla,1,1,D,1,0,H,17,7,5,5,5,6,11,13,2,4,0,1,2.2,3.3,3.4
2223,30/12/2022,Valladolid,Real Madrid,0,2,A,0,0,D,14,19,4,8,5,9,7,9,2,0,1,0,6.5,4.75,1.45
2223,31/12/2022,Barcelona,Espanol,1,1,D,1,0,H,21,4,6,1,10,2,11,15,6,7,1,1,1.25,6.5,10.0
2223,31/12/2022,Sociedad,Osasuna,2,0,H,1,0,H,9,11,2,3,3,2,10,15,1,1,0,0,1.85,3.3,4.75
2223,31/12/2022,Villarreal,Valencia,2,1,H,1,1,D,14,13,8,4,5,2,12,16,1,3,0,0,1.95,3.4,4.2
2223,06/01/2023,Elche,Celta,0,1,A,0,1,A,13,14,5,7,8,4,15,15,3,1,1,0,4.0,3.25,1.95
2223,06/01/2023,Valencia,Cadiz,0,1,A,0,1,A,11,6,2,2,13,2,14,21,5,6,0,0,1.57,4.0,5.75
2223,07/01/2023,Villarreal,Real Madrid,2,1,H,0,0,D,17,13,5,3,6,5,13,6,4,1,0,0,3.25,3.8,2.05
2223,07/01/2023,Mallorca,Valladolid,1,0,H,0,0,D,13,9,4,1,6,2,14,17,2,3,0,0,1.95,3.3,4.2
2223,07/01/2023,Espanol,Girona,2,2,D,0,1,A,12,12,6,5,5,2,13,16,3,2,0,0,2.25,3.4,3.2
2223,08/01/2023,Almeria,Sociedad,0,2,A,0,0,D,6,9,1,6,4,2,13,14,1,0,0,0,4.2,3.3,1.95
2223,08/01/2023,Vallecano,Betis,1,2,A,1,2,A,15,14,3,3,5,7,10,16,3,2,0,0,2.3,3.3,3.2
2223,08/01/2023,Sevilla,Getafe,2,1,H,1,0,H,11,11,5,2,4,4,13,16,3,3,0,0,1.75,3.4,5.25
2223,08/01/2023,Ath Madrid,Barcelona,0,1,A,0,1,A,20,10,5,2,7,4,8,16,2,3,1,1,3.1,3.4,2.3
2223,09/01/2023,Ath Bilbao,Osasuna,0,0,D,0,0,D,17,3,3,1,14,1,8,13,0,1,0,0,1.67,3.6,5.75
2223,13/01/2023,Celta,Villarreal,1,1,D,0,1,A,21,3,8,1,14,3,11,8,0,2,0,0,2.88,3.3,2.5
2223,14/01/2023,Valladolid,Vallecano,0,1,A,0,0,D,9,13,2,6,4,8,17,18,2,2,0,0,2.75,3.25,2.63
2223,14/01/2023,Girona,Sevilla,2,1,H,0,1,A,19,10,7,2,5,2,11,7,3,1,0,0,2.38,3.4,3.0
2223,14/01/2023,Osasuna,Mallorca,1,0,H,0,0,D,15,6,4,2,3,1,15,19,2,3,0,0,2.0,3.1,4.33
2223,14/01/2023,Sociedad,Ath Bilbao,3,1,H,2,1,H,11,6,5,2,4,2,20,15,5,1,0,1,2.4,3.2,3.1
2223,15/01/2023,Getafe,Espanol,1,2,A,1,1,D,10,10,2,4,5,1,20,13,2,3,0,0,2.5,3.0,3.1
2223,15/01/2023,Almeria,Ath Madrid,1,1,D,1,1,D,14,12,3,6,3,4,14,12,4,4,0,1,5.0,3.75,1.7
2223,16/01/2023,Cadiz,Elche,1,1,D,1,0,H,16,12,3,5,3,6,11,21,3,2,0,0,1.91,3.4,4.33
2223,20/01/2023,Mallorca,Celta,1,0,H,0,0,D,8,10,3,3,4,6,15,11,2,3,0,0,2.8,2.75,3.0
2223,21/01/2023,Vallecano,Sociedad,0,2,A,0,2,A,14,12,2,7,3,4,11,11,0,0,0,0,3.1,3.2,2.38
2223,21/01/2023,Espanol,Betis,1,0,H,1,0,H,8,13,2,4,7,4,18,8,3,2,0,0,2.7,3.2,2.7
2223,21/01/2023,Ath Madrid,Valladolid,3,0,H,3,0,H,18,7,8,1,4,1,12,7,1,1,0,0,1.4,4.75,8.5
2223,21/01/2023,Sevilla,Cadiz,1,0,H,0,0,D,17,4,9,1,8,1,15,14,1,4,0,1,1.7,3.75,5.0
2223,22/01/2023,Villarreal,Girona,1,0,H,0,0,D,19,8,9,1,3,2,21,15,5,5,0,1,1.73,3.8,4.5
2223,22/01/2023,Elche,Osasuna,1,1,D,0,1,A,13,8,4,4,7,2,19,9,2,1,0,0,3.5,3.25,2.15
2223,22/01/2023,Barcelona,Getafe,1,0,H,1,0,H,8,7,4,3,4,2,11,6,1,2,0,0,1.18,8.0,15.0
2223,22/01/2023,Ath Bilbao,Real Madrid,0,2,A,0,1,A,18,10,3,4,12,2,17,10,3,2,0,0,2.9,3.4,2.38
2223,23/01/2023,Valencia,Almeria,2,2,D,0,0,D,16,14,6,3,6,2,8,8,2,1,0,0,1.6,4.2,5.25
2223,27/01/2023,Almeria,Espanol,3,1,H,1,0,H,19,6,7,3,2,2,16,6,3,3,0,0,2.38,3.1,3.2
2223,28/01/2023,Cadiz,Mallorca,2,0,H,2,0,H,11,9,4,2,6,2,13,12,2,2,0,0,2.88,2.8,2.9
2223,28/01/2023,Girona,Barcelona,0,1,A,0,0,D,8,8,2,3,4,2,10,15,2,3,1,0,5.0,4.33,1.57
2223,28/01/2023,Sevilla,Elche,3,0,H,3,0,H,22,6,8,1,5,2,7,8,1,3,0,1,1.53,4.0,7.0
2223,28/01/2023,Getafe,Betis,0,1,A,0,0,D,6,13,1,2,6,1,25,12,4,2,0,0,3.2,2.88,2.63
2223,29/01/2023,Valladolid,Valencia,1,0,H,0,0,D,13,15,6,2,4,7,14,15,3,1,0,0,3.25,3.1,2.4
2223,29/01/2023,Osasuna,Ath Madrid,0,1,A,0,0,D,14,13,4,5,5,4,13,7,1,0,0,0,3.6,3.1,2.2
2223,29/01/2023,Celta,Ath Bilbao,1,0,H,0,0,D,9,5,3,0,2,5,17,19,3,2,0,0,2.88,3.0,2.7
2223,29/01/2023,Real Madrid,Sociedad,0,0,D,0,0,D,20,8,7,3,10,3,8,19,1,4,0,0,1.67,3.8,5.0
2223,30/01/2023,Villarreal,Vallecano,0,1,A,0,0,D,12,11,3,3,5,4,11,18,2,3,0,0,1.67,3.8,5.25
2223,01/02/2023,Betis,Barcelona,1,2,A,0,0,D,5,13,1,3,1,6,17,9,3,0,1,0,5.0,3.8,1.67
2223,02/02/2023,Real Madrid,Valencia,2,0,H,0,0,D,19,4,7,0,6,6,12,17,3,1,0,1,1.44,4.75,6.5
2223,03/02/2023,Ath Bilbao,Cadiz,4,1,H,3,1,H,17,15,9,3,0,3,14,12,2,1,1,0,1.36,4.5,9.5
2223,04/02/2023,Espanol,Osasuna,1,1,D,0,1,A,9,9,4,3,4,3,9,17,3,5,1,1,2.55,3.0,3.0
2223,04/02/2023,Elche,Villarreal,3,1,H,2,1,H,18,14,7,2,6,10,19,8,4,2,0,0,5.0,3.8,1.67
2223,04/02/2023,Ath Madrid,Getafe,1,1,D,0,0,D,12,9,4,1,8,0,11,18,3,5,0,0,1.4,4.33,9.0
2223,04/02/2023,Betis,Celta,3,4,A,2,2,D,15,9,7,7,5,5,11,13,2,3,1,0,2.2,3.2,3.5
2223,05/02/2023,Mallorca,Real Madrid,1,0,H,1,0,H,4,20,1,1,1,12,29,14,5,5,0,0,5.0,3.5,1.73
2223,05/02/2023,Girona,Valencia,1,0,H,0,0,D,20,8,8,4,8,4,11,10,1,4,0,0,2.2,3.2,3.5
2223,05/02/2023,Sociedad,Valladolid,0,1,A,0,0,D,15,7,4,2,0,4,17,14,4,5,0,0,1.44,4.33,7.5
2223,05/02/2023,Barcelona,Sevilla,3,0,H,0,0,D,16,3,7,1,8,3,8,10,0,2,0,0,1.33,5.25,8.5
2223,06/02/2023,Vallecano,Almeria,2,0,H,0,0,D,15,14,11,5,3,7,16,9,3,3,0,0,1.73,3.6,5.0
2223,10/02/2023,Cadiz,Girona,2,0,H,2,0,H,12,7,3,1,5,6,17,11,4,4,0,0,3.0,3.2,2.45
2223,11/02/2023,Almeria,Betis,2,3,A,1,2,A,16,12,9,7,8,2,12,10,2,3,0,0,2.8,3.4,2.5
2223,11/02/2023,Sevilla,Mallorca,2,0,H,2,0,H,15,6,6,0,8,2,9,14,5,2,0,0,1.91,3.2,4.5
2223,11/02/2023,Valencia,Ath Bilbao,1,2,A,1,1,D,18,11,8,3,7,1,11,17,2,2,0,0,3.0,3.2,2.45
2223,12/02/2023,Getafe,Vallecano,1,1,D,0,1,A,13,19,4,4,5,6,21,19,4,4,1,0,2.8,2.9,2.88
2223,12/02/2023,Celta,Ath Madrid,0,1,A,0,0,D,14,10,3,2,7,5,10,13,2,2,0,1,3.6,3.1,2.2
2223,12/02/2023,Valladolid,Osasuna,0,0,D,0,0,D,18,15,5,4,10,4,13,16,1,3,0,0,2.75,3.1,2.7
2223,12/02/2023,Villarreal,Barcelona,0,1,A,0,1,A,11,7,2,4,6,2,22,18,4,4,0,0,3.75,4.0,1.85
2223,13/02/2023,Espanol,Sociedad,2,3,A,0,1,A,10,11,6,5,4,3,9,17,4,1,1,0,3.5,3.0,2.3
2223,15/02/2023,Real Madrid,Elche,4,0,H,3,0,H,26,7,13,0,6,4,5,13,1,3,0,0,1.18,7.5,15.0
2223,17/02/2023,Girona,Almeria,6,2,H,4,0,H,14,16,8,4,1,7,10,8,1,1,0,0,1.8,3.75,4.33
2223,18/02/2023,Sociedad,Celta,1,1,D,1,0,H,9,18,3,4,3,7,14,12,3,5,0,1,1.8,3.3,5.25
2223,18/02/2023,Betis,Valladolid,2,1,H,2,1,H,16,17,10,3,4,6,18,15,3,5,0,0,1.6,3.75,6.5
2223,18/02/2023,Mallorca,Villarreal,4,2,H,2,1,H,13,8,5,4,4,4,19,8,5,0,0,1,3.2,3.0,2.45
2223,18/02/2023,Osasuna,Real Madrid,0,2,A,0,0,D,11,11,4,6,5,5,17,7,3,2,0,0,4.33,3.6,1.8
2223,19/02/2023,Elche,Espanol,0,1,A,0,0,D,19,11,5,4,10,5,11,12,2,3,1,0,2.9,3.1,2.63
2223,19/02/2023,Vallecano,Sevilla,1,1,D,0,1,A,18,7,5,2,7,3,15,6,4,1,0,0,2.5,3.1,3.0
2223,19/02/2023,Ath Madrid,Ath Bilbao,1,0,H,0,0,D,17,8,5,2,6,5,7,13,2,3,0,0,2.0,3.3,4.0
2223,19/02/2023,Barcelona,Cadiz,2,0,H,2,0,H,16,14,5,4,5,6,15,18,2,3,0,0,1.18,7.0,13.0
2223,20/02/2023,Getafe,Valencia,1,0,H,0,0,D,15,8,6,3,4,5,11,8,6,1,0,0,2.75,3.0,2.8
2223,24/02/2023,Elche,Betis,2,3,A,2,0,H,4,21,2,9,3,3,16,9,4,1,2,0,3.5,3.3,2.1
2223,25/02/2023,Espanol,Mallorca,2,1,H,1,1,D,9,15,3,4,0,4,15,18,2,2,0,0,2.5,2.9,3.2
2223,25/02/2023,Cadiz,Vallecano,1,0,H,0,0,D,5,11,3,2,4,6,19,19,3,4,0,1,2.9,3.0,2.7
2223,25/02/2023,Real Madrid,Ath Madrid,1,1,D,0,0,D,18,7,7,2,7,4,10,8,3,3,0,1,1.8,3.5,5.0
2223,25/02/2023,Valencia,Sociedad,1,0,H,1,0,H,8,11,3,3,7,8,13,12,6,3,0,0,3.1,3.1,2.5
2223,26/02/2023,Ath Bilbao,Girona,2,3,A,1,3,A,17,8,3,4,11,3,17,8,5,5,0,0,1.67,3.8,5.25
2223,26/02/2023,Celta,Valladolid,3,0,H,2,0,H,18,6,4,3,5,4,6,5,1,3,0,1,1.7,3.75,5.25
2223,26/02/2023,Almeria,Barcelona,1,0,H,1,0,H,7,14,4,1,4,7,13,11,3,3,0,0,7.0,4.75,1.44
2223,26/02/2023,Sevilla,Osasuna,2,3,A,0,1,A,22,11,8,4,10,2,10,15,4,2,1,0,1.85,3.25,4.5
2223,27/02/2023,Villarreal,Getafe,2,1,H,1,1,D,11,8,5,3,6,6,9,13,0,1,0,0,1.67,3.6,5.75
2223,03/03/2023,Sociedad,Cadiz,0,0,D,0,0,D,15,6,3,2,4,0,18,18,0,1,0,0,1.5,3.9,7.5
2223,04/03/2023,Getafe,Girona,3,2,H,3,0,H,10,9,6,7,3,3,24,11,5,4,0,0,2.75,3.0,2.8
2223,04/03/2023,Almeria,Villarreal,0,2,A,0,0,D,6,16,0,6,2,10,11,10,2,4,0,0,3.5,3.6,2.05
2223,04/03/2023,Mallorca,Elche,0,1,A,0,0,D,14,15,3,6,6,7,17,14,3,3,0,0,1.7,3.4,5.75
2223,04/03/2023,Ath Madrid,Sevilla,6,1,H,2,1,H,18,8,8,1,7,3,12,11,1,4,0,1,1.67,3.6,5.25
2223,05/03/2023,Valladolid,Espanol,2,1,H,1,0,H,15,12,5,2,9,6,4,11,3,2,0,0,2.5,3.2,2.88
2223,05/03/2023,Barcelona,Valencia,1,0,H,1,0,H,13,13,4,1,5,2,11,13,0,0,1,0,1.53,4.5,5.75
2223,05/03/2023,Vallecano,Ath Bilbao,0,0,D,0,0,D,18,16,2,3,7,9,9,17,1,0,0,1,2.9,3.1,2.6
2223,05/03/2023,Betis,Real Madrid,0,0,D,0,0,D,8,15,4,5,5,3,12,13,3,4,0,0,4.75,3.75,1.73
2223,06/03/2023,Osasuna,Celta,0,0,D,0,0,D,10,6,5,0,6,4,12,12,0,2,0,0,2.8,3.0,2.8
2223,10/03/2023,Cadiz,Getafe,2,2,D,1,0,H,11,16,4,10,2,6,13,16,4,5,1,1,2.5,2.88,3.3
2223,11/03/2023,Real Madrid,Espanol,3,1,H,2,1,H,22,10,7,3,7,4,12,17,3,2,0,0,1.25,6.5,9.5
2223,11/03/2023,Elche,Valladolid,1,1,D,0,1,A,24,5,10,1,10,3,19,11,4,6,0,2,2.7,3.3,2.7
2223,11/03/2023,Celta,Vallecano,3,0,H,0,0,D,15,12,6,3,3,7,13,12,2,3,0,0,2.1,3.2,4.0
2223,11/03/2023,Valencia,Osasuna,1,0,H,0,0,D,8,7,4,0,12,3,8,19,2,5,0,0,2.1,3.2,3.8
2223,12/03/2023,Mallorca,Sociedad,1,1,D,0,1,A,8,8,2,2,3,2,19,20,2,2,0,1,3.5,2.9,2.38
2223,12/03/2023,Sevilla,Almeria,2,1,H,1,1,D,27,13,5,5,6,4,8,11,4,4,0,0,1.73,3.6,5.25
2223,12/03/2023,Villarreal,Betis,1,1,D,0,1,A,15,6,4,3,2,4,8,11,3,2,0,0,1.95,3.6,3.8
2223,12/03/2023,Ath Bilbao,Barcelona,0,1,A,0,1,A,15,10,5,2,5,3,13,7,2,1,0,0,3.5,3.3,2.15
2223,13/03/2023,Girona,Ath Madrid,0,1,A,0,0,D,6,14,4,4,1,3,6,12,2,3,0,0,3.75,3.4,2.05
2223,17/03/2023,Valladolid,Ath Bilbao,1,3,A,0,1,A,15,15,3,6,2,9,9,14,2,2,0,0,4.2,3.6,1.83
2223,18/03/2023,Almeria,Cadiz,1,1,D,0,0,D,17,10,5,4,5,2,12,12,1,4,0,0,2.0,3.5,3.6
2223,18/03/2023,Vallecano,Girona,2,2,D,2,1,H,15,12,3,4,3,5,15,16,2,2,0,0,2.0,3.4,3.8
2223,18/03/2023,Espanol,Celta,1,3,A,0,2,A,11,8,3,4,4,1,11,12,2,2,0,0,2.75,3.25,2.55
2223,18/03/2023,Ath Madrid,Valencia,3,0,H,1,0,H,14,9,6,1,4,2,12,9,2,0,0,0,1.55,4.2,5.75
2223,19/03/2023,Betis,Mallorca,1,0,H,0,0,D,10,5,3,1,4,4,8,15,1,2,0,0,1.8,3.2,5.25
2223,19/03/2023,Osasuna,Villarreal,0,3,A,0,1,A,10,12,2,6,7,1,15,7,3,2,0,0,3.0,3.1,2.45
2223,19/03/2023,Sociedad,Elche,2,0,H,0,0,D,17,4,4,3,5,3,16,16,2,1,0,0,1.4,4.75,8.5
2223,19/03/2023,Getafe,Sevilla,2,0,H,0,0,D,15,11,4,4,4,1,22,10,4,2,0,0,2.9,3.1,2.5
2223,19/03/2023,Barcelona,Real Madrid,2,1,H,1,1,D,17,11,7,3,8,1,12,13,4,3,0,0,2.15,3.5,3.25
2223,31/03/2023,Mallorca,Osasuna,0,0,D,0,0,D,10,11,1,2,2,3,19,17,7,3,1,0,2.2,2.9,3.9
2223,01/04/2023,Girona,Espanol,2,1,H,0,0,D,14,5,4,1,5,2,12,16,4,2,0,1,1.91,3.3,4.33
2223,01/04/2023,Ath Bilbao,Getafe,0,0,D,0,0,D,17,9,3,1,13,3,8,9,0,0,0,0,1.57,3.8,6.5
2223,01/04/2023,Cadiz,Sevilla,0,2,A,0,0,D,14,11,3,5,8,4,9,14,3,4,0,0,3.4,3.1,2.3
2223,01/04/2023,Elche,Barcelona,0,4,A,0,1,A,15,12,2,6,11,3,11,11,0,3,0,0,9.5,5.0,1.33
2223,02/04/2023,Celta,Almeria,2,2,D,2,2,D,21,8,5,3,4,1,13,12,3,5,0,0,1.55,4.0,6.0
2223,02/04/2023,Real Madrid,Valladolid,6,0,H,4,0,H,30,12,17,2,9,1,17,11,0,1,0,0,1.2,7.5,11.0
2223,02/04/2023,Villarreal,Sociedad,2,0,H,0,0,D,16,16,4,3,4,4,12,19,5,3,1,0,2.4,3.1,3.2
2223,02/04/2023,Ath Madrid,Betis,1,0,H,0,0,D,13,6,7,2,5,1,20,11,1,2,0,0,1.53,4.0,6.5
2223,03/04/2023,Valencia,Vallecano,1,1,D,0,1,A,18,7,4,2,13,3,15,16,2,3,0,0,2.05,3.2,3.8
2223,07/04/2023,Sevilla,Celta,2,2,D,1,0,H,7,9,2,4,8,3,11,9,6,2,2,0,2.1,3.4,3.5
2223,08/04/2023,Osasuna,Elche,2,1,H,0,1,A,22,7,6,1,9,2,15,7,1,3,0,0,1.73,3.6,5.0
2223,08/04/2023,Espanol,Ath Bilbao,1,2,A,0,1,A,9,12,2,7,8,7,14,18,6,4,1,0,3.5,3.2,2.2
2223,08/04/2023,Sociedad,Getafe,2,0,H,1,0,H,11,6,6,4,3,2,11,9,2,1,0,0,1.7,3.3,6.0
2223,08/04/2023,Real Madrid,Villarreal,2,3,A,1,1,D,18,17,4,8,6,7,8,19,0,3,0,0,1.53,4.33,5.75
2223,09/04/2023,Valladolid,Mallorca,3,3,D,1,0,H,10,14,6,6,1,2,13,20,3,5,0,0,2.5,2.9,3.2
2223,09/04/2023,Betis,Cadiz,0,2,A,0,0,D,9,15,3,4,5,6,18,16,3,3,2,0,1.62,3.75,5.75
2223,09/04/2023,Almeria,Valencia,2,1,H,0,0,D,10,11,4,4,3,7,11,11,3,2,0,0,3.0,3.3,2.4
2223,09/04/2023,Vallecano,Ath Madrid,1,2,A,0,2,A,15,14,3,4,8,2,8,7,0,0,1,0,4.33,3.5,1.85
2223,10/04/2023,Barcelona,Girona,0,0,D,0,0,D,18,5,3,0,12,2,14,14,0,2,0,0,1.3,5.5,10.0
2223,14/04/2023,Vallecano,Osasuna,2,1,H,2,0,H,12,8,3,4,2,3,18,16,2,3,0,0,2.2,3.1,3.6
2223,15/04/2023,Villarreal,Valladolid,1,2,A,0,2,A,22,14,7,7,8,5,9,18,1,6,0,0,1.44,4.75,6.5
2223,15/04/2023,Ath Bilbao,Sociedad,2,0,H,1,0,H,13,13,5,4,5,2,16,14,5,2,0,0,2.25,3.1,3.5
2223,15/04/2023,Betis,Espanol,3,1,H,2,0,H,15,13,8,4,4,13,9,13,2,2,0,0,1.83,3.5,4.5
2223,15/04/2023,Cadiz,Real Madrid,0,2,A,0,0,D,12,35,3,11,2,9,12,7,1,0,0,0,5.75,4.2,1.55
2223,16/04/2023,Girona,Elche,2,0,H,1,0,H,14,13,4,5,3,4,9,14,3,3,0,1,1.53,4.33,6.0
2223,16/04/2023,Getafe,Barcelona,0,0,D,0,0,D,5,15,1,3,1,5,13,12,2,1,0,0,6.0,3.8,1.6
2223,16/04/2023,Ath Madrid,Almeria,2,1,H,2,1,H,19,2,7,0,9,2,7,8,3,3,0,0,1.22,7.0,11.0
2223,16/04/2023,Valencia,Sevilla,0,2,A,0,0,D,13,6,3,3,6,2,10,17,1,4,1,0,2.2,3.2,3.6
2223,17/04/2023,Celta,Mallorca,0,1,A,0,1,A,12,8,3,2,7,5,10,19,2,1,1,0,1.8,3.3,5.25
2223,21/04/2023,Espanol,Cadiz,0,0,D,0,0,D,14,11,5,2,6,3,8,22,4,2,0,0,2.05,3.25,3.8
2223,22/04/2023,Osasuna,Betis,3,2,H,3,1,H,10,21,5,6,5,13,20,13,2,0,0,0,2.55,3.2,2.88
2223,22/04/2023,Almeria,Ath Bilbao,1,2,A,0,1,A,12,14,4,3,3,4,8,20,2,4,0,0,3.8,3.75,1.85
2223,22/04/2023,Sociedad,Vallecano,2,1,H,0,0,D,7,7,1,2,3,3,18,19,1,2,0,0,1.67,3.5,6.0
2223,22/04/2023,Valladolid,Girona,1,0,H,1,0,H,15,12,6,6,5,7,14,9,1,1,0,0,2.5,3.4,2.8
2223,22/04/2023,Real Madrid,Celta,2,0,H,1,0,H,17,12,5,2,8,3,10,10,1,2,0,0,1.36,5.0,9.0
2223,23/04/2023,Elche,Valencia,0,2,A,0,2,A,7,5,1,3,11,6,12,6,3,1,0,0,4.33,3.5,1.85
2223,23/04/2023,Barcelona,Ath Madrid,1,0,H,1,0,H,13,13,4,3,3,3,15,16,4,7,0,0,1.95,3.3,4.2
2223,23/04/2023,Mallorca,Getafe,3,1,H,0,1,A,8,3,4,1,2,2,15,18,2,3,0,0,2.3,2.88,3.75
2223,23/04/2023,Sevilla,Villarreal,2,1,H,1,0,H,17,17,4,5,5,3,12,10,1,2,0,0,2.75,3.4,2.55
2223,25/04/2023,Cadiz,Osasuna,0,1,A,0,0,D,20,6,4,4,11,2,8,15,0,1,0,1,2.3,3.1,3.4
2223,25/04/2023,Girona,Real Madrid,4,2,H,2,1,H,13,18,5,3,3,8,7,6,1,2,0,0,5.25,4.33,1.57
2223,25/04/2023,Betis,Sociedad,0,0,D,0,0,D,10,10,1,3,2,4,13,23,1,3,0,0,2.75,3.25,2.63
2223,26/04/2023,Ath Madrid,Mallorca,3,1,H,1,1,D,24,6,9,2,5,8,10,9,0,0,0,0,1.4,4.33,8.5
2223,26/04/2023,Getafe,Almeria,1,2,A,0,1,A,21,23,9,11,4,6,15,9,2,2,1,0,1.91,3.3,4.5
2223,26/04/2023,Celta,Elche,1,0,H,0,0,D,17,16,9,1,10,6,9,12,0,0,0,0,1.3,5.25,10.0
2223,26/04/2023,Vallecano,Barcelona,2,1,H,1,0,H,9,10,6,5,3,9,10,14,1,4,0,0,4.75,3.75,1.73
2223,27/04/2023,Valencia,Valladolid,2,1,H,0,1,A,18,8,5,2,6,2,16,17,0,4,0,0,1.75,3.75,4.75
2223,27/04/2023,Villarreal,Espanol,4,2,H,0,1,A,31,13,13,4,9,2,14,10,2,4,0,1,1.57,4.0,6.0
2223,27/04/2023,Ath Bilbao,Sevilla,0,1,A,0,0,D,7,4,2,1,8,2,7,11,3,3,0,0,1.75,3.6,4.5
2223,28/04/2023,Osasuna,Sociedad,0,2,A,0,1,A,13,12,1,8,4,2,12,15,3,1,0,0,3.75,3.0,2.2
2223,29/04/2023,Elche,Vallecano,4,0,H,1,0,H,18,14,9,3,3,8,13,16,1,2,0,1,4.75,3.5,1.8
2223,29/04/2023,Real Madrid,Almeria,4,2,H,3,1,H,15,9,12,3,7,0,12,16,2,2,0,0,1.14,8.5,15.0
2223,29/04/2023,Barcelona,Betis,4,0,H,3,0,H,15,4,8,1,10,0,10,9,0,2,0,1,1.33,5.0,9.0
2223,30/04/2023,Cadiz,Valencia,2,1,H,1,0,H,8,16,4,4,5,6,14,10,6,2,0,0,3.1,3.1,2.45
2223,30/04/2023,Villarreal,Celta,3,1,H,2,1,H,9,14,3,5,4,9,12,11,1,4,0,0,1.8,3.6,4.5
2223,30/04/2023,Espanol,Getafe,1,0,H,1,0,H,17,7,8,2,6,3,12,23,3,5,0,0,2.38,3.0,3.3
2223,30/04/2023,Valladolid,Ath Madrid,2,5,A,1,3,A,19,9,6,6,9,1,14,8,2,1,0,0,5.5,3.8,1.65
2223,01/05/2023,Mallorca,Ath Bilbao,1,1,D,0,0,D,9,16,2,6,5,7,17,9,4,2,0,0,3.6,3.0,2.25
2223,01/05/2023,Sevilla,Girona,0,2,A,0,1,A,23,9,5,3,6,1,14,11,1,1,0,0,1.95,3.5,3.8
2223,02/05/2023,Almeria,Elche,2,1,H,1,0,H,10,14,4,1,7,13,8,9,2,2,0,0,1.62,4.33,5.0
2223,02/05/2023,Barcelona,Osasuna,1,0,H,0,0,D,21,7,4,2,11,0,7,10,0,0,0,1,1.14,7.5,19.0
2223,02/05/2023,Sociedad,Real Madrid,2,0,H,0,0,D,9,10,4,5,2,6,17,9,1,5,0,1,2.55,3.4,2.8
2223,03/05/2023,Valencia,Villarreal,1,1,D,0,0,D,8,11,1,4,6,6,14,13,4,2,0,0,2.75,3.3,2.55
2223,03/05/2023,Ath Madrid,Cadiz,5,1,H,2,0,H,18,2,8,1,5,2,12,9,3,2,0,0,1.29,5.5,12.0
2223,03/05/2023,Getafe,Celta,1,0,H,1,0,H,14,7,4,1,1,5,21,14,7,5,0,1,2.55,3.0,3.1
2223,04/05/2023,Girona,Mallorca,2,1,H,1,0,H,17,8,7,2,9,5,9,13,4,0,0,0,2.1,3.2,3.75
2223,04/05/2023,Sevilla,Espanol,3,2,H,1,2,A,18,7,6,3,9,0,15,11,1,2,0,0,1.83,3.6,4.2
2223,04/05/2023,Ath Bilbao,Betis,0,1,A,0,1,A,21,12,6,2,13,2,13,7,1,3,1,0,1.7,4.0,4.75
2223,04/05/2023,Vallecano,Valladolid,2,1,H,0,0,D,16,7,6,4,3,4,18,15,0,0,0,0,1.73,3.8,4.75
2223,12/05/2023,Mallorca,Cadiz,1,0,H,1,0,H,8,14,3,4,3,7,16,14,5,3,0,0,2.15,2.9,4.0
2223,13/05/2023,Sociedad,Girona,2,2,D,2,2,D,18,13,6,6,7,4,22,13,5,3,0,1,1.62,4.0,5.5
2223,13/05/2023,Osasuna,Almeria,3,1,H,0,0,D,18,8,7,3,4,1,7,7,0,0,0,0,2.05,3.5,3.6
2223,13/05/2023,Villarreal,Ath Bilbao,5,1,H,2,1,H,17,11,11,5,7,5,11,13,4,3,0,0,2.1,3.5,3.4
2223,13/05/2023,Real Madrid,Getafe,1,0,H,0,0,D,16,9,3,2,1,3,5,23,1,4,0,0,1.55,4.0,6.5
2223,14/05/2023,Celta,Valencia,1,2,A,0,1,A,10,12,6,5,5,4,13,19,3,5,0,1,2.2,3.3,3.4
2223,14/05/2023,Elche,Ath Madrid,1,0,H,1,0,H,15,13,4,4,3,5,16,3,2,0,0,0,8.0,5.0,1.36
2223,14/05/2023,Valladolid,Sevilla,0,3,A,0,0,D,28,17,6,5,8,3,9,16,2,1,0,0,2.25,3.5,3.1
2223,14/05/2023,Espanol,Barcelona,2,4,A,0,3,A,15,15,7,5,4,3,12,9,1,3,0,0,5.25,4.0,1.65
2223,15/05/2023,Betis,Vallecano,3,1,H,2,0,H,11,16,5,4,6,5,11,9,3,2,0,1,1.91,3.5,4.0
2223,19/05/2023,Cadiz,Valladolid,2,0,H,0,0,D,11,6,4,2,4,3,18,18,4,4,0,1,2.2,3.4,3.3
2223,20/05/2023,Girona,Villarreal,1,2,A,1,1,D,9,10,3,5,3,1,16,11,2,1,0,0,2.8,3.75,2.3
2223,20/05/2023,Ath Bilbao,Celta,2,1,H,1,0,H,10,8,3,3,8,5,17,12,4,1,0,0,1.62,3.8,5.5
2223,20/05/2023,Almeria,Mallorca,3,0,H,2,0,H,12,7,3,3,4,6,11,15,1,2,0,0,2.25,3.25,3.3
2223,20/05/2023,Getafe,Elche,1,1,D,1,1,D,9,13,5,4,5,6,19,11,3,1,0,0,1.5,4.0,7.0
2223,20/05/2023,Barcelona,Sociedad,1,2,A,0,1,A,13,13,4,6,8,2,8,16,4,4,0,0,1.8,3.75,4.33
2223,21/05/2023,Vallecano,Espanol,1,2,A,1,1,D,15,10,5,6,4,4,8,11,2,2,0,0,2.15,3.4,3.4
2223,21/05/2023,Ath Madrid,Osasuna,3,0,H,1,0,H,15,12,5,2,8,10,6,11,0,2,0,0,1.36,4.75,8.0
2223,21/05/2023,Valencia,Real Madrid,1,0,H,1,0,H,12,13,6,5,2,9,13,4,4,2,0,1,3.2,3.5,2.2
2223,21/05/2023,Sevilla,Betis,0,0,D,0,0,D,10,5,4,0,4,3,14,11,2,2,0,1,2.3,3.3,3.1
2223,23/05/2023,Celta,Girona,1,1,D,1,0,H,16,11,7,4,9,3,13,13,0,0,0,0,2.0,3.5,3.75
2223,23/05/2023,Sociedad,Almeria,1,0,H,1,0,H,15,2,2,2,10,2,20,8,0,1,0,1,1.36,5.0,8.0
2223,23/05/2023,Valladolid,Barcelona,3,1,H,2,0,H,8,16,4,6,2,6,13,9,1,0,0,0,3.6,3.8,1.91
2223,24/05/2023,Elche,Sevilla,1,1,D,1,1,D,20,9,7,3,9,5,12,10,1,4,0,1,4.0,3.75,1.91
2223,24/05/2023,Real Madrid,Vallecano,2,1,H,1,0,H,12,15,3,6,5,2,11,14,1,3,0,0,1.62,4.0,5.25
2223,24/05/2023,Villarreal,Cadiz,2,0,H,2,0,H,13,16,7,8,7,6,14,8,1,2,0,0,1.44,4.5,7.0
2223,24/05/2023,Betis,Getafe,0,1,A,0,0,D,11,9,4,2,2,5,8,12,2,5,1,0,2.0,3.2,4.2
2223,24/05/2023,Espanol,Ath Madrid,3,3,D,0,2,A,26,16,13,7,16,1,6,9,2,3,0,0,2.88,3.5,2.38
2223,25/05/2023,Mallorca,Valencia,1,0,H,0,0,D,4,15,3,5,2,4,15,12,4,2,0,0,3.3,3.0,2.4
2223,25/05/2023,Osasuna,Ath Bilbao,2,0,H,0,0,D,9,10,3,5,3,6,17,13,3,3,0,0,3.0,3.25,2.45
2223,27/05/2023,Sevilla,Real Madrid,1,2,A,1,1,D,11,6,1,3,1,1,23,10,2,4,1,0,2.88,3.5,2.4
2223,28/05/2023,Almeria,Valladolid,0,0,D,0,0,D,23,8,7,2,2,4,11,16,0,4,0,0,2.25,3.4,3.1
2223,28/05/2023,Ath Bilbao,Elche,0,1,A,0,0,D,27,6,8,2,19,3,7,10,1,1,0,0,1.3,5.0,11.0
2223,28/05/2023,Ath Madrid,Sociedad,2,1,H,1,0,H,11,10,5,5,6,4,8,10,2,2,0,0,2.0,3.5,3.6
2223,28/05/2023,Barcelona,Mallorca,3,0,H,2,0,H,28,3,9,1,14,3,4,9,0,0,0,1,1.33,5.0,9.5
2223,28/05/2023,Cadiz,Celta,1,0,H,0,0,D,13,9,3,4,3,3,16,10,9,5,0,0,2.6,3.1,2.75
2223,28/05/2023,Getafe,Osasuna,2,1,H,1,1,D,16,10,6,2,1,1,11,6,3,1,0,0,2.2,3.1,3.5
2223,28/05/2023,Girona,Betis,1,2,A,1,0,H,9,18,3,7,8,5,14,12,0,1,0,0,1.95,3.6,3.6
2223,28/05/2023,Valencia,Espanol,2,2,D,1,1,D,19,9,4,5,10,3,12,12,0,4,0,0,2.0,3.75,3.4
2223,28/05/2023,Vallecano,Villarreal,2,1,H,0,0,D,15,7,4,2,4,6,9,9,3,5,0,0,3.0,3.6,2.2
2223,04/06/2023,Mallorca,Vallecano,3,0,H,0,0,D,8,20,4,4,2,6,14,15,0,0,0,0,3.0,3.3,2.38
2223,04/06/2023,Osasuna,Girona,2,1,H,0,0,D,14,11,7,6,5,2,12,9,1,5,0,0,2.05,3.6,3.4
2223,04/06/2023,Real Madrid,Ath Bilbao,1,1,D,0,0,D,9,15,2,9,5,6,11,14,2,2,0,0,1.91,3.75,3.75
2223,04/06/2023,Sociedad,Sevilla,2,1,H,1,0,H,17,9,6,4,5,2,10,13,0,1,0,0,1.73,3.9,4.6
2223,04/06/2023,Villarreal,Ath Madrid,2,2,D,1,1,D,22,9,7,3,12,1,9,12,3,2,0,1,2.7,3.5,2.5
2223,04/06/2023,Betis,Valencia,1,1,D,1,0,H,8,10,3,3,5,4,11,11,3,0,0,1,2.63,3.6,2.5
2223,04/06/2023,Celta,Barcelona,2,1,H,1,0,H,12,9,9,2,2,4,13,9,2,2,0,0,2.6,3.8,2.5
2223,04/06/2023,Elche,Cadiz,1,1,D,0,1,A,12,14,5,3,7,4,18,8,4,3,0,0,2.63,3.4,2.63
2223,04/06/2023,Espanol,Almeria,3,3,D,1,1,D,12,11,8,4,7,6,11,12,2,3,0,0,2.75,3.8,2.38
2223,04/06/2023,Valladolid,Getafe,0,0,D,0,0,D,15,4,0,1,6,1,9,25,1,3,0,0,2.2,3.3,3.4
2324,11/08/2023,Almeria,Vallecano,0,2,A,0,2,A,19,10,5,4,8,3,16,25,1,3,0,0,2.45,3.3,2.9
2324,11/08/2023,Sevilla,Valencia,1,2,A,0,0,D,9,10,3,3,8,1,15,17,3,2,1,0,1.91,3.5,4.2
2324,12/08/2023,Sociedad,Girona,1,1,D,1,0,H,15,6,2,1,4,1,22,9,2,5,0,0,1.62,4.0,5.25
2324,12/08/2023,Las Palmas,Mallorca,1,1,D,1,0,H,5,12,2,2,3,6,11,21,3,2,0,0,2.4,3.0,3.3
2324,12/08/2023,Ath Bilbao,Real Madrid,0,2,A,0,2,A,7,14,1,8,7,5,18,6,3,1,0,0,3.3,3.5,2.15
2324,13/08/2023,Celta,Osasuna,0,2,A,0,1,A,11,11,1,5,7,2,11,15,1,1,0,0,2.05,3.2,3.9
2324,13/08/2023,Villarreal,Betis,1,2,A,0,1,A,18,12,5,5,9,4,13,17,1,3,0,0,1.75,4.0,4.2
2324,13/08/2023,Getafe,Barcelona,0,0,D,0,0,D,5,14,2,4,3,4,20,11,8,2,1,1,6.5,3.8,1.57
2324,14/08/2023,Cadiz,Alaves,1,0,H,1,0,H,12,10,3,2,2,4,19,15,3,2,1,0,2.2,3.0,3.75
2324,14/08/2023,Ath Madrid,Granada,3,1,H,1,0,H,14,7,6,4,3,3,15,9,3,1,0,0,1.3,5.5,9.5
2324,18/08/2023,Mallorca,Villarreal,0,1,A,0,0,D,8,15,1,3,6,5,12,11,2,4,0,0,2.8,3.2,2.6
2324,18/08/2023,Valencia,Las Palmas,1,0,H,0,0,D,9,7,4,1,6,4,12,6,0,0,0,0,1.57,3.9,6.0
2324,19/08/2023,Sociedad,Celta,1,1,D,1,0,H,11,17,2,6,9,7,12,12,2,1,0,0,1.73,3.4,5.5
2324,19/08/2023,Almeria,Real Madrid,1,3,A,1,1,D,20,24,8,9,4,5,10,13,1,0,0,0,8.0,4.75,1.4
2324,19/08/2023,Osasuna,Ath Bilbao,0,2,A,0,2,A,18,8,7,2,5,3,9,14,1,5,1,1,2.9,3.0,2.63
2324,20/08/2023,Girona,Getafe,3,0,H,1,0,H,7,9,6,2,3,2,11,20,2,5,0,0,2.05,3.1,4.0
2324,20/08/2023,Barcelona,Cadiz,2,0,H,0,0,D,23,10,10,1,10,2,9,22,4,3,0,0,1.2,7.0,13.0
2324,20/08/2023,Betis,Ath Madrid,0,0,D,0,0,D,14,5,0,1,2,7,10,8,2,1,0,0,3.8,3.4,2.0
2324,21/08/2023,Alaves,Sevilla,4,3,H,2,2,D,14,12,7,2,4,4,14,13,1,2,0,0,3.3,3.1,2.35
2324,21/08/2023,Granada,Vallecano,0,2,A,0,0,D,14,17,7,9,5,6,14,11,2,1,1,0,2.75,3.0,2.8
2324,25/08/2023,Las Palmas,Sociedad,0,0,D,0,0,D,11,8,5,1,5,7,7,29,1,4,0,0,4.33,3.1,2.0
2324,25/08/2023,Celta,Real Madrid,0,1,A,0,0,D,13,10,4,3,3,5,19,14,2,3,0,0,4.75,3.9,1.7
2324,26/08/2023,Cadiz,Almeria,1,1,D,0,0,D,11,5,3,2,7,3,16,22,0,5,1,1,2.25,3.2,3.3
2324,26/08/2023,Granada,Mallorca,3,2,H,1,1,D,10,10,4,5,5,3,11,27,2,7,0,0,2.6,3.0,3.0
2324,26/08/2023,Sevilla,Girona,1,2,A,1,1,D,21,8,4,3,6,6,11,18,2,1,0,0,2.05,3.4,3.6
2324,27/08/2023,Villarreal,Barcelona,3,4,A,2,2,D,13,21,6,11,2,6,12,14,3,3,0,0,3.6,3.5,2.0
2324,27/08/2023,Valencia,Osasuna,1,2,A,0,1,A,16,7,4,2,6,3,13,12,3,4,0,0,1.91,3.4,4.0
2324,27/08/2023,Ath Bilbao,Betis,4,2,H,3,2,H,14,7,6,3,5,3,23,11,4,2,0,0,1.85,3.5,4.2
2324,28/08/2023,Getafe,Alaves,1,0,H,0,0,D,15,16,4,2,4,5,13,15,1,2,0,0,2.2,2.88,3.8
2324,28/08/2023,Vallecano,Ath Madrid,0,7,A,0,3,A,12,17,3,10,8,3,19,17,4,3,0,0,4.2,3.3,1.95
2324,01/09/2023,Cadiz,Villarreal,3,1,H,2,1,H,18,7,4,3,7,3,21,15,5,4,0,1,3.4,3.4,2.15
2324,01/09/2023,Almeria,Celta,2,3,A,0,2,A,16,14,5,8,6,5,9,9,1,1,0,0,2.8,3.4,2.5
2324,02/09/2023,Sociedad,Granada,5,3,H,2,1,H,15,8,6,5,2,5,15,14,1,5,0,0,1.44,4.5,7.0
2324,02/09/2023,Real Madrid,Getafe,2,1,H,0,1,A,26,6,12,2,11,1,12,16,2,6,0,0,1.33,5.25,9.5
2324,02/09/2023,Alaves,Valencia,1,0,H,1,0,H,7,9,1,4,1,2,18,9,4,2,0,0,2.9,2.88,2.75
2324,02/09/2023,Betis,Vallecano,1,0,H,0,0,D,14,15,5,6,2,3,22,20,3,5,0,0,1.95,3.4,4.0
2324,03/09/2023,Girona,Las Palmas,1,0,H,0,0,D,11,10,6,5,3,5,15,10,3,3,0,0,1.67,3.8,5.25
2324,03/09/2023,Mallorca,Ath Bilbao,0,0,D,0,0,D,8,11,2,3,3,5,12,17,0,1,0,0,3.3,3.0,2.38
2324,03/09/2023,Osasuna,Barcelona,1,2,A,0,1,A,11,9,3,4,8,5,6,16,1,3,1,0,5.25,4.0,1.65
2324,15/09/2023,Vallecano,Alaves,2,0,H,1,0,H,20,9,11,1,5,3,15,14,2,3,0,0,2.0,3.25,4.0
2324,16/09/2023,Ath Bilbao,Cadiz,3,0,H,0,0,D,20,5,9,4,5,4,10,20,1,4,0,0,1.53,4.0,7.0
2324,16/09/2023,Valencia,Ath Madrid,3,0,H,2,0,H,12,11,8,3,5,8,13,17,1,5,0,0,3.8,3.3,2.05
2324,16/09/2023,Celta,Mallorca,0,1,A,0,0,D,16,7,4,4,10,1,9,15,1,3,0,0,2.0,3.1,4.33
2324,16/09/2023,Barcelona,Betis,5,0,H,2,0,H,17,11,9,2,9,5,9,10,1,2,0,0,1.36,5.25,7.5
2324,17/09/2023,Getafe,Osasuna,3,2,H,1,1,D,11,8,6,3,6,3,15,11,6,2,0,0,2.63,3.0,3.0
2324,17/09/2023,Villarreal,Almeria,2,1,H,1,1,D,10,17,4,7,7,6,16,6,2,3,0,0,1.44,4.5,7.0
2324,17/09/2023,Sevilla,Las Palmas,1,0,H,0,0,D,26,12,9,2,7,3,13,12,3,5,0,0,1.62,4.0,5.5
2324,17/09/2023,Real Madrid,Sociedad,2,1,H,0,1,A,17,15,8,5,4,3,11,14,3,2,0,0,1.65,4.0,5.0
2324,18/09/2023,Granada,Girona,2,4,A,0,3,A,12,13,5,7,4,5,13,21,3,3,0,0,2.63,3.5,2.6
2324,22/09/2023,Alaves,Ath Bilbao,0,2,A,0,1,A,15,11,5,3,3,4,13,9,2,2,0,0,4.2,3.0,2.05
2324,23/09/2023,Girona,Mallorca,5,3,H,4,1,H,23,15,10,5,6,5,10,12,1,5,0,0,1.85,3.5,4.2
2324,23/09/2023,Osasuna,Sevilla,0,0,D,0,0,D,16,15,2,3,7,4,11,7,2,3,0,0,2.6,3.1,2.88
2324,23/09/2023,Barcelona,Celta,3,2,H,0,1,A,15,13,6,7,2,3,10,11,2,1,0,0,1.29,6.0,9.0
2324,23/09/2023,Almeria,Valencia,2,2,D,0,1,A,17,7,10,5,8,3,12,10,4,2,0,0,3.0,3.6,2.3
2324,24/09/2023,Sociedad,Getafe,4,3,H,1,2,A,10,10,6,7,2,1,13,24,3,2,0,0,1.53,3.8,7.0
2324,24/09/2023,Vallecano,Villarreal,1,1,D,1,1,D,11,13,6,6,2,8,20,18,2,3,0,1,2.5,3.5,2.63
2324,24/09/2023,Betis,Cadiz,1,1,D,0,1,A,21,5,7,1,11,8,10,14,2,3,0,0,1.8,3.5,4.5
2324,24/09/2023,Las Palmas,Granada,1,0,H,0,0,D,10,2,3,1,6,7,13,19,6,4,1,0,1.95,3.5,3.6
2324,24/09/2023,Ath Madrid,Real Madrid,3,1,H,2,1,H,10,20,4,5,6,11,13,10,1,3,0,0,2.7,3.4,2.55
2324,26/09/2023,Sevilla,Almeria,5,1,H,3,0,H,18,10,9,1,9,4,15,16,3,2,0,0,1.67,3.8,5.0
2324,26/09/2023,Mallorca,Barcelona,2,2,D,2,1,H,10,10,5,4,7,2,19,7,4,1,1,0,7.5,4.2,1.5
2324,27/09/2023,Ath Bilbao,Getafe,2,2,D,1,0,H,9,13,4,5,5,4,9,19,5,6,1,0,1.62,3.6,6.5
2324,27/09/2023,Real Madrid,Las Palmas,2,0,H,1,0,H,21,16,9,2,7,2,7,9,0,1,0,0,1.2,7.0,11.0
2324,27/09/2023,Villarreal,Girona,1,2,A,0,0,D,14,17,3,5,5,6,9,11,3,2,0,0,2.25,3.5,3.1
2324,27/09/2023,Cadiz,Vallecano,0,0,D,0,0,D,9,9,2,4,1,2,16,13,5,6,0,1,2.5,3.2,2.88
2324,27/09/2023,Valencia,Sociedad,0,1,A,0,1,A,9,2,2,1,0,2,14,17,4,7,1,0,2.63,3.1,2.8
2324,28/09/2023,Celta,Alaves,1,1,D,1,0,H,8,21,0,11,2,8,9,11,5,3,1,0,1.7,3.6,5.25
2324,28/09/2023,Granada,Betis,1,1,D,0,0,D,19,13,7,3,5,7,14,10,2,1,0,0,3.0,3.3,2.38
2324,28/09/2023,Osasuna,Ath Madrid,0,2,A,0,1,A,13,4,2,3,7,2,14,4,3,3,1,1,3.4,3.4,2.15
2324,29/09/2023,Barcelona,Sevilla,1,0,H,0,0,D,18,12,5,3,13,3,11,15,2,3,0,0,1.36,5.25,8.0
2324,30/09/2023,Getafe,Villarreal,0,0,D,0,0,D,22,3,9,0,6,4,19,11,2,4,0,1,2.9,3.1,2.6
2324,30/09/2023,Vallecano,Mallorca,2,2,D,1,1,D,19,9,5,4,5,0,12,20,2,5,0,0,2.1,3.1,4.0
2324,30/09/2023,Girona,Real Madrid,0,3,A,0,2,A,13,14,3,7,1,4,13,14,2,2,0,1,3.5,4.0,1.95
2324,30/09/2023,Sociedad,Ath Bilbao,3,0,H,1,0,H,8,18,5,3,5,7,20,9,2,2,0,0,2.2,3.2,3.5
2324,01/10/2023,Almeria,Granada,3,3,D,3,0,H,17,19,5,4,1,5,18,14,2,1,0,0,1.95,3.6,3.75
2324,01/10/2023,Alaves,Osasuna,0,2,A,0,1,A,17,10,3,3,4,2,13,13,2,3,1,0,2.75,3.0,2.8
2324,01/10/2023,Ath Madrid,Cadiz,3,2,H,1,2,A,18,8,9,4,5,3,5,10,1,3,0,0,1.33,5.0,10.0
2324,01/10/2023,Betis,Valencia,3,0,H,1,0,H,15,9,7,2,5,3,11,10,2,2,0,0,2.3,3.25,3.3
2324,02/10/2023,Las Palmas,Celta,2,1,H,0,0,D,16,11,5,3,4,5,13,14,2,1,0,0,2.5,3.2,3.0
2324,06/10/2023,Ath Bilbao,Almeria,3,0,H,1,0,H,23,4,9,1,6,2,11,7,2,0,0,0,1.36,5.0,8.0
2324,07/10/2023,Cadiz,Girona,0,1,A,0,0,D,8,20,2,5,5,5,12,13,1,3,1,0,3.25,3.4,2.25
2324,07/10/2023,Real Madrid,Osasuna,4,0,H,1,0,H,19,7,9,1,5,4,9,6,2,2,0,0,1.29,6.0,9.5
2324,07/10/2023,Mallorca,Valencia,1,1,D,1,1,D,9,11,5,3,3,6,17,11,2,1,0,0,2.5,3.0,3.2
2324,07/10/2023,Sevilla,Vallecano,2,2,D,0,2,A,22,7,6,4,12,2,16,19,5,2,0,0,1.85,3.6,4.2
2324,08/10/2023,Villarreal,Las Palmas,1,2,A,0,1,A,9,8,4,5,7,2,17,7,4,4,0,0,1.6,4.0,5.75
2324,08/10/2023,Ath Madrid,Sociedad,2,1,H,1,0,H,14,13,5,4,1,4,9,12,3,3,0,0,1.83,3.4,4.5
2324,08/10/2023,Alaves,Betis,1,1,D,1,1,D,15,6,5,2,5,3,13,9,3,3,0,1,2.8,3.25,2.6
2324,08/10/2023,Celta,Getafe,2,2,D,2,2,D,26,3,11,2,13,1,14,20,1,8,0,1,2.05,3.1,4.2
2324,08/10/2023,Granada,Barcelona,2,2,D,2,1,H,7,22,2,10,1,11,12,7,4,1,0,0,6.5,5.25,1.4
2324,20/10/2023,Osasuna,Granada,2,0,H,1,0,H,12,13,6,3,1,7,19,13,3,4,0,1,1.73,3.8,4.75
2324,21/10/2023,Sociedad,Mallorca,1,0,H,0,0,D,14,18,6,7,2,5,14,16,3,3,0,0,1.55,3.8,7.0
2324,21/10/2023,Getafe,Betis,1,1,D,1,1,D,14,13,4,3,4,8,17,11,5,2,0,0,2.5,3.0,3.1
2324,21/10/2023,Sevilla,Real Madrid,1,1,D,0,0,D,17,14,7,5,4,6,13,6,5,2,0,0,4.2,3.6,1.85
2324,21/10/2023,Celta,Ath Madrid,0,3,A,0,1,A,16,12,3,7,7,5,10,10,3,2,1,0,3.5,3.5,2.1
2324,22/10/2023,Las Palmas,Vallecano,0,1,A,0,0,D,12,12,6,4,10,5,13,11,4,3,0,1,2.63,3.1,2.8
2324,22/10/2023,Girona,Almeria,5,2,H,3,2,H,19,9,8,5,9,6,11,14,1,2,0,0,1.45,4.5,7.0
2324,22/10/2023,Villarreal,Alaves,1,1,D,0,0,D,12,16,3,7,9,3,15,10,4,3,0,0,1.7,3.75,5.0
2324,22/10/2023,Barcelona,Ath Bilbao,1,0,H,0,0,D,12,10,7,3,4,7,11,18,3,3,0,0,1.62,4.0,5.5
2324,23/10/2023,Valencia,Cadiz,2,0,H,2,0,H,12,5,4,4,4,6,16,16,0,3,0,1,1.75,3.6,5.0
2324,27/10/2023,Girona,Celta,1,0,H,0,0,D,12,4,2,2,10,1,15,12,3,2,0,0,1.7,4.2,4.5
2324,28/10/2023,Almeria,Las Palmas,1,2,A,0,1,A,10,10,4,3,3,2,13,19,3,1,0,0,2.25,3.5,3.1
2324,28/10/2023,Barcelona,Real Madrid,1,2,A,1,0,H,15,13,3,4,6,3,15,15,2,1,0,0,2.55,3.6,2.6
2324,28/10/2023,Mallorca,Getafe,0,0,D,0,0,D,15,8,4,0,8,3,10,25,0,1,0,0,2.25,3.0,3.5
2324,28/10/2023,Cadiz,Sevilla,2,2,D,2,1,H,10,20,5,10,2,4,17,12,6,4,0,0,3.3,3.25,2.25
2324,29/10/2023,Betis,Osasuna,2,1,H,1,0,H,9,7,2,1,6,3,10,25,3,4,0,0,2.05,3.5,3.6
2324,29/10/2023,Vallecano,Sociedad,2,2,D,1,1,D,16,15,7,3,4,5,17,16,3,2,0,0,3.1,3.2,2.38
2324,29/10/2023,Ath Bilbao,Valencia,2,2,D,1,0,H,12,11,7,5,10,4,11,10,3,1,0,0,1.62,3.8,5.75
2324,29/10/2023,Ath Madrid,Alaves,2,1,H,2,0,H,11,8,7,1,4,4,10,11,3,2,0,0,1.4,4.75,8.5
2324,30/10/2023,Granada,Villarreal,2,3,A,2,3,A,18,6,8,5,4,1,14,15,0,4,0,0,3.1,3.5,2.25
2324,03/11/2023,Las Palmas,Ath Madrid,2,1,H,0,0,D,9,13,3,5,3,4,12,9,0,3,0,0,5.75,3.6,1.65
2324,04/11/2023,Osasuna,Girona,2,4,A,1,1,D,15,11,3,4,2,7,14,10,5,3,0,0,2.9,3.4,2.4
2324,04/11/2023,Betis,Mallorca,2,0,H,1,0,H,22,8,3,1,6,1,13,16,1,4,0,1,1.91,3.3,4.5
2324,04/11/2023,Celta,Sevilla,1,1,D,1,0,H,15,13,3,5,4,6,14,10,2,5,1,0,2.6,3.4,2.7
2324,04/11/2023,Sociedad,Barcelona,0,1,A,0,0,D,13,12,6,4,8,3,16,8,3,3,0,0,3.1,3.5,2.25
2324,05/11/2023,Alaves,Almeria,1,0,H,0,0,D,23,9,3,3,12,6,13,14,2,3,0,0,1.75,3.75,4.75
2324,05/11/2023,Valencia,Granada,1,0,H,1,0,H,11,6,2,1,0,4,20,15,3,5,0,0,1.65,4.0,5.0
2324,05/11/2023,Villarreal,Ath Bilbao,2,3,A,0,3,A,17,17,6,7,9,3,11,18,4,4,0,0,2.8,3.6,2.4
2324,05/11/2023,Real Madrid,Vallecano,0,0,D,0,0,D,22,4,5,0,11,1,12,15,3,5,0,0,1.29,5.5,12.0
2324,06/11/2023,Getafe,Cadiz,1,0,H,0,0,D,13,6,3,2,6,3,18,12,7,1,1,0,1.91,3.1,4.75
2324,10/11/2023,Ath Bilbao,Celta,4,3,H,2,2,D,21,13,12,5,7,2,15,13,2,2,0,0,1.67,3.8,5.0
2324,11/11/2023,Vallecano,Girona,1,2,A,1,1,D,22,19,9,7,8,3,15,13,1,2,0,0,2.88,3.5,2.4
2324,11/11/2023,Almeria,Sociedad,1,3,A,0,0,D,7,18,2,6,5,5,18,19,2,2,0,0,4.75,3.8,1.73
2324,11/11/2023,Granada,Getafe,1,1,D,1,1,D,12,10,6,6,3,5,14,9,4,2,0,0,2.5,3.1,3.0
2324,11/11/2023,Osasuna,Las Palmas,1,1,D,0,0,D,11,6,3,1,8,3,25,10,1,1,0,0,1.95,3.4,4.0
2324,11/11/2023,Real Madrid,Valencia,5,1,H,2,0,H,16,10,7,4,4,4,7,26,1,3,0,0,1.33,5.5,8.5
2324,12/11/2023,Barcelona,Alaves,2,1,H,0,1,A,11,8,6,1,2,1,11,10,2,1,0,0,1.25,6.0,11.0
2324,12/11/2023,Sevilla,Betis,1,1,D,0,0,D,13,14,4,6,9,5,18,14,1,1,0,0,2.05,3.5,3.6
2324,12/11/2023,Ath Madrid,Villarreal,3,1,H,1,1,D,25,11,10,7,6,3,8,8,0,2,0,0,1.36,5.5,7.5
2324,24/11/2023,Alaves,Granada,3,1,H,2,0,H,8,11,5,4,6,2,10,13,1,3,0,0,1.7,3.6,5.0
2324,25/11/2023,Vallecano,Barcelona,1,1,D,1,0,H,10,15,4,4,1,4,23,13,3,4,0,0,5.25,4.0,1.65
2324,25/11/2023,Valencia,Celta,0,0,D,0,0,D,8,13,0,1,5,7,13,7,3,2,0,0,2.2,3.25,3.5
2324,25/11/2023,Getafe,Almeria,2,1,H,2,1,H,18,13,5,4,3,6,12,8,2,4,0,0,1.65,3.75,5.5
2324,25/11/2023,Ath Madrid,Mallorca,1,0,H,0,0,D,20,8,3,1,7,3,8,19,0,0,0,0,1.33,5.0,9.5
2324,26/11/2023,Villarreal,Osasuna,3,1,H,0,0,D,10,15,3,7,2,4,9,14,0,0,0,0,2.15,3.5,3.3
2324,26/11/2023,Sociedad,Sevilla,2,1,H,2,0,H,11,8,8,2,4,4,22,8,2,1,0,2,1.75,3.6,4.75
2324,26/11/2023,Cadiz,Real Madrid,0,3,A,0,1,A,13,14,4,5,4,4,16,16,3,3,0,0,6.0,4.5,1.5
2324,26/11/2023,Betis,Las Palmas,1,0,H,1,0,H,12,15,6,4,7,6,7,12,1,2,0,0,1.7,3.75,5.25
2324,27/11/2023,Girona,Ath Bilbao,1,1,D,0,0,D,12,13,2,6,2,6,8,16,1,1,0,0,2.25,3.5,3.1
2324,29/11/2023,Mallorca,Cadiz,1,1,D,1,1,D,16,6,3,3,7,0,14,18,2,3,0,0,1.95,3.2,4.33
2324,01/12/2023,Las Palmas,Getafe,2,0,H,1,0,H,11,12,6,4,4,4,11,9,0,5,0,1,2.38,2.9,3.4
2324,02/12/2023,Girona,Valencia,2,1,H,0,0,D,9,9,5,3,3,2,6,7,2,3,0,0,1.7,4.0,4.75
2324,02/12/2023,Ath Bilbao,Vallecano,4,0,H,1,0,H,9,11,4,3,7,2,15,11,1,2,0,0,1.57,4.2,5.75
2324,02/12/2023,Real Madrid,Granada,2,0,H,1,0,H,11,1,4,0,6,0,10,12,2,1,0,0,1.17,8.0,15.0
2324,02/12/2023,Osasuna,Sociedad,1,1,D,1,1,D,9,17,3,5,1,8,12,10,3,3,0,0,3.4,3.25,2.2
2324,03/12/2023,Mallorca,Alaves,0,0,D,0,0,D,7,7,3,4,5,4,16,15,4,2,0,0,2.45,3.0,3.25
2324,03/12/2023,Almeria,Betis,0,0,D,0,0,D,20,6,8,2,4,6,12,8,0,3,0,1,3.2,3.6,2.2
2324,03/12/2023,Sevilla,Villarreal,1,1,D,0,0,D,18,5,4,4,8,4,6,16,3,2,0,0,2.0,3.6,3.6
2324,03/12/2023,Barcelona,Ath Madrid,1,0,H,1,0,H,13,9,2,4,7,2,17,12,5,4,0,0,2.0,3.75,3.5
2324,04/12/2023,Celta,Cadiz,1,1,D,0,1,A,26,2,7,1,12,1,14,18,1,6,0,1,1.57,3.8,6.5
2324,08/12/2023,Getafe,Valencia,1,0,H,0,0,D,8,3,6,0,7,0,15,14,2,4,1,2,2.6,2.9,3.1
2324,09/12/2023,Alaves,Las Palmas,0,1,A,0,1,A,19,9,5,2,12,3,13,13,3,4,0,0,2.1,3.0,4.2
2324,09/12/2023,Betis,Real Madrid,1,1,D,0,0,D,14,12,6,2,8,6,14,7,2,1,0,0,4.2,3.8,1.8
2324,09/12/2023,Villarreal,Sociedad,0,3,A,0,3,A,20,16,4,5,5,3,10,22,2,1,0,0,3.4,3.4,2.1
2324,09/12/2023,Mallorca,Sevilla,1,0,H,1,0,H,6,19,3,5,4,12,15,6,2,2,0,0,2.75,3.1,2.75
2324,10/12/2023,Ath Madrid,Almeria,2,1,H,2,0,H,13,19,4,5,3,15,13,11,1,0,0,0,1.22,6.5,12.0
2324,10/12/2023,Cadiz,Osasuna,1,1,D,1,0,H,12,13,5,5,2,4,15,16,1,2,0,0,2.9,3.1,2.55
2324,10/12/2023,Barcelona,Girona,2,4,A,1,2,A,31,15,11,7,8,3,7,10,1,2,0,0,1.53,5.0,5.5
2324,11/12/2023,Granada,Ath Bilbao,1,1,D,0,1,A,7,19,4,4,1,8,9,11,0,2,0,0,5.0,4.0,1.67
2324,11/12/2023,Vallecano,Celta,0,0,D,0,0,D,17,4,4,2,8,1,15,10,3,0,0,0,2.45,3.1,3.1
2324,15/12/2023,Osasuna,Vallecano,1,0,H,0,0,D,10,9,4,3,9,1,20,13,2,3,0,0,2.2,3.2,3.5
2324,16/12/2023,Celta,Granada,1,0,H,1,0,H,11,7,4,2,7,1,20,18,6,2,1,0,1.67,4.0,5.0
2324,16/12/2023,Ath Bilbao,Ath Madrid,2,0,H,0,0,D,16,7,7,3,3,7,7,10,0,1,0,0,2.45,3.3,2.9
2324,16/12/2023,Sevilla,Getafe,0,3,A,0,2,A,12,14,4,7,4,2,18,18,3,3,0,0,1.95,3.4,4.2
2324,16/12/2023,Valencia,Barcelona,1,1,D,0,0,D,11,16,4,8,4,6,9,11,1,2,0,0,5.0,3.8,1.67
2324,17/12/2023,Almeria,Mallorca,0,0,D,0,0,D,7,20,1,2,4,4,12,9,2,1,0,0,2.7,3.2,2.7
2324,17/12/2023,Sociedad,Betis,0,0,D,0,0,D,12,12,4,3,3,7,12,12,3,4,0,0,1.7,4.0,5.0
2324,17/12/2023,Las Palmas,Cadiz,1,1,D,1,0,H,7,13,2,5,4,6,9,12,1,3,0,0,1.91,3.3,4.33
2324,17/12/2023,Real Madrid,Villarreal,4,1,H,2,0,H,22,3,9,1,11,0,14,12,2,3,0,0,1.29,6.0,9.0
2324,18/12/2023,Girona,Alaves,3,0,H,2,0,H,9,12,4,2,3,2,9,7,0,1,0,0,1.53,4.0,6.5
2324,19/12/2023,Vallecano,Valencia,0,1,A,0,0,D,7,8,1,3,8,1,16,18,1,5,0,1,2.2,3.2,3.5
2324,19/12/2023,Ath Madrid,Getafe,3,3,D,1,0,H,8,29,4,9,1,12,7,14,3,3,1,0,1.45,4.33,7.5
2324,19/12/2023,Granada,Sevilla,0,3,A,0,2,A,12,12,3,5,6,4,10,18,2,1,0,0,2.8,3.4,2.5
2324,20/12/2023,Barcelona,Almeria,3,2,H,1,1,D,30,10,11,5,12,0,16,9,3,3,0,0,1.14,8.5,15.0
2324,20/12/2023,Ath Bilbao,Las Palmas,1,0,H,0,0,D,19,5,10,1,5,2,12,11,1,3,0,0,1.36,5.0,7.0
2324,20/12/2023,Villarreal,Celta,3,2,H,2,0,H,12,15,8,5,4,7,16,15,2,4,0,0,2.4,3.6,2.88
2324,21/12/2023,Betis,Girona,1,1,D,0,1,A,21,12,4,4,7,6,6,9,2,2,0,0,2.8,3.5,2.38
2324,21/12/2023,Cadiz,Sociedad,0,0,D,0,0,D,10,8,2,1,7,5,16,15,3,1,0,0,4.75,3.1,1.75
2324,21/12/2023,Alaves,Real Madrid,0,1,A,0,0,D,8,9,2,4,3,3,18,13,3,1,0,1,5.75,4.0,1.53
2324,21/12/2023,Mallorca,Osasuna,3,2,H,1,1,D,15,12,8,7,6,0,11,12,3,1,0,0,2.3,2.9,3.3
2324,23/12/2023,Ath Madrid,Sevilla,1,0,H,0,0,D,12,8,4,2,6,5,12,19,7,3,1,0,1.53,4.33,5.75
2324,02/01/2024,Getafe,Vallecano,0,2,A,0,1,A,5,12,0,8,2,3,16,16,6,3,2,0,2.38,3.0,3.3
2324,02/01/2024,Sociedad,Alaves,1,1,D,0,0,D,16,7,6,2,6,4,9,17,4,4,1,0,1.6,3.75,6.5
2324,02/01/2024,Valencia,Villarreal,3,1,H,2,0,H,11,8,8,4,4,3,12,15,2,5,0,0,2.05,3.5,3.6
2324,03/01/2024,Granada,Cadiz,2,0,H,1,0,H,15,15,8,2,5,6,17,16,3,4,0,1,2.25,3.1,3.5
2324,03/01/2024,Celta,Betis,2,1,H,1,1,D,19,14,6,3,8,7,10,12,0,2,0,0,2.4,3.3,3.0
2324,03/01/2024,Real Madrid,Mallorca,1,0,H,0,0,D,17,7,5,0,5,4,5,15,2,3,0,0,1.2,6.5,15.0
2324,03/01/2024,Girona,Ath Madrid,4,3,H,3,2,H,17,18,9,12,7,8,8,10,0,1,0,0,2.55,3.6,2.63
2324,04/01/2024,Osasuna,Almeria,1,0,H,1,0,H,14,4,2,0,5,4,14,5,1,2,0,0,1.7,4.0,4.75
2324,04/01/2024,Sevilla,Ath Bilbao,0,2,A,0,1,A,11,15,2,6,5,4,9,19,3,1,0,0,3.0,3.3,2.38
2324,04/01/2024,Las Palmas,Barcelona,1,2,A,1,0,H,12,15,3,5,5,10,14,5,5,2,1,0,5.5,4.33,1.57
2324,12/01/2024,Sevilla,Alaves,2,3,A,0,2,A,19,16,4,8,5,4,12,13,4,3,0,0,1.91,3.4,4.2
2324,13/01/2024,Las Palmas,Villarreal,3,0,H,1,0,H,8,17,3,3,4,6,13,11,4,3,0,0,2.5,3.3,2.8
2324,13/01/2024,Mallorca,Celta,1,1,D,1,1,D,17,6,6,2,10,1,18,18,4,1,0,0,2.5,3.1,3.0
2324,13/01/2024,Ath Bilbao,Sociedad,2,1,H,2,0,H,10,9,3,1,5,5,16,21,1,4,0,0,2.0,3.4,3.8
2324,13/01/2024,Betis,Granada,1,0,H,0,0,D,25,6,6,2,13,1,11,17,3,4,0,0,1.62,4.2,4.75
2324,14/01/2024,Almeria,Girona,0,0,D,0,0,D,20,5,3,1,4,3,13,8,4,4,0,1,4.5,4.0,1.7
2324,14/01/2024,Cadiz,Valencia,1,4,A,1,1,D,10,9,2,5,3,1,15,15,4,2,0,0,2.88,3.0,2.7
2324,19/01/2024,Alaves,Cadiz,1,0,H,0,0,D,13,9,3,1,4,4,15,18,0,4,0,0,1.7,3.5,5.75
2324,20/01/2024,Vallecano,Las Palmas,0,2,A,0,1,A,16,10,3,5,12,0,19,8,3,1,1,0,1.85,3.3,4.5
2324,20/01/2024,Villarreal,Mallorca,1,1,D,1,0,H,18,8,5,2,4,6,13,11,2,2,1,0,2.05,3.5,3.6
2324,20/01/2024,Valencia,Ath Bilbao,1,0,H,0,0,D,6,6,1,3,4,2,11,14,0,3,0,0,3.3,3.3,2.25
2324,20/01/2024,Celta,Sociedad,0,1,A,0,1,A,6,6,2,2,6,3,12,18,1,2,0,0,3.25,3.0,2.4
2324,21/01/2024,Osasuna,Getafe,3,2,H,2,0,H,13,10,7,7,1,4,14,16,4,4,0,0,2.15,3.0,4.0
2324,21/01/2024,Real Madrid,Almeria,3,2,H,0,2,A,18,10,6,2,6,3,9,17,3,5,0,0,1.13,10.0,17.0
2324,21/01/2024,Betis,Barcelona,2,4,A,0,1,A,14,11,5,4,3,4,12,9,1,2,0,0,4.33,3.8,1.8
2324,21/01/2024,Girona,Sevilla,5,1,H,3,1,H,12,9,8,3,4,5,9,11,0,2,0,0,1.73,4.0,4.5
2324,22/01/2024,Granada,Ath Madrid,0,1,A,0,0,D,17,10,2,5,6,2,11,16,2,2,1,0,4.75,3.8,1.7
2324,26/01/2024,Almeria,Alaves,0,3,A,0,1,A,19,11,7,3,11,3,17,12,1,2,0,0,2.6,3.2,2.8
2324,27/01/2024,Sociedad,Vallecano,0,0,D,0,0,D,6,5,3,0,2,2,16,14,2,4,0,0,1.67,3.75,5.5
2324,27/01/2024,Las Palmas,Real Madrid,1,2,A,0,0,D,7,13,2,5,1,6,17,14,3,3,0,0,6.5,4.75,1.45
2324,27/01/2024,Barcelona,Villarreal,3,5,A,0,1,A,22,9,10,6,10,0,8,13,3,4,0,0,1.36,5.5,8.0
2324,27/01/2024,Mallorca,Betis,0,1,A,0,1,A,14,8,1,2,5,4,14,6,2,1,0,0,2.3,3.2,3.2
2324,28/01/2024,Celta,Girona,0,1,A,0,1,A,10,15,5,6,5,7,13,11,1,1,0,0,2.8,3.4,2.5
2324,28/01/2024,Cadiz,Ath Bilbao,0,0,D,0,0,D,9,8,2,0,6,8,13,14,4,2,0,0,5.5,3.4,1.73
2324,28/01/2024,Sevilla,Osasuna,1,1,D,1,0,H,10,11,5,4,2,4,19,13,3,0,1,0,2.0,3.4,3.75
2324,28/01/2024,Ath Madrid,Valencia,2,0,H,1,0,H,12,10,8,3,3,6,9,9,2,0,0,0,1.45,4.33,7.0
2324,29/01/2024,Getafe,Granada,2,0,H,2,0,H,7,16,4,3,4,3,17,11,2,1,0,0,1.8,3.4,4.75
2324,31/01/2024,Barcelona,Osasuna,1,0,H,0,0,D,16,9,4,1,6,6,9,12,1,2,0,1,1.33,5.0,10.0
2324,31/01/2024,Ath Madrid,Vallecano,2,1,H,1,1,D,8,10,3,2,5,6,11,13,0,3,0,0,1.5,4.2,6.5
2324,01/02/2024,Getafe,Real Madrid,0,2,A,0,1,A,10,16,2,9,2,6,16,5,1,2,0,0,6.0,4.2,1.55
2324,02/02/2024,Ath Bilbao,Mallorca,4,0,H,2,0,H,13,6,6,2,6,2,17,15,0,1,0,0,1.53,3.9,7.0
2324,03/02/2024,Valencia,Almeria,2,1,H,2,0,H,7,15,2,5,0,6,17,16,4,5,0,0,1.65,3.75,5.5
2324,03/02/2024,Granada,Las Palmas,1,1,D,1,0,H,3,16,1,6,2,9,6,16,4,3,1,1,2.3,3.2,3.3
2324,03/02/2024,Alaves,Barcelona,1,3,A,0,1,A,13,8,2,5,14,5,15,10,2,2,0,1,4.33,3.6,1.85
2324,03/02/2024,Girona,Sociedad,0,0,D,0,0,D,11,11,3,2,3,4,8,19,2,3,0,0,2.1,3.4,3.5
2324,04/02/2024,Villarreal,Cadiz,0,0,D,0,0,D,19,8,4,2,13,2,14,14,3,1,0,0,1.62,4.0,5.5
2324,04/02/2024,Osasuna,Celta,0,3,A,0,2,A,18,6,1,5,9,1,10,10,2,0,0,0,2.38,3.1,3.3
2324,04/02/2024,Betis,Getafe,1,1,D,1,1,D,9,11,3,2,3,5,9,19,7,4,0,0,1.91,3.4,4.2
2324,04/02/2024,Real Madrid,Ath Madrid,1,1,D,1,0,H,17,10,4,5,2,8,6,15,0,5,0,0,1.73,4.0,4.5
2324,05/02/2024,Vallecano,Sevilla,1,2,A,1,2,A,22,10,5,6,6,0,8,10,2,2,0,0,2.15,3.3,3.5
2324,09/02/2024,Cadiz,Betis,0,2,A,0,1,A,14,13,5,5,5,3,12,10,1,1,0,0,3.0,3.0,2.6
2324,10/02/2024,Alaves,Villarreal,1,1,D,1,1,D,17,12,4,4,10,9,7,11,0,2,0,0,2.2,3.4,3.3
2324,10/02/2024,Sociedad,Osasuna,0,1,A,0,0,D,21,9,3,2,7,4,11,11,0,0,0,0,1.85,3.2,5.0
2324,10/02/2024,Real Madrid,Girona,4,0,H,2,0,H,16,5,6,0,0,2,9,12,1,2,0,0,1.45,5.0,6.0
2324,10/02/2024,Las Palmas,Valencia,2,0,H,0,0,D,8,7,3,1,5,0,9,9,2,0,0,0,2.75,3.0,2.9
2324,11/02/2024,Getafe,Celta,3,2,H,2,0,H,11,9,4,4,0,4,16,13,1,2,0,0,2.2,3.1,3.6
2324,11/02/2024,Mallorca,Vallecano,2,1,H,0,0,D,8,11,5,4,5,1,17,11,4,0,0,0,2.3,3.0,3.4
2324,11/02/2024,Sevilla,Ath Madrid,1,0,H,1,0,H,10,16,6,5,2,7,8,5,2,1,0,0,3.5,3.5,2.05
2324,11/02/2024,Barcelona,Granada,3,3,D,1,1,D,11,11,6,5,6,2,13,9,1,2,0,0,1.22,7.5,10.0
2324,12/02/2024,Almeria,Ath Bilbao,0,0,D,0,0,D,10,12,4,4,4,10,17,15,4,1,1,0,4.33,4.0,1.73
2324,16/02/2024,Villarreal,Getafe,1,1,D,0,1,A,20,11,7,2,8,3,13,13,0,1,0,0,1.95,3.5,3.8
2324,17/02/2024,Ath Madrid,Las Palmas,5,0,H,2,0,H,13,11,7,2,3,5,19,9,2,2,0,0,1.5,4.75,6.5
2324,17/02/2024,Osasuna,Cadiz,2,0,H,0,0,D,11,5,4,1,5,4,20,12,4,2,0,0,1.75,3.3,5.5
2324,17/02/2024,Celta,Barcelona,1,2,A,0,1,A,13,14,4,4,2,5,11,13,2,4,0,0,3.8,3.8,1.85
2324,17/02/2024,Valencia,Sevilla,0,0,D,0,0,D,14,1,4,1,7,2,5,8,0,1,0,0,2.25,3.3,3.3
2324,18/02/2024,Vallecano,Real Madrid,1,1,D,1,1,D,8,11,3,4,4,10,17,7,4,3,0,1,6.0,3.75,1.62
2324,18/02/2024,Granada,Almeria,1,1,D,0,1,A,19,13,7,3,10,4,13,22,2,3,0,0,2.1,3.5,3.4
2324,18/02/2024,Mallorca,Sociedad,1,2,A,1,1,D,4,19,1,5,3,9,12,18,7,5,1,0,3.4,2.8,2.5
2324,18/02/2024,Betis,Alaves,0,0,D,0,0,D,13,13,2,4,6,8,13,9,5,2,0,0,2.1,3.3,3.75
2324,19/02/2024,Ath Bilbao,Girona,3,2,H,1,0,H,14,12,7,6,3,4,16,13,1,2,0,0,1.91,3.6,4.0
2324,23/02/2024,Sociedad,Villarreal,1,3,A,0,1,A,21,6,8,4,13,2,15,14,3,4,0,0,1.73,3.6,5.0
2324,24/02/2024,Barcelona,Getafe,4,0,H,1,0,H,17,10,9,4,5,8,12,18,1,4,0,0,1.4,5.0,7.0
2324,24/02/2024,Alaves,Mallorca,1,1,D,0,0,D,9,15,1,8,3,3,7,15,0,2,0,0,1.91,3.0,5.0
2324,24/02/2024,Almeria,Ath Madrid,2,2,D,1,1,D,9,18,4,9,2,7,13,12,1,1,0,0,4.75,4.0,1.7
2324,25/02/2024,Cadiz,Celta,2,2,D,0,1,A,19,7,6,3,9,1,13,20,2,3,0,0,3.1,3.0,2.5
2324,25/02/2024,Betis,Ath Bilbao,3,1,H,2,1,H,13,3,5,1,5,3,14,12,1,6,0,1,3.6,3.1,2.2
2324,25/02/2024,Las Palmas,Osasuna,1,1,D,0,0,D,9,6,3,2,6,7,6,15,2,1,0,0,2.38,2.9,3.5
2324,25/02/2024,Real Madrid,Sevilla,1,0,H,0,0,D,16,4,6,1,7,2,10,13,1,3,0,0,1.29,6.0,9.0
2324,26/02/2024,Girona,Vallecano,3,0,H,0,0,D,14,7,8,1,2,2,13,16,3,5,0,1,1.65,4.2,4.75
2324,01/03/2024,Celta,Almeria,1,0,H,0,0,D,15,3,6,0,7,0,8,14,1,2,0,1,1.85,3.6,4.2
2324,02/03/2024,Sevilla,Sociedad,3,2,H,2,1,H,12,13,5,4,2,5,12,15,1,2,0,0,2.6,3.0,3.0
2324,02/03/2024,Vallecano,Cadiz,1,1,D,0,0,D,9,16,5,5,4,9,14,17,1,1,0,0,1.8,3.3,5.25
2324,02/03/2024,Getafe,Las Palmas,3,3,D,3,1,H,16,14,5,5,4,4,28,9,4,1,0,0,2.0,3.1,4.33
2324,02/03/2024,Valencia,Real Madrid,2,2,D,2,1,H,12,10,5,5,2,2,18,11,2,3,0,1,5.25,3.8,1.67
2324,03/03/2024,Villarreal,Granada,5,1,H,3,0,H,16,9,10,3,6,4,12,15,1,2,0,0,1.65,4.0,5.0
2324,03/03/2024,Ath Madrid,Betis,2,1,H,2,0,H,17,12,12,6,4,6,9,12,1,2,0,0,1.57,4.2,5.75
2324,03/03/2024,Mallorca,Girona,1,0,H,1,0,H,16,15,2,4,8,5,19,9,5,0,0,0,3.25,3.2,2.3
2324,03/03/2024,Ath Bilbao,Barcelona,0,0,D,0,0,D,8,8,2,2,4,4,14,11,3,3,0,0,2.88,3.5,2.4
2324,04/03/2024,Osasuna,Alaves,1,0,H,0,0,D,15,10,4,4,5,5,15,11,2,1,0,0,2.38,3.1,3.25
2324,08/03/2024,Barcelona,Mallorca,1,0,H,0,0,D,20,9,6,3,4,1,9,14,1,1,0,0,1.44,4.75,6.5
2324,09/03/2024,Valencia,Getafe,1,0,H,1,0,H,10,15,3,5,5,5,10,19,2,3,0,0,2.0,3.2,4.2
2324,09/03/2024,Cadiz,Ath Madrid,2,0,H,1,0,H,7,8,3,4,3,1,20,15,4,5,0,0,4.75,3.6,1.73
2324,09/03/2024,Granada,Sociedad,2,3,A,2,1,H,13,11,6,8,4,6,17,11,1,2,0,0,4.5,3.3,1.85
2324,09/03/2024,Girona,Osasuna,2,0,H,1,0,H,11,7,6,1,5,7,10,16,3,3,0,0,1.62,4.2,5.25
2324,10/03/2024,Alaves,Vallecano,1,0,H,1,0,H,12,9,4,3,7,5,13,10,2,2,0,0,2.15,3.1,3.75
2324,10/03/2024,Las Palmas,Ath Bilbao,0,2,A,0,1,A,14,7,2,2,10,3,8,14,3,3,0,0,4.0,3.3,2.0
2324,10/03/2024,Real Madrid,Celta,4,0,H,1,0,H,24,11,13,1,12,1,8,13,2,3,0,0,1.3,6.0,8.0
2324,10/03/2024,Betis,Villarreal,2,3,A,2,1,H,13,6,4,4,11,4,12,17,3,4,1,1,2.05,3.5,3.4
2324,11/03/2024,Almeria,Sevilla,2,2,D,1,0,H,14,19,4,6,1,8,6,11,2,2,0,0,3.1,3.3,2.38
2324,15/03/2024,Sociedad,Cadiz,2,0,H,1,0,H,14,13,6,2,8,2,15,6,3,1,0,0,1.5,4.0,8.5
2324,16/03/2024,Mallorca,Granada,1,0,H,0,0,D,18,8,8,3,10,2,17,9,2,0,0,0,1.83,3.3,5.0
2324,16/03/2024,Osasuna,Real Madrid,2,4,A,1,2,A,9,17,4,9,5,7,18,9,3,2,0,0,5.75,4.2,1.55
2324,16/03/2024,Getafe,Girona,1,0,H,1,0,H,11,13,3,3,2,5,16,13,4,4,0,0,3.1,3.5,2.25
2324,16/03/2024,Ath Bilbao,Alaves,2,0,H,2,0,H,16,7,4,3,5,4,7,13,1,3,0,0,1.55,3.75,7.0
2324,17/03/2024,Sevilla,Celta,1,2,A,1,0,H,11,18,4,5,3,8,13,6,4,0,0,0,2.0,3.4,3.75
2324,17/03/2024,Las Palmas,Almeria,0,1,A,0,1,A,21,3,6,2,11,3,8,17,2,2,0,0,1.95,3.5,4.0
2324,17/03/2024,Villarreal,Valencia,1,0,H,0,0,D,13,14,7,7,6,2,12,12,5,1,0,0,2.05,3.5,3.6
2324,17/03/2024,Vallecano,Betis,2,0,H,1,0,H,8,11,4,1,4,8,22,16,4,4,0,0,2.5,3.25,3.0
2324,17/03/2024,Ath Madrid,Barcelona,0,3,A,0,1,A,12,9,3,5,7,3,15,9,3,1,1,0,2.38,3.6,2.8
2324,29/03/2024,Cadiz,Granada,1,0,H,0,0,D,13,10,5,2,5,2,17,14,2,4,0,0,2.0,3.3,4.2
2324,30/03/2024,Getafe,Sevilla,0,1,A,0,1,A,18,10,5,3,7,3,11,15,4,5,0,0,2.55,3.1,3.0
2324,30/03/2024,Almeria,Osasuna,0,3,A,0,2,A,12,6,5,4,6,1,12,14,3,2,0,0,2.63,3.2,2.8
2324,30/03/2024,Valencia,Mallorca,0,0,D,0,0,D,14,11,5,3,3,3,8,11,0,2,0,0,2.05,3.0,4.2
2324,30/03/2024,Barcelona,Las Palmas,1,0,H,0,0,D,14,8,2,0,6,1,11,9,5,1,0,1,1.25,6.5,10.0
2324,31/03/2024,Celta,Vallecano,0,0,D,0,0,D,13,8,0,2,3,2,12,16,3,3,0,0,1.95,3.3,4.0
2324,31/03/2024,Girona,Betis,3,2,H,1,1,D,9,7,5,4,5,4,13,14,3,4,0,0,1.75,3.8,4.75
2324,31/03/2024,Alaves,Sociedad,0,1,A,0,0,D,3,12,0,3,3,8,10,15,2,2,0,0,3.5,2.9,2.38
2324,31/03/2024,Real Madrid,Ath Bilbao,2,0,H,1,0,H,9,7,4,3,4,7,9,13,2,1,0,0,1.53,4.33,6.0
2324,01/04/2024,Villarreal,Ath Madrid,1,2,A,0,1,A,11,14,2,8,3,3,14,22,3,3,0,0,2.9,3.75,2.25
2324,04/04/2024,Granada,Valencia,0,1,A,0,0,D,13,6,3,2,5,4,20,15,3,1,0,0,3.4,3.1,2.3
2324,12/04/2024,Betis,Celta,2,1,H,0,0,D,15,12,3,5,6,5,7,10,1,0,0,0,2.1,3.4,3.5
2324,13/04/2024,Ath Madrid,Girona,3,1,H,2,1,H,17,12,4,5,2,0,18,12,3,2,0,0,1.91,3.6,3.8
2324,13/04/2024,Vallecano,Getafe,0,0,D,0,0,D,11,7,2,0,3,0,17,19,4,6,0,0,2.2,3.0,3.7
2324,13/04/2024,Mallorca,Real Madrid,0,1,A,0,0,D,6,16,2,9,4,2,18,7,2,1,0,0,5.0,3.6,1.75
2324,13/04/2024,Cadiz,Barcelona,0,1,A,0,1,A,14,12,3,2,8,4,17,15,3,3,0,0,4.33,3.6,1.83
2324,14/04/2024,Las Palmas,Sevilla,0,2,A,0,1,A,5,10,2,3,6,2,8,13,3,3,1,0,2.7,3.2,2.7
2324,14/04/2024,Granada,Alaves,2,0,H,2,0,H,9,8,3,3,1,5,16,11,3,2,0,0,3.0,3.0,2.55
2324,14/04/2024,Ath Bilbao,Villarreal,1,1,D,0,0,D,13,10,6,2,3,1,13,12,3,3,0,1,1.75,4.0,4.33
2324,14/04/2024,Sociedad,Almeria,2,2,D,1,1,D,17,7,4,3,5,1,16,8,2,2,1,0,1.33,5.0,10.0
2324,15/04/2024,Osasuna,Valencia,0,1,A,0,1,A,13,4,2,3,4,1,10,10,0,2,0,0,2.2,3.1,3.75
2324,19/04/2024,Ath Bilbao,Granada,1,1,D,1,1,D,17,5,6,0,11,4,11,15,4,2,0,0,1.25,6.0,11.0
2324,20/04/2024,Celta,Las Palmas,4,1,H,2,1,H,21,9,13,4,8,4,10,9,1,0,0,0,1.73,3.75,5.0
2324,20/04/2024,Vallecano,Osasuna,2,1,H,0,1,A,17,6,6,2,5,1,9,15,4,1,0,0,2.2,3.1,3.6
2324,20/04/2024,Valencia,Betis,1,2,A,0,1,A,8,12,5,6,7,6,18,10,2,3,0,0,2.2,3.2,3.5
2324,20/04/2024,Girona,Cadiz,4,1,H,2,0,H,10,12,5,5,2,4,11,14,1,2,0,0,1.4,4.75,8.0
2324,21/04/2024,Getafe,Sociedad,1,1,D,1,1,D,6,7,4,3,0,4,12,18,0,2,0,0,3.8,3.1,2.15
2324,21/04/2024,Almeria,Villarreal,1,2,A,1,1,D,24,11,5,3,5,2,10,16,3,4,1,0,3.4,3.8,2.05
2324,21/04/2024,Alaves,Ath Madrid,2,0,H,1,0,H,8,15,3,4,1,11,20,12,5,3,0,0,4.0,3.5,1.95
2324,21/04/2024,Real Madrid,Barcelona,3,2,H,1,1,D,14,14,8,6,2,8,11,12,3,2,0,0,1.85,3.8,4.0
2324,22/04/2024,Sevilla,Mallorca,2,1,H,0,0,D,11,8,4,6,4,4,10,8,0,2,0,0,1.95,3.1,4.5
2324,26/04/2024,Sociedad,Real Madrid,0,1,A,0,1,A,9,5,3,3,11,3,13,11,3,4,0,0,2.45,3.25,2.9
2324,27/04/2024,Las Palmas,Girona,0,2,A,0,1,A,10,6,5,3,4,2,12,10,1,3,0,0,4.5,3.8,1.75
2324,27/04/2024,Almeria,Getafe,1,3,A,1,1,D,21,8,11,5,9,2,15,31,5,4,1,0,2.7,3.4,2.63
2324,27/04/2024,Alaves,Celta,3,0,H,0,0,D,16,4,8,0,8,3,10,9,3,3,0,0,2.75,3.1,2.7
2324,27/04/2024,Ath Madrid,Ath Bilbao,3,1,H,1,1,D,8,7,3,1,3,5,16,15,3,2,0,0,1.95,3.5,4.0
2324,28/04/2024,Cadiz,Mallorca,1,1,D,0,1,A,10,9,2,2,3,1,14,21,3,2,0,0,2.5,2.9,3.2
2324,28/04/2024,Granada,Osasuna,3,0,H,1,0,H,12,11,4,2,0,6,17,5,4,0,0,0,2.55,3.1,3.0
2324,28/04/2024,Villarreal,Vallecano,3,0,H,1,0,H,15,20,7,4,3,6,15,8,2,1,0,0,1.65,4.0,5.0
2324,28/04/2024,Betis,Sevilla,1,1,D,1,0,H,15,10,5,1,4,6,9,20,3,5,0,0,2.05,3.4,3.6
2324,29/04/2024,Barcelona,Valencia,4,2,H,1,2,A,27,5,13,3,15,1,12,5,1,0,0,1,1.36,5.0,7.5
2324,03/05/2024,Getafe,Ath Bilbao,0,2,A,0,1,A,34,7,9,2,10,6,6,9,0,2,0,2,4.0,3.2,2.05
2324,04/05/2024,Sociedad,Las Palmas,2,0,H,2,0,H,9,7,4,1,7,2,12,11,2,1,0,0,1.33,5.0,10.0
2324,04/05/2024,Real Madrid,Cadiz,3,0,H,0,0,D,19,7,9,2,7,4,6,12,0,1,0,0,1.33,5.25,8.5
2324,04/05/2024,Girona,Barcelona,4,2,H,1,2,A,9,16,7,7,5,4,11,8,0,3,0,0,2.7,3.75,2.4
2324,04/05/2024,Mallorca,Ath Madrid,0,1,A,0,1,A,7,9,4,4,6,2,12,7,2,0,0,0,3.75,3.2,2.15
2324,05/05/2024,Osasuna,Betis,0,2,A,0,2,A,12,10,2,4,8,5,13,13,2,2,1,0,3.2,3.25,2.38
2324,05/05/2024,Celta,Villarreal,3,2,H,2,1,H,23,11,7,3,2,1,11,5,4,0,0,1,2.3,3.6,2.88
2324,05/05/2024,Valencia,Alaves,0,1,A,0,0,D,13,14,1,4,5,7,9,17,1,3,0,0,2.1,3.0,4.0
2324,05/05/2024,Sevilla,Granada,3,0,H,1,0,H,11,8,5,3,5,4,15,13,2,2,0,0,1.65,4.0,5.25
2324,05/05/2024,Vallecano,Almeria,0,1,A,0,1,A,27,7,10,2,9,2,17,15,3,2,0,0,1.57,4.0,5.75
2324,10/05/2024,Alaves,Girona,2,2,D,1,2,A,14,15,8,5,5,3,13,6,3,2,0,0,3.5,3.6,2.05
2324,11/05/2024,Mallorca,Las Palmas,1,0,H,1,0,H,7,7,2,1,2,2,18,10,6,2,0,0,1.65,3.5,6.5
2324,11/05/2024,Villarreal,Sevilla,3,2,H,1,2,A,25,8,7,4,10,1,12,14,3,5,0,0,1.83,4.0,3.8
2324,11/05/2024,Granada,Real Madrid,0,4,A,0,2,A,12,13,1,7,8,5,11,10,2,0,0,0,5.5,4.6,1.53
2324,11/05/2024,Ath Bilbao,Osasuna,2,2,D,0,1,A,15,13,6,3,8,6,9,14,2,4,0,0,1.44,4.33,7.5
2324,12/05/2024,Cadiz,Getafe,1,0,H,1,0,H,13,10,6,4,6,2,23,16,5,2,0,0,2.1,3.2,3.8
2324,12/05/2024,Ath Madrid,Celta,1,0,H,0,0,D,21,6,8,2,4,7,7,9,1,1,0,0,1.42,4.75,7.0
2324,12/05/2024,Valencia,Vallecano,0,0,D,0,0,D,13,12,5,1,6,3,14,21,1,2,0,0,2.25,3.1,3.5
2324,12/05/2024,Betis,Almeria,3,2,H,2,1,H,14,14,7,7,3,5,9,10,0,2,0,0,1.33,5.5,8.5
2324,13/05/2024,Barcelona,Sociedad,2,0,H,1,0,H,14,10,5,3,6,2,12,14,2,3,0,0,1.8,3.6,4.5
2324,14/05/2024,Osasuna,Mallorca,1,1,D,1,0,H,10,10,4,4,2,4,12,11,0,1,0,0,2.8,2.9,2.88
2324,14/05/2024,Real Madrid,Alaves,5,0,H,3,0,H,22,18,11,10,4,1,6,12,1,1,0,0,1.22,7.5,11.0
2324,14/05/2024,Girona,Villarreal,0,1,A,0,0,D,22,11,5,3,5,1,3,14,1,5,0,1,1.7,4.5,4.2
2324,15/05/2024,Sevilla,Cadiz,0,1,A,0,0,D,14,19,3,7,1,9,13,11,6,2,0,0,1.9,3.6,4.0
2324,15/05/2024,Vallecano,Granada,2,1,H,1,0,H,18,10,9,1,6,6,12,17,4,3,1,0,1.65,3.8,5.5
2324,15/05/2024,Celta,Ath Bilbao,2,1,H,0,1,A,10,7,4,2,2,3,15,14,2,0,0,0,2.63,3.3,2.7
2324,15/05/2024,Getafe,Ath Madrid,0,3,A,0,2,A,8,7,3,3,6,3,17,7,4,3,0,0,4.75,3.4,1.83
2324,16/05/2024,Las Palmas,Betis,2,2,D,1,1,D,16,6,9,4,4,8,9,12,2,1,0,0,4.0,3.5,1.91
2324,16/05/2024,Almeria,Barcelona,0,2,A,0,1,A,12,16,3,7,4,7,9,11,0,1,0,0,6.5,5.0,1.44
2324,16/05/2024,Sociedad,Valencia,1,0,H,1,0,H,10,7,5,3,3,3,11,13,0,2,0,0,1.6,3.9,5.75
2324,18/05/2024,Alaves,Getafe,1,0,H,1,0,H,9,10,2,4,2,1,13,27,5,7,0,1,2.0,3.2,4.1
2324,19/05/2024,Ath Bilbao,Sevilla,2,0,H,2,0,H,15,9,6,4,8,3,12,5,1,1,0,0,1.7,3.9,4.75
2324,19/05/2024,Ath Madrid,Osasuna,1,4,A,0,1,A,15,15,2,6,7,5,12,9,2,2,0,0,1.4,4.5,8.0
2324,19/05/2024,Barcelona,Vallecano,3,0,H,1,0,H,14,15,6,4,7,5,10,7,4,2,0,0,1.25,6.0,12.0
2324,19/05/2024,Betis,Sociedad,0,2,A,0,2,A,18,5,9,2,6,2,12,18,3,4,0,0,2.55,3.2,2.88
2324,19/05/2024,Cadiz,Las Palmas,0,0,D,0,0,D,10,9,3,1,5,3,13,12,3,1,1,0,1.8,3.5,4.75
2324,19/05/2024,Granada,Celta,1,2,A,0,0,D,11,8,3,5,10,2,15,12,2,1,0,0,3.7,3.6,2.0
2324,19/05/2024,Mallorca,Almeria,2,2,D,1,1,D,29,7,8,3,12,2,9,9,2,3,0,0,1.5,4.1,7.0
2324,19/05/2024,Valencia,Girona,1,3,A,0,1,A,20,18,6,5,5,4,10,8,2,0,0,0,3.0,3.5,2.3
2324,19/05/2024,Villarreal,Real Madrid,4,4,D,1,4,A,21,12,7,6,3,3,15,12,3,2,0,0,3.2,3.75,2.05
2324,24/05/2024,Girona,Granada,7,0,H,3,0,H,16,10,9,2,4,2,6,13,3,5,0,1,1.22,6.5,12.0
2324,25/05/2024,Osasuna,Villarreal,1,1,D,1,0,H,12,11,6,3,6,4,13,6,4,3,0,0,2.9,3.6,2.3
2324,25/05/2024,Sociedad,Ath Madrid,0,2,A,0,1,A,14,10,4,4,8,4,19,15,3,5,0,1,2.4,3.3,3.0
2324,25/05/2024,Almeria,Cadiz,6,1,H,0,1,A,27,12,12,4,1,4,4,9,2,2,0,0,2.05,3.6,3.5
2324,25/05/2024,Vallecano,Ath Bilbao,0,1,A,0,0,D,17,7,4,1,8,2,6,13,1,1,0,0,2.88,3.5,2.38
2324,25/05/2024,Real Madrid,Betis,0,0,D,0,0,D,13,11,5,3,4,5,8,11,2,1,0,0,1.33,6.0,7.5
2324,26/05/2024,Getafe,Mallorca,1,2,A,0,0,D,16,9,6,4,3,4,12,10,0,2,0,0,2.3,3.25,3.2
2324,26/05/2024,Celta,Valencia,2,2,D,0,1,A,9,12,4,1,2,2,17,18,0,0,0,0,1.95,3.5,3.8
2324,26/05/2024,Las Palmas,Alaves,1,1,D,0,0,D,10,14,4,4,2,6,16,10,2,1,0,0,2.4,3.3,3.0
2324,26/05/2024,Sevilla,Barcelona,1,2,A,1,1,D,15,11,6,6,6,5,11,9,2,1,0,0,4.0,4.0,1.8
2425,15/08/2024,Ath Bilbao,Getafe,1,1,D,1,0,H,7,9,4,2,5,6,15,12,4,1,0,0,1.48,4.0,8.0
2425,15/08/2024,Betis,Girona,1,1,D,1,0,H,19,13,4,2,4,4,11,7,2,0,0,0,2.35,3.4,3.0
2425,16/08/2024,Celta,Alaves,2,1,H,0,1,A,6,10,4,2,3,3,8,23,3,2,0,0,2.0,3.2,4.1
2425,16/08/2024,Las Palmas,Sevilla,2,2,D,1,1,D,13,16,5,5,6,3,12,13,0,0,0,0,2.8,3.25,2.63
2425,17/08/2024,Osasuna,Leganes,1,1,D,0,1,A,16,10,5,4,6,4,14,12,3,2,0,0,1.85,3.3,4.5
2425,17/08/2024,Valencia,Barcelona,1,2,A,1,1,D,6,18,1,8,3,8,11,13,2,3,0,0,4.75,3.8,1.73
2425,18/08/2024,Sociedad,Vallecano,1,2,A,0,0,D,11,12,5,5,10,5,14,21,2,4,0,0,1.57,3.75,7.0
2425,18/08/2024,Mallorca,Real Madrid,1,1,D,0,1,A,12,13,5,4,8,7,11,6,1,0,0,1,8.0,4.2,1.45
2425,19/08/2024,Valladolid,Espanol,1,0,H,1,0,H,12,10,3,2,3,2,15,8,2,2,0,0,2.38,3.0,3.4
2425,19/08/2024,Villarreal,Ath Madrid,2,2,D,2,2,D,8,10,3,5,2,3,6,10,1,3,0,0,3.3,3.7,2.1
2425,23/08/2024,Celta,Valencia,3,1,H,2,1,H,7,13,5,5,4,7,9,11,3,0,0,0,2.1,3.4,3.6
2425,23/08/2024,Sevilla,Villarreal,1,2,A,1,1,D,15,6,9,5,7,2,15,7,3,5,0,0,2.4,3.6,2.8
2425,24/08/2024,Osasuna,Mallorca,1,0,H,0,0,D,15,11,5,2,5,4,10,8,2,1,0,0,2.45,3.1,3.1
2425,24/08/2024,Barcelona,Ath Bilbao,2,1,H,1,1,D,13,9,5,2,5,6,11,16,4,5,0,0,1.62,4.2,5.0
2425,24/08/2024,Espanol,Sociedad,0,1,A,0,0,D,13,8,3,4,7,4,14,18,2,2,0,0,3.9,3.2,2.05
2425,24/08/2024,Getafe,Vallecano,0,0,D,0,0,D,12,3,0,1,3,2,16,18,1,2,0,0,2.45,3.0,3.2
2425,25/08/2024,Real Madrid,Valladolid,3,0,H,0,0,D,17,8,9,2,5,5,10,15,1,1,0,0,1.18,7.5,15.0
2425,25/08/2024,Leganes,Las Palmas,2,1,H,0,0,D,10,10,5,5,3,7,11,10,1,1,0,0,2.25,3.0,3.6
2425,25/08/2024,Alaves,Betis,0,0,D,0,0,D,3,13,1,3,3,8,16,13,1,4,1,0,2.38,3.1,3.25
2425,25/08/2024,Ath Madrid,Girona,3,0,H,1,0,H,11,13,6,5,1,9,11,10,1,3,0,0,1.6,4.1,5.5
2425,26/08/2024,Villarreal,Celta,4,3,H,1,2,A,22,18,9,8,7,4,8,6,4,3,0,0,1.91,3.4,3.8
2425,27/08/2024,Mallorca,Sevilla,0,0,D,0,0,D,12,16,4,7,5,9,15,10,0,1,0,1,2.38,3.1,3.25
2425,27/08/2024,Vallecano,Barcelona,1,2,A,1,0,H,8,22,4,5,6,6,17,11,3,1,0,0,5.25,3.8,1.62
2425,28/08/2024,Ath Bilbao,Valencia,1,0,H,1,0,H,13,2,4,0,5,3,14,9,1,3,0,0,1.62,3.9,5.75
2425,28/08/2024,Valladolid,Leganes,0,0,D,0,0,D,12,8,2,1,4,4,13,19,1,5,0,0,2.3,3.0,3.6
2425,28/08/2024,Ath Madrid,Espanol,0,0,D,0,0,D,24,8,7,1,9,3,6,9,0,2,0,0,1.3,5.25,11.0
2425,28/08/2024,Sociedad,Alaves,1,2,A,1,1,D,8,12,1,5,8,6,16,12,4,4,1,0,1.7,3.5,5.75
2425,29/08/2024,Girona,Osasuna,4,0,H,1,0,H,10,1,5,0,5,0,10,9,0,0,0,0,1.7,4.0,4.33
2425,29/08/2024,Las Palmas,Real Madrid,1,1,D,1,0,H,7,25,3,8,2,6,16,13,0,2,0,0,8.0,5.0,1.38
2425,31/08/2024,Barcelona,Valladolid,7,0,H,3,0,H,23,5,10,2,10,1,6,12,0,3,0,0,1.25,6.25,10.0
2425,31/08/2024,Ath Bilbao,Ath Madrid,0,1,A,0,0,D,8,9,1,2,2,2,13,9,3,1,0,0,3.0,3.3,2.38
2425,31/08/2024,Espanol,Vallecano,2,1,H,1,1,D,10,17,5,5,3,7,14,16,3,2,0,0,2.8,3.0,2.8
2425,31/08/2024,Leganes,Mallorca,0,1,A,0,1,A,4,12,2,3,1,3,11,17,1,3,0,0,2.5,3.0,3.2
2425,31/08/2024,Valencia,Villarreal,1,1,D,1,1,D,22,9,6,3,14,3,15,11,3,5,0,1,2.8,3.4,2.45
2425,01/09/2024,Alaves,Las Palmas,2,0,H,1,0,H,15,12,5,7,6,5,13,9,3,0,0,0,1.95,3.4,4.0
2425,01/09/2024,Osasuna,Celta,3,2,H,2,1,H,10,12,4,3,6,3,19,10,2,0,0,1,2.45,3.25,3.0
2425,01/09/2024,Sevilla,Girona,0,2,A,0,1,A,16,11,5,4,7,5,6,14,3,2,0,0,2.35,3.8,2.75
2425,01/09/2024,Getafe,Sociedad,0,0,D,0,0,D,16,1,1,0,4,1,14,16,1,1,0,0,3.5,2.9,2.38
2425,01/09/2024,Real Madrid,Betis,2,0,H,0,0,D,20,12,8,2,7,3,8,16,2,0,0,0,1.29,5.75,9.5
2425,13/09/2024,Betis,Leganes,2,0,H,0,0,D,14,3,5,0,11,1,11,18,1,2,0,0,1.62,3.7,6.25
2425,14/09/2024,Mallorca,Villarreal,1,2,A,0,1,A,10,21,5,4,7,6,11,10,3,3,1,0,2.45,3.4,2.88
2425,14/09/2024,Espanol,Alaves,3,2,H,1,1,D,9,19,4,6,0,5,17,14,2,3,0,0,2.63,3.2,2.8
2425,14/09/2024,Sevilla,Getafe,1,0,H,1,0,H,10,15,4,4,3,4,19,15,3,4,1,0,2.2,3.0,3.7
2425,14/09/2024,Sociedad,Real Madrid,0,2,A,0,0,D,11,16,2,7,6,6,12,9,4,1,0,0,4.75,3.9,1.67
2425,15/09/2024,Celta,Valladolid,3,1,H,2,0,H,14,6,7,1,5,3,14,15,3,5,0,1,1.67,3.75,5.5
2425,15/09/2024,Girona,Barcelona,1,4,A,0,2,A,9,20,4,9,1,6,13,4,3,2,0,1,4.2,3.8,1.8
2425,15/09/2024,Las Palmas,Ath Bilbao,2,3,A,0,2,A,15,9,6,4,9,3,8,12,1,2,0,1,3.8,3.4,2.0
2425,15/09/2024,Ath Madrid,Valencia,3,0,H,1,0,H,14,5,5,1,7,3,10,8,1,2,0,0,1.33,4.5,11.0
2425,16/09/2024,Vallecano,Osasuna,3,1,H,0,1,A,17,5,6,2,7,4,12,15,3,2,0,0,2.05,3.1,4.0
2425,17/09/2024,Mallorca,Sociedad,1,0,H,1,0,H,10,13,4,4,5,5,5,10,1,1,0,0,2.9,2.75,3.0
2425,18/09/2024,Betis,Getafe,2,1,H,0,0,D,18,15,8,5,8,4,10,20,3,5,0,0,1.91,3.0,5.0
2425,19/09/2024,Leganes,Ath Bilbao,0,2,A,0,0,D,14,10,3,4,4,7,12,11,3,0,0,0,3.75,3.2,2.05
2425,20/09/2024,Alaves,Sevilla,2,1,H,1,0,H,10,8,4,2,3,5,11,16,1,4,0,0,2.15,3.1,3.7
2425,21/09/2024,Valladolid,Sociedad,0,0,D,0,0,D,15,14,2,4,5,7,15,12,4,4,0,0,3.9,3.0,2.2
2425,21/09/2024,Osasuna,Las Palmas,2,1,H,1,1,D,13,11,2,4,2,4,14,11,2,5,0,0,1.9,3.4,4.2
2425,21/09/2024,Valencia,Girona,2,0,H,0,0,D,7,8,2,3,5,4,13,10,3,2,0,0,2.88,3.3,2.5
2425,21/09/2024,Real Madrid,Espanol,4,1,H,0,0,D,31,10,14,2,9,4,7,5,4,3,0,0,1.17,7.0,19.0
2425,22/09/2024,Getafe,Leganes,1,1,D,0,0,D,12,6,3,3,6,2,16,17,3,2,0,0,2.05,2.8,4.75
2425,22/09/2024,Ath Bilbao,Celta,3,1,H,2,1,H,10,11,7,4,3,6,16,11,3,2,0,0,1.7,3.7,5.25
2425,22/09/2024,Villarreal,Barcelona,1,5,A,1,2,A,13,17,4,10,7,3,12,12,6,1,0,0,3.9,3.9,1.85
2425,22/09/2024,Vallecano,Ath Madrid,1,1,D,1,0,H,15,10,3,5,3,4,9,12,0,0,0,0,5.0,3.4,1.8
2425,23/09/2024,Betis,Mallorca,1,2,A,1,1,D,14,6,6,6,6,3,12,12,3,2,0,0,1.85,3.3,4.75
2425,24/09/2024,Sevilla,Valladolid,2,1,H,1,0,H,22,8,5,2,6,4,14,12,5,4,1,0,1.65,3.8,5.5
2425,24/09/2024,Valencia,Osasuna,0,0,D,0,0,D,10,9,2,2,10,5,6,11,2,3,0,0,2.0,3.1,4.0
2425,24/09/2024,Real Madrid,Alaves,3,2,H,2,0,H,10,12,4,3,4,4,7,10,4,0,0,0,1.2,6.5,13.0
2425,25/09/2024,Girona,Vallecano,0,0,D,0,0,D,11,2,0,0,4,3,8,16,3,4,0,0,1.73,3.7,4.5
2425,25/09/2024,Barcelona,Getafe,1,0,H,1,0,H,16,7,4,1,7,5,4,14,1,1,0,0,1.25,6.25,10.0
2425,26/09/2024,Espanol,Villarreal,1,2,A,1,1,D,11,15,2,4,4,1,12,14,5,3,0,0,3.25,3.5,2.15
2425,26/09/2024,Las Palmas,Betis,1,1,D,1,1,D,8,14,2,5,1,4,21,10,4,2,0,0,3.1,3.1,2.38
2425,26/09/2024,Celta,Ath Madrid,0,1,A,0,0,D,9,7,4,2,2,3,10,7,2,2,0,0,3.8,3.7,1.91
2425,27/09/2024,Valladolid,Mallorca,1,2,A,0,0,D,11,14,1,6,7,4,15,9,3,2,0,0,3.0,2.9,2.63
2425,28/09/2024,Getafe,Alaves,2,0,H,1,0,H,14,9,8,1,2,2,17,24,3,6,0,0,2.55,2.88,3.1
2425,28/09/2024,Vallecano,Leganes,1,1,D,1,0,H,15,13,6,3,5,5,12,7,2,1,0,0,1.9,3.0,5.0
2425,28/09/2024,Sociedad,Valencia,3,0,H,1,0,H,11,9,6,4,6,4,7,12,0,0,0,0,1.85,3.25,4.75
2425,28/09/2024,Osasuna,Barcelona,4,2,H,2,0,H,11,12,6,5,5,8,13,3,2,2,0,0,7.0,4.5,1.45
2425,29/09/2024,Celta,Girona,1,1,D,0,1,A,12,9,2,4,4,4,9,14,1,0,0,0,2.1,3.6,3.25
2425,29/09/2024,Ath Bilbao,Sevilla,1,1,D,1,0,H,13,13,3,4,4,7,6,7,0,3,1,0,1.7,3.7,5.0
2425,29/09/2024,Betis,Espanol,1,0,H,0,0,D,20,8,12,1,8,4,14,20,2,4,0,0,1.65,3.4,5.75
2425,29/09/2024,Ath Madrid,Real Madrid,1,1,D,0,0,D,12,12,4,4,5,5,11,11,3,1,1,0,2.8,3.3,2.5
2425,30/09/2024,Villarreal,Las Palmas,3,1,H,1,0,H,17,7,7,3,3,2,14,10,0,3,0,0,1.45,4.33,6.5
2425,04/10/2024,Leganes,Valencia,0,0,D,0,0,D,8,6,0,1,1,2,15,14,2,2,0,0,2.9,2.88,2.8
2425,05/10/2024,Espanol,Mallorca,2,1,H,1,0,H,8,11,3,4,4,6,14,19,1,5,0,0,3.1,3.0,2.55
2425,05/10/2024,Getafe,Osasuna,1,1,D,1,0,H,11,6,3,2,4,2,17,10,2,4,0,0,2.2,2.9,3.9
2425,05/10/2024,Las Palmas,Celta,0,1,A,0,1,A,24,8,5,1,11,2,9,13,3,8,0,2,3.1,3.5,2.25
2425,05/10/2024,Valladolid,Vallecano,1,2,A,0,0,D,13,17,5,3,5,13,13,18,4,2,0,0,3.1,3.0,2.5
2425,05/10/2024,Real Madrid,Villarreal,2,0,H,1,0,H,11,10,2,1,2,5,7,11,0,1,0,0,1.27,6.25,8.5
2425,06/10/2024,Girona,Ath Bilbao,2,1,H,1,1,D,14,13,6,4,6,1,12,13,4,3,0,1,2.35,3.3,3.1
2425,06/10/2024,Alaves,Barcelona,0,3,A,0,3,A,11,14,2,8,11,3,13,8,2,2,0,0,5.25,4.5,1.57
2425,06/10/2024,Sevilla,Betis,1,0,H,0,0,D,14,11,5,3,4,1,15,15,6,3,1,0,2.45,3.2,3.0
2425,06/10/2024,Sociedad,Ath Madrid,1,1,D,0,1,A,16,4,8,1,5,1,10,9,0,2,0,0,3.3,3.2,2.3
2425,18/10/2024,Alaves,Valladolid,2,3,A,1,1,D,10,12,4,4,5,6,15,14,6,2,1,0,1.62,3.9,5.75
2425,19/10/2024,Ath Bilbao,Espanol,4,1,H,3,0,H,10,5,6,2,5,5,15,22,2,3,0,0,1.45,4.2,7.5
2425,19/10/2024,Osasuna,Betis,1,2,A,0,1,A,19,11,6,7,10,2,12,8,2,1,0,1,2.5,3.4,2.7
2425,19/10/2024,Girona,Sociedad,0,1,A,0,1,A,8,14,3,4,6,6,10,12,2,1,0,0,2.4,3.4,2.88
2425,19/10/2024,Celta,Real Madrid,1,2,A,0,1,A,13,10,5,3,6,2,16,13,2,1,0,0,4.75,4.5,1.6
2425,20/10/2024,Mallorca,Vallecano,1,0,H,0,0,D,19,10,5,2,9,2,9,13,1,1,0,0,2.05,3.1,4.0
2425,20/10/2024,Ath Madrid,Leganes,3,1,H,0,1,A,24,5,9,2,8,2,14,8,5,1,0,0,1.33,4.75,10.0
2425,20/10/2024,Villarreal,Getafe,1,1,D,1,0,H,10,21,4,4,5,5,18,21,4,3,0,0,1.67,3.8,5.0
2425,20/10/2024,Barcelona,Sevilla,5,1,H,3,0,H,21,7,9,1,5,5,6,14,1,2,0,0,1.3,5.75,8.0
2425,21/10/2024,Valencia,Las Palmas,2,3,A,1,1,D,14,11,7,6,11,2,12,12,4,9,1,0,1.62,3.8,5.5
2425,25/10/2024,Espanol,Sevilla,0,2,A,0,2,A,16,6,1,3,13,2,14,9,2,0,0,0,3.0,3.25,2.4
2425,26/10/2024,Valladolid,Villarreal,1,2,A,0,1,A,7,21,3,9,4,6,16,13,4,3,0,0,3.5,3.75,2.0
2425,26/10/2024,Vallecano,Alaves,1,0,H,0,0,D,16,15,4,7,6,2,8,14,2,4,1,0,2.25,3.1,3.5
2425,26/10/2024,Las Palmas,Girona,1,0,H,1,0,H,12,8,3,3,3,5,12,14,4,5,0,1,2.88,3.4,2.45
2425,26/10/2024,Real Madrid,Barcelona,0,4,A,0,0,D,9,15,4,7,10,3,15,17,2,5,0,0,2.0,4.1,3.25
2425,27/10/2024,Leganes,Celta,3,0,H,0,0,D,7,18,4,5,4,2,15,17,2,2,0,0,3.25,3.25,2.3
2425,27/10/2024,Getafe,Valencia,1,1,D,0,1,A,15,2,4,1,8,2,20,20,3,7,0,0,2.1,3.1,3.8
2425,27/10/2024,Betis,Ath Madrid,1,0,H,1,0,H,24,10,3,3,3,10,8,4,3,2,0,0,3.1,3.4,2.3
2425,27/10/2024,Sociedad,Osasuna,0,2,A,0,2,A,19,10,9,4,14,4,7,14,3,4,0,0,1.75,3.6,5.0
2425,28/10/2024,Mallorca,Ath Bilbao,0,0,D,0,0,D,4,20,1,1,1,14,9,12,5,1,1,0,2.9,3.1,2.55
2425,01/11/2024,Alaves,Mallorca,1,0,H,0,0,D,13,7,3,2,7,2,19,12,3,2,0,0,2.25,3.0,3.4
2425,02/11/2024,Osasuna,Valladolid,1,0,H,1,0,H,20,7,4,4,7,2,21,12,1,5,0,0,1.6,3.7,6.25
2425,02/11/2024,Girona,Leganes,4,3,H,2,2,D,15,8,6,5,6,1,17,15,2,4,0,0,1.7,3.5,5.5
2425,03/11/2024,Ath Madrid,Las Palmas,2,0,H,1,0,H,15,1,3,1,9,1,13,13,1,1,0,0,1.27,6.0,9.5
2425,03/11/2024,Barcelona,Espanol,3,1,H,3,0,H,14,10,9,3,9,5,13,14,0,3,0,0,1.13,9.0,19.0
2425,03/11/2024,Sevilla,Sociedad,0,2,A,0,1,A,8,9,0,3,5,9,6,17,2,1,0,0,2.9,3.0,2.63
2425,03/11/2024,Ath Bilbao,Betis,1,1,D,0,0,D,17,7,8,4,6,2,9,8,0,0,0,0,1.91,3.5,4.0
2425,04/11/2024,Celta,Getafe,1,0,H,1,0,H,10,10,3,2,0,2,12,11,1,4,0,1,1.95,3.2,4.5
2425,08/11/2024,Vallecano,Las Palmas,1,3,A,0,1,A,35,11,7,3,12,4,9,13,1,3,0,0,1.83,3.4,4.5
2425,09/11/2024,Real Madrid,Osasuna,4,0,H,2,0,H,18,2,8,0,11,3,9,16,0,2,0,0,1.2,7.0,13.0
2425,09/11/2024,Villarreal,Alaves,3,0,H,1,0,H,13,9,3,3,7,2,17,21,1,3,0,0,1.62,4.0,5.5
2425,09/11/2024,Leganes,Sevilla,1,0,H,0,0,D,8,13,4,2,0,6,7,10,2,1,0,1,2.88,3.2,2.55
2425,10/11/2024,Betis,Celta,2,2,D,1,1,D,19,3,6,2,2,0,12,8,3,0,0,0,1.95,3.4,4.0
2425,10/11/2024,Mallorca,Ath Madrid,0,1,A,0,0,D,12,9,6,2,7,2,10,16,1,3,0,0,3.6,3.1,2.2
2425,10/11/2024,Getafe,Girona,0,1,A,0,1,A,8,3,0,2,5,2,25,16,3,3,0,0,2.45,3.2,3.0
2425,10/11/2024,Valladolid,Ath Bilbao,1,1,D,0,0,D,6,17,3,1,5,5,12,12,4,4,0,0,4.5,3.4,1.85
2425,10/11/2024,Sociedad,Barcelona,1,0,H,1,0,H,14,11,6,0,7,6,17,6,3,1,0,0,4.75,4.1,1.65
2425,22/11/2024,Getafe,Valladolid,2,0,H,0,0,D,12,6,5,3,3,2,15,15,3,2,0,0,1.65,3.4,6.5
2425,23/11/2024,Valencia,Betis,4,2,H,1,1,D,11,7,5,3,2,4,10,16,4,2,0,0,3.0,3.0,2.6
2425,23/11/2024,Ath Madrid,Alaves,2,1,H,0,1,A,11,4,8,1,5,0,18,19,3,3,0,0,1.36,4.75,9.0
2425,23/11/2024,Girona,Espanol,4,1,H,4,0,H,12,9,5,1,6,3,4,19,0,3,0,0,1.67,3.9,5.25
2425,23/11/2024,Las Palmas,Mallorca,2,3,A,0,0,D,14,10,3,3,4,3,10,18,4,2,0,1,2.8,3.0,2.7
2425,23/11/2024,Celta,Barcelona,2,2,D,0,1,A,15,9,8,4,5,1,13,9,5,5,0,1,4.75,4.33,1.65
2425,24/11/2024,Osasuna,Villarreal,2,2,D,2,0,H,4,17,3,7,0,8,12,13,6,5,0,0,2.55,3.4,2.75
2425,24/11/2024,Sevilla,Vallecano,1,0,H,1,0,H,11,9,3,1,8,3,14,14,2,5,0,1,2.3,3.2,3.3
2425,24/11/2024,Leganes,Real Madrid,0,3,A,0,1,A,4,16,0,9,2,4,17,11,2,0,0,0,7.5,4.5,1.42
2425,24/11/2024,Ath Bilbao,Sociedad,1,0,H,1,0,H,12,6,4,1,4,4,18,9,3,4,0,0,2.25,3.0,3.6
2425,29/11/2024,Mallorca,Valencia,2,1,H,1,1,D,9,7,3,1,3,6,9,14,0,0,0,0,2.0,3.0,4.5
2425,30/11/2024,Barcelona,Las Palmas,1,2,A,0,0,D,27,5,8,3,7,0,7,11,0,0,0,0,1.17,8.5,13.0
2425,30/11/2024,Alaves,Leganes,1,1,D,0,0,D,18,6,7,3,13,8,15,15,1,4,0,0,1.8,3.4,5.0
2425,30/11/2024,Espanol,Celta,3,1,H,1,0,H,9,16,5,2,2,5,13,7,2,2,0,0,3.3,3.4,2.2
2425,30/11/2024,Valladolid,Ath Madrid,0,5,A,0,3,A,9,13,1,9,3,5,6,11,1,2,0,0,6.0,4.2,1.53
2425,01/12/2024,Villarreal,Girona,2,2,D,1,0,H,13,13,4,6,1,5,8,13,2,6,0,0,1.83,3.7,4.2
2425,01/12/2024,Real Madrid,Getafe,2,0,H,2,0,H,13,8,4,3,5,3,7,26,2,6,0,0,1.36,4.5,10.0
2425,01/12/2024,Vallecano,Ath Bilbao,1,2,A,1,0,H,7,12,4,7,1,7,14,8,3,0,0,0,2.8,3.1,2.7
2425,01/12/2024,Sociedad,Betis,2,0,H,2,0,H,2,7,1,2,0,4,28,10,3,2,0,0,1.8,3.6,4.5
2425,02/12/2024,Sevilla,Osasuna,1,1,D,0,0,D,12,7,5,3,5,1,11,15,1,1,0,0,2.1,3.4,3.5
2425,03/12/2024,Mallorca,Barcelona,1,5,A,1,1,D,6,20,1,9,2,5,13,13,4,3,0,0,5.75,4.33,1.53
2425,04/12/2024,Ath Bilbao,Real Madrid,2,1,H,0,0,D,9,10,3,5,5,2,21,9,3,3,0,0,3.2,3.3,2.25
2425,06/12/2024,Celta,Mallorca,2,0,H,1,0,H,12,9,5,4,3,3,9,12,1,0,0,1,1.85,3.4,4.5
2425,07/12/2024,Las Palmas,Valladolid,2,1,H,1,1,D,11,9,5,2,3,3,17,13,4,3,0,0,1.8,3.6,4.5
2425,07/12/2024,Betis,Barcelona,2,2,D,0,1,A,12,9,6,3,6,4,15,14,1,2,0,0,5.0,4.5,1.57
2425,07/12/2024,Valencia,Vallecano,0,1,A,0,1,A,14,6,6,1,9,4,5,12,2,2,0,0,2.25,2.9,3.75
2425,07/12/2024,Girona,Real Madrid,0,3,A,0,1,A,10,10,4,7,6,3,6,7,3,2,0,0,4.5,3.9,1.73
2425,08/12/2024,Leganes,Sociedad,0,3,A,0,1,A,11,15,2,5,5,3,12,15,2,2,0,0,4.75,3.1,1.91
2425,08/12/2024,Ath Bilbao,Villarreal,2,0,H,1,0,H,12,11,4,1,3,3,15,10,2,1,0,0,1.95,3.6,3.8
2425,08/12/2024,Osasuna,Alaves,2,2,D,0,1,A,16,6,8,3,8,3,13,14,4,3,0,0,2.05,3.3,3.75
2425,08/12/2024,Ath Madrid,Sevilla,4,3,H,1,2,A,14,4,9,3,5,3,11,8,4,3,0,0,1.38,4.75,8.5
2425,09/12/2024,Getafe,Espanol,1,0,H,1,0,H,15,9,6,1,3,3,14,15,3,6,0,0,1.8,3.1,5.75
2425,13/12/2024,Valladolid,Valencia,1,0,H,1,0,H,2,14,1,2,1,7,10,10,4,3,1,0,3.1,3.1,2.38
2425,14/12/2024,Espanol,Osasuna,0,0,D,0,0,D,9,6,3,0,5,4,13,13,3,1,0,0,2.75,3.2,2.6
2425,14/12/2024,Mallorca,Girona,2,1,H,1,1,D,8,13,2,1,2,4,10,14,5,2,1,0,2.3,3.1,3.25
2425,14/12/2024,Sevilla,Celta,1,0,H,0,0,D,8,10,3,2,3,4,12,9,7,3,0,0,2.2,3.25,3.3
2425,14/12/2024,Vallecano,Real Madrid,3,3,D,2,2,D,14,13,5,6,4,3,18,8,4,2,0,0,6.0,3.8,1.57
2425,15/12/2024,Ath Madrid,Getafe,1,0,H,0,0,D,11,7,3,1,8,3,13,15,3,1,0,0,1.4,4.33,9.0
2425,15/12/2024,Alaves,Ath Bilbao,1,1,D,0,1,A,6,9,3,2,2,4,14,17,2,2,0,0,3.6,3.1,2.15
2425,15/12/2024,Sociedad,Las Palmas,0,0,D,0,0,D,15,9,4,3,8,6,17,12,2,3,0,0,1.4,4.33,8.0
2425,15/12/2024,Villarreal,Betis,1,2,A,0,1,A,17,10,4,4,5,5,19,10,5,2,0,1,1.75,3.8,4.33
2425,15/12/2024,Barcelona,Leganes,0,1,A,0,1,A,20,6,4,4,8,2,5,13,0,2,0,0,1.13,8.0,19.0
2425,18/12/2024,Espanol,Valencia,1,1,D,1,0,H,10,14,3,4,4,7,13,11,1,0,0,0,2.6,3.0,3.0
2425,18/12/2024,Villarreal,Vallecano,1,1,D,1,1,D,14,18,5,3,7,7,10,15,4,3,1,0,1.8,3.6,4.5
2425,20/12/2024,Girona,Valladolid,3,0,H,2,0,H,23,1,7,1,9,1,13,7,3,1,0,0,1.38,5.0,8.0
2425,21/12/2024,Getafe,Mallorca,0,1,A,0,0,D,18,9,5,2,3,0,19,13,4,3,0,0,2.3,2.75,3.9
2425,21/12/2024,Celta,Sociedad,2,0,H,2,0,H,11,7,7,1,5,7,19,13,3,5,0,0,2.9,3.1,2.6
2425,21/12/2024,Osasuna,Ath Bilbao,1,2,A,1,1,D,6,13,3,8,4,4,10,13,0,1,0,0,3.9,3.1,2.1
2425,21/12/2024,Barcelona,Ath Madrid,1,2,A,1,0,H,19,5,7,4,11,3,11,8,0,3,0,0,1.9,3.8,3.9
2425,22/12/2024,Valencia,Alaves,2,2,D,0,1,A,8,11,3,3,5,4,20,15,2,1,0,0,2.25,3.1,3.5
2425,22/12/2024,Real Madrid,Sevilla,4,2,H,3,1,H,16,10,8,5,6,6,5,14,1,2,0,0,1.33,5.5,9.0
2425,22/12/2024,Las Palmas,Espanol,1,0,H,0,0,D,10,9,4,2,2,2,9,16,4,2,0,0,1.85,3.6,4.33
2425,22/12/2024,Leganes,Villarreal,2,5,A,2,2,D,5,18,3,9,1,5,17,15,1,2,2,0,4.2,3.4,1.91
2425,22/12/2024,Betis,Vallecano,1,1,D,1,0,H,14,10,5,4,5,5,9,14,0,4,0,0,1.8,3.5,4.75
2425,03/01/2025,Valencia,Real Madrid,1,2,A,1,0,H,8,17,5,5,2,5,16,9,2,3,0,1,7.0,4.5,1.42
2425,10/01/2025,Vallecano,Celta,2,1,H,1,1,D,8,23,5,7,3,3,18,9,2,3,0,1,2.75,3.1,2.7
2425,11/01/2025,Alaves,Girona,0,1,A,0,0,D,11,3,2,1,6,3,16,11,1,4,0,0,2.75,3.1,2.75
2425,11/01/2025,Valladolid,Betis,1,0,H,0,0,D,12,14,1,3,1,8,21,10,2,4,0,0,4.5,3.5,1.83
2425,11/01/2025,Espanol,Leganes,1,1,D,1,1,D,15,14,5,6,8,4,15,19,2,2,0,1,2.1,3.0,4.0
2425,11/01/2025,Sevilla,Valencia,1,1,D,0,0,D,15,5,5,1,10,1,16,8,1,2,0,0,2.0,3.3,4.0
2425,12/01/2025,Las Palmas,Getafe,1,2,A,0,0,D,15,12,7,3,4,5,14,17,2,3,0,0,2.45,2.9,3.3
2425,12/01/2025,Ath Madrid,Osasuna,1,0,H,0,0,D,9,6,5,1,4,0,8,14,2,0,0,0,1.33,5.0,10.0
2425,13/01/2025,Sociedad,Villarreal,1,0,H,0,0,D,6,15,3,5,3,7,17,6,4,2,0,0,2.0,3.3,4.0
2425,17/01/2025,Espanol,Valladolid,2,1,H,1,0,H,12,11,4,4,1,7,13,16,2,2,0,0,1.75,3.4,5.25
2425,18/01/2025,Girona,Sevilla,1,2,A,1,0,H,7,14,4,6,7,4,6,15,0,4,0,0,1.91,3.5,4.0
2425,18/01/2025,Leganes,Ath Madrid,1,0,H,0,0,D,9,19,3,4,2,9,16,6,1,3,0,0,7.0,4.0,1.5
2425,18/01/2025,Betis,Alaves,1,3,A,1,1,D,7,9,2,5,2,3,12,24,4,5,1,0,1.75,3.6,4.75
2425,18/01/2025,Getafe,Barcelona,1,1,D,1,1,D,10,21,4,5,2,10,9,9,3,2,0,0,6.5,4.2,1.5
2425,19/01/2025,Celta,Ath Bilbao,1,2,A,0,0,D,3,14,1,6,3,4,14,6,0,0,0,0,2.8,3.2,2.6
2425,19/01/2025,Real Madrid,Las Palmas,4,1,H,3,1,H,26,6,13,2,8,2,11,13,0,1,0,1,1.14,7.5,17.0
2425,19/01/2025,Osasuna,Vallecano,1,1,D,0,1,A,12,8,3,3,6,3,9,13,3,2,0,0,2.15,3.0,3.8
2425,19/01/2025,Valencia,Sociedad,1,0,H,1,0,H,7,9,2,3,4,7,10,12,3,4,0,0,3.1,3.0,2.55
2425,20/01/2025,Villarreal,Mallorca,4,0,H,4,0,H,14,9,7,2,6,5,9,12,1,3,0,0,1.73,3.5,5.25
2425,24/01/2025,Las Palmas,Osasuna,1,1,D,0,0,D,16,16,7,4,4,2,14,17,7,8,1,0,2.5,3.1,3.0
2425,25/01/2025,Mallorca,Betis,0,1,A,0,0,D,16,8,3,3,4,4,12,18,2,2,1,0,2.25,3.0,3.5
2425,25/01/2025,Ath Madrid,Villarreal,1,1,D,0,1,A,20,11,8,1,5,6,10,14,4,2,0,0,1.7,4.0,4.75
2425,25/01/2025,Sevilla,Espanol,1,1,D,0,1,A,25,6,4,1,5,1,13,14,1,4,0,0,1.7,3.8,4.75
2425,25/01/2025,Valladolid,Real Madrid,0,3,A,0,1,A,6,20,2,4,1,7,11,12,3,3,1,0,10.0,6.0,1.27
2425,26/01/2025,Vallecano,Girona,2,1,H,0,0,D,17,12,7,5,4,1,19,9,3,1,0,0,2.75,2.9,2.88
2425,26/01/2025,Sociedad,Getafe,0,3,A,0,0,D,13,13,4,4,5,2,11,15,3,6,0,0,1.75,3.4,5.5
2425,26/01/2025,Ath Bilbao,Leganes,0,0,D,0,0,D,29,5,3,2,16,1,10,8,1,1,0,0,1.38,5.0,7.5
2425,26/01/2025,Barcelona,Valencia,7,1,H,5,0,H,22,7,11,2,14,4,10,12,0,1,0,0,1.22,7.5,10.0
2425,27/01/2025,Alaves,Celta,1,1,D,1,0,H,3,5,1,2,3,4,15,14,2,3,0,0,2.63,3.0,3.0
2425,31/01/2025,Leganes,Vallecano,0,1,A,0,0,D,5,19,1,3,2,9,7,19,2,4,1,0,3.3,3.0,2.38
2425,01/02/2025,Getafe,Sevilla,0,0,D,0,0,D,7,13,1,1,6,5,15,12,4,6,0,0,2.45,2.9,3.25
2425,01/02/2025,Villarreal,Valladolid,5,1,H,1,0,H,22,8,8,2,3,6,9,14,1,2,0,0,1.22,7.0,10.0
2425,01/02/2025,Ath Madrid,Mallorca,2,0,H,1,0,H,17,10,5,1,10,4,9,14,2,3,0,0,1.4,4.33,8.5
2425,01/02/2025,Espanol,Real Madrid,1,0,H,0,0,D,5,21,2,7,1,8,14,3,2,0,0,0,9.0,5.75,1.3
2425,02/02/2025,Barcelona,Alaves,1,0,H,0,0,D,11,3,4,0,5,2,8,20,5,2,0,0,1.2,7.5,13.0
2425,02/02/2025,Valencia,Celta,2,1,H,1,0,H,8,3,5,2,5,2,9,17,1,2,0,0,2.3,3.1,3.25
2425,02/02/2025,Osasuna,Sociedad,2,1,H,1,0,H,11,13,4,3,3,5,10,8,3,3,0,0,3.0,3.0,2.55
2425,02/02/2025,Betis,Ath Bilbao,2,2,D,2,1,H,10,12,6,4,3,7,10,20,3,1,0,0,2.9,3.3,2.45
2425,03/02/2025,Girona,Las Palmas,2,1,H,1,0,H,12,10,4,2,11,3,12,12,2,2,0,0,1.6,4.2,5.0
2425,07/02/2025,Vallecano,Valladolid,1,0,H,0,0,D,20,8,6,3,4,2,11,15,2,2,0,0,1.5,4.1,7.0
2425,08/02/2025,Celta,Betis,3,2,H,0,2,A,14,12,6,5,4,7,11,11,3,5,0,0,2.25,3.4,3.2
2425,08/02/2025,Ath Bilbao,Girona,3,0,H,2,0,H,23,3,8,1,11,2,7,12,0,4,0,0,1.65,4.0,5.0
2425,08/02/2025,Las Palmas,Villarreal,1,2,A,0,0,D,20,9,4,4,6,5,12,12,6,3,0,0,4.75,3.9,1.7
2425,08/02/2025,Real Madrid,Ath Madrid,1,1,D,0,1,A,23,10,9,1,6,1,14,13,1,3,0,0,1.85,3.6,4.2
2425,09/02/2025,Alaves,Getafe,0,1,A,0,1,A,12,4,4,3,8,3,16,16,2,6,0,0,2.3,2.9,3.6
2425,09/02/2025,Valencia,Leganes,2,0,H,2,0,H,18,12,4,4,9,3,14,9,1,1,0,0,1.73,3.4,5.5
2425,09/02/2025,Sociedad,Espanol,2,1,H,1,0,H,13,4,3,1,6,0,11,17,1,2,0,0,1.6,3.9,5.75
2425,09/02/2025,Sevilla,Barcelona,1,4,A,1,1,D,8,10,4,6,5,6,14,6,5,2,0,1,5.25,4.5,1.55
2425,10/02/2025,Mallorca,Osasuna,1,1,D,0,0,D,10,19,2,4,7,11,7,11,1,4,0,0,2.0,3.0,4.33
2425,14/02/2025,Girona,Getafe,1,2,A,0,1,A,14,10,4,6,3,3,11,23,2,3,1,0,1.95,3.25,4.33
2425,15/02/2025,Leganes,Alaves,3,3,D,2,1,H,8,16,3,7,3,2,18,15,4,5,1,0,3.1,2.9,2.6
2425,15/02/2025,Osasuna,Real Madrid,1,1,D,0,1,A,11,17,4,6,6,2,16,7,3,1,0,1,5.75,4.1,1.57
2425,15/02/2025,Ath Madrid,Celta,1,1,D,0,0,D,9,11,3,4,2,7,8,18,3,5,1,0,1.39,4.5,8.0
2425,15/02/2025,Villarreal,Valencia,1,1,D,1,0,H,13,12,4,3,4,5,6,17,0,5,0,0,1.5,4.5,5.5
2425,16/02/2025,Espanol,Ath Bilbao,1,1,D,0,0,D,12,14,4,4,2,7,12,8,1,1,0,0,5.5,3.4,1.73
2425,16/02/2025,Valladolid,Sevilla,0,4,A,0,2,A,7,11,2,6,3,2,11,10,4,2,0,0,4.0,3.4,1.95
2425,16/02/2025,Mallorca,Las Palmas,3,1,H,3,0,H,14,9,5,4,3,5,7,13,1,4,0,0,1.73,3.5,5.25
2425,16/02/2025,Betis,Sociedad,3,0,H,0,0,D,24,5,8,1,5,5,9,15,0,2,0,2,2.55,3.1,2.9
2425,17/02/2025,Barcelona,Vallecano,1,0,H,1,0,H,14,9,5,4,4,5,11,9,2,3,0,0,1.22,7.0,11.0
2425,21/02/2025,Celta,Osasuna,1,0,H,0,0,D,12,18,5,1,5,4,11,13,1,0,0,0,1.67,3.75,5.25
2425,22/02/2025,Alaves,Espanol,0,1,A,0,0,D,15,9,5,2,7,0,13,17,2,2,0,0,1.8,3.25,5.25
2425,22/02/2025,Vallecano,Villarreal,0,1,A,0,0,D,10,10,5,5,3,5,15,12,1,4,1,0,2.88,3.5,2.38
2425,22/02/2025,Valencia,Ath Madrid,0,3,A,0,2,A,18,11,2,3,7,0,18,16,1,3,0,0,4.2,3.4,1.91
2425,22/02/2025,Las Palmas,Barcelona,0,2,A,0,0,D,10,15,2,5,5,3,13,4,1,1,0,0,8.5,7.0,1.25
2425,23/02/2025,Ath Bilbao,Valladolid,7,1,H,4,0,H,29,5,16,3,4,4,10,5,2,3,0,1,1.17,7.0,19.0
2425,23/02/2025,Real Madrid,Girona,2,0,H,1,0,H,22,6,5,2,11,5,1,7,0,2,0,0,1.29,6.25,8.5
2425,23/02/2025,Getafe,Betis,1,2,A,0,1,A,10,13,4,6,2,5,17,20,3,0,1,1,2.6,3.1,2.9
2425,23/02/2025,Sociedad,Leganes,3,0,H,1,0,H,12,8,5,2,3,3,13,13,3,3,0,0,1.55,3.75,7.0
2425,24/02/2025,Sevilla,Mallorca,1,1,D,1,0,H,19,13,4,2,4,4,11,12,1,3,0,0,2.05,3.2,3.9
2425,28/02/2025,Valladolid,Las Palmas,1,1,D,0,1,A,23,4,7,3,13,4,11,8,2,1,0,1,3.1,3.2,2.4
2425,01/03/2025,Girona,Celta,2,2,D,1,1,D,9,10,6,6,4,2,8,17,0,0,0,0,2.2,3.5,3.25
2425,01/03/2025,Vallecano,Sevilla,1,1,D,0,0,D,20,10,8,5,6,6,14,9,1,0,0,0,2.3,3.2,3.3
2425,01/03/2025,Betis,Real Madrid,2,1,H,1,1,D,18,9,3,2,9,2,17,12,3,4,0,0,4.33,4.0,1.73
2425,01/03/2025,Ath Madrid,Ath Bilbao,1,0,H,0,0,D,12,15,4,3,6,2,7,8,2,3,0,0,2.05,3.5,3.6
2425,02/03/2025,Leganes,Getafe,1,0,H,0,0,D,5,9,1,0,2,6,15,15,1,1,0,0,3.1,2.88,2.6
2425,02/03/2025,Barcelona,Sociedad,4,0,H,2,0,H,33,0,10,0,12,0,15,6,0,0,0,1,1.25,5.75,12.0
2425,02/03/2025,Mallorca,Alaves,1,1,D,1,0,H,15,19,4,7,3,9,20,14,0,2,0,0,2.25,3.1,3.5
2425,02/03/2025,Osasuna,Valencia,3,3,D,3,2,H,12,12,5,5,3,3,10,7,2,1,0,0,2.3,3.2,3.3
2425,08/03/2025,Celta,Leganes,2,1,H,2,1,H,7,12,4,6,2,5,10,9,3,2,0,0,1.55,3.8,7.0
2425,08/03/2025,Alaves,Villarreal,1,0,H,1,0,H,5,24,3,2,1,6,11,13,3,1,2,0,3.1,3.25,2.38
2425,08/03/2025,Valencia,Valladolid,2,1,H,1,1,D,17,11,4,4,5,4,11,10,1,3,0,0,1.38,4.5,9.0
2425,09/03/2025,Getafe,Ath Madrid,2,1,H,0,0,D,11,4,3,2,4,4,10,14,6,2,0,1,4.5,3.1,1.95
2425,09/03/2025,Real Madrid,Vallecano,2,1,H,2,1,H,10,20,5,6,4,6,12,17,3,1,0,0,1.29,5.75,9.5
2425,09/03/2025,Ath Bilbao,Mallorca,1,1,D,0,0,D,8,9,2,2,3,3,6,13,1,3,0,0,1.62,3.7,6.0
2425,09/03/2025,Betis,Las Palmas,1,0,H,0,0,D,14,8,6,1,11,1,12,14,2,8,0,1,1.42,4.5,7.5
2425,09/03/2025,Sociedad,Sevilla,0,1,A,0,0,D,7,9,2,4,6,3,14,12,2,1,0,0,2.2,3.2,3.5
2425,10/03/2025,Espanol,Girona,1,1,D,0,0,D,7,18,4,4,4,9,11,13,3,3,0,0,3.1,3.2,2.4
2425,14/03/2025,Las Palmas,Alaves,2,2,D,0,1,A,14,9,7,3,4,5,10,22,5,5,0,0,2.88,3.0,2.75
2425,15/03/2025,Valladolid,Celta,0,1,A,0,0,D,5,10,2,1,3,4,9,15,3,3,0,0,5.0,3.8,1.63
2425,15/03/2025,Mallorca,Espanol,2,1,H,0,0,D,20,2,7,0,6,2,10,12,0,2,0,0,1.77,3.3,5.0
2425,15/03/2025,Villarreal,Real Madrid,1,2,A,1,2,A,23,9,10,5,11,4,17,3,2,1,0,0,3.1,3.75,2.15
2425,15/03/2025,Girona,Valencia,1,1,D,0,0,D,14,12,4,2,9,4,12,5,2,1,0,0,1.92,3.5,3.9
2425,16/03/2025,Leganes,Betis,2,3,A,2,0,H,10,21,4,6,3,7,16,5,2,1,0,0,3.8,3.3,2.05
2425,16/03/2025,Sevilla,Ath Bilbao,0,1,A,0,0,D,11,9,4,4,4,6,13,12,4,2,0,0,2.9,3.2,2.5
2425,16/03/2025,Osasuna,Getafe,1,2,A,1,0,H,12,7,4,4,3,2,19,15,2,3,0,1,2.25,2.88,3.8
2425,16/03/2025,Vallecano,Sociedad,2,2,D,0,1,A,10,8,5,4,4,4,16,9,3,2,0,0,2.5,3.0,3.1
2425,16/03/2025,Ath Madrid,Barcelona,2,4,A,1,0,H,7,13,2,6,6,6,10,11,1,3,0,0,3.1,3.6,2.2
2425,27/03/2025,Barcelona,Osasuna,3,0,H,2,0,H,19,4,5,0,8,4,7,14,1,3,0,0,1.29,7.0,7.0
2425,29/03/2025,Sociedad,Valladolid,2,1,H,1,0,H,12,12,2,5,3,6,20,10,2,3,0,0,1.33,4.75,11.0
2425,29/03/2025,Espanol,Ath Madrid,1,1,D,0,1,A,8,13,1,2,4,3,12,14,2,1,0,0,5.5,3.75,1.62
2425,29/03/2025,Alaves,Vallecano,0,2,A,0,1,A,12,11,4,5,8,5,14,12,3,5,0,0,2.15,2.9,4.1
2425,29/03/2025,Real Madrid,Leganes,3,2,H,1,2,A,24,10,10,4,8,3,9,13,1,4,0,0,1.14,8.0,17.0
2425,30/03/2025,Getafe,Villarreal,1,2,A,1,2,A,11,9,4,3,3,1,16,21,1,4,0,0,3.25,3.1,2.35
2425,30/03/2025,Barcelona,Girona,4,1,H,1,0,H,21,4,9,2,10,2,8,11,0,1,0,0,1.25,6.5,10.0
2425,30/03/2025,Ath Bilbao,Osasuna,0,0,D,0,0,D,11,5,5,2,3,4,12,12,1,1,0,0,1.45,4.1,7.0
2425,30/03/2025,Valencia,Mallorca,1,0,H,0,0,D,8,8,2,2,4,5,16,15,5,5,0,0,2.15,3.1,3.75
2425,30/03/2025,Betis,Sevilla,2,1,H,2,1,H,11,6,3,2,2,2,10,22,4,4,0,0,1.83,3.5,4.33
2425,31/03/2025,Celta,Las Palmas,1,1,D,1,0,H,19,4,7,2,4,2,17,5,3,0,0,0,1.57,4.1,5.5
2425,04/04/2025,Vallecano,Espanol,0,4,A,0,2,A,16,15,5,7,8,4,8,10,2,2,0,0,1.65,3.5,6.0
2425,05/04/2025,Girona,Alaves,0,1,A,0,0,D,11,14,6,3,1,5,9,16,1,4,0,0,2.05,3.4,3.6
2425,05/04/2025,Real Madrid,Valencia,1,2,A,0,1,A,21,10,9,2,9,4,10,13,0,4,0,0,1.3,5.75,8.5
2425,05/04/2025,Mallorca,Celta,1,2,A,1,0,H,7,10,2,4,4,2,9,11,3,0,0,0,2.63,3.2,2.8
2425,05/04/2025,Barcelona,Betis,1,1,D,1,1,D,13,6,5,2,9,3,16,12,2,1,0,0,1.36,5.5,7.0
2425,06/04/2025,Las Palmas,Sociedad,1,3,A,0,1,A,13,13,5,8,5,4,7,10,0,2,0,0,3.2,3.2,2.35
2425,06/04/2025,Sevilla,Ath Madrid,1,2,A,1,1,D,11,13,6,5,7,7,14,12,1,4,0,0,3.5,3.2,2.2
2425,06/04/2025,Valladolid,Getafe,0,4,A,0,3,A,5,16,0,9,3,4,11,17,3,1,1,0,4.75,3.1,1.9
2425,06/04/2025,Villarreal,Ath Bilbao,0,0,D,0,0,D,12,11,4,2,6,5,9,13,0,1,1,0,2.2,3.3,3.25
2425,07/04/2025,Leganes,Osasuna,1,1,D,0,0,D,13,14,7,6,4,8,18,14,3,3,0,0,2.7,3.1,2.75
2425,11/04/2025,Valencia,Sevilla,1,0,H,1,0,H,8,12,6,5,3,3,10,18,3,2,0,0,2.3,3.1,3.4
2425,12/04/2025,Sociedad,Mallorca,0,2,A,0,1,A,15,7,4,3,8,2,11,12,3,1,0,0,1.75,3.4,5.5
2425,12/04/2025,Getafe,Las Palmas,1,3,A,1,0,H,11,10,6,5,3,2,14,15,0,2,1,0,1.75,3.3,5.5
2425,12/04/2025,Celta,Espanol,0,2,A,0,1,A,16,5,6,3,13,5,14,10,2,2,0,0,1.62,3.7,6.0
2425,12/04/2025,Leganes,Barcelona,0,1,A,0,0,D,6,12,1,3,4,8,10,4,2,1,0,0,8.5,6.0,1.3
2425,13/04/2025,Osasuna,Girona,2,1,H,1,0,H,13,18,6,8,4,4,17,15,2,0,0,0,2.45,3.2,3.1
2425,13/04/2025,Alaves,Real Madrid,0,1,A,0,1,A,13,11,6,4,4,4,21,12,4,4,1,1,5.25,4.1,1.62
2425,13/04/2025,Betis,Villarreal,1,2,A,1,1,D,24,8,5,2,5,5,4,13,0,4,0,0,2.35,3.3,3.1
2425,13/04/2025,Ath Bilbao,Vallecano,3,1,H,0,1,A,13,11,4,3,7,1,12,7,4,3,0,0,1.75,3.4,5.5
2425,14/04/2025,Ath Madrid,Valladolid,4,2,H,2,1,H,24,6,9,3,5,1,11,8,1,1,0,0,1.14,8.0,19.0
2425,18/04/2025,Espanol,Getafe,1,0,H,1,0,H,9,9,3,4,6,8,12,15,0,2,0,1,2.88,2.63,3.0
2425,19/04/2025,Vallecano,Valencia,1,1,D,1,0,H,11,10,4,3,5,2,18,13,3,1,0,0,2.25,3.0,3.4
2425,19/04/2025,Barcelona,Celta,4,3,H,1,1,D,18,11,6,8,4,1,10,13,2,2,0,0,1.3,5.75,8.0
2425,19/04/2025,Mallorca,Leganes,0,0,D,0,0,D,11,15,1,1,4,4,17,15,2,1,0,0,1.85,3.1,5.0
2425,19/04/2025,Las Palmas,Ath Madrid,1,0,H,0,0,D,8,7,2,2,4,4,13,13,3,1,0,0,5.75,4.2,1.55
2425,20/04/2025,Valladolid,Osasuna,2,3,A,0,2,A,12,11,5,6,5,2,12,17,2,0,0,0,4.5,3.4,1.83
2425,20/04/2025,Villarreal,Sociedad,2,2,D,1,1,D,20,4,5,4,10,4,12,12,5,1,0,0,1.7,3.7,5.0
2425,20/04/2025,Sevilla,Alaves,1,1,D,1,1,D,10,11,2,3,3,6,10,11,2,2,0,0,2.0,3.1,4.2
2425,20/04/2025,Real Madrid,Ath Bilbao,1,0,H,0,0,D,22,3,7,1,14,1,7,15,1,2,0,0,1.65,3.9,5.25
2425,21/04/2025,Girona,Betis,1,3,A,0,3,A,11,17,5,9,8,9,13,11,3,2,0,0,2.88,3.3,2.45
2425,22/04/2025,Valencia,Espanol,1,1,D,0,1,A,16,8,7,3,6,4,7,7,2,1,0,0,1.95,3.3,4.1
2425,22/04/2025,Barcelona,Mallorca,1,0,H,0,0,D,40,4,13,0,13,2,10,7,0,1,0,0,1.2,7.0,13.0
2425,23/04/2025,Ath Bilbao,Las Palmas,1,0,H,1,0,H,13,10,4,2,3,3,13,9,1,3,0,0,1.36,5.25,7.0
2425,23/04/2025,Celta,Villarreal,3,0,H,1,0,H,21,4,9,1,6,3,16,10,2,1,0,1,2.5,3.4,2.8
2425,23/04/2025,Alaves,Sociedad,1,0,H,0,0,D,10,6,1,0,6,6,17,17,4,5,0,0,2.35,3.0,3.4
2425,23/04/2025,Getafe,Real Madrid,0,1,A,0,1,A,20,14,6,7,4,4,15,7,3,1,0,0,4.75,3.6,1.75
2425,24/04/2025,Leganes,Girona,1,1,D,0,0,D,7,8,1,3,4,5,16,18,4,2,1,0,2.75,3.1,2.75
2425,24/04/2025,Osasuna,Sevilla,1,0,H,1,0,H,9,12,2,3,4,4,14,13,4,2,0,1,2.5,3.0,3.2
2425,24/04/2025,Ath Madrid,Vallecano,3,0,H,2,0,H,10,12,5,5,6,3,8,15,0,2,0,0,1.53,4.0,6.5
2425,24/04/2025,Betis,Valladolid,5,1,H,1,1,D,16,10,6,5,4,4,7,7,1,0,0,0,1.2,7.0,13.0
2425,27/04/2025,Villarreal,Espanol,1,0,H,0,0,D,14,12,5,1,8,6,19,11,4,0,0,0,1.44,5.0,6.25
2425,02/05/2025,Vallecano,Getafe,1,0,H,1,0,H,13,12,8,1,7,3,12,13,3,2,0,1,2.38,3.0,3.4
2425,03/05/2025,Alaves,Ath Madrid,0,0,D,0,0,D,8,9,2,2,3,5,18,13,3,2,0,0,3.7,3.1,2.15
2425,03/05/2025,Villarreal,Osasuna,4,2,H,3,0,H,15,11,5,4,2,8,10,18,4,1,0,0,1.53,4.2,6.0
2425,03/05/2025,Las Palmas,Valencia,2,3,A,1,1,D,15,10,3,5,9,5,12,6,1,1,0,0,2.63,3.3,2.7
2425,03/05/2025,Valladolid,Barcelona,1,2,A,1,0,H,5,24,4,7,4,8,12,15,3,2,0,0,15.0,8.0,1.14
2425,04/05/2025,Real Madrid,Celta,3,2,H,2,0,H,17,14,6,7,4,6,5,11,2,1,0,0,1.33,5.75,7.0
2425,04/05/2025,Sevilla,Leganes,2,2,D,1,1,D,25,9,7,3,8,2,17,12,4,5,0,0,1.77,3.5,4.75
2425,04/05/2025,Espanol,Betis,1,2,A,1,0,H,11,20,5,10,3,7,16,10,2,0,0,0,3.3,3.0,2.38
2425,04/05/2025,Sociedad,Ath Bilbao,0,0,D,0,0,D,12,3,3,1,7,3,18,13,1,2,0,0,2.55,3.0,3.0
2425,05/05/2025,Girona,Mallorca,1,0,H,1,0,H,13,9,6,1,5,2,11,14,0,2,0,0,2.0,3.1,4.2
2425,09/05/2025,Las Palmas,Vallecano,0,1,A,0,0,D,11,16,2,5,8,8,8,9,2,3,0,0,2.45,3.25,3.0
2425,10/05/2025,Valencia,Getafe,3,0,H,3,0,H,10,10,6,3,2,6,17,20,3,5,0,0,2.0,3.0,4.33
2425,10/05/2025,Celta,Sevilla,3,2,H,1,1,D,8,19,4,10,3,6,11,16,0,2,1,0,1.8,3.6,4.5
2425,10/05/2025,Girona,Villarreal,0,1,A,0,0,D,7,14,0,5,5,3,13,10,2,3,0,0,3.1,3.8,2.1
2425,10/05/2025,Mallorca,Valladolid,2,1,H,1,1,D,12,16,4,7,5,10,16,12,2,1,0,0,1.33,5.25,9.0
2425,10/05/2025,Ath Madrid,Sociedad,4,0,H,4,0,H,13,6,7,1,3,3,7,12,0,1,0,0,1.67,3.7,5.0
2425,11/05/2025,Leganes,Espanol,3,2,H,2,0,H,13,12,5,6,3,8,14,18,2,2,0,0,2.4,3.0,3.2
2425,11/05/2025,Barcelona,Real Madrid,4,3,H,4,2,H,23,9,9,5,10,2,17,15,4,3,0,0,1.9,3.7,3.2
2425,11/05/2025,Ath Bilbao,Alaves,1,0,H,0,0,D,11,4,3,1,9,2,17,12,1,1,0,0,1.8,2.9,4.5
2425,11/05/2025,Betis,Osasuna,1,1,D,0,0,D,10,16,5,5,6,7,8,12,3,2,0,0,1.62,3.75,5.75
2425,13/05/2025,Valladolid,Girona,0,1,A,0,0,D,11,13,4,5,6,4,5,19,0,0,0,0,4.75,3.9,1.73
2425,13/05/2025,Sociedad,Celta,0,1,A,0,1,A,15,6,5,2,14,1,18,11,3,1,0,0,2.3,3.3,3.1
2425,13/05/2025,Sevilla,Las Palmas,1,0,H,0,0,D,10,14,3,3,4,2,22,15,6,6,0,0,1.67,3.7,5.25
2425,14/05/2025,Alaves,Valencia,1,0,H,0,0,D,11,10,5,3,9,4,16,10,4,3,0,0,2.1,3.1,3.7
2425,14/05/2025,Villarreal,Leganes,3,0,H,3,0,H,17,23,7,6,3,6,5,11,1,1,0,0,1.33,5.75,8.0
2425,14/05/2025,Real Madrid,Mallorca,2,1,H,0,1,A,39,4,13,2,26,0,6,15,0,3,0,0,1.38,5.25,7.0
2425,15/05/2025,Vallecano,Betis,2,2,D,2,0,H,20,10,6,3,10,7,8,18,1,3,0,0,3.0,3.2,2.4
2425,15/05/2025,Osasuna,Ath Madrid,2,0,H,1,0,H,9,9,3,5,3,5,12,11,1,1,0,0,3.6,3.3,2.1
2425,15/05/2025,Espanol,Barcelona,0,2,A,0,0,D,9,12,1,4,3,3,8,10,2,2,1,0,9.0,5.75,1.3
2425,15/05/2025,Getafe,Ath Bilbao,0,2,A,0,0,D,11,9,1,2,2,5,10,7,1,0,0,0,3.2,2.75,2.63
2425,18/05/2025,Ath Madrid,Betis,4,1,H,2,0,H,20,12,11,7,7,4,12,9,1,1,0,0,1.91,3.6,3.8
2425,18/05/2025,Barcelona,Villarreal,2,3,A,2,1,H,24,7,9,3,11,3,14,9,2,0,0,0,1.83,4.1,3.75
2425,18/05/2025,Celta,Vallecano,1,2,A,1,2,A,24,7,7,2,9,2,10,17,2,3,0,0,1.75,3.9,4.33
2425,18/05/2025,Las Palmas,Leganes,0,1,A,0,1,A,12,11,3,4,9,2,15,12,2,2,0,0,2.9,3.5,2.35
2425,18/05/2025,Mallorca,Getafe,1,2,A,0,0,D,7,10,1,4,3,4,14,9,2,2,0,0,2.0,3.2,4.2
2425,18/05/2025,Osasuna,Espanol,2,0,H,1,0,H,16,16,3,6,8,6,11,5,1,1,0,0,1.8,3.3,4.75
2425,18/05/2025,Sevilla,Real Madrid,0,2,A,0,0,D,6,16,1,6,1,7,7,9,0,1,2,0,4.2,4.0,1.75
2425,18/05/2025,Sociedad,Girona,3,2,H,2,1,H,15,9,9,5,9,2,10,9,1,3,0,0,2.05,3.1,4.1
2425,18/05/2025,Valencia,Ath Bilbao,0,1,A,0,0,D,6,10,2,4,5,3,10,16,3,1,0,0,2.2,3.0,3.8
2425,18/05/2025,Valladolid,Alaves,0,1,A,0,1,A,7,14,1,4,5,9,12,24,0,2,0,0,6.0,3.75,1.6
2425,23/05/2025,Betis,Valencia,1,1,D,1,0,H,14,9,4,2,3,2,8,12,1,2,0,0,1.91,3.75,3.75
2425,24/05/2025,Real Madrid,Sociedad,2,0,H,1,0,H,16,9,8,1,11,4,5,7,0,0,0,0,1.42,5.0,6.5
2425,24/05/2025,Espanol,Las Palmas,2,0,H,0,0,D,8,10,3,4,3,6,12,11,3,2,0,0,1.38,4.75,8.0
2425,24/05/2025,Leganes,Valladolid,3,0,H,3,0,H,16,6,6,2,3,4,11,16,0,1,0,0,1.3,5.5,9.5
2425,24/05/2025,Alaves,Osasuna,1,1,D,0,0,D,14,19,5,5,5,9,15,6,2,2,0,0,3.2,3.2,2.35
2425,24/05/2025,Getafe,Celta,1,2,A,1,1,D,6,15,1,8,2,6,13,10,3,4,1,0,4.1,3.75,1.85
2425,24/05/2025,Vallecano,Mallorca,0,0,D,0,0,D,27,9,8,2,11,2,9,14,2,2,0,0,1.53,4.2,6.25
2425,25/05/2025,Girona,Ath Madrid,0,4,A,0,0,D,2,19,1,11,1,8,13,11,0,1,0,0,3.8,3.75,1.91
2425,25/05/2025,Villarreal,Sevilla,4,2,H,3,1,H,12,17,7,6,3,5,8,14,0,1,0,0,1.48,5.0,6.0
2425,25/05/2025,Ath Bilbao,Barcelona,0,3,A,0,2,A,10,13,1,4,2,6,21,10,1,0,0,0,3.2,3.75,2.1
2526,15/08/2025,Girona,Vallecano,1,3,A,0,3,A,7,16,2,5,2,4,8,17,0,1,1,0,2.25,3.25,3.3
2526,15/08/2025,Villarreal,Oviedo,2,0,H,2,0,H,25,5,10,4,10,1,10,8,1,2,0,1,1.4,4.75,8.0
2526,16/08/2025,Mallorca,Barcelona,0,3,A,0,2,A,4,24,1,8,3,6,8,17,4,1,2,0,7.0,5.0,1.4
2526,16/08/2025,Alaves,Levante,2,1,H,1,0,H,15,7,4,3,10,1,15,13,0,1,0,0,2.15,3.0,3.8
2526,16/08/2025,Valencia,Sociedad,1,1,D,0,0,D,18,13,2,3,8,7,5,11,1,2,0,0,2.6,2.9,3.1
2526,17/08/2025,Celta,Getafe,0,2,A,0,0,D,11,10,3,3,9,3,15,17,3,2,0,0,1.73,3.5,5.25
2526,17/08/2025,Ath Bilbao,Sevilla,3,2,H,2,0,H,14,12,3,6,10,1,8,12,0,2,0,0,1.57,3.9,6.0
2526,17/08/2025,Espanol,Ath Madrid,2,1,H,0,1,A,10,15,5,4,1,3,14,11,3,3,0,0,6.0,3.9,1.57
2526,18/08/2025,Elche,Betis,1,1,D,0,1,A,6,12,2,4,1,3,14,13,0,1,0,0,3.4,3.3,2.2
2526,19/08/2025,Real Madrid,Osasuna,1,0,H,0,0,D,18,2,5,0,7,0,10,12,1,0,0,1,1.22,6.25,13.0
2526,22/08/2025,Betis,Alaves,1,0,H,1,0,H,16,11,5,5,5,2,10,17,2,3,0,0,1.91,3.4,4.2
2526,23/08/2025,Mallorca,Celta,1,1,D,0,1,A,12,8,4,2,3,4,12,12,3,3,0,0,3.0,3.1,2.55
2526,23/08/2025,Ath Madrid,Elche,1,1,D,1,1,D,13,6,6,2,10,2,14,7,0,3,0,0,1.25,5.25,15.0
2526,23/08/2025,Levante,Barcelona,2,3,A,2,0,H,8,26,5,10,0,11,10,8,3,1,0,0,11.0,6.0,1.25
2526,24/08/2025,Osasuna,Valencia,1,0,H,1,0,H,16,4,4,1,3,4,14,13,2,1,0,1,2.4,3.2,3.1
2526,24/08/2025,Sociedad,Espanol,2,2,D,0,2,A,15,14,7,3,5,2,16,18,2,2,0,0,1.8,3.4,5.0
2526,24/08/2025,Villarreal,Girona,5,0,H,4,0,H,19,5,7,2,8,1,8,9,1,2,0,0,1.53,4.33,6.0
2526,24/08/2025,Oviedo,Real Madrid,0,3,A,0,1,A,6,26,3,10,1,9,8,7,2,1,0,0,9.5,5.5,1.3
2526,25/08/2025,Ath Bilbao,Vallecano,1,0,H,0,0,D,11,6,4,1,3,6,13,13,0,4,0,0,1.7,3.5,5.5
2526,25/08/2025,Sevilla,Getafe,1,2,A,1,1,D,12,9,3,6,5,3,10,24,2,2,0,0,2.25,3.0,3.6
2526,27/08/2025,Celta,Betis,1,1,D,0,1,A,14,7,5,2,10,4,13,11,1,2,0,0,2.2,3.4,3.25
2526,29/08/2025,Elche,Levante,2,0,H,0,0,D,16,11,5,1,4,2,14,17,1,2,0,0,2.15,3.25,3.5
2526,29/08/2025,Valencia,Getafe,3,0,H,1,0,H,7,11,4,1,8,6,18,7,2,0,0,0,2.3,2.9,3.6
2526,30/08/2025,Alaves,Ath Madrid,1,1,D,1,1,D,5,15,2,6,1,6,10,17,2,3,0,0,4.75,3.5,1.8
2526,30/08/2025,Oviedo,Sociedad,1,0,H,1,0,H,8,18,1,6,1,10,7,18,2,1,0,0,3.5,3.1,2.25
2526,30/08/2025,Girona,Sevilla,0,2,A,0,1,A,20,13,5,4,11,3,5,14,0,2,0,0,2.4,3.3,3.0
2526,30/08/2025,Real Madrid,Mallorca,2,1,H,2,1,H,17,9,7,5,4,5,12,7,2,0,0,0,1.18,7.0,15.0
2526,31/08/2025,Celta,Villarreal,1,1,D,0,0,D,10,8,2,3,1,5,11,8,1,1,0,0,2.75,3.5,2.5
2526,31/08/2025,Betis,Ath Bilbao,1,2,A,0,0,D,9,15,2,6,4,10,9,16,1,4,0,1,3.0,3.1,2.55
2526,31/08/2025,Espanol,Osasuna,1,0,H,0,0,D,10,10,4,3,2,3,13,14,2,3,0,0,2.38,3.2,3.1
2526,31/08/2025,Vallecano,Barcelona,1,1,D,0,1,A,12,12,6,3,9,4,16,8,4,1,0,0,6.25,5.5,1.4
2526,12/09/2025,Sevilla,Elche,2,2,D,1,0,H,7,5,3,2,2,2,23,19,4,3,0,0,1.85,3.4,4.5
2526,13/09/2025,Getafe,Oviedo,2,0,H,2,0,H,10,5,3,1,4,3,12,18,2,5,0,1,1.95,3.1,4.5
2526,13/09/2025,Sociedad,Real Madrid,1,2,A,0,2,A,23,16,4,6,12,4,17,7,2,1,0,1,5.0,4.33,1.6
2526,13/09/2025,Ath Bilbao,Alaves,0,1,A,0,0,D,12,4,3,2,6,6,17,21,4,3,0,0,1.6,3.9,5.75
2526,13/09/2025,Ath Madrid,Villarreal,2,0,H,1,0,H,8,8,3,1,8,3,12,15,2,4,0,0,1.8,3.7,4.33
2526,14/09/2025,Celta,Girona,1,1,D,0,1,A,21,13,7,8,10,3,7,9,0,3,0,0,1.73,3.9,4.75
2526,14/09/2025,Levante,Betis,2,2,D,2,1,H,5,28,2,9,4,12,16,11,3,2,0,0,3.25,3.25,2.3
2526,14/09/2025,Osasuna,Vallecano,2,0,H,1,0,H,9,19,7,6,3,6,13,7,3,2,0,0,2.55,3.2,2.9
2526,14/09/2025,Barcelona,Valencia,6,0,H,1,0,H,24,2,10,1,5,4,9,8,0,1,0,0,1.22,7.0,11.0
2526,15/09/2025,Espanol,Mallorca,3,2,H,2,1,H,9,24,3,10,3,9,9,16,2,1,1,0,2.1,3.4,3.5
2526,19/09/2025,Betis,Sociedad,3,1,H,1,1,D,21,11,6,5,3,5,7,20,3,7,0,0,1.91,3.6,3.75
2526,20/09/2025,Girona,Levante,0,4,A,0,1,A,7,14,1,7,5,4,11,17,4,3,2,0,1.91,3.6,4.0
2526,20/09/2025,Real Madrid,Espanol,2,0,H,1,0,H,16,8,5,1,5,3,10,20,2,0,0,0,1.2,7.0,13.0
2526,20/09/2025,Alaves,Sevilla,1,2,A,1,1,D,8,9,5,3,4,4,20,19,1,7,0,0,2.25,3.1,3.5
2526,20/09/2025,Villarreal,Osasuna,2,1,H,0,1,A,26,6,8,3,7,0,10,11,2,3,0,1,1.55,4.33,5.5
2526,20/09/2025,Valencia,Ath Bilbao,2,0,H,0,0,D,13,11,5,5,5,6,13,6,1,1,0,1,3.0,3.0,2.55
2526,21/09/2025,Vallecano,Celta,1,1,D,0,0,D,15,9,5,5,5,7,8,10,1,1,0,0,2.3,3.3,3.2
2526,21/09/2025,Mallorca,Ath Madrid,1,1,D,0,0,D,8,12,3,7,3,6,14,6,0,0,0,1,5.0,3.6,1.75
2526,21/09/2025,Elche,Oviedo,1,0,H,1,0,H,15,12,5,4,3,3,9,18,2,2,0,0,1.91,3.2,4.5
2526,21/09/2025,Barcelona,Getafe,3,0,H,2,0,H,16,3,7,2,3,2,9,15,2,4,0,0,1.22,6.5,12.0
2526,23/09/2025,Ath Bilbao,Girona,1,1,D,0,1,A,17,6,5,3,8,1,19,15,0,2,0,0,1.45,4.33,7.0
2526,23/09/2025,Espanol,Valencia,2,2,D,0,1,A,21,5,10,2,8,3,9,9,1,4,0,0,2.25,3.1,3.4
2526,23/09/2025,Levante,Real Madrid,1,4,A,0,2,A,11,24,2,10,1,7,17,9,1,1,0,0,7.5,5.75,1.33
2526,23/09/2025,Sevilla,Villarreal,1,2,A,0,1,A,16,12,2,5,3,3,17,14,2,3,0,0,3.1,3.4,2.3
2526,24/09/2025,Getafe,Alaves,1,1,D,0,0,D,7,10,1,4,2,7,14,20,2,3,0,0,2.3,2.9,3.6
2526,24/09/2025,Ath Madrid,Vallecano,3,2,H,1,1,D,20,9,8,3,8,6,6,12,3,4,0,0,1.5,4.5,6.0
2526,24/09/2025,Sociedad,Mallorca,1,0,H,0,0,D,17,7,4,3,11,2,13,15,2,2,0,0,1.8,3.4,4.75
2526,25/09/2025,Osasuna,Elche,1,1,D,1,0,H,9,12,2,4,2,3,19,13,2,2,0,0,1.95,3.25,4.33
2526,25/09/2025,Oviedo,Barcelona,1,3,A,1,0,H,7,22,3,10,6,9,10,6,1,0,0,0,10.0,5.75,1.25
2526,26/09/2025,Girona,Espanol,0,0,D,0,0,D,12,20,3,5,8,4,9,11,0,1,0,0,2.45,3.3,2.88
2526,27/09/2025,Getafe,Levante,1,1,D,0,1,A,11,11,4,3,6,2,15,16,4,3,0,0,2.05,3.1,4.1
2526,27/09/2025,Ath Madrid,Real Madrid,5,2,H,2,2,D,13,6,7,2,7,2,17,14,5,4,0,0,3.0,3.6,2.3
2526,27/09/2025,Mallorca,Alaves,1,0,H,1,0,H,12,12,3,3,4,8,14,18,2,3,0,0,2.35,3.0,3.4
2526,27/09/2025,Villarreal,Ath Bilbao,1,0,H,0,0,D,14,16,5,4,6,5,13,11,2,0,0,0,2.1,3.25,3.7
2526,28/09/2025,Vallecano,Sevilla,0,1,A,0,0,D,18,4,6,1,12,4,12,15,3,2,1,0,2.0,3.3,4.0
2526,28/09/2025,Elche,Celta,2,1,H,1,1,D,17,8,8,2,7,2,12,20,3,3,0,0,2.88,3.1,2.6
2526,28/09/2025,Barcelona,Sociedad,2,1,H,1,1,D,22,7,12,2,12,1,6,12,1,2,0,0,1.27,5.75,10.0
2526,28/09/2025,Betis,Osasuna,2,0,H,2,0,H,12,12,6,1,5,5,6,7,0,1,0,0,1.75,3.8,4.5
2526,30/09/2025,Valencia,Oviedo,1,2,A,1,0,H,16,10,5,4,5,4,14,12,1,4,0,1,1.7,3.5,5.5
2526,03/10/2025,Osasuna,Getafe,2,1,H,1,1,D,7,6,3,2,1,6,11,14,1,4,0,0,2.15,2.9,4.1
2526,04/10/2025,Oviedo,Levante,0,2,A,0,1,A,13,14,2,5,9,3,10,10,2,2,0,0,2.5,3.3,2.88
2526,04/10/2025,Girona,Valencia,2,1,H,1,0,H,4,19,4,6,0,7,13,12,5,1,2,0,2.45,3.5,2.8
2526,04/10/2025,Ath Bilbao,Mallorca,2,1,H,1,0,H,18,7,5,2,7,2,16,13,5,6,0,1,1.53,3.8,7.0
2526,04/10/2025,Real Madrid,Villarreal,3,1,H,0,0,D,26,9,7,2,4,0,9,14,2,4,0,1,1.45,5.0,6.0
2526,05/10/2025,Alaves,Elche,3,1,H,0,0,D,25,6,5,3,14,4,13,9,3,1,0,1,2.3,3.1,3.3
2526,05/10/2025,Sevilla,Barcelona,4,1,H,2,1,H,13,17,5,8,7,6,18,9,7,5,0,0,5.75,5.25,1.45
2526,05/10/2025,Espanol,Betis,1,2,A,1,0,H,14,12,5,3,10,5,16,4,2,6,0,0,2.63,3.4,2.63
2526,05/10/2025,Sociedad,Vallecano,0,1,A,0,0,D,10,7,3,2,7,5,13,21,1,2,0,0,2.05,3.6,3.5
2526,05/10/2025,Celta,Ath Madrid,1,1,D,0,1,A,18,6,4,1,6,3,7,10,1,3,0,1,4.5,3.8,1.75
2526,17/10/2025,Oviedo,Espanol,0,2,A,0,0,D,13,19,4,10,3,5,9,8,2,1,0,0,3.0,3.1,2.5
2526,18/10/2025,Sevilla,Mallorca,1,3,A,1,0,H,13,7,4,6,9,2,16,13,2,1,0,0,1.85,3.3,4.75
2526,18/10/2025,Barcelona,Girona,2,1,H,1,1,D,27,11,9,4,11,5,10,7,1,2,0,0,1.2,7.0,12.0
2526,18/10/2025,Villarreal,Betis,2,2,D,1,0,H,7,16,3,3,5,6,13,10,1,1,0,0,1.91,3.6,4.0
2526,18/10/2025,Ath Madrid,Osasuna,1,0,H,0,0,D,18,9,9,2,4,2,10,11,1,3,0,0,1.38,4.75,8.5
2526,19/10/2025,Elche,Ath Bilbao,0,0,D,0,0,D,15,4,5,1,6,2,14,20,2,3,0,0,3.75,3.25,2.1
2526,19/10/2025,Celta,Sociedad,1,1,D,1,0,H,4,17,1,7,1,10,10,20,4,3,1,0,2.1,3.4,3.5
2526,19/10/2025,Levante,Vallecano,0,3,A,0,2,A,17,10,4,5,11,4,6,18,0,1,0,0,2.88,3.25,2.5
2526,19/10/2025,Getafe,Real Madrid,0,1,A,0,0,D,7,23,1,10,1,4,27,11,4,1,2,0,8.0,4.33,1.42
2526,20/10/2025,Alaves,Valencia,0,0,D,0,0,D,13,5,3,2,7,0,13,20,1,2,0,0,2.25,3.0,3.6
2526,24/10/2025,Sociedad,Sevilla,2,1,H,2,1,H,5,6,3,1,1,9,19,14,1,3,0,0,1.95,3.5,3.8
2526,25/10/2025,Girona,Oviedo,3,3,D,0,1,A,8,10,6,5,11,4,13,16,4,3,0,0,1.8,3.5,4.75
2526,25/10/2025,Espanol,Elche,1,0,H,0,0,D,16,13,7,4,4,2,14,15,4,2,0,0,1.95,3.25,4.1
2526,25/10/2025,Ath Bilbao,Getafe,0,1,A,0,0,D,7,8,4,3,1,5,15,14,1,3,0,0,1.67,3.5,6.0
2526,25/10/2025,Valencia,Villarreal,0,2,A,0,1,A,15,12,3,5,7,5,13,14,2,4,0,0,3.1,3.6,2.2
2526,26/10/2025,Mallorca,Levante,1,1,D,0,1,A,20,13,4,5,5,4,8,13,3,2,0,0,2.1,3.3,3.6
2526,26/10/2025,Real Madrid,Barcelona,2,1,H,2,1,H,23,15,10,6,12,4,12,9,5,5,1,1,1.95,4.1,3.3
2526,26/10/2025,Osasuna,Celta,2,3,A,2,1,H,17,11,7,5,6,2,10,13,3,4,0,0,2.35,3.2,3.2
2526,26/10/2025,Vallecano,Alaves,1,0,H,0,0,D,15,12,5,2,7,5,13,11,1,3,0,0,2.1,3.1,3.9
2526,27/10/2025,Betis,Ath Madrid,0,2,A,0,2,A,17,9,5,4,2,5,9,18,2,1,0,0,3.1,3.6,2.2
2526,31/10/2025,Getafe,Girona,2,1,H,0,0,D,12,8,4,4,8,3,17,15,1,1,0,0,2.15,3.0,3.8
2526,01/11/2025,Villarreal,Vallecano,4,0,H,1,0,H,16,13,7,3,3,5,7,11,1,1,0,0,1.7,3.8,5.0
2526,01/11/2025,Ath Madrid,Sevilla,3,0,H,0,0,D,15,10,6,2,9,4,9,12,0,3,0,0,1.33,5.0,9.0
2526,01/11/2025,Sociedad,Ath Bilbao,3,2,H,1,1,D,9,11,5,4,6,2,20,8,2,3,0,0,2.7,3.0,2.8
2526,01/11/2025,Real Madrid,Valencia,4,0,H,3,0,H,21,4,11,1,7,1,14,7,1,1,0,0,1.17,8.0,15.0
2526,02/11/2025,Levante,Celta,1,2,A,0,1,A,9,20,3,6,4,4,10,12,2,3,1,0,2.88,3.4,2.45
2526,02/11/2025,Alaves,Espanol,2,1,H,2,0,H,13,18,4,2,1,6,14,12,4,2,1,0,2.38,3.0,3.3
2526,02/11/2025,Barcelona,Elche,3,1,H,2,1,H,17,9,5,3,6,3,12,16,0,1,0,0,1.22,6.25,12.0
2526,02/11/2025,Betis,Mallorca,3,0,H,3,0,H,15,14,8,1,4,5,9,8,0,3,0,0,1.57,4.2,5.25
2526,03/11/2025,Oviedo,Osasuna,0,0,D,0,0,D,8,11,2,5,4,2,17,17,3,1,0,0,3.0,3.1,2.5
2526,07/11/2025,Elche,Sociedad,1,1,D,0,0,D,12,13,3,5,1,3,14,15,1,3,0,0,2.7,3.2,2.7
2526,08/11/2025,Girona,Alaves,1,0,H,1,0,H,10,14,2,5,6,1,9,15,0,3,0,0,2.4,3.25,3.0
2526,08/11/2025,Sevilla,Osasuna,1,0,H,0,0,D,10,9,4,3,5,6,21,13,5,3,0,0,2.15,3.3,3.5
2526,08/11/2025,Ath Madrid,Levante,3,1,H,1,1,D,25,6,10,3,21,4,5,6,3,1,0,0,1.22,6.5,12.0
2526,08/11/2025,Espanol,Villarreal,0,2,A,0,1,A,14,9,3,3,4,2,9,9,0,2,0,0,2.8,3.5,2.38
2526,09/11/2025,Ath Bilbao,Oviedo,1,0,H,1,0,H,21,5,7,2,7,4,12,8,1,1,0,0,1.5,3.8,8.0
2526,09/11/2025,Vallecano,Real Madrid,0,0,D,0,0,D,13,21,2,5,5,8,17,7,3,2,0,0,5.25,5.0,1.5
2526,09/11/2025,Mallorca,Getafe,1,0,H,1,0,H,6,14,4,3,1,14,15,8,0,2,0,0,2.5,2.9,3.2
2526,09/11/2025,Valencia,Betis,1,1,D,0,0,D,17,9,4,2,7,2,13,10,3,3,0,0,3.3,3.4,2.2
2526,09/11/2025,Celta,Barcelona,2,4,A,2,3,A,5,21,3,9,2,5,13,10,1,5,0,1,4.5,4.2,1.65
2526,21/11/2025,Valencia,Levante,1,0,H,0,0,D,14,8,3,1,7,0,16,15,4,3,0,0,2.0,3.5,3.7
2526,22/11/2025,Alaves,Celta,0,1,A,0,0,D,5,7,2,4,4,2,21,15,2,2,0,0,2.6,3.0,2.9
2526,22/11/2025,Barcelona,Ath Bilbao,4,0,H,2,0,H,19,13,7,2,5,7,9,9,0,2,0,1,1.36,5.5,7.0
2526,22/11/2025,Osasuna,Sociedad,1,3,A,1,0,H,14,19,4,9,3,3,13,7,3,2,1,0,2.8,3.1,2.7
2526,22/11/2025,Villarreal,Mallorca,2,1,H,1,1,D,14,9,7,3,3,1,17,8,2,2,0,0,1.44,4.75,7.0
2526,23/11/2025,Oviedo,Vallecano,0,0,D,0,0,D,8,11,3,3,5,6,11,13,1,2,1,1,3.5,3.2,2.2
2526,23/11/2025,Betis,Girona,1,1,D,0,1,A,23,11,7,4,8,0,10,16,3,4,1,0,1.53,4.33,5.75
2526,23/11/2025,Getafe,Ath Madrid,0,1,A,0,0,D,9,13,1,6,6,7,9,17,2,3,0,0,5.25,3.5,1.73
2526,23/11/2025,Elche,Real Madrid,2,2,D,0,0,D,15,20,6,7,2,8,10,8,4,0,1,0,7.0,5.25,1.38
2526,24/11/2025,Espanol,Sevilla,2,1,H,0,0,D,8,22,5,6,4,13,18,7,4,1,0,0,2.05,3.3,3.8
2526,28/11/2025,Getafe,Elche,1,0,H,0,0,D,15,9,6,4,3,5,18,11,2,2,0,0,2.25,2.88,3.8
2526,29/11/2025,Mallorca,Osasuna,2,2,D,0,0,D,7,14,4,2,2,8,10,15,3,4,0,0,2.35,3.0,3.4
2526,29/11/2025,Barcelona,Alaves,3,1,H,2,1,H,18,9,6,2,5,4,10,17,2,3,0,0,1.2,7.0,13.0
2526,29/11/2025,Levante,Ath Bilbao,0,2,A,0,2,A,11,14,4,4,4,2,11,19,3,2,0,0,3.5,3.3,2.15
2526,29/11/2025,Ath Madrid,Oviedo,2,0,H,2,0,H,14,12,8,1,7,2,5,8,0,1,0,0,1.2,6.25,17.0
2526,30/11/2025,Sociedad,Villarreal,2,3,A,0,1,A,18,10,7,5,8,2,15,18,3,7,0,0,2.8,3.4,2.45
2526,30/11/2025,Sevilla,Betis,0,2,A,0,0,D,9,9,3,4,6,4,14,22,2,3,1,0,3.0,3.3,2.38
2526,30/11/2025,Celta,Espanol,0,1,A,0,0,D,11,9,4,2,4,3,12,15,1,2,0,0,2.05,3.5,3.5
2526,30/11/2025,Girona,Real Madrid,1,1,D,1,0,H,10,25,4,4,2,5,9,13,3,0,0,0,6.5,5.25,1.4
2526,01/12/2025,Vallecano,Valencia,1,1,D,1,0,H,19,10,7,2,10,5,11,9,1,1,0,0,1.95,3.4,4.1
2526,02/12/2025,Barcelona,Ath Madrid,3,1,H,1,1,D,19,7,6,2,5,4,12,9,1,1,0,0,1.73,4.2,4.1
2526,03/12/2025,Ath Bilbao,Real Madrid,0,3,A,0,2,A,9,13,4,8,5,7,15,4,2,0,0,0,4.1,3.9,1.8
2526,05/12/2025,Oviedo,Mallorca,0,0,D,0,0,D,15,13,3,6,8,5,14,12,2,1,2,0,2.55,3.0,3.0
2526,06/12/2025,Villarreal,Getafe,2,0,H,1,0,H,10,6,5,0,5,3,19,15,2,4,0,1,1.62,3.8,5.75
2526,06/12/2025,Alaves,Sociedad,1,0,H,1,0,H,14,10,3,1,5,8,20,16,2,2,0,0,2.8,2.9,2.8
2526,06/12/2025,Betis,Barcelona,3,5,A,1,4,A,17,16,5,8,7,7,14,9,5,2,0,0,4.0,4.5,1.73
2526,06/12/2025,Ath Bilbao,Ath Madrid,1,0,H,0,0,D,14,7,3,3,5,6,9,12,3,2,0,0,3.25,3.25,2.25
2526,07/12/2025,Elche,Girona,3,0,H,1,0,H,11,8,6,4,2,2,18,13,0,3,0,0,2.15,3.3,3.5
2526,07/12/2025,Valencia,Sevilla,1,1,D,0,0,D,11,4,3,1,2,2,12,18,3,6,0,0,2.15,3.4,3.4
2526,07/12/2025,Espanol,Vallecano,1,0,H,1,0,H,9,6,2,2,6,2,19,22,4,8,1,1,2.25,3.4,3.2
2526,07/12/2025,Real Madrid,Celta,0,2,A,0,0,D,23,7,7,5,8,1,6,12,6,1,3,0,1.3,5.5,9.5
2526,08/12/2025,Osasuna,Levante,2,0,H,2,0,H,14,11,6,5,3,3,15,7,2,2,0,0,1.73,3.8,4.5
2526,12/12/2025,Sociedad,Girona,1,2,A,1,0,H,9,14,4,3,4,3,20,5,1,2,0,0,1.75,3.9,4.5
2526,13/12/2025,Ath Madrid,Valencia,2,1,H,1,0,H,10,13,6,2,5,7,13,11,3,1,0,0,1.3,5.0,11.0
2526,13/12/2025,Mallorca,Elche,3,1,H,1,1,D,15,9,8,0,1,1,13,13,3,0,0,0,2.45,3.1,3.1
2526,13/12/2025,Barcelona,Osasuna,2,0,H,0,0,D,24,3,7,2,14,1,5,8,0,3,0,0,1.2,7.0,12.0
2526,13/12/2025,Getafe,Espanol,0,1,A,0,0,D,11,6,1,4,6,4,18,17,5,1,0,0,2.5,2.8,3.25
2526,14/12/2025,Sevilla,Oviedo,4,0,H,2,0,H,13,5,7,1,5,3,11,12,1,2,0,1,1.91,3.4,4.2
2526,14/12/2025,Celta,Ath Bilbao,2,0,H,0,0,D,5,14,2,2,1,4,11,13,3,2,0,0,2.63,3.25,2.75
2526,14/12/2025,Alaves,Real Madrid,1,2,A,0,1,A,6,13,2,6,5,7,12,13,3,1,0,0,5.5,4.0,1.6
2526,15/12/2025,Vallecano,Betis,0,0,D,0,0,D,23,13,7,6,8,3,10,7,4,1,0,0,2.55,3.4,2.75
2526,19/12/2025,Valencia,Mallorca,1,1,D,0,1,A,17,4,2,2,12,3,10,12,2,3,0,0,1.9,3.0,4.0
2526,20/12/2025,Oviedo,Celta,0,0,D,0,0,D,10,6,3,2,4,3,14,7,2,1,0,0,3.6,3.4,2.05
2526,20/12/2025,Levante,Sociedad,1,1,D,0,1,A,13,18,3,6,7,10,16,13,6,2,0,0,3.4,3.4,2.15
2526,20/12/2025,Osasuna,Alaves,3,0,H,0,0,D,16,7,7,3,9,0,16,11,2,2,0,0,2.2,3.0,3.7
2526,20/12/2025,Real Madrid,Sevilla,2,0,H,1,0,H,18,14,8,5,6,5,13,19,2,5,0,1,1.2,7.0,12.0
2526,21/12/2025,Girona,Ath Madrid,0,3,A,0,2,A,9,14,2,6,3,4,7,14,2,0,0,0,5.0,4.0,1.67
2526,21/12/2025,Villarreal,Barcelona,0,2,A,0,1,A,14,19,5,5,5,10,10,8,1,1,1,0,3.4,4.75,1.83
2526,21/12/2025,Elche,Vallecano,4,0,H,1,0,H,18,18,6,8,4,5,15,11,2,3,0,0,2.4,3.1,3.2
2526,21/12/2025,Betis,Getafe,4,0,H,1,0,H,19,15,8,3,7,5,13,12,0,1,0,0,1.7,3.5,5.5
2526,22/12/2025,Ath Bilbao,Espanol,1,2,A,1,1,D,17,10,7,5,8,4,10,9,5,2,0,0,1.75,3.6,5.0
2526,02/01/2026,Vallecano,Getafe,1,1,D,1,0,H,13,12,4,4,3,2,13,10,3,4,0,0,2.05,2.9,4.5
2526,03/01/2026,Celta,Valencia,4,1,H,1,0,H,12,16,6,5,2,4,10,9,1,3,0,0,2.0,3.3,4.0
2526,03/01/2026,Osasuna,Ath Bilbao,1,1,D,1,0,H,11,16,4,6,1,9,12,19,3,3,0,0,3.0,2.9,2.63
2526,03/01/2026,Elche,Villarreal,1,3,A,1,2,A,15,12,2,4,6,2,8,11,3,3,0,0,3.2,3.5,2.2
2526,03/01/2026,Espanol,Barcelona,0,2,A,0,0,D,14,15,7,6,5,7,10,14,1,0,0,0,5.25,4.75,1.5
2526,04/01/2026,Sevilla,Levante,0,3,A,0,1,A,15,6,7,4,5,1,16,10,3,4,0,0,1.75,3.6,4.75
2526,04/01/2026,Real Madrid,Betis,5,1,H,1,0,H,19,13,9,5,5,8,10,12,1,1,0,0,1.45,4.75,6.25
2526,04/01/2026,Alaves,Oviedo,1,1,D,0,0,D,18,18,7,6,6,7,11,20,3,3,1,1,1.9,3.0,5.25
2526,04/01/2026,Mallorca,Girona,1,2,A,0,1,A,9,9,2,4,3,6,10,14,2,1,0,0,2.25,3.2,3.4
2526,04/01/2026,Sociedad,Ath Madrid,1,1,D,0,0,D,18,10,8,2,6,6,11,13,3,2,0,0,3.9,3.6,1.91
2526,09/01/2026,Getafe,Sociedad,1,2,A,0,1,A,6,12,3,5,2,4,17,17,2,1,0,0,3.3,2.9,2.45
2526,10/01/2026,Oviedo,Betis,1,1,D,0,0,D,13,15,3,6,5,2,15,8,3,1,0,0,4.2,3.5,1.91
2526,10/01/2026,Villarreal,Alaves,3,1,H,0,0,D,11,16,4,5,1,6,10,14,0,2,0,0,1.45,4.33,7.0
2526,10/01/2026,Girona,Osasuna,1,0,H,1,0,H,8,13,4,1,2,1,14,13,2,6,1,0,2.35,3.25,3.1
2526,10/01/2026,Valencia,Elche,1,1,D,0,0,D,16,5,4,1,8,6,14,14,2,3,0,0,2.2,3.2,3.5
2526,11/01/2026,Vallecano,Mallorca,2,1,H,2,1,H,14,9,5,2,6,5,14,14,1,5,1,0,1.91,3.3,4.33
2526,11/01/2026,Levante,Espanol,1,1,D,0,0,D,8,19,2,3,4,3,10,9,0,1,0,0,3.1,3.3,2.35
2526,12/01/2026,Sevilla,Celta,0,1,A,0,0,D,7,9,2,7,6,1,16,16,3,3,0,0,2.6,3.3,2.75
2526,16/01/2026,Espanol,Girona,0,2,A,0,1,A,14,7,2,4,5,4,17,17,5,5,0,0,1.85,3.4,4.5
2526,17/01/2026,Real Madrid,Levante,2,0,H,0,0,D,26,10,11,0,8,0,12,14,2,1,0,0,1.17,8.0,15.0
2526,17/01/2026,Mallorca,Ath Bilbao,3,2,H,2,2,D,18,21,9,11,3,7,10,10,1,5,0,2,3.8,2.9,2.25
2526,17/01/2026,Osasuna,Oviedo,3,2,H,1,1,D,16,13,5,5,3,6,14,15,1,4,1,0,1.75,3.4,5.25
2526,17/01/2026,Betis,Villarreal,2,0,H,0,0,D,15,9,6,3,2,3,14,13,3,2,0,1,2.6,3.5,2.63
2526,18/01/2026,Getafe,Valencia,0,1,A,0,0,D,14,7,3,1,9,3,8,18,2,3,0,1,2.55,2.75,3.4
2526,18/01/2026,Ath Madrid,Alaves,1,0,H,0,0,D,23,8,6,0,6,6,13,5,1,1,0,0,1.3,5.25,10.0
2526,18/01/2026,Celta,Vallecano,3,0,H,1,0,H,11,14,7,3,5,7,7,14,4,3,0,1,2.05,3.2,4.0
2526,18/01/2026,Sociedad,Barcelona,2,1,H,1,0,H,8,25,6,9,6,8,13,8,3,3,1,0,5.0,4.5,1.55
2526,19/01/2026,Elche,Sevilla,2,2,D,1,0,H,10,25,5,8,9,7,11,12,3,1,0,0,2.25,3.3,3.25
2526,23/01/2026,Levante,Elche,3,2,H,0,1,A,26,6,6,3,9,1,13,13,2,3,0,0,2.2,3.3,3.2
2526,24/01/2026,Vallecano,Osasuna,1,3,A,0,1,A,11,14,4,5,4,3,12,15,2,2,0,0,2.15,3.25,3.6
2526,24/01/2026,Valencia,Espanol,3,2,H,1,0,H,10,16,5,6,2,7,13,10,1,5,0,0,2.45,3.1,3.1
2526,24/01/2026,Sevilla,Ath Bilbao,2,1,H,1,1,D,10,15,7,3,5,5,16,12,2,1,0,0,2.88,3.0,2.63
2526,24/01/2026,Villarreal,Real Madrid,0,2,A,0,0,D,8,14,1,4,6,6,19,10,3,1,0,0,3.4,3.9,2.0
2526,25/01/2026,Ath Madrid,Mallorca,3,0,H,1,0,H,17,6,8,1,10,3,10,7,2,1,0,0,1.3,5.25,10.0
2526,25/01/2026,Barcelona,Oviedo,3,0,H,0,0,D,15,12,7,3,10,1,8,21,1,2,0,0,1.11,10.0,19.0
2526,25/01/2026,Sociedad,Celta,3,1,H,1,0,H,10,17,4,4,2,9,7,13,1,1,1,0,2.0,3.4,3.9
2526,25/01/2026,Alaves,Betis,2,1,H,1,0,H,17,18,9,4,6,4,17,11,1,1,0,0,2.75,3.0,2.7
2526,26/01/2026,Girona,Getafe,1,1,D,0,0,D,12,8,4,2,3,4,13,15,5,3,0,0,2.1,3.0,4.1
2526,30/01/2026,Espanol,Alaves,1,2,A,1,1,D,10,11,3,7,4,2,15,15,0,1,0,0,1.95,3.0,4.5
2526,31/01/2026,Oviedo,Girona,1,0,H,0,0,D,8,9,4,1,4,4,12,16,1,1,0,0,2.75,3.0,2.75
2526,31/01/2026,Osasuna,Villarreal,2,2,D,2,1,H,15,5,5,4,6,2,15,7,2,2,0,0,2.75,3.3,2.55
2526,31/01/2026,Levante,Ath Madrid,0,0,D,0,0,D,10,10,2,4,4,7,11,12,2,1,0,0,5.25,4.0,1.62
2526,31/01/2026,Elche,Barcelona,1,3,A,1,2,A,9,30,3,8,2,8,15,9,2,1,0,0,7.5,5.75,1.33
2526,01/02/2026,Real Madrid,Vallecano,2,1,H,1,0,H,16,11,6,4,9,4,6,18,2,8,0,2,1.25,6.0,12.0
2526,01/02/2026,Betis,Valencia,2,1,H,1,1,D,14,15,2,4,3,5,15,13,0,4,0,0,1.83,3.5,4.5
2526,01/02/2026,Getafe,Celta,0,0,D,0,0,D,9,5,2,1,5,3,16,14,1,2,0,0,2.8,2.9,2.8
2526,01/02/2026,Ath Bilbao,Sociedad,1,1,D,0,1,A,19,9,4,6,6,3,14,14,4,2,0,1,2.3,3.1,3.4
2526,02/02/2026,Mallorca,Sevilla,4,1,H,1,1,D,11,15,7,5,4,8,16,8,1,1,0,0,2.4,3.2,3.1
2526,06/02/2026,Celta,Osasuna,1,2,A,0,1,A,18,8,4,2,7,3,9,14,2,2,0,0,1.95,3.3,4.1
2526,07/02/2026,Barcelona,Mallorca,3,0,H,1,0,H,24,9,7,4,12,3,7,9,0,0,0,0,1.14,9.0,15.0
2526,07/02/2026,Sociedad,Elche,3,1,H,2,1,H,11,11,3,5,2,4,14,8,0,4,0,0,1.67,4.0,5.0
2526,08/02/2026,Alaves,Getafe,0,2,A,0,0,D,13,17,5,5,6,3,20,20,2,5,0,0,2.3,2.8,3.9
2526,08/02/2026,Ath Bilbao,Levante,4,2,H,2,0,H,22,6,7,3,4,3,17,10,2,1,0,1,1.62,3.9,6.0
2526,08/02/2026,Sevilla,Girona,1,1,D,0,1,A,11,15,3,6,5,7,16,13,3,3,0,0,2.15,3.3,3.5
2526,08/02/2026,Ath Madrid,Betis,0,1,A,0,1,A,10,8,5,4,7,3,12,3,3,1,0,0,1.48,4.75,6.25
2526,08/02/2026,Valencia,Real Madrid,0,2,A,0,0,D,7,11,0,6,5,8,10,13,1,1,0,0,5.25,4.75,1.55
2526,09/02/2026,Villarreal,Espanol,4,1,H,2,0,H,10,9,3,2,5,8,18,11,3,3,0,0,1.7,4.33,4.33
2526,13/02/2026,Elche,Osasuna,0,0,D,0,0,D,17,6,5,2,10,3,13,18,2,4,0,0,2.7,3.3,2.55
2526,14/02/2026,Espanol,Celta,2,2,D,0,1,A,9,14,3,5,2,2,9,11,1,0,0,0,2.35,3.2,3.0
2526,14/02/2026,Getafe,Villarreal,2,1,H,1,0,H,5,8,2,2,3,4,21,17,2,3,0,0,3.25,3.1,2.25
2526,14/02/2026,Sevilla,Alaves,1,1,D,1,0,H,4,12,2,1,0,3,16,13,5,0,2,0,2.1,3.1,3.6
2526,14/02/2026,Real Madrid,Sociedad,4,1,H,3,1,H,11,13,5,3,4,6,10,9,1,1,0,0,1.33,5.25,8.0
2526,15/02/2026,Oviedo,Ath Bilbao,1,2,A,1,0,H,7,13,1,4,2,3,8,20,2,3,0,0,3.6,3.1,2.15
2526,15/02/2026,Vallecano,Ath Madrid,3,0,H,2,0,H,13,9,9,3,4,8,10,13,1,3,0,0,4.2,3.3,1.83
2526,15/02/2026,Levante,Valencia,0,2,A,0,0,D,9,5,1,2,3,2,11,10,3,2,1,0,2.63,3.25,2.6
2526,15/02/2026,Mallorca,Betis,1,2,A,0,2,A,14,17,3,8,7,3,16,10,4,3,0,0,2.88,3.2,2.45
2526,16/02/2026,Girona,Barcelona,2,1,H,0,0,D,13,27,9,4,3,7,10,6,1,2,1,0,7.0,5.0,1.36
2526,18/02/2026,Levante,Villarreal,0,1,A,0,0,D,16,15,4,6,3,2,13,20,3,4,0,0,4.0,4.0,1.8
2526,20/02/2026,Ath Bilbao,Elche,2,1,H,0,0,D,18,2,8,2,4,1,18,9,3,3,0,0,1.67,3.8,5.25
2526,21/02/2026,Sociedad,Oviedo,3,3,D,0,0,D,15,14,8,6,7,6,13,16,2,1,0,0,1.48,3.9,7.5
2526,21/02/2026,Betis,Vallecano,1,1,D,1,1,D,14,12,3,3,3,5,14,13,4,3,0,0,1.9,3.4,4.33
2526,21/02/2026,Osasuna,Real Madrid,2,1,H,1,0,H,13,15,2,5,3,7,19,10,2,4,0,0,4.75,4.0,1.7
2526,21/02/2026,Ath Madrid,Espanol,4,2,H,1,1,D,18,8,9,2,5,3,8,10,0,1,0,0,1.5,4.1,7.0
2526,22/02/2026,Getafe,Sevilla,0,1,A,0,0,D,6,6,3,1,2,2,5,18,1,1,1,0,2.35,2.9,3.5
2526,22/02/2026,Barcelona,Levante,3,0,H,2,0,H,22,5,9,2,13,6,12,10,2,1,0,0,1.11,11.0,15.0
2526,22/02/2026,Celta,Mallorca,2,0,H,0,0,D,20,1,7,0,7,2,11,10,1,5,0,0,1.83,3.5,4.5
2526,22/02/2026,Villarreal,Valencia,2,1,H,2,1,H,12,8,5,3,5,4,7,16,2,4,0,0,1.7,4.0,4.5
2526,23/02/2026,Alaves,Girona,2,2,D,1,1,D,17,10,6,5,7,6,18,6,2,2,0,0,2.3,3.0,3.5
2526,27/02/2026,Levante,Alaves,2,0,H,0,0,D,22,17,5,7,10,6,14,16,1,6,0,1,2.63,3.1,2.8
2526,28/02/2026,Vallecano,Ath Bilbao,1,1,D,1,0,H,15,8,7,2,5,4,8,17,2,3,0,0,2.4,3.1,3.2
2526,28/02/2026,Barcelona,Villarreal,4,1,H,2,0,H,19,6,8,1,3,2,11,9,2,1,0,0,1.3,6.5,7.0
2526,28/02/2026,Mallorca,Sociedad,0,1,A,0,1,A,6,12,1,2,3,7,6,22,0,2,0,0,3.0,3.3,2.4
2526,28/02/2026,Oviedo,Ath Madrid,0,1,A,0,0,D,16,12,6,1,8,3,12,6,2,2,0,0,5.75,3.6,1.67
2526,01/03/2026,Elche,Espanol,2,2,D,1,1,D,17,9,9,4,3,1,14,23,1,6,0,1,2.38,3.3,3.0
2526,01/03/2026,Valencia,Osasuna,1,0,H,0,0,D,14,8,1,0,5,4,14,13,3,3,0,0,2.35,3.2,3.25
2526,01/03/2026,Betis,Sevilla,2,2,D,2,0,H,9,14,2,6,4,3,12,15,3,3,0,0,1.75,3.8,4.5
2526,01/03/2026,Girona,Celta,1,2,A,1,0,H,15,7,7,5,10,6,9,8,2,2,0,0,2.38,3.3,3.0
2526,02/03/2026,Real Madrid,Getafe,0,1,A,0,1,A,18,9,7,3,10,2,11,17,4,6,1,1,1.3,5.5,10.0
2526,04/03/2026,Vallecano,Oviedo,3,0,H,1,0,H,19,8,7,2,12,2,10,10,0,2,0,0,1.67,3.75,5.25
2526,06/03/2026,Celta,Real Madrid,1,2,A,1,1,D,8,14,4,3,1,6,4,12,1,2,0,0,3.1,3.3,2.3
2526,07/03/2026,Osasuna,Mallorca,2,2,D,0,1,A,22,8,5,4,8,0,11,12,2,5,1,1,1.73,3.6,5.0
2526,07/03/2026,Levante,Girona,1,1,D,0,0,D,14,22,4,5,2,3,15,9,2,2,1,0,2.8,3.4,2.45
2526,07/03/2026,Ath Madrid,Sociedad,3,2,H,1,1,D,24,7,9,3,8,1,6,10,1,1,0,0,1.62,3.9,5.25
2526,07/03/2026,Ath Bilbao,Barcelona,0,1,A,0,0,D,10,7,3,2,2,4,11,9,2,1,0,0,4.75,4.5,1.62
2526,08/03/2026,Villarreal,Elche,2,1,H,2,0,H,16,13,7,6,4,6,11,16,1,2,0,0,1.5,4.5,6.0
2526,08/03/2026,Getafe,Betis,2,0,H,2,0,H,9,14,5,5,3,8,19,8,3,2,0,0,2.8,2.9,2.8
2526,08/03/2026,Sevilla,Vallecano,1,1,D,1,0,H,11,9,2,2,6,2,13,15,1,3,0,0,2.55,3.1,3.0
2526,08/03/2026,Valencia,Alaves,3,2,H,0,1,A,19,10,8,4,10,2,9,17,1,6,0,2,2.05,3.1,4.1
2526,09/03/2026,Espanol,Oviedo,1,1,D,1,1,D,28,6,9,3,8,0,19,13,3,2,0,0,1.85,3.4,4.33
2526,13/03/2026,Alaves,Villarreal,1,1,D,1,0,H,8,10,0,4,5,2,19,11,4,1,0,0,3.25,3.4,2.2
2526,14/03/2026,Girona,Ath Bilbao,3,0,H,1,0,H,14,20,6,9,2,9,8,16,0,2,0,0,2.75,3.4,2.5
2526,14/03/2026,Ath Madrid,Getafe,1,0,H,1,0,H,16,7,5,3,10,3,11,11,3,3,0,1,1.57,3.8,6.5
2526,14/03/2026,Oviedo,Valencia,1,0,H,1,0,H,11,13,6,2,4,7,12,11,3,2,0,0,2.88,3.2,2.55
2526,14/03/2026,Real Madrid,Elche,4,1,H,2,0,H,14,11,6,1,5,4,11,21,1,3,0,0,1.33,5.5,7.5
2526,15/03/2026,Mallorca,Espanol,2,1,H,0,1,A,26,10,12,2,5,6,11,14,3,3,0,1,2.3,3.2,3.3
2526,15/03/2026,Barcelona,Sevilla,5,2,H,3,1,H,13,8,8,4,3,4,5,14,0,1,0,0,1.25,6.5,10.0
2526,15/03/2026,Betis,Celta,1,1,D,0,1,A,19,7,6,3,3,4,11,16,2,3,0,0,2.2,3.3,3.4
2526,15/03/2026,Sociedad,Osasuna,3,1,H,2,0,H,14,13,6,5,3,5,16,11,3,0,0,0,1.83,3.5,4.33
2526,16/03/2026,Vallecano,Levante,1,1,D,0,1,A,18,19,4,5,5,6,10,13,3,5,1,0,1.7,3.75,5.0
2526,20/03/2026,Villarreal,Sociedad,3,1,H,3,0,H,21,11,10,4,4,5,10,11,0,2,0,0,1.91,3.7,3.9
2526,21/03/2026,Elche,Mallorca,2,1,H,0,0,D,13,11,4,4,2,2,12,11,2,2,0,0,2.1,3.3,3.6
2526,21/03/2026,Espanol,Getafe,1,2,A,0,2,A,15,10,5,5,12,9,14,20,2,7,0,0,2.35,3.0,3.4
2526,21/03/2026,Levante,Oviedo,4,2,H,2,2,D,20,10,8,2,3,1,17,18,2,3,0,0,2.2,3.3,3.4
2526,21/03/2026,Osasuna,Girona,1,0,H,0,0,D,19,5,11,0,6,2,18,7,2,1,0,0,2.15,3.4,3.4
2526,21/03/2026,Sevilla,Valencia,0,2,A,0,2,A,13,9,2,4,1,3,13,6,2,1,0,0,2.3,3.2,3.3
2526,22/03/2026,Barcelona,Vallecano,1,0,H,1,0,H,15,8,4,4,6,9,12,11,3,4,0,0,1.25,7.0,9.5
2526,22/03/2026,Celta,Alaves,3,4,A,3,1,H,12,14,5,6,4,1,13,16,2,2,0,0,1.83,3.3,5.0
2526,22/03/2026,Ath Bilbao,Betis,2,1,H,2,0,H,11,11,6,3,6,5,10,6,1,1,0,0,2.2,3.4,3.25
2526,22/03/2026,Real Madrid,Ath Madrid,3,2,H,0,1,A,17,13,10,7,4,1,2,15,1,4,1,0,1.95,4.0,3.5
2526,03/04/2026,Vallecano,Elche,1,0,H,0,0,D,21,9,5,4,9,4,17,9,0,4,0,1,1.75,3.9,4.75
2526,04/04/2026,Sociedad,Levante,2,0,H,1,0,H,18,8,5,4,11,5,11,15,2,3,0,0,1.57,4.2,5.5
2526,04/04/2026,Mallorca,Real Madrid,2,1,H,1,0,H,6,15,2,6,6,4,16,13,3,2,0,0,5.5,4.33,1.57
2526,04/04/2026,Betis,Espanol,0,0,D,0,0,D,19,8,6,1,4,3,12,18,1,3,0,0,1.73,4.0,4.75
2526,04/04/2026,Ath Madrid,Barcelona,1,2,A,1,1,D,6,22,2,8,1,9,15,11,6,2,1,0,3.1,3.8,2.15
2526,05/04/2026,Getafe,Ath Bilbao,2,0,H,1,0,H,10,5,6,0,4,3,11,11,3,1,0,0,3.0,2.88,2.7
2526,05/04/2026,Valencia,Celta,2,3,A,1,0,H,13,9,4,5,6,0,14,21,1,3,0,0,2.3,3.3,3.2
2526,05/04/2026,Oviedo,Sevilla,1,0,H,1,0,H,7,9,4,0,5,9,11,12,5,3,0,1,2.8,3.1,2.7
2526,05/04/2026,Alaves,Osasuna,2,2,D,1,1,D,18,8,6,5,7,1,7,17,2,5,0,0,2.5,3.2,2.9
2526,06/04/2026,Girona,Villarreal,1,0,H,1,0,H,10,9,2,0,7,4,8,9,2,2,0,0,3.2,3.6,2.2
2526,10/04/2026,Real Madrid,Girona,1,1,D,0,0,D,22,10,9,2,10,1,9,13,2,1,0,0,1.3,6.0,8.5
2526,11/04/2026,Sociedad,Alaves,3,3,D,2,2,D,12,12,4,2,9,5,11,18,2,4,1,0,1.73,3.7,4.75
2526,11/04/2026,Elche,Valencia,1,0,H,0,0,D,8,22,2,8,5,9,15,18,1,1,0,0,2.5,3.3,2.88
2526,11/04/2026,Barcelona,Espanol,4,1,H,2,0,H,20,10,10,2,7,5,10,18,3,6,0,0,1.29,6.0,9.0
2526,11/04/2026,Sevilla,Ath Madrid,2,1,H,2,1,H,11,13,2,2,6,6,7,12,4,4,0,0,2.7,3.1,2.8
2526,12/04/2026,Osasuna,Betis,1,1,D,1,1,D,12,8,4,3,6,3,14,12,3,4,0,0,2.2,3.4,3.3
2526,12/04/2026,Mallorca,Vallecano,3,0,H,2,0,H,12,17,4,3,6,7,13,11,1,4,0,0,2.38,3.25,3.0
2526,12/04/2026,Celta,Oviedo,0,3,A,0,2,A,9,8,6,5,4,1,9,13,1,2,0,0,1.7,3.7,5.25
2526,12/04/2026,Ath Bilbao,Villarreal,1,2,A,0,2,A,18,12,6,6,15,3,15,8,2,3,0,0,2.3,3.5,3.1
2526,13/04/2026,Levante,Getafe,1,0,H,0,0,D,22,5,4,1,8,2,12,24,2,7,0,1,2.75,3.0,2.88
2526,21/04/2026,Ath Bilbao,Osasuna,1,0,H,1,0,H,7,8,2,3,5,4,12,11,3,2,1,0,1.8,3.4,4.5
2526,21/04/2026,Mallorca,Valencia,1,1,D,0,0,D,20,10,8,3,7,4,9,12,0,2,0,0,2.6,3.1,2.88
2526,21/04/2026,Girona,Betis,2,3,A,1,1,D,9,7,2,3,3,1,11,18,1,3,0,0,2.38,3.3,3.0
2526,21/04/2026,Real Madrid,Alaves,2,1,H,1,0,H,24,19,8,5,9,6,14,12,1,1,0,0,1.22,6.5,12.0
2526,22/04/2026,Elche,Ath Madrid,3,2,H,2,2,D,14,6,6,3,13,3,11,12,2,2,0,1,2.55,3.8,2.45
2526,22/04/2026,Sociedad,Getafe,0,1,A,0,1,A,13,5,4,0,6,3,13,22,4,5,0,0,2.3,3.0,3.5
2526,22/04/2026,Barcelona,Celta,1,0,H,1,0,H,10,6,3,3,5,3,13,10,1,1,0,0,1.22,6.5,11.0
2526,23/04/2026,Levante,Sevilla,2,0,H,1,0,H,8,7,3,0,3,6,17,16,3,4,0,0,2.4,3.25,3.0
2526,23/04/2026,Vallecano,Espanol,1,0,H,0,0,D,17,15,6,4,6,5,12,15,2,4,0,0,2.1,3.25,3.75
2526,23/04/2026,Oviedo,Villarreal,1,1,D,0,1,A,16,7,4,3,7,0,9,11,1,1,0,0,3.6,3.4,2.05
2526,24/04/2026,Betis,Real Madrid,1,1,D,0,1,A,19,12,4,8,7,6,10,8,1,2,0,0,3.7,4.2,1.85
2526,25/04/2026,Alaves,Mallorca,2,1,H,0,1,A,15,4,4,2,9,4,15,14,2,1,0,0,2.2,3.0,3.8
2526,25/04/2026,Getafe,Barcelona,0,2,A,0,1,A,4,13,0,4,6,3,15,8,2,2,0,0,5.25,3.8,1.67
2526,25/04/2026,Valencia,Girona,2,1,H,0,0,D,12,7,3,4,4,4,22,8,2,2,0,0,2.1,3.4,3.5
2526,25/04/2026,Ath Madrid,Ath Bilbao,3,2,H,0,1,A,6,12,4,4,3,4,8,12,0,0,0,0,2.2,3.6,3.1
2526,26/04/2026,Vallecano,Sociedad,3,3,D,1,1,D,24,13,9,8,6,4,14,12,6,4,1,0,2.7,3.1,2.7
2526,26/04/2026,Oviedo,Elche,1,2,A,0,2,A,12,4,3,4,6,1,21,14,2,0,0,1,2.4,3.25,3.1
2526,26/04/2026,Osasuna,Sevilla,2,1,H,0,0,D,15,8,7,2,4,4,11,13,2,2,0,0,2.05,3.25,4.0
2526,26/04/2026,Villarreal,Celta,2,1,H,2,0,H,13,9,4,3,7,5,13,16,3,6,0,0,2.05,3.4,3.7
2526,27/04/2026,Espanol,Levante,0,0,D,0,0,D,9,8,3,4,4,4,12,15,3,3,1,0,2.0,3.4,3.8
2526,01/05/2026,Girona,Mallorca,0,1,A,0,1,A,14,8,4,4,5,2,8,25,4,2,0,0,2.05,3.4,3.75
2526,02/05/2026,Villarreal,Levante,5,1,H,1,0,H,20,12,8,3,7,3,14,7,3,1,0,0,1.7,4.33,4.33
2526,02/05/2026,Valencia,Ath Madrid,0,2,A,0,0,D,12,20,0,5,1,7,9,12,1,3,0,0,1.8,3.9,4.0
2526,02/05/2026,Alaves,Ath Bilbao,2,4,A,1,0,H,7,9,4,4,4,7,8,13,4,4,0,0,2.7,3.4,2.55
2526,02/05/2026,Osasuna,Barcelona,1,2,A,0,0,D,9,13,4,4,3,7,9,10,2,2,0,0,4.5,4.0,1.7
2526,03/05/2026,Celta,Elche,3,1,H,2,0,H,6,15,4,4,4,2,14,15,2,1,0,0,1.75,3.8,4.5
2526,03/05/2026,Getafe,Vallecano,0,2,A,0,1,A,13,10,3,6,4,1,7,22,3,5,0,0,1.91,3.3,4.2
2526,03/05/2026,Betis,Oviedo,3,0,H,2,0,H,10,17,5,5,5,4,9,4,0,0,0,0,1.57,4.1,5.75
2526,03/05/2026,Espanol,Real Madrid,0,2,A,0,0,D,17,15,3,5,5,6,19,16,3,4,0,0,4.5,3.9,1.73
2526,04/05/2026,Sevilla,Sociedad,1,0,H,0,0,D,19,6,5,0,3,3,19,11,3,1,0,0,2.38,3.5,2.9
2526,08/05/2026,Levante,Osasuna,3,2,H,2,2,D,35,5,12,3,15,1,11,13,2,0,0,1,2.5,3.25,2.88
2526,09/05/2026,Elche,Alaves,1,1,D,0,0,D,16,12,5,4,7,3,15,13,3,6,0,0,2.25,3.3,3.3
2526,09/05/2026,Sevilla,Espanol,2,1,H,0,0,D,21,10,6,5,4,6,14,17,5,5,0,0,2.05,3.4,3.7
2526,09/05/2026,Ath Madrid,Celta,0,1,A,0,0,D,20,3,4,1,10,0,11,13,1,2,0,0,2.05,3.5,3.5
2526,09/05/2026,Sociedad,Betis,2,2,D,0,1,A,14,14,6,6,4,3,12,9,2,3,0,1,2.55,3.5,2.7
2526,10/05/2026,Mallorca,Villarreal,1,1,D,1,1,D,18,7,8,2,5,4,17,13,2,0,0,0,2.3,3.5,3.0
2526,10/05/2026,Ath Bilbao,Valencia,0,1,A,0,0,D,14,7,4,3,13,5,9,7,2,3,0,0,1.7,3.75,5.0
2526,10/05/2026,Oviedo,Getafe,0,0,D,0,0,D,8,22,4,4,1,9,9,16,2,3,2,0,3.0,3.25,2.4
2526,10/05/2026,Barcelona,Real Madrid,2,0,H,2,0,H,10,8,7,1,4,8,18,9,2,4,0,0,1.62,5.0,4.33
2526,11/05/2026,Vallecano,Girona,1,1,D,0,0,D,18,9,5,5,9,5,10,9,1,1,0,0,2.3,3.5,3.0
2526,12/05/2026,Celta,Levante,2,3,A,1,1,D,11,14,6,6,4,4,7,10,0,2,0,0,1.8,3.8,4.2
2526,12/05/2026,Betis,Elche,2,1,H,1,1,D,16,8,7,2,8,1,16,13,3,3,0,1,1.57,4.33,5.25
2526,12/05/2026,Osasuna,Ath Madrid,1,2,A,0,1,A,23,5,5,4,8,4,15,12,6,5,0,1,2.55,3.5,2.63
2526,13/05/2026,Espanol,Ath Bilbao,2,0,H,0,0,D,12,11,5,4,8,9,9,14,0,0,0,0,2.63,3.3,2.7
2526,13/05/2026,Villarreal,Sevilla,2,3,A,2,2,D,6,13,4,5,6,4,11,9,2,1,0,0,2.1,3.3,3.6
2526,13/05/2026,Alaves,Barcelona,1,0,H,1,0,H,9,8,3,0,6,4,14,8,1,2,0,0,3.1,3.75,2.15
2526,13/05/2026,Getafe,Mallorca,3,1,H,2,0,H,6,9,4,2,3,3,17,18,3,4,0,0,2.2,3.2,3.5
2526,14/05/2026,Valencia,Vallecano,1,1,D,1,1,D,12,6,3,3,5,1,9,20,1,1,0,0,2.2,3.4,3.3
2526,14/05/2026,Girona,Sociedad,1,1,D,0,1,A,29,6,4,2,6,3,13,19,2,7,0,0,2.05,3.8,3.3
2526,14/05/2026,Real Madrid,Oviedo,2,0,H,1,0,H,19,9,7,1,4,5,7,14,0,0,0,0,1.22,7.0,11.0
2526,17/05/2026,Ath Bilbao,Celta,1,1,D,0,1,A,27,3,9,2,5,0,14,11,2,2,0,0,2.15,3.2,3.4
2526,17/05/2026,Ath Madrid,Girona,1,0,H,1,0,H,17,25,4,11,9,8,7,9,2,0,0,0,1.73,3.6,4.5
2526,17/05/2026,Elche,Getafe,1,0,H,1,0,H,10,4,3,0,4,0,18,13,3,1,0,1,2.2,3.0,3.4
2526,17/05/2026,Levante,Mallorca,2,0,H,1,0,H,15,8,3,3,4,6,11,15,2,0,1,1,2.1,3.4,3.3
2526,17/05/2026,Osasuna,Espanol,1,2,A,0,1,A,24,7,8,3,9,2,10,13,1,2,0,0,2.05,3.1,3.8
2526,17/05/2026,Oviedo,Alaves,0,1,A,0,1,A,8,7,0,1,5,2,13,18,3,1,0,0,3.7,3.6,1.9
2526,17/05/2026,Sevilla,Real Madrid,0,1,A,0,1,A,14,12,6,1,4,4,18,12,4,0,0,0,3.0,3.5,2.15
2526,17/05/2026,Sociedad,Valencia,3,4,A,1,2,A,8,13,3,6,3,2,13,11,4,0,0,1,2.15,3.4,3.2
2526,17/05/2026,Vallecano,Villarreal,2,0,H,1,0,H,15,11,7,2,1,9,12,10,2,1,0,0,2.35,3.5,2.63
2526,17/05/2026,Barcelona,Betis,3,1,H,1,0,H,15,7,9,2,6,4,7,8,1,0,0,0,1.33,6.0,7.5
2526,23/05/2026,Alaves,Vallecano,1,2,A,1,0,H,19,15,11,7,10,5,13,14,3,3,0,0,2.45,3.4,2.8
2526,23/05/2026,Betis,Levante,2,1,H,1,1,D,18,15,8,7,4,8,11,7,1,2,0,0,2.25,3.2,3.4
2526,23/05/2026,Celta,Sevilla,1,0,H,0,0,D,12,9,3,2,4,3,11,20,1,1,0,0,1.73,3.8,4.75
2526,23/05/2026,Espanol,Sociedad,1,1,D,0,1,A,17,9,8,4,3,5,11,17,1,3,0,0,2.45,3.5,2.75
2526,23/05/2026,Getafe,Osasuna,1,0,H,0,0,D,6,11,3,5,2,4,17,20,1,2,0,0,2.45,2.88,3.4
2526,23/05/2026,Girona,Elche,1,1,D,0,1,A,10,3,7,1,2,1,20,20,4,4,0,0,1.8,3.9,4.2
2526,23/05/2026,Mallorca,Oviedo,3,0,H,1,0,H,23,7,7,0,5,5,10,8,2,1,0,0,1.44,4.5,7.0
2526,23/05/2026,Real Madrid,Ath Bilbao,4,2,H,2,1,H,13,8,8,2,2,1,6,20,2,0,0,0,1.5,4.75,5.75
2526,23/05/2026,Valencia,Barcelona,3,1,H,0,0,D,19,11,6,4,7,8,11,8,2,2,0,0,3.6,4.2,1.85
2526,24/05/2026,Villarreal,Ath Madrid,5,1,H,4,1,H,14,9,8,4,5,9,3,12,0,1,0,0,2.45,3.6,2.75
