MatchDate,Season,Team,Opponent,Venue,Shots,GoalsFor,GoalsAgainst,Result,RedCard
2000-08-19,2000/01,Arsenal,Sunderland,Away,7,0,1,H,1
2000-08-21,2000/01,Arsenal,Liverpool,Home,12,2,0,H,1
2000-08-26,2000/01,Arsenal,Charlton,Home,9,5,3,H,0
2000-09-06,2000/01,Arsenal,Chelsea,Away,5,2,2,D,0
2000-09-09,2000/01,Arsenal,Bradford,Away,11,1,1,D,0
2000-09-16,2000/01,Arsenal,Coventry,Home,13,2,1,H,0
2000-09-23,2000/01,Arsenal,Ipswich,Away,4,1,1,D,0
2000-10-01,2000/01,Arsenal,Man United,Home,5,1,0,H,0
2000-10-14,2000/01,Arsenal,Aston Villa,Home,10,1,0,H,0
2000-10-21,2000/01,Arsenal,West Ham,Away,5,2,1,A,0
2000-10-28,2000/01,Arsenal,Man City,Home,14,5,0,H,0
2000-11-04,2000/01,Arsenal,Middlesbrough,Away,8,1,0,A,0
2000-11-11,2000/01,Arsenal,Derby,Home,9,0,0,D,0
2000-11-18,2000/01,Arsenal,Everton,Away,2,0,2,H,0
2000-11-26,2000/01,Arsenal,Leeds,Away,3,0,1,H,0
2000-12-02,2000/01,Arsenal,Southampton,Home,12,1,0,H,0
2000-12-09,2000/01,Arsenal,Newcastle,Home,10,5,0,H,0
2000-12-18,2000/01,Arsenal,Tottenham,Away,10,1,1,D,0
2000-12-23,2000/01,Arsenal,Liverpool,Away,6,0,4,H,0
2000-12-26,2000/01,Arsenal,Leicester,Home,15,6,1,H,0
2000-12-30,2000/01,Arsenal,Sunderland,Home,9,2,2,D,0
2001-01-01,2000/01,Arsenal,Charlton,Away,5,0,1,H,0
2001-01-13,2000/01,Arsenal,Chelsea,Home,8,1,1,D,0
2001-01-20,2000/01,Arsenal,Leicester,Away,4,0,0,D,0
2001-01-30,2000/01,Arsenal,Bradford,Home,8,2,0,H,0
2001-02-03,2000/01,Arsenal,Coventry,Away,6,1,0,A,0
2001-02-10,2000/01,Arsenal,Ipswich,Home,10,1,0,H,0
2001-02-25,2000/01,Arsenal,Man United,Away,2,1,6,H,0
2001-03-03,2000/01,Arsenal,West Ham,Home,6,3,0,H,0
2001-03-18,2000/01,Arsenal,Aston Villa,Away,5,0,0,D,1
2001-03-31,2000/01,Arsenal,Tottenham,Home,19,2,0,H,0
2001-04-11,2000/01,Arsenal,Man City,Away,8,4,0,A,0
2001-04-14,2000/01,Arsenal,Middlesbrough,Home,8,0,3,A,0
2001-04-21,2000/01,Arsenal,Everton,Home,8,4,1,H,0
2001-04-28,2000/01,Arsenal,Derby,Away,9,2,1,A,0
2001-05-05,2000/01,Arsenal,Leeds,Home,4,2,1,H,0
2001-05-15,2000/01,Arsenal,Newcastle,Away,1,0,0,D,0
2001-05-19,2000/01,Arsenal,Southampton,Away,5,2,3,H,0
2001-08-18,2001/02,Arsenal,Middlesbrough,Away,9,4,0,A,1
2001-08-21,2001/02,Arsenal,Leeds,Home,5,1,2,A,0
2001-08-25,2001/02,Arsenal,Leicester,Home,11,4,0,H,1
2001-09-08,2001/02,Arsenal,Chelsea,Away,11,1,1,D,0
2001-09-15,2001/02,Arsenal,Fulham,Away,6,3,1,A,0
2001-09-22,2001/02,Arsenal,Bolton,Home,12,1,1,D,0
2001-09-29,2001/02,Arsenal,Derby,Away,6,2,0,A,1
2001-10-13,2001/02,Arsenal,Southampton,Away,8,2,0,A,0
2001-10-20,2001/02,Arsenal,Blackburn,Home,11,3,3,D,0
2001-10-27,2001/02,Arsenal,Sunderland,Away,5,1,1,D,0
2001-11-04,2001/02,Arsenal,Charlton,Home,12,2,4,A,0
2001-11-17,2001/02,Arsenal,Tottenham,Away,5,1,1,D,0
2001-11-25,2001/02,Arsenal,Man United,Home,10,3,1,H,0
2001-12-01,2001/02,Arsenal,Ipswich,Away,3,2,0,A,0
2001-12-09,2001/02,Arsenal,Aston Villa,Home,8,3,2,H,0
2001-12-15,2001/02,Arsenal,West Ham,Away,6,1,1,D,0
2001-12-18,2001/02,Arsenal,Newcastle,Home,8,1,3,A,1
2001-12-23,2001/02,Arsenal,Liverpool,Away,3,2,1,A,1
2001-12-26,2001/02,Arsenal,Chelsea,Home,7,2,1,H,0
2001-12-29,2001/02,Arsenal,Middlesbrough,Home,6,2,1,H,0
2002-01-13,2001/02,Arsenal,Liverpool,Home,4,1,1,D,0
2002-01-20,2001/02,Arsenal,Leeds,Away,6,1,1,D,0
2002-01-23,2001/02,Arsenal,Leicester,Away,8,3,1,A,0
2002-01-30,2001/02,Arsenal,Blackburn,Away,5,3,2,A,1
2002-02-02,2001/02,Arsenal,Southampton,Home,4,1,1,D,0
2002-02-10,2001/02,Arsenal,Everton,Away,3,1,0,A,0
2002-02-23,2001/02,Arsenal,Fulham,Home,10,4,1,H,0
2002-03-02,2001/02,Arsenal,Newcastle,Away,6,2,0,A,0
2002-03-05,2001/02,Arsenal,Derby,Home,8,1,0,H,0
2002-03-17,2001/02,Arsenal,Aston Villa,Away,3,2,1,A,0
2002-03-30,2001/02,Arsenal,Sunderland,Home,10,3,0,H,0
2002-04-01,2001/02,Arsenal,Charlton,Away,8,3,0,A,0
2002-04-06,2001/02,Arsenal,Tottenham,Home,5,2,1,H,0
2002-04-21,2001/02,Arsenal,Ipswich,Home,8,2,0,H,0
2002-04-24,2001/02,Arsenal,West Ham,Home,9,2,0,H,0
2002-04-29,2001/02,Arsenal,Bolton,Away,4,2,0,A,0
2002-05-08,2001/02,Arsenal,Man United,Away,2,1,0,A,0
2002-05-11,2001/02,Arsenal,Everton,Home,6,4,3,H,0
2002-08-18,2002/03,Arsenal,Birmingham,Home,7,2,0,H,0
2002-08-24,2002/03,Arsenal,West Ham,Away,5,2,2,D,0
2002-08-27,2002/03,Arsenal,West Brom,Home,8,5,2,H,0
2002-09-01,2002/03,Arsenal,Chelsea,Away,5,1,1,D,1
2002-09-10,2002/03,Arsenal,Man City,Home,5,2,1,H,0
2002-09-14,2002/03,Arsenal,Charlton,Away,8,3,0,A,0
2002-09-21,2002/03,Arsenal,Bolton,Home,9,2,1,H,0
2002-09-28,2002/03,Arsenal,Leeds,Away,6,4,1,A,0
2002-10-06,2002/03,Arsenal,Sunderland,Home,5,3,1,H,0
2002-10-19,2002/03,Arsenal,Everton,Away,3,1,2,H,0
2002-10-26,2002/03,Arsenal,Blackburn,Home,9,1,2,A,0
2002-11-03,2002/03,Arsenal,Fulham,Away,3,1,0,A,0
2002-11-09,2002/03,Arsenal,Newcastle,Home,10,1,0,H,0
2002-11-16,2002/03,Arsenal,Tottenham,Home,12,3,0,H,0
2002-11-23,2002/03,Arsenal,Southampton,Away,2,2,3,H,1
2002-11-30,2002/03,Arsenal,Aston Villa,Home,7,3,1,H,0
2002-12-07,2002/03,Arsenal,Man United,Away,5,0,2,H,0
2002-12-15,2002/03,Arsenal,Tottenham,Away,4,1,1,D,0
2002-12-21,2002/03,Arsenal,Middlesbrough,Home,14,2,0,H,0
2002-12-26,2002/03,Arsenal,West Brom,Away,4,2,1,A,0
2002-12-29,2002/03,Arsenal,Liverpool,Home,6,1,1,D,0
2003-01-01,2002/03,Arsenal,Chelsea,Home,7,3,2,H,0
2003-01-12,2002/03,Arsenal,Birmingham,Away,9,4,0,A,0
2003-01-19,2002/03,Arsenal,West Ham,Home,13,3,1,H,0
2003-01-29,2002/03,Arsenal,Liverpool,Away,15,2,2,D,0
2003-02-01,2002/03,Arsenal,Fulham,Home,6,2,1,H,0
2003-02-09,2002/03,Arsenal,Newcastle,Away,10,1,1,D,0
2003-02-22,2002/03,Arsenal,Man City,Away,9,5,1,A,0
2003-03-02,2002/03,Arsenal,Charlton,Home,11,2,0,H,0
2003-03-15,2002/03,Arsenal,Blackburn,Away,5,0,2,H,0
2003-03-23,2002/03,Arsenal,Everton,Home,10,2,1,H,0
2003-04-05,2002/03,Arsenal,Aston Villa,Away,5,1,1,D,0
2003-04-16,2002/03,Arsenal,Man United,Home,7,2,2,D,1
2003-04-19,2002/03,Arsenal,Middlesbrough,Away,2,2,0,A,0
2003-04-26,2002/03,Arsenal,Bolton,Away,7,2,2,D,0
2003-05-04,2002/03,Arsenal,Leeds,Home,17,2,3,A,0
2003-05-07,2002/03,Arsenal,Southampton,Home,13,6,1,H,0
2003-05-11,2002/03,Arsenal,Sunderland,Away,13,4,0,A,0
2003-08-16,2003/04,Arsenal,Everton,Home,5,2,1,H,1
2003-08-24,2003/04,Arsenal,Middlesbrough,Away,10,4,0,A,0
2003-08-27,2003/04,Arsenal,Aston Villa,Home,6,2,0,H,0
2003-08-31,2003/04,Arsenal,Man City,Away,5,2,1,A,0
2003-09-13,2003/04,Arsenal,Portsmouth,Home,7,1,1,D,0
2003-09-21,2003/04,Arsenal,Man United,Away,1,0,0,D,1
2003-09-26,2003/04,Arsenal,Newcastle,Home,7,3,2,H,0
2003-10-04,2003/04,Arsenal,Liverpool,Away,8,2,1,A,0
2003-10-18,2003/04,Arsenal,Chelsea,Home,9,2,1,H,0
2003-10-26,2003/04,Arsenal,Charlton,Away,6,1,1,D,0
2003-11-01,2003/04,Arsenal,Leeds,Away,9,4,1,A,0
2003-11-08,2003/04,Arsenal,Tottenham,Home,3,2,1,H,0
2003-11-22,2003/04,Arsenal,Birmingham,Away,6,3,0,A,0
2003-11-30,2003/04,Arsenal,Fulham,Home,14,0,0,D,0
2003-12-06,2003/04,Arsenal,Leicester,Away,5,1,1,D,1
2003-12-14,2003/04,Arsenal,Blackburn,Home,7,1,0,H,0
2003-12-20,2003/04,Arsenal,Bolton,Away,4,1,1,D,0
2003-12-26,2003/04,Arsenal,Wolves,Home,10,3,0,H,0
2003-12-29,2003/04,Arsenal,Southampton,Away,9,1,0,A,0
2004-01-07,2003/04,Arsenal,Everton,Away,5,1,1,D,0
2004-01-10,2003/04,Arsenal,Middlesbrough,Home,13,4,1,H,0
2004-01-18,2003/04,Arsenal,Aston Villa,Away,9,2,0,A,0
2004-02-01,2003/04,Arsenal,Man City,Home,9,2,1,H,0
2004-02-07,2003/04,Arsenal,Wolves,Away,7,3,1,A,0
2004-02-10,2003/04,Arsenal,Southampton,Home,6,2,0,H,0
2004-02-21,2003/04,Arsenal,Chelsea,Away,7,2,1,A,0
2004-02-28,2003/04,Arsenal,Charlton,Home,11,2,1,H,0
2004-03-13,2003/04,Arsenal,Blackburn,Away,5,2,0,A,0
2004-03-20,2003/04,Arsenal,Bolton,Home,8,2,1,H,0
2004-03-28,2003/04,Arsenal,Man United,Home,10,1,1,D,0
2004-04-25,2003/04,Arsenal,Tottenham,Away,7,2,2,D,0
2004-05-01,2003/04,Arsenal,Birmingham,Home,1,0,0,D,0
2004-05-04,2003/04,Arsenal,Portsmouth,Away,9,1,1,D,0
2004-08-15,2004/05,Arsenal,Everton,Away,14,4,1,A,0
2004-08-22,2004/05,Arsenal,Middlesbrough,Home,11,5,3,H,0
2004-08-25,2004/05,Arsenal,Blackburn,Home,9,3,0,H,0
2004-08-28,2004/05,Arsenal,Norwich,Away,15,4,1,A,0
2004-09-11,2004/05,Arsenal,Fulham,Away,7,3,0,A,0
2004-09-18,2004/05,Arsenal,Bolton,Home,6,2,2,D,0
2004-09-25,2004/05,Arsenal,Man City,Away,9,1,0,A,0
2004-10-02,2004/05,Arsenal,Charlton,Home,9,4,0,H,0
2004-10-16,2004/05,Arsenal,Aston Villa,Home,15,3,1,H,0
2004-10-24,2004/05,Arsenal,Man United,Away,6,0,2,H,0
2004-10-30,2004/05,Arsenal,Southampton,Home,9,2,2,D,0
2004-11-06,2004/05,Arsenal,Crystal Palace,Away,13,1,1,D,0
2004-11-13,2004/05,Arsenal,Tottenham,Away,6,5,4,A,0
2004-11-20,2004/05,Arsenal,West Brom,Home,4,1,1,D,0
2004-11-28,2004/05,Arsenal,Liverpool,Away,2,1,2,H,0
2004-12-04,2004/05,Arsenal,Birmingham,Home,4,3,0,H,0
2004-12-12,2004/05,Arsenal,Chelsea,Home,5,2,2,D,0
2004-12-19,2004/05,Arsenal,Portsmouth,Away,5,1,0,A,0
2004-12-26,2004/05,Arsenal,Fulham,Home,8,2,0,H,0
2004-12-29,2004/05,Arsenal,Newcastle,Away,6,1,0,A,0
2005-01-01,2004/05,Arsenal,Charlton,Away,5,3,1,A,0
2005-01-04,2004/05,Arsenal,Man City,Home,9,1,1,D,0
2005-01-15,2004/05,Arsenal,Bolton,Away,7,0,1,H,0
2005-01-23,2004/05,Arsenal,Newcastle,Home,8,1,0,H,0
2005-02-01,2004/05,Arsenal,Man United,Home,10,2,4,A,0
2005-02-05,2004/05,Arsenal,Aston Villa,Away,6,3,1,A,0
2005-02-14,2004/05,Arsenal,Crystal Palace,Home,12,5,1,H,0
2005-02-26,2004/05,Arsenal,Southampton,Away,12,1,1,D,1
2005-03-05,2004/05,Arsenal,Portsmouth,Home,6,3,0,H,0
2005-03-19,2004/05,Arsenal,Blackburn,Away,8,1,0,A,0
2005-04-02,2004/05,Arsenal,Norwich,Home,15,4,1,H,0
2005-04-09,2004/05,Arsenal,Middlesbrough,Away,1,1,0,A,0
2005-04-20,2004/05,Arsenal,Chelsea,Away,4,0,0,D,0
2005-08-14,2005/06,Arsenal,Newcastle,Home,12,2,0,H,0
2005-08-21,2005/06,Arsenal,Chelsea,Away,3,0,1,H,0
2005-08-24,2005/06,Arsenal,Fulham,Home,14,4,1,H,0
2005-09-10,2005/06,Arsenal,Middlesbrough,Away,8,1,2,H,0
2005-09-19,2005/06,Arsenal,Everton,Home,4,2,0,H,0
2005-09-24,2005/06,Arsenal,West Ham,Away,2,0,0,D,0
2005-10-02,2005/06,Arsenal,Birmingham,Home,13,1,0,H,0
2005-10-15,2005/06,Arsenal,West Brom,Away,10,1,2,H,0
2005-10-22,2005/06,Arsenal,Man City,Home,2,1,0,H,0
2005-10-29,2005/06,Arsenal,Tottenham,Away,7,1,1,D,0
2005-11-05,2005/06,Arsenal,Sunderland,Home,9,3,1,H,0
2005-11-19,2005/06,Arsenal,Wigan,Away,8,3,2,A,0
2005-11-26,2005/06,Arsenal,Blackburn,Home,10,3,0,H,0
2005-12-03,2005/06,Arsenal,Bolton,Away,3,0,2,H,0
2005-12-10,2005/06,Arsenal,Newcastle,Away,3,0,1,H,1
2005-12-18,2005/06,Arsenal,Chelsea,Home,5,0,2,A,0
2005-12-26,2005/06,Arsenal,Charlton,Away,11,1,0,A,0
2005-12-28,2005/06,Arsenal,Portsmouth,Home,4,4,0,H,0
2005-12-31,2005/06,Arsenal,Aston Villa,Away,3,0,0,D,0
2006-01-03,2005/06,Arsenal,Man United,Home,5,0,0,D,0
2006-01-14,2005/06,Arsenal,Middlesbrough,Home,17,7,0,H,0
2006-01-21,2005/06,Arsenal,Everton,Away,5,0,1,H,1
2006-02-01,2005/06,Arsenal,West Ham,Home,10,2,3,A,0
2006-02-04,2005/06,Arsenal,Birmingham,Away,6,2,0,A,0
2006-02-11,2005/06,Arsenal,Bolton,Home,10,1,1,D,0
2006-02-14,2005/06,Arsenal,Liverpool,Away,2,0,1,H,0
2006-02-25,2005/06,Arsenal,Blackburn,Away,3,0,1,H,0
2006-03-04,2005/06,Arsenal,Fulham,Away,11,4,0,A,0
2006-03-12,2005/06,Arsenal,Liverpool,Home,4,2,1,H,0
2006-03-18,2005/06,Arsenal,Charlton,Home,9,3,0,H,0
2006-04-01,2005/06,Arsenal,Aston Villa,Home,16,5,0,H,0
2006-04-09,2005/06,Arsenal,Man United,Away,3,0,2,H,0
2006-04-12,2005/06,Arsenal,Portsmouth,Away,3,1,1,D,0
2006-04-15,2005/06,Arsenal,West Brom,Home,10,3,1,H,0
2006-04-22,2005/06,Arsenal,Tottenham,Home,6,1,1,D,0
2006-05-01,2005/06,Arsenal,Sunderland,Away,4,3,0,A,0
2006-05-04,2005/06,Arsenal,Man City,Away,12,3,1,A,0
2006-05-07,2005/06,Arsenal,Wigan,Home,7,4,2,H,0
2006-08-19,2006/07,Arsenal,Aston Villa,Home,11,1,1,D,0
2006-08-26,2006/07,Arsenal,Man City,Away,6,0,1,H,0
2006-09-09,2006/07,Arsenal,Middlesbrough,Home,12,1,1,D,0
2006-09-17,2006/07,Arsenal,Man United,Away,7,1,0,A,0
2006-09-23,2006/07,Arsenal,Sheffield United,Home,11,3,0,H,0
2006-09-30,2006/07,Arsenal,Charlton,Away,12,2,1,A,0
2006-10-14,2006/07,Arsenal,Watford,Home,7,3,0,H,0
2006-10-22,2006/07,Arsenal,Reading,Away,9,4,0,A,0
2006-10-28,2006/07,Arsenal,Everton,Home,12,1,1,D,0
2006-11-05,2006/07,Arsenal,West Ham,Away,5,0,1,H,0
2006-11-12,2006/07,Arsenal,Liverpool,Home,7,3,0,H,0
2006-11-18,2006/07,Arsenal,Newcastle,Home,10,1,1,D,0
2006-11-25,2006/07,Arsenal,Bolton,Away,7,1,3,H,0
2006-11-29,2006/07,Arsenal,Fulham,Away,2,1,2,H,1
2006-12-02,2006/07,Arsenal,Tottenham,Home,5,3,0,H,0
2006-12-10,2006/07,Arsenal,Chelsea,Away,4,1,1,D,0
2006-12-13,2006/07,Arsenal,Wigan,Away,3,1,0,A,0
2006-12-16,2006/07,Arsenal,Portsmouth,Home,8,2,2,D,0
2006-12-23,2006/07,Arsenal,Blackburn,Home,12,6,2,H,0
2006-12-26,2006/07,Arsenal,Watford,Away,8,2,1,A,0
2006-12-30,2006/07,Arsenal,Sheffield United,Away,4,0,1,H,0
2007-01-02,2006/07,Arsenal,Charlton,Home,10,4,0,H,0
2007-01-13,2006/07,Arsenal,Blackburn,Away,4,2,0,A,1
2007-01-21,2006/07,Arsenal,Man United,Home,11,2,1,H,0
2007-02-03,2006/07,Arsenal,Middlesbrough,Away,4,1,1,D,1
2007-02-11,2006/07,Arsenal,Wigan,Home,3,2,1,H,0
2007-03-03,2006/07,Arsenal,Reading,Home,9,2,1,H,0
2007-03-14,2006/07,Arsenal,Aston Villa,Away,5,1,0,A,0
2007-03-18,2006/07,Arsenal,Everton,Away,9,0,1,H,0
2007-03-31,2006/07,Arsenal,Liverpool,Away,3,1,4,H,0
2007-04-07,2006/07,Arsenal,West Ham,Home,15,0,1,A,0
2007-04-09,2006/07,Arsenal,Newcastle,Away,2,0,0,D,0
2007-04-14,2006/07,Arsenal,Bolton,Home,9,2,1,H,0
2007-04-17,2006/07,Arsenal,Man City,Home,10,3,1,H,0
2007-04-21,2006/07,Arsenal,Tottenham,Away,5,2,2,D,0
2007-04-29,2006/07,Arsenal,Fulham,Home,5,3,1,H,0
2007-05-06,2006/07,Arsenal,Chelsea,Home,4,1,1,D,0
2007-05-13,2006/07,Arsenal,Portsmouth,Away,6,0,0,D,0
2007-08-12,2007/08,Arsenal,Fulham,Home,13,2,1,H,0
2007-08-19,2007/08,Arsenal,Blackburn,Away,3,1,1,D,0
2007-08-25,2007/08,Arsenal,Man City,Home,10,1,0,H,0
2007-09-02,2007/08,Arsenal,Portsmouth,Home,8,3,1,H,1
2007-09-15,2007/08,Arsenal,Tottenham,Away,10,3,1,A,0
2007-09-22,2007/08,Arsenal,Derby,Home,9,5,0,H,0
2007-09-29,2007/08,Arsenal,West Ham,Away,12,1,0,A,0
2007-10-07,2007/08,Arsenal,Sunderland,Home,8,3,2,H,0
2007-10-20,2007/08,Arsenal,Bolton,Home,9,2,0,H,0
2007-10-28,2007/08,Arsenal,Liverpool,Away,4,1,1,D,0
2007-11-03,2007/08,Arsenal,Man United,Home,6,2,2,D,0
2007-11-12,2007/08,Arsenal,Reading,Away,7,3,1,A,0
2007-11-24,2007/08,Arsenal,Wigan,Home,6,2,0,H,0
2007-12-01,2007/08,Arsenal,Aston Villa,Away,9,2,1,A,0
2007-12-05,2007/08,Arsenal,Newcastle,Away,2,1,1,D,0
2007-12-09,2007/08,Arsenal,Middlesbrough,Away,4,1,2,H,0
2007-12-16,2007/08,Arsenal,Chelsea,Home,5,1,0,H,0
2007-12-22,2007/08,Arsenal,Tottenham,Home,5,2,1,H,0
2007-12-26,2007/08,Arsenal,Portsmouth,Away,6,0,0,D,0
2007-12-29,2007/08,Arsenal,Everton,Away,7,4,1,A,1
2008-01-01,2007/08,Arsenal,West Ham,Home,13,2,0,H,0
2008-01-12,2007/08,Arsenal,Birmingham,Home,9,1,1,D,0
2008-01-19,2007/08,Arsenal,Fulham,Away,4,3,0,A,0
2008-01-29,2007/08,Arsenal,Newcastle,Home,4,3,0,H,0
2008-02-02,2007/08,Arsenal,Man City,Away,9,3,1,A,0
2008-02-11,2007/08,Arsenal,Blackburn,Home,9,2,0,H,0
2008-02-23,2007/08,Arsenal,Birmingham,Away,13,2,2,D,0
2008-03-01,2007/08,Arsenal,Aston Villa,Home,7,1,1,D,0
2008-03-09,2007/08,Arsenal,Wigan,Away,6,0,0,D,0
2008-03-15,2007/08,Arsenal,Middlesbrough,Home,9,1,1,D,0
2008-03-23,2007/08,Arsenal,Chelsea,Away,5,1,2,H,0
2008-03-29,2007/08,Arsenal,Bolton,Away,8,3,2,A,1
2008-04-05,2007/08,Arsenal,Liverpool,Home,6,1,1,D,0
2008-04-13,2007/08,Arsenal,Man United,Away,11,1,2,H,0
2008-04-19,2007/08,Arsenal,Reading,Home,12,2,0,H,0
2008-04-28,2007/08,Arsenal,Derby,Away,11,6,2,A,0
2008-05-04,2007/08,Arsenal,Everton,Home,2,1,0,H,0
2008-05-11,2007/08,Arsenal,Sunderland,Away,8,1,0,A,0
2008-08-16,2008/09,Arsenal,West Brom,Home,14,1,0,H,0
2008-08-23,2008/09,Arsenal,Fulham,Away,6,0,1,H,0
2008-08-30,2008/09,Arsenal,Newcastle,Home,14,3,0,H,0
2008-09-13,2008/09,Arsenal,Blackburn,Away,10,4,0,A,0
2008-09-20,2008/09,Arsenal,Bolton,Away,9,3,1,A,0
2008-09-27,2008/09,Arsenal,Hull,Home,9,1,2,A,0
2008-10-04,2008/09,Arsenal,Sunderland,Away,7,1,1,D,0
2008-10-18,2008/09,Arsenal,Everton,Home,14,3,1,H,0
2008-10-26,2008/09,Arsenal,West Ham,Away,10,2,0,A,0
2008-10-29,2008/09,Arsenal,Tottenham,Home,12,4,4,D,0
2008-11-01,2008/09,Arsenal,Stoke,Away,6,1,2,H,1
2008-11-08,2008/09,Arsenal,Man United,Home,7,2,1,H,0
2008-11-15,2008/09,Arsenal,Aston Villa,Home,8,0,2,A,0
2008-11-22,2008/09,Arsenal,Man City,Away,5,0,3,H,0
2008-11-30,2008/09,Arsenal,Chelsea,Away,6,2,1,A,0
2008-12-06,2008/09,Arsenal,Wigan,Home,4,1,0,H,0
2008-12-13,2008/09,Arsenal,Middlesbrough,Away,11,1,1,D,0
2008-12-21,2008/09,Arsenal,Liverpool,Home,3,1,1,D,1
2008-12-26,2008/09,Arsenal,Aston Villa,Away,6,2,2,D,0
2008-12-28,2008/09,Arsenal,Portsmouth,Home,7,1,0,H,0
2009-01-10,2008/09,Arsenal,Bolton,Home,9,1,0,H,0
2009-01-17,2008/09,Arsenal,Hull,Away,9,3,1,A,0
2009-01-28,2008/09,Arsenal,Everton,Away,4,1,1,D,0
2009-01-31,2008/09,Arsenal,West Ham,Home,8,0,0,D,0
2009-02-08,2008/09,Arsenal,Tottenham,Away,1,0,0,D,1
2009-02-21,2008/09,Arsenal,Sunderland,Home,9,0,0,D,0
2009-02-28,2008/09,Arsenal,Fulham,Home,8,0,0,D,0
2009-03-03,2008/09,Arsenal,West Brom,Away,8,3,1,A,0
2009-03-14,2008/09,Arsenal,Blackburn,Home,12,4,0,H,0
2009-03-21,2008/09,Arsenal,Newcastle,Away,10,3,1,A,0
2009-04-04,2008/09,Arsenal,Man City,Home,9,2,0,H,0
2009-04-11,2008/09,Arsenal,Wigan,Away,8,4,1,A,0
2009-04-21,2008/09,Arsenal,Liverpool,Away,4,4,4,D,0
2009-04-26,2008/09,Arsenal,Middlesbrough,Home,11,2,0,H,0
2009-05-02,2008/09,Arsenal,Portsmouth,Away,9,3,0,A,0
2009-05-10,2008/09,Arsenal,Chelsea,Home,7,1,4,A,0
2009-05-16,2008/09,Arsenal,Man United,Away,11,0,0,D,0
2009-05-24,2008/09,Arsenal,Stoke,Home,11,4,1,H,0
2009-08-15,2009/10,Arsenal,Everton,Away,9,6,1,A,0
2009-08-22,2009/10,Arsenal,Portsmouth,Home,16,4,1,H,0
2009-08-29,2009/10,Arsenal,Man United,Away,3,1,2,H,0
2009-09-12,2009/10,Arsenal,Man City,Away,9,2,4,H,0
2009-09-19,2009/10,Arsenal,Wigan,Home,11,4,0,H,0
2009-09-26,2009/10,Arsenal,Fulham,Away,4,1,0,A,0
2009-10-04,2009/10,Arsenal,Blackburn,Home,18,6,2,H,0
2009-10-17,2009/10,Arsenal,Birmingham,Home,12,3,1,H,0
2009-10-25,2009/10,Arsenal,West Ham,Away,10,2,2,D,0
2009-10-31,2009/10,Arsenal,Tottenham,Home,12,3,0,H,0
2009-11-07,2009/10,Arsenal,Wolves,Away,6,4,1,A,0
2009-11-21,2009/10,Arsenal,Sunderland,Away,3,0,1,H,0
2009-11-29,2009/10,Arsenal,Chelsea,Home,3,0,3,A,0
2009-12-05,2009/10,Arsenal,Stoke,Home,8,2,0,H,0
2009-12-13,2009/10,Arsenal,Liverpool,Away,5,2,1,A,0
2009-12-16,2009/10,Arsenal,Burnley,Away,9,1,1,D,0
2009-12-19,2009/10,Arsenal,Hull,Home,9,3,0,H,0
2009-12-27,2009/10,Arsenal,Aston Villa,Home,12,3,0,H,0
2009-12-30,2009/10,Arsenal,Portsmouth,Away,10,4,1,A,0
2010-01-09,2009/10,Arsenal,Everton,Home,5,2,2,D,0
2010-01-17,2009/10,Arsenal,Bolton,Away,9,2,0,A,0
2010-01-20,2009/10,Arsenal,Bolton,Home,14,4,2,H,0
2010-01-27,2009/10,Arsenal,Aston Villa,Away,8,0,0,D,0
2010-01-31,2009/10,Arsenal,Man United,Home,7,1,3,A,0
2010-02-07,2009/10,Arsenal,Chelsea,Away,6,0,2,H,0
2010-02-10,2009/10,Arsenal,Liverpool,Home,6,1,0,H,0
2010-02-20,2009/10,Arsenal,Sunderland,Home,10,2,0,H,0
2010-02-27,2009/10,Arsenal,Stoke,Away,11,3,1,A,0
2010-03-06,2009/10,Arsenal,Burnley,Home,11,3,1,H,0
2010-03-13,2009/10,Arsenal,Hull,Away,9,2,1,A,0
2010-03-20,2009/10,Arsenal,West Ham,Home,5,2,0,H,1
2010-03-27,2009/10,Arsenal,Birmingham,Away,8,1,1,D,0
2010-04-03,2009/10,Arsenal,Wolves,Home,13,1,0,H,0
2010-04-14,2009/10,Arsenal,Tottenham,Away,11,1,2,H,0
2010-04-18,2009/10,Arsenal,Wigan,Away,8,2,3,H,0
2010-04-24,2009/10,Arsenal,Man City,Home,4,0,0,D,0
2010-05-03,2009/10,Arsenal,Blackburn,Away,4,1,2,H,0
2010-05-09,2009/10,Arsenal,Fulham,Home,11,4,0,H,0
2010-08-15,2010/11,Arsenal,Liverpool,Away,7,1,1,D,1
2010-08-21,2010/11,Arsenal,Blackpool,Home,16,6,0,H,0
2010-08-28,2010/11,Arsenal,Blackburn,Away,9,2,1,A,0
2010-09-11,2010/11,Arsenal,Bolton,Home,14,4,1,H,0
2010-09-18,2010/11,Arsenal,Sunderland,Away,7,1,1,D,1
2010-09-25,2010/11,Arsenal,West Brom,Home,12,2,3,A,0
2010-10-03,2010/11,Arsenal,Chelsea,Away,5,0,2,H,0
2010-10-16,2010/11,Arsenal,Birmingham,Home,13,2,1,H,1
2010-10-24,2010/11,Arsenal,Man City,Away,8,3,0,A,0
2010-10-30,2010/11,Arsenal,West Ham,Home,13,1,0,H,0
2010-11-07,2010/11,Arsenal,Newcastle,Home,8,0,1,A,1
2010-11-10,2010/11,Arsenal,Wolves,Away,8,2,0,A,0
2010-11-14,2010/11,Arsenal,Everton,Away,8,2,1,A,0
2010-11-20,2010/11,Arsenal,Tottenham,Home,7,2,3,A,0
2010-11-27,2010/11,Arsenal,Aston Villa,Away,10,4,2,A,0
2010-12-04,2010/11,Arsenal,Fulham,Home,9,2,1,H,0
2010-12-13,2010/11,Arsenal,Man United,Away,6,0,1,H,0
2010-12-27,2010/11,Arsenal,Chelsea,Home,8,3,1,H,0
2010-12-29,2010/11,Arsenal,Wigan,Away,9,2,2,D,0
2011-01-01,2010/11,Arsenal,Birmingham,Away,11,3,0,A,0
2011-01-05,2010/11,Arsenal,Man City,Home,8,0,0,D,1
2011-01-15,2010/11,Arsenal,West Ham,Away,13,3,0,A,0
2011-01-22,2010/11,Arsenal,Wigan,Home,15,3,0,H,0
2011-02-01,2010/11,Arsenal,Everton,Home,10,2,1,H,0
2011-02-05,2010/11,Arsenal,Newcastle,Away,10,4,4,D,1
2011-02-12,2010/11,Arsenal,Wolves,Home,8,2,0,H,0
2011-02-23,2010/11,Arsenal,Stoke,Home,4,1,0,H,0
2011-03-05,2010/11,Arsenal,Sunderland,Home,7,0,0,D,0
2011-03-19,2010/11,Arsenal,West Brom,Away,11,2,2,D,0
2011-04-02,2010/11,Arsenal,Blackburn,Home,11,0,0,D,0
2011-04-10,2010/11,Arsenal,Blackpool,Away,7,3,1,A,0
2011-04-17,2010/11,Arsenal,Liverpool,Home,6,1,1,D,0
2011-04-20,2010/11,Arsenal,Tottenham,Away,9,3,3,D,0
2011-04-24,2010/11,Arsenal,Bolton,Away,7,1,2,H,0
2011-05-01,2010/11,Arsenal,Man United,Home,2,1,0,H,0
2011-05-08,2010/11,Arsenal,Stoke,Away,5,1,3,H,0
2011-05-15,2010/11,Arsenal,Aston Villa,Home,15,1,2,A,0
2011-05-22,2010/11,Arsenal,Fulham,Away,6,2,2,D,0
2011-08-13,2011/12,Arsenal,Newcastle,Away,4,0,0,D,1
2011-08-20,2011/12,Arsenal,Liverpool,Home,6,0,2,A,1
2011-08-28,2011/12,Arsenal,Man United,Away,13,2,8,H,1
2011-09-10,2011/12,Arsenal,Swansea,Home,8,1,0,H,0
2011-09-17,2011/12,Arsenal,Blackburn,Away,16,3,4,H,0
2011-09-24,2011/12,Arsenal,Bolton,Home,14,3,0,H,0
2011-10-02,2011/12,Arsenal,Tottenham,Away,7,1,2,H,0
2011-10-16,2011/12,Arsenal,Sunderland,Home,11,2,1,H,0
2011-10-23,2011/12,Arsenal,Stoke,Home,5,3,1,H,0
2011-10-29,2011/12,Arsenal,Chelsea,Away,8,5,3,A,0
2011-11-05,2011/12,Arsenal,West Brom,Home,7,3,0,H,0
2011-11-19,2011/12,Arsenal,Norwich,Away,14,2,1,A,0
2011-11-26,2011/12,Arsenal,Fulham,Home,12,1,1,D,0
2011-12-03,2011/12,Arsenal,Wigan,Away,10,4,0,A,0
2011-12-10,2011/12,Arsenal,Everton,Home,7,1,0,H,0
2011-12-18,2011/12,Arsenal,Man City,Away,8,0,1,H,0
2011-12-21,2011/12,Arsenal,Aston Villa,Away,6,2,1,A,0
2011-12-27,2011/12,Arsenal,Wolves,Home,17,1,1,D,0
2011-12-31,2011/12,Arsenal,QPR,Home,7,1,0,H,0
2012-01-02,2011/12,Arsenal,Fulham,Away,10,1,2,H,1
2012-01-15,2011/12,Arsenal,Swansea,Away,9,2,3,H,0
2012-01-22,2011/12,Arsenal,Man United,Home,6,1,2,A,0
2012-02-01,2011/12,Arsenal,Bolton,Away,7,0,0,D,0
2012-02-04,2011/12,Arsenal,Blackburn,Home,11,7,1,H,0
2012-02-11,2011/12,Arsenal,Sunderland,Away,8,2,1,A,0
2012-02-26,2011/12,Arsenal,Tottenham,Home,13,5,2,H,0
2012-03-03,2011/12,Arsenal,Liverpool,Away,7,2,1,A,0
2012-03-12,2011/12,Arsenal,Newcastle,Home,13,2,1,H,0
2012-03-21,2011/12,Arsenal,Everton,Away,8,1,0,A,0
2012-03-24,2011/12,Arsenal,Aston Villa,Home,12,3,0,H,0
2012-03-31,2011/12,Arsenal,QPR,Away,7,1,2,H,0
2012-04-08,2011/12,Arsenal,Man City,Home,7,1,0,H,0
2012-04-11,2011/12,Arsenal,Wolves,Away,7,3,0,A,0
2012-04-16,2011/12,Arsenal,Wigan,Home,8,1,2,A,0
2012-04-21,2011/12,Arsenal,Chelsea,Home,8,0,0,D,0
2012-04-28,2011/12,Arsenal,Stoke,Away,10,1,1,D,0
2012-05-05,2011/12,Arsenal,Norwich,Home,13,3,3,D,0
2012-05-13,2011/12,Arsenal,West Brom,Away,8,3,2,A,0
2012-08-18,2012/13,Arsenal,Sunderland,Home,4,0,0,D,0
2012-08-26,2012/13,Arsenal,Stoke,Away,6,0,0,D,0
2012-09-02,2012/13,Arsenal,Liverpool,Away,7,2,0,A,0
2012-09-15,2012/13,Arsenal,Southampton,Home,12,6,1,H,0
2012-09-23,2012/13,Arsenal,Man City,Away,4,1,1,D,0
2012-09-29,2012/13,Arsenal,Chelsea,Home,5,1,2,A,0
2012-10-06,2012/13,Arsenal,West Ham,Away,14,3,1,A,0
2012-10-20,2012/13,Arsenal,Norwich,Away,7,0,1,H,0
2012-10-27,2012/13,Arsenal,QPR,Home,11,1,0,H,0
2012-11-03,2012/13,Arsenal,Man United,Away,3,1,2,H,1
2012-11-10,2012/13,Arsenal,Fulham,Home,9,3,3,D,0
2012-11-17,2012/13,Arsenal,Tottenham,Home,10,5,2,H,0
2012-11-24,2012/13,Arsenal,Aston Villa,Away,6,0,0,D,0
2012-11-28,2012/13,Arsenal,Everton,Away,9,1,1,D,0
2012-12-01,2012/13,Arsenal,Swansea,Home,8,0,2,A,0
2012-12-08,2012/13,Arsenal,West Brom,Home,7,2,0,H,0
2012-12-17,2012/13,Arsenal,Reading,Away,17,5,2,A,0
2012-12-22,2012/13,Arsenal,Wigan,Away,8,1,0,A,0
2012-12-29,2012/13,Arsenal,Newcastle,Home,12,7,3,H,0
2013-01-01,2012/13,Arsenal,Southampton,Away,4,1,1,D,0
2013-01-13,2012/13,Arsenal,Man City,Home,4,0,2,A,1
2013-01-20,2012/13,Arsenal,Chelsea,Away,8,1,2,H,0
2013-01-23,2012/13,Arsenal,West Ham,Home,17,5,1,H,0
2013-01-30,2012/13,Arsenal,Liverpool,Home,6,2,2,D,0
2013-02-02,2012/13,Arsenal,Stoke,Home,9,1,0,H,0
2013-02-09,2012/13,Arsenal,Sunderland,Away,9,1,0,A,1
2013-02-23,2012/13,Arsenal,Aston Villa,Home,14,2,1,H,0
2013-03-03,2012/13,Arsenal,Tottenham,Away,6,1,2,H,0
2013-03-16,2012/13,Arsenal,Swansea,Away,11,2,0,A,0
2013-03-30,2012/13,Arsenal,Reading,Home,14,4,1,H,0
2013-04-06,2012/13,Arsenal,West Brom,Away,6,2,1,A,1
2013-04-13,2012/13,Arsenal,Norwich,Home,7,3,1,H,0
2013-04-16,2012/13,Arsenal,Everton,Home,6,0,0,D,0
2013-04-20,2012/13,Arsenal,Fulham,Away,7,1,0,A,1
2013-04-28,2012/13,Arsenal,Man United,Home,13,1,1,D,0
2013-05-04,2012/13,Arsenal,QPR,Away,11,1,0,A,0
2013-05-14,2012/13,Arsenal,Wigan,Home,12,4,1,H,0
2013-05-19,2012/13,Arsenal,Newcastle,Away,3,1,0,A,0
2013-08-17,2013/14,Arsenal,Aston Villa,Home,4,1,3,A,1
2013-08-24,2013/14,Arsenal,Fulham,Away,7,3,1,A,0
2013-09-01,2013/14,Arsenal,Tottenham,Home,5,1,0,H,0
2013-09-14,2013/14,Arsenal,Sunderland,Away,6,3,1,A,0
2013-09-22,2013/14,Arsenal,Stoke,Home,8,3,1,H,0
2013-09-28,2013/14,Arsenal,Swansea,Away,4,2,1,A,0
2013-10-06,2013/14,Arsenal,West Brom,Away,5,1,1,D,0
2013-10-19,2013/14,Arsenal,Norwich,Home,11,4,1,H,0
2013-10-26,2013/14,Arsenal,Crystal Palace,Away,4,2,0,A,1
2013-11-02,2013/14,Arsenal,Liverpool,Home,7,2,0,H,0
2013-11-10,2013/14,Arsenal,Man United,Away,2,0,1,H,0
2013-11-23,2013/14,Arsenal,Southampton,Home,4,2,0,H,0
2013-11-30,2013/14,Arsenal,Cardiff,Away,6,3,0,A,0
2013-12-04,2013/14,Arsenal,Hull,Home,7,2,0,H,0
2013-12-08,2013/14,Arsenal,Everton,Home,5,1,1,D,0
2013-12-14,2013/14,Arsenal,Man City,Away,6,3,6,H,0
2013-12-23,2013/14,Arsenal,Chelsea,Home,2,0,0,D,0
2013-12-26,2013/14,Arsenal,West Ham,Away,8,3,1,A,0
2013-12-29,2013/14,Arsenal,Newcastle,Away,5,1,0,A,0
2014-01-01,2013/14,Arsenal,Cardiff,Home,6,2,0,H,0
2014-01-13,2013/14,Arsenal,Aston Villa,Away,4,2,1,A,0
2014-01-18,2013/14,Arsenal,Fulham,Home,8,2,0,H,0
2014-01-28,2013/14,Arsenal,Southampton,Away,4,2,2,D,1
2014-02-02,2013/14,Arsenal,Crystal Palace,Home,6,2,0,H,0
2014-02-08,2013/14,Arsenal,Liverpool,Away,6,1,5,H,0
2014-02-12,2013/14,Arsenal,Man United,Home,5,0,0,D,0
2014-02-22,2013/14,Arsenal,Sunderland,Home,9,4,1,H,0
2014-03-01,2013/14,Arsenal,Stoke,Away,2,0,1,H,0
2014-03-16,2013/14,Arsenal,Tottenham,Away,3,1,0,A,0
2014-03-22,2013/14,Arsenal,Chelsea,Away,5,0,6,H,1
2014-03-25,2013/14,Arsenal,Swansea,Home,4,2,2,D,0
2014-03-29,2013/14,Arsenal,Man City,Home,3,1,1,D,0
2014-04-06,2013/14,Arsenal,Everton,Away,5,0,3,H,0
2014-04-15,2013/14,Arsenal,West Ham,Home,8,3,1,H,0
2014-04-20,2013/14,Arsenal,Hull,Away,6,3,0,A,0
2014-04-28,2013/14,Arsenal,Newcastle,Home,8,3,0,H,0
2014-05-04,2013/14,Arsenal,West Brom,Home,4,1,0,H,0
2014-05-11,2013/14,Arsenal,Norwich,Away,8,2,0,A,0
2014-08-16,2014/15,Arsenal,Crystal Palace,Home,6,2,1,H,0
2014-08-23,2014/15,Arsenal,Everton,Away,3,2,2,D,0
2014-08-31,2014/15,Arsenal,Leicester,Away,6,1,1,D,0
2014-09-13,2014/15,Arsenal,Man City,Home,6,2,2,D,0
2014-09-20,2014/15,Arsenal,Aston Villa,Away,3,3,0,A,0
2014-09-27,2014/15,Arsenal,Tottenham,Home,6,1,1,D,0
2014-10-05,2014/15,Arsenal,Chelsea,Away,0,0,2,H,0
2014-10-18,2014/15,Arsenal,Hull,Home,9,2,2,D,0
2014-10-25,2014/15,Arsenal,Sunderland,Away,5,2,0,A,0
2014-11-01,2014/15,Arsenal,Burnley,Home,13,3,0,H,0
2014-11-09,2014/15,Arsenal,Swansea,Away,4,1,2,H,0
2014-11-22,2014/15,Arsenal,Man United,Home,9,1,2,A,0
2014-11-29,2014/15,Arsenal,West Brom,Away,5,1,0,A,0
2014-12-03,2014/15,Arsenal,Southampton,Home,8,1,0,H,0
2014-12-06,2014/15,Arsenal,Stoke,Away,6,2,3,H,1
2014-12-13,2014/15,Arsenal,Newcastle,Home,4,4,1,H,0
2014-12-21,2014/15,Arsenal,Liverpool,Away,3,2,2,D,0
2014-12-26,2014/15,Arsenal,QPR,Home,5,2,1,H,1
2014-12-28,2014/15,Arsenal,West Ham,Away,7,2,1,A,0
2015-01-01,2014/15,Arsenal,Southampton,Away,6,0,2,H,0
2015-01-11,2014/15,Arsenal,Stoke,Home,6,3,0,H,0
2015-01-18,2014/15,Arsenal,Man City,Away,3,2,0,A,0
2015-02-01,2014/15,Arsenal,Aston Villa,Home,8,5,0,H,0
2015-02-07,2014/15,Arsenal,Tottenham,Away,3,1,2,H,0
2015-02-10,2014/15,Arsenal,Leicester,Home,7,2,1,H,0
2015-02-21,2014/15,Arsenal,Crystal Palace,Away,4,2,1,A,0
2015-03-01,2014/15,Arsenal,Everton,Home,4,2,0,H,0
2015-03-04,2014/15,Arsenal,QPR,Away,9,2,1,A,0
2015-03-14,2014/15,Arsenal,West Ham,Home,9,3,0,H,0
2015-03-21,2014/15,Arsenal,Newcastle,Away,3,2,1,A,0
2015-04-04,2014/15,Arsenal,Liverpool,Home,10,4,1,H,0
2015-04-11,2014/15,Arsenal,Burnley,Away,5,1,0,A,0
2015-04-26,2014/15,Arsenal,Chelsea,Home,1,0,0,D,0
2015-05-04,2014/15,Arsenal,Hull,Away,9,3,1,A,0
2015-05-11,2014/15,Arsenal,Swansea,Home,9,0,1,A,0
2015-05-17,2014/15,Arsenal,Man United,Away,3,1,1,D,0
2015-05-20,2014/15,Arsenal,Sunderland,Home,8,0,0,D,0
2015-05-24,2014/15,Arsenal,West Brom,Home,13,4,1,H,0
2015-08-09,2015/16,Arsenal,West Ham,Home,6,0,2,A,0
2015-08-16,2015/16,Arsenal,Crystal Palace,Away,7,2,1,A,0
2015-08-24,2015/16,Arsenal,Liverpool,Home,5,0,0,D,0
2015-08-29,2015/16,Arsenal,Newcastle,Away,9,1,0,A,0
2015-09-12,2015/16,Arsenal,Stoke,Home,12,2,0,H,0
2015-09-19,2015/16,Arsenal,Chelsea,Away,2,0,2,H,2
2015-09-26,2015/16,Arsenal,Leicester,Away,12,5,2,A,0
2015-10-04,2015/16,Arsenal,Man United,Home,5,3,0,H,0
2015-10-17,2015/16,Arsenal,Watford,Away,6,3,0,A,0
2015-10-24,2015/16,Arsenal,Everton,Home,5,2,1,H,0
2015-10-31,2015/16,Arsenal,Swansea,Away,5,3,0,A,0
2015-11-08,2015/16,Arsenal,Tottenham,Home,4,1,1,D,0
2015-11-21,2015/16,Arsenal,West Brom,Away,3,1,2,H,0
2015-11-29,2015/16,Arsenal,Norwich,Away,3,1,1,D,0
2015-12-05,2015/16,Arsenal,Sunderland,Home,7,3,1,H,0
2015-12-13,2015/16,Arsenal,Aston Villa,Away,4,2,0,A,0
2015-12-21,2015/16,Arsenal,Man City,Home,5,2,1,H,0
2015-12-26,2015/16,Arsenal,Southampton,Away,4,0,4,H,0
2015-12-28,2015/16,Arsenal,Bournemouth,Home,6,2,0,H,0
2016-01-02,2015/16,Arsenal,Newcastle,Home,3,1,0,H,0
2016-01-13,2015/16,Arsenal,Liverpool,Away,5,3,3,D,0
2016-01-17,2015/16,Arsenal,Stoke,Away,3,0,0,D,0
2016-01-24,2015/16,Arsenal,Chelsea,Home,1,0,1,A,1
2016-02-02,2015/16,Arsenal,Southampton,Home,11,0,0,D,0
2016-02-07,2015/16,Arsenal,Bournemouth,Away,5,2,0,A,0
2016-02-14,2015/16,Arsenal,Leicester,Home,6,2,1,H,0
2016-02-28,2015/16,Arsenal,Man United,Away,5,2,3,H,0
2016-03-02,2015/16,Arsenal,Swansea,Home,4,1,2,A,0
2016-03-05,2015/16,Arsenal,Tottenham,Away,4,2,2,D,1
2016-03-19,2015/16,Arsenal,Everton,Away,3,2,0,A,0
2016-04-02,2015/16,Arsenal,Watford,Home,12,4,0,H,0
2016-04-09,2015/16,Arsenal,West Ham,Away,6,3,3,D,0
2016-04-17,2015/16,Arsenal,Crystal Palace,Home,6,1,1,D,0
2016-04-21,2015/16,Arsenal,West Brom,Home,7,2,0,H,0
2016-04-24,2015/16,Arsenal,Sunderland,Away,7,0,0,D,0
2016-04-30,2015/16,Arsenal,Norwich,Home,3,1,0,H,0
2016-05-08,2015/16,Arsenal,Man City,Away,2,2,2,D,0
2016-05-15,2015/16,Arsenal,Aston Villa,Home,7,4,0,H,0
2016-08-14,2016/17,Arsenal,Liverpool,Home,5,3,4,A,0
2016-08-20,2016/17,Arsenal,Leicester,Away,4,0,0,D,0
2016-08-27,2016/17,Arsenal,Watford,Away,7,3,1,A,0
2016-09-10,2016/17,Arsenal,Southampton,Home,2,2,1,H,0
2016-09-17,2016/17,Arsenal,Hull,Away,9,4,1,A,0
2016-09-24,2016/17,Arsenal,Chelsea,Home,5,3,0,H,0
2016-10-02,2016/17,Arsenal,Burnley,Away,3,1,0,A,0
2016-10-15,2016/17,Arsenal,Swansea,Home,6,3,2,H,1
2016-10-22,2016/17,Arsenal,Middlesbrough,Home,5,0,0,D,0
2016-10-29,2016/17,Arsenal,Sunderland,Away,7,4,1,A,0
2016-11-06,2016/17,Arsenal,Tottenham,Home,2,1,1,D,0
2016-11-19,2016/17,Arsenal,Man United,Away,1,1,1,D,0
2016-11-27,2016/17,Arsenal,Bournemouth,Home,3,3,1,H,0
2016-12-03,2016/17,Arsenal,West Ham,Away,10,5,1,A,0
2016-12-10,2016/17,Arsenal,Stoke,Home,6,3,1,H,0
2016-12-13,2016/17,Arsenal,Everton,Away,3,1,2,H,0
2016-12-18,2016/17,Arsenal,Man City,Away,1,1,2,H,0
2016-12-26,2016/17,Arsenal,West Brom,Home,11,1,0,H,0
2017-01-01,2016/17,Arsenal,Crystal Palace,Home,7,2,0,H,0
2017-01-03,2016/17,Arsenal,Bournemouth,Away,4,3,3,D,0
2017-01-14,2016/17,Arsenal,Swansea,Away,6,4,0,A,0
2017-01-22,2016/17,Arsenal,Burnley,Home,8,2,1,H,1
2017-01-31,2016/17,Arsenal,Watford,Home,5,1,2,A,0
2017-02-04,2016/17,Arsenal,Chelsea,Away,5,1,3,H,0
2017-02-11,2016/17,Arsenal,Hull,Home,7,2,0,H,0
2017-03-04,2016/17,Arsenal,Liverpool,Away,3,1,3,H,0
2017-03-18,2016/17,Arsenal,West Brom,Away,2,1,3,H,0
2017-04-02,2016/17,Arsenal,Man City,Home,3,2,2,D,0
2017-04-05,2016/17,Arsenal,West Ham,Home,8,3,0,H,0
2017-04-10,2016/17,Arsenal,Crystal Palace,Away,3,0,3,H,0
2017-04-17,2016/17,Arsenal,Middlesbrough,Away,4,2,1,A,0
2017-04-26,2016/17,Arsenal,Leicester,Home,5,1,0,H,0
2017-04-30,2016/17,Arsenal,Tottenham,Away,4,0,2,H,0
2017-05-07,2016/17,Arsenal,Man United,Home,4,2,0,H,0
2017-05-10,2016/17,Arsenal,Southampton,Away,4,2,0,A,0
2017-05-13,2016/17,Arsenal,Stoke,Away,6,4,1,A,0
2017-05-16,2016/17,Arsenal,Sunderland,Home,13,2,0,H,0
2017-05-21,2016/17,Arsenal,Everton,Home,9,3,1,H,1
2017-08-11,2017/18,Arsenal,Leicester,Home,10,4,3,H,0
2017-08-19,2017/18,Arsenal,Stoke,Away,6,0,1,H,0
2017-08-27,2017/18,Arsenal,Liverpool,Away,0,0,4,H,0
2017-09-09,2017/18,Arsenal,Bournemouth,Home,9,3,0,H,0
2017-09-17,2017/18,Arsenal,Chelsea,Away,2,0,0,D,0
2017-09-25,2017/18,Arsenal,West Brom,Home,6,2,0,H,0
2017-10-01,2017/18,Arsenal,Brighton,Home,12,2,0,H,0
2017-10-14,2017/18,Arsenal,Watford,Away,6,1,2,H,0
2017-10-22,2017/18,Arsenal,Everton,Away,14,5,2,A,0
2017-10-28,2017/18,Arsenal,Swansea,Home,5,2,1,H,0
2017-11-05,2017/18,Arsenal,Man City,Away,3,1,3,H,0
2017-11-18,2017/18,Arsenal,Tottenham,Home,5,2,0,H,0
2017-11-26,2017/18,Arsenal,Burnley,Away,2,1,0,A,0
2017-11-29,2017/18,Arsenal,Huddersfield,Home,7,5,0,H,0
2017-12-02,2017/18,Arsenal,Man United,Home,15,1,3,A,0
2017-12-10,2017/18,Arsenal,Southampton,Away,6,1,1,D,0
2017-12-13,2017/18,Arsenal,West Ham,Away,3,0,0,D,0
2017-12-16,2017/18,Arsenal,Newcastle,Home,5,1,0,H,0
2017-12-22,2017/18,Arsenal,Liverpool,Home,4,3,3,D,0
2017-12-28,2017/18,Arsenal,Crystal Palace,Away,9,3,2,A,0
2017-12-31,2017/18,Arsenal,West Brom,Away,4,1,1,D,0
2018-01-03,2017/18,Arsenal,Chelsea,Home,6,2,2,D,0
2018-01-14,2017/18,Arsenal,Bournemouth,Away,3,1,2,H,0
2018-01-20,2017/18,Arsenal,Crystal Palace,Home,10,4,1,H,0
2018-01-30,2017/18,Arsenal,Swansea,Away,4,1,3,H,0
2018-02-03,2017/18,Arsenal,Everton,Home,7,5,1,H,0
2018-02-10,2017/18,Arsenal,Tottenham,Away,1,0,1,H,0
2018-03-01,2017/18,Arsenal,Man City,Home,5,0,3,A,0
2018-03-04,2017/18,Arsenal,Brighton,Away,7,1,2,H,0
2018-03-11,2017/18,Arsenal,Watford,Home,7,3,0,H,0
2018-04-01,2017/18,Arsenal,Stoke,Home,11,3,0,H,0
2018-04-08,2017/18,Arsenal,Southampton,Home,7,3,2,H,1
2018-04-15,2017/18,Arsenal,Newcastle,Away,3,1,2,H,0
2018-04-22,2017/18,Arsenal,West Ham,Home,8,4,1,H,0
2018-04-29,2017/18,Arsenal,Man United,Away,3,1,2,H,0
2018-05-06,2017/18,Arsenal,Burnley,Home,8,5,0,H,0
2018-05-09,2017/18,Arsenal,Leicester,Away,7,1,3,H,1
2018-05-13,2017/18,Arsenal,Huddersfield,Away,4,1,0,A,0
2018-08-12,2018/19,Arsenal,Man City,Home,3,0,2,A,0
2018-08-18,2018/19,Arsenal,Chelsea,Away,6,2,3,H,0
2018-08-25,2018/19,Arsenal,West Ham,Home,10,3,1,H,0
2018-09-02,2018/19,Arsenal,Cardiff,Away,11,3,2,A,0
2018-09-15,2018/19,Arsenal,Newcastle,Away,2,2,1,A,0
2018-09-23,2018/19,Arsenal,Everton,Home,5,2,0,H,0
2018-09-29,2018/19,Arsenal,Watford,Home,2,2,0,H,0
2018-10-07,2018/19,Arsenal,Fulham,Away,7,5,1,A,0
2018-10-22,2018/19,Arsenal,Leicester,Home,6,3,1,H,0
2018-10-28,2018/19,Arsenal,Crystal Palace,Away,2,2,2,D,0
2018-11-03,2018/19,Arsenal,Liverpool,Home,4,1,1,D,0
2018-11-11,2018/19,Arsenal,Wolves,Home,3,1,1,D,0
2018-11-25,2018/19,Arsenal,Bournemouth,Away,4,2,1,A,0
2018-12-02,2018/19,Arsenal,Tottenham,Home,7,4,2,H,0
2018-12-05,2018/19,Arsenal,Man United,Away,4,2,2,D,0
2018-12-08,2018/19,Arsenal,Huddersfield,Home,2,1,0,H,0
2018-12-16,2018/19,Arsenal,Southampton,Away,4,2,3,H,0
2018-12-22,2018/19,Arsenal,Burnley,Home,6,3,1,H,0
2018-12-26,2018/19,Arsenal,Brighton,Away,4,1,1,D,0
2018-12-29,2018/19,Arsenal,Liverpool,Away,2,1,5,H,0
2019-01-01,2018/19,Arsenal,Fulham,Home,9,4,1,H,0
2019-01-12,2018/19,Arsenal,West Ham,Away,2,0,1,H,0
2019-01-19,2018/19,Arsenal,Chelsea,Home,5,2,0,H,0
2019-01-29,2018/19,Arsenal,Cardiff,Home,4,2,1,H,0
2019-02-03,2018/19,Arsenal,Man City,Away,2,1,3,H,0
2019-02-09,2018/19,Arsenal,Huddersfield,Away,4,2,1,A,0
2019-02-24,2018/19,Arsenal,Southampton,Home,4,2,0,H,0
2019-02-27,2018/19,Arsenal,Bournemouth,Home,6,5,1,H,0
2019-03-02,2018/19,Arsenal,Tottenham,Away,4,1,1,D,1
2019-03-10,2018/19,Arsenal,Man United,Home,3,2,0,H,0
2019-04-01,2018/19,Arsenal,Newcastle,Home,4,2,0,H,0
2019-04-07,2018/19,Arsenal,Everton,Away,2,0,1,H,0
2019-04-15,2018/19,Arsenal,Watford,Away,6,1,0,A,0
2019-04-21,2018/19,Arsenal,Crystal Palace,Home,5,2,3,A,0
2019-04-24,2018/19,Arsenal,Wolves,Away,1,1,3,H,0
2019-04-28,2018/19,Arsenal,Leicester,Away,1,0,3,H,1
2019-05-05,2018/19,Arsenal,Brighton,Home,8,1,1,D,0
2019-05-12,2018/19,Arsenal,Burnley,Away,6,3,1,A,0
2019-08-11,2019/20,Arsenal,Newcastle,Away,2,1,0,A,0
2019-08-17,2019/20,Arsenal,Burnley,Home,9,2,1,H,0
2019-08-24,2019/20,Arsenal,Liverpool,Away,3,1,3,H,0
2019-09-01,2019/20,Arsenal,Tottenham,Home,8,2,2,D,0
2019-09-15,2019/20,Arsenal,Watford,Away,4,2,2,D,0
2019-09-22,2019/20,Arsenal,Aston Villa,Home,6,3,2,H,1
2019-09-30,2019/20,Arsenal,Man United,Away,5,1,1,D,0
2019-10-06,2019/20,Arsenal,Bournemouth,Home,2,1,0,H,0
2019-10-21,2019/20,Arsenal,Sheffield United,Away,3,0,1,H,0
2019-10-27,2019/20,Arsenal,Crystal Palace,Home,6,2,2,D,0
2019-11-02,2019/20,Arsenal,Wolves,Home,4,1,1,D,0
2019-11-09,2019/20,Arsenal,Leicester,Away,1,0,2,H,0
2019-11-23,2019/20,Arsenal,Southampton,Home,5,2,2,D,0
2019-12-01,2019/20,Arsenal,Norwich,Away,7,2,2,D,0
2019-12-05,2019/20,Arsenal,Brighton,Home,5,1,2,A,0
2019-12-09,2019/20,Arsenal,West Ham,Away,3,3,1,A,0
2019-12-15,2019/20,Arsenal,Man City,Home,1,0,3,A,0
2019-12-21,2019/20,Arsenal,Everton,Away,2,0,0,D,0
2019-12-26,2019/20,Arsenal,Bournemouth,Away,2,1,1,D,0
2019-12-29,2019/20,Arsenal,Chelsea,Home,2,1,2,A,0
2020-01-01,2019/20,Arsenal,Man United,Home,4,2,0,H,0
2020-01-11,2019/20,Arsenal,Crystal Palace,Away,4,1,1,D,1
2020-01-18,2019/20,Arsenal,Sheffield United,Home,4,1,1,D,0
2020-01-21,2019/20,Arsenal,Chelsea,Away,2,2,2,D,1
2020-02-02,2019/20,Arsenal,Burnley,Away,2,0,0,D,0
2020-02-16,2019/20,Arsenal,Newcastle,Home,7,4,0,H,0
2020-02-23,2019/20,Arsenal,Everton,Home,4,3,2,H,0
2020-03-07,2019/20,Arsenal,West Ham,Home,2,1,0,H,0
2020-06-17,2019/20,Arsenal,Man City,Away,0,0,3,H,1
2020-06-20,2019/20,Arsenal,Brighton,Away,6,1,2,H,0
2020-06-25,2019/20,Arsenal,Southampton,Away,5,2,0,A,0
2020-07-01,2019/20,Arsenal,Norwich,Home,8,4,0,H,0
2020-07-04,2019/20,Arsenal,Wolves,Away,5,2,0,A,0
2020-07-07,2019/20,Arsenal,Leicester,Home,7,1,1,D,1
2020-07-12,2019/20,Arsenal,Tottenham,Away,4,1,2,H,0
2020-07-15,2019/20,Arsenal,Liverpool,Home,2,2,1,H,0
2020-07-21,2019/20,Arsenal,Aston Villa,Away,0,0,1,H,0
2020-07-26,2019/20,Arsenal,Watford,Home,5,3,2,H,0
2020-09-12,2020/21,Arsenal,Fulham,Away,6,3,0,A,0
2020-09-19,2020/21,Arsenal,West Ham,Home,3,2,1,H,0
2020-09-28,2020/21,Arsenal,Liverpool,Away,3,1,3,H,0
2020-10-04,2020/21,Arsenal,Sheffield United,Home,5,2,1,H,0
2020-10-17,2020/21,Arsenal,Man City,Away,3,0,1,H,0
2020-10-25,2020/21,Arsenal,Leicester,Home,4,0,1,A,0
2020-11-01,2020/21,Arsenal,Man United,Away,2,1,0,A,0
2020-11-08,2020/21,Arsenal,Aston Villa,Home,2,0,3,A,0
2020-11-22,2020/21,Arsenal,Leeds,Away,2,0,0,D,1
2020-11-29,2020/21,Arsenal,Wolves,Home,2,1,2,A,0
2020-12-06,2020/21,Arsenal,Tottenham,Away,2,0,2,H,0
2020-12-13,2020/21,Arsenal,Burnley,Home,6,0,1,A,1
2020-12-16,2020/21,Arsenal,Southampton,Home,4,1,1,D,1
2020-12-19,2020/21,Arsenal,Everton,Away,2,1,2,H,0
2020-12-26,2020/21,Arsenal,Chelsea,Home,7,3,1,H,0
2020-12-29,2020/21,Arsenal,Brighton,Away,3,1,0,A,0
2021-01-02,2020/21,Arsenal,West Brom,Away,12,4,0,A,0
2021-01-14,2020/21,Arsenal,Crystal Palace,Home,4,0,0,D,0
2021-01-18,2020/21,Arsenal,Newcastle,Home,6,3,0,H,0
2021-01-26,2020/21,Arsenal,Southampton,Away,5,3,1,A,0
2021-01-30,2020/21,Arsenal,Man United,Home,3,0,0,D,0
2021-02-02,2020/21,Arsenal,Wolves,Away,3,1,2,H,2
2021-02-06,2020/21,Arsenal,Aston Villa,Away,3,0,1,H,0
2021-02-14,2020/21,Arsenal,Leeds,Home,5,4,2,H,0
2021-02-21,2020/21,Arsenal,Man City,Home,1,0,1,A,0
2021-02-28,2020/21,Arsenal,Leicester,Away,4,3,1,A,0
2021-03-06,2020/21,Arsenal,Burnley,Away,3,1,1,D,0
2021-03-14,2020/21,Arsenal,Tottenham,Home,3,2,1,H,0
2021-03-21,2020/21,Arsenal,West Ham,Away,7,3,3,D,0
2021-04-03,2020/21,Arsenal,Liverpool,Home,2,0,3,A,0
2021-04-11,2020/21,Arsenal,Sheffield United,Away,5,3,0,A,0
2021-04-18,2020/21,Arsenal,Fulham,Home,5,1,1,D,0
2021-04-23,2020/21,Arsenal,Everton,Home,3,0,1,A,0
2021-05-02,2020/21,Arsenal,Newcastle,Away,5,2,0,A,0
2021-05-09,2020/21,Arsenal,West Brom,Home,7,3,1,H,0
2021-05-12,2020/21,Arsenal,Chelsea,Away,2,1,0,A,0
2021-05-19,2020/21,Arsenal,Crystal Palace,Away,3,3,1,A,0
2021-05-23,2020/21,Arsenal,Brighton,Home,5,2,0,H,0
2021-08-13,2021/22,Arsenal,Brentford,Away,4,0,2,H,0
2021-08-22,2021/22,Arsenal,Chelsea,Home,3,0,2,A,0
2021-08-28,2021/22,Arsenal,Man City,Away,0,0,5,H,1
2021-09-11,2021/22,Arsenal,Norwich,Home,7,1,0,H,0
2021-09-18,2021/22,Arsenal,Burnley,Away,3,1,0,A,0
2021-09-26,2021/22,Arsenal,Tottenham,Home,7,3,1,H,0
2021-10-02,2021/22,Arsenal,Brighton,Away,2,0,0,D,0
2021-10-18,2021/22,Arsenal,Crystal Palace,Home,6,2,2,D,0
2021-10-22,2021/22,Arsenal,Aston Villa,Home,9,3,1,H,0
2021-10-30,2021/22,Arsenal,Leicester,Away,5,2,0,A,0
2021-11-07,2021/22,Arsenal,Watford,Home,6,1,0,H,0
2021-11-20,2021/22,Arsenal,Liverpool,Away,3,0,4,H,0
2021-11-27,2021/22,Arsenal,Newcastle,Home,6,2,0,H,0
2021-12-02,2021/22,Arsenal,Man United,Away,8,2,3,H,0
2021-12-06,2021/22,Arsenal,Everton,Away,3,1,2,H,0
2021-12-11,2021/22,Arsenal,Southampton,Home,5,3,0,H,0
2021-12-15,2021/22,Arsenal,West Ham,Home,8,2,0,H,0
2021-12-18,2021/22,Arsenal,Leeds,Away,12,4,1,A,0
2021-12-26,2021/22,Arsenal,Norwich,Away,6,5,0,A,0
2022-01-01,2021/22,Arsenal,Man City,Home,2,1,2,A,1
2022-01-23,2021/22,Arsenal,Burnley,Home,5,0,0,D,0
2022-02-10,2021/22,Arsenal,Wolves,Away,2,1,0,A,1
2022-02-19,2021/22,Arsenal,Brentford,Home,8,2,1,H,0
2022-02-24,2021/22,Arsenal,Wolves,Home,5,2,1,H,0
2022-03-06,2021/22,Arsenal,Watford,Away,4,3,2,A,0
2022-03-13,2021/22,Arsenal,Leicester,Home,8,2,0,H,0
2022-03-16,2021/22,Arsenal,Liverpool,Home,2,0,2,A,0
2022-03-19,2021/22,Arsenal,Aston Villa,Away,3,1,0,A,0
2022-04-04,2021/22,Arsenal,Crystal Palace,Away,3,0,3,H,0
2022-04-09,2021/22,Arsenal,Brighton,Home,4,1,2,A,0
2022-04-16,2021/22,Arsenal,Southampton,Away,6,0,1,H,0
2022-04-20,2021/22,Arsenal,Chelsea,Away,4,4,2,A,0
2022-04-23,2021/22,Arsenal,Man United,Home,7,3,1,H,0
2022-05-01,2021/22,Arsenal,West Ham,Away,7,2,1,A,0
2022-05-08,2021/22,Arsenal,Leeds,Home,9,2,1,H,0
2022-05-12,2021/22,Arsenal,Tottenham,Away,4,0,3,H,1
2022-05-16,2021/22,Arsenal,Newcastle,Away,2,0,2,H,0
2022-05-22,2021/22,Arsenal,Everton,Home,9,5,1,H,0
2022-08-05,2022/23,Arsenal,Crystal Palace,Away,2,2,0,A,0
2022-08-13,2022/23,Arsenal,Leicester,Home,7,4,2,H,0
2022-08-20,2022/23,Arsenal,Bournemouth,Away,6,3,0,A,0
2022-08-27,2022/23,Arsenal,Fulham,Home,8,2,1,H,0
2022-08-31,2022/23,Arsenal,Aston Villa,Home,9,2,1,H,0
2022-09-04,2022/23,Arsenal,Man United,Away,3,1,3,H,0
2022-09-18,2022/23,Arsenal,Brentford,Away,7,3,0,A,0
2022-10-01,2022/23,Arsenal,Tottenham,Home,9,3,1,H,0
2022-10-09,2022/23,Arsenal,Liverpool,Home,7,3,2,H,0
2022-10-16,2022/23,Arsenal,Leeds,Away,4,1,0,A,0
2022-10-23,2022/23,Arsenal,Southampton,Away,3,1,1,D,0
2022-10-30,2022/23,Arsenal,Nott'm Forest,Home,10,5,0,H,0
2022-11-06,2022/23,Arsenal,Chelsea,Away,2,1,0,A,0
2022-11-12,2022/23,Arsenal,Wolves,Away,4,2,0,A,0
2022-12-26,2022/23,Arsenal,West Ham,Home,5,3,1,H,0
2022-12-31,2022/23,Arsenal,Brighton,Away,7,4,2,A,0
2023-01-03,2022/23,Arsenal,Newcastle,Home,4,0,0,D,0
2023-01-15,2022/23,Arsenal,Tottenham,Away,5,2,0,A,0
2023-01-22,2022/23,Arsenal,Man United,Home,5,3,2,H,0
2023-02-04,2022/23,Arsenal,Everton,Away,3,0,1,H,0
2023-02-11,2022/23,Arsenal,Brentford,Home,7,1,1,D,0
2023-02-15,2022/23,Arsenal,Man City,Home,1,1,3,A,0
2023-02-18,2022/23,Arsenal,Aston Villa,Away,5,4,2,A,0
2023-02-25,2022/23,Arsenal,Leicester,Away,2,1,0,A,0
2023-03-01,2022/23,Arsenal,Everton,Home,5,4,0,H,0
2023-03-04,2022/23,Arsenal,Bournemouth,Home,9,3,2,H,0
2023-03-12,2022/23,Arsenal,Fulham,Away,7,3,0,A,0
2023-03-19,2022/23,Arsenal,Crystal Palace,Home,5,4,1,H,0
2023-04-01,2022/23,Arsenal,Leeds,Home,6,4,1,H,0
2023-04-09,2022/23,Arsenal,Liverpool,Away,5,2,2,D,0
2023-04-16,2022/23,Arsenal,West Ham,Away,5,2,2,D,0
2023-04-21,2022/23,Arsenal,Southampton,Home,6,3,3,D,0
2023-04-26,2022/23,Arsenal,Man City,Away,2,1,4,H,0
2023-05-02,2022/23,Arsenal,Chelsea,Home,10,3,1,H,0
2023-05-07,2022/23,Arsenal,Newcastle,Away,6,2,0,A,0
2023-05-14,2022/23,Arsenal,Brighton,Home,2,0,3,A,0
2023-05-20,2022/23,Arsenal,Nott'm Forest,Away,3,0,1,H,0
2023-05-28,2022/23,Arsenal,Wolves,Home,8,5,0,H,0
2023-08-12,2023/24,Arsenal,Nott'm Forest,Home,7,2,1,H,0
2023-08-21,2023/24,Arsenal,Crystal Palace,Away,3,1,0,A,1
2023-08-26,2023/24,Arsenal,Fulham,Home,11,2,2,D,0
2023-09-03,2023/24,Arsenal,Man United,Home,5,3,1,H,0
2023-09-17,2023/24,Arsenal,Everton,Away,4,1,0,A,0
2023-09-24,2023/24,Arsenal,Tottenham,Home,6,2,2,D,0
2023-09-30,2023/24,Arsenal,Bournemouth,Away,8,4,0,A,0
2023-10-08,2023/24,Arsenal,Man City,Home,2,1,0,H,0
2023-10-21,2023/24,Arsenal,Chelsea,Away,3,2,2,D,0
2023-10-28,2023/24,Arsenal,Sheffield United,Home,8,5,0,H,0
2023-11-04,2023/24,Arsenal,Newcastle,Away,1,0,1,H,0
2023-11-11,2023/24,Arsenal,Burnley,Home,6,3,1,H,1
2023-11-25,2023/24,Arsenal,Brentford,Away,4,1,0,A,0
2023-12-02,2023/24,Arsenal,Wolves,Home,6,2,1,H,0
2023-12-05,2023/24,Arsenal,Luton,Away,9,4,3,A,0
2023-12-09,2023/24,Arsenal,Aston Villa,Away,5,0,1,H,0
2023-12-17,2023/24,Arsenal,Brighton,Home,9,2,0,H,0
2023-12-23,2023/24,Arsenal,Liverpool,Away,2,1,1,D,0
2023-12-28,2023/24,Arsenal,West Ham,Home,8,0,2,A,0
2023-12-31,2023/24,Arsenal,Fulham,Away,3,1,2,H,0
2024-01-20,2023/24,Arsenal,Crystal Palace,Home,6,5,0,H,0
2024-01-30,2023/24,Arsenal,Nott'm Forest,Away,3,2,1,A,0
2024-02-04,2023/24,Arsenal,Liverpool,Home,7,3,1,H,0
2024-02-11,2023/24,Arsenal,West Ham,Away,12,6,0,A,0
2024-02-17,2023/24,Arsenal,Burnley,Away,7,5,0,A,0
2024-02-24,2023/24,Arsenal,Newcastle,Home,8,4,1,H,0
2024-03-04,2023/24,Arsenal,Sheffield United,Away,10,6,0,A,0
2024-03-09,2023/24,Arsenal,Brentford,Home,6,2,1,H,0
2024-03-31,2023/24,Arsenal,Man City,Away,2,0,0,D,0
2024-04-03,2023/24,Arsenal,Luton,Home,4,2,0,H,0
2024-04-06,2023/24,Arsenal,Brighton,Away,7,3,0,A,0
2024-04-14,2023/24,Arsenal,Aston Villa,Home,4,0,2,A,0
2024-04-20,2023/24,Arsenal,Wolves,Away,9,2,0,A,0
2024-04-23,2023/24,Arsenal,Chelsea,Home,10,5,0,H,0
2024-04-28,2023/24,Arsenal,Tottenham,Away,3,3,2,A,0
2024-05-04,2023/24,Arsenal,Bournemouth,Home,9,3,0,H,0
2024-05-12,2023/24,Arsenal,Man United,Away,5,1,0,A,0
2024-05-19,2023/24,Arsenal,Everton,Home,5,2,1,H,0
2024-08-17,2024/25,Arsenal,Wolves,Home,6,2,0,H,0
2024-08-24,2024/25,Arsenal,Aston Villa,Away,4,2,0,A,0
2024-08-31,2024/25,Arsenal,Brighton,Home,7,1,1,D,1
2024-09-15,2024/25,Arsenal,Tottenham,Away,4,1,0,A,0
2024-09-22,2024/25,Arsenal,Man City,Away,3,2,2,D,1
2024-09-28,2024/25,Arsenal,Leicester,Home,16,4,2,H,0
2024-10-05,2024/25,Arsenal,Southampton,Home,6,3,1,H,0
2024-10-19,2024/25,Arsenal,Bournemouth,Away,1,0,2,H,1
2024-10-27,2024/25,Arsenal,Liverpool,Home,3,2,2,D,0
2024-11-02,2024/25,Arsenal,Newcastle,Away,1,0,1,H,0
2024-11-10,2024/25,Arsenal,Chelsea,Away,3,1,1,D,0
2024-11-23,2024/25,Arsenal,Nott'm Forest,Home,7,3,0,H,0
2024-11-30,2024/25,Arsenal,West Ham,Away,7,5,2,A,0
2024-12-04,2024/25,Arsenal,Man United,Home,6,2,0,H,0
2024-12-08,2024/25,Arsenal,Fulham,Away,4,1,1,D,0
2024-12-14,2024/25,Arsenal,Everton,Home,5,0,0,D,0
2024-12-21,2024/25,Arsenal,Crystal Palace,Away,6,5,1,A,0
2024-12-27,2024/25,Arsenal,Ipswich,Home,5,1,0,H,0
2025-01-01,2024/25,Arsenal,Brentford,Away,5,3,1,A,0
2025-01-04,2024/25,Arsenal,Brighton,Away,3,1,1,D,0
2025-01-15,2024/25,Arsenal,Tottenham,Home,4,2,1,H,0
2025-01-18,2024/25,Arsenal,Aston Villa,Home,6,2,2,D,0
2025-01-25,2024/25,Arsenal,Wolves,Away,3,1,0,A,1
2025-02-02,2024/25,Arsenal,Man City,Home,7,5,1,H,0
2025-02-15,2024/25,Arsenal,Leicester,Away,5,2,0,A,0
2025-02-22,2024/25,Arsenal,West Ham,Home,2,0,1,A,1
2025-02-26,2024/25,Arsenal,Nott'm Forest,Away,1,0,0,D,0
2025-03-09,2024/25,Arsenal,Man United,Away,6,1,1,D,0
2025-03-16,2024/25,Arsenal,Chelsea,Home,4,1,0,H,0
2025-04-01,2024/25,Arsenal,Fulham,Home,4,2,1,H,0
2025-04-05,2024/25,Arsenal,Everton,Away,5,1,1,D,0
2025-04-12,2024/25,Arsenal,Brentford,Home,3,1,1,D,0
2025-04-20,2024/25,Arsenal,Ipswich,Away,7,4,0,A,0
2025-04-23,2024/25,Arsenal,Crystal Palace,Home,6,2,2,D,0
2025-05-03,2024/25,Arsenal,Bournemouth,Home,4,1,2,A,0
2000-08-19,2000/01,Aston Villa,Leicester,Away,3,0,0,D,0
2000-08-27,2000/01,Aston Villa,Chelsea,Home,9,1,1,D,0
2000-09-06,2000/01,Aston Villa,Liverpool,Away,4,1,3,H,0
2000-09-09,2000/01,Aston Villa,Ipswich,Away,2,2,1,A,0
2000-09-16,2000/01,Aston Villa,Bradford,Home,7,2,0,H,0
2000-09-23,2000/01,Aston Villa,Middlesbrough,Away,7,1,1,D,0
2000-09-30,2000/01,Aston Villa,Derby,Home,7,4,1,H,0
2000-10-14,2000/01,Aston Villa,Arsenal,Away,3,0,1,H,1
2000-10-22,2000/01,Aston Villa,Sunderland,Home,4,0,0,D,0
2000-10-28,2000/01,Aston Villa,Charlton,Home,7,2,1,H,0
2000-11-05,2000/01,Aston Villa,Everton,Away,1,1,0,A,0
2000-11-11,2000/01,Aston Villa,Tottenham,Home,6,2,0,H,0
2000-11-18,2000/01,Aston Villa,Southampton,Away,3,0,2,H,0
2000-11-25,2000/01,Aston Villa,Coventry,Away,4,1,1,D,0
2000-12-02,2000/01,Aston Villa,Newcastle,Home,4,1,1,D,0
2000-12-09,2000/01,Aston Villa,West Ham,Away,4,1,1,D,0
2000-12-16,2000/01,Aston Villa,Man City,Home,5,2,2,D,1
2000-12-23,2000/01,Aston Villa,Leeds,Away,5,2,1,A,0
2000-12-26,2000/01,Aston Villa,Man United,Home,3,0,1,A,0
2001-01-01,2000/01,Aston Villa,Chelsea,Away,3,0,1,H,0
2001-01-13,2000/01,Aston Villa,Liverpool,Home,1,0,3,A,0
2001-01-20,2000/01,Aston Villa,Man United,Away,3,0,2,H,0
2001-01-24,2000/01,Aston Villa,Leeds,Home,4,1,2,A,0
2001-02-03,2000/01,Aston Villa,Bradford,Away,6,3,0,A,0
2001-02-10,2000/01,Aston Villa,Middlesbrough,Home,4,1,1,D,0
2001-02-24,2000/01,Aston Villa,Derby,Away,7,0,1,H,0
2001-03-05,2000/01,Aston Villa,Sunderland,Away,2,1,1,D,0
2001-03-10,2000/01,Aston Villa,Ipswich,Home,5,2,1,H,0
2001-03-18,2000/01,Aston Villa,Arsenal,Home,2,0,0,D,0
2001-03-31,2000/01,Aston Villa,Man City,Away,7,3,1,A,0
2001-04-04,2000/01,Aston Villa,Leicester,Home,5,2,1,H,0
2001-04-07,2000/01,Aston Villa,West Ham,Home,4,2,2,D,0
2001-04-14,2000/01,Aston Villa,Everton,Home,5,2,1,H,0
2001-04-17,2000/01,Aston Villa,Charlton,Away,8,3,3,D,0
2001-04-21,2000/01,Aston Villa,Southampton,Home,2,0,0,D,0
2001-04-28,2000/01,Aston Villa,Tottenham,Away,4,0,0,D,0
2001-05-05,2000/01,Aston Villa,Coventry,Home,4,3,2,H,0
2001-05-19,2000/01,Aston Villa,Newcastle,Away,1,0,3,H,1
2001-08-18,2001/02,Aston Villa,Tottenham,Away,2,0,0,D,0
2001-08-26,2001/02,Aston Villa,Man United,Home,4,1,1,D,0
2001-09-08,2001/02,Aston Villa,Liverpool,Away,7,3,1,A,0
2001-09-16,2001/02,Aston Villa,Sunderland,Home,3,0,0,D,0
2001-09-24,2001/02,Aston Villa,Southampton,Away,5,3,1,A,1
2001-09-30,2001/02,Aston Villa,Blackburn,Home,2,2,0,H,0
2001-10-14,2001/02,Aston Villa,Fulham,Home,3,2,0,H,0
2001-10-20,2001/02,Aston Villa,Everton,Away,3,2,3,H,0
2001-10-24,2001/02,Aston Villa,Charlton,Home,6,1,0,H,0
2001-10-27,2001/02,Aston Villa,Bolton,Home,7,3,2,H,0
2001-11-03,2001/02,Aston Villa,Newcastle,Away,2,0,3,H,0
2001-11-17,2001/02,Aston Villa,Middlesbrough,Home,5,0,0,D,0
2001-11-25,2001/02,Aston Villa,Leeds,Away,8,1,1,D,0
2001-12-01,2001/02,Aston Villa,Leicester,Home,7,0,2,A,1
2001-12-05,2001/02,Aston Villa,West Ham,Away,5,1,1,D,0
2001-12-09,2001/02,Aston Villa,Arsenal,Away,5,2,3,H,0
2001-12-17,2001/02,Aston Villa,Ipswich,Home,5,2,1,H,0
2001-12-22,2001/02,Aston Villa,Derby,Away,3,1,3,H,0
2001-12-26,2001/02,Aston Villa,Liverpool,Home,5,1,2,A,0
2001-12-29,2001/02,Aston Villa,Tottenham,Home,7,1,1,D,0
2002-01-01,2001/02,Aston Villa,Sunderland,Away,4,1,1,D,0
2002-01-12,2001/02,Aston Villa,Derby,Home,5,2,1,H,0
2002-01-21,2001/02,Aston Villa,Charlton,Away,3,2,1,A,0
2002-01-30,2001/02,Aston Villa,Everton,Home,2,0,0,D,0
2002-02-02,2001/02,Aston Villa,Fulham,Away,9,0,0,D,0
2002-02-09,2001/02,Aston Villa,Chelsea,Home,3,1,1,D,0
2002-02-23,2001/02,Aston Villa,Man United,Away,2,0,1,H,0
2002-03-02,2001/02,Aston Villa,West Ham,Home,7,2,1,H,0
2002-03-05,2001/02,Aston Villa,Blackburn,Away,4,0,3,H,0
2002-03-17,2001/02,Aston Villa,Arsenal,Home,3,1,2,A,0
2002-03-23,2001/02,Aston Villa,Ipswich,Away,2,0,0,D,0
2002-03-30,2001/02,Aston Villa,Bolton,Away,3,2,3,H,0
2002-04-02,2001/02,Aston Villa,Newcastle,Home,7,1,1,D,0
2002-04-06,2001/02,Aston Villa,Middlesbrough,Away,9,1,2,H,0
2002-04-13,2001/02,Aston Villa,Leeds,Home,5,0,1,A,0
2002-04-20,2001/02,Aston Villa,Leicester,Away,11,2,2,D,0
2002-04-27,2001/02,Aston Villa,Southampton,Home,5,2,1,H,0
2002-05-11,2001/02,Aston Villa,Chelsea,Away,11,3,1,A,0
2002-08-18,2002/03,Aston Villa,Liverpool,Home,5,0,1,A,0
2002-08-24,2002/03,Aston Villa,Tottenham,Away,8,0,1,H,0
2002-08-28,2002/03,Aston Villa,Man City,Home,6,1,0,H,0
2002-09-01,2002/03,Aston Villa,Bolton,Away,5,0,1,H,0
2002-09-11,2002/03,Aston Villa,Charlton,Home,5,2,0,H,0
2002-09-16,2002/03,Aston Villa,Birmingham,Away,1,0,3,H,0
2002-09-22,2002/03,Aston Villa,Everton,Home,8,3,2,H,0
2002-09-28,2002/03,Aston Villa,Sunderland,Away,5,0,1,H,0
2002-10-06,2002/03,Aston Villa,Leeds,Home,5,0,0,D,0
2002-10-21,2002/03,Aston Villa,Southampton,Home,11,0,1,A,1
2002-10-26,2002/03,Aston Villa,Man United,Away,3,1,1,D,0
2002-11-03,2002/03,Aston Villa,Blackburn,Away,4,0,0,D,0
2002-11-09,2002/03,Aston Villa,Fulham,Home,7,3,1,H,0
2002-11-16,2002/03,Aston Villa,West Brom,Away,5,0,0,D,0
2002-11-23,2002/03,Aston Villa,West Ham,Home,11,4,1,H,0
2002-11-30,2002/03,Aston Villa,Arsenal,Away,5,1,3,H,0
2002-12-07,2002/03,Aston Villa,Newcastle,Home,4,0,1,A,0
2002-12-14,2002/03,Aston Villa,West Brom,Home,12,2,1,H,1
2002-12-21,2002/03,Aston Villa,Chelsea,Away,4,0,2,H,0
2002-12-26,2002/03,Aston Villa,Man City,Away,5,1,3,H,0
2002-12-28,2002/03,Aston Villa,Middlesbrough,Home,9,1,0,H,0
2003-01-01,2002/03,Aston Villa,Bolton,Home,7,2,0,H,0
2003-01-11,2002/03,Aston Villa,Liverpool,Away,3,1,1,D,0
2003-01-18,2002/03,Aston Villa,Tottenham,Home,5,0,1,A,0
2003-01-28,2002/03,Aston Villa,Middlesbrough,Away,9,5,2,A,0
2003-02-02,2002/03,Aston Villa,Blackburn,Home,9,3,0,H,0
2003-02-08,2002/03,Aston Villa,Fulham,Away,5,1,2,H,0
2003-02-22,2002/03,Aston Villa,Charlton,Away,6,0,3,H,0
2003-03-03,2002/03,Aston Villa,Birmingham,Home,4,0,2,A,2
2003-03-15,2002/03,Aston Villa,Man United,Home,6,0,1,A,0
2003-03-22,2002/03,Aston Villa,Southampton,Away,9,2,2,D,0
2003-04-05,2002/03,Aston Villa,Arsenal,Home,2,1,1,D,0
2003-04-12,2002/03,Aston Villa,West Ham,Away,3,2,2,D,0
2003-04-19,2002/03,Aston Villa,Chelsea,Home,10,2,1,H,0
2003-04-21,2002/03,Aston Villa,Newcastle,Away,7,1,1,D,0
2003-04-26,2002/03,Aston Villa,Everton,Away,10,1,2,H,0
2003-05-03,2002/03,Aston Villa,Sunderland,Home,4,1,0,H,0
2003-05-11,2002/03,Aston Villa,Leeds,Away,6,1,3,H,0
2003-08-16,2003/04,Aston Villa,Portsmouth,Away,5,1,2,H,1
2003-08-24,2003/04,Aston Villa,Liverpool,Home,9,0,0,D,0
2003-08-27,2003/04,Aston Villa,Arsenal,Away,3,0,2,H,0
2003-08-30,2003/04,Aston Villa,Leicester,Home,8,3,1,H,0
2003-09-14,2003/04,Aston Villa,Man City,Away,4,1,4,H,0
2003-09-20,2003/04,Aston Villa,Charlton,Home,6,2,1,H,0
2003-09-27,2003/04,Aston Villa,Chelsea,Away,1,0,1,H,0
2003-10-05,2003/04,Aston Villa,Bolton,Home,8,1,1,D,0
2003-10-19,2003/04,Aston Villa,Birmingham,Away,1,0,0,D,0
2003-10-25,2003/04,Aston Villa,Everton,Home,6,0,0,D,0
2003-11-01,2003/04,Aston Villa,Newcastle,Away,6,1,1,D,1
2003-11-08,2003/04,Aston Villa,Middlesbrough,Home,4,0,2,A,0
2003-11-23,2003/04,Aston Villa,Tottenham,Away,6,1,2,H,0
2003-11-29,2003/04,Aston Villa,Southampton,Home,12,1,0,H,0
2003-12-06,2003/04,Aston Villa,Man United,Away,3,0,4,H,0
2003-12-14,2003/04,Aston Villa,Wolves,Home,8,3,2,H,0
2003-12-20,2003/04,Aston Villa,Blackburn,Away,7,2,0,A,0
2003-12-26,2003/04,Aston Villa,Leeds,Away,4,0,0,D,0
2003-12-28,2003/04,Aston Villa,Fulham,Home,8,3,0,H,0
2004-01-06,2003/04,Aston Villa,Portsmouth,Home,13,2,1,H,0
2004-01-10,2003/04,Aston Villa,Liverpool,Away,2,0,1,H,0
2004-01-18,2003/04,Aston Villa,Arsenal,Home,5,0,2,A,0
2004-01-31,2003/04,Aston Villa,Leicester,Away,10,5,0,A,0
2004-02-07,2003/04,Aston Villa,Leeds,Home,7,2,0,H,0
2004-02-11,2003/04,Aston Villa,Fulham,Away,3,2,1,A,0
2004-02-22,2003/04,Aston Villa,Birmingham,Home,8,2,2,D,0
2004-02-28,2003/04,Aston Villa,Everton,Away,8,0,2,H,0
2004-03-14,2003/04,Aston Villa,Wolves,Away,7,4,0,A,0
2004-03-20,2003/04,Aston Villa,Blackburn,Home,7,0,2,A,0
2004-03-27,2003/04,Aston Villa,Charlton,Away,11,2,1,A,0
2004-04-18,2003/04,Aston Villa,Newcastle,Home,1,0,0,D,0
2004-04-24,2003/04,Aston Villa,Middlesbrough,Away,9,2,1,A,1
2004-05-02,2003/04,Aston Villa,Tottenham,Home,6,1,0,H,0
2004-05-08,2003/04,Aston Villa,Southampton,Away,7,1,1,D,0
2004-08-14,2004/05,Aston Villa,Southampton,Home,5,2,0,H,0
2004-08-22,2004/05,Aston Villa,West Brom,Away,4,1,1,D,0
2004-08-25,2004/05,Aston Villa,Charlton,Away,4,0,3,H,0
2004-08-28,2004/05,Aston Villa,Newcastle,Home,13,4,2,H,0
2004-09-11,2004/05,Aston Villa,Chelsea,Home,5,0,0,D,0
2004-09-18,2004/05,Aston Villa,Norwich,Away,9,0,0,D,0
2004-09-25,2004/05,Aston Villa,Crystal Palace,Home,5,1,1,D,0
2004-10-02,2004/05,Aston Villa,Blackburn,Away,9,2,2,D,0
2004-10-16,2004/05,Aston Villa,Arsenal,Away,2,1,3,H,0
2004-10-23,2004/05,Aston Villa,Fulham,Home,5,2,0,H,0
2004-10-30,2004/05,Aston Villa,Everton,Away,5,1,1,D,0
2004-11-06,2004/05,Aston Villa,Portsmouth,Home,9,3,0,H,0
2004-11-13,2004/05,Aston Villa,Bolton,Away,5,2,1,A,0
2004-11-22,2004/05,Aston Villa,Tottenham,Home,5,1,0,H,0
2004-11-27,2004/05,Aston Villa,Man City,Away,3,0,2,H,1
2004-12-04,2004/05,Aston Villa,Liverpool,Home,2,1,1,D,0
2004-12-12,2004/05,Aston Villa,Birmingham,Home,3,1,2,A,0
2004-12-18,2004/05,Aston Villa,Middlesbrough,Away,6,0,3,H,0
2004-12-26,2004/05,Aston Villa,Chelsea,Away,7,0,1,H,0
2004-12-28,2004/05,Aston Villa,Man United,Home,6,0,1,A,0
2005-01-01,2004/05,Aston Villa,Blackburn,Home,3,1,0,H,0
2005-01-03,2004/05,Aston Villa,Crystal Palace,Away,6,0,2,H,0
2005-01-15,2004/05,Aston Villa,Norwich,Home,10,3,0,H,0
2005-01-22,2004/05,Aston Villa,Man United,Away,6,1,3,H,0
2005-02-02,2004/05,Aston Villa,Fulham,Away,2,1,1,D,0
2005-02-05,2004/05,Aston Villa,Arsenal,Home,1,1,3,A,0
2005-02-12,2004/05,Aston Villa,Portsmouth,Away,4,2,1,A,0
2005-02-26,2004/05,Aston Villa,Everton,Home,6,1,3,A,0
2005-03-05,2004/05,Aston Villa,Middlesbrough,Home,4,2,0,H,0
2005-03-20,2004/05,Aston Villa,Birmingham,Away,4,0,2,H,0
2005-04-02,2004/05,Aston Villa,Newcastle,Away,5,3,0,A,0
2005-04-10,2004/05,Aston Villa,West Brom,Home,7,1,1,D,1
2005-04-16,2004/05,Aston Villa,Southampton,Away,7,3,2,A,0
2005-04-20,2004/05,Aston Villa,Charlton,Home,5,0,0,D,0
2005-08-13,2005/06,Aston Villa,Bolton,Home,2,2,2,D,0
2005-08-20,2005/06,Aston Villa,Man United,Away,3,0,1,H,0
2005-08-23,2005/06,Aston Villa,Portsmouth,Away,3,1,1,D,1
2005-08-27,2005/06,Aston Villa,Blackburn,Home,3,1,0,H,0
2005-09-12,2005/06,Aston Villa,West Ham,Away,8,0,4,H,0
2005-09-17,2005/06,Aston Villa,Tottenham,Home,6,1,1,D,0
2005-09-24,2005/06,Aston Villa,Chelsea,Away,2,1,2,H,0
2005-10-02,2005/06,Aston Villa,Middlesbrough,Home,6,2,3,A,0
2005-10-16,2005/06,Aston Villa,Birmingham,Away,1,1,0,A,0
2005-10-22,2005/06,Aston Villa,Wigan,Home,5,0,2,A,0
2005-10-31,2005/06,Aston Villa,Man City,Away,5,1,3,H,0
2005-11-05,2005/06,Aston Villa,Liverpool,Home,2,0,2,A,0
2005-11-19,2005/06,Aston Villa,Sunderland,Away,11,3,1,A,0
2005-11-26,2005/06,Aston Villa,Charlton,Home,10,1,0,H,0
2005-12-03,2005/06,Aston Villa,Newcastle,Away,6,1,1,D,0
2005-12-10,2005/06,Aston Villa,Bolton,Away,3,1,1,D,0
2005-12-17,2005/06,Aston Villa,Man United,Home,7,0,2,A,0
2005-12-26,2005/06,Aston Villa,Everton,Home,7,4,0,H,0
2005-12-28,2005/06,Aston Villa,Fulham,Away,4,3,3,D,0
2005-12-31,2005/06,Aston Villa,Arsenal,Home,5,0,0,D,0
2006-01-02,2005/06,Aston Villa,West Brom,Away,7,2,1,A,0
2006-01-14,2005/06,Aston Villa,West Ham,Home,8,1,2,A,0
2006-01-21,2005/06,Aston Villa,Tottenham,Away,1,0,0,D,1
2006-02-01,2005/06,Aston Villa,Chelsea,Home,2,1,1,D,0
2006-02-04,2005/06,Aston Villa,Middlesbrough,Away,5,4,0,A,0
2006-02-11,2005/06,Aston Villa,Newcastle,Home,7,1,2,A,0
2006-02-25,2005/06,Aston Villa,Charlton,Away,7,0,0,D,0
2006-03-04,2005/06,Aston Villa,Portsmouth,Home,8,1,0,H,0
2006-03-11,2005/06,Aston Villa,Blackburn,Away,5,0,2,H,0
2006-03-18,2005/06,Aston Villa,Everton,Away,7,1,4,H,0
2006-03-25,2005/06,Aston Villa,Fulham,Home,6,0,0,D,0
2006-04-01,2005/06,Aston Villa,Arsenal,Away,4,0,5,H,0
2006-04-09,2005/06,Aston Villa,West Brom,Home,3,0,0,D,0
2006-04-16,2005/06,Aston Villa,Birmingham,Home,7,3,1,H,0
2006-04-18,2005/06,Aston Villa,Wigan,Away,4,2,3,H,0
2006-04-25,2005/06,Aston Villa,Man City,Home,5,0,1,A,0
2006-04-29,2005/06,Aston Villa,Liverpool,Away,3,1,3,H,0
2006-05-07,2005/06,Aston Villa,Sunderland,Home,9,2,1,H,0
2006-08-19,2006/07,Aston Villa,Arsenal,Away,3,1,1,D,0
2006-08-23,2006/07,Aston Villa,Reading,Home,6,2,1,H,0
2006-08-27,2006/07,Aston Villa,Newcastle,Home,7,2,0,H,0
2006-09-10,2006/07,Aston Villa,West Ham,Away,6,1,1,D,0
2006-09-16,2006/07,Aston Villa,Watford,Away,4,0,0,D,0
2006-09-23,2006/07,Aston Villa,Charlton,Home,5,2,0,H,0
2006-09-30,2006/07,Aston Villa,Chelsea,Away,5,1,1,D,0
2006-10-14,2006/07,Aston Villa,Tottenham,Home,6,1,1,D,0
2006-10-21,2006/07,Aston Villa,Fulham,Home,1,1,1,D,0
2006-10-28,2006/07,Aston Villa,Liverpool,Away,5,1,3,H,0
2006-11-05,2006/07,Aston Villa,Blackburn,Home,5,2,0,H,0
2006-11-11,2006/07,Aston Villa,Everton,Away,9,1,0,A,0
2006-11-19,2006/07,Aston Villa,Wigan,Away,3,0,0,D,0
2006-11-25,2006/07,Aston Villa,Middlesbrough,Home,4,1,1,D,0
2006-11-29,2006/07,Aston Villa,Man City,Home,4,1,3,A,0
2006-12-02,2006/07,Aston Villa,Portsmouth,Away,4,2,2,D,0
2006-12-11,2006/07,Aston Villa,Sheffield United,Away,5,2,2,D,0
2006-12-16,2006/07,Aston Villa,Bolton,Home,9,0,1,A,0
2006-12-23,2006/07,Aston Villa,Man United,Home,3,0,3,A,0
2006-12-26,2006/07,Aston Villa,Tottenham,Away,7,1,2,H,0
2006-12-30,2006/07,Aston Villa,Charlton,Away,2,1,2,H,1
2007-01-02,2006/07,Aston Villa,Chelsea,Home,2,0,0,D,0
2007-01-13,2006/07,Aston Villa,Man United,Away,5,1,3,H,0
2007-01-20,2006/07,Aston Villa,Watford,Home,6,2,0,H,0
2007-01-31,2006/07,Aston Villa,Newcastle,Away,9,1,3,H,0
2007-02-03,2006/07,Aston Villa,West Ham,Home,6,1,0,H,0
2007-02-10,2006/07,Aston Villa,Reading,Away,7,0,2,H,0
2007-03-03,2006/07,Aston Villa,Fulham,Away,4,1,1,D,0
2007-03-14,2006/07,Aston Villa,Arsenal,Home,6,0,1,A,0
2007-03-18,2006/07,Aston Villa,Liverpool,Home,3,0,0,D,0
2007-04-02,2006/07,Aston Villa,Everton,Home,10,1,1,D,0
2007-04-07,2006/07,Aston Villa,Blackburn,Away,7,2,1,A,0
2007-04-09,2006/07,Aston Villa,Wigan,Home,7,1,1,D,0
2007-04-14,2006/07,Aston Villa,Middlesbrough,Away,7,3,1,A,0
2007-04-22,2006/07,Aston Villa,Portsmouth,Home,8,0,0,D,0
2007-04-28,2006/07,Aston Villa,Man City,Away,7,2,0,A,0
2007-05-05,2006/07,Aston Villa,Sheffield United,Home,11,3,0,H,0
2007-05-13,2006/07,Aston Villa,Bolton,Away,3,2,2,D,0
2007-08-11,2007/08,Aston Villa,Liverpool,Home,6,1,2,A,0
2007-08-18,2007/08,Aston Villa,Newcastle,Away,5,0,0,D,0
2007-08-25,2007/08,Aston Villa,Fulham,Home,4,2,1,H,0
2007-09-02,2007/08,Aston Villa,Chelsea,Home,5,2,0,H,0
2007-09-16,2007/08,Aston Villa,Man City,Away,2,0,1,H,0
2007-09-23,2007/08,Aston Villa,Everton,Home,3,2,0,H,0
2007-10-01,2007/08,Aston Villa,Tottenham,Away,7,4,4,D,0
2007-10-06,2007/08,Aston Villa,West Ham,Home,5,1,0,H,0
2007-10-20,2007/08,Aston Villa,Man United,Home,5,1,4,A,2
2007-10-28,2007/08,Aston Villa,Bolton,Away,3,1,1,D,0
2007-11-03,2007/08,Aston Villa,Derby,Home,7,2,0,H,0
2007-11-11,2007/08,Aston Villa,Birmingham,Away,6,2,1,A,0
2007-11-24,2007/08,Aston Villa,Middlesbrough,Away,8,3,0,A,0
2007-11-28,2007/08,Aston Villa,Blackburn,Away,7,4,0,A,0
2007-12-01,2007/08,Aston Villa,Arsenal,Home,5,1,2,A,0
2007-12-08,2007/08,Aston Villa,Portsmouth,Home,6,1,3,A,0
2007-12-15,2007/08,Aston Villa,Sunderland,Away,11,1,1,D,0
2007-12-22,2007/08,Aston Villa,Man City,Home,6,1,1,D,0
2007-12-26,2007/08,Aston Villa,Chelsea,Away,4,4,4,D,1
2007-12-29,2007/08,Aston Villa,Wigan,Away,4,2,1,A,0
2008-01-01,2007/08,Aston Villa,Tottenham,Home,4,2,1,H,0
2008-01-12,2007/08,Aston Villa,Reading,Home,8,3,1,H,0
2008-01-21,2007/08,Aston Villa,Liverpool,Away,3,2,2,D,0
2008-01-26,2007/08,Aston Villa,Blackburn,Home,3,1,1,D,0
2008-02-03,2007/08,Aston Villa,Fulham,Away,6,1,2,H,0
2008-02-09,2007/08,Aston Villa,Newcastle,Home,8,4,1,H,0
2008-02-24,2007/08,Aston Villa,Reading,Away,11,2,1,A,0
2008-03-01,2007/08,Aston Villa,Arsenal,Away,4,1,1,D,0
2008-03-12,2007/08,Aston Villa,Middlesbrough,Home,3,1,1,D,0
2008-03-15,2007/08,Aston Villa,Portsmouth,Away,10,0,2,H,1
2008-03-22,2007/08,Aston Villa,Sunderland,Home,3,0,1,A,0
2008-03-29,2007/08,Aston Villa,Man United,Away,6,0,4,H,0
2008-04-05,2007/08,Aston Villa,Bolton,Home,6,4,0,H,0
2008-04-12,2007/08,Aston Villa,Derby,Away,12,6,0,A,0
2008-04-20,2007/08,Aston Villa,Birmingham,Home,9,5,1,H,0
2008-04-27,2007/08,Aston Villa,Everton,Away,3,2,2,D,0
2008-05-03,2007/08,Aston Villa,Wigan,Home,5,0,2,A,0
2008-05-11,2007/08,Aston Villa,West Ham,Away,8,2,2,D,0
2008-08-17,2008/09,Aston Villa,Man City,Home,10,4,2,H,0
2008-08-23,2008/09,Aston Villa,Stoke,Away,2,2,3,H,0
2008-08-31,2008/09,Aston Villa,Liverpool,Home,2,0,0,D,0
2008-09-15,2008/09,Aston Villa,Tottenham,Away,13,2,1,A,0
2008-09-21,2008/09,Aston Villa,West Brom,Away,5,2,1,A,0
2008-09-27,2008/09,Aston Villa,Sunderland,Home,8,2,1,H,0
2008-10-05,2008/09,Aston Villa,Chelsea,Away,3,0,2,H,0
2008-10-18,2008/09,Aston Villa,Portsmouth,Home,3,0,0,D,0
2008-10-26,2008/09,Aston Villa,Wigan,Away,7,4,0,A,0
2008-10-29,2008/09,Aston Villa,Blackburn,Home,4,3,2,H,0
2008-11-03,2008/09,Aston Villa,Newcastle,Away,1,0,2,H,0
2008-11-09,2008/09,Aston Villa,Middlesbrough,Home,9,1,2,A,0
2008-11-15,2008/09,Aston Villa,Arsenal,Away,6,2,0,A,0
2008-11-22,2008/09,Aston Villa,Man United,Home,7,0,0,D,0
2008-11-29,2008/09,Aston Villa,Fulham,Home,4,0,0,D,0
2008-12-07,2008/09,Aston Villa,Everton,Away,5,3,2,A,0
2008-12-13,2008/09,Aston Villa,Bolton,Home,7,4,2,H,0
2008-12-20,2008/09,Aston Villa,West Ham,Away,4,1,0,A,0
2008-12-26,2008/09,Aston Villa,Arsenal,Home,9,2,2,D,0
2008-12-30,2008/09,Aston Villa,Hull,Away,3,1,0,A,0
2009-01-10,2008/09,Aston Villa,West Brom,Home,13,2,1,H,0
2009-01-17,2008/09,Aston Villa,Sunderland,Away,3,2,1,A,1
2009-01-27,2008/09,Aston Villa,Portsmouth,Away,2,1,0,A,0
2009-01-31,2008/09,Aston Villa,Wigan,Home,11,0,0,D,0
2009-02-07,2008/09,Aston Villa,Blackburn,Away,8,2,0,A,0
2009-02-21,2008/09,Aston Villa,Chelsea,Home,5,0,1,A,0
2009-03-01,2008/09,Aston Villa,Stoke,Home,7,2,2,D,0
2009-03-04,2008/09,Aston Villa,Man City,Away,5,0,2,H,0
2009-03-15,2008/09,Aston Villa,Tottenham,Home,5,1,2,A,0
2009-03-22,2008/09,Aston Villa,Liverpool,Away,4,0,5,H,1
2009-04-05,2008/09,Aston Villa,Man United,Away,8,2,3,H,0
2009-04-12,2008/09,Aston Villa,Everton,Home,8,3,3,D,0
2009-04-18,2008/09,Aston Villa,West Ham,Home,7,1,1,D,0
2009-04-25,2008/09,Aston Villa,Bolton,Away,6,1,1,D,0
2009-05-04,2008/09,Aston Villa,Hull,Home,8,1,0,H,0
2009-05-09,2008/09,Aston Villa,Fulham,Away,2,1,3,H,0
2009-05-16,2008/09,Aston Villa,Middlesbrough,Away,6,1,1,D,0
2009-05-24,2008/09,Aston Villa,Newcastle,Home,5,1,0,H,0
2009-08-15,2009/10,Aston Villa,Wigan,Home,5,0,2,A,0
2009-08-24,2009/10,Aston Villa,Liverpool,Away,4,3,1,A,0
2009-08-30,2009/10,Aston Villa,Fulham,Home,4,2,0,H,0
2009-09-13,2009/10,Aston Villa,Birmingham,Away,5,1,0,A,0
2009-09-19,2009/10,Aston Villa,Portsmouth,Home,5,2,0,H,0
2009-09-26,2009/10,Aston Villa,Blackburn,Away,5,1,2,H,0
2009-10-05,2009/10,Aston Villa,Man City,Home,6,1,1,D,0
2009-10-17,2009/10,Aston Villa,Chelsea,Home,5,2,1,H,0
2009-10-24,2009/10,Aston Villa,Wolves,Away,8,1,1,D,0
2009-10-31,2009/10,Aston Villa,Everton,Away,8,1,1,D,1
2009-11-04,2009/10,Aston Villa,West Ham,Away,10,1,2,H,1
2009-11-07,2009/10,Aston Villa,Bolton,Home,13,5,1,H,0
2009-11-21,2009/10,Aston Villa,Burnley,Away,6,1,1,D,0
2009-11-28,2009/10,Aston Villa,Tottenham,Home,4,1,1,D,0
2009-12-05,2009/10,Aston Villa,Hull,Home,6,3,0,H,0
2009-12-12,2009/10,Aston Villa,Man United,Away,5,1,0,A,0
2009-12-15,2009/10,Aston Villa,Sunderland,Away,4,2,0,A,0
2009-12-19,2009/10,Aston Villa,Stoke,Home,8,1,0,H,0
2009-12-27,2009/10,Aston Villa,Arsenal,Away,3,0,3,H,0
2009-12-29,2009/10,Aston Villa,Liverpool,Home,7,0,1,A,0
2010-01-17,2009/10,Aston Villa,West Ham,Home,10,0,0,D,0
2010-01-27,2009/10,Aston Villa,Arsenal,Home,2,0,0,D,0
2010-01-30,2009/10,Aston Villa,Fulham,Away,6,2,0,A,0
2010-02-06,2009/10,Aston Villa,Tottenham,Away,5,0,0,D,0
2010-02-10,2009/10,Aston Villa,Man United,Home,6,1,1,D,0
2010-02-21,2009/10,Aston Villa,Burnley,Home,8,5,2,H,0
2010-03-13,2009/10,Aston Villa,Stoke,Away,5,0,0,D,0
2010-03-16,2009/10,Aston Villa,Wigan,Away,10,2,1,A,0
2010-03-20,2009/10,Aston Villa,Wolves,Home,3,2,2,D,0
2010-03-24,2009/10,Aston Villa,Sunderland,Home,4,1,1,D,0
2010-03-27,2009/10,Aston Villa,Chelsea,Away,5,1,7,H,0
2010-04-03,2009/10,Aston Villa,Bolton,Away,9,1,0,A,0
2010-04-14,2009/10,Aston Villa,Everton,Home,7,2,2,D,0
2010-04-18,2009/10,Aston Villa,Portsmouth,Away,9,2,1,A,0
2010-04-21,2009/10,Aston Villa,Hull,Away,5,2,0,A,0
2010-04-25,2009/10,Aston Villa,Birmingham,Home,6,1,0,H,0
2010-05-01,2009/10,Aston Villa,Man City,Away,6,1,3,H,0
2010-05-09,2009/10,Aston Villa,Blackburn,Home,12,0,1,A,0
2010-08-14,2010/11,Aston Villa,West Ham,Home,11,3,0,H,0
2010-08-22,2010/11,Aston Villa,Newcastle,Away,1,0,6,H,0
2010-08-29,2010/11,Aston Villa,Everton,Home,6,1,0,H,0
2010-09-13,2010/11,Aston Villa,Stoke,Away,6,1,2,H,0
2010-09-18,2010/11,Aston Villa,Bolton,Home,6,1,1,D,0
2010-09-26,2010/11,Aston Villa,Wolves,Away,8,2,1,A,0
2010-10-02,2010/11,Aston Villa,Tottenham,Away,4,1,2,H,0
2010-10-16,2010/11,Aston Villa,Chelsea,Home,5,0,0,D,0
2010-10-23,2010/11,Aston Villa,Sunderland,Away,7,0,1,H,0
2010-10-31,2010/11,Aston Villa,Birmingham,Home,3,0,0,D,0
2010-11-06,2010/11,Aston Villa,Fulham,Away,8,1,1,D,0
2010-11-10,2010/11,Aston Villa,Blackpool,Home,12,3,2,H,0
2010-11-13,2010/11,Aston Villa,Man United,Home,6,2,2,D,0
2010-11-21,2010/11,Aston Villa,Blackburn,Away,11,0,2,H,0
2010-11-27,2010/11,Aston Villa,Arsenal,Home,4,2,4,A,0
2010-12-06,2010/11,Aston Villa,Liverpool,Away,2,0,3,H,0
2010-12-11,2010/11,Aston Villa,West Brom,Home,3,2,1,H,0
2010-12-26,2010/11,Aston Villa,Tottenham,Home,15,1,2,A,0
2010-12-28,2010/11,Aston Villa,Man City,Away,4,0,4,H,0
2011-01-02,2010/11,Aston Villa,Chelsea,Away,10,3,3,D,0
2011-01-05,2010/11,Aston Villa,Sunderland,Home,2,0,1,A,1
2011-01-16,2010/11,Aston Villa,Birmingham,Away,3,1,1,D,0
2011-01-22,2010/11,Aston Villa,Man City,Home,8,1,0,H,0
2011-01-25,2010/11,Aston Villa,Wigan,Away,10,2,1,A,0
2011-02-01,2010/11,Aston Villa,Man United,Away,5,1,3,H,0
2011-02-05,2010/11,Aston Villa,Fulham,Home,5,2,2,D,0
2011-02-12,2010/11,Aston Villa,Blackpool,Away,4,1,1,D,1
2011-02-26,2010/11,Aston Villa,Blackburn,Home,10,4,1,H,0
2011-03-05,2010/11,Aston Villa,Bolton,Away,6,2,3,H,0
2011-03-19,2010/11,Aston Villa,Wolves,Home,5,0,1,A,0
2011-04-02,2010/11,Aston Villa,Everton,Away,5,2,2,D,0
2011-04-10,2010/11,Aston Villa,Newcastle,Home,7,1,0,H,0
2011-04-16,2010/11,Aston Villa,West Ham,Away,11,2,1,A,0
2011-04-23,2010/11,Aston Villa,Stoke,Home,2,1,1,D,0
2011-04-30,2010/11,Aston Villa,West Brom,Away,6,1,2,H,0
2011-05-07,2010/11,Aston Villa,Wigan,Home,7,1,1,D,0
2011-05-15,2010/11,Aston Villa,Arsenal,Away,5,2,1,A,0
2011-05-22,2010/11,Aston Villa,Liverpool,Home,8,1,0,H,0
2011-08-13,2011/12,Aston Villa,Fulham,Away,1,0,0,D,0
2011-08-20,2011/12,Aston Villa,Blackburn,Home,6,3,1,H,0
2011-08-27,2011/12,Aston Villa,Wolves,Home,5,0,0,D,0
2011-09-10,2011/12,Aston Villa,Everton,Away,3,2,2,D,0
2011-09-17,2011/12,Aston Villa,Newcastle,Home,2,1,1,D,0
2011-09-25,2011/12,Aston Villa,QPR,Away,4,1,1,D,0
2011-10-01,2011/12,Aston Villa,Wigan,Home,10,2,0,H,0
2011-10-15,2011/12,Aston Villa,Man City,Away,6,1,4,H,0
2011-10-22,2011/12,Aston Villa,West Brom,Home,0,1,2,A,1
2011-10-29,2011/12,Aston Villa,Sunderland,Away,5,2,2,D,0
2011-11-05,2011/12,Aston Villa,Norwich,Home,6,3,2,H,0
2011-11-21,2011/12,Aston Villa,Tottenham,Away,1,0,2,H,0
2011-11-27,2011/12,Aston Villa,Swansea,Away,4,0,0,D,0
2011-12-03,2011/12,Aston Villa,Man United,Home,3,0,1,A,0
2011-12-10,2011/12,Aston Villa,Bolton,Away,11,2,1,A,0
2011-12-18,2011/12,Aston Villa,Liverpool,Home,8,0,2,A,0
2011-12-21,2011/12,Aston Villa,Arsenal,Home,4,1,2,A,1
2011-12-26,2011/12,Aston Villa,Stoke,Away,4,0,0,D,0
2011-12-31,2011/12,Aston Villa,Chelsea,Away,9,3,1,A,0
2012-01-02,2011/12,Aston Villa,Swansea,Home,2,0,2,A,0
2012-01-14,2011/12,Aston Villa,Everton,Home,11,1,1,D,0
2012-01-21,2011/12,Aston Villa,Wolves,Away,5,3,2,A,0
2012-02-01,2011/12,Aston Villa,QPR,Home,15,2,2,D,0
2012-02-05,2011/12,Aston Villa,Newcastle,Away,8,1,2,H,0
2012-02-12,2011/12,Aston Villa,Man City,Home,5,0,1,A,0
2012-02-25,2011/12,Aston Villa,Wigan,Away,3,0,0,D,0
2012-03-03,2011/12,Aston Villa,Blackburn,Away,12,1,1,D,0
2012-03-10,2011/12,Aston Villa,Fulham,Home,8,1,0,H,0
2012-03-24,2011/12,Aston Villa,Arsenal,Away,2,0,3,H,0
2012-03-31,2011/12,Aston Villa,Chelsea,Home,5,2,4,A,0
2012-04-07,2011/12,Aston Villa,Liverpool,Away,3,1,1,D,0
2012-04-09,2011/12,Aston Villa,Stoke,Home,3,1,1,D,0
2012-04-15,2011/12,Aston Villa,Man United,Away,4,0,4,H,0
2012-04-21,2011/12,Aston Villa,Sunderland,Home,7,0,0,D,0
2012-04-24,2011/12,Aston Villa,Bolton,Home,6,1,2,A,0
2012-04-28,2011/12,Aston Villa,West Brom,Away,5,0,0,D,0
2012-05-06,2011/12,Aston Villa,Tottenham,Home,2,1,1,D,0
2012-05-13,2011/12,Aston Villa,Norwich,Away,5,0,2,H,0
2012-08-18,2012/13,Aston Villa,West Ham,Away,6,0,1,H,0
2012-08-25,2012/13,Aston Villa,Everton,Home,3,1,3,A,1
2012-09-02,2012/13,Aston Villa,Newcastle,Away,9,1,1,D,0
2012-09-15,2012/13,Aston Villa,Swansea,Home,13,2,0,H,0
2012-09-22,2012/13,Aston Villa,Southampton,Away,2,1,4,H,0
2012-09-30,2012/13,Aston Villa,West Brom,Home,8,1,1,D,0
2012-10-07,2012/13,Aston Villa,Tottenham,Away,5,0,2,H,0
2012-10-20,2012/13,Aston Villa,Fulham,Away,4,0,1,H,0
2012-10-27,2012/13,Aston Villa,Norwich,Home,5,1,1,D,1
2012-11-03,2012/13,Aston Villa,Sunderland,Away,6,1,0,A,0
2012-11-10,2012/13,Aston Villa,Man United,Home,7,2,3,A,0
2012-11-17,2012/13,Aston Villa,Man City,Away,8,0,5,H,0
2012-11-24,2012/13,Aston Villa,Arsenal,Home,8,0,0,D,0
2012-11-27,2012/13,Aston Villa,Reading,Home,7,1,0,H,0
2012-12-01,2012/13,Aston Villa,QPR,Away,3,1,1,D,0
2012-12-08,2012/13,Aston Villa,Stoke,Home,5,0,0,D,0
2012-12-15,2012/13,Aston Villa,Liverpool,Away,6,3,1,A,0
2012-12-23,2012/13,Aston Villa,Chelsea,Away,4,0,8,H,0
2012-12-26,2012/13,Aston Villa,Tottenham,Home,1,0,4,A,0
2012-12-29,2012/13,Aston Villa,Wigan,Home,4,0,3,A,0
2013-01-01,2012/13,Aston Villa,Swansea,Away,6,2,2,D,0
2013-01-12,2012/13,Aston Villa,Southampton,Home,10,0,1,A,0
2013-01-19,2012/13,Aston Villa,West Brom,Away,7,2,2,D,0
2013-01-29,2012/13,Aston Villa,Newcastle,Home,4,1,2,A,0
2013-02-02,2012/13,Aston Villa,Everton,Away,4,3,3,D,0
2013-02-10,2012/13,Aston Villa,West Ham,Home,2,2,1,H,0
2013-02-23,2012/13,Aston Villa,Arsenal,Away,3,1,2,H,0
2013-03-04,2012/13,Aston Villa,Man City,Home,5,0,1,A,0
2013-03-09,2012/13,Aston Villa,Reading,Away,7,2,1,A,0
2013-03-16,2012/13,Aston Villa,QPR,Home,6,3,2,H,0
2013-03-31,2012/13,Aston Villa,Liverpool,Home,7,1,2,A,0
2013-04-06,2012/13,Aston Villa,Stoke,Away,8,3,1,A,0
2013-04-13,2012/13,Aston Villa,Fulham,Home,7,1,1,D,0
2013-04-22,2012/13,Aston Villa,Man United,Away,5,0,3,H,0
2013-04-29,2012/13,Aston Villa,Sunderland,Home,15,6,1,H,0
2013-05-04,2012/13,Aston Villa,Norwich,Away,6,2,1,A,0
2013-05-11,2012/13,Aston Villa,Chelsea,Home,7,1,2,A,1
2013-05-19,2012/13,Aston Villa,Wigan,Away,2,2,2,D,0
2013-08-17,2013/14,Aston Villa,Arsenal,Away,4,3,1,A,0
2013-08-21,2013/14,Aston Villa,Chelsea,Away,3,1,2,H,0
2013-08-24,2013/14,Aston Villa,Liverpool,Home,3,0,1,A,0
2013-09-14,2013/14,Aston Villa,Newcastle,Home,1,1,2,A,0
2013-09-21,2013/14,Aston Villa,Norwich,Away,4,1,0,A,0
2013-09-28,2013/14,Aston Villa,Man City,Home,4,3,2,H,0
2013-10-05,2013/14,Aston Villa,Hull,Away,4,0,0,D,0
2013-10-20,2013/14,Aston Villa,Tottenham,Home,2,0,2,A,0
2013-10-26,2013/14,Aston Villa,Everton,Home,3,0,2,A,0
2013-11-02,2013/14,Aston Villa,West Ham,Away,2,0,0,D,0
2013-11-09,2013/14,Aston Villa,Cardiff,Home,6,2,0,H,0
2013-11-25,2013/14,Aston Villa,West Brom,Away,7,2,2,D,0
2013-11-30,2013/14,Aston Villa,Sunderland,Home,4,0,0,D,0
2013-12-04,2013/14,Aston Villa,Southampton,Away,3,3,2,A,0
2013-12-08,2013/14,Aston Villa,Fulham,Away,2,0,2,H,0
2013-12-15,2013/14,Aston Villa,Man United,Home,6,0,3,A,0
2013-12-21,2013/14,Aston Villa,Stoke,Away,4,1,2,H,0
2013-12-26,2013/14,Aston Villa,Crystal Palace,Home,4,0,1,A,0
2013-12-28,2013/14,Aston Villa,Swansea,Home,3,1,1,D,0
2014-01-01,2013/14,Aston Villa,Sunderland,Away,5,1,0,A,0
2014-01-13,2013/14,Aston Villa,Arsenal,Home,5,1,2,A,0
2014-01-18,2013/14,Aston Villa,Liverpool,Away,3,2,2,D,0
2014-01-29,2013/14,Aston Villa,West Brom,Home,6,4,3,H,0
2014-02-01,2013/14,Aston Villa,Everton,Away,1,1,2,H,0
2014-02-08,2013/14,Aston Villa,West Ham,Home,1,0,2,A,0
2014-02-11,2013/14,Aston Villa,Cardiff,Away,6,0,0,D,0
2014-02-23,2013/14,Aston Villa,Newcastle,Away,2,0,1,H,0
2014-03-02,2013/14,Aston Villa,Norwich,Home,4,4,1,H,0
2014-03-15,2013/14,Aston Villa,Chelsea,Home,4,1,0,H,0
2014-03-23,2013/14,Aston Villa,Stoke,Home,3,1,4,A,0
2014-03-29,2013/14,Aston Villa,Man United,Away,1,1,4,H,0
2014-04-05,2013/14,Aston Villa,Fulham,Home,6,1,2,A,0
2014-04-12,2013/14,Aston Villa,Crystal Palace,Away,4,0,1,H,0
2014-04-19,2013/14,Aston Villa,Southampton,Home,1,0,0,D,0
2014-04-26,2013/14,Aston Villa,Swansea,Away,3,1,4,H,0
2014-05-03,2013/14,Aston Villa,Hull,Home,9,3,1,H,0
2014-05-07,2013/14,Aston Villa,Man City,Away,0,0,4,H,0
2014-05-11,2013/14,Aston Villa,Tottenham,Away,1,0,3,H,0
2014-08-16,2014/15,Aston Villa,Stoke,Away,2,1,0,A,0
2014-08-23,2014/15,Aston Villa,Newcastle,Home,0,0,0,D,0
2014-08-31,2014/15,Aston Villa,Hull,Home,4,2,1,H,0
2014-09-13,2014/15,Aston Villa,Liverpool,Away,1,1,0,A,0
2014-09-20,2014/15,Aston Villa,Arsenal,Home,2,0,3,A,0
2014-09-27,2014/15,Aston Villa,Chelsea,Away,1,0,3,H,0
2014-10-04,2014/15,Aston Villa,Man City,Home,1,0,2,A,0
2014-10-18,2014/15,Aston Villa,Everton,Away,2,0,3,H,0
2014-10-27,2014/15,Aston Villa,QPR,Away,6,0,2,H,0
2014-11-02,2014/15,Aston Villa,Tottenham,Home,1,1,2,A,1
2014-11-08,2014/15,Aston Villa,West Ham,Away,4,0,0,D,0
2014-11-24,2014/15,Aston Villa,Southampton,Home,1,1,1,D,0
2014-11-29,2014/15,Aston Villa,Burnley,Away,7,1,1,D,0
2014-12-02,2014/15,Aston Villa,Crystal Palace,Away,3,1,0,A,0
2014-12-07,2014/15,Aston Villa,Leicester,Home,7,2,1,H,0
2014-12-13,2014/15,Aston Villa,West Brom,Away,2,0,1,H,1
2014-12-20,2014/15,Aston Villa,Man United,Home,4,1,1,D,1
2014-12-26,2014/15,Aston Villa,Swansea,Away,3,0,1,H,0
2014-12-28,2014/15,Aston Villa,Sunderland,Home,3,0,0,D,1
2015-01-01,2014/15,Aston Villa,Crystal Palace,Home,3,0,0,D,0
2015-01-10,2014/15,Aston Villa,Leicester,Away,1,0,1,H,1
2015-01-17,2014/15,Aston Villa,Liverpool,Home,4,0,2,A,0
2015-02-01,2014/15,Aston Villa,Arsenal,Away,2,0,5,H,0
2015-02-07,2014/15,Aston Villa,Chelsea,Home,1,1,2,A,0
2015-02-10,2014/15,Aston Villa,Hull,Away,4,0,2,H,0
2015-02-21,2014/15,Aston Villa,Stoke,Home,2,1,2,A,1
2015-02-28,2014/15,Aston Villa,Newcastle,Away,3,0,1,H,0
2015-03-03,2014/15,Aston Villa,West Brom,Home,8,2,1,H,0
2015-03-14,2014/15,Aston Villa,Sunderland,Away,8,4,0,A,0
2015-03-21,2014/15,Aston Villa,Swansea,Home,3,0,1,A,0
2015-04-04,2014/15,Aston Villa,Man United,Away,2,1,3,H,0
2015-04-07,2014/15,Aston Villa,QPR,Home,7,3,3,D,0
2015-04-11,2014/15,Aston Villa,Tottenham,Away,3,1,0,A,1
2015-04-25,2014/15,Aston Villa,Man City,Away,4,2,3,H,0
2015-05-02,2014/15,Aston Villa,Everton,Home,4,3,2,H,0
2015-05-09,2014/15,Aston Villa,West Ham,Home,5,1,0,H,0
2015-05-16,2014/15,Aston Villa,Southampton,Away,4,1,6,H,0
2015-05-24,2014/15,Aston Villa,Burnley,Home,5,0,1,A,0
2015-08-08,2015/16,Aston Villa,Bournemouth,Away,3,1,0,A,0
2015-08-14,2015/16,Aston Villa,Man United,Home,1,0,1,A,0
2015-08-22,2015/16,Aston Villa,Crystal Palace,Away,2,1,2,H,0
2015-08-29,2015/16,Aston Villa,Sunderland,Home,6,2,2,D,0
2015-09-13,2015/16,Aston Villa,Leicester,Away,4,2,3,H,0
2015-09-19,2015/16,Aston Villa,West Brom,Home,3,0,1,A,0
2015-09-26,2015/16,Aston Villa,Liverpool,Away,4,2,3,H,0
2015-10-03,2015/16,Aston Villa,Stoke,Home,2,0,1,A,0
2015-10-17,2015/16,Aston Villa,Chelsea,Away,1,0,2,H,0
2015-10-24,2015/16,Aston Villa,Swansea,Home,3,1,2,A,0
2015-11-02,2015/16,Aston Villa,Tottenham,Away,2,1,3,H,0
2015-11-08,2015/16,Aston Villa,Man City,Home,0,0,0,D,0
2015-11-21,2015/16,Aston Villa,Everton,Away,3,0,4,H,0
2015-11-28,2015/16,Aston Villa,Watford,Home,6,2,3,A,0
2015-12-05,2015/16,Aston Villa,Southampton,Away,2,1,1,D,0
2015-12-13,2015/16,Aston Villa,Arsenal,Home,2,0,2,A,0
2015-12-19,2015/16,Aston Villa,Newcastle,Away,7,1,1,D,0
2015-12-26,2015/16,Aston Villa,West Ham,Home,8,1,1,D,0
2015-12-28,2015/16,Aston Villa,Norwich,Away,3,0,2,H,0
2016-01-02,2015/16,Aston Villa,Sunderland,Away,3,1,3,H,0
2016-01-12,2015/16,Aston Villa,Crystal Palace,Home,3,1,0,H,0
2016-01-16,2015/16,Aston Villa,Leicester,Home,5,1,1,D,0
2016-01-23,2015/16,Aston Villa,West Brom,Away,4,0,0,D,0
2016-02-02,2015/16,Aston Villa,West Ham,Away,2,0,2,H,1
2016-02-06,2015/16,Aston Villa,Norwich,Home,3,2,0,H,0
2016-02-14,2015/16,Aston Villa,Liverpool,Home,1,0,6,A,0
2016-02-27,2015/16,Aston Villa,Stoke,Away,1,1,2,H,0
2016-03-01,2015/16,Aston Villa,Everton,Home,5,1,3,A,0
2016-03-05,2015/16,Aston Villa,Man City,Away,1,0,4,H,0
2016-03-13,2015/16,Aston Villa,Tottenham,Home,2,0,2,A,0
2016-03-19,2015/16,Aston Villa,Swansea,Away,2,0,1,H,0
2016-04-02,2015/16,Aston Villa,Chelsea,Home,4,0,4,A,1
2016-04-09,2015/16,Aston Villa,Bournemouth,Home,1,1,2,A,0
2016-04-16,2015/16,Aston Villa,Man United,Away,1,0,1,H,0
2016-04-23,2015/16,Aston Villa,Southampton,Home,7,2,4,A,0
2016-04-30,2015/16,Aston Villa,Watford,Away,2,2,3,H,1
2016-05-07,2015/16,Aston Villa,Newcastle,Home,0,0,0,D,0
2016-05-15,2015/16,Aston Villa,Arsenal,Away,2,0,4,H,0
2019-08-10,2019/20,Aston Villa,Tottenham,Away,4,1,3,H,0
2019-08-17,2019/20,Aston Villa,Bournemouth,Home,7,1,2,A,0
2019-08-23,2019/20,Aston Villa,Everton,Home,3,2,0,H,0
2019-08-31,2019/20,Aston Villa,Crystal Palace,Away,2,0,1,H,1
2019-09-16,2019/20,Aston Villa,West Ham,Home,5,0,0,D,0
2019-09-22,2019/20,Aston Villa,Arsenal,Away,9,2,3,H,0
2019-09-28,2019/20,Aston Villa,Burnley,Home,3,2,2,D,0
2019-10-05,2019/20,Aston Villa,Norwich,Away,12,5,1,A,0
2019-10-19,2019/20,Aston Villa,Brighton,Home,8,2,1,H,0
2019-10-26,2019/20,Aston Villa,Man City,Away,5,0,3,H,0
2019-11-02,2019/20,Aston Villa,Liverpool,Home,2,1,2,A,0
2019-11-10,2019/20,Aston Villa,Wolves,Away,4,1,2,H,0
2019-11-25,2019/20,Aston Villa,Newcastle,Home,8,2,0,H,0
2019-12-01,2019/20,Aston Villa,Man United,Away,3,2,2,D,0
2019-12-04,2019/20,Aston Villa,Chelsea,Away,3,1,2,H,0
2019-12-08,2019/20,Aston Villa,Leicester,Home,2,1,4,A,0
2019-12-14,2019/20,Aston Villa,Sheffield United,Away,0,0,2,H,0
2019-12-21,2019/20,Aston Villa,Southampton,Home,6,1,3,A,0
2019-12-26,2019/20,Aston Villa,Norwich,Home,2,1,0,H,0
2019-12-28,2019/20,Aston Villa,Watford,Away,2,0,3,H,0
2020-01-01,2019/20,Aston Villa,Burnley,Away,6,2,1,A,0
2020-01-12,2019/20,Aston Villa,Man City,Home,1,1,6,A,0
2020-01-18,2019/20,Aston Villa,Brighton,Away,3,1,1,D,0
2020-01-21,2019/20,Aston Villa,Watford,Home,5,2,1,H,0
2020-02-01,2019/20,Aston Villa,Bournemouth,Away,5,1,2,H,0
2020-02-16,2019/20,Aston Villa,Tottenham,Home,4,2,3,A,0
2020-02-22,2019/20,Aston Villa,Southampton,Away,1,0,2,H,0
2020-03-09,2019/20,Aston Villa,Leicester,Away,1,0,4,H,0
2020-06-17,2019/20,Aston Villa,Sheffield United,Home,6,0,0,D,0
2020-06-21,2019/20,Aston Villa,Chelsea,Home,4,1,2,A,0
2020-06-24,2019/20,Aston Villa,Newcastle,Away,2,1,1,D,0
2020-06-27,2019/20,Aston Villa,Wolves,Home,1,0,1,A,0
2020-07-05,2019/20,Aston Villa,Liverpool,Away,3,0,2,H,0
2020-07-09,2019/20,Aston Villa,Man United,Home,1,0,3,A,0
2020-07-12,2019/20,Aston Villa,Crystal Palace,Home,9,2,0,H,0
2020-07-16,2019/20,Aston Villa,Everton,Away,1,1,1,D,0
2020-07-21,2019/20,Aston Villa,Arsenal,Home,3,1,0,H,0
2020-07-26,2019/20,Aston Villa,West Ham,Away,4,1,1,D,0
2020-09-21,2020/21,Aston Villa,Sheffield United,Home,2,1,0,H,0
2020-09-28,2020/21,Aston Villa,Fulham,Away,5,3,0,A,0
2020-10-04,2020/21,Aston Villa,Liverpool,Home,11,7,2,H,0
2020-10-18,2020/21,Aston Villa,Leicester,Away,4,1,0,A,0
2020-10-23,2020/21,Aston Villa,Leeds,Home,4,0,3,A,0
2020-11-01,2020/21,Aston Villa,Southampton,Home,10,3,4,A,0
2020-11-08,2020/21,Aston Villa,Arsenal,Away,6,3,0,A,0
2020-11-21,2020/21,Aston Villa,Brighton,Home,4,1,2,A,0
2020-11-30,2020/21,Aston Villa,West Ham,Away,6,1,2,H,0
2020-12-12,2020/21,Aston Villa,Wolves,Away,2,1,0,A,0
2020-12-17,2020/21,Aston Villa,Burnley,Home,7,0,0,D,0
2020-12-20,2020/21,Aston Villa,West Brom,Away,10,3,0,A,0
2020-12-26,2020/21,Aston Villa,Crystal Palace,Home,10,3,0,H,1
2020-12-28,2020/21,Aston Villa,Chelsea,Away,2,1,1,D,0
2021-01-01,2020/21,Aston Villa,Man United,Away,5,1,2,H,0
2021-01-20,2020/21,Aston Villa,Man City,Away,4,0,2,H,0
2021-01-23,2020/21,Aston Villa,Newcastle,Home,5,2,0,H,0
2021-01-27,2020/21,Aston Villa,Burnley,Away,10,2,3,H,0
2021-01-30,2020/21,Aston Villa,Southampton,Away,4,1,0,A,0
2021-02-03,2020/21,Aston Villa,West Ham,Home,2,1,3,A,0
2021-02-06,2020/21,Aston Villa,Arsenal,Home,8,1,0,H,0
2021-02-13,2020/21,Aston Villa,Brighton,Away,1,0,0,D,0
2021-02-21,2020/21,Aston Villa,Leicester,Home,2,1,2,A,0
2021-02-27,2020/21,Aston Villa,Leeds,Away,4,1,0,A,0
2021-03-03,2020/21,Aston Villa,Sheffield United,Away,4,0,1,H,0
2021-03-06,2020/21,Aston Villa,Wolves,Home,1,0,0,D,0
2021-03-12,2020/21,Aston Villa,Newcastle,Away,6,1,1,D,0
2021-03-21,2020/21,Aston Villa,Tottenham,Home,1,0,2,A,0
2021-04-04,2020/21,Aston Villa,Fulham,Home,4,3,1,H,0
2021-04-10,2020/21,Aston Villa,Liverpool,Away,5,1,2,H,0
2021-04-21,2020/21,Aston Villa,Man City,Home,3,1,2,A,1
2021-04-25,2020/21,Aston Villa,West Brom,Home,11,2,2,D,0
2021-05-01,2020/21,Aston Villa,Everton,Away,5,2,1,A,0
2021-05-09,2020/21,Aston Villa,Man United,Home,5,1,3,A,1
2021-05-13,2020/21,Aston Villa,Everton,Home,2,0,0,D,0
2021-05-16,2020/21,Aston Villa,Crystal Palace,Away,5,2,3,H,0
2021-05-19,2020/21,Aston Villa,Tottenham,Away,4,2,1,A,0
2021-05-23,2020/21,Aston Villa,Chelsea,Home,3,2,1,H,0
2021-08-14,2021/22,Aston Villa,Watford,Away,2,2,3,H,0
2021-08-21,2021/22,Aston Villa,Newcastle,Home,2,2,0,H,0
2021-08-28,2021/22,Aston Villa,Brentford,Home,5,1,1,D,0
2021-09-11,2021/22,Aston Villa,Chelsea,Away,6,0,3,H,0
2021-09-18,2021/22,Aston Villa,Everton,Home,3,3,0,H,0
2021-09-25,2021/22,Aston Villa,Man United,Away,3,1,0,A,0
2021-10-03,2021/22,Aston Villa,Tottenham,Away,3,1,2,H,0
2021-10-16,2021/22,Aston Villa,Wolves,Home,5,2,3,A,0
2021-10-22,2021/22,Aston Villa,Arsenal,Away,4,1,3,H,0
2021-10-31,2021/22,Aston Villa,West Ham,Home,3,1,4,A,1
2021-11-05,2021/22,Aston Villa,Southampton,Away,3,0,1,H,0
2021-11-20,2021/22,Aston Villa,Brighton,Home,5,2,0,H,0
2021-11-27,2021/22,Aston Villa,Crystal Palace,Away,3,2,1,A,0
2021-12-01,2021/22,Aston Villa,Man City,Home,3,1,2,A,0
2021-12-05,2021/22,Aston Villa,Leicester,Home,4,2,1,H,0
2021-12-11,2021/22,Aston Villa,Liverpool,Away,0,0,1,H,0
2021-12-14,2021/22,Aston Villa,Norwich,Away,6,2,0,A,0
2021-12-26,2021/22,Aston Villa,Chelsea,Home,1,1,3,A,0
2022-01-02,2021/22,Aston Villa,Brentford,Away,5,1,2,H,0
2022-01-15,2021/22,Aston Villa,Man United,Home,9,2,2,D,0
2022-01-22,2021/22,Aston Villa,Everton,Away,3,1,0,A,0
2022-02-09,2021/22,Aston Villa,Leeds,Home,4,3,3,D,1
2022-02-13,2021/22,Aston Villa,Newcastle,Away,1,0,1,H,0
2022-02-19,2021/22,Aston Villa,Watford,Home,1,0,1,A,0
2022-02-26,2021/22,Aston Villa,Brighton,Away,4,2,0,A,0
2022-03-05,2021/22,Aston Villa,Southampton,Home,9,4,0,H,0
2022-03-10,2021/22,Aston Villa,Leeds,Away,9,3,0,A,0
2022-03-13,2021/22,Aston Villa,West Ham,Away,7,1,2,H,0
2022-03-19,2021/22,Aston Villa,Arsenal,Home,1,0,1,A,0
2022-04-02,2021/22,Aston Villa,Wolves,Away,5,1,2,H,0
2022-04-09,2021/22,Aston Villa,Tottenham,Home,8,0,4,A,0
2022-04-23,2021/22,Aston Villa,Leicester,Away,3,0,0,D,0
2022-04-30,2021/22,Aston Villa,Norwich,Home,6,2,0,H,0
2022-05-07,2021/22,Aston Villa,Burnley,Away,7,3,1,A,0
2022-05-10,2021/22,Aston Villa,Liverpool,Home,4,1,2,A,0
2022-05-15,2021/22,Aston Villa,Crystal Palace,Home,4,1,1,D,0
2022-05-19,2021/22,Aston Villa,Burnley,Home,9,1,1,D,0
2022-05-22,2021/22,Aston Villa,Man City,Away,2,2,3,H,0
2022-08-06,2022/23,Aston Villa,Bournemouth,Away,2,0,2,H,0
2022-08-13,2022/23,Aston Villa,Everton,Home,4,2,1,H,0
2022-08-20,2022/23,Aston Villa,Crystal Palace,Away,5,1,3,H,0
2022-08-28,2022/23,Aston Villa,West Ham,Home,3,0,1,A,0
2022-08-31,2022/23,Aston Villa,Arsenal,Away,3,1,2,H,0
2022-09-03,2022/23,Aston Villa,Man City,Home,1,1,1,D,0
2022-09-16,2022/23,Aston Villa,Southampton,Home,3,1,0,H,0
2022-10-02,2022/23,Aston Villa,Leeds,Away,7,0,0,D,0
2022-10-10,2022/23,Aston Villa,Nott'm Forest,Away,2,1,1,D,0
2022-10-16,2022/23,Aston Villa,Chelsea,Home,7,0,2,A,0
2022-10-20,2022/23,Aston Villa,Fulham,Away,6,0,3,H,1
2022-10-23,2022/23,Aston Villa,Brentford,Home,11,4,0,H,0
2022-10-29,2022/23,Aston Villa,Newcastle,Away,0,0,4,H,0
2022-11-06,2022/23,Aston Villa,Man United,Home,4,3,1,H,0
2022-11-13,2022/23,Aston Villa,Brighton,Away,2,2,1,A,0
2022-12-26,2022/23,Aston Villa,Liverpool,Home,6,1,3,A,0
2023-01-01,2022/23,Aston Villa,Tottenham,Away,4,2,0,A,0
2023-01-04,2022/23,Aston Villa,Wolves,Home,4,1,1,D,0
2023-01-13,2022/23,Aston Villa,Leeds,Home,5,2,1,H,0
2023-01-21,2022/23,Aston Villa,Southampton,Away,5,1,0,A,0
2023-02-04,2022/23,Aston Villa,Leicester,Home,4,2,4,A,0
2023-02-12,2022/23,Aston Villa,Man City,Away,2,1,3,H,0
2023-02-18,2022/23,Aston Villa,Arsenal,Home,5,2,4,A,0
2023-02-25,2022/23,Aston Villa,Everton,Away,5,2,0,A,0
2023-03-04,2022/23,Aston Villa,Crystal Palace,Home,1,1,0,H,0
2023-03-12,2022/23,Aston Villa,West Ham,Away,4,1,1,D,0
2023-03-18,2022/23,Aston Villa,Bournemouth,Home,9,3,0,H,0
2023-04-01,2022/23,Aston Villa,Chelsea,Away,2,2,0,A,0
2023-04-04,2022/23,Aston Villa,Leicester,Away,5,2,1,A,0
2023-04-08,2022/23,Aston Villa,Nott'm Forest,Home,3,2,0,H,0
2023-04-15,2022/23,Aston Villa,Newcastle,Home,6,3,0,H,0
2023-04-22,2022/23,Aston Villa,Brentford,Away,2,1,1,D,0
2023-04-25,2022/23,Aston Villa,Fulham,Home,3,1,0,H,0
2023-04-30,2022/23,Aston Villa,Man United,Away,1,0,1,H,0
2023-05-06,2022/23,Aston Villa,Wolves,Away,3,0,1,H,0
2023-05-13,2022/23,Aston Villa,Tottenham,Home,4,2,1,H,0
2023-05-20,2022/23,Aston Villa,Liverpool,Away,3,1,1,D,0
2023-05-28,2022/23,Aston Villa,Brighton,Home,5,2,1,H,0
2023-08-12,2023/24,Aston Villa,Newcastle,Away,6,1,5,H,0
2023-08-20,2023/24,Aston Villa,Everton,Home,7,4,0,H,0
2023-08-27,2023/24,Aston Villa,Burnley,Away,6,3,1,A,0
2023-09-03,2023/24,Aston Villa,Liverpool,Away,3,0,3,H,0
2023-09-16,2023/24,Aston Villa,Crystal Palace,Home,5,3,1,H,0
2023-09-24,2023/24,Aston Villa,Chelsea,Away,7,1,0,A,0
2023-09-30,2023/24,Aston Villa,Brighton,Home,9,6,1,H,0
2023-10-08,2023/24,Aston Villa,Wolves,Away,4,1,1,D,0
2023-10-22,2023/24,Aston Villa,West Ham,Home,7,4,1,H,0
2023-10-29,2023/24,Aston Villa,Luton,Home,6,3,1,H,0
2023-11-05,2023/24,Aston Villa,Nott'm Forest,Away,3,0,2,H,0
2023-11-12,2023/24,Aston Villa,Fulham,Home,6,3,1,H,0
2023-11-26,2023/24,Aston Villa,Tottenham,Away,5,2,1,A,0
2023-12-03,2023/24,Aston Villa,Bournemouth,Away,3,2,2,D,0
2023-12-06,2023/24,Aston Villa,Man City,Home,7,1,0,H,0
2023-12-09,2023/24,Aston Villa,Arsenal,Home,3,1,0,H,0
2023-12-17,2023/24,Aston Villa,Brentford,Away,5,2,1,A,1
2023-12-22,2023/24,Aston Villa,Sheffield United,Home,4,1,1,D,0
2023-12-26,2023/24,Aston Villa,Man United,Away,4,2,3,H,0
2023-12-30,2023/24,Aston Villa,Burnley,Home,7,3,2,H,0
2024-01-14,2023/24,Aston Villa,Everton,Away,5,0,0,D,0
2024-01-30,2023/24,Aston Villa,Newcastle,Home,6,1,3,A,0
2024-02-03,2023/24,Aston Villa,Sheffield United,Away,10,5,0,A,0
2024-02-11,2023/24,Aston Villa,Man United,Home,10,1,2,A,0
2024-02-17,2023/24,Aston Villa,Fulham,Away,3,2,1,A,0
2024-02-24,2023/24,Aston Villa,Nott'm Forest,Home,6,4,2,H,0
2024-03-02,2023/24,Aston Villa,Luton,Away,8,3,2,A,0
2024-03-10,2023/24,Aston Villa,Tottenham,Home,1,0,4,A,1
2024-03-17,2023/24,Aston Villa,West Ham,Away,5,1,1,D,0
2024-03-30,2023/24,Aston Villa,Wolves,Home,5,2,0,H,0
2024-04-03,2023/24,Aston Villa,Man City,Away,3,1,4,H,0
2024-04-06,2023/24,Aston Villa,Brentford,Home,3,3,3,D,0
2024-04-14,2023/24,Aston Villa,Arsenal,Away,2,2,0,A,0
2024-04-21,2023/24,Aston Villa,Bournemouth,Home,4,3,1,H,0
2024-04-27,2023/24,Aston Villa,Chelsea,Home,4,2,2,D,0
2024-05-05,2023/24,Aston Villa,Brighton,Away,1,0,1,H,0
2024-05-13,2023/24,Aston Villa,Liverpool,Home,5,3,3,D,0
2024-05-19,2023/24,Aston Villa,Crystal Palace,Away,2,0,5,H,0
2024-08-17,2024/25,Aston Villa,West Ham,Away,3,2,1,A,0
2024-08-24,2024/25,Aston Villa,Arsenal,Home,3,0,2,A,0
2024-08-31,2024/25,Aston Villa,Leicester,Away,5,2,1,A,0
2024-09-14,2024/25,Aston Villa,Everton,Home,8,3,2,H,0
2024-09-21,2024/25,Aston Villa,Wolves,Home,4,3,1,H,0
2024-09-29,2024/25,Aston Villa,Ipswich,Away,3,2,2,D,0
2024-10-06,2024/25,Aston Villa,Man United,Home,1,0,0,D,0
2024-10-19,2024/25,Aston Villa,Fulham,Away,5,3,1,A,1
2024-10-26,2024/25,Aston Villa,Bournemouth,Home,8,1,1,D,0
2024-11-03,2024/25,Aston Villa,Tottenham,Away,1,1,4,H,0
2024-11-09,2024/25,Aston Villa,Liverpool,Away,2,0,2,H,0
2024-11-23,2024/25,Aston Villa,Crystal Palace,Home,5,2,2,D,0
2024-12-01,2024/25,Aston Villa,Chelsea,Away,4,0,3,H,0
2024-12-04,2024/25,Aston Villa,Brentford,Home,10,3,1,H,0
2024-12-07,2024/25,Aston Villa,Southampton,Home,5,1,0,H,0
2024-12-14,2024/25,Aston Villa,Nott'm Forest,Away,2,1,2,H,0
2024-12-21,2024/25,Aston Villa,Man City,Home,6,2,1,H,0
2024-12-26,2024/25,Aston Villa,Newcastle,Away,1,0,3,H,1
2024-12-30,2024/25,Aston Villa,Brighton,Home,4,2,2,D,0
2025-01-04,2024/25,Aston Villa,Leicester,Home,5,2,1,H,0
2025-01-15,2024/25,Aston Villa,Everton,Away,3,1,0,A,0
2025-01-18,2024/25,Aston Villa,Arsenal,Away,4,2,2,D,0
2025-01-26,2024/25,Aston Villa,West Ham,Home,4,1,1,D,0
2025-02-01,2024/25,Aston Villa,Wolves,Away,3,0,2,H,0
2025-02-15,2024/25,Aston Villa,Ipswich,Home,6,1,1,D,0
2025-02-19,2024/25,Aston Villa,Liverpool,Home,4,2,2,D,0
2025-02-22,2024/25,Aston Villa,Chelsea,Home,6,2,1,H,0
2025-02-25,2024/25,Aston Villa,Crystal Palace,Away,2,1,4,H,0
2025-03-08,2024/25,Aston Villa,Brentford,Away,4,1,0,A,0
2025-04-02,2024/25,Aston Villa,Brighton,Away,5,3,0,A,0
2025-04-05,2024/25,Aston Villa,Nott'm Forest,Home,8,2,1,H,0
2025-04-12,2024/25,Aston Villa,Southampton,Away,10,3,0,A,0
2025-04-19,2024/25,Aston Villa,Newcastle,Home,9,4,1,H,0
2025-04-22,2024/25,Aston Villa,Man City,Away,3,1,2,H,0
2025-05-03,2024/25,Aston Villa,Fulham,Home,3,1,0,H,0
2002-08-18,2002/03,Birmingham,Arsenal,Away,1,0,2,H,1
2002-08-24,2002/03,Birmingham,Blackburn,Home,10,0,1,A,0
2002-08-28,2002/03,Birmingham,Everton,Away,2,1,1,D,0
2002-08-31,2002/03,Birmingham,Leeds,Home,5,2,1,H,0
2002-09-11,2002/03,Birmingham,Liverpool,Away,3,2,2,D,0
2002-09-16,2002/03,Birmingham,Aston Villa,Home,5,3,0,H,0
2002-09-21,2002/03,Birmingham,Middlesbrough,Away,3,0,1,H,0
2002-09-28,2002/03,Birmingham,Newcastle,Home,5,0,2,A,0
2002-10-05,2002/03,Birmingham,West Ham,Away,4,2,1,A,0
2002-10-19,2002/03,Birmingham,West Brom,Away,1,1,1,D,1
2002-10-26,2002/03,Birmingham,Man City,Home,4,0,2,A,0
2002-11-02,2002/03,Birmingham,Bolton,Home,6,3,1,H,0
2002-11-09,2002/03,Birmingham,Chelsea,Away,2,0,3,H,0
2002-11-17,2002/03,Birmingham,Fulham,Home,6,0,0,D,0
2002-11-23,2002/03,Birmingham,Sunderland,Away,9,1,0,A,0
2002-11-30,2002/03,Birmingham,Tottenham,Home,6,1,1,D,0
2002-12-07,2002/03,Birmingham,Southampton,Away,2,0,2,H,0
2002-12-15,2002/03,Birmingham,Fulham,Away,1,1,0,A,1
2002-12-21,2002/03,Birmingham,Charlton,Home,5,1,1,D,1
2002-12-26,2002/03,Birmingham,Everton,Home,3,1,1,D,0
2002-12-28,2002/03,Birmingham,Man United,Away,2,0,2,H,0
2003-01-01,2002/03,Birmingham,Leeds,Away,5,0,2,H,0
2003-01-12,2002/03,Birmingham,Arsenal,Home,4,0,4,A,0
2003-01-18,2002/03,Birmingham,Blackburn,Away,7,1,1,D,0
2003-02-01,2002/03,Birmingham,Bolton,Away,6,2,4,H,0
2003-02-04,2002/03,Birmingham,Man United,Home,3,0,1,A,0
2003-02-08,2002/03,Birmingham,Chelsea,Home,6,1,3,A,0
2003-02-23,2002/03,Birmingham,Liverpool,Home,2,2,1,H,0
2003-03-03,2002/03,Birmingham,Aston Villa,Away,3,2,0,A,0
2003-03-16,2002/03,Birmingham,Man City,Away,4,0,1,H,0
2003-03-22,2002/03,Birmingham,West Brom,Home,6,1,0,H,0
2003-04-05,2002/03,Birmingham,Tottenham,Away,4,1,2,H,0
2003-04-12,2002/03,Birmingham,Sunderland,Home,3,2,0,H,0
2003-04-19,2002/03,Birmingham,Charlton,Away,7,2,0,A,0
2003-04-21,2002/03,Birmingham,Southampton,Home,9,3,2,H,0
2003-04-26,2002/03,Birmingham,Middlesbrough,Home,6,3,0,H,0
2003-05-03,2002/03,Birmingham,Newcastle,Away,2,0,1,H,1
2003-05-11,2002/03,Birmingham,West Ham,Home,7,2,2,D,0
2003-08-16,2003/04,Birmingham,Tottenham,Home,5,1,0,H,0
2003-08-23,2003/04,Birmingham,Southampton,Away,5,0,0,D,0
2003-08-30,2003/04,Birmingham,Newcastle,Away,3,1,0,A,0
2003-09-14,2003/04,Birmingham,Fulham,Home,9,2,2,D,1
2003-09-20,2003/04,Birmingham,Leeds,Away,3,2,0,A,0
2003-09-27,2003/04,Birmingham,Portsmouth,Home,5,2,0,H,0
2003-10-04,2003/04,Birmingham,Man United,Away,2,0,3,H,1
2003-10-14,2003/04,Birmingham,Chelsea,Home,2,0,0,D,0
2003-10-19,2003/04,Birmingham,Aston Villa,Home,3,0,0,D,0
2003-10-25,2003/04,Birmingham,Bolton,Away,3,1,0,A,0
2003-11-03,2003/04,Birmingham,Charlton,Home,13,1,2,A,0
2003-11-08,2003/04,Birmingham,Wolves,Away,2,1,1,D,0
2003-11-22,2003/04,Birmingham,Arsenal,Home,1,0,3,A,0
2003-11-30,2003/04,Birmingham,Liverpool,Away,4,1,3,H,0
2003-12-06,2003/04,Birmingham,Blackburn,Home,2,0,4,A,1
2003-12-13,2003/04,Birmingham,Leicester,Away,4,2,0,A,0
2003-12-26,2003/04,Birmingham,Man City,Home,3,2,1,H,0
2003-12-28,2003/04,Birmingham,Everton,Away,2,0,1,H,0
2004-01-07,2003/04,Birmingham,Tottenham,Away,3,1,4,H,0
2004-01-10,2003/04,Birmingham,Southampton,Home,6,2,1,H,0
2004-01-18,2003/04,Birmingham,Chelsea,Away,1,0,0,D,0
2004-01-31,2003/04,Birmingham,Newcastle,Home,5,1,1,D,0
2004-02-08,2003/04,Birmingham,Man City,Away,2,0,0,D,0
2004-02-11,2003/04,Birmingham,Everton,Home,11,3,0,H,0
2004-02-22,2003/04,Birmingham,Aston Villa,Away,9,2,2,D,0
2004-03-03,2003/04,Birmingham,Middlesbrough,Home,5,3,1,H,0
2004-03-06,2003/04,Birmingham,Bolton,Home,6,2,0,H,0
2004-03-13,2003/04,Birmingham,Leicester,Home,4,0,1,A,0
2004-03-20,2003/04,Birmingham,Middlesbrough,Away,12,3,5,H,0
2004-03-27,2003/04,Birmingham,Leeds,Home,7,4,1,H,0
2004-04-03,2003/04,Birmingham,Fulham,Away,1,0,0,D,0
2004-04-25,2003/04,Birmingham,Wolves,Home,9,2,2,D,0
2004-05-01,2003/04,Birmingham,Arsenal,Away,3,0,0,D,0
2004-05-08,2003/04,Birmingham,Liverpool,Home,2,0,3,A,1
2004-08-14,2004/05,Birmingham,Portsmouth,Away,11,1,1,D,0
2004-08-21,2004/05,Birmingham,Chelsea,Home,3,0,1,A,0
2004-08-24,2004/05,Birmingham,Man City,Home,2,1,0,H,0
2004-08-28,2004/05,Birmingham,Tottenham,Away,2,0,1,H,0
2004-09-11,2004/05,Birmingham,Middlesbrough,Away,3,1,2,H,0
2004-09-18,2004/05,Birmingham,Charlton,Home,5,1,1,D,1
2004-09-25,2004/05,Birmingham,Bolton,Away,2,1,1,D,0
2004-10-03,2004/05,Birmingham,Newcastle,Home,6,2,2,D,0
2004-10-16,2004/05,Birmingham,Man United,Home,6,0,0,D,0
2004-10-24,2004/05,Birmingham,Southampton,Away,2,0,0,D,0
2004-10-30,2004/05,Birmingham,Crystal Palace,Home,11,0,1,A,0
2004-11-06,2004/05,Birmingham,Liverpool,Away,1,1,0,A,0
2004-11-13,2004/05,Birmingham,Everton,Home,4,0,1,A,1
2004-11-21,2004/05,Birmingham,Blackburn,Away,5,3,3,D,0
2004-11-27,2004/05,Birmingham,Norwich,Home,10,1,1,D,0
2004-12-04,2004/05,Birmingham,Arsenal,Away,1,0,3,H,0
2004-12-12,2004/05,Birmingham,Aston Villa,Away,5,2,1,A,0
2004-12-18,2004/05,Birmingham,West Brom,Home,5,4,0,H,0
2004-12-26,2004/05,Birmingham,Middlesbrough,Home,10,2,0,H,0
2004-12-28,2004/05,Birmingham,Fulham,Away,5,3,2,A,0
2005-01-01,2004/05,Birmingham,Newcastle,Away,8,1,2,H,0
2005-01-04,2004/05,Birmingham,Bolton,Home,8,1,2,A,0
2005-01-15,2004/05,Birmingham,Charlton,Away,6,1,3,H,0
2005-01-22,2004/05,Birmingham,Fulham,Home,5,1,2,A,0
2005-02-02,2004/05,Birmingham,Southampton,Home,4,2,1,H,0
2005-02-05,2004/05,Birmingham,Man United,Away,1,0,2,H,0
2005-02-12,2004/05,Birmingham,Liverpool,Home,3,2,0,H,0
2005-02-26,2004/05,Birmingham,Crystal Palace,Away,5,0,2,H,0
2005-03-06,2004/05,Birmingham,West Brom,Away,0,0,2,H,0
2005-03-20,2004/05,Birmingham,Aston Villa,Home,4,2,0,H,0
2005-04-02,2004/05,Birmingham,Tottenham,Home,7,1,1,D,0
2005-04-09,2004/05,Birmingham,Chelsea,Away,1,1,1,D,0
2005-04-16,2004/05,Birmingham,Portsmouth,Home,4,0,0,D,0
2005-04-20,2004/05,Birmingham,Man City,Away,1,0,3,H,0
2005-08-13,2005/06,Birmingham,Fulham,Away,4,0,0,D,0
2005-08-20,2005/06,Birmingham,Man City,Home,2,1,2,A,0
2005-08-23,2005/06,Birmingham,Middlesbrough,Home,8,0,3,A,0
2005-08-27,2005/06,Birmingham,West Brom,Away,7,3,2,A,0
2005-09-10,2005/06,Birmingham,Charlton,Home,5,0,1,A,0
2005-09-17,2005/06,Birmingham,Portsmouth,Away,2,1,1,D,1
2005-09-24,2005/06,Birmingham,Liverpool,Home,4,2,2,D,1
2005-10-02,2005/06,Birmingham,Arsenal,Away,2,0,1,H,1
2005-10-16,2005/06,Birmingham,Aston Villa,Home,5,0,1,A,0
2005-10-22,2005/06,Birmingham,Blackburn,Away,2,0,2,H,0
2005-10-29,2005/06,Birmingham,Everton,Home,8,0,1,A,0
2005-11-05,2005/06,Birmingham,Newcastle,Away,3,0,1,H,0
2005-11-26,2005/06,Birmingham,Sunderland,Away,7,1,0,A,0
2005-12-05,2005/06,Birmingham,West Ham,Home,6,1,2,A,0
2005-12-10,2005/06,Birmingham,Fulham,Home,7,1,0,H,0
2005-12-17,2005/06,Birmingham,Man City,Away,2,1,4,H,1
2005-12-26,2005/06,Birmingham,Tottenham,Away,4,0,2,H,1
2005-12-28,2005/06,Birmingham,Man United,Home,5,2,2,D,0
2005-12-31,2005/06,Birmingham,Chelsea,Away,3,0,2,H,0
2006-01-02,2005/06,Birmingham,Wigan,Home,4,2,0,H,0
2006-01-14,2005/06,Birmingham,Charlton,Away,5,0,2,H,0
2006-01-21,2005/06,Birmingham,Portsmouth,Home,6,5,0,H,0
2006-02-01,2005/06,Birmingham,Liverpool,Away,2,1,1,D,1
2006-02-04,2005/06,Birmingham,Arsenal,Home,5,0,2,A,1
2006-02-13,2005/06,Birmingham,West Ham,Away,7,0,3,H,0
2006-02-25,2005/06,Birmingham,Sunderland,Home,7,1,0,H,0
2006-03-04,2005/06,Birmingham,Middlesbrough,Away,5,0,1,H,0
2006-03-11,2005/06,Birmingham,West Brom,Home,1,1,1,D,0
2006-03-18,2005/06,Birmingham,Tottenham,Home,4,0,2,A,0
2006-03-26,2005/06,Birmingham,Man United,Away,5,0,3,H,0
2006-04-01,2005/06,Birmingham,Chelsea,Home,1,0,0,D,0
2006-04-04,2005/06,Birmingham,Bolton,Home,2,1,0,H,0
2006-04-08,2005/06,Birmingham,Wigan,Away,5,1,1,D,0
2006-04-16,2005/06,Birmingham,Aston Villa,Away,8,1,3,H,0
2006-04-19,2005/06,Birmingham,Blackburn,Home,6,2,1,H,0
2006-04-22,2005/06,Birmingham,Everton,Away,2,0,0,D,0
2006-04-29,2005/06,Birmingham,Newcastle,Home,5,0,0,D,0
2006-05-07,2005/06,Birmingham,Bolton,Away,2,0,1,H,0
2007-08-12,2007/08,Birmingham,Chelsea,Away,4,2,3,H,0
2007-08-15,2007/08,Birmingham,Sunderland,Home,3,2,2,D,0
2007-08-18,2007/08,Birmingham,West Ham,Home,3,0,1,A,0
2007-08-25,2007/08,Birmingham,Derby,Away,6,2,1,A,0
2007-09-01,2007/08,Birmingham,Middlesbrough,Away,4,0,2,H,0
2007-09-15,2007/08,Birmingham,Bolton,Home,5,1,0,H,0
2007-09-22,2007/08,Birmingham,Liverpool,Away,2,0,0,D,0
2007-09-29,2007/08,Birmingham,Man United,Home,9,0,1,A,0
2007-10-07,2007/08,Birmingham,Blackburn,Away,5,1,2,H,0
2007-10-20,2007/08,Birmingham,Man City,Away,8,0,1,H,0
2007-10-27,2007/08,Birmingham,Wigan,Home,10,3,2,H,0
2007-11-03,2007/08,Birmingham,Everton,Away,6,1,3,H,0
2007-11-11,2007/08,Birmingham,Aston Villa,Home,8,1,2,A,0
2007-11-24,2007/08,Birmingham,Portsmouth,Home,3,0,2,A,0
2007-12-02,2007/08,Birmingham,Tottenham,Away,3,3,2,A,0
2007-12-08,2007/08,Birmingham,Newcastle,Away,4,1,2,H,0
2007-12-15,2007/08,Birmingham,Reading,Home,9,1,1,D,0
2007-12-22,2007/08,Birmingham,Bolton,Away,1,0,3,H,0
2007-12-26,2007/08,Birmingham,Middlesbrough,Home,5,3,0,H,0
2007-12-29,2007/08,Birmingham,Fulham,Home,6,1,1,D,0
2008-01-01,2007/08,Birmingham,Man United,Away,4,0,1,H,0
2008-01-12,2007/08,Birmingham,Arsenal,Away,2,1,1,D,0
2008-01-19,2007/08,Birmingham,Chelsea,Home,7,0,1,A,0
2008-01-29,2007/08,Birmingham,Sunderland,Away,2,0,2,H,0
2008-02-02,2007/08,Birmingham,Derby,Home,7,1,1,D,0
2008-02-09,2007/08,Birmingham,West Ham,Away,3,1,1,D,0
2008-02-23,2007/08,Birmingham,Arsenal,Home,1,2,2,D,1
2008-03-01,2007/08,Birmingham,Tottenham,Home,10,4,1,H,0
2008-03-12,2007/08,Birmingham,Portsmouth,Away,5,2,4,H,0
2008-03-17,2007/08,Birmingham,Newcastle,Home,4,1,1,D,0
2008-03-22,2007/08,Birmingham,Reading,Away,7,1,2,H,0
2008-03-29,2007/08,Birmingham,Man City,Home,7,3,1,H,1
2008-04-05,2007/08,Birmingham,Wigan,Away,1,0,2,H,1
2008-04-12,2007/08,Birmingham,Everton,Home,7,1,1,D,0
2008-04-20,2007/08,Birmingham,Aston Villa,Away,6,1,5,H,0
2008-04-26,2007/08,Birmingham,Liverpool,Home,3,2,2,D,0
2008-05-03,2007/08,Birmingham,Fulham,Away,0,0,2,H,0
2008-05-11,2007/08,Birmingham,Blackburn,Home,9,4,1,H,0
2009-08-16,2009/10,Birmingham,Man United,Away,4,0,1,H,0
2009-08-19,2009/10,Birmingham,Portsmouth,Home,5,1,0,H,0
2009-08-22,2009/10,Birmingham,Stoke,Home,6,0,0,D,0
2009-08-29,2009/10,Birmingham,Tottenham,Away,6,1,2,H,0
2009-09-13,2009/10,Birmingham,Aston Villa,Home,7,0,1,A,0
2009-09-19,2009/10,Birmingham,Hull,Away,9,1,0,A,0
2009-09-26,2009/10,Birmingham,Bolton,Home,6,1,2,A,0
2009-10-03,2009/10,Birmingham,Burnley,Away,6,1,2,H,0
2009-10-17,2009/10,Birmingham,Arsenal,Away,2,1,3,H,0
2009-10-24,2009/10,Birmingham,Sunderland,Home,13,2,1,H,0
2009-11-01,2009/10,Birmingham,Man City,Home,4,0,0,D,1
2009-11-09,2009/10,Birmingham,Liverpool,Away,2,2,2,D,0
2009-11-21,2009/10,Birmingham,Fulham,Home,2,1,0,H,0
2009-11-29,2009/10,Birmingham,Wolves,Away,7,1,0,A,0
2009-12-05,2009/10,Birmingham,Wigan,Away,9,3,2,A,0
2009-12-12,2009/10,Birmingham,West Ham,Home,9,1,0,H,0
2009-12-15,2009/10,Birmingham,Blackburn,Home,6,2,1,H,0
2009-12-20,2009/10,Birmingham,Everton,Away,1,1,1,D,0
2009-12-26,2009/10,Birmingham,Chelsea,Home,4,0,0,D,0
2009-12-28,2009/10,Birmingham,Stoke,Away,5,1,0,A,0
2010-01-09,2009/10,Birmingham,Man United,Home,5,1,1,D,0
2010-01-27,2009/10,Birmingham,Chelsea,Away,3,0,3,H,0
2010-01-30,2009/10,Birmingham,Tottenham,Home,6,1,1,D,0
2010-02-07,2009/10,Birmingham,Wolves,Home,10,2,1,H,0
2010-02-10,2009/10,Birmingham,West Ham,Away,4,0,2,H,0
2010-02-21,2009/10,Birmingham,Fulham,Away,6,1,2,H,0
2010-02-27,2009/10,Birmingham,Wigan,Home,5,1,0,H,0
2010-03-09,2009/10,Birmingham,Portsmouth,Away,6,2,1,A,0
2010-03-13,2009/10,Birmingham,Everton,Home,4,2,2,D,0
2010-03-20,2009/10,Birmingham,Sunderland,Away,14,1,3,H,0
2010-03-24,2009/10,Birmingham,Blackburn,Away,5,1,2,H,0
2010-03-27,2009/10,Birmingham,Arsenal,Home,3,1,1,D,0
2010-04-04,2009/10,Birmingham,Liverpool,Home,3,1,1,D,0
2010-04-11,2009/10,Birmingham,Man City,Away,3,1,5,H,0
2010-04-17,2009/10,Birmingham,Hull,Home,7,0,0,D,0
2010-04-25,2009/10,Birmingham,Aston Villa,Away,14,0,1,H,0
2010-05-01,2009/10,Birmingham,Burnley,Home,4,2,1,H,0
2010-05-09,2009/10,Birmingham,Bolton,Away,5,1,2,H,0
2010-08-14,2010/11,Birmingham,Sunderland,Away,7,2,2,D,0
2010-08-21,2010/11,Birmingham,Blackburn,Home,7,2,1,H,0
2010-08-29,2010/11,Birmingham,Bolton,Away,5,2,2,D,0
2010-09-12,2010/11,Birmingham,Liverpool,Home,3,0,0,D,0
2010-09-18,2010/11,Birmingham,West Brom,Away,3,1,3,H,0
2010-09-25,2010/11,Birmingham,Wigan,Home,4,0,0,D,1
2010-10-02,2010/11,Birmingham,Everton,Home,3,0,2,A,0
2010-10-16,2010/11,Birmingham,Arsenal,Away,4,1,2,H,0
2010-10-23,2010/11,Birmingham,Blackpool,Home,8,2,0,H,0
2010-10-31,2010/11,Birmingham,Aston Villa,Away,6,0,0,D,0
2010-11-06,2010/11,Birmingham,West Ham,Home,5,2,2,D,0
2010-11-09,2010/11,Birmingham,Stoke,Away,10,2,3,H,0
2010-11-13,2010/11,Birmingham,Man City,Away,3,0,0,D,0
2010-11-20,2010/11,Birmingham,Chelsea,Home,1,1,0,H,0
2010-11-27,2010/11,Birmingham,Fulham,Away,3,1,1,D,0
2010-12-04,2010/11,Birmingham,Tottenham,Home,5,1,1,D,0
2010-12-12,2010/11,Birmingham,Wolves,Away,0,0,1,H,0
2010-12-28,2010/11,Birmingham,Man United,Home,3,1,1,D,0
2011-01-01,2010/11,Birmingham,Arsenal,Home,1,0,3,A,0
2011-01-04,2010/11,Birmingham,Blackpool,Away,7,2,1,A,0
2011-01-16,2010/11,Birmingham,Aston Villa,Home,4,1,1,D,0
2011-01-22,2010/11,Birmingham,Man United,Away,1,0,5,H,0
2011-02-02,2010/11,Birmingham,Man City,Home,7,2,2,D,0
2011-02-06,2010/11,Birmingham,West Ham,Away,3,1,0,A,0
2011-02-12,2010/11,Birmingham,Stoke,Home,4,1,0,H,0
2011-02-15,2010/11,Birmingham,Newcastle,Home,5,0,2,A,0
2011-03-05,2010/11,Birmingham,West Brom,Home,4,1,3,A,0
2011-03-09,2010/11,Birmingham,Everton,Away,3,1,1,D,0
2011-03-19,2010/11,Birmingham,Wigan,Away,4,1,2,H,0
2011-04-02,2010/11,Birmingham,Bolton,Home,6,2,1,H,0
2011-04-09,2010/11,Birmingham,Blackburn,Away,5,1,1,D,0
2011-04-16,2010/11,Birmingham,Sunderland,Home,4,2,0,H,0
2011-04-20,2010/11,Birmingham,Chelsea,Away,3,1,3,H,0
2011-04-23,2010/11,Birmingham,Liverpool,Away,6,0,5,H,0
2011-05-01,2010/11,Birmingham,Wolves,Home,1,1,1,D,1
2011-05-07,2010/11,Birmingham,Newcastle,Away,2,1,2,H,1
2011-05-15,2010/11,Birmingham,Fulham,Home,2,0,2,A,0
2011-05-22,2010/11,Birmingham,Tottenham,Away,3,1,2,H,0
2001-08-18,2001/02,Blackburn,Derby,Away,4,1,2,H,0
2001-08-22,2001/02,Blackburn,Man United,Home,5,2,2,D,1
2001-08-25,2001/02,Blackburn,Tottenham,Home,7,2,1,H,0
2001-09-08,2001/02,Blackburn,Sunderland,Away,4,0,1,H,0
2001-09-16,2001/02,Blackburn,Ipswich,Away,4,1,1,D,0
2001-09-19,2001/02,Blackburn,Bolton,Home,8,1,1,D,0
2001-09-22,2001/02,Blackburn,Everton,Home,6,1,0,H,0
2001-09-30,2001/02,Blackburn,Aston Villa,Away,1,0,2,H,0
2001-10-14,2001/02,Blackburn,West Ham,Home,14,7,1,H,0
2001-10-20,2001/02,Blackburn,Arsenal,Away,5,3,3,D,0
2001-10-29,2001/02,Blackburn,Leicester,Home,3,0,0,D,0
2001-11-03,2001/02,Blackburn,Southampton,Away,5,2,1,A,0
2001-11-17,2001/02,Blackburn,Liverpool,Home,5,1,1,D,0
2001-11-24,2001/02,Blackburn,Chelsea,Away,2,0,0,D,0
2001-12-01,2001/02,Blackburn,Middlesbrough,Home,4,0,1,A,0
2001-12-09,2001/02,Blackburn,Leeds,Home,6,1,2,A,0
2001-12-15,2001/02,Blackburn,Newcastle,Away,6,1,2,H,0
2001-12-22,2001/02,Blackburn,Charlton,Away,4,2,0,A,0
2001-12-26,2001/02,Blackburn,Sunderland,Home,3,0,3,A,1
2001-12-29,2001/02,Blackburn,Derby,Home,5,0,1,A,0
2002-01-01,2001/02,Blackburn,Tottenham,Away,7,0,1,H,0
2002-01-12,2001/02,Blackburn,Charlton,Home,11,4,1,H,0
2002-01-19,2001/02,Blackburn,Man United,Away,4,1,2,H,0
2002-01-30,2001/02,Blackburn,Arsenal,Home,4,2,3,A,0
2002-02-02,2001/02,Blackburn,West Ham,Away,2,0,2,H,0
2002-02-09,2001/02,Blackburn,Fulham,Away,6,0,2,H,1
2002-03-02,2001/02,Blackburn,Bolton,Away,3,1,1,D,1
2002-03-05,2001/02,Blackburn,Aston Villa,Home,9,3,0,H,0
2002-03-13,2001/02,Blackburn,Ipswich,Home,7,2,1,H,0
2002-03-17,2001/02,Blackburn,Leeds,Away,8,1,3,H,0
2002-03-30,2001/02,Blackburn,Leicester,Away,4,1,2,H,0
2002-04-01,2001/02,Blackburn,Southampton,Home,4,2,0,H,0
2002-04-10,2001/02,Blackburn,Chelsea,Home,7,0,0,D,0
2002-04-20,2001/02,Blackburn,Middlesbrough,Away,5,3,1,A,0
2002-04-23,2001/02,Blackburn,Newcastle,Home,5,2,2,D,0
2002-04-28,2001/02,Blackburn,Everton,Away,6,2,1,A,0
2002-05-08,2001/02,Blackburn,Liverpool,Away,7,3,4,H,0
2002-05-11,2001/02,Blackburn,Fulham,Home,13,3,0,H,0
2002-08-17,2002/03,Blackburn,Sunderland,Home,5,0,0,D,0
2002-08-24,2002/03,Blackburn,Birmingham,Away,9,1,0,A,0
2002-08-28,2002/03,Blackburn,Liverpool,Home,4,2,2,D,0
2002-08-31,2002/03,Blackburn,Middlesbrough,Away,7,0,1,H,0
2002-09-11,2002/03,Blackburn,Chelsea,Home,6,2,3,A,0
2002-09-15,2002/03,Blackburn,Man City,Away,8,2,2,D,0
2002-09-22,2002/03,Blackburn,Leeds,Home,7,1,0,H,0
2002-09-30,2002/03,Blackburn,West Brom,Away,5,2,0,A,0
2002-10-06,2002/03,Blackburn,Tottenham,Home,7,1,2,A,0
2002-10-19,2002/03,Blackburn,Newcastle,Home,11,5,2,H,0
2002-10-26,2002/03,Blackburn,Arsenal,Away,2,2,1,A,1
2002-11-03,2002/03,Blackburn,Aston Villa,Home,6,0,0,D,0
2002-11-09,2002/03,Blackburn,Southampton,Away,3,1,1,D,1
2002-11-17,2002/03,Blackburn,Everton,Home,6,0,1,A,0
2002-11-24,2002/03,Blackburn,Charlton,Away,7,1,3,H,0
2002-11-30,2002/03,Blackburn,Fulham,Home,4,2,1,H,0
2002-12-07,2002/03,Blackburn,Bolton,Away,7,1,1,D,0
2002-12-14,2002/03,Blackburn,Everton,Away,9,1,2,H,1
2002-12-22,2002/03,Blackburn,Man United,Home,3,1,0,H,0
2002-12-26,2002/03,Blackburn,Liverpool,Away,5,1,1,D,0
2002-12-28,2002/03,Blackburn,West Ham,Home,3,2,2,D,0
2003-01-01,2002/03,Blackburn,Middlesbrough,Home,10,1,0,H,0
2003-01-11,2002/03,Blackburn,Sunderland,Away,4,0,0,D,0
2003-01-18,2002/03,Blackburn,Birmingham,Home,10,1,1,D,1
2003-01-29,2002/03,Blackburn,West Ham,Away,1,1,2,H,0
2003-02-02,2002/03,Blackburn,Aston Villa,Away,1,0,3,H,0
2003-02-08,2002/03,Blackburn,Southampton,Home,11,1,0,H,0
2003-02-22,2002/03,Blackburn,Chelsea,Away,5,2,1,A,0
2003-03-01,2002/03,Blackburn,Man City,Home,7,1,0,H,0
2003-03-15,2002/03,Blackburn,Arsenal,Home,4,2,0,H,0
2003-03-22,2002/03,Blackburn,Newcastle,Away,8,1,5,H,0
2003-04-07,2002/03,Blackburn,Fulham,Away,3,4,0,A,0
2003-04-12,2002/03,Blackburn,Charlton,Home,6,1,0,H,0
2003-04-19,2002/03,Blackburn,Man United,Away,1,1,3,H,0
2003-04-21,2002/03,Blackburn,Bolton,Home,5,0,0,D,0
2003-04-26,2002/03,Blackburn,Leeds,Away,5,3,2,A,0
2003-05-03,2002/03,Blackburn,West Brom,Home,7,1,1,D,0
2003-05-11,2002/03,Blackburn,Tottenham,Away,9,4,0,A,0
2003-08-16,2003/04,Blackburn,Wolves,Home,13,5,1,H,0
2003-08-23,2003/04,Blackburn,Bolton,Away,5,2,2,D,1
2003-08-25,2003/04,Blackburn,Man City,Home,10,2,3,A,0
2003-08-30,2003/04,Blackburn,Chelsea,Away,4,2,2,D,0
2003-09-13,2003/04,Blackburn,Liverpool,Home,5,1,3,A,1
2003-09-20,2003/04,Blackburn,Portsmouth,Away,10,2,1,A,0
2003-09-28,2003/04,Blackburn,Fulham,Home,0,0,2,A,0
2003-10-04,2003/04,Blackburn,Leeds,Away,9,1,2,H,0
2003-10-20,2003/04,Blackburn,Charlton,Home,6,0,1,A,0
2003-10-25,2003/04,Blackburn,Southampton,Away,3,0,2,H,1
2003-11-02,2003/04,Blackburn,Leicester,Away,2,0,2,H,0
2003-11-10,2003/04,Blackburn,Everton,Home,12,2,1,H,0
2003-11-22,2003/04,Blackburn,Man United,Away,6,1,2,H,0
2003-11-29,2003/04,Blackburn,Tottenham,Home,12,1,0,H,0
2003-12-06,2003/04,Blackburn,Birmingham,Away,7,4,0,A,0
2003-12-14,2003/04,Blackburn,Arsenal,Away,1,0,1,H,0
2003-12-20,2003/04,Blackburn,Aston Villa,Home,5,0,2,A,0
2003-12-26,2003/04,Blackburn,Middlesbrough,Home,10,2,2,D,0
2003-12-28,2003/04,Blackburn,Newcastle,Away,3,1,0,A,0
2004-01-07,2003/04,Blackburn,Wolves,Away,5,2,2,D,0
2004-01-10,2003/04,Blackburn,Bolton,Home,3,3,4,A,0
2004-01-17,2003/04,Blackburn,Man City,Away,3,1,1,D,0
2004-02-01,2003/04,Blackburn,Chelsea,Home,7,2,3,A,0
2004-02-07,2003/04,Blackburn,Middlesbrough,Away,2,1,0,A,0
2004-02-11,2003/04,Blackburn,Newcastle,Home,7,1,1,D,0
2004-02-21,2003/04,Blackburn,Charlton,Away,12,2,3,H,0
2004-02-28,2003/04,Blackburn,Southampton,Home,7,1,1,D,0
2004-03-13,2003/04,Blackburn,Arsenal,Home,5,0,2,A,0
2004-03-20,2003/04,Blackburn,Aston Villa,Away,7,2,0,A,0
2004-03-27,2003/04,Blackburn,Portsmouth,Home,9,1,2,A,0
2004-04-24,2003/04,Blackburn,Everton,Away,7,1,0,A,0
2004-05-01,2003/04,Blackburn,Man United,Home,8,1,0,H,0
2004-05-08,2003/04,Blackburn,Tottenham,Away,2,0,1,H,0
2004-08-14,2004/05,Blackburn,West Brom,Home,4,1,1,D,0
2004-08-21,2004/05,Blackburn,Southampton,Away,6,2,3,H,0
2004-08-25,2004/05,Blackburn,Arsenal,Away,0,0,3,H,0
2004-08-28,2004/05,Blackburn,Man United,Home,4,1,1,D,1
2004-09-11,2004/05,Blackburn,Newcastle,Away,1,0,3,H,0
2004-09-18,2004/05,Blackburn,Portsmouth,Home,3,1,0,H,0
2004-09-27,2004/05,Blackburn,Charlton,Away,7,0,1,H,0
2004-10-02,2004/05,Blackburn,Aston Villa,Home,7,2,2,D,0
2004-10-16,2004/05,Blackburn,Middlesbrough,Home,5,0,4,A,1
2004-10-23,2004/05,Blackburn,Chelsea,Away,4,0,4,H,0
2004-10-30,2004/05,Blackburn,Liverpool,Home,7,2,2,D,0
2004-11-06,2004/05,Blackburn,Norwich,Away,9,1,1,D,1
2004-11-13,2004/05,Blackburn,Man City,Away,2,1,1,D,0
2004-11-21,2004/05,Blackburn,Birmingham,Home,10,3,3,D,0
2004-11-27,2004/05,Blackburn,Fulham,Away,4,2,0,A,0
2004-12-04,2004/05,Blackburn,Tottenham,Home,7,0,1,A,0
2004-12-11,2004/05,Blackburn,Crystal Palace,Away,8,0,0,D,1
2004-12-18,2004/05,Blackburn,Everton,Home,9,0,0,D,0
2004-12-26,2004/05,Blackburn,Newcastle,Home,11,2,2,D,0
2004-12-28,2004/05,Blackburn,Bolton,Away,5,1,0,A,0
2005-01-01,2004/05,Blackburn,Aston Villa,Away,4,0,1,H,0
2005-01-03,2004/05,Blackburn,Charlton,Home,11,1,0,H,0
2005-01-15,2004/05,Blackburn,Portsmouth,Away,6,1,0,A,0
2005-01-24,2004/05,Blackburn,Bolton,Home,4,0,1,A,0
2005-02-02,2004/05,Blackburn,Chelsea,Home,2,0,1,A,0
2005-02-05,2004/05,Blackburn,Middlesbrough,Away,3,0,1,H,0
2005-02-12,2004/05,Blackburn,Norwich,Home,13,3,0,H,0
2005-03-06,2004/05,Blackburn,Everton,Away,5,1,0,A,0
2005-03-16,2004/05,Blackburn,Liverpool,Away,2,0,0,D,0
2005-03-19,2004/05,Blackburn,Arsenal,Home,2,0,1,A,0
2005-04-02,2004/05,Blackburn,Man United,Away,3,0,0,D,0
2005-04-09,2004/05,Blackburn,Southampton,Home,8,3,0,H,0
2005-04-20,2004/05,Blackburn,Crystal Palace,Home,7,1,0,H,0
2005-08-13,2005/06,Blackburn,West Ham,Away,5,1,3,H,1
2005-08-20,2005/06,Blackburn,Fulham,Home,9,2,1,H,0
2005-08-24,2005/06,Blackburn,Tottenham,Home,7,0,0,D,1
2005-08-27,2005/06,Blackburn,Aston Villa,Away,2,0,1,H,0
2005-09-11,2005/06,Blackburn,Bolton,Away,3,0,0,D,0
2005-09-18,2005/06,Blackburn,Newcastle,Home,10,0,3,A,0
2005-09-24,2005/06,Blackburn,Man United,Away,10,2,1,A,0
2005-10-01,2005/06,Blackburn,West Brom,Home,11,2,0,H,0
2005-10-15,2005/06,Blackburn,Liverpool,Away,1,0,1,H,1
2005-10-22,2005/06,Blackburn,Birmingham,Home,5,2,0,H,0
2005-10-29,2005/06,Blackburn,Chelsea,Away,4,2,4,H,0
2005-11-05,2005/06,Blackburn,Charlton,Home,3,4,1,H,0
2005-11-19,2005/06,Blackburn,Man City,Away,4,0,0,D,0
2005-11-26,2005/06,Blackburn,Arsenal,Away,9,0,3,H,0
2005-12-03,2005/06,Blackburn,Everton,Home,7,0,2,A,1
2005-12-10,2005/06,Blackburn,West Ham,Home,5,3,2,H,0
2005-12-17,2005/06,Blackburn,Fulham,Away,4,1,2,H,0
2005-12-26,2005/06,Blackburn,Middlesbrough,Away,4,2,0,A,0
2005-12-31,2005/06,Blackburn,Wigan,Away,7,3,0,A,0
2006-01-02,2005/06,Blackburn,Portsmouth,Home,7,2,1,H,0
2006-01-14,2005/06,Blackburn,Bolton,Home,3,0,0,D,0
2006-01-21,2005/06,Blackburn,Newcastle,Away,2,1,0,A,0
2006-02-01,2005/06,Blackburn,Man United,Home,4,4,3,H,0
2006-02-04,2005/06,Blackburn,West Brom,Away,4,0,2,H,0
2006-02-11,2005/06,Blackburn,Everton,Away,5,0,1,H,0
2006-02-15,2005/06,Blackburn,Sunderland,Home,6,2,0,H,0
2006-02-25,2005/06,Blackburn,Arsenal,Home,2,1,0,H,0
2006-03-05,2005/06,Blackburn,Tottenham,Away,4,2,3,H,0
2006-03-11,2005/06,Blackburn,Aston Villa,Home,5,2,0,H,0
2006-03-18,2005/06,Blackburn,Middlesbrough,Home,3,3,2,H,1
2006-03-25,2005/06,Blackburn,Sunderland,Away,4,1,0,A,0
2006-04-03,2005/06,Blackburn,Wigan,Home,5,1,1,D,0
2006-04-08,2005/06,Blackburn,Portsmouth,Away,3,2,2,D,0
2006-04-16,2005/06,Blackburn,Liverpool,Home,3,0,1,A,0
2006-04-19,2005/06,Blackburn,Birmingham,Away,6,1,2,H,0
2006-04-29,2005/06,Blackburn,Charlton,Away,4,2,0,A,0
2006-05-02,2005/06,Blackburn,Chelsea,Home,1,1,0,H,0
2006-05-07,2005/06,Blackburn,Man City,Home,2,2,0,H,1
2006-08-19,2006/07,Blackburn,Portsmouth,Away,7,0,3,H,2
2006-08-23,2006/07,Blackburn,Everton,Home,5,1,1,D,0
2006-08-27,2006/07,Blackburn,Chelsea,Home,3,0,2,A,0
2006-09-09,2006/07,Blackburn,Sheffield United,Away,1,0,0,D,0
2006-09-17,2006/07,Blackburn,Man City,Home,5,4,2,H,0
2006-09-23,2006/07,Blackburn,Middlesbrough,Away,7,1,0,A,0
2006-10-01,2006/07,Blackburn,Wigan,Home,8,2,1,H,0
2006-10-14,2006/07,Blackburn,Liverpool,Away,3,1,1,D,0
2006-10-22,2006/07,Blackburn,Bolton,Home,11,0,1,A,0
2006-10-29,2006/07,Blackburn,West Ham,Away,7,1,2,H,0
2006-11-05,2006/07,Blackburn,Aston Villa,Away,3,0,2,H,0
2006-11-11,2006/07,Blackburn,Man United,Home,4,0,1,A,0
2006-11-19,2006/07,Blackburn,Tottenham,Home,3,1,1,D,1
2006-12-02,2006/07,Blackburn,Fulham,Home,6,2,0,H,0
2006-12-05,2006/07,Blackburn,Charlton,Away,3,0,1,H,0
2006-12-09,2006/07,Blackburn,Newcastle,Home,7,1,3,A,1
2006-12-16,2006/07,Blackburn,Reading,Away,7,2,1,A,0
2006-12-23,2006/07,Blackburn,Arsenal,Away,7,2,6,H,0
2006-12-26,2006/07,Blackburn,Liverpool,Home,4,1,0,H,0
2006-12-30,2006/07,Blackburn,Middlesbrough,Home,7,2,1,H,0
2007-01-01,2006/07,Blackburn,Wigan,Away,5,3,0,A,0
2007-01-13,2006/07,Blackburn,Arsenal,Home,7,0,2,A,0
2007-01-20,2006/07,Blackburn,Man City,Away,5,3,0,A,0
2007-01-23,2006/07,Blackburn,Watford,Away,3,1,2,H,0
2007-01-31,2006/07,Blackburn,Chelsea,Away,4,0,3,H,0
2007-02-03,2006/07,Blackburn,Sheffield United,Home,6,2,1,H,1
2007-02-10,2006/07,Blackburn,Everton,Away,4,0,1,H,0
2007-02-25,2006/07,Blackburn,Portsmouth,Home,11,3,0,H,0
2007-03-04,2006/07,Blackburn,Bolton,Away,2,2,1,A,0
2007-03-17,2006/07,Blackburn,West Ham,Home,3,1,2,A,1
2007-03-31,2006/07,Blackburn,Man United,Away,3,1,4,H,0
2007-04-07,2006/07,Blackburn,Aston Villa,Home,3,1,2,A,0
2007-04-18,2006/07,Blackburn,Watford,Home,10,3,1,H,0
2007-04-21,2006/07,Blackburn,Fulham,Away,9,1,1,D,0
2007-04-28,2006/07,Blackburn,Charlton,Home,9,4,1,H,0
2007-05-05,2006/07,Blackburn,Newcastle,Away,6,2,0,A,0
2007-05-10,2006/07,Blackburn,Tottenham,Away,4,1,1,D,1
2007-05-13,2006/07,Blackburn,Reading,Home,6,3,3,D,0
2007-08-11,2007/08,Blackburn,Middlesbrough,Away,4,2,1,A,0
2007-08-19,2007/08,Blackburn,Arsenal,Home,4,1,1,D,1
2007-08-25,2007/08,Blackburn,Everton,Away,7,1,1,D,0
2007-09-02,2007/08,Blackburn,Man City,Home,11,1,0,H,1
2007-09-15,2007/08,Blackburn,Chelsea,Away,1,0,0,D,0
2007-09-23,2007/08,Blackburn,Portsmouth,Home,3,0,1,A,0
2007-09-29,2007/08,Blackburn,Sunderland,Away,8,2,1,A,0
2007-10-07,2007/08,Blackburn,Birmingham,Home,5,2,1,H,0
2007-10-20,2007/08,Blackburn,Reading,Home,6,4,2,H,0
2007-10-28,2007/08,Blackburn,Tottenham,Away,4,2,1,A,0
2007-11-03,2007/08,Blackburn,Liverpool,Home,7,0,0,D,0
2007-11-11,2007/08,Blackburn,Man United,Away,7,0,2,H,1
2007-11-25,2007/08,Blackburn,Fulham,Away,10,2,2,D,0
2007-11-28,2007/08,Blackburn,Aston Villa,Home,10,0,4,A,1
2007-12-01,2007/08,Blackburn,Newcastle,Home,6,3,1,H,0
2007-12-09,2007/08,Blackburn,West Ham,Home,7,0,1,A,0
2007-12-15,2007/08,Blackburn,Wigan,Away,5,3,5,H,1
2007-12-23,2007/08,Blackburn,Chelsea,Home,7,0,1,A,0
2007-12-27,2007/08,Blackburn,Man City,Away,5,2,2,D,0
2007-12-30,2007/08,Blackburn,Derby,Away,18,2,1,A,0
2008-01-02,2007/08,Blackburn,Sunderland,Home,3,1,0,H,0
2008-01-13,2007/08,Blackburn,Bolton,Away,6,2,1,A,0
2008-01-19,2007/08,Blackburn,Middlesbrough,Home,5,1,1,D,0
2008-01-26,2007/08,Blackburn,Aston Villa,Away,4,1,1,D,0
2008-02-02,2007/08,Blackburn,Everton,Home,3,0,0,D,0
2008-02-11,2007/08,Blackburn,Arsenal,Away,2,0,2,H,0
2008-02-24,2007/08,Blackburn,Bolton,Home,6,4,1,H,0
2008-03-01,2007/08,Blackburn,Newcastle,Away,6,1,0,A,0
2008-03-08,2007/08,Blackburn,Fulham,Home,4,1,1,D,0
2008-03-15,2007/08,Blackburn,West Ham,Away,5,1,2,H,0
2008-03-22,2007/08,Blackburn,Wigan,Home,7,3,1,H,1
2008-03-29,2007/08,Blackburn,Reading,Away,6,0,0,D,0
2008-04-05,2007/08,Blackburn,Tottenham,Home,7,1,1,D,0
2008-04-13,2007/08,Blackburn,Liverpool,Away,3,1,3,H,0
2008-04-19,2007/08,Blackburn,Man United,Home,3,1,1,D,0
2008-04-27,2007/08,Blackburn,Portsmouth,Away,9,1,0,A,0
2008-05-03,2007/08,Blackburn,Derby,Home,14,3,1,H,0
2008-05-11,2007/08,Blackburn,Birmingham,Away,9,1,4,H,0
2008-08-16,2008/09,Blackburn,Everton,Away,11,3,2,A,0
2008-08-23,2008/09,Blackburn,Hull,Home,5,1,1,D,0
2008-08-30,2008/09,Blackburn,West Ham,Away,7,1,4,H,0
2008-09-13,2008/09,Blackburn,Arsenal,Home,3,0,4,A,0
2008-09-20,2008/09,Blackburn,Fulham,Home,4,1,0,H,0
2008-09-27,2008/09,Blackburn,Newcastle,Away,8,2,1,A,0
2008-10-04,2008/09,Blackburn,Man United,Home,3,0,2,A,0
2008-10-18,2008/09,Blackburn,Bolton,Away,1,0,0,D,0
2008-10-25,2008/09,Blackburn,Middlesbrough,Home,5,1,1,D,0
2008-10-29,2008/09,Blackburn,Aston Villa,Away,5,2,3,H,0
2008-11-01,2008/09,Blackburn,West Brom,Away,5,2,2,D,1
2008-11-09,2008/09,Blackburn,Chelsea,Home,3,0,2,A,0
2008-11-15,2008/09,Blackburn,Sunderland,Home,8,1,2,A,0
2008-11-23,2008/09,Blackburn,Tottenham,Away,6,0,1,H,1
2008-11-30,2008/09,Blackburn,Portsmouth,Away,2,2,3,H,0
2008-12-06,2008/09,Blackburn,Liverpool,Home,3,1,3,A,0
2008-12-13,2008/09,Blackburn,Wigan,Away,4,0,3,H,0
2008-12-20,2008/09,Blackburn,Stoke,Home,9,3,0,H,0
2008-12-26,2008/09,Blackburn,Sunderland,Away,3,0,0,D,0
2008-12-28,2008/09,Blackburn,Man City,Home,6,2,2,D,0
2009-01-17,2008/09,Blackburn,Newcastle,Home,4,3,0,H,0
2009-01-28,2008/09,Blackburn,Bolton,Home,12,2,2,D,0
2009-01-31,2008/09,Blackburn,Middlesbrough,Away,10,0,0,D,0
2009-02-07,2008/09,Blackburn,Aston Villa,Home,8,0,2,A,0
2009-02-21,2008/09,Blackburn,Man United,Away,7,1,2,H,0
2009-03-01,2008/09,Blackburn,Hull,Away,6,2,1,A,1
2009-03-04,2008/09,Blackburn,Everton,Home,3,0,0,D,0
2009-03-11,2008/09,Blackburn,Fulham,Away,9,2,1,A,0
2009-03-14,2008/09,Blackburn,Arsenal,Away,3,0,4,H,0
2009-03-21,2008/09,Blackburn,West Ham,Home,11,1,1,D,0
2009-04-04,2008/09,Blackburn,Tottenham,Home,6,2,1,H,0
2009-04-11,2008/09,Blackburn,Liverpool,Away,5,0,4,H,0
2009-04-18,2008/09,Blackburn,Stoke,Away,1,0,1,H,0
2009-04-26,2008/09,Blackburn,Wigan,Home,8,2,0,H,0
2009-05-02,2008/09,Blackburn,Man City,Away,9,1,3,H,0
2009-05-09,2008/09,Blackburn,Portsmouth,Home,6,2,0,H,0
2009-05-17,2008/09,Blackburn,Chelsea,Away,5,0,2,H,0
2009-05-24,2008/09,Blackburn,West Brom,Home,5,0,0,D,1
2009-08-15,2009/10,Blackburn,Man City,Home,9,0,2,A,0
2009-08-22,2009/10,Blackburn,Sunderland,Away,5,1,2,H,0
2009-08-29,2009/10,Blackburn,West Ham,Home,9,0,0,D,0
2009-09-12,2009/10,Blackburn,Wolves,Home,10,3,1,H,0
2009-09-20,2009/10,Blackburn,Everton,Away,4,0,3,H,0
2009-09-26,2009/10,Blackburn,Aston Villa,Home,7,2,1,H,1
2009-10-04,2009/10,Blackburn,Arsenal,Away,7,2,6,H,0
2009-10-18,2009/10,Blackburn,Burnley,Home,6,3,2,H,0
2009-10-24,2009/10,Blackburn,Chelsea,Away,2,0,5,H,0
2009-10-31,2009/10,Blackburn,Man United,Away,1,0,2,H,0
2009-11-07,2009/10,Blackburn,Portsmouth,Home,6,3,1,H,0
2009-11-22,2009/10,Blackburn,Bolton,Away,11,2,0,A,0
2009-11-25,2009/10,Blackburn,Fulham,Away,3,0,3,H,0
2009-11-28,2009/10,Blackburn,Stoke,Home,4,0,0,D,0
2009-12-05,2009/10,Blackburn,Liverpool,Home,3,0,0,D,0
2009-12-12,2009/10,Blackburn,Hull,Away,9,0,0,D,0
2009-12-15,2009/10,Blackburn,Birmingham,Away,4,1,2,H,0
2009-12-19,2009/10,Blackburn,Tottenham,Home,9,0,2,A,0
2009-12-26,2009/10,Blackburn,Wigan,Away,3,1,1,D,0
2009-12-28,2009/10,Blackburn,Sunderland,Home,11,2,2,D,0
2010-01-11,2009/10,Blackburn,Man City,Away,3,1,4,H,0
2010-01-17,2009/10,Blackburn,Fulham,Home,7,2,0,H,0
2010-01-27,2009/10,Blackburn,Wigan,Home,7,2,1,H,0
2010-01-30,2009/10,Blackburn,West Ham,Away,4,0,0,D,0
2010-02-06,2009/10,Blackburn,Stoke,Away,4,0,3,H,1
2010-02-10,2009/10,Blackburn,Hull,Home,10,1,0,H,0
2010-02-21,2009/10,Blackburn,Bolton,Home,7,3,0,H,0
2010-02-28,2009/10,Blackburn,Liverpool,Away,7,1,2,H,0
2010-03-13,2009/10,Blackburn,Tottenham,Away,7,1,3,H,0
2010-03-21,2009/10,Blackburn,Chelsea,Home,4,1,1,D,0
2010-03-24,2009/10,Blackburn,Birmingham,Home,7,2,1,H,0
2010-03-28,2009/10,Blackburn,Burnley,Away,5,1,0,A,0
2010-04-03,2009/10,Blackburn,Portsmouth,Away,8,0,0,D,0
2010-04-11,2009/10,Blackburn,Man United,Home,7,0,0,D,0
2010-04-17,2009/10,Blackburn,Everton,Home,10,2,3,A,0
2010-04-24,2009/10,Blackburn,Wolves,Away,8,1,1,D,0
2010-05-03,2009/10,Blackburn,Arsenal,Home,7,2,1,H,0
2010-05-09,2009/10,Blackburn,Aston Villa,Away,3,1,0,A,0
2010-08-14,2010/11,Blackburn,Everton,Home,2,1,0,H,0
2010-08-21,2010/11,Blackburn,Birmingham,Away,2,1,2,H,0
2010-08-28,2010/11,Blackburn,Arsenal,Home,7,1,2,A,0
2010-09-11,2010/11,Blackburn,Man City,Away,2,1,1,D,0
2010-09-18,2010/11,Blackburn,Fulham,Home,5,1,1,D,0
2010-09-25,2010/11,Blackburn,Blackpool,Away,8,2,1,A,0
2010-10-02,2010/11,Blackburn,Stoke,Away,4,0,1,H,0
2010-10-18,2010/11,Blackburn,Sunderland,Home,3,0,0,D,1
2010-10-24,2010/11,Blackburn,Liverpool,Away,2,1,2,H,0
2010-10-30,2010/11,Blackburn,Chelsea,Home,6,1,2,A,0
2010-11-06,2010/11,Blackburn,Wigan,Home,3,2,1,H,0
2010-11-10,2010/11,Blackburn,Newcastle,Away,5,2,1,A,0
2010-11-13,2010/11,Blackburn,Tottenham,Away,8,2,4,H,0
2010-11-21,2010/11,Blackburn,Aston Villa,Home,5,2,0,H,0
2010-11-27,2010/11,Blackburn,Man United,Away,2,1,7,H,0
2010-12-04,2010/11,Blackburn,Wolves,Home,7,3,0,H,0
2010-12-12,2010/11,Blackburn,Bolton,Away,11,1,2,H,0
2010-12-18,2010/11,Blackburn,West Ham,Home,5,1,1,D,0
2010-12-26,2010/11,Blackburn,Stoke,Home,8,0,2,A,0
2010-12-28,2010/11,Blackburn,West Brom,Away,4,3,1,A,1
2011-01-01,2010/11,Blackburn,Sunderland,Away,3,0,3,H,0
2011-01-05,2010/11,Blackburn,Liverpool,Home,4,3,1,H,0
2011-01-15,2010/11,Blackburn,Chelsea,Away,2,0,2,H,0
2011-01-23,2010/11,Blackburn,West Brom,Home,12,2,0,H,0
2011-02-02,2010/11,Blackburn,Tottenham,Home,9,0,1,A,0
2011-02-05,2010/11,Blackburn,Wigan,Away,5,3,4,H,0
2011-02-12,2010/11,Blackburn,Newcastle,Home,0,0,0,D,0
2011-02-26,2010/11,Blackburn,Aston Villa,Away,2,1,4,H,1
2011-03-05,2010/11,Blackburn,Fulham,Away,9,2,3,H,0
2011-03-19,2010/11,Blackburn,Blackpool,Home,7,2,2,D,0
2011-04-02,2010/11,Blackburn,Arsenal,Away,2,0,0,D,1
2011-04-09,2010/11,Blackburn,Birmingham,Home,5,1,1,D,0
2011-04-16,2010/11,Blackburn,Everton,Away,2,0,2,H,0
2011-04-25,2010/11,Blackburn,Man City,Home,6,0,1,A,0
2011-04-30,2010/11,Blackburn,Bolton,Home,8,1,0,H,0
2011-05-07,2010/11,Blackburn,West Ham,Away,4,1,1,D,0
2011-05-14,2010/11,Blackburn,Man United,Home,2,1,1,D,0
2011-05-22,2010/11,Blackburn,Wolves,Away,10,3,2,A,0
2011-08-13,2011/12,Blackburn,Wolves,Home,8,1,2,A,0
2011-08-20,2011/12,Blackburn,Aston Villa,Away,6,1,3,H,0
2011-08-27,2011/12,Blackburn,Everton,Home,6,0,1,A,0
2011-09-11,2011/12,Blackburn,Fulham,Away,5,1,1,D,0
2011-09-17,2011/12,Blackburn,Arsenal,Home,5,4,3,H,0
2011-09-24,2011/12,Blackburn,Newcastle,Away,1,1,3,H,1
2011-10-01,2011/12,Blackburn,Man City,Home,4,0,4,A,0
2011-10-15,2011/12,Blackburn,QPR,Away,9,1,1,D,0
2011-10-23,2011/12,Blackburn,Tottenham,Home,8,1,2,A,0
2011-10-29,2011/12,Blackburn,Norwich,Away,7,3,3,D,0
2011-11-05,2011/12,Blackburn,Chelsea,Home,8,0,1,A,0
2011-11-19,2011/12,Blackburn,Wigan,Away,2,3,3,D,1
2011-11-26,2011/12,Blackburn,Stoke,Away,12,1,3,H,0
2011-12-03,2011/12,Blackburn,Swansea,Home,9,4,2,H,0
2011-12-11,2011/12,Blackburn,Sunderland,Away,2,1,2,H,0
2011-12-17,2011/12,Blackburn,West Brom,Home,14,1,2,A,0
2011-12-20,2011/12,Blackburn,Bolton,Home,7,1,2,A,0
2011-12-26,2011/12,Blackburn,Liverpool,Away,2,1,1,D,0
2011-12-31,2011/12,Blackburn,Man United,Away,5,3,2,A,0
2012-01-02,2011/12,Blackburn,Stoke,Home,7,1,2,A,0
2012-01-14,2011/12,Blackburn,Fulham,Home,11,3,1,H,1
2012-01-21,2011/12,Blackburn,Everton,Away,8,1,1,D,0
2012-02-01,2011/12,Blackburn,Newcastle,Home,12,0,2,A,0
2012-02-04,2011/12,Blackburn,Arsenal,Away,3,1,7,H,1
2012-02-11,2011/12,Blackburn,QPR,Home,5,3,2,H,0
2012-02-25,2011/12,Blackburn,Man City,Away,2,0,3,H,0
2012-03-03,2011/12,Blackburn,Aston Villa,Home,9,1,1,D,0
2012-03-10,2011/12,Blackburn,Wolves,Away,8,2,0,A,0
2012-03-20,2011/12,Blackburn,Sunderland,Home,9,2,0,H,0
2012-03-24,2011/12,Blackburn,Bolton,Away,4,1,2,H,0
2012-04-02,2011/12,Blackburn,Man United,Home,6,0,2,A,0
2012-04-07,2011/12,Blackburn,West Brom,Away,10,0,3,H,1
2012-04-10,2011/12,Blackburn,Liverpool,Home,4,2,3,A,0
2012-04-14,2011/12,Blackburn,Swansea,Away,2,0,3,H,0
2012-04-21,2011/12,Blackburn,Norwich,Home,6,2,0,H,0
2012-04-29,2011/12,Blackburn,Tottenham,Away,0,0,2,H,0
2012-05-07,2011/12,Blackburn,Wigan,Home,7,0,1,A,0
2012-05-13,2011/12,Blackburn,Chelsea,Away,5,1,2,H,0
2010-08-14,2010/11,Blackpool,Wigan,Away,7,4,0,A,0
2010-08-21,2010/11,Blackpool,Arsenal,Away,1,0,6,H,1
2010-08-28,2010/11,Blackpool,Fulham,Home,5,2,2,D,0
2010-09-11,2010/11,Blackpool,Newcastle,Away,4,2,0,A,0
2010-09-19,2010/11,Blackpool,Chelsea,Away,4,0,4,H,0
2010-09-25,2010/11,Blackpool,Blackburn,Home,8,1,2,A,0
2010-10-03,2010/11,Blackpool,Liverpool,Away,7,2,1,A,0
2010-10-17,2010/11,Blackpool,Man City,Home,5,2,3,A,0
2010-10-23,2010/11,Blackpool,Birmingham,Away,6,0,2,H,0
2010-11-01,2010/11,Blackpool,West Brom,Home,8,2,1,H,0
2010-11-06,2010/11,Blackpool,Everton,Home,8,2,2,D,0
2010-11-10,2010/11,Blackpool,Aston Villa,Away,6,2,3,H,0
2010-11-13,2010/11,Blackpool,West Ham,Away,5,0,0,D,0
2010-11-20,2010/11,Blackpool,Wolves,Home,9,2,1,H,0
2010-11-27,2010/11,Blackpool,Bolton,Away,10,2,2,D,0
2010-12-11,2010/11,Blackpool,Stoke,Away,5,1,0,A,0
2010-12-28,2010/11,Blackpool,Sunderland,Away,4,2,0,A,0
2011-01-01,2010/11,Blackpool,Man City,Away,6,0,1,H,0
2011-01-04,2010/11,Blackpool,Birmingham,Home,13,1,2,A,0
2011-01-12,2010/11,Blackpool,Liverpool,Home,9,2,1,H,0
2011-01-15,2010/11,Blackpool,West Brom,Away,2,2,3,H,0
2011-01-22,2010/11,Blackpool,Sunderland,Home,7,1,2,A,0
2011-01-25,2010/11,Blackpool,Man United,Home,4,2,3,A,0
2011-02-02,2010/11,Blackpool,West Ham,Home,8,1,3,A,0
2011-02-05,2010/11,Blackpool,Everton,Away,7,3,5,H,0
2011-02-12,2010/11,Blackpool,Aston Villa,Home,5,1,1,D,0
2011-02-22,2010/11,Blackpool,Tottenham,Home,4,3,1,H,0
2011-02-26,2010/11,Blackpool,Wolves,Away,1,0,4,H,1
2011-03-07,2010/11,Blackpool,Chelsea,Home,5,1,3,A,0
2011-03-19,2010/11,Blackpool,Blackburn,Away,6,2,2,D,0
2011-04-03,2010/11,Blackpool,Fulham,Away,6,0,3,H,0
2011-04-10,2010/11,Blackpool,Arsenal,Home,6,1,3,A,0
2011-04-16,2010/11,Blackpool,Wigan,Home,9,1,3,A,0
2011-04-23,2010/11,Blackpool,Newcastle,Home,7,1,1,D,0
2011-04-30,2010/11,Blackpool,Stoke,Home,6,0,0,D,0
2011-05-07,2010/11,Blackpool,Tottenham,Away,7,1,1,D,0
2011-05-14,2010/11,Blackpool,Bolton,Home,8,4,3,H,0
2011-05-22,2010/11,Blackpool,Man United,Away,7,2,4,H,0
2001-08-18,2001/02,Bolton,Leicester,Away,8,5,0,A,0
2001-08-21,2001/02,Bolton,Middlesbrough,Home,3,1,0,H,0
2001-08-27,2001/02,Bolton,Liverpool,Home,4,2,1,H,0
2001-09-08,2001/02,Bolton,Leeds,Away,4,0,0,D,0
2001-09-15,2001/02,Bolton,Southampton,Home,0,0,1,A,0
2001-09-19,2001/02,Bolton,Blackburn,Away,5,1,1,D,0
2001-09-22,2001/02,Bolton,Arsenal,Away,4,1,1,D,1
2001-09-29,2001/02,Bolton,Sunderland,Home,8,0,2,A,0
2001-10-13,2001/02,Bolton,Newcastle,Home,3,0,4,A,1
2001-10-20,2001/02,Bolton,Man United,Away,2,2,1,A,0
2001-10-27,2001/02,Bolton,Aston Villa,Away,5,2,3,H,0
2001-11-03,2001/02,Bolton,Everton,Home,8,2,2,D,1
2001-11-18,2001/02,Bolton,Ipswich,Away,5,2,1,A,0
2001-11-24,2001/02,Bolton,Fulham,Home,5,0,0,D,0
2001-12-03,2001/02,Bolton,Tottenham,Away,6,2,3,H,0
2001-12-08,2001/02,Bolton,Derby,Away,3,0,1,H,0
2001-12-15,2001/02,Bolton,Charlton,Home,6,0,0,D,0
2001-12-23,2001/02,Bolton,Chelsea,Away,4,1,5,H,0
2001-12-26,2001/02,Bolton,Leeds,Home,2,0,3,A,0
2001-12-29,2001/02,Bolton,Leicester,Home,3,2,2,D,2
2002-01-01,2001/02,Bolton,Liverpool,Away,6,1,1,D,0
2002-01-12,2001/02,Bolton,Chelsea,Home,5,2,2,D,0
2002-01-19,2001/02,Bolton,Middlesbrough,Away,4,1,1,D,0
2002-01-29,2001/02,Bolton,Man United,Home,4,0,4,A,0
2002-02-02,2001/02,Bolton,Newcastle,Away,6,2,3,H,0
2002-02-09,2001/02,Bolton,West Ham,Home,3,1,0,H,0
2002-02-23,2001/02,Bolton,Southampton,Away,2,0,0,D,0
2002-03-02,2001/02,Bolton,Blackburn,Home,5,1,1,D,0
2002-03-05,2001/02,Bolton,Sunderland,Away,4,0,1,H,0
2002-03-16,2001/02,Bolton,Derby,Home,2,1,3,A,1
2002-03-23,2001/02,Bolton,Charlton,Away,4,2,1,A,0
2002-03-30,2001/02,Bolton,Aston Villa,Home,6,3,2,H,0
2002-04-01,2001/02,Bolton,Everton,Away,3,1,3,H,1
2002-04-06,2001/02,Bolton,Ipswich,Home,5,4,1,H,0
2002-04-20,2001/02,Bolton,Tottenham,Home,6,1,1,D,0
2002-04-23,2001/02,Bolton,Fulham,Away,2,0,3,H,0
2002-04-29,2001/02,Bolton,Arsenal,Home,1,0,2,A,0
2002-05-11,2001/02,Bolton,West Ham,Away,4,1,2,H,0
2002-08-17,2002/03,Bolton,Fulham,Away,1,1,4,H,0
2002-08-24,2002/03,Bolton,Charlton,Home,9,1,2,A,0
2002-09-01,2002/03,Bolton,Aston Villa,Home,6,1,0,H,0
2002-09-11,2002/03,Bolton,Man United,Away,8,1,0,A,0
2002-09-14,2002/03,Bolton,Liverpool,Home,5,2,3,A,0
2002-09-21,2002/03,Bolton,Arsenal,Away,3,1,2,H,1
2002-09-28,2002/03,Bolton,Southampton,Home,10,1,1,D,0
2002-10-05,2002/03,Bolton,Middlesbrough,Away,4,0,2,H,0
2002-10-20,2002/03,Bolton,Tottenham,Away,1,1,3,H,0
2002-10-28,2002/03,Bolton,Sunderland,Home,7,1,1,D,0
2002-11-02,2002/03,Bolton,Birmingham,Away,7,1,3,H,1
2002-11-09,2002/03,Bolton,West Brom,Home,8,1,1,D,1
2002-11-17,2002/03,Bolton,Leeds,Away,7,4,2,A,0
2002-11-23,2002/03,Bolton,Chelsea,Home,8,1,1,D,0
2002-11-30,2002/03,Bolton,Man City,Away,3,0,2,H,0
2002-12-07,2002/03,Bolton,Blackburn,Home,7,1,1,D,0
2002-12-16,2002/03,Bolton,Leeds,Home,9,0,3,A,0
2002-12-21,2002/03,Bolton,West Ham,Away,3,1,1,D,0
2002-12-26,2002/03,Bolton,Newcastle,Home,7,4,3,H,0
2002-12-28,2002/03,Bolton,Everton,Away,1,0,0,D,0
2003-01-01,2002/03,Bolton,Aston Villa,Away,4,0,2,H,0
2003-01-11,2002/03,Bolton,Fulham,Home,5,0,0,D,0
2003-01-18,2002/03,Bolton,Charlton,Away,5,1,1,D,0
2003-01-22,2002/03,Bolton,Newcastle,Away,4,0,1,H,0
2003-01-28,2002/03,Bolton,Everton,Home,5,1,2,A,0
2003-02-01,2002/03,Bolton,Birmingham,Home,10,4,2,H,0
2003-02-08,2002/03,Bolton,West Brom,Away,5,1,1,D,0
2003-02-22,2002/03,Bolton,Man United,Home,5,1,1,D,0
2003-03-08,2002/03,Bolton,Liverpool,Away,2,0,2,H,0
2003-03-15,2002/03,Bolton,Sunderland,Away,8,2,0,A,0
2003-03-24,2002/03,Bolton,Tottenham,Home,8,1,0,H,0
2003-04-05,2002/03,Bolton,Man City,Home,3,2,0,H,0
2003-04-12,2002/03,Bolton,Chelsea,Away,2,0,1,H,0
2003-04-19,2002/03,Bolton,West Ham,Home,9,1,0,H,0
2003-04-21,2002/03,Bolton,Blackburn,Away,3,0,0,D,0
2003-04-26,2002/03,Bolton,Arsenal,Home,11,2,2,D,1
2003-05-03,2002/03,Bolton,Southampton,Away,2,0,0,D,0
2003-05-11,2002/03,Bolton,Middlesbrough,Home,6,2,1,H,0
2003-08-16,2003/04,Bolton,Man United,Away,5,0,4,H,0
2003-08-23,2003/04,Bolton,Blackburn,Home,10,2,2,D,0
2003-08-26,2003/04,Bolton,Portsmouth,Away,4,0,4,H,0
2003-08-30,2003/04,Bolton,Charlton,Home,9,0,0,D,0
2003-09-13,2003/04,Bolton,Middlesbrough,Home,8,2,0,H,0
2003-09-20,2003/04,Bolton,Newcastle,Away,6,0,0,D,0
2003-09-27,2003/04,Bolton,Wolves,Home,14,1,1,D,0
2003-10-05,2003/04,Bolton,Aston Villa,Away,5,1,1,D,0
2003-10-18,2003/04,Bolton,Man City,Away,8,2,6,H,0
2003-10-25,2003/04,Bolton,Birmingham,Home,7,0,1,A,0
2003-11-01,2003/04,Bolton,Tottenham,Away,15,1,0,A,0
2003-11-08,2003/04,Bolton,Southampton,Home,11,0,0,D,0
2003-11-22,2003/04,Bolton,Leeds,Away,5,2,0,A,0
2003-11-29,2003/04,Bolton,Everton,Home,6,2,0,H,0
2003-12-06,2003/04,Bolton,Fulham,Away,5,1,2,H,0
2003-12-13,2003/04,Bolton,Chelsea,Away,2,2,1,A,0
2003-12-20,2003/04,Bolton,Arsenal,Home,13,1,1,D,0
2003-12-26,2003/04,Bolton,Liverpool,Away,2,1,3,H,0
2003-12-28,2003/04,Bolton,Leicester,Home,8,2,2,D,0
2004-01-07,2003/04,Bolton,Man United,Home,5,1,2,A,0
2004-01-10,2003/04,Bolton,Blackburn,Away,10,4,3,A,0
2004-01-17,2003/04,Bolton,Portsmouth,Home,6,1,0,H,0
2004-01-31,2003/04,Bolton,Charlton,Away,10,2,1,A,0
2004-02-07,2003/04,Bolton,Liverpool,Home,6,2,2,D,0
2004-02-10,2003/04,Bolton,Leicester,Away,9,1,1,D,0
2004-02-21,2003/04,Bolton,Man City,Home,11,1,3,A,0
2004-03-06,2003/04,Bolton,Birmingham,Away,2,0,2,H,0
2004-03-13,2003/04,Bolton,Chelsea,Home,11,0,2,A,0
2004-03-20,2003/04,Bolton,Arsenal,Away,2,1,2,H,0
2004-03-28,2003/04,Bolton,Newcastle,Home,12,1,0,H,0
2004-04-03,2003/04,Bolton,Middlesbrough,Away,8,0,2,H,0
2004-04-24,2003/04,Bolton,Southampton,Away,8,2,1,A,0
2004-05-02,2003/04,Bolton,Leeds,Home,14,4,1,H,0
2004-05-08,2003/04,Bolton,Everton,Away,3,2,1,A,0
2004-08-14,2004/05,Bolton,Charlton,Home,11,4,1,H,0
2004-08-21,2004/05,Bolton,Fulham,Away,4,0,2,H,0
2004-08-25,2004/05,Bolton,Southampton,Away,5,2,1,A,0
2004-08-29,2004/05,Bolton,Liverpool,Home,8,1,0,H,0
2004-09-11,2004/05,Bolton,Man United,Home,7,2,2,D,0
2004-09-18,2004/05,Bolton,Arsenal,Away,5,2,2,D,0
2004-09-25,2004/05,Bolton,Birmingham,Home,12,1,1,D,0
2004-10-02,2004/05,Bolton,West Brom,Away,7,1,2,H,0
2004-10-16,2004/05,Bolton,Crystal Palace,Home,7,1,0,H,0
2004-10-23,2004/05,Bolton,Tottenham,Away,4,2,1,A,0
2004-10-31,2004/05,Bolton,Newcastle,Home,11,2,1,H,0
2004-11-07,2004/05,Bolton,Middlesbrough,Away,4,1,1,D,1
2004-11-13,2004/05,Bolton,Aston Villa,Home,7,1,2,A,0
2004-11-20,2004/05,Bolton,Chelsea,Away,5,2,2,D,0
2004-11-27,2004/05,Bolton,Portsmouth,Home,10,0,1,A,0
2004-12-04,2004/05,Bolton,Everton,Away,6,2,3,H,0
2004-12-11,2004/05,Bolton,Norwich,Away,3,2,3,H,0
2004-12-18,2004/05,Bolton,Man City,Home,6,0,1,A,0
2004-12-26,2004/05,Bolton,Man United,Away,1,0,2,H,0
2004-12-28,2004/05,Bolton,Blackburn,Home,5,0,1,A,0
2005-01-01,2004/05,Bolton,West Brom,Home,15,1,1,D,0
2005-01-04,2004/05,Bolton,Birmingham,Away,6,2,1,A,0
2005-01-15,2004/05,Bolton,Arsenal,Home,3,1,0,H,0
2005-01-24,2004/05,Bolton,Blackburn,Away,3,1,0,A,0
2005-02-01,2004/05,Bolton,Tottenham,Home,9,3,1,H,0
2005-02-05,2004/05,Bolton,Crystal Palace,Away,6,1,0,A,0
2005-02-12,2004/05,Bolton,Middlesbrough,Home,8,0,0,D,0
2005-02-27,2004/05,Bolton,Newcastle,Away,2,1,2,H,0
2005-03-07,2004/05,Bolton,Man City,Away,3,1,0,A,0
2005-03-19,2004/05,Bolton,Norwich,Home,10,1,0,H,0
2005-04-02,2004/05,Bolton,Liverpool,Away,5,0,1,H,0
2005-04-09,2004/05,Bolton,Fulham,Home,10,3,1,H,0
2005-04-16,2004/05,Bolton,Charlton,Away,5,2,1,A,0
2005-04-19,2004/05,Bolton,Southampton,Home,16,1,1,D,0
2005-08-13,2005/06,Bolton,Aston Villa,Away,6,2,2,D,0
2005-08-21,2005/06,Bolton,Everton,Home,6,0,1,A,0
2005-08-24,2005/06,Bolton,Newcastle,Home,6,2,0,H,0
2005-08-27,2005/06,Bolton,West Ham,Away,6,2,1,A,0
2005-09-11,2005/06,Bolton,Blackburn,Home,6,0,0,D,0
2005-09-18,2005/06,Bolton,Man City,Away,1,1,0,A,0
2005-09-24,2005/06,Bolton,Portsmouth,Home,2,1,0,H,0
2005-10-02,2005/06,Bolton,Wigan,Away,4,1,2,H,0
2005-10-15,2005/06,Bolton,Chelsea,Away,2,1,5,H,1
2005-10-23,2005/06,Bolton,West Brom,Home,12,2,0,H,0
2005-10-29,2005/06,Bolton,Charlton,Away,7,1,0,A,0
2005-11-07,2005/06,Bolton,Tottenham,Home,8,1,0,H,0
2005-11-27,2005/06,Bolton,Fulham,Away,3,1,2,H,0
2005-12-03,2005/06,Bolton,Arsenal,Home,9,2,0,H,0
2005-12-10,2005/06,Bolton,Aston Villa,Home,7,1,1,D,0
2005-12-17,2005/06,Bolton,Everton,Away,5,4,0,A,0
2005-12-26,2005/06,Bolton,Sunderland,Away,1,0,0,D,0
2005-12-31,2005/06,Bolton,Man United,Away,2,1,4,H,0
2006-01-02,2005/06,Bolton,Liverpool,Home,7,2,2,D,0
2006-01-14,2005/06,Bolton,Blackburn,Away,1,0,0,D,1
2006-01-21,2005/06,Bolton,Man City,Home,6,2,0,H,0
2006-02-01,2005/06,Bolton,Portsmouth,Away,2,1,1,D,0
2006-02-04,2005/06,Bolton,Wigan,Home,9,1,1,D,0
2006-02-11,2005/06,Bolton,Arsenal,Away,3,1,1,D,0
2006-02-26,2005/06,Bolton,Fulham,Home,5,2,1,H,0
2006-03-04,2005/06,Bolton,Newcastle,Away,3,1,3,H,0
2006-03-11,2005/06,Bolton,West Ham,Home,10,4,1,H,0
2006-03-18,2005/06,Bolton,Sunderland,Home,7,2,0,H,0
2006-03-26,2005/06,Bolton,Middlesbrough,Away,6,3,4,H,0
2006-04-01,2005/06,Bolton,Man United,Home,2,1,2,A,0
2006-04-04,2005/06,Bolton,Birmingham,Away,1,0,1,H,0
2006-04-09,2005/06,Bolton,Liverpool,Away,4,0,1,H,0
2006-04-15,2005/06,Bolton,Chelsea,Home,4,0,2,A,1
2006-04-17,2005/06,Bolton,West Brom,Away,3,0,0,D,0
2006-04-22,2005/06,Bolton,Charlton,Home,11,4,1,H,0
2006-04-30,2005/06,Bolton,Tottenham,Away,6,0,1,H,0
2006-05-03,2005/06,Bolton,Middlesbrough,Home,9,1,1,D,0
2006-05-07,2005/06,Bolton,Birmingham,Home,6,1,0,H,0
2006-08-19,2006/07,Bolton,Tottenham,Home,6,2,0,H,0
2006-08-23,2006/07,Bolton,Fulham,Away,1,1,1,D,0
2006-08-26,2006/07,Bolton,Charlton,Away,2,0,2,H,1
2006-09-09,2006/07,Bolton,Watford,Home,2,1,0,H,0
2006-09-16,2006/07,Bolton,Middlesbrough,Home,3,0,0,D,0
2006-09-25,2006/07,Bolton,Portsmouth,Away,3,1,0,A,0
2006-09-30,2006/07,Bolton,Liverpool,Home,3,2,0,H,0
2006-10-15,2006/07,Bolton,Newcastle,Away,5,2,1,A,0
2006-10-22,2006/07,Bolton,Blackburn,Away,7,1,0,A,1
2006-10-28,2006/07,Bolton,Man United,Home,3,0,4,A,0
2006-11-04,2006/07,Bolton,Wigan,Home,5,0,1,A,0
2006-11-11,2006/07,Bolton,Sheffield United,Away,4,2,2,D,0
2006-11-18,2006/07,Bolton,Everton,Away,2,0,1,H,0
2006-11-25,2006/07,Bolton,Arsenal,Home,8,3,1,H,0
2006-11-29,2006/07,Bolton,Chelsea,Home,3,0,1,A,0
2006-12-02,2006/07,Bolton,Reading,Away,7,0,1,H,0
2006-12-09,2006/07,Bolton,West Ham,Home,10,4,0,H,0
2006-12-16,2006/07,Bolton,Aston Villa,Away,3,1,0,A,0
2006-12-23,2006/07,Bolton,Man City,Away,3,2,0,A,0
2006-12-26,2006/07,Bolton,Newcastle,Home,7,2,1,H,0
2006-12-30,2006/07,Bolton,Portsmouth,Home,7,3,2,H,0
2007-01-01,2006/07,Bolton,Liverpool,Away,0,0,3,H,0
2007-01-13,2006/07,Bolton,Man City,Home,4,0,0,D,0
2007-01-20,2006/07,Bolton,Middlesbrough,Away,5,1,5,H,1
2007-01-31,2006/07,Bolton,Charlton,Home,7,1,1,D,0
2007-02-03,2006/07,Bolton,Watford,Away,4,1,0,A,0
2007-02-11,2006/07,Bolton,Fulham,Home,4,2,1,H,0
2007-02-25,2006/07,Bolton,Tottenham,Away,6,1,4,H,0
2007-03-04,2006/07,Bolton,Blackburn,Home,10,1,2,A,0
2007-03-17,2006/07,Bolton,Man United,Away,0,1,4,H,0
2007-03-31,2006/07,Bolton,Sheffield United,Home,12,1,0,H,0
2007-04-07,2006/07,Bolton,Wigan,Away,9,3,1,A,0
2007-04-09,2006/07,Bolton,Everton,Home,4,1,1,D,0
2007-04-14,2006/07,Bolton,Arsenal,Away,2,1,2,H,1
2007-04-21,2006/07,Bolton,Reading,Home,15,1,3,A,0
2007-04-28,2006/07,Bolton,Chelsea,Away,3,2,2,D,0
2007-05-05,2006/07,Bolton,West Ham,Away,3,1,3,H,0
2007-05-13,2006/07,Bolton,Aston Villa,Home,2,2,2,D,0
2007-08-11,2007/08,Bolton,Newcastle,Home,9,1,3,A,0
2007-08-15,2007/08,Bolton,Fulham,Away,7,1,2,H,0
2007-08-18,2007/08,Bolton,Portsmouth,Away,3,1,3,H,0
2007-08-25,2007/08,Bolton,Reading,Home,12,3,0,H,0
2007-09-01,2007/08,Bolton,Everton,Home,7,1,2,A,0
2007-09-15,2007/08,Bolton,Birmingham,Away,3,0,1,H,0
2007-09-23,2007/08,Bolton,Tottenham,Home,4,1,1,D,0
2007-09-29,2007/08,Bolton,Derby,Away,7,1,1,D,0
2007-10-07,2007/08,Bolton,Chelsea,Home,7,0,1,A,0
2007-10-20,2007/08,Bolton,Arsenal,Away,0,0,2,H,0
2007-10-28,2007/08,Bolton,Aston Villa,Home,6,1,1,D,0
2007-11-04,2007/08,Bolton,West Ham,Away,6,1,1,D,0
2007-11-11,2007/08,Bolton,Middlesbrough,Home,7,0,0,D,0
2007-11-24,2007/08,Bolton,Man United,Home,5,1,0,H,0
2007-12-02,2007/08,Bolton,Liverpool,Away,3,0,4,H,0
2007-12-09,2007/08,Bolton,Wigan,Home,6,4,1,H,0
2007-12-15,2007/08,Bolton,Man City,Away,3,2,4,H,0
2007-12-22,2007/08,Bolton,Birmingham,Home,6,3,0,H,0
2007-12-26,2007/08,Bolton,Everton,Away,7,0,2,H,0
2007-12-29,2007/08,Bolton,Sunderland,Away,3,1,3,H,0
2008-01-02,2007/08,Bolton,Derby,Home,5,1,0,H,0
2008-01-13,2007/08,Bolton,Blackburn,Home,5,1,2,A,0
2008-01-19,2007/08,Bolton,Newcastle,Away,5,0,0,D,0
2008-01-29,2007/08,Bolton,Fulham,Home,4,0,0,D,0
2008-02-02,2007/08,Bolton,Reading,Away,4,2,0,A,0
2008-02-09,2007/08,Bolton,Portsmouth,Home,10,0,1,A,0
2008-02-24,2007/08,Bolton,Blackburn,Away,9,1,4,H,0
2008-03-02,2007/08,Bolton,Liverpool,Home,2,1,3,A,0
2008-03-16,2007/08,Bolton,Wigan,Away,7,0,1,H,0
2008-03-19,2007/08,Bolton,Man United,Away,10,0,2,H,0
2008-03-22,2007/08,Bolton,Man City,Home,7,0,0,D,0
2008-03-29,2007/08,Bolton,Arsenal,Home,9,2,3,A,0
2008-04-05,2007/08,Bolton,Aston Villa,Away,3,0,4,H,0
2008-04-12,2007/08,Bolton,West Ham,Home,9,1,0,H,0
2008-04-19,2007/08,Bolton,Middlesbrough,Away,9,1,0,A,0
2008-04-26,2007/08,Bolton,Tottenham,Away,4,1,1,D,0
2008-05-03,2007/08,Bolton,Sunderland,Home,2,2,0,H,0
2008-05-11,2007/08,Bolton,Chelsea,Away,4,1,1,D,0
2008-08-16,2008/09,Bolton,Stoke,Home,8,3,1,H,0
2008-08-23,2008/09,Bolton,Newcastle,Away,4,0,1,H,0
2008-08-30,2008/09,Bolton,West Brom,Home,9,0,0,D,0
2008-09-13,2008/09,Bolton,Fulham,Away,7,1,2,H,0
2008-09-20,2008/09,Bolton,Arsenal,Home,8,1,3,A,0
2008-09-27,2008/09,Bolton,Man United,Away,5,0,2,H,0
2008-10-05,2008/09,Bolton,West Ham,Away,6,3,1,A,0
2008-10-18,2008/09,Bolton,Blackburn,Home,4,0,0,D,0
2008-10-26,2008/09,Bolton,Tottenham,Away,3,0,2,H,1
2008-10-29,2008/09,Bolton,Everton,Home,12,0,1,A,0
2008-11-02,2008/09,Bolton,Man City,Home,12,2,0,H,0
2008-11-08,2008/09,Bolton,Hull,Away,6,1,0,A,0
2008-11-15,2008/09,Bolton,Liverpool,Home,9,0,2,A,0
2008-11-22,2008/09,Bolton,Middlesbrough,Away,5,3,1,A,0
2008-11-29,2008/09,Bolton,Sunderland,Away,6,4,1,A,0
2008-12-06,2008/09,Bolton,Chelsea,Home,11,0,2,A,0
2008-12-13,2008/09,Bolton,Aston Villa,Away,5,2,4,H,0
2008-12-20,2008/09,Bolton,Portsmouth,Home,10,2,1,H,0
2008-12-26,2008/09,Bolton,Liverpool,Away,2,0,3,H,0
2008-12-28,2008/09,Bolton,Wigan,Home,8,0,1,A,0
2009-01-10,2008/09,Bolton,Arsenal,Away,2,0,1,H,0
2009-01-17,2008/09,Bolton,Man United,Home,2,0,1,A,0
2009-01-28,2008/09,Bolton,Blackburn,Away,5,2,2,D,0
2009-01-31,2008/09,Bolton,Tottenham,Home,7,3,2,H,0
2009-02-07,2008/09,Bolton,Everton,Away,4,0,3,H,0
2009-02-21,2008/09,Bolton,West Ham,Home,8,2,1,H,0
2009-03-01,2008/09,Bolton,Newcastle,Home,6,1,0,H,0
2009-03-04,2008/09,Bolton,Stoke,Away,9,0,2,H,0
2009-03-14,2008/09,Bolton,Fulham,Home,9,1,3,A,0
2009-03-21,2008/09,Bolton,West Brom,Away,11,1,1,D,0
2009-04-04,2008/09,Bolton,Middlesbrough,Home,9,4,1,H,0
2009-04-11,2008/09,Bolton,Chelsea,Away,6,3,4,H,0
2009-04-18,2008/09,Bolton,Portsmouth,Away,1,0,1,H,0
2009-04-25,2008/09,Bolton,Aston Villa,Home,6,1,1,D,0
2009-05-02,2008/09,Bolton,Wigan,Away,2,0,0,D,0
2009-05-09,2008/09,Bolton,Sunderland,Home,4,0,0,D,0
2009-05-16,2008/09,Bolton,Hull,Home,9,1,1,D,0
2009-05-24,2008/09,Bolton,Man City,Away,4,0,1,H,0
2009-08-15,2009/10,Bolton,Sunderland,Home,3,0,1,A,0
2009-08-22,2009/10,Bolton,Hull,Away,10,0,1,H,0
2009-08-29,2009/10,Bolton,Liverpool,Home,5,2,3,A,1
2009-09-12,2009/10,Bolton,Portsmouth,Away,6,3,2,A,0
2009-09-19,2009/10,Bolton,Stoke,Home,5,1,1,D,0
2009-09-26,2009/10,Bolton,Birmingham,Away,4,2,1,A,0
2009-10-03,2009/10,Bolton,Tottenham,Home,9,2,2,D,0
2009-10-17,2009/10,Bolton,Man United,Away,7,1,2,H,0
2009-10-25,2009/10,Bolton,Everton,Home,8,3,2,H,0
2009-10-31,2009/10,Bolton,Chelsea,Home,6,0,4,A,1
2009-11-07,2009/10,Bolton,Aston Villa,Away,9,1,5,H,0
2009-11-22,2009/10,Bolton,Blackburn,Home,8,0,2,A,0
2009-11-28,2009/10,Bolton,Fulham,Away,2,1,1,D,0
2009-12-05,2009/10,Bolton,Wolves,Away,10,1,2,H,0
2009-12-12,2009/10,Bolton,Man City,Home,8,3,3,D,0
2009-12-15,2009/10,Bolton,West Ham,Home,12,3,1,H,0
2009-12-26,2009/10,Bolton,Burnley,Away,5,1,1,D,0
2009-12-29,2009/10,Bolton,Hull,Home,6,2,2,D,0
2010-01-17,2009/10,Bolton,Arsenal,Home,6,0,2,A,0
2010-01-20,2009/10,Bolton,Arsenal,Away,4,2,4,H,0
2010-01-26,2009/10,Bolton,Burnley,Home,6,1,0,H,0
2010-01-30,2009/10,Bolton,Liverpool,Away,1,0,2,H,0
2010-02-06,2009/10,Bolton,Fulham,Home,11,0,0,D,0
2010-02-09,2009/10,Bolton,Man City,Away,5,0,2,H,0
2010-02-17,2009/10,Bolton,Wigan,Away,0,0,0,D,0
2010-02-21,2009/10,Bolton,Blackburn,Away,7,0,3,H,0
2010-02-27,2009/10,Bolton,Wolves,Home,9,1,0,H,0
2010-03-06,2009/10,Bolton,West Ham,Away,7,2,1,A,1
2010-03-09,2009/10,Bolton,Sunderland,Away,2,0,4,H,1
2010-03-13,2009/10,Bolton,Wigan,Home,6,4,0,H,0
2010-03-20,2009/10,Bolton,Everton,Away,4,0,2,H,1
2010-03-27,2009/10,Bolton,Man United,Home,10,0,4,A,0
2010-04-03,2009/10,Bolton,Aston Villa,Home,10,0,1,A,0
2010-04-13,2009/10,Bolton,Chelsea,Away,2,0,1,H,0
2010-04-17,2009/10,Bolton,Stoke,Away,8,2,1,A,0
2010-04-24,2009/10,Bolton,Portsmouth,Home,10,2,2,D,0
2010-05-01,2009/10,Bolton,Tottenham,Away,7,0,1,H,0
2010-05-09,2009/10,Bolton,Birmingham,Home,8,2,1,H,0
2010-08-14,2010/11,Bolton,Fulham,Home,9,0,0,D,0
2010-08-21,2010/11,Bolton,West Ham,Away,8,3,1,A,0
2010-08-29,2010/11,Bolton,Birmingham,Home,8,2,2,D,1
2010-09-11,2010/11,Bolton,Arsenal,Away,6,1,4,H,1
2010-09-18,2010/11,Bolton,Aston Villa,Away,7,1,1,D,0
2010-09-26,2010/11,Bolton,Man United,Home,9,2,2,D,0
2010-10-02,2010/11,Bolton,West Brom,Away,5,1,1,D,0
2010-10-16,2010/11,Bolton,Stoke,Home,6,2,1,H,1
2010-10-23,2010/11,Bolton,Wigan,Away,2,1,1,D,0
2010-10-31,2010/11,Bolton,Liverpool,Home,10,0,1,A,0
2010-11-06,2010/11,Bolton,Tottenham,Home,8,4,2,H,0
2010-11-10,2010/11,Bolton,Everton,Away,5,1,1,D,0
2010-11-13,2010/11,Bolton,Wolves,Away,7,3,2,A,0
2010-11-20,2010/11,Bolton,Newcastle,Home,9,5,1,H,0
2010-11-27,2010/11,Bolton,Blackpool,Home,14,2,2,D,0
2010-12-04,2010/11,Bolton,Man City,Away,2,0,1,H,0
2010-12-12,2010/11,Bolton,Blackburn,Home,7,2,1,H,1
2010-12-18,2010/11,Bolton,Sunderland,Away,8,0,1,H,0
2010-12-26,2010/11,Bolton,West Brom,Home,8,2,0,H,0
2010-12-29,2010/11,Bolton,Chelsea,Away,2,0,1,H,0
2011-01-01,2010/11,Bolton,Liverpool,Away,4,1,2,H,0
2011-01-05,2010/11,Bolton,Wigan,Home,7,1,1,D,0
2011-01-15,2010/11,Bolton,Stoke,Away,6,0,2,H,0
2011-01-24,2010/11,Bolton,Chelsea,Home,8,0,4,A,0
2011-02-02,2010/11,Bolton,Wolves,Home,8,1,0,H,0
2011-02-05,2010/11,Bolton,Tottenham,Away,3,1,2,H,0
2011-02-13,2010/11,Bolton,Everton,Home,5,2,0,H,0
2011-02-26,2010/11,Bolton,Newcastle,Away,10,1,1,D,0
2011-03-05,2010/11,Bolton,Aston Villa,Home,9,3,2,H,0
2011-03-19,2010/11,Bolton,Man United,Away,6,0,1,H,0
2011-04-02,2010/11,Bolton,Birmingham,Away,12,1,2,H,0
2011-04-09,2010/11,Bolton,West Ham,Home,12,3,0,H,0
2011-04-24,2010/11,Bolton,Arsenal,Home,10,2,1,H,0
2011-04-27,2010/11,Bolton,Fulham,Away,6,0,3,H,0
2011-04-30,2010/11,Bolton,Blackburn,Away,3,0,1,H,0
2011-05-07,2010/11,Bolton,Sunderland,Home,9,1,2,A,0
2011-05-14,2010/11,Bolton,Blackpool,Away,9,3,4,H,0
2011-05-22,2010/11,Bolton,Man City,Home,8,0,2,A,1
2011-08-13,2011/12,Bolton,QPR,Away,7,4,0,A,0
2011-08-21,2011/12,Bolton,Man City,Home,4,2,3,A,0
2011-08-27,2011/12,Bolton,Liverpool,Away,4,1,3,H,0
2011-09-10,2011/12,Bolton,Man United,Home,13,0,5,A,0
2011-09-17,2011/12,Bolton,Norwich,Home,7,1,2,A,1
2011-09-24,2011/12,Bolton,Arsenal,Away,3,0,3,H,1
2011-10-02,2011/12,Bolton,Chelsea,Home,10,1,5,A,0
2011-10-15,2011/12,Bolton,Wigan,Away,11,3,1,A,0
2011-10-22,2011/12,Bolton,Sunderland,Home,8,0,2,A,0
2011-10-29,2011/12,Bolton,Swansea,Away,3,1,3,H,1
2011-11-06,2011/12,Bolton,Stoke,Home,16,5,0,H,0
2011-11-19,2011/12,Bolton,West Brom,Away,6,1,2,H,0
2011-11-26,2011/12,Bolton,Everton,Home,7,0,2,A,1
2011-12-03,2011/12,Bolton,Tottenham,Away,9,0,3,H,1
2011-12-10,2011/12,Bolton,Aston Villa,Home,12,1,2,A,0
2011-12-17,2011/12,Bolton,Fulham,Away,6,0,2,H,0
2011-12-20,2011/12,Bolton,Blackburn,Away,5,2,1,A,0
2011-12-26,2011/12,Bolton,Newcastle,Home,3,0,2,A,0
2011-12-31,2011/12,Bolton,Wolves,Home,9,1,1,D,0
2012-01-04,2011/12,Bolton,Everton,Away,7,2,1,A,0
2012-01-14,2011/12,Bolton,Man United,Away,5,0,3,H,0
2012-01-21,2011/12,Bolton,Liverpool,Home,8,3,1,H,0
2012-02-01,2011/12,Bolton,Arsenal,Home,8,0,0,D,0
2012-02-04,2011/12,Bolton,Norwich,Away,6,0,2,H,0
2012-02-11,2011/12,Bolton,Wigan,Home,8,1,2,A,0
2012-02-25,2011/12,Bolton,Chelsea,Away,1,0,3,H,0
2012-03-03,2011/12,Bolton,Man City,Away,5,0,2,H,0
2012-03-10,2011/12,Bolton,QPR,Home,7,2,1,H,0
2012-03-24,2011/12,Bolton,Blackburn,Home,6,2,1,H,0
2012-03-31,2011/12,Bolton,Wolves,Away,11,3,2,A,0
2012-04-07,2011/12,Bolton,Fulham,Home,7,0,3,A,0
2012-04-09,2011/12,Bolton,Newcastle,Away,6,0,2,H,0
2012-04-21,2011/12,Bolton,Swansea,Home,5,1,1,D,0
2012-04-24,2011/12,Bolton,Aston Villa,Away,11,2,1,A,0
2012-04-28,2011/12,Bolton,Sunderland,Away,9,2,2,D,0
2012-05-02,2011/12,Bolton,Tottenham,Home,8,1,4,A,0
2012-05-06,2011/12,Bolton,West Brom,Home,6,2,2,D,0
2012-05-13,2011/12,Bolton,Stoke,Away,8,2,2,D,0
2015-08-08,2015/16,Bournemouth,Aston Villa,Home,2,0,1,A,0
2015-08-17,2015/16,Bournemouth,Liverpool,Away,2,0,1,H,0
2015-08-22,2015/16,Bournemouth,West Ham,Away,7,4,3,A,0
2015-08-29,2015/16,Bournemouth,Leicester,Home,2,1,1,D,0
2015-09-12,2015/16,Bournemouth,Norwich,Away,2,1,3,H,0
2015-09-19,2015/16,Bournemouth,Sunderland,Home,5,2,0,H,0
2015-09-26,2015/16,Bournemouth,Stoke,Away,6,1,2,H,0
2015-10-03,2015/16,Bournemouth,Watford,Home,6,1,1,D,0
2015-10-17,2015/16,Bournemouth,Man City,Away,1,1,5,H,0
2015-10-25,2015/16,Bournemouth,Tottenham,Home,3,1,5,A,0
2015-11-01,2015/16,Bournemouth,Southampton,Away,2,0,2,H,0
2015-11-07,2015/16,Bournemouth,Newcastle,Home,5,0,1,A,0
2015-11-21,2015/16,Bournemouth,Swansea,Away,4,2,2,D,0
2015-11-28,2015/16,Bournemouth,Everton,Home,10,3,3,D,0
2015-12-05,2015/16,Bournemouth,Chelsea,Away,5,1,0,A,0
2015-12-12,2015/16,Bournemouth,Man United,Home,5,2,1,H,0
2015-12-19,2015/16,Bournemouth,West Brom,Away,7,2,1,A,0
2015-12-26,2015/16,Bournemouth,Crystal Palace,Home,4,0,0,D,0
2015-12-28,2015/16,Bournemouth,Arsenal,Away,3,0,2,H,0
2016-01-02,2015/16,Bournemouth,Leicester,Away,0,0,0,D,1
2016-01-12,2015/16,Bournemouth,West Ham,Home,4,1,3,A,0
2016-01-16,2015/16,Bournemouth,Norwich,Home,8,3,0,H,0
2016-01-23,2015/16,Bournemouth,Sunderland,Away,5,1,1,D,0
2016-02-02,2015/16,Bournemouth,Crystal Palace,Away,4,2,1,A,0
2016-02-07,2015/16,Bournemouth,Arsenal,Home,4,0,2,A,0
2016-02-13,2015/16,Bournemouth,Stoke,Home,2,1,3,A,0
2016-02-27,2015/16,Bournemouth,Watford,Away,3,0,0,D,0
2016-03-01,2015/16,Bournemouth,Southampton,Home,4,2,0,H,0
2016-03-05,2015/16,Bournemouth,Newcastle,Away,5,3,1,A,0
2016-03-12,2015/16,Bournemouth,Swansea,Home,4,3,2,H,0
2016-03-20,2015/16,Bournemouth,Tottenham,Away,0,0,3,H,0
2016-04-02,2015/16,Bournemouth,Man City,Home,2,0,4,A,0
2016-04-09,2015/16,Bournemouth,Aston Villa,Away,3,2,1,A,0
2016-04-17,2015/16,Bournemouth,Liverpool,Home,5,1,2,A,0
2016-04-23,2015/16,Bournemouth,Chelsea,Home,4,1,4,A,0
2016-04-30,2015/16,Bournemouth,Everton,Away,2,1,2,H,0
2016-05-07,2015/16,Bournemouth,West Brom,Home,4,1,1,D,0
2016-05-17,2015/16,Bournemouth,Man United,Away,0,1,3,H,0
2016-08-14,2016/17,Bournemouth,Man United,Home,3,1,3,A,0
2016-08-21,2016/17,Bournemouth,West Ham,Away,5,0,1,H,1
2016-08-27,2016/17,Bournemouth,Crystal Palace,Away,3,1,1,D,0
2016-09-10,2016/17,Bournemouth,West Brom,Home,5,1,0,H,0
2016-09-17,2016/17,Bournemouth,Man City,Away,2,0,4,H,0
2016-09-24,2016/17,Bournemouth,Everton,Home,1,1,0,H,0
2016-10-01,2016/17,Bournemouth,Watford,Away,2,2,2,D,0
2016-10-15,2016/17,Bournemouth,Hull,Home,10,6,1,H,0
2016-10-22,2016/17,Bournemouth,Tottenham,Home,1,0,0,D,0
2016-10-29,2016/17,Bournemouth,Middlesbrough,Away,3,0,2,H,0
2016-11-05,2016/17,Bournemouth,Sunderland,Home,7,1,2,A,0
2016-11-19,2016/17,Bournemouth,Stoke,Away,2,1,0,A,0
2016-11-27,2016/17,Bournemouth,Arsenal,Away,3,1,3,H,0
2016-12-04,2016/17,Bournemouth,Liverpool,Home,8,4,3,H,0
2016-12-10,2016/17,Bournemouth,Burnley,Away,4,2,3,H,0
2016-12-13,2016/17,Bournemouth,Leicester,Home,3,1,0,H,0
2016-12-18,2016/17,Bournemouth,Southampton,Home,5,1,3,A,0
2016-12-26,2016/17,Bournemouth,Chelsea,Away,3,0,3,H,0
2016-12-31,2016/17,Bournemouth,Swansea,Away,6,3,0,A,0
2017-01-03,2016/17,Bournemouth,Arsenal,Home,6,3,3,D,1
2017-01-14,2016/17,Bournemouth,Hull,Away,6,1,3,H,0
2017-01-21,2016/17,Bournemouth,Watford,Home,5,2,2,D,0
2017-01-31,2016/17,Bournemouth,Crystal Palace,Home,2,0,2,A,0
2017-02-04,2016/17,Bournemouth,Everton,Away,8,3,6,H,0
2017-02-13,2016/17,Bournemouth,Man City,Home,1,0,2,A,0
2017-02-25,2016/17,Bournemouth,West Brom,Away,4,1,2,H,0
2017-03-04,2016/17,Bournemouth,Man United,Away,1,1,1,D,1
2017-03-11,2016/17,Bournemouth,West Ham,Home,9,3,2,H,0
2017-03-18,2016/17,Bournemouth,Swansea,Home,6,2,0,H,0
2017-04-01,2016/17,Bournemouth,Southampton,Away,3,0,0,D,0
2017-04-05,2016/17,Bournemouth,Liverpool,Away,2,2,2,D,0
2017-04-08,2016/17,Bournemouth,Chelsea,Home,1,1,3,A,0
2017-04-15,2016/17,Bournemouth,Tottenham,Away,1,0,4,H,0
2017-04-22,2016/17,Bournemouth,Middlesbrough,Home,10,4,0,H,0
2017-04-29,2016/17,Bournemouth,Sunderland,Away,7,1,0,A,0
2017-05-06,2016/17,Bournemouth,Stoke,Home,2,2,2,D,0
2017-05-13,2016/17,Bournemouth,Burnley,Home,6,2,1,H,0
2017-05-21,2016/17,Bournemouth,Leicester,Away,4,1,1,D,0
2017-08-12,2017/18,Bournemouth,West Brom,Away,2,0,1,H,0
2017-08-19,2017/18,Bournemouth,Watford,Home,2,0,2,A,0
2017-08-26,2017/18,Bournemouth,Man City,Home,3,1,2,A,0
2017-09-09,2017/18,Bournemouth,Arsenal,Away,2,0,3,H,0
2017-09-15,2017/18,Bournemouth,Brighton,Home,3,2,1,H,0
2017-09-23,2017/18,Bournemouth,Everton,Away,4,1,2,H,0
2017-09-30,2017/18,Bournemouth,Leicester,Home,4,0,0,D,0
2017-10-14,2017/18,Bournemouth,Tottenham,Away,1,0,1,H,0
2017-10-21,2017/18,Bournemouth,Stoke,Away,3,2,1,A,0
2017-10-28,2017/18,Bournemouth,Chelsea,Home,1,0,1,A,0
2017-11-04,2017/18,Bournemouth,Newcastle,Away,6,1,0,A,0
2017-11-18,2017/18,Bournemouth,Huddersfield,Home,5,4,0,H,1
2017-11-25,2017/18,Bournemouth,Swansea,Away,5,0,0,D,0
2017-11-29,2017/18,Bournemouth,Burnley,Home,2,1,2,A,0
2017-12-03,2017/18,Bournemouth,Southampton,Home,5,1,1,D,0
2017-12-09,2017/18,Bournemouth,Crystal Palace,Away,5,2,2,D,0
2017-12-13,2017/18,Bournemouth,Man United,Away,7,0,1,H,0
2017-12-17,2017/18,Bournemouth,Liverpool,Home,2,0,4,A,0
2017-12-23,2017/18,Bournemouth,Man City,Away,1,0,4,H,0
2017-12-26,2017/18,Bournemouth,West Ham,Home,10,3,3,D,0
2017-12-30,2017/18,Bournemouth,Everton,Home,7,2,1,H,0
2018-01-01,2017/18,Bournemouth,Brighton,Away,8,2,2,D,0
2018-01-14,2017/18,Bournemouth,Arsenal,Home,5,2,1,H,0
2018-01-20,2017/18,Bournemouth,West Ham,Away,3,1,1,D,0
2018-01-31,2017/18,Bournemouth,Chelsea,Away,5,3,0,A,0
2018-02-03,2017/18,Bournemouth,Stoke,Home,8,2,1,H,0
2018-02-11,2017/18,Bournemouth,Huddersfield,Away,2,1,4,H,0
2018-02-24,2017/18,Bournemouth,Newcastle,Home,5,2,2,D,0
2018-03-03,2017/18,Bournemouth,Leicester,Away,3,1,1,D,0
2018-03-11,2017/18,Bournemouth,Tottenham,Home,3,1,4,A,0
2018-03-17,2017/18,Bournemouth,West Brom,Home,5,2,1,H,0
2018-03-31,2017/18,Bournemouth,Watford,Away,6,2,2,D,0
2018-04-07,2017/18,Bournemouth,Crystal Palace,Home,5,2,2,D,0
2018-04-14,2017/18,Bournemouth,Liverpool,Away,1,0,3,H,0
2018-04-18,2017/18,Bournemouth,Man United,Home,2,0,2,A,0
2018-04-28,2017/18,Bournemouth,Southampton,Away,7,1,2,H,0
2018-05-05,2017/18,Bournemouth,Swansea,Home,5,1,0,H,0
2018-05-13,2017/18,Bournemouth,Burnley,Away,5,2,1,A,0
2018-08-11,2018/19,Bournemouth,Cardiff,Home,4,2,0,H,0
2018-08-18,2018/19,Bournemouth,West Ham,Away,5,2,1,A,0
2018-08-25,2018/19,Bournemouth,Everton,Home,5,2,2,D,1
2018-09-01,2018/19,Bournemouth,Chelsea,Away,1,0,2,H,0
2018-09-15,2018/19,Bournemouth,Leicester,Home,5,4,2,H,0
2018-09-22,2018/19,Bournemouth,Burnley,Away,5,0,4,H,0
2018-10-01,2018/19,Bournemouth,Crystal Palace,Home,5,2,1,H,0
2018-10-06,2018/19,Bournemouth,Watford,Away,7,4,0,A,0
2018-10-20,2018/19,Bournemouth,Southampton,Home,2,0,0,D,0
2018-10-27,2018/19,Bournemouth,Fulham,Away,5,3,0,A,0
2018-11-03,2018/19,Bournemouth,Man United,Home,7,1,2,A,0
2018-11-10,2018/19,Bournemouth,Newcastle,Away,4,1,2,H,0
2018-11-25,2018/19,Bournemouth,Arsenal,Home,5,1,2,A,0
2018-12-01,2018/19,Bournemouth,Man City,Away,1,1,3,H,0
2018-12-04,2018/19,Bournemouth,Huddersfield,Home,2,2,1,H,0
2018-12-08,2018/19,Bournemouth,Liverpool,Home,2,0,4,A,0
2018-12-15,2018/19,Bournemouth,Wolves,Away,3,0,2,H,0
2018-12-22,2018/19,Bournemouth,Brighton,Home,3,2,0,H,0
2018-12-26,2018/19,Bournemouth,Tottenham,Away,4,0,5,H,0
2018-12-30,2018/19,Bournemouth,Man United,Away,3,1,4,H,0
2019-01-02,2018/19,Bournemouth,Watford,Home,12,3,3,D,0
2019-01-13,2018/19,Bournemouth,Everton,Away,7,0,2,H,0
2019-01-19,2018/19,Bournemouth,West Ham,Home,4,2,0,H,0
2019-01-30,2018/19,Bournemouth,Chelsea,Home,7,4,0,H,0
2019-02-02,2018/19,Bournemouth,Cardiff,Away,2,0,2,H,0
2019-02-09,2018/19,Bournemouth,Liverpool,Away,2,0,3,H,0
2019-02-23,2018/19,Bournemouth,Wolves,Home,3,1,1,D,0
2019-02-27,2018/19,Bournemouth,Arsenal,Away,5,1,5,H,0
2019-03-02,2018/19,Bournemouth,Man City,Home,0,0,1,A,0
2019-03-09,2018/19,Bournemouth,Huddersfield,Away,5,2,0,A,0
2019-03-16,2018/19,Bournemouth,Newcastle,Home,3,2,2,D,0
2019-03-30,2018/19,Bournemouth,Leicester,Away,2,0,2,H,0
2019-04-06,2018/19,Bournemouth,Burnley,Home,2,1,3,A,0
2019-04-13,2018/19,Bournemouth,Brighton,Away,7,5,0,A,0
2019-04-20,2018/19,Bournemouth,Fulham,Home,5,0,1,A,0
2019-04-27,2018/19,Bournemouth,Southampton,Away,5,3,3,D,0
2019-05-04,2018/19,Bournemouth,Tottenham,Home,6,1,0,H,0
2019-05-12,2018/19,Bournemouth,Crystal Palace,Away,8,3,5,H,0
2019-08-10,2019/20,Bournemouth,Sheffield United,Home,3,1,1,D,0
2019-08-17,2019/20,Bournemouth,Aston Villa,Away,4,2,1,A,0
2019-08-25,2019/20,Bournemouth,Man City,Home,7,1,3,A,0
2019-08-31,2019/20,Bournemouth,Leicester,Away,2,1,3,H,0
2019-09-15,2019/20,Bournemouth,Everton,Home,6,3,1,H,0
2019-09-20,2019/20,Bournemouth,Southampton,Away,3,3,1,A,0
2019-09-28,2019/20,Bournemouth,West Ham,Home,5,2,2,D,0
2019-10-06,2019/20,Bournemouth,Arsenal,Away,2,0,1,H,0
2019-10-19,2019/20,Bournemouth,Norwich,Home,2,0,0,D,0
2019-10-26,2019/20,Bournemouth,Watford,Away,5,0,0,D,0
2019-11-02,2019/20,Bournemouth,Man United,Home,6,1,0,H,0
2019-11-09,2019/20,Bournemouth,Newcastle,Away,3,1,2,H,0
2019-11-23,2019/20,Bournemouth,Wolves,Home,2,1,2,A,1
2019-11-30,2019/20,Bournemouth,Tottenham,Away,6,2,3,H,0
2019-12-03,2019/20,Bournemouth,Crystal Palace,Away,3,0,1,H,0
2019-12-07,2019/20,Bournemouth,Liverpool,Home,0,0,3,A,0
2019-12-14,2019/20,Bournemouth,Chelsea,Away,2,1,0,A,0
2019-12-21,2019/20,Bournemouth,Burnley,Home,0,0,1,A,0
2019-12-26,2019/20,Bournemouth,Arsenal,Home,4,1,1,D,0
2019-12-28,2019/20,Bournemouth,Brighton,Away,2,0,2,H,0
2020-01-01,2019/20,Bournemouth,West Ham,Away,2,0,4,H,0
2020-01-12,2019/20,Bournemouth,Watford,Home,1,0,3,A,0
2020-01-18,2019/20,Bournemouth,Norwich,Away,3,0,1,H,1
2020-01-21,2019/20,Bournemouth,Brighton,Home,3,3,1,H,0
2020-02-01,2019/20,Bournemouth,Aston Villa,Home,6,2,1,H,1
2020-02-09,2019/20,Bournemouth,Sheffield United,Away,2,1,2,H,0
2020-02-22,2019/20,Bournemouth,Burnley,Away,4,0,3,H,0
2020-02-29,2019/20,Bournemouth,Chelsea,Home,5,2,2,D,0
2020-03-07,2019/20,Bournemouth,Liverpool,Away,4,1,2,H,0
2020-06-20,2019/20,Bournemouth,Crystal Palace,Home,1,0,2,A,0
2020-06-24,2019/20,Bournemouth,Wolves,Away,0,0,1,H,0
2020-07-01,2019/20,Bournemouth,Newcastle,Home,1,1,4,A,0
2020-07-04,2019/20,Bournemouth,Man United,Away,3,2,5,H,0
2020-07-09,2019/20,Bournemouth,Tottenham,Home,2,0,0,D,0
2020-07-12,2019/20,Bournemouth,Leicester,Home,4,4,1,H,0
2020-07-15,2019/20,Bournemouth,Man City,Away,3,1,2,H,0
2020-07-19,2019/20,Bournemouth,Southampton,Home,3,0,2,A,0
2020-07-26,2019/20,Bournemouth,Everton,Away,7,3,1,A,0
2022-08-06,2022/23,Bournemouth,Aston Villa,Home,3,2,0,H,0
2022-08-13,2022/23,Bournemouth,Man City,Away,1,0,4,H,0
2022-08-20,2022/23,Bournemouth,Arsenal,Home,1,0,3,A,0
2022-08-27,2022/23,Bournemouth,Liverpool,Away,2,0,9,H,0
2022-08-31,2022/23,Bournemouth,Wolves,Home,2,0,0,D,0
2022-09-03,2022/23,Bournemouth,Nott'm Forest,Away,3,3,2,A,0
2022-09-17,2022/23,Bournemouth,Newcastle,Away,3,1,1,D,0
2022-10-01,2022/23,Bournemouth,Brentford,Home,1,0,0,D,0
2022-10-08,2022/23,Bournemouth,Leicester,Home,4,2,1,H,0
2022-10-15,2022/23,Bournemouth,Fulham,Away,6,2,2,D,0
2022-10-19,2022/23,Bournemouth,Southampton,Home,3,0,1,A,0
2022-10-24,2022/23,Bournemouth,West Ham,Away,3,0,2,H,0
2022-10-29,2022/23,Bournemouth,Tottenham,Home,4,2,3,A,0
2022-11-05,2022/23,Bournemouth,Leeds,Away,6,3,4,H,0
2022-11-12,2022/23,Bournemouth,Everton,Home,9,3,0,H,0
2022-12-27,2022/23,Bournemouth,Chelsea,Away,4,0,2,H,0
2022-12-31,2022/23,Bournemouth,Crystal Palace,Home,2,0,2,A,0
2023-01-03,2022/23,Bournemouth,Man United,Away,4,0,3,H,0
2023-01-14,2022/23,Bournemouth,Brentford,Away,2,0,2,H,0
2023-01-21,2022/23,Bournemouth,Nott'm Forest,Home,4,1,1,D,0
2023-02-04,2022/23,Bournemouth,Brighton,Away,2,0,1,H,0
2023-02-11,2022/23,Bournemouth,Newcastle,Home,5,1,1,D,0
2023-02-18,2022/23,Bournemouth,Wolves,Away,1,1,0,A,0
2023-02-25,2022/23,Bournemouth,Man City,Home,2,1,4,A,0
2023-03-04,2022/23,Bournemouth,Arsenal,Away,4,2,3,H,0
2023-03-11,2022/23,Bournemouth,Liverpool,Home,2,1,0,H,0
2023-03-18,2022/23,Bournemouth,Aston Villa,Away,3,0,3,H,0
2023-04-01,2022/23,Bournemouth,Fulham,Home,7,2,1,H,0
2023-04-04,2022/23,Bournemouth,Brighton,Home,3,0,2,A,0
2023-04-08,2022/23,Bournemouth,Leicester,Away,7,1,0,A,0
2023-04-15,2022/23,Bournemouth,Tottenham,Away,6,3,2,A,0
2023-04-23,2022/23,Bournemouth,West Ham,Home,5,0,4,A,0
2023-04-27,2022/23,Bournemouth,Southampton,Away,2,1,0,A,0
2023-04-30,2022/23,Bournemouth,Leeds,Home,7,4,1,H,0
2023-05-06,2022/23,Bournemouth,Chelsea,Home,4,1,3,A,0
2023-05-13,2022/23,Bournemouth,Crystal Palace,Away,0,0,2,H,0
2023-05-20,2022/23,Bournemouth,Man United,Home,4,0,1,A,0
2023-05-28,2022/23,Bournemouth,Everton,Away,2,0,1,H,0
2023-08-12,2023/24,Bournemouth,West Ham,Home,5,1,1,D,0
2023-08-19,2023/24,Bournemouth,Liverpool,Away,5,1,3,H,0
2023-08-26,2023/24,Bournemouth,Tottenham,Home,3,0,2,A,0
2023-09-02,2023/24,Bournemouth,Brentford,Away,5,2,2,D,0
2023-09-17,2023/24,Bournemouth,Chelsea,Home,4,0,0,D,0
2023-09-24,2023/24,Bournemouth,Brighton,Away,4,1,3,H,0
2023-09-30,2023/24,Bournemouth,Arsenal,Home,1,0,4,A,0
2023-10-07,2023/24,Bournemouth,Everton,Away,4,0,3,H,0
2023-10-21,2023/24,Bournemouth,Wolves,Home,4,1,2,A,1
2023-10-28,2023/24,Bournemouth,Burnley,Home,6,2,1,H,0
2023-11-04,2023/24,Bournemouth,Man City,Away,1,1,6,H,0
2023-11-11,2023/24,Bournemouth,Newcastle,Home,10,2,0,H,0
2023-11-25,2023/24,Bournemouth,Sheffield United,Away,11,3,1,A,0
2023-12-03,2023/24,Bournemouth,Aston Villa,Home,7,2,2,D,0
2023-12-06,2023/24,Bournemouth,Crystal Palace,Away,4,2,0,A,0
2023-12-09,2023/24,Bournemouth,Man United,Away,4,3,0,A,0
2023-12-23,2023/24,Bournemouth,Nott'm Forest,Away,7,3,2,A,0
2023-12-26,2023/24,Bournemouth,Fulham,Home,4,3,0,H,0
2023-12-31,2023/24,Bournemouth,Tottenham,Away,4,1,3,H,0
2024-01-21,2023/24,Bournemouth,Liverpool,Home,1,0,4,A,0
2024-02-01,2023/24,Bournemouth,West Ham,Away,4,1,1,D,0
2024-02-04,2023/24,Bournemouth,Nott'm Forest,Home,2,1,1,D,1
2024-02-10,2023/24,Bournemouth,Fulham,Away,4,1,3,H,0
2024-02-17,2023/24,Bournemouth,Newcastle,Away,7,2,2,D,0
2024-02-24,2023/24,Bournemouth,Man City,Home,4,0,1,A,0
2024-03-03,2023/24,Bournemouth,Burnley,Away,3,2,0,A,0
2024-03-09,2023/24,Bournemouth,Sheffield United,Home,12,2,2,D,0
2024-03-13,2023/24,Bournemouth,Luton,Home,10,4,3,H,0
2024-03-30,2023/24,Bournemouth,Everton,Home,4,2,1,H,0
2024-04-02,2023/24,Bournemouth,Crystal Palace,Home,6,1,0,H,0
2024-04-06,2023/24,Bournemouth,Luton,Away,1,1,2,H,0
2024-04-13,2023/24,Bournemouth,Man United,Home,5,2,2,D,0
2024-04-21,2023/24,Bournemouth,Aston Villa,Away,6,1,3,H,0
2024-04-24,2023/24,Bournemouth,Wolves,Away,6,1,0,A,1
2024-04-28,2023/24,Bournemouth,Brighton,Home,6,3,0,H,0
2024-05-04,2023/24,Bournemouth,Arsenal,Away,2,0,3,H,0
2024-05-11,2023/24,Bournemouth,Brentford,Home,4,1,2,A,0
2024-05-19,2023/24,Bournemouth,Chelsea,Away,5,1,2,H,0
2024-08-17,2024/25,Bournemouth,Nott'm Forest,Away,4,1,1,D,0
2024-08-25,2024/25,Bournemouth,Newcastle,Home,4,1,1,D,0
2024-08-31,2024/25,Bournemouth,Everton,Away,7,3,2,A,0
2024-09-14,2024/25,Bournemouth,Chelsea,Home,7,0,1,A,0
2024-09-21,2024/25,Bournemouth,Liverpool,Away,6,0,3,H,0
2024-09-30,2024/25,Bournemouth,Southampton,Home,6,3,1,H,0
2024-10-05,2024/25,Bournemouth,Leicester,Away,2,0,1,H,0
2024-10-19,2024/25,Bournemouth,Arsenal,Home,4,2,0,H,0
2024-10-26,2024/25,Bournemouth,Aston Villa,Away,3,1,1,D,0
2024-11-02,2024/25,Bournemouth,Man City,Home,6,2,1,H,0
2024-11-09,2024/25,Bournemouth,Brentford,Away,3,2,3,H,0
2024-11-23,2024/25,Bournemouth,Brighton,Home,5,1,2,A,0
2024-11-30,2024/25,Bournemouth,Wolves,Away,8,4,2,A,0
2024-12-05,2024/25,Bournemouth,Tottenham,Home,8,1,0,H,0
2024-12-08,2024/25,Bournemouth,Ipswich,Away,6,2,1,A,0
2024-12-16,2024/25,Bournemouth,West Ham,Home,9,1,1,D,0
2024-12-22,2024/25,Bournemouth,Man United,Away,5,3,0,A,0
2024-12-26,2024/25,Bournemouth,Crystal Palace,Home,4,0,0,D,0
2024-12-29,2024/25,Bournemouth,Fulham,Away,9,2,2,D,0
2025-01-04,2024/25,Bournemouth,Everton,Home,8,1,0,H,0
2025-01-14,2024/25,Bournemouth,Chelsea,Away,3,2,2,D,0
2025-01-18,2024/25,Bournemouth,Newcastle,Away,10,4,1,A,0
2025-01-25,2024/25,Bournemouth,Nott'm Forest,Home,10,5,0,H,0
2025-02-01,2024/25,Bournemouth,Liverpool,Home,3,0,2,A,0
2025-02-15,2024/25,Bournemouth,Southampton,Away,7,3,1,A,0
2025-02-22,2024/25,Bournemouth,Wolves,Home,3,0,1,A,1
2025-02-25,2024/25,Bournemouth,Brighton,Away,5,1,2,H,0
2025-03-09,2024/25,Bournemouth,Tottenham,Away,8,2,2,D,0
2025-03-15,2024/25,Bournemouth,Brentford,Home,5,1,2,A,0
2025-04-02,2024/25,Bournemouth,Ipswich,Home,7,1,2,A,0
2025-04-05,2024/25,Bournemouth,West Ham,Away,4,2,2,D,0
2025-04-14,2024/25,Bournemouth,Fulham,Home,3,1,0,H,0
2025-04-19,2024/25,Bournemouth,Crystal Palace,Away,4,0,0,D,0
2025-04-27,2024/25,Bournemouth,Man United,Home,1,1,1,D,1
2025-05-03,2024/25,Bournemouth,Arsenal,Away,2,2,1,A,0
2000-08-19,2000/01,Bradford,Liverpool,Away,2,0,1,H,0
2000-08-22,2000/01,Bradford,Chelsea,Home,3,2,0,H,0
2000-08-26,2000/01,Bradford,Leicester,Home,4,0,0,D,0
2000-09-05,2000/01,Bradford,Man United,Away,4,0,6,H,0
2000-09-09,2000/01,Bradford,Arsenal,Home,5,1,1,D,0
2000-09-16,2000/01,Bradford,Aston Villa,Away,4,0,2,H,0
2000-09-23,2000/01,Bradford,Southampton,Home,6,0,1,A,0
2000-09-30,2000/01,Bradford,West Ham,Away,6,1,1,D,0
2000-10-14,2000/01,Bradford,Man City,Away,2,0,2,H,0
2000-10-21,2000/01,Bradford,Ipswich,Home,3,0,2,A,0
2000-10-29,2000/01,Bradford,Leeds,Home,6,1,1,D,0
2000-11-04,2000/01,Bradford,Charlton,Away,8,0,2,H,1
2000-11-11,2000/01,Bradford,Everton,Home,6,0,1,A,0
2000-11-18,2000/01,Bradford,Derby,Away,4,0,2,H,0
2000-11-25,2000/01,Bradford,Middlesbrough,Away,5,2,2,D,0
2000-12-02,2000/01,Bradford,Coventry,Home,6,2,1,H,0
2000-12-09,2000/01,Bradford,Tottenham,Home,6,3,3,D,0
2000-12-16,2000/01,Bradford,Newcastle,Away,3,1,2,H,0
2000-12-23,2000/01,Bradford,Chelsea,Away,1,0,3,H,0
2000-12-26,2000/01,Bradford,Sunderland,Home,3,1,4,A,0
2001-01-01,2000/01,Bradford,Leicester,Away,4,2,1,A,0
2001-01-13,2000/01,Bradford,Man United,Home,3,0,3,A,0
2001-01-21,2000/01,Bradford,Sunderland,Away,3,0,0,D,0
2001-01-30,2000/01,Bradford,Arsenal,Away,2,0,2,H,0
2001-02-03,2000/01,Bradford,Aston Villa,Home,2,0,3,A,0
2001-02-10,2000/01,Bradford,Southampton,Away,1,0,2,H,0
2001-02-24,2000/01,Bradford,West Ham,Home,5,1,2,A,0
2001-03-04,2000/01,Bradford,Ipswich,Away,5,1,3,H,0
2001-03-17,2000/01,Bradford,Man City,Home,7,2,2,D,0
2001-03-31,2000/01,Bradford,Newcastle,Home,8,2,2,D,0
2001-04-10,2000/01,Bradford,Tottenham,Away,5,1,2,H,0
2001-04-13,2000/01,Bradford,Charlton,Home,8,2,0,H,0
2001-04-21,2000/01,Bradford,Derby,Home,9,2,0,H,0
2001-04-28,2000/01,Bradford,Everton,Away,4,1,2,H,0
2001-05-01,2000/01,Bradford,Liverpool,Home,4,0,2,A,0
2001-05-05,2000/01,Bradford,Middlesbrough,Home,7,1,1,D,0
2001-05-13,2000/01,Bradford,Leeds,Away,7,1,6,H,0
2001-05-19,2000/01,Bradford,Coventry,Away,3,0,0,D,0
2021-08-13,2021/22,Brentford,Arsenal,Home,3,2,0,H,0
2021-08-21,2021/22,Brentford,Crystal Palace,Away,3,0,0,D,0
2021-08-28,2021/22,Brentford,Aston Villa,Away,2,1,1,D,0
2021-09-11,2021/22,Brentford,Brighton,Home,1,0,1,A,0
2021-09-18,2021/22,Brentford,Wolves,Away,3,2,0,A,1
2021-09-25,2021/22,Brentford,Liverpool,Home,4,3,3,D,0
2021-10-03,2021/22,Brentford,West Ham,Away,6,2,1,A,0
2021-10-16,2021/22,Brentford,Chelsea,Home,7,0,1,A,0
2021-10-24,2021/22,Brentford,Leicester,Home,5,1,2,A,0
2021-10-30,2021/22,Brentford,Burnley,Away,5,1,3,H,0
2021-11-06,2021/22,Brentford,Norwich,Home,7,1,2,A,0
2021-11-20,2021/22,Brentford,Newcastle,Away,4,3,3,D,0
2021-11-28,2021/22,Brentford,Everton,Home,4,1,0,H,0
2021-12-02,2021/22,Brentford,Tottenham,Away,2,0,2,H,0
2021-12-05,2021/22,Brentford,Leeds,Away,3,2,2,D,0
2021-12-10,2021/22,Brentford,Watford,Home,5,2,1,H,0
2021-12-26,2021/22,Brentford,Brighton,Away,6,0,2,H,0
2021-12-29,2021/22,Brentford,Man City,Home,2,0,1,A,0
2022-01-02,2021/22,Brentford,Aston Villa,Home,4,2,1,H,0
2022-01-11,2021/22,Brentford,Southampton,Away,4,1,4,H,0
2022-01-16,2021/22,Brentford,Liverpool,Away,1,0,3,H,0
2022-01-19,2021/22,Brentford,Man United,Home,8,1,3,A,0
2022-01-22,2021/22,Brentford,Wolves,Home,1,1,2,A,0
2022-02-09,2021/22,Brentford,Man City,Away,2,0,2,H,0
2022-02-12,2021/22,Brentford,Crystal Palace,Home,2,0,0,D,0
2022-02-19,2021/22,Brentford,Arsenal,Away,2,1,2,H,0
2022-02-26,2021/22,Brentford,Newcastle,Home,1,0,2,A,1
2022-03-05,2021/22,Brentford,Norwich,Away,6,3,1,A,0
2022-03-12,2021/22,Brentford,Burnley,Home,4,2,0,H,0
2022-03-20,2021/22,Brentford,Leicester,Away,6,1,2,H,0
2022-04-02,2021/22,Brentford,Chelsea,Away,6,4,1,A,0
2022-04-10,2021/22,Brentford,West Ham,Home,7,2,0,H,0
2022-04-16,2021/22,Brentford,Watford,Away,5,2,1,A,0
2022-04-23,2021/22,Brentford,Tottenham,Home,2,0,0,D,0
2022-05-02,2021/22,Brentford,Man United,Away,4,0,3,H,0
2022-05-07,2021/22,Brentford,Southampton,Home,5,3,0,H,0
2022-05-15,2021/22,Brentford,Everton,Away,7,3,2,A,0
2022-05-22,2021/22,Brentford,Leeds,Home,5,1,2,A,1
2022-08-07,2022/23,Brentford,Leicester,Away,3,2,2,D,0
2022-08-13,2022/23,Brentford,Man United,Home,7,4,0,H,0
2022-08-20,2022/23,Brentford,Fulham,Away,5,2,3,H,0
2022-08-27,2022/23,Brentford,Everton,Home,5,1,1,D,0
2022-08-30,2022/23,Brentford,Crystal Palace,Away,3,1,1,D,0
2022-09-03,2022/23,Brentford,Leeds,Home,8,5,2,H,0
2022-09-18,2022/23,Brentford,Arsenal,Home,2,0,3,A,0
2022-10-01,2022/23,Brentford,Bournemouth,Away,4,0,0,D,0
2022-10-08,2022/23,Brentford,Newcastle,Away,3,1,5,H,0
2022-10-14,2022/23,Brentford,Brighton,Home,3,2,0,H,0
2022-10-19,2022/23,Brentford,Chelsea,Home,5,0,0,D,0
2022-10-23,2022/23,Brentford,Aston Villa,Away,3,0,4,H,0
2022-10-29,2022/23,Brentford,Wolves,Home,3,1,1,D,0
2022-11-05,2022/23,Brentford,Nott'm Forest,Away,2,2,2,D,0
2022-11-12,2022/23,Brentford,Man City,Away,8,2,1,A,0
2022-12-26,2022/23,Brentford,Tottenham,Home,5,2,2,D,0
2022-12-30,2022/23,Brentford,West Ham,Away,6,2,0,A,0
2023-01-02,2022/23,Brentford,Liverpool,Home,7,3,1,H,0
2023-01-14,2022/23,Brentford,Bournemouth,Home,4,2,0,H,0
2023-01-22,2022/23,Brentford,Leeds,Away,0,0,0,D,0
2023-02-04,2022/23,Brentford,Southampton,Home,4,3,0,H,0
2023-02-11,2022/23,Brentford,Arsenal,Away,2,1,1,D,0
2023-02-18,2022/23,Brentford,Crystal Palace,Home,5,1,1,D,0
2023-03-06,2022/23,Brentford,Fulham,Home,6,3,2,H,0
2023-03-11,2022/23,Brentford,Everton,Away,4,0,1,H,0
2023-03-15,2022/23,Brentford,Southampton,Away,5,2,0,A,0
2023-03-18,2022/23,Brentford,Leicester,Home,2,1,1,D,1
2023-04-01,2022/23,Brentford,Brighton,Away,5,3,3,D,0
2023-04-05,2022/23,Brentford,Man United,Away,1,0,1,H,0
2023-04-08,2022/23,Brentford,Newcastle,Home,6,1,2,A,0
2023-04-15,2022/23,Brentford,Wolves,Away,3,0,2,H,0
2023-04-22,2022/23,Brentford,Aston Villa,Home,5,1,1,D,0
2023-04-26,2022/23,Brentford,Chelsea,Away,1,2,0,A,0
2023-04-29,2022/23,Brentford,Nott'm Forest,Home,8,2,1,H,0
2023-05-06,2022/23,Brentford,Liverpool,Away,1,0,1,H,0
2023-05-14,2022/23,Brentford,West Ham,Home,10,2,0,H,0
2023-05-20,2022/23,Brentford,Tottenham,Away,4,3,1,A,0
2023-05-28,2022/23,Brentford,Man City,Home,4,1,0,H,0
2023-08-13,2023/24,Brentford,Tottenham,Home,6,2,2,D,0
2023-08-19,2023/24,Brentford,Fulham,Away,8,3,0,A,0
2023-08-26,2023/24,Brentford,Crystal Palace,Home,1,1,1,D,0
2023-09-02,2023/24,Brentford,Bournemouth,Home,7,2,2,D,0
2023-09-16,2023/24,Brentford,Newcastle,Away,2,0,1,H,0
2023-09-23,2023/24,Brentford,Everton,Home,2,1,3,A,0
2023-10-01,2023/24,Brentford,Nott'm Forest,Away,5,1,1,D,0
2023-10-07,2023/24,Brentford,Man United,Away,3,1,2,H,0
2023-10-21,2023/24,Brentford,Burnley,Home,10,3,0,H,0
2023-10-28,2023/24,Brentford,Chelsea,Away,5,2,0,A,0
2023-11-04,2023/24,Brentford,West Ham,Home,4,3,2,H,0
2023-11-12,2023/24,Brentford,Liverpool,Away,3,0,3,H,0
2023-11-25,2023/24,Brentford,Arsenal,Home,3,0,1,A,0
2023-12-02,2023/24,Brentford,Luton,Home,6,3,1,H,0
2023-12-06,2023/24,Brentford,Brighton,Away,2,1,2,H,0
2023-12-09,2023/24,Brentford,Sheffield United,Away,4,0,1,H,0
2023-12-17,2023/24,Brentford,Aston Villa,Home,3,1,2,A,1
2023-12-27,2023/24,Brentford,Wolves,Home,4,1,4,A,0
2023-12-30,2023/24,Brentford,Crystal Palace,Away,4,1,3,H,0
2024-01-20,2023/24,Brentford,Nott'm Forest,Home,5,3,2,H,0
2024-01-31,2023/24,Brentford,Tottenham,Away,5,2,3,H,0
2024-02-05,2023/24,Brentford,Man City,Home,3,1,3,A,0
2024-02-10,2023/24,Brentford,Wolves,Away,6,2,0,A,0
2024-02-17,2023/24,Brentford,Liverpool,Home,6,1,4,A,0
2024-02-20,2023/24,Brentford,Man City,Away,2,0,1,H,0
2024-02-26,2023/24,Brentford,West Ham,Away,8,2,4,H,0
2024-03-02,2023/24,Brentford,Chelsea,Home,5,2,2,D,0
2024-03-09,2023/24,Brentford,Arsenal,Away,4,1,2,H,0
2024-03-16,2023/24,Brentford,Burnley,Away,5,1,2,H,1
2024-03-30,2023/24,Brentford,Man United,Home,5,1,1,D,0
2024-04-03,2023/24,Brentford,Brighton,Home,2,0,0,D,0
2024-04-06,2023/24,Brentford,Aston Villa,Away,3,3,3,D,0
2024-04-13,2023/24,Brentford,Sheffield United,Home,5,2,0,H,0
2024-04-20,2023/24,Brentford,Luton,Away,9,5,1,A,0
2024-04-27,2023/24,Brentford,Everton,Away,4,0,1,H,0
2024-05-04,2023/24,Brentford,Fulham,Home,3,0,0,D,0
2024-05-11,2023/24,Brentford,Bournemouth,Away,5,2,1,A,0
2024-05-19,2023/24,Brentford,Newcastle,Home,5,2,4,A,0
2024-08-18,2024/25,Brentford,Crystal Palace,Home,5,2,1,H,0
2024-08-25,2024/25,Brentford,Liverpool,Away,2,0,2,H,0
2024-08-31,2024/25,Brentford,Southampton,Home,7,3,1,H,0
2024-09-14,2024/25,Brentford,Man City,Away,5,1,2,H,0
2024-09-21,2024/25,Brentford,Tottenham,Away,6,1,3,H,0
2024-09-28,2024/25,Brentford,West Ham,Home,3,1,1,D,0
2024-10-05,2024/25,Brentford,Wolves,Home,12,5,3,H,0
2024-10-19,2024/25,Brentford,Man United,Away,2,1,2,H,0
2024-10-26,2024/25,Brentford,Ipswich,Home,9,4,3,H,0
2024-11-04,2024/25,Brentford,Fulham,Away,2,1,2,H,0
2024-11-09,2024/25,Brentford,Bournemouth,Home,6,3,2,H,0
2024-11-23,2024/25,Brentford,Everton,Away,2,0,0,D,1
2024-11-30,2024/25,Brentford,Leicester,Home,6,4,1,H,0
2024-12-04,2024/25,Brentford,Aston Villa,Away,1,1,3,H,0
2024-12-07,2024/25,Brentford,Newcastle,Home,8,4,2,H,0
2024-12-15,2024/25,Brentford,Chelsea,Away,4,1,2,H,0
2024-12-21,2024/25,Brentford,Nott'm Forest,Home,3,0,2,A,0
2024-12-27,2024/25,Brentford,Brighton,Away,3,0,0,D,0
2025-01-01,2024/25,Brentford,Arsenal,Home,2,1,3,A,0
2025-01-04,2024/25,Brentford,Southampton,Away,11,5,0,A,0
2025-01-14,2024/25,Brentford,Man City,Home,6,2,2,D,0
2025-01-18,2024/25,Brentford,Liverpool,Home,6,0,2,A,0
2025-01-26,2024/25,Brentford,Crystal Palace,Away,6,2,1,A,0
2025-02-02,2024/25,Brentford,Tottenham,Home,4,0,2,A,0
2025-02-15,2024/25,Brentford,West Ham,Away,5,1,0,A,0
2025-02-21,2024/25,Brentford,Leicester,Away,6,4,0,A,0
2025-02-26,2024/25,Brentford,Everton,Home,3,1,1,D,0
2025-03-08,2024/25,Brentford,Aston Villa,Home,3,0,1,A,0
2025-03-15,2024/25,Brentford,Bournemouth,Away,4,2,1,A,0
2025-04-02,2024/25,Brentford,Newcastle,Away,3,1,2,H,0
2025-04-06,2024/25,Brentford,Chelsea,Home,2,0,0,D,0
2025-04-12,2024/25,Brentford,Arsenal,Away,2,1,1,D,0
2025-04-19,2024/25,Brentford,Brighton,Home,8,4,2,H,0
2025-05-01,2024/25,Brentford,Nott'm Forest,Away,3,2,0,A,0
2025-05-04,2024/25,Brentford,Man United,Home,6,4,3,H,0
2017-08-12,2017/18,Brighton,Man City,Home,2,0,2,A,0
2017-08-19,2017/18,Brighton,Leicester,Away,2,0,2,H,0
2017-08-26,2017/18,Brighton,Watford,Away,2,0,0,D,0
2017-09-09,2017/18,Brighton,West Brom,Home,6,3,1,H,0
2017-09-15,2017/18,Brighton,Bournemouth,Away,2,1,2,H,0
2017-09-24,2017/18,Brighton,Newcastle,Home,3,1,0,H,0
2017-10-01,2017/18,Brighton,Arsenal,Away,1,0,2,H,0
2017-10-15,2017/18,Brighton,Everton,Home,3,1,1,D,0
2017-10-20,2017/18,Brighton,West Ham,Away,5,3,0,A,0
2017-10-29,2017/18,Brighton,Southampton,Home,2,1,1,D,0
2017-11-04,2017/18,Brighton,Swansea,Away,2,1,0,A,0
2017-11-20,2017/18,Brighton,Stoke,Home,3,2,2,D,0
2017-11-25,2017/18,Brighton,Man United,Away,2,0,1,H,0
2017-11-28,2017/18,Brighton,Crystal Palace,Home,4,0,0,D,0
2017-12-02,2017/18,Brighton,Liverpool,Home,2,1,5,A,0
2017-12-09,2017/18,Brighton,Huddersfield,Away,2,0,2,H,0
2017-12-13,2017/18,Brighton,Tottenham,Away,4,0,2,H,0
2017-12-16,2017/18,Brighton,Burnley,Home,2,0,0,D,0
2017-12-23,2017/18,Brighton,Watford,Home,3,1,0,H,0
2017-12-26,2017/18,Brighton,Chelsea,Away,1,0,2,H,0
2017-12-30,2017/18,Brighton,Newcastle,Away,3,0,0,D,0
2018-01-01,2017/18,Brighton,Bournemouth,Home,6,2,2,D,0
2018-01-13,2017/18,Brighton,West Brom,Away,1,0,2,H,0
2018-01-20,2017/18,Brighton,Chelsea,Home,3,0,4,A,0
2018-01-31,2017/18,Brighton,Southampton,Away,2,1,1,D,0
2018-02-03,2017/18,Brighton,West Ham,Home,5,3,1,H,0
2018-02-10,2017/18,Brighton,Stoke,Away,6,1,1,D,0
2018-02-24,2017/18,Brighton,Swansea,Home,5,4,1,H,0
2018-03-04,2017/18,Brighton,Arsenal,Home,6,2,1,H,0
2018-03-10,2017/18,Brighton,Everton,Away,4,0,2,H,1
2018-03-31,2017/18,Brighton,Leicester,Home,3,0,2,A,0
2018-04-07,2017/18,Brighton,Huddersfield,Home,4,1,1,D,1
2018-04-14,2017/18,Brighton,Crystal Palace,Away,3,2,3,H,0
2018-04-17,2017/18,Brighton,Tottenham,Home,5,1,1,D,0
2018-04-28,2017/18,Brighton,Burnley,Away,1,0,0,D,0
2018-05-04,2017/18,Brighton,Man United,Home,4,1,0,H,0
2018-05-09,2017/18,Brighton,Man City,Away,3,1,3,H,0
2018-05-13,2017/18,Brighton,Liverpool,Away,1,0,4,H,0
2018-08-11,2018/19,Brighton,Watford,Away,0,0,2,H,0
2018-08-19,2018/19,Brighton,Man United,Home,3,3,2,H,0
2018-08-25,2018/19,Brighton,Liverpool,Away,2,0,1,H,0
2018-09-01,2018/19,Brighton,Fulham,Home,5,2,2,D,0
2018-09-17,2018/19,Brighton,Southampton,Away,4,2,2,D,0
2018-09-22,2018/19,Brighton,Tottenham,Home,4,1,2,A,0
2018-09-29,2018/19,Brighton,Man City,Away,1,0,2,H,0
2018-10-05,2018/19,Brighton,West Ham,Home,4,1,0,H,0
2018-10-20,2018/19,Brighton,Newcastle,Away,2,1,0,A,0
2018-10-27,2018/19,Brighton,Wolves,Home,1,1,0,H,0
2018-11-03,2018/19,Brighton,Everton,Away,3,1,3,H,0
2018-11-10,2018/19,Brighton,Cardiff,Away,3,1,2,H,1
2018-11-24,2018/19,Brighton,Leicester,Home,3,1,1,D,0
2018-12-01,2018/19,Brighton,Huddersfield,Away,6,2,1,A,0
2018-12-04,2018/19,Brighton,Crystal Palace,Home,3,3,1,H,1
2018-12-08,2018/19,Brighton,Burnley,Away,1,0,1,H,0
2018-12-16,2018/19,Brighton,Chelsea,Home,2,1,2,A,0
2018-12-22,2018/19,Brighton,Bournemouth,Away,5,0,2,H,1
2018-12-26,2018/19,Brighton,Arsenal,Home,3,1,1,D,0
2018-12-29,2018/19,Brighton,Everton,Home,3,1,0,H,0
2019-01-02,2018/19,Brighton,West Ham,Away,6,2,2,D,0
2019-01-12,2018/19,Brighton,Liverpool,Home,0,0,1,A,0
2019-01-19,2018/19,Brighton,Man United,Away,3,1,2,H,0
2019-01-29,2018/19,Brighton,Fulham,Away,6,2,4,H,0
2019-02-02,2018/19,Brighton,Watford,Home,4,0,0,D,0
2019-02-09,2018/19,Brighton,Burnley,Home,6,1,3,A,0
2019-02-26,2018/19,Brighton,Leicester,Away,3,1,2,H,0
2019-03-02,2018/19,Brighton,Huddersfield,Home,4,1,0,H,0
2019-03-09,2018/19,Brighton,Crystal Palace,Away,3,2,1,A,0
2019-03-30,2018/19,Brighton,Southampton,Home,1,0,1,A,0
2019-04-03,2018/19,Brighton,Chelsea,Away,1,0,3,H,0
2019-04-13,2018/19,Brighton,Bournemouth,Home,1,0,5,A,1
2019-04-16,2018/19,Brighton,Cardiff,Home,2,0,2,A,0
2019-04-20,2018/19,Brighton,Wolves,Away,0,0,0,D,0
2019-04-23,2018/19,Brighton,Tottenham,Away,1,0,1,H,0
2019-04-27,2018/19,Brighton,Newcastle,Home,2,1,1,D,0
2019-05-05,2018/19,Brighton,Arsenal,Away,5,1,1,D,0
2019-05-12,2018/19,Brighton,Man City,Home,2,1,4,A,0
2019-08-10,2019/20,Brighton,Watford,Away,3,3,0,A,0
2019-08-17,2019/20,Brighton,West Ham,Home,4,1,1,D,0
2019-08-24,2019/20,Brighton,Southampton,Home,3,0,2,A,1
2019-08-31,2019/20,Brighton,Man City,Away,2,0,4,H,0
2019-09-14,2019/20,Brighton,Burnley,Home,5,1,1,D,0
2019-09-21,2019/20,Brighton,Newcastle,Away,3,0,0,D,0
2019-09-28,2019/20,Brighton,Chelsea,Away,1,0,2,H,0
2019-10-05,2019/20,Brighton,Tottenham,Home,6,3,0,H,0
2019-10-19,2019/20,Brighton,Aston Villa,Away,5,1,2,H,1
2019-10-26,2019/20,Brighton,Everton,Home,4,3,2,H,0
2019-11-02,2019/20,Brighton,Norwich,Home,5,2,0,H,0
2019-11-10,2019/20,Brighton,Man United,Away,2,1,3,H,0
2019-11-23,2019/20,Brighton,Leicester,Home,0,0,2,A,0
2019-11-30,2019/20,Brighton,Liverpool,Away,5,1,2,H,0
2019-12-05,2019/20,Brighton,Arsenal,Away,9,2,1,A,0
2019-12-08,2019/20,Brighton,Wolves,Home,4,2,2,D,0
2019-12-16,2019/20,Brighton,Crystal Palace,Away,10,1,1,D,0
2019-12-21,2019/20,Brighton,Sheffield United,Home,2,0,1,A,0
2019-12-26,2019/20,Brighton,Tottenham,Away,5,1,2,H,0
2019-12-28,2019/20,Brighton,Bournemouth,Home,6,2,0,H,0
2020-01-01,2019/20,Brighton,Chelsea,Home,5,1,1,D,0
2020-01-11,2019/20,Brighton,Everton,Away,2,0,1,H,0
2020-01-18,2019/20,Brighton,Aston Villa,Home,2,1,1,D,0
2020-01-21,2019/20,Brighton,Bournemouth,Away,8,1,3,H,0
2020-02-01,2019/20,Brighton,West Ham,Away,6,3,3,D,0
2020-02-08,2019/20,Brighton,Watford,Home,2,1,1,D,0
2020-02-22,2019/20,Brighton,Sheffield United,Away,2,1,1,D,0
2020-02-29,2019/20,Brighton,Crystal Palace,Home,8,0,1,A,0
2020-03-07,2019/20,Brighton,Wolves,Away,1,0,0,D,0
2020-06-20,2019/20,Brighton,Arsenal,Home,5,2,1,H,0
2020-06-23,2019/20,Brighton,Leicester,Away,2,0,0,D,0
2020-06-30,2019/20,Brighton,Man United,Home,2,0,3,A,0
2020-07-04,2019/20,Brighton,Norwich,Away,2,1,0,A,0
2020-07-08,2019/20,Brighton,Liverpool,Home,2,1,3,A,0
2020-07-11,2019/20,Brighton,Man City,Home,0,0,5,A,0
2020-07-16,2019/20,Brighton,Southampton,Away,2,1,1,D,0
2020-07-20,2019/20,Brighton,Newcastle,Home,3,0,0,D,0
2020-07-26,2019/20,Brighton,Burnley,Away,4,2,1,A,0
2020-09-14,2020/21,Brighton,Chelsea,Home,3,1,3,A,0
2020-09-20,2020/21,Brighton,Newcastle,Away,6,3,0,A,1
2020-09-26,2020/21,Brighton,Man United,Home,5,2,3,A,0
2020-10-03,2020/21,Brighton,Everton,Away,3,2,4,H,0
2020-10-18,2020/21,Brighton,Crystal Palace,Away,3,1,1,D,1
2020-10-26,2020/21,Brighton,West Brom,Home,3,1,1,D,0
2020-11-01,2020/21,Brighton,Tottenham,Away,2,1,2,H,0
2020-11-06,2020/21,Brighton,Burnley,Home,3,0,0,D,0
2020-11-21,2020/21,Brighton,Aston Villa,Away,3,2,1,A,1
2020-11-28,2020/21,Brighton,Liverpool,Home,3,1,1,D,0
2020-12-07,2020/21,Brighton,Southampton,Home,4,1,2,A,0
2020-12-13,2020/21,Brighton,Leicester,Away,4,0,3,H,0
2020-12-16,2020/21,Brighton,Fulham,Away,4,0,0,D,0
2020-12-20,2020/21,Brighton,Sheffield United,Home,5,1,1,D,0
2020-12-27,2020/21,Brighton,West Ham,Away,4,2,2,D,0
2020-12-29,2020/21,Brighton,Arsenal,Home,2,0,1,A,0
2021-01-02,2020/21,Brighton,Wolves,Home,4,3,3,D,0
2021-01-13,2020/21,Brighton,Man City,Away,1,0,1,H,0
2021-01-16,2020/21,Brighton,Leeds,Away,2,1,0,A,0
2021-01-27,2020/21,Brighton,Fulham,Home,5,0,0,D,0
2021-01-31,2020/21,Brighton,Tottenham,Home,5,1,0,H,0
2021-02-03,2020/21,Brighton,Liverpool,Away,4,1,0,A,0
2021-02-06,2020/21,Brighton,Burnley,Away,2,1,1,D,0
2021-02-13,2020/21,Brighton,Aston Villa,Home,9,0,0,D,0
2021-02-22,2020/21,Brighton,Crystal Palace,Home,5,1,2,A,0
2021-02-27,2020/21,Brighton,West Brom,Away,6,0,1,H,0
2021-03-06,2020/21,Brighton,Leicester,Home,2,1,2,A,0
2021-03-14,2020/21,Brighton,Southampton,Away,6,2,1,A,0
2021-03-20,2020/21,Brighton,Newcastle,Home,6,3,0,H,0
2021-04-04,2020/21,Brighton,Man United,Away,3,1,2,H,0
2021-04-12,2020/21,Brighton,Everton,Home,3,0,0,D,0
2021-04-20,2020/21,Brighton,Chelsea,Away,2,0,0,D,1
2021-04-24,2020/21,Brighton,Sheffield United,Away,4,0,1,H,0
2021-05-01,2020/21,Brighton,Leeds,Home,5,2,0,H,0
2021-05-09,2020/21,Brighton,Wolves,Away,3,1,2,H,2
2021-05-15,2020/21,Brighton,West Ham,Home,2,1,1,D,0
2021-05-18,2020/21,Brighton,Man City,Home,6,3,2,H,0
2021-05-23,2020/21,Brighton,Arsenal,Away,1,0,2,H,0
2021-08-14,2021/22,Brighton,Burnley,Away,8,2,1,A,0
2021-08-21,2021/22,Brighton,Watford,Home,3,2,0,H,0
2021-08-28,2021/22,Brighton,Everton,Home,3,0,2,A,0
2021-09-11,2021/22,Brighton,Brentford,Away,2,1,0,A,0
2021-09-19,2021/22,Brighton,Leicester,Home,5,2,1,H,0
2021-09-27,2021/22,Brighton,Crystal Palace,Away,4,1,1,D,0
2021-10-02,2021/22,Brighton,Arsenal,Home,2,0,0,D,0
2021-10-16,2021/22,Brighton,Norwich,Away,3,0,0,D,0
2021-10-23,2021/22,Brighton,Man City,Home,5,1,4,A,0
2021-10-30,2021/22,Brighton,Liverpool,Away,6,2,2,D,0
2021-11-06,2021/22,Brighton,Newcastle,Home,5,1,1,D,1
2021-11-20,2021/22,Brighton,Aston Villa,Away,2,0,2,H,0
2021-11-27,2021/22,Brighton,Leeds,Home,4,0,0,D,0
2021-12-01,2021/22,Brighton,West Ham,Away,3,1,1,D,0
2021-12-04,2021/22,Brighton,Southampton,Away,4,1,1,D,0
2021-12-15,2021/22,Brighton,Wolves,Home,2,0,1,A,0
2021-12-26,2021/22,Brighton,Brentford,Home,5,2,0,H,0
2021-12-29,2021/22,Brighton,Chelsea,Away,6,1,1,D,0
2022-01-02,2021/22,Brighton,Everton,Away,5,3,2,A,0
2022-01-14,2021/22,Brighton,Crystal Palace,Home,4,1,1,D,0
2022-01-18,2021/22,Brighton,Chelsea,Home,2,1,1,D,0
2022-01-23,2021/22,Brighton,Leicester,Away,5,1,1,D,0
2022-02-12,2021/22,Brighton,Watford,Away,6,2,0,A,0
2022-02-15,2021/22,Brighton,Man United,Away,3,0,2,H,1
2022-02-19,2021/22,Brighton,Burnley,Home,1,0,3,A,0
2022-02-26,2021/22,Brighton,Aston Villa,Home,1,0,2,A,0
2022-03-05,2021/22,Brighton,Newcastle,Away,4,1,2,H,0
2022-03-12,2021/22,Brighton,Liverpool,Home,3,0,2,A,0
2022-03-16,2021/22,Brighton,Tottenham,Home,0,0,2,A,0
2022-04-02,2021/22,Brighton,Norwich,Home,4,0,0,D,0
2022-04-09,2021/22,Brighton,Arsenal,Away,3,2,1,A,0
2022-04-16,2021/22,Brighton,Tottenham,Away,5,1,0,A,0
2022-04-20,2021/22,Brighton,Man City,Away,1,0,3,H,0
2022-04-24,2021/22,Brighton,Southampton,Home,5,2,2,D,0
2022-04-30,2021/22,Brighton,Wolves,Away,9,3,0,A,0
2022-05-07,2021/22,Brighton,Man United,Home,6,4,0,H,0
2022-05-15,2021/22,Brighton,Leeds,Away,6,1,1,D,0
2022-05-22,2021/22,Brighton,West Ham,Home,7,3,1,H,0
2022-08-07,2022/23,Brighton,Man United,Away,4,2,1,A,0
2022-08-13,2022/23,Brighton,Newcastle,Home,7,0,0,D,0
2022-08-21,2022/23,Brighton,West Ham,Away,2,2,0,A,0
2022-08-27,2022/23,Brighton,Leeds,Home,4,1,0,H,0
2022-08-30,2022/23,Brighton,Fulham,Away,4,1,2,H,0
2022-09-04,2022/23,Brighton,Leicester,Home,11,5,2,H,0
2022-10-01,2022/23,Brighton,Liverpool,Away,6,3,3,D,0
2022-10-08,2022/23,Brighton,Tottenham,Home,4,0,1,A,0
2022-10-14,2022/23,Brighton,Brentford,Away,7,0,2,H,0
2022-10-18,2022/23,Brighton,Nott'm Forest,Home,7,0,0,D,0
2022-10-22,2022/23,Brighton,Man City,Away,2,1,3,H,0
2022-10-29,2022/23,Brighton,Chelsea,Home,9,4,1,H,0
2022-11-05,2022/23,Brighton,Wolves,Away,8,3,2,A,0
2022-11-13,2022/23,Brighton,Aston Villa,Home,2,1,2,A,0
2022-12-26,2022/23,Brighton,Southampton,Away,4,3,1,A,0
2022-12-31,2022/23,Brighton,Arsenal,Home,5,2,4,A,0
2023-01-03,2022/23,Brighton,Everton,Away,8,4,1,A,0
2023-01-14,2022/23,Brighton,Liverpool,Home,9,3,0,H,0
2023-01-21,2022/23,Brighton,Leicester,Away,4,2,2,D,0
2023-02-04,2022/23,Brighton,Bournemouth,Home,6,1,0,H,0
2023-02-11,2022/23,Brighton,Crystal Palace,Away,7,1,1,D,0
2023-02-18,2022/23,Brighton,Fulham,Home,7,0,1,A,0
2023-03-04,2022/23,Brighton,West Ham,Home,9,4,0,H,0
2023-03-11,2022/23,Brighton,Leeds,Away,2,2,2,D,0
2023-03-15,2022/23,Brighton,Crystal Palace,Home,5,1,0,H,0
2023-04-01,2022/23,Brighton,Brentford,Home,15,3,3,D,0
2023-04-04,2022/23,Brighton,Bournemouth,Away,6,2,0,A,0
2023-04-08,2022/23,Brighton,Tottenham,Away,4,1,2,H,0
2023-04-15,2022/23,Brighton,Chelsea,Away,10,2,1,A,0
2023-04-26,2022/23,Brighton,Nott'm Forest,Away,7,1,3,H,0
2023-04-29,2022/23,Brighton,Wolves,Home,8,6,0,H,0
2023-05-04,2022/23,Brighton,Man United,Home,6,1,0,H,0
2023-05-08,2022/23,Brighton,Everton,Home,5,1,5,A,0
2023-05-14,2022/23,Brighton,Arsenal,Away,6,3,0,A,0
2023-05-18,2022/23,Brighton,Newcastle,Away,2,1,4,H,0
2023-05-21,2022/23,Brighton,Southampton,Home,8,3,1,H,0
2023-05-24,2022/23,Brighton,Man City,Home,7,1,1,D,0
2023-05-28,2022/23,Brighton,Aston Villa,Away,4,1,2,H,0
2023-08-12,2023/24,Brighton,Luton,Home,12,4,1,H,0
2023-08-19,2023/24,Brighton,Wolves,Away,8,4,1,A,0
2023-08-26,2023/24,Brighton,West Ham,Home,10,1,3,A,0
2023-09-02,2023/24,Brighton,Newcastle,Home,6,3,1,H,0
2023-09-16,2023/24,Brighton,Man United,Away,8,3,1,A,0
2023-09-24,2023/24,Brighton,Bournemouth,Home,4,3,1,H,0
2023-09-30,2023/24,Brighton,Aston Villa,Away,3,1,6,H,0
2023-10-08,2023/24,Brighton,Liverpool,Home,3,2,2,D,0
2023-10-21,2023/24,Brighton,Man City,Away,3,1,2,H,0
2023-10-29,2023/24,Brighton,Fulham,Home,7,1,1,D,0
2023-11-04,2023/24,Brighton,Everton,Away,2,1,1,D,0
2023-11-12,2023/24,Brighton,Sheffield United,Home,6,1,1,D,1
2023-11-25,2023/24,Brighton,Nott'm Forest,Away,5,3,2,A,1
2023-12-03,2023/24,Brighton,Chelsea,Away,9,2,3,H,0
2023-12-06,2023/24,Brighton,Brentford,Home,7,2,1,H,0
2023-12-09,2023/24,Brighton,Burnley,Home,11,1,1,D,0
2023-12-17,2023/24,Brighton,Arsenal,Away,1,0,2,H,0
2023-12-21,2023/24,Brighton,Crystal Palace,Away,6,1,1,D,0
2023-12-28,2023/24,Brighton,Tottenham,Home,9,4,2,H,0
2024-01-02,2023/24,Brighton,West Ham,Away,8,0,0,D,0
2024-01-22,2023/24,Brighton,Wolves,Home,4,0,0,D,0
2024-01-30,2023/24,Brighton,Luton,Away,2,0,4,H,0
2024-02-03,2023/24,Brighton,Crystal Palace,Home,6,4,1,H,0
2024-02-10,2023/24,Brighton,Tottenham,Away,3,1,2,H,0
2024-02-18,2023/24,Brighton,Sheffield United,Away,10,5,0,A,0
2024-02-24,2023/24,Brighton,Everton,Home,7,1,1,D,1
2024-03-02,2023/24,Brighton,Fulham,Away,5,0,3,H,0
2024-03-10,2023/24,Brighton,Nott'm Forest,Home,3,1,0,H,0
2024-03-31,2023/24,Brighton,Liverpool,Away,3,1,2,H,0
2024-04-03,2023/24,Brighton,Brentford,Away,6,0,0,D,0
2024-04-06,2023/24,Brighton,Arsenal,Home,2,0,3,A,0
2024-04-13,2023/24,Brighton,Burnley,Away,8,1,1,D,0
2024-04-25,2023/24,Brighton,Man City,Home,3,0,4,A,0
2024-04-28,2023/24,Brighton,Bournemouth,Away,1,0,3,H,0
2024-05-05,2023/24,Brighton,Aston Villa,Home,8,1,0,H,0
2024-05-11,2023/24,Brighton,Newcastle,Away,4,1,1,D,0
2024-05-15,2023/24,Brighton,Chelsea,Home,2,1,2,A,0
2024-05-19,2023/24,Brighton,Man United,Home,3,0,2,A,0
2024-08-17,2024/25,Brighton,Everton,Away,5,3,0,A,0
2024-08-24,2024/25,Brighton,Man United,Home,5,2,1,H,0
2024-08-31,2024/25,Brighton,Arsenal,Away,4,1,1,D,0
2024-09-14,2024/25,Brighton,Ipswich,Home,6,0,0,D,0
2024-09-22,2024/25,Brighton,Nott'm Forest,Home,3,2,2,D,0
2024-09-28,2024/25,Brighton,Chelsea,Away,5,2,4,H,0
2024-10-06,2024/25,Brighton,Tottenham,Home,4,3,2,H,0
2024-10-19,2024/25,Brighton,Newcastle,Away,5,1,0,A,0
2024-10-26,2024/25,Brighton,Wolves,Home,6,2,2,D,0
2024-11-02,2024/25,Brighton,Liverpool,Away,5,1,2,H,0
2024-11-09,2024/25,Brighton,Man City,Home,4,2,1,H,0
2024-11-23,2024/25,Brighton,Bournemouth,Away,4,2,1,A,1
2024-11-29,2024/25,Brighton,Southampton,Home,5,1,1,D,0
2024-12-05,2024/25,Brighton,Fulham,Away,3,1,3,H,0
2024-12-08,2024/25,Brighton,Leicester,Away,7,2,2,D,0
2024-12-15,2024/25,Brighton,Crystal Palace,Home,5,1,3,A,0
2024-12-21,2024/25,Brighton,West Ham,Away,6,1,1,D,0
2024-12-27,2024/25,Brighton,Brentford,Home,7,0,0,D,0
2024-12-30,2024/25,Brighton,Aston Villa,Away,4,2,2,D,0
2025-01-04,2024/25,Brighton,Arsenal,Home,4,1,1,D,0
2025-01-16,2024/25,Brighton,Ipswich,Away,5,2,0,A,0
2025-01-19,2024/25,Brighton,Man United,Away,3,3,1,A,0
2025-01-25,2024/25,Brighton,Everton,Home,1,0,1,A,0
2025-02-01,2024/25,Brighton,Nott'm Forest,Away,5,0,7,H,0
2025-02-14,2024/25,Brighton,Chelsea,Home,5,3,0,H,0
2025-02-22,2024/25,Brighton,Southampton,Away,12,4,0,A,0
2025-02-25,2024/25,Brighton,Bournemouth,Home,4,2,1,H,0
2025-03-08,2024/25,Brighton,Fulham,Home,4,2,1,H,0
2025-03-15,2024/25,Brighton,Man City,Away,3,2,2,D,0
2025-04-02,2024/25,Brighton,Aston Villa,Home,4,0,3,A,0
2025-04-05,2024/25,Brighton,Crystal Palace,Away,5,1,2,H,1
2025-04-12,2024/25,Brighton,Leicester,Home,7,2,2,D,0
2025-04-19,2024/25,Brighton,Brentford,Away,3,2,4,H,1
2025-04-26,2024/25,Brighton,West Ham,Home,9,3,2,H,0
2025-05-04,2024/25,Brighton,Newcastle,Home,2,1,1,D,0
2009-08-15,2009/10,Burnley,Stoke,Away,5,0,2,H,0
2009-08-19,2009/10,Burnley,Man United,Home,2,1,0,H,0
2009-08-23,2009/10,Burnley,Everton,Home,4,1,0,H,0
2009-08-29,2009/10,Burnley,Chelsea,Away,0,0,3,H,0
2009-09-12,2009/10,Burnley,Liverpool,Away,3,0,4,H,0
2009-09-19,2009/10,Burnley,Sunderland,Home,3,3,1,H,0
2009-09-26,2009/10,Burnley,Tottenham,Away,7,0,5,H,0
2009-10-03,2009/10,Burnley,Birmingham,Home,13,2,1,H,0
2009-10-18,2009/10,Burnley,Blackburn,Away,5,2,3,H,0
2009-10-24,2009/10,Burnley,Wigan,Home,9,1,3,A,0
2009-10-31,2009/10,Burnley,Hull,Home,5,2,0,H,0
2009-11-07,2009/10,Burnley,Man City,Away,4,3,3,D,0
2009-11-21,2009/10,Burnley,Aston Villa,Home,6,1,1,D,0
2009-11-28,2009/10,Burnley,West Ham,Away,10,3,5,H,1
2009-12-05,2009/10,Burnley,Portsmouth,Away,8,0,2,H,0
2009-12-12,2009/10,Burnley,Fulham,Home,8,1,1,D,0
2009-12-16,2009/10,Burnley,Arsenal,Home,3,1,1,D,0
2009-12-20,2009/10,Burnley,Wolves,Away,6,0,2,H,0
2009-12-26,2009/10,Burnley,Bolton,Home,7,1,1,D,0
2009-12-28,2009/10,Burnley,Everton,Away,9,0,2,H,1
2010-01-16,2009/10,Burnley,Man United,Away,5,0,3,H,0
2010-01-26,2009/10,Burnley,Bolton,Away,5,0,1,H,0
2010-01-30,2009/10,Burnley,Chelsea,Home,3,1,2,A,0
2010-02-06,2009/10,Burnley,West Ham,Home,4,2,1,H,0
2010-02-09,2009/10,Burnley,Fulham,Away,3,0,3,H,0
2010-02-21,2009/10,Burnley,Aston Villa,Away,10,2,5,H,0
2010-02-27,2009/10,Burnley,Portsmouth,Home,8,1,2,A,0
2010-03-06,2009/10,Burnley,Arsenal,Away,5,1,3,H,0
2010-03-10,2009/10,Burnley,Stoke,Home,3,1,1,D,0
2010-03-13,2009/10,Burnley,Wolves,Home,11,1,2,A,0
2010-03-20,2009/10,Burnley,Wigan,Away,8,0,1,H,0
2010-03-28,2009/10,Burnley,Blackburn,Home,3,0,1,A,0
2010-04-03,2009/10,Burnley,Man City,Home,7,1,6,A,0
2010-04-10,2009/10,Burnley,Hull,Away,7,4,1,A,0
2010-04-17,2009/10,Burnley,Sunderland,Away,4,1,2,H,0
2010-04-25,2009/10,Burnley,Liverpool,Home,6,0,4,A,0
2010-05-01,2009/10,Burnley,Birmingham,Away,7,1,2,H,0
2010-05-09,2009/10,Burnley,Tottenham,Home,12,4,2,H,0
2014-08-18,2014/15,Burnley,Chelsea,Home,2,1,3,A,0
2014-08-23,2014/15,Burnley,Swansea,Away,1,0,1,H,0
2014-08-30,2014/15,Burnley,Man United,Home,3,0,0,D,0
2014-09-13,2014/15,Burnley,Crystal Palace,Away,3,0,0,D,0
2014-09-20,2014/15,Burnley,Sunderland,Home,6,0,0,D,0
2014-09-28,2014/15,Burnley,West Brom,Away,2,0,4,H,0
2014-10-04,2014/15,Burnley,Leicester,Away,4,2,2,D,0
2014-10-18,2014/15,Burnley,West Ham,Home,3,1,3,A,0
2014-10-26,2014/15,Burnley,Everton,Home,3,1,3,A,0
2014-11-01,2014/15,Burnley,Arsenal,Away,2,0,3,H,0
2014-11-08,2014/15,Burnley,Hull,Home,3,1,0,H,0
2014-11-22,2014/15,Burnley,Stoke,Away,4,2,1,A,0
2014-11-29,2014/15,Burnley,Aston Villa,Home,4,1,1,D,0
2014-12-02,2014/15,Burnley,Newcastle,Home,2,1,1,D,0
2014-12-06,2014/15,Burnley,QPR,Away,3,0,2,H,0
2014-12-13,2014/15,Burnley,Southampton,Home,2,1,0,H,0
2014-12-20,2014/15,Burnley,Tottenham,Away,5,1,2,H,0
2014-12-26,2014/15,Burnley,Liverpool,Home,0,0,1,A,0
2014-12-28,2014/15,Burnley,Man City,Away,3,2,2,D,0
2015-01-01,2014/15,Burnley,Newcastle,Away,4,3,3,D,0
2015-01-10,2014/15,Burnley,QPR,Home,7,2,1,H,0
2015-01-17,2014/15,Burnley,Crystal Palace,Home,4,2,3,A,0
2015-01-31,2014/15,Burnley,Sunderland,Away,4,0,2,H,0
2015-02-08,2014/15,Burnley,West Brom,Home,5,2,2,D,0
2015-02-11,2014/15,Burnley,Man United,Away,3,1,3,H,0
2015-02-21,2014/15,Burnley,Chelsea,Away,5,1,1,D,0
2015-02-28,2014/15,Burnley,Swansea,Home,6,0,1,A,0
2015-03-04,2014/15,Burnley,Liverpool,Away,1,0,2,H,0
2015-03-14,2014/15,Burnley,Man City,Home,4,1,0,H,0
2015-03-21,2014/15,Burnley,Southampton,Away,3,0,2,H,0
2015-04-05,2014/15,Burnley,Tottenham,Home,4,0,0,D,0
2015-04-11,2014/15,Burnley,Arsenal,Home,4,0,1,A,0
2015-04-18,2014/15,Burnley,Everton,Away,1,0,1,H,1
2015-04-25,2014/15,Burnley,Leicester,Home,4,0,1,A,0
2015-05-02,2014/15,Burnley,West Ham,Away,2,0,1,H,1
2015-05-09,2014/15,Burnley,Hull,Away,2,1,0,A,0
2015-05-16,2014/15,Burnley,Stoke,Home,4,0,0,D,0
2015-05-24,2014/15,Burnley,Aston Villa,Away,3,1,0,A,0
2016-08-13,2016/17,Burnley,Swansea,Home,3,0,1,A,0
2016-08-20,2016/17,Burnley,Liverpool,Home,2,2,0,H,0
2016-08-27,2016/17,Burnley,Chelsea,Away,0,0,3,H,0
2016-09-10,2016/17,Burnley,Hull,Home,2,1,1,D,0
2016-09-17,2016/17,Burnley,Leicester,Away,2,0,3,H,0
2016-09-26,2016/17,Burnley,Watford,Home,4,2,0,H,0
2016-10-02,2016/17,Burnley,Arsenal,Home,1,0,1,A,0
2016-10-16,2016/17,Burnley,Southampton,Away,1,1,3,H,0
2016-10-22,2016/17,Burnley,Everton,Home,3,2,1,H,0
2016-10-29,2016/17,Burnley,Man United,Away,1,0,0,D,0
2016-11-05,2016/17,Burnley,Crystal Palace,Home,7,3,2,H,0
2016-11-21,2016/17,Burnley,West Brom,Away,2,0,4,H,0
2016-11-26,2016/17,Burnley,Man City,Home,5,1,2,A,0
2016-12-03,2016/17,Burnley,Stoke,Away,4,0,2,H,0
2016-12-10,2016/17,Burnley,Bournemouth,Home,7,3,2,H,0
2016-12-14,2016/17,Burnley,West Ham,Away,2,0,1,H,0
2016-12-18,2016/17,Burnley,Tottenham,Away,2,1,2,H,0
2016-12-26,2016/17,Burnley,Middlesbrough,Home,4,1,0,H,0
2016-12-31,2016/17,Burnley,Sunderland,Home,6,4,1,H,0
2017-01-02,2016/17,Burnley,Man City,Away,3,1,2,H,0
2017-01-14,2016/17,Burnley,Southampton,Home,3,1,0,H,0
2017-01-22,2016/17,Burnley,Arsenal,Away,7,1,2,H,0
2017-01-31,2016/17,Burnley,Leicester,Home,3,1,0,H,0
2017-02-04,2016/17,Burnley,Watford,Away,7,1,2,H,1
2017-02-12,2016/17,Burnley,Chelsea,Home,4,1,1,D,0
2017-02-25,2016/17,Burnley,Hull,Away,3,1,1,D,1
2017-03-04,2016/17,Burnley,Swansea,Away,4,2,3,H,0
2017-03-12,2016/17,Burnley,Liverpool,Away,1,1,2,H,0
2017-03-18,2016/17,Burnley,Sunderland,Away,3,0,0,D,0
2017-04-01,2016/17,Burnley,Tottenham,Home,2,0,2,A,0
2017-04-04,2016/17,Burnley,Stoke,Home,3,1,0,H,0
2017-04-08,2016/17,Burnley,Middlesbrough,Away,2,0,0,D,0
2017-04-15,2016/17,Burnley,Everton,Away,6,1,3,H,0
2017-04-23,2016/17,Burnley,Man United,Home,0,0,2,A,0
2017-04-29,2016/17,Burnley,Crystal Palace,Away,3,2,0,A,0
2017-05-06,2016/17,Burnley,West Brom,Home,4,2,2,D,0
2017-05-13,2016/17,Burnley,Bournemouth,Away,3,1,2,H,0
2017-05-21,2016/17,Burnley,West Ham,Home,1,1,2,A,0
2017-08-12,2017/18,Burnley,Chelsea,Away,5,3,2,A,0
2017-08-19,2017/18,Burnley,West Brom,Home,0,0,1,A,0
2017-08-27,2017/18,Burnley,Tottenham,Away,3,1,1,D,0
2017-09-10,2017/18,Burnley,Crystal Palace,Home,2,1,0,H,0
2017-09-16,2017/18,Burnley,Liverpool,Away,4,1,1,D,0
2017-09-23,2017/18,Burnley,Huddersfield,Home,3,0,0,D,0
2017-10-01,2017/18,Burnley,Everton,Away,2,1,0,A,0
2017-10-14,2017/18,Burnley,West Ham,Home,5,1,1,D,0
2017-10-21,2017/18,Burnley,Man City,Away,0,0,3,H,0
2017-10-30,2017/18,Burnley,Newcastle,Home,5,1,0,H,0
2017-11-04,2017/18,Burnley,Southampton,Away,1,1,0,A,0
2017-11-18,2017/18,Burnley,Swansea,Home,7,2,0,H,0
2017-11-26,2017/18,Burnley,Arsenal,Home,2,0,1,A,0
2017-11-29,2017/18,Burnley,Bournemouth,Away,4,2,1,A,0
2017-12-02,2017/18,Burnley,Leicester,Away,4,0,1,H,0
2017-12-09,2017/18,Burnley,Watford,Home,5,1,0,H,0
2017-12-12,2017/18,Burnley,Stoke,Home,2,1,0,H,0
2017-12-16,2017/18,Burnley,Brighton,Away,6,0,0,D,0
2017-12-23,2017/18,Burnley,Tottenham,Home,2,0,3,A,0
2017-12-26,2017/18,Burnley,Man United,Away,2,2,2,D,0
2017-12-30,2017/18,Burnley,Huddersfield,Away,4,0,0,D,0
2018-01-01,2017/18,Burnley,Liverpool,Home,4,1,2,A,0
2018-01-13,2017/18,Burnley,Crystal Palace,Away,2,0,1,H,0
2018-01-20,2017/18,Burnley,Man United,Home,2,0,1,A,0
2018-01-31,2017/18,Burnley,Newcastle,Away,2,1,1,D,0
2018-02-03,2017/18,Burnley,Man City,Home,3,1,1,D,0
2018-02-10,2017/18,Burnley,Swansea,Away,1,0,1,H,0
2018-02-24,2017/18,Burnley,Southampton,Home,3,1,1,D,0
2018-03-03,2017/18,Burnley,Everton,Home,8,2,1,H,0
2018-03-10,2017/18,Burnley,West Ham,Away,4,3,0,A,0
2018-03-31,2017/18,Burnley,West Brom,Away,4,2,1,A,0
2018-04-07,2017/18,Burnley,Watford,Away,4,2,1,A,0
2018-04-14,2017/18,Burnley,Leicester,Home,3,2,1,H,0
2018-04-19,2017/18,Burnley,Chelsea,Home,2,1,2,A,0
2018-04-22,2017/18,Burnley,Stoke,Away,7,1,1,D,0
2018-04-28,2017/18,Burnley,Brighton,Home,4,0,0,D,0
2018-05-06,2017/18,Burnley,Arsenal,Away,2,0,5,H,0
2018-05-13,2017/18,Burnley,Bournemouth,Home,4,1,2,A,0
2018-08-12,2018/19,Burnley,Southampton,Away,6,0,0,D,0
2018-08-19,2018/19,Burnley,Watford,Home,3,1,3,A,0
2018-08-26,2018/19,Burnley,Fulham,Away,2,2,4,H,0
2018-09-02,2018/19,Burnley,Man United,Home,2,0,2,A,0
2018-09-16,2018/19,Burnley,Wolves,Away,2,0,1,H,0
2018-09-22,2018/19,Burnley,Bournemouth,Home,5,4,0,H,0
2018-09-30,2018/19,Burnley,Cardiff,Away,2,2,1,A,0
2018-10-06,2018/19,Burnley,Huddersfield,Home,3,1,1,D,0
2018-10-20,2018/19,Burnley,Man City,Away,0,0,5,H,0
2018-10-28,2018/19,Burnley,Chelsea,Home,1,0,4,A,0
2018-11-03,2018/19,Burnley,West Ham,Away,3,2,4,H,0
2018-11-10,2018/19,Burnley,Leicester,Away,1,0,0,D,0
2018-11-26,2018/19,Burnley,Newcastle,Home,4,1,2,A,0
2018-12-01,2018/19,Burnley,Crystal Palace,Away,0,0,2,H,0
2018-12-05,2018/19,Burnley,Liverpool,Home,6,1,3,A,0
2018-12-08,2018/19,Burnley,Brighton,Home,4,1,0,H,0
2018-12-15,2018/19,Burnley,Tottenham,Away,0,0,1,H,0
2018-12-22,2018/19,Burnley,Arsenal,Away,2,1,3,H,0
2018-12-26,2018/19,Burnley,Everton,Home,4,1,5,A,0
2018-12-30,2018/19,Burnley,West Ham,Home,5,2,0,H,0
2019-01-02,2018/19,Burnley,Huddersfield,Away,8,2,1,A,1
2019-01-12,2018/19,Burnley,Fulham,Home,0,2,1,H,0
2019-01-19,2018/19,Burnley,Watford,Away,3,0,0,D,0
2019-01-29,2018/19,Burnley,Man United,Away,4,2,2,D,0
2019-02-02,2018/19,Burnley,Southampton,Home,6,1,1,D,0
2019-02-09,2018/19,Burnley,Brighton,Away,5,3,1,A,0
2019-02-23,2018/19,Burnley,Tottenham,Home,4,2,1,H,0
2019-02-26,2018/19,Burnley,Newcastle,Away,2,0,2,H,0
2019-03-02,2018/19,Burnley,Crystal Palace,Home,4,1,3,A,0
2019-03-10,2018/19,Burnley,Liverpool,Away,2,2,4,H,0
2019-03-16,2018/19,Burnley,Leicester,Home,2,1,2,A,0
2019-03-30,2018/19,Burnley,Wolves,Home,1,2,0,H,0
2019-04-06,2018/19,Burnley,Bournemouth,Away,3,3,1,A,0
2019-04-13,2018/19,Burnley,Cardiff,Home,7,2,0,H,0
2019-04-22,2018/19,Burnley,Chelsea,Away,3,2,2,D,0
2019-04-28,2018/19,Burnley,Man City,Home,0,0,1,A,0
2019-05-03,2018/19,Burnley,Everton,Away,1,0,2,H,0
2019-05-12,2018/19,Burnley,Arsenal,Home,5,1,3,A,0
2019-08-10,2019/20,Burnley,Southampton,Home,4,3,0,H,0
2019-08-17,2019/20,Burnley,Arsenal,Away,5,1,2,H,0
2019-08-25,2019/20,Burnley,Wolves,Away,4,1,1,D,0
2019-08-31,2019/20,Burnley,Liverpool,Home,2,0,3,A,0
2019-09-14,2019/20,Burnley,Brighton,Away,1,1,1,D,0
2019-09-21,2019/20,Burnley,Norwich,Home,6,2,0,H,0
2019-09-28,2019/20,Burnley,Aston Villa,Away,3,2,2,D,0
2019-10-05,2019/20,Burnley,Everton,Home,3,1,0,H,0
2019-10-19,2019/20,Burnley,Leicester,Away,4,1,2,H,0
2019-10-26,2019/20,Burnley,Chelsea,Home,5,2,4,A,0
2019-11-02,2019/20,Burnley,Sheffield United,Away,0,0,3,H,0
2019-11-09,2019/20,Burnley,West Ham,Home,12,3,0,H,0
2019-11-23,2019/20,Burnley,Watford,Away,5,3,0,A,0
2019-11-30,2019/20,Burnley,Crystal Palace,Home,4,0,2,A,0
2019-12-03,2019/20,Burnley,Man City,Home,2,1,4,A,0
2019-12-07,2019/20,Burnley,Tottenham,Away,1,0,5,H,0
2019-12-14,2019/20,Burnley,Newcastle,Home,4,1,0,H,0
2019-12-21,2019/20,Burnley,Bournemouth,Away,1,1,0,A,0
2019-12-26,2019/20,Burnley,Everton,Away,0,0,1,H,0
2019-12-28,2019/20,Burnley,Man United,Home,1,0,2,A,0
2020-01-01,2019/20,Burnley,Aston Villa,Home,1,1,2,A,0
2020-01-11,2019/20,Burnley,Chelsea,Away,2,0,3,H,0
2020-01-19,2019/20,Burnley,Leicester,Home,5,2,1,H,0
2020-01-22,2019/20,Burnley,Man United,Away,2,2,0,A,0
2020-02-02,2019/20,Burnley,Arsenal,Home,2,0,0,D,0
2020-02-15,2019/20,Burnley,Southampton,Away,6,2,1,A,0
2020-02-22,2019/20,Burnley,Bournemouth,Home,10,3,0,H,0
2020-02-29,2019/20,Burnley,Newcastle,Away,1,0,0,D,0
2020-03-07,2019/20,Burnley,Tottenham,Home,8,1,1,D,0
2020-06-22,2019/20,Burnley,Man City,Away,0,0,5,H,0
2020-06-25,2019/20,Burnley,Watford,Home,5,1,0,H,0
2020-06-29,2019/20,Burnley,Crystal Palace,Away,4,1,0,A,0
2020-07-05,2019/20,Burnley,Sheffield United,Home,4,1,1,D,0
2020-07-08,2019/20,Burnley,West Ham,Away,4,1,0,A,0
2020-07-11,2019/20,Burnley,Liverpool,Away,2,1,1,D,0
2020-07-15,2019/20,Burnley,Wolves,Home,1,1,1,D,0
2020-07-18,2019/20,Burnley,Norwich,Away,8,2,0,A,0
2020-07-26,2019/20,Burnley,Brighton,Home,2,1,2,A,0
2020-09-20,2020/21,Burnley,Leicester,Away,5,2,4,H,0
2020-09-26,2020/21,Burnley,Southampton,Home,2,0,1,A,0
2020-10-03,2020/21,Burnley,Newcastle,Away,3,1,3,H,0
2020-10-19,2020/21,Burnley,West Brom,Away,4,0,0,D,0
2020-10-26,2020/21,Burnley,Tottenham,Home,4,0,1,A,0
2020-10-31,2020/21,Burnley,Chelsea,Home,0,0,3,A,0
2020-11-06,2020/21,Burnley,Brighton,Away,1,0,0,D,0
2020-11-23,2020/21,Burnley,Crystal Palace,Home,4,1,0,H,0
2020-11-28,2020/21,Burnley,Man City,Away,1,0,5,H,0
2020-12-05,2020/21,Burnley,Everton,Home,3,1,1,D,0
2020-12-13,2020/21,Burnley,Arsenal,Away,2,1,0,A,0
2020-12-17,2020/21,Burnley,Aston Villa,Away,4,0,0,D,0
2020-12-21,2020/21,Burnley,Wolves,Home,4,2,1,H,0
2020-12-27,2020/21,Burnley,Leeds,Away,6,0,1,H,0
2020-12-29,2020/21,Burnley,Sheffield United,Home,3,1,0,H,0
2021-01-12,2020/21,Burnley,Man United,Home,0,0,1,A,0
2021-01-16,2020/21,Burnley,West Ham,Away,2,0,1,H,0
2021-01-21,2020/21,Burnley,Liverpool,Away,4,1,0,A,0
2021-01-27,2020/21,Burnley,Aston Villa,Home,5,3,2,H,0
2021-01-31,2020/21,Burnley,Chelsea,Away,0,0,2,H,0
2021-02-03,2020/21,Burnley,Man City,Home,0,0,2,A,0
2021-02-06,2020/21,Burnley,Brighton,Home,7,1,1,D,0
2021-02-13,2020/21,Burnley,Crystal Palace,Away,4,3,0,A,0
2021-02-17,2020/21,Burnley,Fulham,Home,3,1,1,D,0
2021-02-20,2020/21,Burnley,West Brom,Home,1,0,0,D,0
2021-02-28,2020/21,Burnley,Tottenham,Away,3,0,4,H,0
2021-03-03,2020/21,Burnley,Leicester,Home,7,1,1,D,0
2021-03-06,2020/21,Burnley,Arsenal,Home,5,1,1,D,0
2021-03-13,2020/21,Burnley,Everton,Away,5,2,1,A,0
2021-04-04,2020/21,Burnley,Southampton,Away,5,2,3,H,0
2021-04-11,2020/21,Burnley,Newcastle,Home,4,1,2,A,0
2021-04-18,2020/21,Burnley,Man United,Away,3,1,3,H,0
2021-04-25,2020/21,Burnley,Wolves,Away,7,4,0,A,0
2021-05-03,2020/21,Burnley,West Ham,Home,3,1,2,A,0
2021-05-10,2020/21,Burnley,Fulham,Away,5,2,0,A,0
2021-05-15,2020/21,Burnley,Leeds,Home,4,0,4,A,0
2021-05-19,2020/21,Burnley,Liverpool,Home,4,0,3,A,0
2021-05-23,2020/21,Burnley,Sheffield United,Away,3,0,1,H,0
2021-08-14,2021/22,Burnley,Brighton,Home,3,1,2,A,0
2021-08-21,2021/22,Burnley,Liverpool,Away,3,0,2,H,0
2021-08-29,2021/22,Burnley,Leeds,Home,3,1,1,D,0
2021-09-13,2021/22,Burnley,Everton,Away,6,1,3,H,0
2021-09-18,2021/22,Burnley,Arsenal,Home,3,0,1,A,0
2021-09-25,2021/22,Burnley,Leicester,Away,3,2,2,D,0
2021-10-02,2021/22,Burnley,Norwich,Home,4,0,0,D,0
2021-10-16,2021/22,Burnley,Man City,Away,2,0,2,H,0
2021-10-23,2021/22,Burnley,Southampton,Away,5,2,2,D,0
2021-10-30,2021/22,Burnley,Brentford,Home,6,3,1,H,0
2021-11-06,2021/22,Burnley,Chelsea,Away,2,1,1,D,0
2021-11-20,2021/22,Burnley,Crystal Palace,Home,9,3,3,D,0
2021-12-01,2021/22,Burnley,Wolves,Away,1,0,0,D,0
2021-12-04,2021/22,Burnley,Newcastle,Away,1,0,1,H,0
2021-12-12,2021/22,Burnley,West Ham,Home,1,0,0,D,0
2021-12-30,2021/22,Burnley,Man United,Away,3,1,3,H,0
2022-01-02,2021/22,Burnley,Leeds,Away,2,1,3,H,0
2022-01-23,2021/22,Burnley,Arsenal,Away,1,0,0,D,0
2022-02-05,2021/22,Burnley,Watford,Home,2,0,0,D,0
2022-02-08,2021/22,Burnley,Man United,Home,3,1,1,D,0
2022-02-13,2021/22,Burnley,Liverpool,Home,5,0,1,A,0
2022-02-19,2021/22,Burnley,Brighton,Away,4,3,0,A,0
2022-02-23,2021/22,Burnley,Tottenham,Home,4,1,0,H,0
2022-02-26,2021/22,Burnley,Crystal Palace,Away,1,1,1,D,0
2022-03-01,2021/22,Burnley,Leicester,Home,2,0,2,A,0
2022-03-05,2021/22,Burnley,Chelsea,Home,1,0,4,A,0
2022-03-12,2021/22,Burnley,Brentford,Away,1,0,2,H,1
2022-04-02,2021/22,Burnley,Man City,Home,1,0,2,A,0
2022-04-06,2021/22,Burnley,Everton,Home,4,3,2,H,0
2022-04-10,2021/22,Burnley,Norwich,Away,4,0,2,H,0
2022-04-17,2021/22,Burnley,West Ham,Away,1,1,1,D,0
2022-04-21,2021/22,Burnley,Southampton,Home,6,2,0,H,0
2022-04-24,2021/22,Burnley,Wolves,Home,5,1,0,H,0
2022-04-30,2021/22,Burnley,Watford,Away,6,2,1,A,0
2022-05-07,2021/22,Burnley,Aston Villa,Home,6,1,3,A,0
2022-05-15,2021/22,Burnley,Tottenham,Away,1,0,1,H,0
2022-05-19,2021/22,Burnley,Aston Villa,Away,5,1,1,D,1
2022-05-22,2021/22,Burnley,Newcastle,Home,5,1,2,A,0
2023-08-11,2023/24,Burnley,Man City,Home,1,0,3,A,1
2023-08-27,2023/24,Burnley,Aston Villa,Home,2,1,3,A,0
2023-09-02,2023/24,Burnley,Tottenham,Home,4,2,5,A,0
2023-09-18,2023/24,Burnley,Nott'm Forest,Away,3,1,1,D,1
2023-09-23,2023/24,Burnley,Man United,Home,4,0,1,A,0
2023-09-30,2023/24,Burnley,Newcastle,Away,2,0,2,H,0
2023-10-03,2023/24,Burnley,Luton,Away,4,2,1,A,0
2023-10-07,2023/24,Burnley,Chelsea,Home,3,1,4,A,0
2023-10-21,2023/24,Burnley,Brentford,Away,1,0,3,H,1
2023-10-28,2023/24,Burnley,Bournemouth,Away,3,1,2,H,0
2023-11-04,2023/24,Burnley,Crystal Palace,Home,5,0,2,A,0
2023-11-11,2023/24,Burnley,Arsenal,Away,5,1,3,H,0
2023-11-25,2023/24,Burnley,West Ham,Home,5,1,2,A,0
2023-12-02,2023/24,Burnley,Sheffield United,Home,7,5,0,H,0
2023-12-05,2023/24,Burnley,Wolves,Away,3,0,1,H,0
2023-12-09,2023/24,Burnley,Brighton,Away,3,1,1,D,0
2023-12-16,2023/24,Burnley,Everton,Home,2,0,2,A,0
2023-12-23,2023/24,Burnley,Fulham,Away,2,2,0,A,0
2023-12-26,2023/24,Burnley,Liverpool,Home,0,0,2,A,0
2023-12-30,2023/24,Burnley,Aston Villa,Away,5,2,3,H,1
2024-01-12,2023/24,Burnley,Luton,Home,7,1,1,D,0
2024-01-31,2023/24,Burnley,Man City,Away,3,1,3,H,0
2024-02-03,2023/24,Burnley,Fulham,Home,4,2,2,D,0
2024-02-10,2023/24,Burnley,Liverpool,Away,4,1,3,H,0
2024-02-17,2023/24,Burnley,Arsenal,Home,0,0,5,A,0
2024-02-24,2023/24,Burnley,Crystal Palace,Away,0,0,3,H,1
2024-03-03,2023/24,Burnley,Bournemouth,Home,6,0,2,A,0
2024-03-10,2023/24,Burnley,West Ham,Away,4,2,2,D,0
2024-03-16,2023/24,Burnley,Brentford,Home,6,2,1,H,0
2024-03-30,2023/24,Burnley,Chelsea,Away,7,2,2,D,1
2024-04-02,2023/24,Burnley,Wolves,Home,6,1,1,D,0
2024-04-06,2023/24,Burnley,Everton,Away,1,0,1,H,1
2024-04-13,2023/24,Burnley,Brighton,Home,3,1,1,D,0
2024-04-20,2023/24,Burnley,Sheffield United,Away,9,4,1,A,0
2024-04-27,2023/24,Burnley,Man United,Away,7,1,1,D,0
2024-05-04,2023/24,Burnley,Newcastle,Home,5,1,4,A,0
2024-05-11,2023/24,Burnley,Tottenham,Away,3,1,2,H,0
2024-05-19,2023/24,Burnley,Nott'm Forest,Home,3,1,2,A,0
2013-08-17,2013/14,Cardiff,West Ham,Away,1,0,2,H,0
2013-08-25,2013/14,Cardiff,Man City,Home,6,3,2,H,0
2013-08-31,2013/14,Cardiff,Everton,Home,1,0,0,D,0
2013-09-14,2013/14,Cardiff,Hull,Away,2,1,1,D,0
2013-09-22,2013/14,Cardiff,Tottenham,Home,0,0,1,A,0
2013-09-28,2013/14,Cardiff,Fulham,Away,4,2,1,A,0
2013-10-05,2013/14,Cardiff,Newcastle,Home,2,1,2,A,0
2013-10-19,2013/14,Cardiff,Chelsea,Away,3,1,4,H,0
2013-10-26,2013/14,Cardiff,Norwich,Away,4,0,0,D,0
2013-11-03,2013/14,Cardiff,Swansea,Home,3,1,0,H,0
2013-11-09,2013/14,Cardiff,Aston Villa,Away,2,0,2,H,0
2013-11-24,2013/14,Cardiff,Man United,Home,4,2,2,D,0
2013-11-30,2013/14,Cardiff,Arsenal,Home,4,0,3,A,0
2013-12-04,2013/14,Cardiff,Stoke,Away,3,0,0,D,0
2013-12-07,2013/14,Cardiff,Crystal Palace,Away,2,0,2,H,0
2013-12-14,2013/14,Cardiff,West Brom,Home,3,1,0,H,0
2013-12-21,2013/14,Cardiff,Liverpool,Away,3,1,3,H,0
2013-12-26,2013/14,Cardiff,Southampton,Home,0,0,3,A,0
2013-12-28,2013/14,Cardiff,Sunderland,Home,7,2,2,D,0
2014-01-01,2013/14,Cardiff,Arsenal,Away,2,0,2,H,0
2014-01-11,2013/14,Cardiff,West Ham,Home,7,0,2,A,0
2014-01-18,2013/14,Cardiff,Man City,Away,6,2,4,H,0
2014-01-28,2013/14,Cardiff,Man United,Away,1,0,2,H,0
2014-02-01,2013/14,Cardiff,Norwich,Home,5,2,1,H,0
2014-02-08,2013/14,Cardiff,Swansea,Away,1,0,3,H,0
2014-02-11,2013/14,Cardiff,Aston Villa,Home,3,0,0,D,0
2014-02-22,2013/14,Cardiff,Hull,Home,5,0,4,A,0
2014-03-02,2013/14,Cardiff,Tottenham,Away,2,0,1,H,0
2014-03-08,2013/14,Cardiff,Fulham,Home,9,3,1,H,0
2014-03-15,2013/14,Cardiff,Everton,Away,3,1,2,H,0
2014-03-22,2013/14,Cardiff,Liverpool,Home,3,3,6,A,0
2014-03-29,2013/14,Cardiff,West Brom,Away,5,3,3,D,0
2014-04-05,2013/14,Cardiff,Crystal Palace,Home,4,0,3,A,0
2014-04-12,2013/14,Cardiff,Southampton,Away,4,1,0,A,0
2014-04-19,2013/14,Cardiff,Stoke,Home,4,1,1,D,0
2014-04-27,2013/14,Cardiff,Sunderland,Away,1,0,4,H,1
2014-05-03,2013/14,Cardiff,Newcastle,Away,3,0,3,H,0
2014-05-11,2013/14,Cardiff,Chelsea,Home,4,1,2,A,0
2018-08-11,2018/19,Cardiff,Bournemouth,Away,1,0,2,H,0
2018-08-18,2018/19,Cardiff,Newcastle,Home,1,0,0,D,0
2018-08-25,2018/19,Cardiff,Huddersfield,Away,4,0,0,D,0
2018-09-02,2018/19,Cardiff,Arsenal,Home,3,2,3,A,0
2018-09-15,2018/19,Cardiff,Chelsea,Away,2,1,4,H,0
2018-09-22,2018/19,Cardiff,Man City,Home,2,0,5,A,0
2018-09-30,2018/19,Cardiff,Burnley,Home,5,1,2,A,0
2018-10-06,2018/19,Cardiff,Tottenham,Away,6,0,1,H,1
2018-10-20,2018/19,Cardiff,Fulham,Home,5,4,2,H,0
2018-10-27,2018/19,Cardiff,Liverpool,Away,1,1,4,H,0
2018-11-03,2018/19,Cardiff,Leicester,Home,2,0,1,A,0
2018-11-10,2018/19,Cardiff,Brighton,Home,6,2,1,H,0
2018-11-24,2018/19,Cardiff,Everton,Away,1,0,1,H,0
2018-11-30,2018/19,Cardiff,Wolves,Home,3,2,1,H,0
2018-12-04,2018/19,Cardiff,West Ham,Away,5,1,3,H,0
2018-12-08,2018/19,Cardiff,Southampton,Home,4,1,0,H,0
2018-12-15,2018/19,Cardiff,Watford,Away,3,2,3,H,0
2018-12-22,2018/19,Cardiff,Man United,Home,3,1,5,A,0
2018-12-26,2018/19,Cardiff,Crystal Palace,Away,4,0,0,D,0
2018-12-29,2018/19,Cardiff,Leicester,Away,3,1,0,A,0
2019-01-01,2018/19,Cardiff,Tottenham,Home,3,0,3,A,0
2019-01-12,2018/19,Cardiff,Huddersfield,Home,0,0,0,D,0
2019-01-19,2018/19,Cardiff,Newcastle,Away,1,0,3,H,0
2019-01-29,2018/19,Cardiff,Arsenal,Away,2,1,2,H,0
2019-02-02,2018/19,Cardiff,Bournemouth,Home,5,2,0,H,0
2019-02-09,2018/19,Cardiff,Southampton,Away,3,2,1,A,0
2019-02-22,2018/19,Cardiff,Watford,Home,6,1,5,A,0
2019-02-26,2018/19,Cardiff,Everton,Home,0,0,3,A,0
2019-03-02,2018/19,Cardiff,Wolves,Away,4,0,2,H,0
2019-03-09,2018/19,Cardiff,West Ham,Home,7,2,0,H,0
2019-03-31,2018/19,Cardiff,Chelsea,Home,3,1,2,A,0
2019-04-03,2018/19,Cardiff,Man City,Away,1,0,2,H,0
2019-04-13,2018/19,Cardiff,Burnley,Away,2,0,2,H,0
2019-04-16,2018/19,Cardiff,Brighton,Away,3,2,0,A,0
2019-04-21,2018/19,Cardiff,Liverpool,Home,2,0,2,A,0
2019-04-27,2018/19,Cardiff,Fulham,Away,8,0,1,H,0
2019-05-04,2018/19,Cardiff,Crystal Palace,Home,8,2,3,A,0
2019-05-12,2018/19,Cardiff,Man United,Away,4,2,0,A,0
2000-08-19,2000/01,Charlton,Man City,Home,14,4,0,H,0
2000-08-23,2000/01,Charlton,Everton,Away,4,0,3,H,1
2000-08-26,2000/01,Charlton,Arsenal,Away,4,3,5,H,0
2000-09-06,2000/01,Charlton,Southampton,Home,6,1,1,D,1
2000-09-10,2000/01,Charlton,Derby,Away,6,2,2,D,0
2000-09-16,2000/01,Charlton,Tottenham,Home,5,1,0,H,0
2000-09-23,2000/01,Charlton,Newcastle,Away,2,1,0,A,0
2000-09-30,2000/01,Charlton,Coventry,Home,8,2,2,D,0
2000-10-14,2000/01,Charlton,Leeds,Away,8,1,3,H,0
2000-10-21,2000/01,Charlton,Middlesbrough,Home,2,1,0,H,0
2000-10-28,2000/01,Charlton,Aston Villa,Away,4,1,2,H,0
2000-11-04,2000/01,Charlton,Bradford,Home,7,2,0,H,0
2000-11-11,2000/01,Charlton,Ipswich,Away,4,0,2,H,0
2000-11-18,2000/01,Charlton,Chelsea,Home,6,2,0,H,0
2000-11-25,2000/01,Charlton,Sunderland,Home,2,0,1,A,0
2000-12-02,2000/01,Charlton,Liverpool,Away,2,0,3,H,0
2000-12-09,2000/01,Charlton,Man United,Home,8,3,3,D,0
2000-12-16,2000/01,Charlton,Leicester,Away,8,1,3,H,0
2000-12-23,2000/01,Charlton,Everton,Home,7,1,0,H,0
2000-12-26,2000/01,Charlton,West Ham,Away,8,0,5,H,0
2000-12-30,2000/01,Charlton,Man City,Away,8,4,1,A,0
2001-01-01,2000/01,Charlton,Arsenal,Home,4,1,0,H,0
2001-01-13,2000/01,Charlton,Southampton,Away,4,0,0,D,0
2001-01-22,2000/01,Charlton,West Ham,Home,3,1,1,D,0
2001-01-30,2000/01,Charlton,Derby,Home,9,2,1,H,0
2001-02-03,2000/01,Charlton,Tottenham,Away,2,0,0,D,0
2001-02-11,2000/01,Charlton,Newcastle,Home,4,2,0,H,0
2001-02-24,2000/01,Charlton,Coventry,Away,7,2,2,D,0
2001-03-03,2000/01,Charlton,Middlesbrough,Away,8,0,0,D,0
2001-03-17,2000/01,Charlton,Leeds,Home,3,1,2,A,0
2001-04-01,2000/01,Charlton,Leicester,Home,9,2,0,H,0
2001-04-10,2000/01,Charlton,Man United,Away,2,1,2,H,0
2001-04-13,2000/01,Charlton,Bradford,Away,8,0,2,H,0
2001-04-17,2000/01,Charlton,Aston Villa,Home,5,3,3,D,1
2001-04-21,2000/01,Charlton,Chelsea,Away,2,1,0,A,0
2001-04-30,2000/01,Charlton,Ipswich,Home,7,2,1,H,0
2001-05-05,2000/01,Charlton,Sunderland,Away,7,2,3,H,0
2001-05-19,2000/01,Charlton,Liverpool,Home,10,0,4,A,0
2001-08-18,2001/02,Charlton,Everton,Home,4,1,2,A,0
2001-08-25,2001/02,Charlton,Ipswich,Away,6,1,0,A,0
2001-09-09,2001/02,Charlton,Fulham,Home,4,1,1,D,0
2001-09-16,2001/02,Charlton,Leeds,Home,4,0,2,A,1
2001-09-22,2001/02,Charlton,Sunderland,Away,5,2,2,D,0
2001-09-29,2001/02,Charlton,Leicester,Home,12,2,0,H,1
2001-10-13,2001/02,Charlton,Middlesbrough,Home,4,0,0,D,0
2001-10-20,2001/02,Charlton,Derby,Away,7,1,1,D,0
2001-10-24,2001/02,Charlton,Aston Villa,Away,0,0,1,H,0
2001-10-27,2001/02,Charlton,Liverpool,Home,4,0,2,A,0
2001-11-04,2001/02,Charlton,Arsenal,Away,4,4,2,A,0
2001-11-19,2001/02,Charlton,West Ham,Home,9,4,4,D,0
2001-11-24,2001/02,Charlton,Southampton,Away,4,0,1,H,0
2001-12-01,2001/02,Charlton,Newcastle,Home,7,1,1,D,0
2001-12-05,2001/02,Charlton,Chelsea,Away,5,1,0,A,0
2001-12-08,2001/02,Charlton,Tottenham,Home,6,3,1,H,0
2001-12-15,2001/02,Charlton,Bolton,Away,4,0,0,D,0
2001-12-22,2001/02,Charlton,Blackburn,Home,2,0,2,A,0
2001-12-26,2001/02,Charlton,Fulham,Away,3,0,0,D,0
2001-12-29,2001/02,Charlton,Everton,Away,4,3,0,A,0
2002-01-01,2001/02,Charlton,Ipswich,Home,8,3,2,H,0
2002-01-12,2001/02,Charlton,Blackburn,Away,6,1,4,H,1
2002-01-21,2001/02,Charlton,Aston Villa,Home,5,1,2,A,0
2002-01-29,2001/02,Charlton,Derby,Home,3,1,0,H,0
2002-02-03,2001/02,Charlton,Middlesbrough,Away,2,0,0,D,0
2002-02-10,2001/02,Charlton,Man United,Home,1,0,2,A,0
2002-02-24,2001/02,Charlton,Leeds,Away,2,0,0,D,0
2002-03-02,2001/02,Charlton,Chelsea,Home,6,2,1,H,0
2002-03-09,2001/02,Charlton,Leicester,Away,6,1,1,D,0
2002-03-18,2001/02,Charlton,Tottenham,Away,4,1,0,A,0
2002-03-23,2001/02,Charlton,Bolton,Home,4,1,2,A,0
2002-03-30,2001/02,Charlton,Liverpool,Away,1,0,2,H,0
2002-04-01,2001/02,Charlton,Arsenal,Home,5,0,3,A,0
2002-04-06,2001/02,Charlton,West Ham,Away,8,0,2,H,0
2002-04-13,2001/02,Charlton,Southampton,Home,5,1,1,D,0
2002-04-20,2001/02,Charlton,Newcastle,Away,1,0,3,H,0
2002-04-27,2001/02,Charlton,Sunderland,Home,7,2,2,D,0
2002-05-11,2001/02,Charlton,Man United,Away,6,0,0,D,0
2002-08-17,2002/03,Charlton,Chelsea,Home,5,2,3,A,1
2002-08-24,2002/03,Charlton,Bolton,Away,4,2,1,A,0
2002-08-27,2002/03,Charlton,Tottenham,Home,5,0,1,A,0
2002-08-31,2002/03,Charlton,West Ham,Away,3,2,0,A,0
2002-09-11,2002/03,Charlton,Aston Villa,Away,2,0,2,H,0
2002-09-14,2002/03,Charlton,Arsenal,Home,3,0,3,A,0
2002-09-21,2002/03,Charlton,Southampton,Away,5,0,0,D,0
2002-09-28,2002/03,Charlton,Man United,Home,3,1,3,A,0
2002-10-06,2002/03,Charlton,Fulham,Away,7,0,1,H,0
2002-10-20,2002/03,Charlton,Middlesbrough,Home,7,1,0,H,0
2002-10-26,2002/03,Charlton,Newcastle,Away,5,1,2,H,0
2002-11-03,2002/03,Charlton,Sunderland,Home,12,1,1,D,0
2002-11-09,2002/03,Charlton,Everton,Away,1,0,1,H,0
2002-11-16,2002/03,Charlton,Man City,Away,4,1,0,A,0
2002-11-24,2002/03,Charlton,Blackburn,Home,9,3,1,H,0
2002-12-01,2002/03,Charlton,Leeds,Away,10,2,1,A,0
2002-12-07,2002/03,Charlton,Liverpool,Home,11,2,0,H,0
2002-12-14,2002/03,Charlton,Man City,Home,5,2,2,D,0
2002-12-21,2002/03,Charlton,Birmingham,Away,5,1,1,D,0
2002-12-26,2002/03,Charlton,Tottenham,Away,7,2,2,D,0
2002-12-28,2002/03,Charlton,West Brom,Home,5,1,0,H,0
2003-01-11,2002/03,Charlton,Chelsea,Away,5,1,4,H,0
2003-01-18,2002/03,Charlton,Bolton,Home,5,1,1,D,0
2003-01-22,2002/03,Charlton,West Ham,Home,4,4,2,H,0
2003-01-29,2002/03,Charlton,West Brom,Away,2,1,0,A,0
2003-02-01,2002/03,Charlton,Sunderland,Away,4,3,1,A,0
2003-02-08,2002/03,Charlton,Everton,Home,10,2,1,H,0
2003-02-22,2002/03,Charlton,Aston Villa,Home,9,3,0,H,0
2003-03-02,2002/03,Charlton,Arsenal,Away,4,0,2,H,0
2003-03-15,2002/03,Charlton,Newcastle,Home,5,0,2,A,0
2003-03-22,2002/03,Charlton,Middlesbrough,Away,4,1,1,D,0
2003-04-05,2002/03,Charlton,Leeds,Home,4,1,6,A,0
2003-04-12,2002/03,Charlton,Blackburn,Away,5,0,1,H,0
2003-04-19,2002/03,Charlton,Birmingham,Home,5,0,2,A,0
2003-04-21,2002/03,Charlton,Liverpool,Away,5,1,2,H,0
2003-04-26,2002/03,Charlton,Southampton,Home,10,2,1,H,0
2003-05-03,2002/03,Charlton,Man United,Away,2,1,4,H,0
2003-05-11,2002/03,Charlton,Fulham,Home,4,0,1,A,1
2003-08-17,2003/04,Charlton,Man City,Home,5,0,3,A,1
2003-08-23,2003/04,Charlton,Wolves,Away,6,4,0,A,1
2003-08-26,2003/04,Charlton,Everton,Home,4,2,2,D,0
2003-08-30,2003/04,Charlton,Bolton,Away,1,0,0,D,0
2003-09-13,2003/04,Charlton,Man United,Home,3,0,2,A,1
2003-09-20,2003/04,Charlton,Aston Villa,Away,3,1,2,H,0
2003-09-28,2003/04,Charlton,Liverpool,Home,5,3,2,H,0
2003-10-04,2003/04,Charlton,Portsmouth,Away,6,2,1,A,0
2003-10-20,2003/04,Charlton,Blackburn,Away,5,1,0,A,0
2003-10-26,2003/04,Charlton,Arsenal,Home,4,1,1,D,0
2003-11-03,2003/04,Charlton,Birmingham,Away,9,2,1,A,0
2003-11-08,2003/04,Charlton,Fulham,Home,7,3,1,H,0
2003-11-22,2003/04,Charlton,Leicester,Away,4,1,1,D,0
2003-11-29,2003/04,Charlton,Leeds,Home,6,0,1,A,0
2003-12-07,2003/04,Charlton,Southampton,Away,14,2,3,H,0
2003-12-13,2003/04,Charlton,Middlesbrough,Away,3,0,0,D,0
2003-12-20,2003/04,Charlton,Newcastle,Home,10,0,0,D,0
2003-12-26,2003/04,Charlton,Chelsea,Home,4,4,2,H,0
2003-12-28,2003/04,Charlton,Tottenham,Away,8,1,0,A,0
2004-01-07,2003/04,Charlton,Man City,Away,4,1,1,D,0
2004-01-10,2003/04,Charlton,Wolves,Home,4,2,0,H,0
2004-01-17,2003/04,Charlton,Everton,Away,4,1,0,A,0
2004-01-31,2003/04,Charlton,Bolton,Home,7,1,2,A,0
2004-02-08,2003/04,Charlton,Chelsea,Away,0,0,1,H,0
2004-02-11,2003/04,Charlton,Tottenham,Home,14,2,4,A,0
2004-02-21,2003/04,Charlton,Blackburn,Home,7,3,2,H,0
2004-02-28,2003/04,Charlton,Arsenal,Away,3,1,2,H,0
2004-03-13,2003/04,Charlton,Middlesbrough,Home,7,1,0,H,0
2004-03-20,2003/04,Charlton,Newcastle,Away,2,1,3,H,0
2004-03-27,2003/04,Charlton,Aston Villa,Home,9,1,2,A,0
2004-04-20,2003/04,Charlton,Man United,Away,0,0,2,H,0
2004-04-24,2003/04,Charlton,Fulham,Away,3,0,2,H,0
2004-05-01,2003/04,Charlton,Leicester,Home,7,2,2,D,0
2004-05-08,2003/04,Charlton,Leeds,Away,6,3,3,D,0
2004-08-14,2004/05,Charlton,Bolton,Away,5,1,4,H,0
2004-08-21,2004/05,Charlton,Portsmouth,Home,14,2,1,H,0
2004-08-25,2004/05,Charlton,Aston Villa,Home,5,3,0,H,0
2004-08-28,2004/05,Charlton,Man City,Away,3,0,4,H,0
2004-09-13,2004/05,Charlton,Southampton,Home,4,0,0,D,0
2004-09-18,2004/05,Charlton,Birmingham,Away,1,1,1,D,0
2004-09-27,2004/05,Charlton,Blackburn,Home,3,1,0,H,0
2004-10-02,2004/05,Charlton,Arsenal,Away,0,0,4,H,0
2004-10-17,2004/05,Charlton,Newcastle,Home,6,1,1,D,0
2004-10-23,2004/05,Charlton,Liverpool,Away,1,0,2,H,0
2004-10-30,2004/05,Charlton,Middlesbrough,Home,7,1,2,A,0
2004-11-06,2004/05,Charlton,Tottenham,Away,3,3,2,A,1
2004-11-13,2004/05,Charlton,Norwich,Home,11,4,0,H,0
2004-11-20,2004/05,Charlton,Man United,Away,2,0,2,H,0
2004-11-27,2004/05,Charlton,Chelsea,Home,4,0,4,A,0
2004-12-05,2004/05,Charlton,Crystal Palace,Away,7,1,0,A,0
2004-12-11,2004/05,Charlton,West Brom,Away,2,1,0,A,0
2004-12-20,2004/05,Charlton,Fulham,Home,5,2,1,H,0
2004-12-26,2004/05,Charlton,Southampton,Away,5,0,0,D,0
2004-12-28,2004/05,Charlton,Everton,Home,8,2,0,H,0
2005-01-01,2004/05,Charlton,Arsenal,Home,4,1,3,A,0
2005-01-03,2004/05,Charlton,Blackburn,Away,6,0,1,H,0
2005-01-15,2004/05,Charlton,Birmingham,Home,6,3,1,H,0
2005-01-22,2004/05,Charlton,Everton,Away,3,1,0,A,0
2005-02-01,2004/05,Charlton,Liverpool,Home,3,1,2,A,0
2005-02-05,2004/05,Charlton,Newcastle,Away,2,1,1,D,0
2005-02-27,2004/05,Charlton,Middlesbrough,Away,2,2,2,D,0
2005-03-05,2004/05,Charlton,Fulham,Away,6,0,0,D,0
2005-03-16,2004/05,Charlton,Tottenham,Home,2,2,0,H,0
2005-03-19,2004/05,Charlton,West Brom,Home,5,1,4,A,1
2005-04-02,2004/05,Charlton,Man City,Home,3,2,2,D,0
2005-04-09,2004/05,Charlton,Portsmouth,Away,4,2,4,H,0
2005-04-16,2004/05,Charlton,Bolton,Home,10,1,2,A,0
2005-04-20,2004/05,Charlton,Aston Villa,Away,3,0,0,D,0
2005-08-13,2005/06,Charlton,Sunderland,Away,4,3,1,A,1
2005-08-20,2005/06,Charlton,Wigan,Home,10,1,0,H,0
2005-08-28,2005/06,Charlton,Middlesbrough,Away,8,3,0,A,0
2005-09-10,2005/06,Charlton,Birmingham,Away,4,1,0,A,0
2005-09-17,2005/06,Charlton,Chelsea,Home,4,0,2,A,0
2005-09-24,2005/06,Charlton,West Brom,Away,4,2,1,A,0
2005-10-01,2005/06,Charlton,Tottenham,Home,4,2,3,A,0
2005-10-17,2005/06,Charlton,Fulham,Home,3,1,1,D,0
2005-10-22,2005/06,Charlton,Portsmouth,Away,7,2,1,A,0
2005-10-29,2005/06,Charlton,Bolton,Home,4,0,1,A,0
2005-11-05,2005/06,Charlton,Blackburn,Away,9,1,4,H,0
2005-11-19,2005/06,Charlton,Man United,Home,11,1,3,A,0
2005-11-26,2005/06,Charlton,Aston Villa,Away,3,0,1,H,0
2005-12-04,2005/06,Charlton,Man City,Home,4,2,5,A,0
2005-12-10,2005/06,Charlton,Sunderland,Home,8,2,0,H,0
2005-12-17,2005/06,Charlton,Wigan,Away,2,0,3,H,0
2005-12-26,2005/06,Charlton,Arsenal,Home,0,0,1,A,1
2005-12-31,2005/06,Charlton,West Ham,Home,7,2,0,H,0
2006-01-02,2005/06,Charlton,Everton,Away,4,1,3,H,0
2006-01-14,2005/06,Charlton,Birmingham,Home,4,2,0,H,0
2006-01-22,2005/06,Charlton,Chelsea,Away,5,1,1,D,0
2006-01-31,2005/06,Charlton,West Brom,Home,9,0,0,D,1
2006-02-05,2005/06,Charlton,Tottenham,Away,5,1,3,H,0
2006-02-08,2005/06,Charlton,Liverpool,Home,2,2,0,H,0
2006-02-12,2005/06,Charlton,Man City,Away,7,2,3,H,0
2006-02-22,2005/06,Charlton,Newcastle,Away,4,0,0,D,0
2006-02-25,2005/06,Charlton,Aston Villa,Home,6,0,0,D,0
2006-03-04,2005/06,Charlton,Liverpool,Away,1,0,0,D,0
2006-03-12,2005/06,Charlton,Middlesbrough,Home,3,2,1,H,0
2006-03-18,2005/06,Charlton,Arsenal,Away,1,0,3,H,0
2006-03-26,2005/06,Charlton,Newcastle,Home,5,3,1,H,0
2006-04-02,2005/06,Charlton,West Ham,Away,2,0,0,D,0
2006-04-08,2005/06,Charlton,Everton,Home,4,0,0,D,0
2006-04-15,2005/06,Charlton,Fulham,Away,7,1,2,H,0
2006-04-17,2005/06,Charlton,Portsmouth,Home,9,2,1,H,0
2006-04-22,2005/06,Charlton,Bolton,Away,3,1,4,H,0
2006-04-29,2005/06,Charlton,Blackburn,Home,3,0,2,A,0
2006-05-07,2005/06,Charlton,Man United,Away,3,0,4,H,0
2006-08-19,2006/07,Charlton,West Ham,Away,2,1,3,H,1
2006-08-23,2006/07,Charlton,Man United,Home,2,0,3,A,0
2006-08-26,2006/07,Charlton,Bolton,Home,5,2,0,H,1
2006-09-09,2006/07,Charlton,Chelsea,Away,2,1,2,H,0
2006-09-16,2006/07,Charlton,Portsmouth,Home,5,0,1,A,0
2006-09-23,2006/07,Charlton,Aston Villa,Away,3,0,2,H,0
2006-09-30,2006/07,Charlton,Arsenal,Home,6,1,2,A,0
2006-10-16,2006/07,Charlton,Fulham,Away,3,1,2,H,0
2006-10-21,2006/07,Charlton,Watford,Home,8,0,0,D,0
2006-10-28,2006/07,Charlton,Newcastle,Away,4,0,0,D,0
2006-11-04,2006/07,Charlton,Man City,Home,11,1,0,H,0
2006-11-11,2006/07,Charlton,Wigan,Away,4,2,3,H,0
2006-11-18,2006/07,Charlton,Reading,Away,2,0,2,H,0
2006-11-25,2006/07,Charlton,Everton,Home,8,1,1,D,0
2006-12-02,2006/07,Charlton,Sheffield United,Away,4,1,2,H,0
2006-12-05,2006/07,Charlton,Blackburn,Home,10,1,0,H,0
2006-12-09,2006/07,Charlton,Tottenham,Away,3,1,5,H,0
2006-12-16,2006/07,Charlton,Liverpool,Home,2,0,3,A,0
2006-12-23,2006/07,Charlton,Middlesbrough,Away,6,0,2,H,0
2006-12-27,2006/07,Charlton,Fulham,Home,7,2,2,D,0
2006-12-30,2006/07,Charlton,Aston Villa,Home,8,2,1,H,0
2007-01-02,2006/07,Charlton,Arsenal,Away,2,0,4,H,1
2007-01-13,2006/07,Charlton,Middlesbrough,Home,9,1,3,A,0
2007-01-20,2006/07,Charlton,Portsmouth,Away,5,1,0,A,0
2007-01-31,2006/07,Charlton,Bolton,Away,2,1,1,D,0
2007-02-03,2006/07,Charlton,Chelsea,Home,5,0,1,A,0
2007-02-10,2006/07,Charlton,Man United,Away,2,0,2,H,0
2007-02-24,2006/07,Charlton,West Ham,Home,5,4,0,H,0
2007-03-03,2006/07,Charlton,Watford,Away,5,2,2,D,0
2007-03-18,2006/07,Charlton,Newcastle,Home,4,2,0,H,0
2007-03-31,2006/07,Charlton,Wigan,Home,1,1,0,H,0
2007-04-06,2006/07,Charlton,Man City,Away,1,0,0,D,0
2007-04-09,2006/07,Charlton,Reading,Home,5,0,0,D,0
2007-04-15,2006/07,Charlton,Everton,Away,4,1,2,H,0
2007-04-21,2006/07,Charlton,Sheffield United,Home,2,1,1,D,0
2007-04-28,2006/07,Charlton,Blackburn,Away,3,1,4,H,1
2007-05-07,2006/07,Charlton,Tottenham,Home,4,0,2,A,0
2007-05-13,2006/07,Charlton,Liverpool,Away,4,2,2,D,0
2000-08-19,2000/01,Chelsea,West Ham,Home,10,4,2,H,0
2000-08-22,2000/01,Chelsea,Bradford,Away,6,0,2,H,0
2000-08-27,2000/01,Chelsea,Aston Villa,Away,7,1,1,D,0
2000-09-06,2000/01,Chelsea,Arsenal,Home,5,2,2,D,0
2000-09-09,2000/01,Chelsea,Newcastle,Away,3,0,0,D,0
2000-09-17,2000/01,Chelsea,Leicester,Home,10,0,2,A,0
2000-09-23,2000/01,Chelsea,Man United,Away,5,3,3,D,0
2000-10-01,2000/01,Chelsea,Liverpool,Home,5,3,0,H,0
2000-10-14,2000/01,Chelsea,Sunderland,Away,2,0,1,H,1
2000-10-21,2000/01,Chelsea,Coventry,Home,19,6,1,H,0
2000-10-28,2000/01,Chelsea,Tottenham,Home,7,3,0,H,0
2000-11-04,2000/01,Chelsea,Southampton,Away,4,2,3,H,0
2000-11-12,2000/01,Chelsea,Leeds,Home,7,1,1,D,0
2000-11-18,2000/01,Chelsea,Charlton,Away,3,0,2,H,0
2000-11-25,2000/01,Chelsea,Everton,Away,6,1,2,H,1
2000-12-03,2000/01,Chelsea,Man City,Home,7,2,1,H,0
2000-12-09,2000/01,Chelsea,Derby,Home,10,4,1,H,0
2000-12-16,2000/01,Chelsea,Middlesbrough,Away,3,0,1,H,0
2000-12-23,2000/01,Chelsea,Bradford,Home,8,3,0,H,0
2000-12-26,2000/01,Chelsea,Ipswich,Away,4,2,2,D,0
2001-01-01,2000/01,Chelsea,Aston Villa,Home,5,1,0,H,0
2001-01-13,2000/01,Chelsea,Arsenal,Away,8,1,1,D,0
2001-01-20,2000/01,Chelsea,Ipswich,Home,10,4,1,H,0
2001-01-31,2000/01,Chelsea,Newcastle,Home,4,3,1,H,0
2001-02-03,2000/01,Chelsea,Leicester,Away,4,1,2,H,0
2001-02-10,2000/01,Chelsea,Man United,Home,4,1,1,D,0
2001-03-03,2000/01,Chelsea,Coventry,Away,11,0,0,D,0
2001-03-07,2000/01,Chelsea,West Ham,Away,6,2,0,A,0
2001-03-17,2000/01,Chelsea,Sunderland,Home,6,2,4,A,0
2001-03-31,2000/01,Chelsea,Middlesbrough,Home,5,2,1,H,0
2001-04-07,2000/01,Chelsea,Derby,Away,7,4,0,A,0
2001-04-14,2000/01,Chelsea,Southampton,Home,8,1,0,H,0
2001-04-17,2000/01,Chelsea,Tottenham,Away,10,3,0,A,0
2001-04-21,2000/01,Chelsea,Charlton,Home,1,0,1,A,0
2001-04-28,2000/01,Chelsea,Leeds,Away,5,0,2,H,0
2001-05-05,2000/01,Chelsea,Everton,Home,5,2,1,H,0
2001-05-08,2000/01,Chelsea,Liverpool,Away,7,2,2,D,0
2001-05-19,2000/01,Chelsea,Man City,Away,3,2,1,A,0
2001-08-19,2001/02,Chelsea,Newcastle,Home,8,1,1,D,0
2001-08-25,2001/02,Chelsea,Southampton,Away,2,2,0,A,0
2001-09-08,2001/02,Chelsea,Arsenal,Home,5,1,1,D,1
2001-09-16,2001/02,Chelsea,Tottenham,Away,4,3,2,A,1
2001-09-23,2001/02,Chelsea,Middlesbrough,Home,3,2,2,D,0
2001-09-30,2001/02,Chelsea,Fulham,Away,3,1,1,D,1
2001-10-13,2001/02,Chelsea,Leicester,Home,10,2,0,H,0
2001-10-21,2001/02,Chelsea,Leeds,Away,6,0,0,D,0
2001-10-24,2001/02,Chelsea,West Ham,Away,5,1,2,H,0
2001-10-28,2001/02,Chelsea,Derby,Away,8,1,1,D,0
2001-11-04,2001/02,Chelsea,Ipswich,Home,6,2,1,H,0
2001-11-18,2001/02,Chelsea,Everton,Away,7,0,0,D,0
2001-11-24,2001/02,Chelsea,Blackburn,Home,8,0,0,D,0
2001-12-01,2001/02,Chelsea,Man United,Away,5,3,0,A,0
2001-12-05,2001/02,Chelsea,Charlton,Home,5,0,1,A,0
2001-12-09,2001/02,Chelsea,Sunderland,Away,3,0,0,D,0
2001-12-16,2001/02,Chelsea,Liverpool,Home,10,4,0,H,0
2001-12-23,2001/02,Chelsea,Bolton,Home,5,5,1,H,0
2001-12-26,2001/02,Chelsea,Arsenal,Away,3,1,2,H,0
2001-12-29,2001/02,Chelsea,Newcastle,Away,8,2,1,A,0
2002-01-01,2001/02,Chelsea,Southampton,Home,6,2,4,A,0
2002-01-12,2001/02,Chelsea,Bolton,Away,4,2,2,D,0
2002-01-20,2001/02,Chelsea,West Ham,Home,15,5,1,H,0
2002-01-30,2001/02,Chelsea,Leeds,Home,3,2,0,H,0
2002-02-02,2001/02,Chelsea,Leicester,Away,5,3,2,A,0
2002-02-09,2001/02,Chelsea,Aston Villa,Away,3,1,1,D,0
2002-03-02,2001/02,Chelsea,Charlton,Away,2,1,2,H,0
2002-03-06,2001/02,Chelsea,Fulham,Home,8,3,2,H,0
2002-03-13,2001/02,Chelsea,Tottenham,Home,13,4,0,H,0
2002-03-16,2001/02,Chelsea,Sunderland,Home,7,4,0,H,0
2002-03-24,2001/02,Chelsea,Liverpool,Away,1,0,1,H,0
2002-03-30,2001/02,Chelsea,Derby,Home,6,2,1,H,0
2002-04-01,2001/02,Chelsea,Ipswich,Away,2,0,0,D,0
2002-04-06,2001/02,Chelsea,Everton,Home,8,3,0,H,0
2002-04-10,2001/02,Chelsea,Blackburn,Away,2,0,0,D,0
2002-04-20,2001/02,Chelsea,Man United,Home,2,0,3,A,0
2002-04-27,2001/02,Chelsea,Middlesbrough,Away,8,2,0,A,0
2002-05-11,2001/02,Chelsea,Aston Villa,Home,6,1,3,A,0
2002-08-17,2002/03,Chelsea,Charlton,Away,12,3,2,A,0
2002-08-23,2002/03,Chelsea,Man United,Home,5,2,2,D,0
2002-08-28,2002/03,Chelsea,Southampton,Away,3,1,1,D,0
2002-09-01,2002/03,Chelsea,Arsenal,Home,2,1,1,D,0
2002-09-11,2002/03,Chelsea,Blackburn,Away,9,3,2,A,0
2002-09-14,2002/03,Chelsea,Newcastle,Home,5,3,0,H,0
2002-09-23,2002/03,Chelsea,Fulham,Away,4,0,0,D,0
2002-09-28,2002/03,Chelsea,West Ham,Home,9,2,3,A,0
2002-10-06,2002/03,Chelsea,Liverpool,Away,0,0,1,H,0
2002-10-19,2002/03,Chelsea,Man City,Away,6,3,0,A,0
2002-10-26,2002/03,Chelsea,West Brom,Home,5,2,0,H,0
2002-11-03,2002/03,Chelsea,Tottenham,Away,4,0,0,D,0
2002-11-09,2002/03,Chelsea,Birmingham,Home,10,3,0,H,0
2002-11-16,2002/03,Chelsea,Middlesbrough,Home,5,1,0,H,0
2002-11-23,2002/03,Chelsea,Bolton,Away,11,1,1,D,1
2002-11-30,2002/03,Chelsea,Sunderland,Home,11,3,0,H,0
2002-12-07,2002/03,Chelsea,Everton,Away,10,3,1,A,0
2002-12-14,2002/03,Chelsea,Middlesbrough,Away,11,1,1,D,0
2002-12-21,2002/03,Chelsea,Aston Villa,Home,8,2,0,H,0
2002-12-26,2002/03,Chelsea,Southampton,Home,4,0,0,D,0
2002-12-28,2002/03,Chelsea,Leeds,Away,4,0,2,H,0
2003-01-01,2002/03,Chelsea,Arsenal,Away,7,2,3,H,0
2003-01-11,2002/03,Chelsea,Charlton,Home,7,4,1,H,0
2003-01-18,2002/03,Chelsea,Man United,Away,5,1,2,H,0
2003-01-28,2002/03,Chelsea,Leeds,Home,7,3,2,H,0
2003-02-01,2002/03,Chelsea,Tottenham,Home,8,1,1,D,0
2003-02-08,2002/03,Chelsea,Birmingham,Away,3,3,1,A,0
2003-02-22,2002/03,Chelsea,Blackburn,Home,9,1,2,A,0
2003-03-01,2002/03,Chelsea,Newcastle,Away,5,1,2,H,0
2003-03-16,2002/03,Chelsea,West Brom,Away,8,2,0,A,0
2003-03-22,2002/03,Chelsea,Man City,Home,10,5,0,H,0
2003-04-05,2002/03,Chelsea,Sunderland,Away,10,2,1,A,0
2003-04-12,2002/03,Chelsea,Bolton,Home,8,1,0,H,0
2003-04-19,2002/03,Chelsea,Aston Villa,Away,10,1,2,H,0
2003-04-21,2002/03,Chelsea,Everton,Home,9,4,1,H,0
2003-04-26,2002/03,Chelsea,Fulham,Home,5,1,1,D,0
2003-05-03,2002/03,Chelsea,West Ham,Away,3,0,1,H,0
2003-05-11,2002/03,Chelsea,Liverpool,Home,6,2,1,H,0
2003-08-17,2003/04,Chelsea,Liverpool,Away,6,2,1,A,0
2003-08-23,2003/04,Chelsea,Leicester,Home,7,2,1,H,1
2003-08-30,2003/04,Chelsea,Blackburn,Home,5,2,2,D,0
2003-09-13,2003/04,Chelsea,Tottenham,Home,6,4,2,H,0
2003-09-20,2003/04,Chelsea,Wolves,Away,8,5,0,A,0
2003-09-27,2003/04,Chelsea,Aston Villa,Home,5,1,0,H,0
2003-10-05,2003/04,Chelsea,Middlesbrough,Away,6,2,1,A,0
2003-10-14,2003/04,Chelsea,Birmingham,Away,8,0,0,D,0
2003-10-18,2003/04,Chelsea,Arsenal,Away,3,1,2,H,0
2003-10-25,2003/04,Chelsea,Man City,Home,4,1,0,H,0
2003-11-01,2003/04,Chelsea,Everton,Away,7,1,0,A,0
2003-11-09,2003/04,Chelsea,Newcastle,Home,8,5,0,H,0
2003-11-22,2003/04,Chelsea,Southampton,Away,4,1,0,A,0
2003-11-30,2003/04,Chelsea,Man United,Home,4,1,0,H,0
2003-12-06,2003/04,Chelsea,Leeds,Away,10,1,1,D,0
2003-12-13,2003/04,Chelsea,Bolton,Home,5,1,2,A,0
2003-12-20,2003/04,Chelsea,Fulham,Away,9,1,0,A,0
2003-12-26,2003/04,Chelsea,Charlton,Away,8,2,4,H,0
2003-12-28,2003/04,Chelsea,Portsmouth,Home,8,3,0,H,0
2004-01-07,2003/04,Chelsea,Liverpool,Home,2,0,1,A,0
2004-01-11,2003/04,Chelsea,Leicester,Away,6,4,0,A,0
2004-01-18,2003/04,Chelsea,Birmingham,Home,9,0,0,D,0
2004-02-01,2003/04,Chelsea,Blackburn,Away,9,3,2,A,0
2004-02-08,2003/04,Chelsea,Charlton,Home,6,1,0,H,0
2004-02-11,2003/04,Chelsea,Portsmouth,Away,4,2,0,A,0
2004-02-21,2003/04,Chelsea,Arsenal,Home,4,1,2,A,1
2004-02-28,2003/04,Chelsea,Man City,Away,4,1,0,A,0
2004-03-13,2003/04,Chelsea,Bolton,Away,8,2,0,A,0
2004-03-20,2003/04,Chelsea,Fulham,Home,8,2,1,H,0
2004-03-27,2003/04,Chelsea,Wolves,Home,10,5,2,H,0
2004-04-25,2003/04,Chelsea,Newcastle,Away,6,1,2,H,0
2004-05-01,2003/04,Chelsea,Southampton,Home,7,4,0,H,0
2004-05-08,2003/04,Chelsea,Man United,Away,7,1,1,D,1
2004-08-15,2004/05,Chelsea,Man United,Home,5,1,0,H,0
2004-08-21,2004/05,Chelsea,Birmingham,Away,3,1,0,A,0
2004-08-24,2004/05,Chelsea,Crystal Palace,Away,10,2,0,A,0
2004-08-28,2004/05,Chelsea,Southampton,Home,7,2,1,H,0
2004-09-11,2004/05,Chelsea,Aston Villa,Away,10,0,0,D,0
2004-09-19,2004/05,Chelsea,Tottenham,Home,8,0,0,D,0
2004-09-25,2004/05,Chelsea,Middlesbrough,Away,12,1,0,A,0
2004-10-03,2004/05,Chelsea,Liverpool,Home,5,1,0,H,0
2004-10-16,2004/05,Chelsea,Man City,Away,3,0,1,H,0
2004-10-23,2004/05,Chelsea,Blackburn,Home,13,4,0,H,0
2004-10-30,2004/05,Chelsea,West Brom,Away,9,4,1,A,0
2004-11-06,2004/05,Chelsea,Everton,Home,3,1,0,H,0
2004-11-13,2004/05,Chelsea,Fulham,Away,11,4,1,A,0
2004-11-20,2004/05,Chelsea,Bolton,Home,11,2,2,D,0
2004-11-27,2004/05,Chelsea,Charlton,Away,12,4,0,A,0
2004-12-04,2004/05,Chelsea,Newcastle,Home,9,4,0,H,0
2004-12-12,2004/05,Chelsea,Arsenal,Away,5,2,2,D,0
2004-12-18,2004/05,Chelsea,Norwich,Home,8,4,0,H,0
2004-12-26,2004/05,Chelsea,Aston Villa,Home,7,1,0,H,0
2004-12-28,2004/05,Chelsea,Portsmouth,Away,9,2,0,A,0
2005-01-01,2004/05,Chelsea,Liverpool,Away,7,1,0,A,0
2005-01-04,2004/05,Chelsea,Middlesbrough,Home,10,2,0,H,0
2005-01-15,2004/05,Chelsea,Tottenham,Away,5,2,0,A,0
2005-01-22,2004/05,Chelsea,Portsmouth,Home,9,3,0,H,0
2005-02-02,2004/05,Chelsea,Blackburn,Away,3,1,0,A,0
2005-02-06,2004/05,Chelsea,Man City,Home,8,0,0,D,0
2005-02-12,2004/05,Chelsea,Everton,Away,11,1,0,A,0
2005-03-05,2004/05,Chelsea,Norwich,Away,13,3,1,A,0
2005-03-15,2004/05,Chelsea,West Brom,Home,11,1,0,H,0
2005-03-19,2004/05,Chelsea,Crystal Palace,Home,13,4,1,H,0
2005-04-02,2004/05,Chelsea,Southampton,Away,8,3,1,A,0
2005-04-09,2004/05,Chelsea,Birmingham,Home,12,1,1,D,0
2005-04-20,2004/05,Chelsea,Arsenal,Home,3,0,0,D,0
2005-08-14,2005/06,Chelsea,Wigan,Away,9,1,0,A,0
2005-08-21,2005/06,Chelsea,Arsenal,Home,6,1,0,H,0
2005-08-24,2005/06,Chelsea,West Brom,Home,8,4,0,H,0
2005-08-27,2005/06,Chelsea,Tottenham,Away,7,2,0,A,0
2005-09-10,2005/06,Chelsea,Sunderland,Home,6,2,0,H,0
2005-09-17,2005/06,Chelsea,Charlton,Away,11,2,0,A,0
2005-09-24,2005/06,Chelsea,Aston Villa,Home,6,2,1,H,0
2005-10-02,2005/06,Chelsea,Liverpool,Away,5,4,1,A,0
2005-10-15,2005/06,Chelsea,Bolton,Home,8,5,1,H,0
2005-10-23,2005/06,Chelsea,Everton,Away,12,1,1,D,0
2005-10-29,2005/06,Chelsea,Blackburn,Home,10,4,2,H,0
2005-11-06,2005/06,Chelsea,Man United,Away,11,0,1,H,0
2005-11-19,2005/06,Chelsea,Newcastle,Home,4,3,0,H,0
2005-11-26,2005/06,Chelsea,Portsmouth,Away,6,2,0,A,0
2005-12-03,2005/06,Chelsea,Middlesbrough,Home,9,1,0,H,0
2005-12-10,2005/06,Chelsea,Wigan,Home,8,1,0,H,0
2005-12-18,2005/06,Chelsea,Arsenal,Away,8,2,0,A,0
2005-12-26,2005/06,Chelsea,Fulham,Home,11,3,2,H,0
2005-12-28,2005/06,Chelsea,Man City,Away,4,1,0,A,0
2005-12-31,2005/06,Chelsea,Birmingham,Home,8,2,0,H,0
2006-01-02,2005/06,Chelsea,West Ham,Away,10,3,1,A,0
2006-01-15,2005/06,Chelsea,Sunderland,Away,13,2,1,A,1
2006-01-22,2005/06,Chelsea,Charlton,Home,7,1,1,D,1
2006-02-01,2005/06,Chelsea,Aston Villa,Away,5,1,1,D,0
2006-02-05,2005/06,Chelsea,Liverpool,Home,6,2,0,H,0
2006-02-11,2005/06,Chelsea,Middlesbrough,Away,10,0,3,H,0
2006-02-25,2005/06,Chelsea,Portsmouth,Home,8,2,0,H,0
2006-03-04,2005/06,Chelsea,West Brom,Away,5,2,1,A,1
2006-03-11,2005/06,Chelsea,Tottenham,Home,10,2,1,H,0
2006-03-19,2005/06,Chelsea,Fulham,Away,4,0,1,H,1
2006-03-25,2005/06,Chelsea,Man City,Home,10,2,0,H,0
2006-04-01,2005/06,Chelsea,Birmingham,Away,4,0,0,D,0
2006-04-09,2005/06,Chelsea,West Ham,Home,5,4,1,H,1
2006-04-15,2005/06,Chelsea,Bolton,Away,3,2,0,A,0
2006-04-17,2005/06,Chelsea,Everton,Home,8,3,0,H,0
2006-04-29,2005/06,Chelsea,Man United,Home,5,3,0,H,0
2006-05-02,2005/06,Chelsea,Blackburn,Away,2,0,1,H,0
2006-05-07,2005/06,Chelsea,Newcastle,Away,5,0,1,H,0
2006-08-20,2006/07,Chelsea,Man City,Home,4,3,0,H,0
2006-08-23,2006/07,Chelsea,Middlesbrough,Away,5,1,2,H,0
2006-08-27,2006/07,Chelsea,Blackburn,Away,8,2,0,A,0
2006-09-09,2006/07,Chelsea,Charlton,Home,6,2,1,H,0
2006-09-17,2006/07,Chelsea,Liverpool,Home,3,1,0,H,1
2006-09-23,2006/07,Chelsea,Fulham,Away,5,2,0,A,0
2006-09-30,2006/07,Chelsea,Aston Villa,Home,10,1,1,D,0
2006-10-14,2006/07,Chelsea,Reading,Away,4,1,0,A,1
2006-10-21,2006/07,Chelsea,Portsmouth,Home,18,2,1,H,0
2006-10-28,2006/07,Chelsea,Sheffield United,Away,7,2,0,A,0
2006-11-05,2006/07,Chelsea,Tottenham,Away,10,1,2,H,1
2006-11-11,2006/07,Chelsea,Watford,Home,8,4,0,H,0
2006-11-18,2006/07,Chelsea,West Ham,Home,9,1,0,H,0
2006-11-26,2006/07,Chelsea,Man United,Away,7,1,1,D,0
2006-11-29,2006/07,Chelsea,Bolton,Away,10,1,0,A,0
2006-12-10,2006/07,Chelsea,Arsenal,Home,7,1,1,D,0
2006-12-13,2006/07,Chelsea,Newcastle,Home,8,1,0,H,0
2006-12-17,2006/07,Chelsea,Everton,Away,9,3,2,A,0
2006-12-23,2006/07,Chelsea,Wigan,Away,5,3,2,A,0
2006-12-26,2006/07,Chelsea,Reading,Home,5,2,2,D,0
2006-12-30,2006/07,Chelsea,Fulham,Home,4,2,2,D,0
2007-01-02,2006/07,Chelsea,Aston Villa,Away,12,0,0,D,0
2007-01-13,2006/07,Chelsea,Wigan,Home,6,4,0,H,0
2007-01-20,2006/07,Chelsea,Liverpool,Away,3,0,2,H,0
2007-01-31,2006/07,Chelsea,Blackburn,Home,15,3,0,H,0
2007-02-03,2006/07,Chelsea,Charlton,Away,8,1,0,A,0
2007-02-10,2006/07,Chelsea,Middlesbrough,Home,5,3,0,H,0
2007-03-03,2006/07,Chelsea,Portsmouth,Away,5,2,0,A,0
2007-03-14,2006/07,Chelsea,Man City,Away,3,1,0,A,0
2007-03-17,2006/07,Chelsea,Sheffield United,Home,8,3,0,H,0
2007-03-31,2006/07,Chelsea,Watford,Away,8,1,0,A,0
2007-04-07,2006/07,Chelsea,Tottenham,Home,8,1,0,H,0
2007-04-18,2006/07,Chelsea,West Ham,Away,7,4,1,A,0
2007-04-22,2006/07,Chelsea,Newcastle,Away,4,0,0,D,0
2007-04-28,2006/07,Chelsea,Bolton,Home,3,2,2,D,0
2007-05-06,2006/07,Chelsea,Arsenal,Away,4,1,1,D,1
2007-05-09,2006/07,Chelsea,Man United,Home,10,0,0,D,0
2007-05-13,2006/07,Chelsea,Everton,Home,10,1,1,D,0
2007-08-12,2007/08,Chelsea,Birmingham,Home,11,3,2,H,0
2007-08-15,2007/08,Chelsea,Reading,Away,7,2,1,A,0
2007-08-19,2007/08,Chelsea,Liverpool,Away,2,1,1,D,0
2007-08-25,2007/08,Chelsea,Portsmouth,Home,7,1,0,H,0
2007-09-02,2007/08,Chelsea,Aston Villa,Away,8,0,2,H,0
2007-09-15,2007/08,Chelsea,Blackburn,Home,8,0,0,D,0
2007-09-23,2007/08,Chelsea,Man United,Away,1,0,2,H,1
2007-09-29,2007/08,Chelsea,Fulham,Home,4,0,0,D,1
2007-10-07,2007/08,Chelsea,Bolton,Away,8,1,0,A,0
2007-10-20,2007/08,Chelsea,Middlesbrough,Away,6,2,0,A,0
2007-10-27,2007/08,Chelsea,Man City,Home,9,6,0,H,0
2007-11-03,2007/08,Chelsea,Wigan,Away,7,2,0,A,0
2007-11-11,2007/08,Chelsea,Everton,Home,10,1,1,D,0
2007-11-24,2007/08,Chelsea,Derby,Away,5,2,0,A,1
2007-12-01,2007/08,Chelsea,West Ham,Home,5,1,0,H,0
2007-12-08,2007/08,Chelsea,Sunderland,Home,4,2,0,H,0
2007-12-16,2007/08,Chelsea,Arsenal,Away,7,0,1,H,0
2007-12-23,2007/08,Chelsea,Blackburn,Away,8,1,0,A,0
2007-12-26,2007/08,Chelsea,Aston Villa,Home,8,4,4,D,2
2007-12-29,2007/08,Chelsea,Newcastle,Home,10,2,1,H,0
2008-01-01,2007/08,Chelsea,Fulham,Away,5,2,1,A,0
2008-01-12,2007/08,Chelsea,Tottenham,Home,6,2,0,H,0
2008-01-19,2007/08,Chelsea,Birmingham,Away,9,1,0,A,0
2008-01-30,2007/08,Chelsea,Reading,Home,10,1,0,H,0
2008-02-02,2007/08,Chelsea,Portsmouth,Away,12,1,1,D,0
2008-02-10,2007/08,Chelsea,Liverpool,Home,3,0,0,D,0
2008-03-01,2007/08,Chelsea,West Ham,Away,8,4,0,A,1
2008-03-12,2007/08,Chelsea,Derby,Home,10,6,1,H,0
2008-03-15,2007/08,Chelsea,Sunderland,Away,3,1,0,A,0
2008-03-19,2007/08,Chelsea,Tottenham,Away,8,4,4,D,0
2008-03-23,2007/08,Chelsea,Arsenal,Home,8,2,1,H,0
2008-03-30,2007/08,Chelsea,Middlesbrough,Home,6,1,0,H,0
2008-04-05,2007/08,Chelsea,Man City,Away,5,2,0,A,0
2008-04-14,2007/08,Chelsea,Wigan,Home,10,1,1,D,0
2008-04-17,2007/08,Chelsea,Everton,Away,3,1,0,A,0
2008-04-26,2007/08,Chelsea,Man United,Home,8,2,1,H,0
2008-05-05,2007/08,Chelsea,Newcastle,Away,9,2,0,A,0
2008-05-11,2007/08,Chelsea,Bolton,Home,12,1,1,D,0
2008-08-17,2008/09,Chelsea,Portsmouth,Home,11,4,0,H,0
2008-08-24,2008/09,Chelsea,Wigan,Away,3,1,0,A,0
2008-08-31,2008/09,Chelsea,Tottenham,Home,3,1,1,D,0
2008-09-13,2008/09,Chelsea,Man City,Away,8,3,1,A,1
2008-09-21,2008/09,Chelsea,Man United,Home,13,1,1,D,0
2008-09-27,2008/09,Chelsea,Stoke,Away,9,2,0,A,0
2008-10-05,2008/09,Chelsea,Aston Villa,Home,15,2,0,H,0
2008-10-18,2008/09,Chelsea,Middlesbrough,Away,14,5,0,A,0
2008-10-26,2008/09,Chelsea,Liverpool,Home,5,0,1,A,0
2008-10-29,2008/09,Chelsea,Hull,Away,11,3,0,A,0
2008-11-01,2008/09,Chelsea,Sunderland,Home,11,5,0,H,0
2008-11-09,2008/09,Chelsea,Blackburn,Away,13,2,0,A,0
2008-11-15,2008/09,Chelsea,West Brom,Away,9,3,0,A,0
2008-11-22,2008/09,Chelsea,Newcastle,Home,14,0,0,D,0
2008-11-30,2008/09,Chelsea,Arsenal,Home,5,1,2,A,0
2008-12-06,2008/09,Chelsea,Bolton,Away,7,2,0,A,0
2008-12-14,2008/09,Chelsea,West Ham,Home,12,1,1,D,0
2008-12-22,2008/09,Chelsea,Everton,Away,2,0,0,D,1
2008-12-26,2008/09,Chelsea,West Brom,Home,15,2,0,H,0
2008-12-28,2008/09,Chelsea,Fulham,Away,14,2,2,D,0
2009-01-11,2008/09,Chelsea,Man United,Away,6,0,3,H,0
2009-01-17,2008/09,Chelsea,Stoke,Home,22,2,1,H,0
2009-01-28,2008/09,Chelsea,Middlesbrough,Home,12,2,0,H,0
2009-02-01,2008/09,Chelsea,Liverpool,Away,1,0,2,H,1
2009-02-07,2008/09,Chelsea,Hull,Home,6,0,0,D,0
2009-02-21,2008/09,Chelsea,Aston Villa,Away,12,1,0,A,0
2009-02-28,2008/09,Chelsea,Wigan,Home,13,2,1,H,0
2009-03-03,2008/09,Chelsea,Portsmouth,Away,11,1,0,A,0
2009-03-15,2008/09,Chelsea,Man City,Home,6,1,0,H,0
2009-03-21,2008/09,Chelsea,Tottenham,Away,9,0,1,H,0
2009-04-04,2008/09,Chelsea,Newcastle,Away,10,2,0,A,0
2009-04-11,2008/09,Chelsea,Bolton,Home,9,4,3,H,0
2009-04-22,2008/09,Chelsea,Everton,Home,6,0,0,D,0
2009-04-25,2008/09,Chelsea,West Ham,Away,8,1,0,A,0
2009-05-02,2008/09,Chelsea,Fulham,Home,5,3,1,H,0
2009-05-10,2008/09,Chelsea,Arsenal,Away,8,4,1,A,0
2009-05-17,2008/09,Chelsea,Blackburn,Home,12,2,0,H,0
2009-05-24,2008/09,Chelsea,Sunderland,Away,9,3,2,A,0
2009-08-15,2009/10,Chelsea,Hull,Home,12,2,1,H,0
2009-08-18,2009/10,Chelsea,Sunderland,Away,9,3,1,A,0
2009-08-23,2009/10,Chelsea,Fulham,Away,4,2,0,A,0
2009-08-29,2009/10,Chelsea,Burnley,Home,17,3,0,H,0
2009-09-12,2009/10,Chelsea,Stoke,Away,10,2,1,A,0
2009-09-20,2009/10,Chelsea,Tottenham,Home,15,3,0,H,0
2009-09-26,2009/10,Chelsea,Wigan,Away,8,1,3,H,1
2009-10-04,2009/10,Chelsea,Liverpool,Home,8,2,0,H,0
2009-10-17,2009/10,Chelsea,Aston Villa,Away,13,1,2,H,0
2009-10-24,2009/10,Chelsea,Blackburn,Home,15,5,0,H,0
2009-10-31,2009/10,Chelsea,Bolton,Away,17,4,0,A,0
2009-11-08,2009/10,Chelsea,Man United,Home,9,1,0,H,0
2009-11-21,2009/10,Chelsea,Wolves,Home,14,4,0,H,0
2009-11-29,2009/10,Chelsea,Arsenal,Away,5,3,0,A,0
2009-12-05,2009/10,Chelsea,Man City,Away,6,1,2,H,0
2009-12-12,2009/10,Chelsea,Everton,Home,13,3,3,D,0
2009-12-16,2009/10,Chelsea,Portsmouth,Home,8,2,1,H,0
2009-12-20,2009/10,Chelsea,West Ham,Away,6,1,1,D,0
2009-12-26,2009/10,Chelsea,Birmingham,Away,12,0,0,D,1
2009-12-28,2009/10,Chelsea,Fulham,Home,11,2,1,H,0
2010-01-16,2009/10,Chelsea,Sunderland,Home,13,7,2,H,0
2010-01-27,2009/10,Chelsea,Birmingham,Home,17,3,0,H,0
2010-01-30,2009/10,Chelsea,Burnley,Away,9,2,1,A,0
2010-02-02,2009/10,Chelsea,Hull,Away,11,1,1,D,0
2010-02-07,2009/10,Chelsea,Arsenal,Home,3,2,0,H,0
2010-02-10,2009/10,Chelsea,Everton,Away,5,1,2,H,0
2010-02-20,2009/10,Chelsea,Wolves,Away,2,2,0,A,0
2010-02-27,2009/10,Chelsea,Man City,Home,13,2,4,A,2
2010-03-13,2009/10,Chelsea,West Ham,Home,15,4,1,H,0
2010-03-21,2009/10,Chelsea,Blackburn,Away,8,1,1,D,0
2010-03-24,2009/10,Chelsea,Portsmouth,Away,11,5,0,A,0
2010-03-27,2009/10,Chelsea,Aston Villa,Home,11,7,1,H,0
2010-04-03,2009/10,Chelsea,Man United,Away,5,2,1,A,0
2010-04-13,2009/10,Chelsea,Bolton,Home,8,1,0,H,0
2010-04-17,2009/10,Chelsea,Tottenham,Away,6,1,2,H,1
2010-04-25,2009/10,Chelsea,Stoke,Home,18,7,0,H,0
2010-05-02,2009/10,Chelsea,Liverpool,Away,11,2,0,A,0
2010-05-09,2009/10,Chelsea,Wigan,Home,10,8,0,H,0
2010-08-14,2010/11,Chelsea,West Brom,Home,13,6,0,H,0
2010-08-21,2010/11,Chelsea,Wigan,Away,8,6,0,A,0
2010-08-28,2010/11,Chelsea,Stoke,Home,6,2,0,H,0
2010-09-11,2010/11,Chelsea,West Ham,Away,9,3,1,A,0
2010-09-19,2010/11,Chelsea,Blackpool,Home,15,4,0,H,0
2010-09-25,2010/11,Chelsea,Man City,Away,4,0,1,H,0
2010-10-03,2010/11,Chelsea,Arsenal,Home,6,2,0,H,0
2010-10-16,2010/11,Chelsea,Aston Villa,Away,6,0,0,D,0
2010-10-23,2010/11,Chelsea,Wolves,Home,10,2,0,H,0
2010-10-30,2010/11,Chelsea,Blackburn,Away,9,2,1,A,0
2010-11-07,2010/11,Chelsea,Liverpool,Away,7,0,2,H,0
2010-11-10,2010/11,Chelsea,Fulham,Home,10,1,0,H,1
2010-11-14,2010/11,Chelsea,Sunderland,Home,7,0,3,A,0
2010-11-20,2010/11,Chelsea,Birmingham,Away,9,0,1,H,0
2010-11-28,2010/11,Chelsea,Newcastle,Away,13,1,1,D,0
2010-12-04,2010/11,Chelsea,Everton,Home,5,1,1,D,0
2010-12-12,2010/11,Chelsea,Tottenham,Away,7,1,1,D,0
2010-12-27,2010/11,Chelsea,Arsenal,Away,4,1,3,H,0
2010-12-29,2010/11,Chelsea,Bolton,Home,7,1,0,H,0
2011-01-02,2010/11,Chelsea,Aston Villa,Home,10,3,3,D,0
2011-01-05,2010/11,Chelsea,Wolves,Away,8,0,1,H,0
2011-01-15,2010/11,Chelsea,Blackburn,Home,11,2,0,H,0
2011-01-24,2010/11,Chelsea,Bolton,Away,11,4,0,A,0
2011-02-01,2010/11,Chelsea,Sunderland,Away,14,4,2,A,0
2011-02-06,2010/11,Chelsea,Liverpool,Home,4,0,1,A,0
2011-02-14,2010/11,Chelsea,Fulham,Away,9,0,0,D,0
2011-03-01,2010/11,Chelsea,Man United,Home,11,2,1,H,0
2011-03-07,2010/11,Chelsea,Blackpool,Away,11,3,1,A,0
2011-03-20,2010/11,Chelsea,Man City,Home,11,2,0,H,0
2011-04-02,2010/11,Chelsea,Stoke,Away,10,1,1,D,0
2011-04-09,2010/11,Chelsea,Wigan,Home,13,1,0,H,0
2011-04-16,2010/11,Chelsea,West Brom,Away,11,3,1,A,0
2011-04-20,2010/11,Chelsea,Birmingham,Home,7,3,1,H,0
2011-04-23,2010/11,Chelsea,West Ham,Home,11,3,0,H,0
2011-04-30,2010/11,Chelsea,Tottenham,Home,10,2,1,H,0
2011-05-08,2010/11,Chelsea,Man United,Away,11,1,2,H,0
2011-05-15,2010/11,Chelsea,Newcastle,Home,7,2,2,D,0
2011-05-22,2010/11,Chelsea,Everton,Away,9,0,1,H,0
2011-08-14,2011/12,Chelsea,Stoke,Away,11,0,0,D,0
2011-08-20,2011/12,Chelsea,West Brom,Home,12,2,1,H,0
2011-08-27,2011/12,Chelsea,Norwich,Home,8,3,1,H,0
2011-09-10,2011/12,Chelsea,Sunderland,Away,8,2,1,A,0
2011-09-18,2011/12,Chelsea,Man United,Away,9,1,3,H,0
2011-09-24,2011/12,Chelsea,Swansea,Home,7,4,1,H,1
2011-10-02,2011/12,Chelsea,Bolton,Away,14,5,1,A,0
2011-10-15,2011/12,Chelsea,Everton,Home,5,3,1,H,0
2011-10-23,2011/12,Chelsea,QPR,Away,7,0,1,H,2
2011-10-29,2011/12,Chelsea,Arsenal,Home,10,3,5,A,0
2011-11-05,2011/12,Chelsea,Blackburn,Away,8,1,0,A,0
2011-11-20,2011/12,Chelsea,Liverpool,Home,5,1,2,A,0
2011-11-26,2011/12,Chelsea,Wolves,Home,11,3,0,H,0
2011-12-03,2011/12,Chelsea,Newcastle,Away,13,3,0,A,0
2011-12-12,2011/12,Chelsea,Man City,Home,7,2,1,H,0
2011-12-17,2011/12,Chelsea,Wigan,Away,5,1,1,D,0
2011-12-22,2011/12,Chelsea,Tottenham,Away,10,1,1,D,0
2011-12-26,2011/12,Chelsea,Fulham,Home,15,1,1,D,0
2011-12-31,2011/12,Chelsea,Aston Villa,Home,5,1,3,A,0
2012-01-02,2011/12,Chelsea,Wolves,Away,10,2,1,A,0
2012-01-14,2011/12,Chelsea,Sunderland,Home,10,1,0,H,0
2012-01-21,2011/12,Chelsea,Norwich,Away,9,0,0,D,0
2012-01-31,2011/12,Chelsea,Swansea,Away,10,1,1,D,1
2012-02-05,2011/12,Chelsea,Man United,Home,10,3,3,D,0
2012-02-11,2011/12,Chelsea,Everton,Away,7,0,2,H,0
2012-02-25,2011/12,Chelsea,Bolton,Home,16,3,0,H,0
2012-03-03,2011/12,Chelsea,West Brom,Away,6,0,1,H,0
2012-03-10,2011/12,Chelsea,Stoke,Home,11,1,0,H,0
2012-03-21,2011/12,Chelsea,Man City,Away,5,1,2,H,0
2012-03-24,2011/12,Chelsea,Tottenham,Home,5,0,0,D,0
2012-03-31,2011/12,Chelsea,Aston Villa,Away,9,4,2,A,0
2012-04-07,2011/12,Chelsea,Wigan,Home,10,2,1,H,0
2012-04-09,2011/12,Chelsea,Fulham,Away,4,1,1,D,0
2012-04-21,2011/12,Chelsea,Arsenal,Away,7,0,0,D,0
2012-04-29,2011/12,Chelsea,QPR,Home,18,6,1,H,0
2012-05-02,2011/12,Chelsea,Newcastle,Home,6,0,2,A,0
2012-05-08,2011/12,Chelsea,Liverpool,Away,5,1,4,H,0
2012-05-13,2011/12,Chelsea,Blackburn,Home,6,2,1,H,0
2012-08-19,2012/13,Chelsea,Wigan,Away,3,2,0,A,0
2012-08-22,2012/13,Chelsea,Reading,Home,11,4,2,H,0
2012-08-25,2012/13,Chelsea,Newcastle,Home,6,2,0,H,0
2012-09-15,2012/13,Chelsea,QPR,Away,9,0,0,D,0
2012-09-22,2012/13,Chelsea,Stoke,Home,9,1,0,H,0
2012-09-29,2012/13,Chelsea,Arsenal,Away,5,2,1,A,0
2012-10-06,2012/13,Chelsea,Norwich,Home,13,4,1,H,0
2012-10-20,2012/13,Chelsea,Tottenham,Away,7,4,2,A,0
2012-10-28,2012/13,Chelsea,Man United,Home,11,2,3,A,2
2012-11-03,2012/13,Chelsea,Swansea,Away,7,1,1,D,0
2012-11-11,2012/13,Chelsea,Liverpool,Home,3,1,1,D,0
2012-11-17,2012/13,Chelsea,West Brom,Away,12,1,2,H,0
2012-11-25,2012/13,Chelsea,Man City,Home,1,0,0,D,0
2012-11-28,2012/13,Chelsea,Fulham,Home,13,0,0,D,0
2012-12-01,2012/13,Chelsea,West Ham,Away,9,1,3,H,0
2012-12-08,2012/13,Chelsea,Sunderland,Away,5,3,1,A,0
2012-12-23,2012/13,Chelsea,Aston Villa,Home,18,8,0,H,0
2012-12-26,2012/13,Chelsea,Norwich,Away,11,1,0,A,0
2012-12-30,2012/13,Chelsea,Everton,Away,10,2,1,A,0
2013-01-02,2012/13,Chelsea,QPR,Home,11,0,1,A,0
2013-01-12,2012/13,Chelsea,Stoke,Away,9,4,0,A,0
2013-01-16,2012/13,Chelsea,Southampton,Home,10,2,2,D,0
2013-01-20,2012/13,Chelsea,Arsenal,Home,8,2,1,H,0
2013-01-30,2012/13,Chelsea,Reading,Away,5,2,2,D,0
2013-02-02,2012/13,Chelsea,Newcastle,Away,6,2,3,H,0
2013-02-09,2012/13,Chelsea,Wigan,Home,17,4,1,H,0
2013-02-24,2012/13,Chelsea,Man City,Away,1,0,2,H,0
2013-03-02,2012/13,Chelsea,West Brom,Home,19,1,0,H,0
2013-03-17,2012/13,Chelsea,West Ham,Home,14,2,0,H,0
2013-03-30,2012/13,Chelsea,Southampton,Away,4,1,2,H,0
2013-04-07,2012/13,Chelsea,Sunderland,Home,7,2,1,H,0
2013-04-17,2012/13,Chelsea,Fulham,Away,10,3,0,A,0
2013-04-21,2012/13,Chelsea,Liverpool,Away,6,2,2,D,0
2013-04-28,2012/13,Chelsea,Swansea,Home,14,2,0,H,0
2013-05-05,2012/13,Chelsea,Man United,Away,6,1,0,A,0
2013-05-08,2012/13,Chelsea,Tottenham,Home,8,2,2,D,0
2013-05-11,2012/13,Chelsea,Aston Villa,Away,8,2,1,A,1
2013-05-19,2012/13,Chelsea,Everton,Home,10,2,1,H,0
2013-08-18,2013/14,Chelsea,Hull,Home,5,2,0,H,0
2013-08-21,2013/14,Chelsea,Aston Villa,Home,3,2,1,H,0
2013-08-26,2013/14,Chelsea,Man United,Away,4,0,0,D,0
2013-09-14,2013/14,Chelsea,Everton,Away,5,0,1,H,0
2013-09-21,2013/14,Chelsea,Fulham,Home,10,2,0,H,0
2013-09-28,2013/14,Chelsea,Tottenham,Away,5,1,1,D,1
2013-10-06,2013/14,Chelsea,Norwich,Away,8,3,1,A,0
2013-10-19,2013/14,Chelsea,Cardiff,Home,7,4,1,H,0
2013-10-27,2013/14,Chelsea,Man City,Home,4,2,1,H,0
2013-11-02,2013/14,Chelsea,Newcastle,Away,2,0,2,H,0
2013-11-09,2013/14,Chelsea,West Brom,Home,7,2,2,D,0
2013-11-23,2013/14,Chelsea,West Ham,Away,8,3,0,A,0
2013-12-01,2013/14,Chelsea,Southampton,Home,7,3,1,H,0
2013-12-04,2013/14,Chelsea,Sunderland,Away,5,4,3,A,0
2013-12-07,2013/14,Chelsea,Stoke,Away,6,2,3,H,0
2013-12-14,2013/14,Chelsea,Crystal Palace,Home,7,2,1,H,0
2013-12-23,2013/14,Chelsea,Arsenal,Away,4,0,0,D,0
2013-12-26,2013/14,Chelsea,Swansea,Home,7,1,0,H,0
2013-12-29,2013/14,Chelsea,Liverpool,Home,5,2,1,H,0
2014-01-01,2013/14,Chelsea,Southampton,Away,5,3,0,A,0
2014-01-11,2013/14,Chelsea,Hull,Away,5,2,0,A,0
2014-01-19,2013/14,Chelsea,Man United,Home,6,3,1,H,0
2014-01-29,2013/14,Chelsea,West Ham,Home,9,0,0,D,0
2014-02-03,2013/14,Chelsea,Man City,Away,6,1,0,A,0
2014-02-08,2013/14,Chelsea,Newcastle,Home,8,3,0,H,0
2014-02-11,2013/14,Chelsea,West Brom,Away,4,1,1,D,0
2014-02-22,2013/14,Chelsea,Everton,Home,8,1,0,H,0
2014-03-01,2013/14,Chelsea,Fulham,Away,8,3,1,A,0
2014-03-08,2013/14,Chelsea,Tottenham,Home,4,4,0,H,0
2014-03-15,2013/14,Chelsea,Aston Villa,Away,2,0,1,H,2
2014-03-22,2013/14,Chelsea,Arsenal,Home,11,6,0,H,0
2014-03-29,2013/14,Chelsea,Crystal Palace,Away,2,0,1,H,0
2014-04-05,2013/14,Chelsea,Stoke,Home,8,3,0,H,0
2014-04-13,2013/14,Chelsea,Swansea,Away,3,1,0,A,0
2014-04-19,2013/14,Chelsea,Sunderland,Home,15,1,2,A,0
2014-04-27,2013/14,Chelsea,Liverpool,Away,4,2,0,A,0
2014-05-04,2013/14,Chelsea,Norwich,Home,4,0,0,D,0
2014-05-11,2013/14,Chelsea,Cardiff,Away,7,2,1,A,0
2014-08-18,2014/15,Chelsea,Burnley,Away,3,3,1,A,0
2014-08-23,2014/15,Chelsea,Leicester,Home,10,2,0,H,0
2014-08-30,2014/15,Chelsea,Everton,Away,8,6,3,A,0
2014-09-13,2014/15,Chelsea,Swansea,Home,9,4,2,H,0
2014-09-21,2014/15,Chelsea,Man City,Away,2,1,1,D,0
2014-09-27,2014/15,Chelsea,Aston Villa,Home,8,3,0,H,0
2014-10-05,2014/15,Chelsea,Arsenal,Home,3,2,0,H,0
2014-10-18,2014/15,Chelsea,Crystal Palace,Away,5,2,1,A,1
2014-10-26,2014/15,Chelsea,Man United,Away,4,1,1,D,1
2014-11-01,2014/15,Chelsea,QPR,Home,8,2,1,H,0
2014-11-08,2014/15,Chelsea,Liverpool,Away,5,2,1,A,0
2014-11-22,2014/15,Chelsea,West Brom,Home,8,2,0,H,0
2014-11-29,2014/15,Chelsea,Sunderland,Away,6,0,0,D,0
2014-12-03,2014/15,Chelsea,Tottenham,Home,8,3,0,H,0
2014-12-06,2014/15,Chelsea,Newcastle,Away,8,1,2,H,0
2014-12-13,2014/15,Chelsea,Hull,Home,3,2,0,H,0
2014-12-22,2014/15,Chelsea,Stoke,Away,6,2,0,A,0
2014-12-26,2014/15,Chelsea,West Ham,Home,9,2,0,H,0
2014-12-28,2014/15,Chelsea,Southampton,Away,1,1,1,D,0
2015-01-01,2014/15,Chelsea,Tottenham,Away,7,3,5,H,0
2015-01-10,2014/15,Chelsea,Newcastle,Home,5,2,0,H,0
2015-01-17,2014/15,Chelsea,Swansea,Away,11,5,0,A,0
2015-01-31,2014/15,Chelsea,Man City,Home,2,1,1,D,0
2015-02-07,2014/15,Chelsea,Aston Villa,Away,5,2,1,A,0
2015-02-11,2014/15,Chelsea,Everton,Home,7,1,0,H,0
2015-02-21,2014/15,Chelsea,Burnley,Home,5,1,1,D,1
2015-03-04,2014/15,Chelsea,West Ham,Away,3,1,0,A,0
2015-03-15,2014/15,Chelsea,Southampton,Home,7,1,1,D,0
2015-03-22,2014/15,Chelsea,Hull,Away,3,3,2,A,0
2015-04-04,2014/15,Chelsea,Stoke,Home,10,2,1,H,0
2015-04-12,2014/15,Chelsea,QPR,Away,1,1,0,A,0
2015-04-18,2014/15,Chelsea,Man United,Home,2,1,0,H,0
2015-04-26,2014/15,Chelsea,Arsenal,Away,3,0,0,D,0
2015-04-29,2014/15,Chelsea,Leicester,Away,4,3,1,A,0
2015-05-03,2014/15,Chelsea,Crystal Palace,Home,7,1,0,H,0
2015-05-10,2014/15,Chelsea,Liverpool,Home,3,1,1,D,0
2015-05-18,2014/15,Chelsea,West Brom,Away,3,0,3,H,1
2015-05-24,2014/15,Chelsea,Sunderland,Home,8,3,1,H,0
2015-08-08,2015/16,Chelsea,Swansea,Home,3,2,2,D,1
2015-08-16,2015/16,Chelsea,Man City,Away,3,0,3,H,0
2015-08-23,2015/16,Chelsea,West Brom,Away,5,3,2,A,1
2015-08-29,2015/16,Chelsea,Crystal Palace,Home,9,1,2,A,0
2015-09-12,2015/16,Chelsea,Everton,Away,2,1,3,H,0
2015-09-19,2015/16,Chelsea,Arsenal,Home,7,2,0,H,0
2015-09-26,2015/16,Chelsea,Newcastle,Away,4,2,2,D,0
2015-10-03,2015/16,Chelsea,Southampton,Home,3,1,3,A,0
2015-10-17,2015/16,Chelsea,Aston Villa,Home,3,2,0,H,0
2015-10-24,2015/16,Chelsea,West Ham,Away,4,1,2,H,1
2015-10-31,2015/16,Chelsea,Liverpool,Home,2,1,3,A,0
2015-11-07,2015/16,Chelsea,Stoke,Away,4,0,1,H,0
2015-11-21,2015/16,Chelsea,Norwich,Home,7,1,0,H,0
2015-11-29,2015/16,Chelsea,Tottenham,Away,1,0,0,D,0
2015-12-05,2015/16,Chelsea,Bournemouth,Home,6,0,1,A,0
2015-12-14,2015/16,Chelsea,Leicester,Away,5,1,2,H,0
2015-12-19,2015/16,Chelsea,Sunderland,Home,7,3,1,H,0
2015-12-26,2015/16,Chelsea,Watford,Home,2,2,2,D,0
2015-12-28,2015/16,Chelsea,Man United,Away,3,0,0,D,0
2016-01-03,2015/16,Chelsea,Crystal Palace,Away,4,3,0,A,0
2016-01-13,2015/16,Chelsea,West Brom,Home,2,2,2,D,0
2016-01-16,2015/16,Chelsea,Everton,Home,7,3,3,D,0
2016-01-24,2015/16,Chelsea,Arsenal,Away,6,1,0,A,0
2016-02-03,2015/16,Chelsea,Watford,Away,4,0,0,D,0
2016-02-07,2015/16,Chelsea,Man United,Home,5,1,1,D,0
2016-02-13,2015/16,Chelsea,Newcastle,Home,5,5,1,H,1
2016-02-27,2015/16,Chelsea,Southampton,Away,4,2,1,A,0
2016-03-01,2015/16,Chelsea,Norwich,Away,2,2,1,A,0
2016-03-05,2015/16,Chelsea,Stoke,Home,7,1,1,D,0
2016-03-19,2015/16,Chelsea,West Ham,Home,5,2,2,D,0
2016-04-02,2015/16,Chelsea,Aston Villa,Away,8,4,0,A,0
2016-04-09,2015/16,Chelsea,Swansea,Away,2,0,1,H,0
2016-04-16,2015/16,Chelsea,Man City,Home,4,0,3,A,1
2016-04-23,2015/16,Chelsea,Bournemouth,Away,4,4,1,A,0
2016-05-02,2015/16,Chelsea,Tottenham,Home,5,2,2,D,0
2016-05-07,2015/16,Chelsea,Sunderland,Away,8,2,3,H,1
2016-05-11,2015/16,Chelsea,Liverpool,Away,7,1,1,D,0
2016-05-15,2015/16,Chelsea,Leicester,Home,4,1,1,D,0
2016-08-15,2016/17,Chelsea,West Ham,Home,6,2,1,H,0
2016-08-20,2016/17,Chelsea,Watford,Away,4,2,1,A,0
2016-08-27,2016/17,Chelsea,Burnley,Home,10,3,0,H,0
2016-09-11,2016/17,Chelsea,Swansea,Away,7,2,2,D,0
2016-09-16,2016/17,Chelsea,Liverpool,Home,4,1,2,A,0
2016-09-24,2016/17,Chelsea,Arsenal,Away,2,0,3,H,0
2016-10-01,2016/17,Chelsea,Hull,Away,9,2,0,A,0
2016-10-15,2016/17,Chelsea,Leicester,Home,6,3,0,H,0
2016-10-23,2016/17,Chelsea,Man United,Home,6,4,0,H,0
2016-10-30,2016/17,Chelsea,Southampton,Away,7,2,0,A,0
2016-11-05,2016/17,Chelsea,Everton,Home,9,5,0,H,0
2016-11-20,2016/17,Chelsea,Middlesbrough,Away,3,1,0,A,0
2016-11-26,2016/17,Chelsea,Tottenham,Home,5,2,1,H,0
2016-12-03,2016/17,Chelsea,Man City,Away,4,3,1,A,0
2016-12-11,2016/17,Chelsea,West Brom,Home,2,1,0,H,0
2016-12-14,2016/17,Chelsea,Sunderland,Away,6,1,0,A,0
2016-12-17,2016/17,Chelsea,Crystal Palace,Away,6,1,0,A,0
2016-12-26,2016/17,Chelsea,Bournemouth,Home,4,3,0,H,0
2016-12-31,2016/17,Chelsea,Stoke,Home,7,4,2,H,0
2017-01-04,2016/17,Chelsea,Tottenham,Away,2,0,2,H,0
2017-01-14,2016/17,Chelsea,Leicester,Away,3,3,0,A,0
2017-01-22,2016/17,Chelsea,Hull,Home,5,2,0,H,0
2017-01-31,2016/17,Chelsea,Liverpool,Away,2,1,1,D,0
2017-02-04,2016/17,Chelsea,Arsenal,Home,6,3,1,H,0
2017-02-12,2016/17,Chelsea,Burnley,Away,2,1,1,D,0
2017-02-25,2016/17,Chelsea,Swansea,Home,5,3,1,H,0
2017-03-06,2016/17,Chelsea,West Ham,Away,4,2,1,A,0
2017-03-18,2016/17,Chelsea,Stoke,Away,7,2,1,A,0
2017-04-01,2016/17,Chelsea,Crystal Palace,Home,11,1,2,A,0
2017-04-05,2016/17,Chelsea,Man City,Home,4,2,1,H,0
2017-04-08,2016/17,Chelsea,Bournemouth,Away,5,3,1,A,0
2017-04-16,2016/17,Chelsea,Man United,Away,0,0,2,H,0
2017-04-25,2016/17,Chelsea,Southampton,Home,7,4,2,H,0
2017-04-30,2016/17,Chelsea,Everton,Away,5,3,0,A,0
2017-05-08,2016/17,Chelsea,Middlesbrough,Home,7,3,0,H,0
2017-05-12,2016/17,Chelsea,West Brom,Away,5,1,0,A,0
2017-05-15,2016/17,Chelsea,Watford,Home,9,4,3,H,0
2017-05-21,2016/17,Chelsea,Sunderland,Home,8,5,1,H,0
2017-08-12,2017/18,Chelsea,Burnley,Home,6,2,3,A,2
2017-08-20,2017/18,Chelsea,Tottenham,Away,2,2,1,A,0
2017-08-27,2017/18,Chelsea,Everton,Home,7,2,0,H,0
2017-09-09,2017/18,Chelsea,Leicester,Away,6,2,1,A,0
2017-09-17,2017/18,Chelsea,Arsenal,Home,4,0,0,D,1
2017-09-23,2017/18,Chelsea,Stoke,Away,4,4,0,A,0
2017-09-30,2017/18,Chelsea,Man City,Home,2,0,1,A,0
2017-10-14,2017/18,Chelsea,Crystal Palace,Away,5,1,2,H,0
2017-10-21,2017/18,Chelsea,Watford,Home,8,4,2,H,0
2017-10-28,2017/18,Chelsea,Bournemouth,Away,5,1,0,A,0
2017-11-05,2017/18,Chelsea,Man United,Home,8,1,0,H,0
2017-11-18,2017/18,Chelsea,West Brom,Away,7,4,0,A,0
2017-11-25,2017/18,Chelsea,Liverpool,Away,3,1,1,D,0
2017-11-29,2017/18,Chelsea,Swansea,Home,10,1,0,H,0
2017-12-02,2017/18,Chelsea,Newcastle,Home,9,3,1,H,0
2017-12-09,2017/18,Chelsea,West Ham,Away,2,0,1,H,0
2017-12-12,2017/18,Chelsea,Huddersfield,Away,5,3,1,A,0
2017-12-16,2017/18,Chelsea,Southampton,Home,8,1,0,H,0
2017-12-23,2017/18,Chelsea,Everton,Away,8,0,0,D,0
2017-12-26,2017/18,Chelsea,Brighton,Home,8,2,0,H,0
2017-12-30,2017/18,Chelsea,Stoke,Home,12,5,0,H,0
2018-01-03,2017/18,Chelsea,Arsenal,Away,6,2,2,D,0
2018-01-13,2017/18,Chelsea,Leicester,Home,7,0,0,D,0
2018-01-20,2017/18,Chelsea,Brighton,Away,10,4,0,A,0
2018-01-31,2017/18,Chelsea,Bournemouth,Home,5,0,3,A,0
2018-02-05,2017/18,Chelsea,Watford,Away,3,1,4,H,1
2018-02-12,2017/18,Chelsea,West Brom,Home,8,3,0,H,0
2018-02-25,2017/18,Chelsea,Man United,Away,7,1,2,H,0
2018-03-04,2017/18,Chelsea,Man City,Away,0,0,1,H,0
2018-03-10,2017/18,Chelsea,Crystal Palace,Home,11,2,1,H,0
2018-04-01,2017/18,Chelsea,Tottenham,Home,4,1,3,A,0
2018-04-08,2017/18,Chelsea,West Ham,Home,6,1,1,D,0
2018-04-14,2017/18,Chelsea,Southampton,Away,5,3,2,A,0
2018-04-19,2017/18,Chelsea,Burnley,Away,5,2,1,A,0
2018-04-28,2017/18,Chelsea,Swansea,Away,3,1,0,A,0
2018-05-06,2017/18,Chelsea,Liverpool,Home,4,1,0,H,0
2018-05-09,2017/18,Chelsea,Huddersfield,Home,5,1,1,D,0
2018-05-13,2017/18,Chelsea,Newcastle,Away,2,0,3,H,0
2018-08-11,2018/19,Chelsea,Huddersfield,Away,4,3,0,A,0
2018-08-18,2018/19,Chelsea,Arsenal,Home,11,3,2,H,0
2018-08-26,2018/19,Chelsea,Newcastle,Away,3,2,1,A,0
2018-09-01,2018/19,Chelsea,Bournemouth,Home,6,2,0,H,0
2018-09-15,2018/19,Chelsea,Cardiff,Home,7,4,1,H,0
2018-09-23,2018/19,Chelsea,West Ham,Away,6,0,0,D,0
2018-09-29,2018/19,Chelsea,Liverpool,Home,4,1,1,D,0
2018-10-07,2018/19,Chelsea,Southampton,Away,6,3,0,A,0
2018-10-20,2018/19,Chelsea,Man United,Home,6,2,2,D,0
2018-10-28,2018/19,Chelsea,Burnley,Away,8,4,0,A,0
2018-11-04,2018/19,Chelsea,Crystal Palace,Home,6,3,1,H,0
2018-11-11,2018/19,Chelsea,Everton,Home,4,0,0,D,0
2018-11-24,2018/19,Chelsea,Tottenham,Away,2,1,3,H,0
2018-12-02,2018/19,Chelsea,Fulham,Home,9,2,0,H,0
2018-12-05,2018/19,Chelsea,Wolves,Away,3,1,2,H,0
2018-12-08,2018/19,Chelsea,Man City,Home,5,2,0,H,0
2018-12-16,2018/19,Chelsea,Brighton,Away,3,2,1,A,0
2018-12-22,2018/19,Chelsea,Leicester,Home,5,0,1,A,0
2018-12-26,2018/19,Chelsea,Watford,Away,4,2,1,A,0
2018-12-30,2018/19,Chelsea,Crystal Palace,Away,4,1,0,A,0
2019-01-02,2018/19,Chelsea,Southampton,Home,6,0,0,D,0
2019-01-12,2018/19,Chelsea,Newcastle,Home,6,2,1,H,0
2019-01-19,2018/19,Chelsea,Arsenal,Away,1,0,2,H,0
2019-01-30,2018/19,Chelsea,Bournemouth,Away,7,0,4,H,0
2019-02-02,2018/19,Chelsea,Huddersfield,Home,7,5,0,H,0
2019-02-10,2018/19,Chelsea,Man City,Away,4,0,6,H,0
2019-02-27,2018/19,Chelsea,Tottenham,Home,1,2,0,H,0
2019-03-03,2018/19,Chelsea,Fulham,Away,7,2,1,A,0
2019-03-10,2018/19,Chelsea,Wolves,Home,6,1,1,D,0
2019-03-17,2018/19,Chelsea,Everton,Away,5,0,2,H,0
2019-03-31,2018/19,Chelsea,Cardiff,Away,3,2,1,A,0
2019-04-03,2018/19,Chelsea,Brighton,Home,4,3,0,H,0
2019-04-08,2018/19,Chelsea,West Ham,Home,7,2,0,H,0
2019-04-14,2018/19,Chelsea,Liverpool,Away,3,0,2,H,0
2019-04-22,2018/19,Chelsea,Burnley,Home,9,2,2,D,0
2019-04-28,2018/19,Chelsea,Man United,Away,3,1,1,D,0
2019-05-05,2018/19,Chelsea,Watford,Home,9,3,0,H,0
2019-05-12,2018/19,Chelsea,Leicester,Away,4,0,0,D,0
2019-08-11,2019/20,Chelsea,Man United,Away,7,0,4,H,0
2019-08-18,2019/20,Chelsea,Leicester,Home,5,1,1,D,0
2019-08-24,2019/20,Chelsea,Norwich,Away,8,3,2,A,0
2019-08-31,2019/20,Chelsea,Sheffield United,Home,5,2,2,D,0
2019-09-14,2019/20,Chelsea,Wolves,Away,6,5,2,A,0
2019-09-22,2019/20,Chelsea,Liverpool,Home,2,1,2,A,0
2019-09-28,2019/20,Chelsea,Brighton,Home,10,2,0,H,0
2019-10-06,2019/20,Chelsea,Southampton,Away,7,4,1,A,0
2019-10-19,2019/20,Chelsea,Newcastle,Home,8,1,0,H,0
2019-10-26,2019/20,Chelsea,Burnley,Away,7,4,2,A,0
2019-11-02,2019/20,Chelsea,Watford,Away,10,2,1,A,0
2019-11-09,2019/20,Chelsea,Crystal Palace,Home,5,2,0,H,0
2019-11-23,2019/20,Chelsea,Man City,Away,2,1,2,H,0
2019-11-30,2019/20,Chelsea,West Ham,Home,6,0,1,A,0
2019-12-04,2019/20,Chelsea,Aston Villa,Home,9,2,1,H,0
2019-12-07,2019/20,Chelsea,Everton,Away,4,1,3,H,0
2019-12-14,2019/20,Chelsea,Bournemouth,Home,5,0,1,A,0
2019-12-22,2019/20,Chelsea,Tottenham,Away,3,2,0,A,0
2019-12-26,2019/20,Chelsea,Southampton,Home,3,0,2,A,0
2019-12-29,2019/20,Chelsea,Arsenal,Away,4,2,1,A,0
2020-01-01,2019/20,Chelsea,Brighton,Away,5,1,1,D,0
2020-01-11,2019/20,Chelsea,Burnley,Home,8,3,0,H,0
2020-01-18,2019/20,Chelsea,Newcastle,Away,4,0,1,H,0
2020-01-21,2019/20,Chelsea,Arsenal,Home,8,2,2,D,0
2020-02-01,2019/20,Chelsea,Leicester,Away,3,2,2,D,0
2020-02-17,2019/20,Chelsea,Man United,Home,1,0,2,A,0
2020-02-22,2019/20,Chelsea,Tottenham,Home,7,2,1,H,0
2020-02-29,2019/20,Chelsea,Bournemouth,Away,6,2,2,D,0
2020-03-08,2019/20,Chelsea,Everton,Home,11,4,0,H,0
2020-06-21,2019/20,Chelsea,Aston Villa,Away,5,2,1,A,0
2020-06-25,2019/20,Chelsea,Man City,Home,10,2,1,H,0
2020-07-01,2019/20,Chelsea,West Ham,Away,6,2,3,H,0
2020-07-04,2019/20,Chelsea,Watford,Home,9,3,0,H,0
2020-07-07,2019/20,Chelsea,Crystal Palace,Away,6,3,2,A,0
2020-07-11,2019/20,Chelsea,Sheffield United,Away,4,0,3,H,0
2020-07-14,2019/20,Chelsea,Norwich,Home,6,1,0,H,0
2020-07-22,2019/20,Chelsea,Liverpool,Away,5,3,5,H,0
2020-07-26,2019/20,Chelsea,Wolves,Home,3,2,0,H,0
2020-09-14,2020/21,Chelsea,Brighton,Away,5,3,1,A,0
2020-09-20,2020/21,Chelsea,Liverpool,Home,3,0,2,A,1
2020-09-26,2020/21,Chelsea,West Brom,Away,10,3,3,D,0
2020-10-03,2020/21,Chelsea,Crystal Palace,Home,6,4,0,H,0
2020-10-17,2020/21,Chelsea,Southampton,Home,5,3,3,D,0
2020-10-24,2020/21,Chelsea,Man United,Away,1,0,0,D,0
2020-10-31,2020/21,Chelsea,Burnley,Away,9,3,0,A,0
2020-11-07,2020/21,Chelsea,Sheffield United,Home,9,4,1,H,0
2020-11-21,2020/21,Chelsea,Newcastle,Away,3,2,0,A,0
2020-11-29,2020/21,Chelsea,Tottenham,Home,3,0,0,D,0
2020-12-05,2020/21,Chelsea,Leeds,Home,11,3,1,H,0
2020-12-12,2020/21,Chelsea,Everton,Away,3,0,1,H,0
2020-12-15,2020/21,Chelsea,Wolves,Away,3,1,2,H,0
2020-12-21,2020/21,Chelsea,West Ham,Home,7,3,0,H,0
2020-12-26,2020/21,Chelsea,Arsenal,Away,3,1,3,H,0
2020-12-28,2020/21,Chelsea,Aston Villa,Home,5,1,1,D,0
2021-01-03,2020/21,Chelsea,Man City,Home,2,1,3,A,0
2021-01-16,2020/21,Chelsea,Fulham,Away,6,1,0,A,0
2021-01-19,2020/21,Chelsea,Leicester,Away,5,0,2,H,0
2021-01-27,2020/21,Chelsea,Wolves,Home,5,0,0,D,0
2021-01-31,2020/21,Chelsea,Burnley,Home,8,2,0,H,0
2021-02-04,2020/21,Chelsea,Tottenham,Away,2,1,0,A,0
2021-02-07,2020/21,Chelsea,Sheffield United,Away,3,2,1,A,0
2021-02-15,2020/21,Chelsea,Newcastle,Home,5,2,0,H,0
2021-02-20,2020/21,Chelsea,Southampton,Away,3,1,1,D,0
2021-02-28,2020/21,Chelsea,Man United,Home,6,0,0,D,0
2021-03-04,2020/21,Chelsea,Liverpool,Away,5,1,0,A,0
2021-03-08,2020/21,Chelsea,Everton,Home,9,2,0,H,0
2021-03-13,2020/21,Chelsea,Leeds,Away,8,0,0,D,0
2021-04-03,2020/21,Chelsea,West Brom,Home,8,2,5,A,1
2021-04-10,2020/21,Chelsea,Crystal Palace,Away,10,4,1,A,0
2021-04-20,2020/21,Chelsea,Brighton,Home,4,0,0,D,0
2021-04-24,2020/21,Chelsea,West Ham,Away,6,1,0,A,0
2021-05-01,2020/21,Chelsea,Fulham,Home,5,2,0,H,0
2021-05-08,2020/21,Chelsea,Man City,Away,5,2,1,A,0
2021-05-12,2020/21,Chelsea,Arsenal,Home,5,0,1,A,0
2021-05-18,2020/21,Chelsea,Leicester,Home,6,2,1,H,0
2021-05-23,2020/21,Chelsea,Aston Villa,Away,7,1,2,H,1
2021-08-14,2021/22,Chelsea,Crystal Palace,Home,6,3,0,H,0
2021-08-22,2021/22,Chelsea,Arsenal,Away,5,2,0,A,0
2021-08-28,2021/22,Chelsea,Liverpool,Away,3,1,1,D,1
2021-09-11,2021/22,Chelsea,Aston Villa,Home,4,3,0,H,0
2021-09-19,2021/22,Chelsea,Tottenham,Away,10,3,0,A,0
2021-09-25,2021/22,Chelsea,Man City,Home,0,0,1,A,0
2021-10-02,2021/22,Chelsea,Southampton,Home,9,3,1,H,0
2021-10-16,2021/22,Chelsea,Brentford,Away,1,1,0,A,0
2021-10-23,2021/22,Chelsea,Norwich,Home,13,7,0,H,0
2021-10-30,2021/22,Chelsea,Newcastle,Away,6,3,0,A,0
2021-11-06,2021/22,Chelsea,Burnley,Home,4,1,1,D,0
2021-11-20,2021/22,Chelsea,Leicester,Away,7,3,0,A,0
2021-11-28,2021/22,Chelsea,Man United,Home,6,1,1,D,0
2021-12-01,2021/22,Chelsea,Watford,Away,4,2,1,A,0
2021-12-04,2021/22,Chelsea,West Ham,Away,7,2,3,H,0
2021-12-11,2021/22,Chelsea,Leeds,Home,6,3,2,H,0
2021-12-16,2021/22,Chelsea,Everton,Home,10,1,1,D,0
2021-12-19,2021/22,Chelsea,Wolves,Away,1,0,0,D,0
2021-12-26,2021/22,Chelsea,Aston Villa,Away,4,3,1,A,0
2021-12-29,2021/22,Chelsea,Brighton,Home,5,1,1,D,0
2022-01-02,2021/22,Chelsea,Liverpool,Home,6,2,2,D,0
2022-01-15,2021/22,Chelsea,Man City,Away,1,0,1,H,0
2022-01-18,2021/22,Chelsea,Brighton,Away,3,1,1,D,0
2022-01-23,2021/22,Chelsea,Tottenham,Home,7,2,0,H,0
2022-02-19,2021/22,Chelsea,Crystal Palace,Away,3,1,0,A,0
2022-03-05,2021/22,Chelsea,Burnley,Away,5,4,0,A,0
2022-03-10,2021/22,Chelsea,Norwich,Away,7,3,1,A,0
2022-03-13,2021/22,Chelsea,Newcastle,Home,3,1,0,H,0
2022-04-02,2021/22,Chelsea,Brentford,Home,8,1,4,A,0
2022-04-09,2021/22,Chelsea,Southampton,Away,14,6,0,A,0
2022-04-20,2021/22,Chelsea,Arsenal,Home,2,2,4,A,0
2022-04-24,2021/22,Chelsea,West Ham,Home,5,1,0,H,0
2022-04-28,2021/22,Chelsea,Man United,Away,6,1,1,D,0
2022-05-01,2021/22,Chelsea,Everton,Away,5,0,1,H,0
2022-05-07,2021/22,Chelsea,Wolves,Home,6,2,2,D,0
2022-05-11,2021/22,Chelsea,Leeds,Away,4,3,0,A,0
2022-05-19,2021/22,Chelsea,Leicester,Home,7,1,1,D,0
2022-05-22,2021/22,Chelsea,Watford,Home,8,2,1,H,0
2022-08-06,2022/23,Chelsea,Everton,Away,6,1,0,A,0
2022-08-14,2022/23,Chelsea,Tottenham,Home,3,2,2,D,0
2022-08-21,2022/23,Chelsea,Leeds,Away,3,0,3,H,1
2022-08-27,2022/23,Chelsea,Leicester,Home,3,2,1,H,1
2022-08-30,2022/23,Chelsea,Southampton,Away,4,1,2,H,0
2022-09-03,2022/23,Chelsea,West Ham,Home,3,2,1,H,0
2022-10-01,2022/23,Chelsea,Crystal Palace,Away,3,2,1,A,0
2022-10-08,2022/23,Chelsea,Wolves,Home,7,3,0,H,0
2022-10-16,2022/23,Chelsea,Aston Villa,Away,4,2,0,A,0
2022-10-19,2022/23,Chelsea,Brentford,Away,5,0,0,D,0
2022-10-22,2022/23,Chelsea,Man United,Home,2,1,1,D,0
2022-10-29,2022/23,Chelsea,Brighton,Away,7,1,4,H,0
2022-11-06,2022/23,Chelsea,Arsenal,Home,1,0,1,A,0
2022-11-12,2022/23,Chelsea,Newcastle,Away,2,0,1,H,0
2022-12-27,2022/23,Chelsea,Bournemouth,Home,5,2,0,H,0
2023-01-01,2022/23,Chelsea,Nott'm Forest,Away,2,1,1,D,0
2023-01-05,2022/23,Chelsea,Man City,Home,2,0,1,A,0
2023-01-12,2022/23,Chelsea,Fulham,Away,10,1,2,H,1
2023-01-15,2022/23,Chelsea,Crystal Palace,Home,5,1,0,H,0
2023-01-21,2022/23,Chelsea,Liverpool,Away,2,0,0,D,0
2023-02-03,2022/23,Chelsea,Fulham,Home,3,0,0,D,0
2023-02-11,2022/23,Chelsea,West Ham,Away,4,1,1,D,0
2023-02-18,2022/23,Chelsea,Southampton,Home,5,0,1,A,0
2023-02-26,2022/23,Chelsea,Tottenham,Away,2,0,2,H,0
2023-03-04,2022/23,Chelsea,Leeds,Home,3,1,0,H,0
2023-03-11,2022/23,Chelsea,Leicester,Away,6,3,1,A,0
2023-03-18,2022/23,Chelsea,Everton,Home,7,2,2,D,0
2023-04-01,2022/23,Chelsea,Aston Villa,Home,8,0,2,A,0
2023-04-04,2022/23,Chelsea,Liverpool,Home,3,0,0,D,0
2023-04-08,2022/23,Chelsea,Wolves,Away,1,0,1,H,0
2023-04-15,2022/23,Chelsea,Brighton,Home,2,1,2,A,0
2023-04-26,2022/23,Chelsea,Brentford,Home,4,0,2,A,0
2023-05-02,2022/23,Chelsea,Arsenal,Away,4,1,3,H,0
2023-05-06,2022/23,Chelsea,Bournemouth,Away,5,3,1,A,0
2023-05-13,2022/23,Chelsea,Nott'm Forest,Home,6,2,2,D,0
2023-05-21,2022/23,Chelsea,Man City,Away,6,0,1,H,0
2023-05-25,2022/23,Chelsea,Man United,Away,5,1,4,H,0
2023-05-28,2022/23,Chelsea,Newcastle,Home,5,1,1,D,0
2023-08-13,2023/24,Chelsea,Liverpool,Home,4,1,1,D,0
2023-08-20,2023/24,Chelsea,West Ham,Away,4,1,3,H,0
2023-08-25,2023/24,Chelsea,Luton,Home,8,3,0,H,0
2023-09-02,2023/24,Chelsea,Nott'm Forest,Home,2,0,1,A,0
2023-09-17,2023/24,Chelsea,Bournemouth,Away,6,0,0,D,0
2023-09-24,2023/24,Chelsea,Aston Villa,Home,4,0,1,A,0
2023-10-02,2023/24,Chelsea,Fulham,Away,4,2,0,A,0
2023-10-07,2023/24,Chelsea,Burnley,Away,5,4,1,A,0
2023-10-21,2023/24,Chelsea,Arsenal,Home,5,2,2,D,0
2023-10-28,2023/24,Chelsea,Brentford,Home,2,0,2,A,0
2023-11-06,2023/24,Chelsea,Tottenham,Away,8,4,1,A,0
2023-11-12,2023/24,Chelsea,Man City,Home,9,4,4,D,0
2023-11-25,2023/24,Chelsea,Newcastle,Away,4,1,4,H,1
2023-12-03,2023/24,Chelsea,Brighton,Home,5,3,2,H,1
2023-12-06,2023/24,Chelsea,Man United,Away,3,1,2,H,0
2023-12-10,2023/24,Chelsea,Everton,Away,4,0,2,H,0
2023-12-16,2023/24,Chelsea,Sheffield United,Home,6,2,0,H,0
2023-12-24,2023/24,Chelsea,Wolves,Away,5,1,2,H,0
2023-12-27,2023/24,Chelsea,Crystal Palace,Home,4,2,1,H,0
2023-12-30,2023/24,Chelsea,Luton,Away,8,3,2,A,0
2024-01-13,2023/24,Chelsea,Fulham,Home,3,1,0,H,0
2024-01-31,2023/24,Chelsea,Liverpool,Away,3,1,4,H,0
2024-02-04,2023/24,Chelsea,Wolves,Home,6,2,4,A,0
2024-02-12,2023/24,Chelsea,Crystal Palace,Away,5,3,1,A,0
2024-02-17,2023/24,Chelsea,Man City,Away,6,1,1,D,0
2024-03-02,2023/24,Chelsea,Brentford,Away,6,2,2,D,0
2024-03-11,2023/24,Chelsea,Newcastle,Home,8,3,2,H,0
2024-03-30,2023/24,Chelsea,Burnley,Home,13,2,2,D,0
2024-04-04,2023/24,Chelsea,Man United,Home,10,4,3,H,0
2024-04-07,2023/24,Chelsea,Sheffield United,Away,3,2,2,D,0
2024-04-15,2023/24,Chelsea,Everton,Home,10,6,0,H,0
2024-04-23,2023/24,Chelsea,Arsenal,Away,1,0,5,H,0
2024-04-27,2023/24,Chelsea,Aston Villa,Away,5,2,2,D,0
2024-05-02,2023/24,Chelsea,Tottenham,Home,5,2,0,H,0
2024-05-05,2023/24,Chelsea,West Ham,Home,14,5,0,H,0
2024-05-11,2023/24,Chelsea,Nott'm Forest,Away,5,3,2,A,0
2024-05-15,2023/24,Chelsea,Brighton,Away,6,2,1,A,1
2024-05-19,2023/24,Chelsea,Bournemouth,Home,6,2,1,H,0
2024-08-18,2024/25,Chelsea,Man City,Home,3,0,2,A,0
2024-08-25,2024/25,Chelsea,Wolves,Away,8,6,2,A,0
2024-09-01,2024/25,Chelsea,Crystal Palace,Home,7,1,1,D,0
2024-09-14,2024/25,Chelsea,Bournemouth,Away,3,1,0,A,0
2024-09-21,2024/25,Chelsea,West Ham,Away,5,3,0,A,0
2024-09-28,2024/25,Chelsea,Brighton,Home,7,4,2,H,0
2024-10-06,2024/25,Chelsea,Nott'm Forest,Home,8,1,1,D,0
2024-10-20,2024/25,Chelsea,Liverpool,Away,2,1,2,H,0
2024-10-27,2024/25,Chelsea,Newcastle,Home,7,2,1,H,0
2024-11-03,2024/25,Chelsea,Man United,Away,3,1,1,D,0
2024-11-10,2024/25,Chelsea,Arsenal,Home,3,1,1,D,0
2024-11-23,2024/25,Chelsea,Leicester,Away,7,2,1,A,0
2024-12-01,2024/25,Chelsea,Aston Villa,Home,8,3,0,H,0
2024-12-04,2024/25,Chelsea,Southampton,Away,13,5,1,A,0
2024-12-08,2024/25,Chelsea,Tottenham,Away,8,4,3,A,0
2024-12-15,2024/25,Chelsea,Brentford,Home,8,2,1,H,1
2024-12-22,2024/25,Chelsea,Everton,Away,5,0,0,D,0
2024-12-26,2024/25,Chelsea,Fulham,Home,8,1,2,A,0
2024-12-30,2024/25,Chelsea,Ipswich,Away,5,0,2,H,0
2025-01-04,2024/25,Chelsea,Crystal Palace,Away,1,1,1,D,0
2025-01-14,2024/25,Chelsea,Bournemouth,Home,10,2,2,D,0
2025-01-20,2024/25,Chelsea,Wolves,Home,7,3,1,H,0
2025-01-25,2024/25,Chelsea,Man City,Away,4,1,3,H,0
2025-02-03,2024/25,Chelsea,West Ham,Home,3,2,1,H,0
2025-02-14,2024/25,Chelsea,Brighton,Away,0,0,3,H,0
2025-02-22,2024/25,Chelsea,Aston Villa,Away,7,1,2,H,0
2025-02-25,2024/25,Chelsea,Southampton,Home,10,4,0,H,0
2025-03-09,2024/25,Chelsea,Leicester,Home,7,1,0,H,0
2025-03-16,2024/25,Chelsea,Arsenal,Away,2,0,1,H,0
2025-04-03,2024/25,Chelsea,Tottenham,Home,5,1,0,H,0
2025-04-06,2024/25,Chelsea,Brentford,Away,5,0,0,D,0
2025-04-13,2024/25,Chelsea,Ipswich,Home,9,2,2,D,0
2025-04-20,2024/25,Chelsea,Fulham,Away,8,2,1,A,0
2025-04-26,2024/25,Chelsea,Everton,Home,7,1,0,H,0
2025-05-04,2024/25,Chelsea,Liverpool,Home,7,3,1,H,0
2000-08-19,2000/01,Coventry,Middlesbrough,Home,3,1,3,A,1
2000-08-23,2000/01,Coventry,Southampton,Away,5,2,1,A,0
2000-08-26,2000/01,Coventry,Man City,Away,8,2,1,A,0
2000-09-06,2000/01,Coventry,Newcastle,Home,3,0,2,A,0
2000-09-09,2000/01,Coventry,Leeds,Home,1,0,0,D,0
2000-09-16,2000/01,Coventry,Arsenal,Away,2,1,2,H,0
2000-09-23,2000/01,Coventry,West Ham,Home,2,0,3,A,0
2000-09-30,2000/01,Coventry,Charlton,Away,6,2,2,D,0
2000-10-14,2000/01,Coventry,Tottenham,Home,5,2,1,H,1
2000-10-21,2000/01,Coventry,Chelsea,Away,3,1,6,H,1
2000-10-28,2000/01,Coventry,Sunderland,Away,4,0,1,H,0
2000-11-04,2000/01,Coventry,Man United,Home,2,1,2,A,0
2000-11-12,2000/01,Coventry,Liverpool,Away,5,1,4,H,0
2000-11-20,2000/01,Coventry,Ipswich,Home,5,0,1,A,0
2000-11-25,2000/01,Coventry,Aston Villa,Home,2,1,1,D,0
2000-12-02,2000/01,Coventry,Bradford,Away,7,1,2,H,0
2000-12-10,2000/01,Coventry,Leicester,Home,5,1,0,H,0
2000-12-16,2000/01,Coventry,Derby,Away,5,0,1,H,0
2000-12-22,2000/01,Coventry,Southampton,Home,5,1,1,D,0
2000-12-26,2000/01,Coventry,Everton,Away,5,2,1,A,0
2000-12-30,2000/01,Coventry,Middlesbrough,Away,3,1,1,D,0
2001-01-01,2000/01,Coventry,Man City,Home,9,1,1,D,0
2001-01-13,2000/01,Coventry,Newcastle,Away,5,1,3,H,0
2001-01-20,2000/01,Coventry,Everton,Home,5,1,3,A,0
2001-01-31,2000/01,Coventry,Leeds,Away,1,0,1,H,0
2001-02-03,2000/01,Coventry,Arsenal,Home,4,0,1,A,0
2001-02-12,2000/01,Coventry,West Ham,Away,4,1,1,D,0
2001-02-24,2000/01,Coventry,Charlton,Home,7,2,2,D,0
2001-03-03,2000/01,Coventry,Chelsea,Home,10,0,0,D,0
2001-03-17,2000/01,Coventry,Tottenham,Away,5,0,3,H,0
2001-03-31,2000/01,Coventry,Derby,Home,7,2,0,H,1
2001-04-07,2000/01,Coventry,Leicester,Away,5,3,1,A,0
2001-04-14,2000/01,Coventry,Man United,Away,4,2,4,H,0
2001-04-16,2000/01,Coventry,Sunderland,Home,9,1,0,H,0
2001-04-21,2000/01,Coventry,Ipswich,Away,2,0,2,H,0
2001-04-28,2000/01,Coventry,Liverpool,Home,4,0,2,A,0
2001-05-05,2000/01,Coventry,Aston Villa,Away,3,2,3,H,0
2001-05-19,2000/01,Coventry,Bradford,Home,7,0,0,D,0
2004-08-14,2004/05,Crystal Palace,Norwich,Away,8,1,1,D,0
2004-08-21,2004/05,Crystal Palace,Everton,Home,9,1,3,A,0
2004-08-24,2004/05,Crystal Palace,Chelsea,Home,4,0,2,A,0
2004-08-28,2004/05,Crystal Palace,Middlesbrough,Away,2,1,2,H,0
2004-09-11,2004/05,Crystal Palace,Portsmouth,Away,3,1,3,H,0
2004-09-18,2004/05,Crystal Palace,Man City,Home,1,1,2,A,0
2004-09-25,2004/05,Crystal Palace,Aston Villa,Away,8,1,1,D,0
2004-10-04,2004/05,Crystal Palace,Fulham,Home,10,2,0,H,0
2004-10-16,2004/05,Crystal Palace,Bolton,Away,2,0,1,H,0
2004-10-23,2004/05,Crystal Palace,West Brom,Home,4,3,0,H,0
2004-10-30,2004/05,Crystal Palace,Birmingham,Away,1,1,0,A,0
2004-11-06,2004/05,Crystal Palace,Arsenal,Home,1,1,1,D,0
2004-11-13,2004/05,Crystal Palace,Liverpool,Away,4,2,3,H,0
2004-11-20,2004/05,Crystal Palace,Newcastle,Home,5,0,2,A,0
2004-11-27,2004/05,Crystal Palace,Southampton,Away,8,2,2,D,0
2004-12-05,2004/05,Crystal Palace,Charlton,Home,3,0,1,A,0
2004-12-11,2004/05,Crystal Palace,Blackburn,Home,1,0,0,D,0
2004-12-18,2004/05,Crystal Palace,Man United,Away,3,2,5,H,0
2004-12-26,2004/05,Crystal Palace,Portsmouth,Home,10,0,1,A,0
2004-12-28,2004/05,Crystal Palace,Tottenham,Away,7,1,1,D,0
2005-01-01,2004/05,Crystal Palace,Fulham,Away,3,1,3,H,0
2005-01-03,2004/05,Crystal Palace,Aston Villa,Home,9,2,0,H,0
2005-01-15,2004/05,Crystal Palace,Man City,Away,2,1,3,H,0
2005-01-22,2004/05,Crystal Palace,Tottenham,Home,7,3,0,H,0
2005-02-01,2004/05,Crystal Palace,West Brom,Away,4,2,2,D,1
2005-02-05,2004/05,Crystal Palace,Bolton,Home,7,0,1,A,0
2005-02-14,2004/05,Crystal Palace,Arsenal,Away,3,1,5,H,0
2005-02-26,2004/05,Crystal Palace,Birmingham,Home,2,2,0,H,0
2005-03-05,2004/05,Crystal Palace,Man United,Home,1,0,0,D,1
2005-03-19,2004/05,Crystal Palace,Chelsea,Away,3,1,4,H,0
2005-04-02,2004/05,Crystal Palace,Middlesbrough,Home,13,0,1,A,0
2005-04-10,2004/05,Crystal Palace,Everton,Away,3,0,4,H,0
2005-04-16,2004/05,Crystal Palace,Norwich,Home,10,3,3,D,0
2005-04-20,2004/05,Crystal Palace,Blackburn,Away,3,0,1,H,0
2013-08-18,2013/14,Crystal Palace,Tottenham,Home,3,0,1,A,0
2013-08-24,2013/14,Crystal Palace,Stoke,Away,5,1,2,H,0
2013-08-31,2013/14,Crystal Palace,Sunderland,Home,6,3,1,H,0
2013-09-14,2013/14,Crystal Palace,Man United,Away,0,0,2,H,1
2013-09-22,2013/14,Crystal Palace,Swansea,Home,1,0,2,A,0
2013-09-28,2013/14,Crystal Palace,Southampton,Away,0,0,2,H,0
2013-10-05,2013/14,Crystal Palace,Liverpool,Away,2,1,3,H,0
2013-10-21,2013/14,Crystal Palace,Fulham,Home,4,1,4,A,0
2013-10-26,2013/14,Crystal Palace,Arsenal,Home,4,0,2,A,0
2013-11-02,2013/14,Crystal Palace,West Brom,Away,4,0,2,H,0
2013-11-09,2013/14,Crystal Palace,Everton,Home,2,0,0,D,0
2013-11-23,2013/14,Crystal Palace,Hull,Away,2,1,0,A,1
2013-11-30,2013/14,Crystal Palace,Norwich,Away,3,0,1,H,0
2013-12-03,2013/14,Crystal Palace,West Ham,Home,5,1,0,H,0
2013-12-07,2013/14,Crystal Palace,Cardiff,Home,5,2,0,H,0
2013-12-14,2013/14,Crystal Palace,Chelsea,Away,5,1,2,H,0
2013-12-21,2013/14,Crystal Palace,Newcastle,Home,4,0,3,A,0
2013-12-26,2013/14,Crystal Palace,Aston Villa,Away,7,1,0,A,0
2013-12-28,2013/14,Crystal Palace,Man City,Away,4,0,1,H,0
2014-01-01,2013/14,Crystal Palace,Norwich,Home,4,1,1,D,0
2014-01-11,2013/14,Crystal Palace,Tottenham,Away,2,0,2,H,0
2014-01-18,2013/14,Crystal Palace,Stoke,Home,6,1,0,H,0
2014-01-28,2013/14,Crystal Palace,Hull,Home,3,1,0,H,0
2014-02-02,2013/14,Crystal Palace,Arsenal,Away,2,0,2,H,0
2014-02-08,2013/14,Crystal Palace,West Brom,Home,6,3,1,H,0
2014-02-22,2013/14,Crystal Palace,Man United,Home,6,0,2,A,0
2014-03-02,2013/14,Crystal Palace,Swansea,Away,4,1,1,D,0
2014-03-08,2013/14,Crystal Palace,Southampton,Home,1,0,1,A,0
2014-03-15,2013/14,Crystal Palace,Sunderland,Away,5,0,0,D,0
2014-03-22,2013/14,Crystal Palace,Newcastle,Away,1,0,1,H,0
2014-03-29,2013/14,Crystal Palace,Chelsea,Home,4,1,0,H,0
2014-04-05,2013/14,Crystal Palace,Cardiff,Away,8,3,0,A,0
2014-04-12,2013/14,Crystal Palace,Aston Villa,Home,4,1,0,H,0
2014-04-16,2013/14,Crystal Palace,Everton,Away,4,3,2,A,0
2014-04-19,2013/14,Crystal Palace,West Ham,Away,3,1,0,A,0
2014-04-27,2013/14,Crystal Palace,Man City,Home,2,0,2,A,0
2014-05-05,2013/14,Crystal Palace,Liverpool,Home,6,3,3,D,0
2014-05-11,2013/14,Crystal Palace,Fulham,Away,6,2,2,D,0
2014-08-16,2014/15,Crystal Palace,Arsenal,Away,2,1,2,H,1
2014-08-23,2014/15,Crystal Palace,West Ham,Home,4,1,3,A,0
2014-08-30,2014/15,Crystal Palace,Newcastle,Away,7,3,3,D,0
2014-09-13,2014/15,Crystal Palace,Burnley,Home,3,0,0,D,0
2014-09-21,2014/15,Crystal Palace,Everton,Away,3,3,2,A,0
2014-09-27,2014/15,Crystal Palace,Leicester,Home,6,2,0,H,0
2014-10-04,2014/15,Crystal Palace,Hull,Away,2,0,2,H,0
2014-10-18,2014/15,Crystal Palace,Chelsea,Home,4,1,2,A,1
2014-10-25,2014/15,Crystal Palace,West Brom,Away,6,2,2,D,0
2014-11-03,2014/15,Crystal Palace,Sunderland,Home,1,1,3,A,1
2014-11-08,2014/15,Crystal Palace,Man United,Away,1,0,1,H,0
2014-11-23,2014/15,Crystal Palace,Liverpool,Home,5,3,1,H,0
2014-11-29,2014/15,Crystal Palace,Swansea,Away,5,1,1,D,0
2014-12-02,2014/15,Crystal Palace,Aston Villa,Home,5,0,1,A,0
2014-12-06,2014/15,Crystal Palace,Tottenham,Away,4,0,0,D,0
2014-12-13,2014/15,Crystal Palace,Stoke,Home,3,1,1,D,0
2014-12-20,2014/15,Crystal Palace,Man City,Away,1,0,3,H,0
2014-12-26,2014/15,Crystal Palace,Southampton,Home,4,1,3,A,0
2014-12-28,2014/15,Crystal Palace,QPR,Away,3,0,0,D,0
2015-01-01,2014/15,Crystal Palace,Aston Villa,Away,0,0,0,D,0
2015-01-10,2014/15,Crystal Palace,Tottenham,Home,7,2,1,H,0
2015-01-17,2014/15,Crystal Palace,Burnley,Away,4,3,2,A,0
2015-01-31,2014/15,Crystal Palace,Everton,Home,3,0,1,A,0
2015-02-07,2014/15,Crystal Palace,Leicester,Away,2,1,0,A,0
2015-02-11,2014/15,Crystal Palace,Newcastle,Home,3,1,1,D,0
2015-02-21,2014/15,Crystal Palace,Arsenal,Home,3,1,2,A,0
2015-02-28,2014/15,Crystal Palace,West Ham,Away,5,3,1,A,1
2015-03-03,2014/15,Crystal Palace,Southampton,Away,3,0,1,H,0
2015-03-14,2014/15,Crystal Palace,QPR,Home,4,3,1,H,0
2015-03-21,2014/15,Crystal Palace,Stoke,Away,3,2,1,A,0
2015-04-06,2014/15,Crystal Palace,Man City,Home,3,2,1,H,0
2015-04-11,2014/15,Crystal Palace,Sunderland,Away,5,4,1,A,0
2015-04-18,2014/15,Crystal Palace,West Brom,Home,4,0,2,A,0
2015-04-25,2014/15,Crystal Palace,Hull,Home,3,0,2,A,0
2015-05-03,2014/15,Crystal Palace,Chelsea,Away,1,0,1,H,0
2015-05-09,2014/15,Crystal Palace,Man United,Home,4,1,2,A,0
2015-05-16,2014/15,Crystal Palace,Liverpool,Away,6,3,1,A,0
2015-05-24,2014/15,Crystal Palace,Swansea,Home,7,1,0,H,0
2015-08-08,2015/16,Crystal Palace,Norwich,Away,7,3,1,A,0
2015-08-16,2015/16,Crystal Palace,Arsenal,Home,4,1,2,A,0
2015-08-22,2015/16,Crystal Palace,Aston Villa,Home,6,2,1,H,0
2015-08-29,2015/16,Crystal Palace,Chelsea,Away,6,2,1,A,0
2015-09-12,2015/16,Crystal Palace,Man City,Home,2,0,1,A,0
2015-09-20,2015/16,Crystal Palace,Tottenham,Away,4,0,1,H,0
2015-09-27,2015/16,Crystal Palace,Watford,Away,3,1,0,A,0
2015-10-03,2015/16,Crystal Palace,West Brom,Home,8,2,0,H,0
2015-10-17,2015/16,Crystal Palace,West Ham,Home,1,1,3,A,1
2015-10-24,2015/16,Crystal Palace,Leicester,Away,4,0,1,H,0
2015-10-31,2015/16,Crystal Palace,Man United,Home,5,0,0,D,0
2015-11-08,2015/16,Crystal Palace,Liverpool,Away,4,2,1,A,0
2015-11-23,2015/16,Crystal Palace,Sunderland,Home,7,0,1,A,0
2015-11-28,2015/16,Crystal Palace,Newcastle,Home,8,5,1,H,0
2015-12-07,2015/16,Crystal Palace,Everton,Away,5,1,1,D,0
2015-12-12,2015/16,Crystal Palace,Southampton,Home,5,1,0,H,0
2015-12-19,2015/16,Crystal Palace,Stoke,Away,3,2,1,A,0
2015-12-26,2015/16,Crystal Palace,Bournemouth,Away,0,0,0,D,0
2015-12-28,2015/16,Crystal Palace,Swansea,Home,2,0,0,D,0
2016-01-03,2015/16,Crystal Palace,Chelsea,Home,4,0,3,A,0
2016-01-12,2015/16,Crystal Palace,Aston Villa,Away,1,0,1,H,0
2016-01-16,2015/16,Crystal Palace,Man City,Away,3,0,4,H,0
2016-01-23,2015/16,Crystal Palace,Tottenham,Home,3,1,3,A,0
2016-02-02,2015/16,Crystal Palace,Bournemouth,Home,3,1,2,A,0
2016-02-06,2015/16,Crystal Palace,Swansea,Away,2,1,1,D,0
2016-02-13,2015/16,Crystal Palace,Watford,Home,7,1,2,A,0
2016-02-27,2015/16,Crystal Palace,West Brom,Away,2,2,3,H,0
2016-03-01,2015/16,Crystal Palace,Sunderland,Away,5,2,2,D,0
2016-03-06,2015/16,Crystal Palace,Liverpool,Home,4,1,2,A,0
2016-03-19,2015/16,Crystal Palace,Leicester,Home,4,0,1,A,0
2016-04-02,2015/16,Crystal Palace,West Ham,Away,5,2,2,D,0
2016-04-09,2015/16,Crystal Palace,Norwich,Home,6,1,0,H,0
2016-04-13,2015/16,Crystal Palace,Everton,Home,6,0,0,D,0
2016-04-17,2015/16,Crystal Palace,Arsenal,Away,2,1,1,D,0
2016-04-20,2015/16,Crystal Palace,Man United,Away,0,0,2,H,0
2016-04-30,2015/16,Crystal Palace,Newcastle,Away,3,0,1,H,0
2016-05-07,2015/16,Crystal Palace,Stoke,Home,4,2,1,H,0
2016-05-15,2015/16,Crystal Palace,Southampton,Away,4,1,4,H,0
2016-08-13,2016/17,Crystal Palace,West Brom,Home,4,0,1,A,0
2016-08-20,2016/17,Crystal Palace,Tottenham,Away,2,0,1,H,0
2016-08-27,2016/17,Crystal Palace,Bournemouth,Home,5,1,1,D,0
2016-09-10,2016/17,Crystal Palace,Middlesbrough,Away,4,2,1,A,0
2016-09-18,2016/17,Crystal Palace,Stoke,Home,8,4,1,H,0
2016-09-24,2016/17,Crystal Palace,Sunderland,Away,4,3,2,A,0
2016-09-30,2016/17,Crystal Palace,Everton,Away,2,1,1,D,0
2016-10-15,2016/17,Crystal Palace,West Ham,Home,3,0,1,A,0
2016-10-22,2016/17,Crystal Palace,Leicester,Away,7,1,3,H,0
2016-10-29,2016/17,Crystal Palace,Liverpool,Home,6,2,4,A,0
2016-11-05,2016/17,Crystal Palace,Burnley,Away,5,2,3,H,0
2016-11-19,2016/17,Crystal Palace,Man City,Home,2,1,2,A,0
2016-11-26,2016/17,Crystal Palace,Swansea,Away,4,4,5,H,0
2016-12-03,2016/17,Crystal Palace,Southampton,Home,4,3,0,H,0
2016-12-10,2016/17,Crystal Palace,Hull,Away,6,3,3,D,0
2016-12-14,2016/17,Crystal Palace,Man United,Home,3,1,2,A,0
2016-12-17,2016/17,Crystal Palace,Chelsea,Home,2,0,1,A,0
2016-12-26,2016/17,Crystal Palace,Watford,Away,4,1,1,D,0
2017-01-01,2016/17,Crystal Palace,Arsenal,Away,4,0,2,H,0
2017-01-03,2016/17,Crystal Palace,Swansea,Home,3,1,2,A,0
2017-01-14,2016/17,Crystal Palace,West Ham,Away,1,0,3,H,0
2017-01-21,2016/17,Crystal Palace,Everton,Home,2,0,1,A,0
2017-01-31,2016/17,Crystal Palace,Bournemouth,Away,4,2,0,A,0
2017-02-04,2016/17,Crystal Palace,Sunderland,Home,9,0,4,A,0
2017-02-11,2016/17,Crystal Palace,Stoke,Away,1,0,1,H,0
2017-02-25,2016/17,Crystal Palace,Middlesbrough,Home,3,1,0,H,0
2017-03-04,2016/17,Crystal Palace,West Brom,Away,4,2,0,A,0
2017-03-18,2016/17,Crystal Palace,Watford,Home,0,1,0,H,0
2017-04-01,2016/17,Crystal Palace,Chelsea,Away,3,2,1,A,0
2017-04-05,2016/17,Crystal Palace,Southampton,Away,3,1,3,H,0
2017-04-10,2016/17,Crystal Palace,Arsenal,Home,6,3,0,H,0
2017-04-15,2016/17,Crystal Palace,Leicester,Home,4,2,2,D,0
2017-04-23,2016/17,Crystal Palace,Liverpool,Away,3,2,1,A,0
2017-04-26,2016/17,Crystal Palace,Tottenham,Home,1,0,1,A,0
2017-04-29,2016/17,Crystal Palace,Burnley,Home,5,0,2,A,0
2017-05-06,2016/17,Crystal Palace,Man City,Away,2,0,5,H,0
2017-05-14,2016/17,Crystal Palace,Hull,Home,4,4,0,H,0
2017-05-21,2016/17,Crystal Palace,Man United,Away,1,0,2,H,0
2017-08-12,2017/18,Crystal Palace,Huddersfield,Home,4,0,3,A,0
2017-08-19,2017/18,Crystal Palace,Liverpool,Away,1,0,1,H,0
2017-08-26,2017/18,Crystal Palace,Swansea,Home,3,0,2,A,0
2017-09-10,2017/18,Crystal Palace,Burnley,Away,5,0,1,H,0
2017-09-16,2017/18,Crystal Palace,Southampton,Home,3,0,1,A,0
2017-09-23,2017/18,Crystal Palace,Man City,Away,0,0,5,H,0
2017-09-30,2017/18,Crystal Palace,Man United,Away,1,0,4,H,0
2017-10-14,2017/18,Crystal Palace,Chelsea,Home,5,2,1,H,0
2017-10-21,2017/18,Crystal Palace,Newcastle,Away,0,0,1,H,0
2017-10-28,2017/18,Crystal Palace,West Ham,Home,9,2,2,D,0
2017-11-05,2017/18,Crystal Palace,Tottenham,Away,3,0,1,H,0
2017-11-18,2017/18,Crystal Palace,Everton,Home,7,2,2,D,0
2017-11-25,2017/18,Crystal Palace,Stoke,Home,5,2,1,H,0
2017-11-28,2017/18,Crystal Palace,Brighton,Away,4,0,0,D,0
2017-12-02,2017/18,Crystal Palace,West Brom,Away,2,0,0,D,0
2017-12-09,2017/18,Crystal Palace,Bournemouth,Home,8,2,2,D,0
2017-12-12,2017/18,Crystal Palace,Watford,Home,4,2,1,H,0
2017-12-16,2017/18,Crystal Palace,Leicester,Away,6,3,0,A,0
2017-12-23,2017/18,Crystal Palace,Swansea,Away,5,1,1,D,0
2017-12-28,2017/18,Crystal Palace,Arsenal,Home,2,2,3,A,0
2017-12-31,2017/18,Crystal Palace,Man City,Home,1,0,0,D,0
2018-01-02,2017/18,Crystal Palace,Southampton,Away,4,2,1,A,0
2018-01-13,2017/18,Crystal Palace,Burnley,Home,2,1,0,H,0
2018-01-20,2017/18,Crystal Palace,Arsenal,Away,5,1,4,H,0
2018-01-30,2017/18,Crystal Palace,West Ham,Away,3,1,1,D,0
2018-02-04,2017/18,Crystal Palace,Newcastle,Home,6,1,1,D,0
2018-02-10,2017/18,Crystal Palace,Everton,Away,4,1,3,H,0
2018-02-25,2017/18,Crystal Palace,Tottenham,Home,3,0,1,A,0
2018-03-05,2017/18,Crystal Palace,Man United,Home,4,2,3,A,0
2018-03-10,2017/18,Crystal Palace,Chelsea,Away,2,1,2,H,0
2018-03-17,2017/18,Crystal Palace,Huddersfield,Away,6,2,0,A,0
2018-03-31,2017/18,Crystal Palace,Liverpool,Home,3,1,2,A,0
2018-04-07,2017/18,Crystal Palace,Bournemouth,Away,6,2,2,D,0
2018-04-14,2017/18,Crystal Palace,Brighton,Home,8,3,2,H,0
2018-04-21,2017/18,Crystal Palace,Watford,Away,1,0,0,D,0
2018-04-28,2017/18,Crystal Palace,Leicester,Home,9,5,0,H,0
2018-05-05,2017/18,Crystal Palace,Stoke,Away,2,2,1,A,0
2018-05-13,2017/18,Crystal Palace,West Brom,Home,5,2,0,H,0
2018-08-11,2018/19,Crystal Palace,Fulham,Away,9,2,0,A,0
2018-08-20,2018/19,Crystal Palace,Liverpool,Home,2,0,2,A,1
2018-08-26,2018/19,Crystal Palace,Watford,Away,3,1,2,H,0
2018-09-01,2018/19,Crystal Palace,Southampton,Home,6,0,2,A,0
2018-09-15,2018/19,Crystal Palace,Huddersfield,Away,2,1,0,A,0
2018-09-22,2018/19,Crystal Palace,Newcastle,Home,4,0,0,D,0
2018-10-01,2018/19,Crystal Palace,Bournemouth,Away,2,1,2,H,0
2018-10-06,2018/19,Crystal Palace,Wolves,Home,4,0,1,A,0
2018-10-21,2018/19,Crystal Palace,Everton,Away,3,0,2,H,0
2018-10-28,2018/19,Crystal Palace,Arsenal,Home,3,2,2,D,0
2018-11-04,2018/19,Crystal Palace,Chelsea,Away,2,1,3,H,0
2018-11-10,2018/19,Crystal Palace,Tottenham,Home,4,0,1,A,0
2018-11-24,2018/19,Crystal Palace,Man United,Away,2,0,0,D,0
2018-12-01,2018/19,Crystal Palace,Burnley,Home,9,2,0,H,0
2018-12-04,2018/19,Crystal Palace,Brighton,Away,5,1,3,H,0
2018-12-08,2018/19,Crystal Palace,West Ham,Away,4,2,3,H,0
2018-12-15,2018/19,Crystal Palace,Leicester,Home,1,1,0,H,0
2018-12-22,2018/19,Crystal Palace,Man City,Away,3,3,2,A,0
2018-12-26,2018/19,Crystal Palace,Cardiff,Home,5,0,0,D,0
2018-12-30,2018/19,Crystal Palace,Chelsea,Home,0,0,1,A,0
2019-01-02,2018/19,Crystal Palace,Wolves,Away,4,2,0,A,0
2019-01-12,2018/19,Crystal Palace,Watford,Home,6,1,2,A,0
2019-01-19,2018/19,Crystal Palace,Liverpool,Away,3,3,4,H,0
2019-01-30,2018/19,Crystal Palace,Southampton,Away,3,1,1,D,1
2019-02-02,2018/19,Crystal Palace,Fulham,Home,6,2,0,H,0
2019-02-09,2018/19,Crystal Palace,West Ham,Home,5,1,1,D,0
2019-02-23,2018/19,Crystal Palace,Leicester,Away,5,4,1,A,0
2019-02-27,2018/19,Crystal Palace,Man United,Home,2,1,3,A,0
2019-03-02,2018/19,Crystal Palace,Burnley,Away,4,3,1,A,0
2019-03-09,2018/19,Crystal Palace,Brighton,Home,3,1,2,A,0
2019-03-30,2018/19,Crystal Palace,Huddersfield,Home,5,2,0,H,0
2019-04-03,2018/19,Crystal Palace,Tottenham,Away,1,0,2,H,0
2019-04-06,2018/19,Crystal Palace,Newcastle,Away,1,1,0,A,0
2019-04-14,2018/19,Crystal Palace,Man City,Home,3,1,3,A,0
2019-04-21,2018/19,Crystal Palace,Arsenal,Away,7,3,2,A,0
2019-04-27,2018/19,Crystal Palace,Everton,Home,0,0,0,D,0
2019-05-04,2018/19,Crystal Palace,Cardiff,Away,7,3,2,A,0
2019-05-12,2018/19,Crystal Palace,Bournemouth,Home,8,5,3,H,0
2019-08-10,2019/20,Crystal Palace,Everton,Home,2,0,0,D,0
2019-08-18,2019/20,Crystal Palace,Sheffield United,Away,4,0,1,H,0
2019-08-24,2019/20,Crystal Palace,Man United,Away,3,2,1,A,0
2019-08-31,2019/20,Crystal Palace,Aston Villa,Home,5,1,0,H,0
2019-09-14,2019/20,Crystal Palace,Tottenham,Away,6,0,4,H,0
2019-09-22,2019/20,Crystal Palace,Wolves,Home,4,1,1,D,0
2019-09-28,2019/20,Crystal Palace,Norwich,Home,3,2,0,H,0
2019-10-05,2019/20,Crystal Palace,West Ham,Away,4,2,1,A,0
2019-10-19,2019/20,Crystal Palace,Man City,Home,2,0,2,A,0
2019-10-27,2019/20,Crystal Palace,Arsenal,Away,4,2,2,D,0
2019-11-03,2019/20,Crystal Palace,Leicester,Home,3,0,2,A,0
2019-11-09,2019/20,Crystal Palace,Chelsea,Away,1,0,2,H,0
2019-11-23,2019/20,Crystal Palace,Liverpool,Home,6,1,2,A,0
2019-11-30,2019/20,Crystal Palace,Burnley,Away,2,2,0,A,0
2019-12-03,2019/20,Crystal Palace,Bournemouth,Home,2,1,0,H,1
2019-12-07,2019/20,Crystal Palace,Watford,Away,0,0,0,D,0
2019-12-16,2019/20,Crystal Palace,Brighton,Home,4,1,1,D,0
2019-12-21,2019/20,Crystal Palace,Newcastle,Away,4,0,1,H,0
2019-12-26,2019/20,Crystal Palace,West Ham,Home,4,2,1,H,0
2019-12-28,2019/20,Crystal Palace,Southampton,Away,2,1,1,D,0
2020-01-01,2019/20,Crystal Palace,Norwich,Away,3,1,1,D,0
2020-01-11,2019/20,Crystal Palace,Arsenal,Home,3,1,1,D,0
2020-01-18,2019/20,Crystal Palace,Man City,Away,3,2,2,D,0
2020-01-21,2019/20,Crystal Palace,Southampton,Home,0,0,2,A,0
2020-02-01,2019/20,Crystal Palace,Sheffield United,Home,3,0,1,A,0
2020-02-08,2019/20,Crystal Palace,Everton,Away,2,1,3,H,0
2020-02-22,2019/20,Crystal Palace,Newcastle,Home,9,1,0,H,0
2020-02-29,2019/20,Crystal Palace,Brighton,Away,3,1,0,A,0
2020-03-07,2019/20,Crystal Palace,Watford,Home,3,1,0,H,0
2020-06-20,2019/20,Crystal Palace,Bournemouth,Away,2,2,0,A,0
2020-06-24,2019/20,Crystal Palace,Liverpool,Away,0,0,4,H,0
2020-06-29,2019/20,Crystal Palace,Burnley,Home,4,0,1,A,0
2020-07-04,2019/20,Crystal Palace,Leicester,Away,1,0,3,H,0
2020-07-07,2019/20,Crystal Palace,Chelsea,Home,4,2,3,A,0
2020-07-12,2019/20,Crystal Palace,Aston Villa,Away,5,0,2,H,1
2020-07-16,2019/20,Crystal Palace,Man United,Home,5,0,2,A,0
2020-07-20,2019/20,Crystal Palace,Wolves,Away,3,0,2,H,0
2020-07-26,2019/20,Crystal Palace,Tottenham,Home,2,1,1,D,0
2020-09-12,2020/21,Crystal Palace,Southampton,Home,3,1,0,H,0
2020-09-19,2020/21,Crystal Palace,Man United,Away,5,3,1,A,0
2020-09-26,2020/21,Crystal Palace,Everton,Home,1,1,2,A,0
2020-10-03,2020/21,Crystal Palace,Chelsea,Away,0,0,4,H,0
2020-10-18,2020/21,Crystal Palace,Brighton,Home,1,1,1,D,0
2020-10-24,2020/21,Crystal Palace,Fulham,Away,10,2,1,A,0
2020-10-30,2020/21,Crystal Palace,Wolves,Away,2,0,2,H,1
2020-11-07,2020/21,Crystal Palace,Leeds,Home,6,4,1,H,0
2020-11-23,2020/21,Crystal Palace,Burnley,Away,5,0,1,H,0
2020-11-27,2020/21,Crystal Palace,Newcastle,Home,3,0,2,A,0
2020-12-06,2020/21,Crystal Palace,West Brom,Away,6,5,1,A,0
2020-12-13,2020/21,Crystal Palace,Tottenham,Home,5,1,1,D,0
2020-12-16,2020/21,Crystal Palace,West Ham,Away,2,1,1,D,1
2020-12-19,2020/21,Crystal Palace,Liverpool,Home,3,0,7,A,0
2020-12-26,2020/21,Crystal Palace,Aston Villa,Away,6,0,3,H,0
2020-12-28,2020/21,Crystal Palace,Leicester,Home,1,1,1,D,0
2021-01-02,2020/21,Crystal Palace,Sheffield United,Home,4,2,0,H,0
2021-01-14,2020/21,Crystal Palace,Arsenal,Away,2,0,0,D,0
2021-01-17,2020/21,Crystal Palace,Man City,Away,0,0,4,H,0
2021-01-26,2020/21,Crystal Palace,West Ham,Home,3,2,3,A,0
2021-01-30,2020/21,Crystal Palace,Wolves,Home,2,1,0,H,0
2021-02-02,2020/21,Crystal Palace,Newcastle,Away,3,2,1,A,0
2021-02-08,2020/21,Crystal Palace,Leeds,Away,3,0,2,H,0
2021-02-13,2020/21,Crystal Palace,Burnley,Home,3,0,3,A,0
2021-02-22,2020/21,Crystal Palace,Brighton,Away,2,2,1,A,0
2021-02-28,2020/21,Crystal Palace,Fulham,Home,0,0,0,D,0
2021-03-03,2020/21,Crystal Palace,Man United,Home,2,0,0,D,0
2021-03-07,2020/21,Crystal Palace,Tottenham,Away,1,1,4,H,0
2021-03-13,2020/21,Crystal Palace,West Brom,Home,4,1,0,H,0
2021-04-05,2020/21,Crystal Palace,Everton,Away,6,1,1,D,0
2021-04-10,2020/21,Crystal Palace,Chelsea,Home,1,1,4,A,0
2021-04-26,2020/21,Crystal Palace,Leicester,Away,2,1,2,H,0
2021-05-01,2020/21,Crystal Palace,Man City,Home,4,0,2,A,0
2021-05-08,2020/21,Crystal Palace,Sheffield United,Away,8,2,0,A,0
2021-05-11,2020/21,Crystal Palace,Southampton,Away,4,1,3,H,0
2021-05-16,2020/21,Crystal Palace,Aston Villa,Home,8,3,2,H,0
2021-05-19,2020/21,Crystal Palace,Arsenal,Home,6,1,3,A,0
2021-05-23,2020/21,Crystal Palace,Liverpool,Away,4,0,2,H,0
2021-08-14,2021/22,Crystal Palace,Chelsea,Away,1,0,3,H,0
2021-08-21,2021/22,Crystal Palace,Brentford,Home,2,0,0,D,0
2021-08-28,2021/22,Crystal Palace,West Ham,Away,2,2,2,D,0
2021-09-11,2021/22,Crystal Palace,Tottenham,Home,4,3,0,H,0
2021-09-18,2021/22,Crystal Palace,Liverpool,Away,2,0,3,H,0
2021-09-27,2021/22,Crystal Palace,Brighton,Home,3,1,1,D,0
2021-10-03,2021/22,Crystal Palace,Leicester,Home,4,2,2,D,0
2021-10-18,2021/22,Crystal Palace,Arsenal,Away,6,2,2,D,0
2021-10-23,2021/22,Crystal Palace,Newcastle,Home,3,1,1,D,0
2021-10-30,2021/22,Crystal Palace,Man City,Away,3,2,0,A,0
2021-11-06,2021/22,Crystal Palace,Wolves,Home,6,2,0,H,0
2021-11-20,2021/22,Crystal Palace,Burnley,Away,8,3,3,D,0
2021-11-27,2021/22,Crystal Palace,Aston Villa,Home,3,1,2,A,0
2021-11-30,2021/22,Crystal Palace,Leeds,Away,1,0,1,H,0
2021-12-05,2021/22,Crystal Palace,Man United,Away,2,0,1,H,0
2021-12-12,2021/22,Crystal Palace,Everton,Home,6,3,1,H,0
2021-12-15,2021/22,Crystal Palace,Southampton,Home,6,2,2,D,0
2021-12-26,2021/22,Crystal Palace,Tottenham,Away,0,0,3,H,1
2021-12-28,2021/22,Crystal Palace,Norwich,Home,6,3,0,H,0
2022-01-01,2021/22,Crystal Palace,West Ham,Home,6,2,3,A,0
2022-01-14,2021/22,Crystal Palace,Brighton,Away,1,1,1,D,0
2022-01-23,2021/22,Crystal Palace,Liverpool,Home,5,1,3,A,0
2022-02-09,2021/22,Crystal Palace,Norwich,Away,5,1,1,D,0
2022-02-12,2021/22,Crystal Palace,Brentford,Away,3,0,0,D,0
2022-02-19,2021/22,Crystal Palace,Chelsea,Home,0,0,1,A,0
2022-02-23,2021/22,Crystal Palace,Watford,Away,5,4,1,A,0
2022-02-26,2021/22,Crystal Palace,Burnley,Home,4,1,1,D,0
2022-03-05,2021/22,Crystal Palace,Wolves,Away,8,2,0,A,0
2022-03-14,2021/22,Crystal Palace,Man City,Home,1,0,0,D,0
2022-04-04,2021/22,Crystal Palace,Arsenal,Home,5,3,0,H,0
2022-04-10,2021/22,Crystal Palace,Leicester,Away,3,1,2,H,0
2022-04-20,2021/22,Crystal Palace,Newcastle,Away,2,0,1,H,0
2022-04-25,2021/22,Crystal Palace,Leeds,Home,7,0,0,D,0
2022-04-30,2021/22,Crystal Palace,Southampton,Away,5,2,1,A,0
2022-05-07,2021/22,Crystal Palace,Watford,Home,7,1,0,H,0
2022-05-15,2021/22,Crystal Palace,Aston Villa,Away,4,1,1,D,0
2022-05-19,2021/22,Crystal Palace,Everton,Away,5,2,3,H,0
2022-05-22,2021/22,Crystal Palace,Man United,Home,3,1,0,H,0
2022-08-05,2022/23,Crystal Palace,Arsenal,Home,2,0,2,A,0
2022-08-15,2022/23,Crystal Palace,Liverpool,Away,3,1,1,D,0
2022-08-20,2022/23,Crystal Palace,Aston Villa,Home,9,3,1,H,0
2022-08-27,2022/23,Crystal Palace,Man City,Away,2,2,4,H,0
2022-08-30,2022/23,Crystal Palace,Brentford,Home,4,1,1,D,0
2022-09-03,2022/23,Crystal Palace,Newcastle,Away,9,0,0,D,0
2022-10-01,2022/23,Crystal Palace,Chelsea,Home,3,1,2,A,0
2022-10-09,2022/23,Crystal Palace,Leeds,Home,5,2,1,H,0
2022-10-15,2022/23,Crystal Palace,Leicester,Away,1,0,0,D,0
2022-10-18,2022/23,Crystal Palace,Wolves,Home,4,2,1,H,0
2022-10-22,2022/23,Crystal Palace,Everton,Away,2,0,3,H,0
2022-10-29,2022/23,Crystal Palace,Southampton,Home,3,1,0,H,0
2022-11-06,2022/23,Crystal Palace,West Ham,Away,6,2,1,A,0
2022-11-12,2022/23,Crystal Palace,Nott'm Forest,Away,0,0,1,H,0
2022-12-26,2022/23,Crystal Palace,Fulham,Home,0,0,3,A,2
2022-12-31,2022/23,Crystal Palace,Bournemouth,Away,6,2,0,A,0
2023-01-04,2022/23,Crystal Palace,Tottenham,Home,4,0,4,A,0
2023-01-15,2022/23,Crystal Palace,Chelsea,Away,5,0,1,H,0
2023-01-18,2022/23,Crystal Palace,Man United,Home,5,1,1,D,0
2023-01-21,2022/23,Crystal Palace,Newcastle,Home,1,0,0,D,0
2023-02-04,2022/23,Crystal Palace,Man United,Away,3,1,2,H,0
2023-02-11,2022/23,Crystal Palace,Brighton,Home,1,1,1,D,0
2023-02-18,2022/23,Crystal Palace,Brentford,Away,4,1,1,D,0
2023-02-25,2022/23,Crystal Palace,Liverpool,Home,0,0,0,D,0
2023-03-04,2022/23,Crystal Palace,Aston Villa,Away,0,0,1,H,1
2023-03-11,2022/23,Crystal Palace,Man City,Home,0,0,1,A,0
2023-03-15,2022/23,Crystal Palace,Brighton,Away,3,0,1,H,0
2023-03-19,2022/23,Crystal Palace,Arsenal,Away,4,1,4,H,0
2023-04-01,2022/23,Crystal Palace,Leicester,Home,9,2,1,H,0
2023-04-09,2022/23,Crystal Palace,Leeds,Away,8,5,1,A,0
2023-04-15,2022/23,Crystal Palace,Southampton,Away,2,2,0,A,0
2023-04-22,2022/23,Crystal Palace,Everton,Home,2,0,0,D,0
2023-04-25,2022/23,Crystal Palace,Wolves,Away,4,0,2,H,0
2023-04-29,2022/23,Crystal Palace,West Ham,Home,6,4,3,H,0
2023-05-06,2022/23,Crystal Palace,Tottenham,Away,2,0,1,H,0
2023-05-13,2022/23,Crystal Palace,Bournemouth,Home,5,2,0,H,0
2023-05-20,2022/23,Crystal Palace,Fulham,Away,5,2,2,D,0
2023-05-28,2022/23,Crystal Palace,Nott'm Forest,Home,4,1,1,D,0
2023-08-12,2023/24,Crystal Palace,Sheffield United,Away,8,1,0,A,0
2023-08-21,2023/24,Crystal Palace,Arsenal,Home,2,0,1,A,0
2023-08-26,2023/24,Crystal Palace,Brentford,Away,5,1,1,D,0
2023-09-03,2023/24,Crystal Palace,Wolves,Home,11,3,2,H,0
2023-09-16,2023/24,Crystal Palace,Aston Villa,Away,3,1,3,H,0
2023-09-23,2023/24,Crystal Palace,Fulham,Home,3,0,0,D,0
2023-09-30,2023/24,Crystal Palace,Man United,Away,2,1,0,A,0
2023-10-07,2023/24,Crystal Palace,Nott'm Forest,Home,2,0,0,D,0
2023-10-21,2023/24,Crystal Palace,Newcastle,Away,3,0,4,H,0
2023-10-27,2023/24,Crystal Palace,Tottenham,Home,3,1,2,A,0
2023-11-04,2023/24,Crystal Palace,Burnley,Away,3,2,0,A,0
2023-11-11,2023/24,Crystal Palace,Everton,Home,4,2,3,A,0
2023-11-25,2023/24,Crystal Palace,Luton,Away,8,1,2,H,0
2023-12-03,2023/24,Crystal Palace,West Ham,Away,2,1,1,D,0
2023-12-06,2023/24,Crystal Palace,Bournemouth,Home,3,0,2,A,0
2023-12-09,2023/24,Crystal Palace,Liverpool,Home,4,1,2,A,1
2023-12-16,2023/24,Crystal Palace,Man City,Away,2,2,2,D,0
2023-12-21,2023/24,Crystal Palace,Brighton,Home,3,1,1,D,0
2023-12-27,2023/24,Crystal Palace,Chelsea,Away,5,1,2,H,0
2023-12-30,2023/24,Crystal Palace,Brentford,Home,6,3,1,H,0
2024-01-20,2023/24,Crystal Palace,Arsenal,Away,5,0,5,H,0
2024-01-30,2023/24,Crystal Palace,Sheffield United,Home,4,3,2,H,0
2024-02-03,2023/24,Crystal Palace,Brighton,Away,5,1,4,H,0
2024-02-12,2023/24,Crystal Palace,Chelsea,Home,4,1,3,A,0
2024-02-19,2023/24,Crystal Palace,Everton,Away,4,1,1,D,0
2024-02-24,2023/24,Crystal Palace,Burnley,Home,6,3,0,H,0
2024-03-02,2023/24,Crystal Palace,Tottenham,Away,1,1,3,H,0
2024-03-09,2023/24,Crystal Palace,Luton,Home,4,1,1,D,0
2024-03-30,2023/24,Crystal Palace,Nott'm Forest,Away,3,1,1,D,0
2024-04-02,2023/24,Crystal Palace,Bournemouth,Away,2,0,1,H,0
2024-04-06,2023/24,Crystal Palace,Man City,Home,4,2,4,A,0
2024-04-14,2023/24,Crystal Palace,Liverpool,Away,5,1,0,A,0
2024-04-21,2023/24,Crystal Palace,West Ham,Home,7,5,2,H,0
2024-04-24,2023/24,Crystal Palace,Newcastle,Home,7,2,0,H,0
2024-04-27,2023/24,Crystal Palace,Fulham,Away,4,1,1,D,0
2024-05-06,2023/24,Crystal Palace,Man United,Home,10,4,0,H,0
2024-05-11,2023/24,Crystal Palace,Wolves,Away,3,3,1,A,1
2024-05-19,2023/24,Crystal Palace,Aston Villa,Home,9,5,0,H,0
2024-08-18,2024/25,Crystal Palace,Brentford,Away,6,1,2,H,0
2024-08-24,2024/25,Crystal Palace,West Ham,Home,2,0,2,A,0
2024-09-01,2024/25,Crystal Palace,Chelsea,Away,3,1,1,D,0
2024-09-14,2024/25,Crystal Palace,Leicester,Home,4,2,2,D,0
2024-09-21,2024/25,Crystal Palace,Man United,Home,4,0,0,D,0
2024-09-28,2024/25,Crystal Palace,Everton,Away,5,1,2,H,0
2024-10-05,2024/25,Crystal Palace,Liverpool,Home,5,0,1,A,0
2024-10-21,2024/25,Crystal Palace,Nott'm Forest,Away,7,0,1,H,0
2024-10-27,2024/25,Crystal Palace,Tottenham,Home,6,1,0,H,0
2024-11-02,2024/25,Crystal Palace,Wolves,Away,7,2,2,D,0
2024-11-09,2024/25,Crystal Palace,Fulham,Home,5,0,2,A,1
2024-11-23,2024/25,Crystal Palace,Aston Villa,Away,6,2,2,D,0
2024-11-30,2024/25,Crystal Palace,Newcastle,Home,4,1,1,D,0
2024-12-03,2024/25,Crystal Palace,Ipswich,Away,3,1,0,A,0
2024-12-07,2024/25,Crystal Palace,Man City,Home,3,2,2,D,0
2024-12-15,2024/25,Crystal Palace,Brighton,Away,5,3,1,A,0
2024-12-21,2024/25,Crystal Palace,Arsenal,Home,6,1,5,A,0
2024-12-26,2024/25,Crystal Palace,Bournemouth,Away,4,0,0,D,0
2024-12-29,2024/25,Crystal Palace,Southampton,Home,10,2,1,H,0
2025-01-04,2024/25,Crystal Palace,Chelsea,Home,6,1,1,D,0
2025-01-15,2024/25,Crystal Palace,Leicester,Away,4,2,0,A,0
2025-01-18,2024/25,Crystal Palace,West Ham,Away,7,2,0,A,0
2025-01-26,2024/25,Crystal Palace,Brentford,Home,5,1,2,A,0
2025-02-02,2024/25,Crystal Palace,Man United,Away,3,2,0,A,0
2025-02-15,2024/25,Crystal Palace,Everton,Home,6,1,2,A,0
2025-02-22,2024/25,Crystal Palace,Fulham,Away,5,2,0,A,0
2025-02-25,2024/25,Crystal Palace,Aston Villa,Home,6,4,1,H,0
2025-03-08,2024/25,Crystal Palace,Ipswich,Home,4,1,0,H,0
2025-04-02,2024/25,Crystal Palace,Southampton,Away,3,1,1,D,0
2025-04-05,2024/25,Crystal Palace,Brighton,Home,3,2,1,H,2
2025-04-12,2024/25,Crystal Palace,Man City,Away,3,2,5,H,0
2025-04-16,2024/25,Crystal Palace,Newcastle,Away,4,0,5,H,0
2025-04-19,2024/25,Crystal Palace,Bournemouth,Home,0,0,0,D,1
2025-04-23,2024/25,Crystal Palace,Arsenal,Away,4,2,2,D,0
2025-05-05,2024/25,Crystal Palace,Nott'm Forest,Home,3,1,1,D,0
2000-08-19,2000/01,Derby,Southampton,Home,4,2,2,D,0
2000-08-23,2000/01,Derby,Newcastle,Away,5,2,3,H,0
2000-08-26,2000/01,Derby,Everton,Away,4,2,2,D,0
2000-09-06,2000/01,Derby,Middlesbrough,Home,5,3,3,D,0
2000-09-10,2000/01,Derby,Charlton,Home,6,2,2,D,0
2000-09-16,2000/01,Derby,Sunderland,Away,5,1,2,H,0
2000-09-23,2000/01,Derby,Leeds,Home,7,1,1,D,1
2000-09-30,2000/01,Derby,Aston Villa,Away,6,1,4,H,0
2000-10-15,2000/01,Derby,Liverpool,Home,0,0,4,A,0
2000-10-21,2000/01,Derby,Tottenham,Away,7,1,3,H,0
2000-10-28,2000/01,Derby,Leicester,Away,2,1,2,H,0
2000-11-06,2000/01,Derby,West Ham,Home,2,0,0,D,0
2000-11-11,2000/01,Derby,Arsenal,Away,2,0,0,D,0
2000-11-18,2000/01,Derby,Bradford,Home,3,2,0,H,0
2000-11-25,2000/01,Derby,Man United,Home,0,0,3,A,0
2000-12-02,2000/01,Derby,Ipswich,Away,3,1,0,A,0
2000-12-09,2000/01,Derby,Chelsea,Away,3,1,4,H,0
2000-12-16,2000/01,Derby,Coventry,Home,3,1,0,H,0
2000-12-23,2000/01,Derby,Newcastle,Home,5,2,0,H,0
2000-12-26,2000/01,Derby,Man City,Away,3,0,0,D,0
2000-12-30,2000/01,Derby,Southampton,Away,5,0,1,H,0
2001-01-01,2000/01,Derby,Everton,Home,3,1,0,H,0
2001-01-13,2000/01,Derby,Middlesbrough,Away,3,0,4,H,0
2001-01-20,2000/01,Derby,Man City,Home,3,1,1,D,0
2001-01-30,2000/01,Derby,Charlton,Away,3,1,2,H,0
2001-02-03,2000/01,Derby,Sunderland,Home,3,1,0,H,0
2001-02-10,2000/01,Derby,Leeds,Away,2,0,0,D,0
2001-02-24,2000/01,Derby,Aston Villa,Home,5,1,0,H,0
2001-03-03,2000/01,Derby,Tottenham,Home,4,2,1,H,0
2001-03-18,2000/01,Derby,Liverpool,Away,4,1,1,D,0
2001-03-31,2000/01,Derby,Coventry,Away,8,0,2,H,0
2001-04-07,2000/01,Derby,Chelsea,Home,2,0,4,A,0
2001-04-14,2000/01,Derby,West Ham,Away,3,1,3,H,0
2001-04-16,2000/01,Derby,Leicester,Home,6,2,0,H,0
2001-04-21,2000/01,Derby,Bradford,Away,3,0,2,H,1
2001-04-28,2000/01,Derby,Arsenal,Home,2,1,2,A,0
2001-05-05,2000/01,Derby,Man United,Away,5,1,0,A,0
2001-05-19,2000/01,Derby,Ipswich,Home,2,1,1,D,0
2001-08-18,2001/02,Derby,Blackburn,Home,3,2,1,H,0
2001-08-21,2001/02,Derby,Ipswich,Away,2,1,3,H,1
2001-08-25,2001/02,Derby,Fulham,Away,2,0,0,D,0
2001-09-08,2001/02,Derby,West Ham,Home,3,0,0,D,0
2001-09-15,2001/02,Derby,Leicester,Home,9,2,3,A,0
2001-09-23,2001/02,Derby,Leeds,Away,2,0,3,H,0
2001-09-29,2001/02,Derby,Arsenal,Home,5,0,2,A,0
2001-10-15,2001/02,Derby,Tottenham,Away,6,1,3,H,0
2001-10-20,2001/02,Derby,Charlton,Home,5,1,1,D,0
2001-10-28,2001/02,Derby,Chelsea,Home,8,1,1,D,0
2001-11-03,2001/02,Derby,Middlesbrough,Away,4,1,5,H,0
2001-11-17,2001/02,Derby,Southampton,Home,3,1,0,H,0
2001-11-24,2001/02,Derby,Newcastle,Away,4,0,1,H,0
2001-12-01,2001/02,Derby,Liverpool,Home,4,0,1,A,0
2001-12-08,2001/02,Derby,Bolton,Home,6,1,0,H,0
2001-12-12,2001/02,Derby,Man United,Away,5,0,5,H,0
2001-12-15,2001/02,Derby,Everton,Away,2,0,1,H,0
2001-12-22,2001/02,Derby,Aston Villa,Home,7,3,1,H,0
2001-12-26,2001/02,Derby,West Ham,Away,3,0,4,H,1
2001-12-29,2001/02,Derby,Blackburn,Away,5,1,0,A,0
2002-01-02,2001/02,Derby,Fulham,Home,0,0,1,A,0
2002-01-12,2001/02,Derby,Aston Villa,Away,1,1,2,H,1
2002-01-19,2001/02,Derby,Ipswich,Home,5,1,3,A,0
2002-01-29,2001/02,Derby,Charlton,Away,2,0,1,H,0
2002-02-02,2001/02,Derby,Tottenham,Home,7,1,0,H,0
2002-02-09,2001/02,Derby,Sunderland,Home,4,0,1,A,0
2002-02-23,2001/02,Derby,Leicester,Away,4,3,0,A,0
2002-03-03,2001/02,Derby,Man United,Home,7,2,2,D,0
2002-03-05,2001/02,Derby,Arsenal,Away,0,0,1,H,0
2002-03-16,2001/02,Derby,Bolton,Away,2,3,1,A,0
2002-03-23,2001/02,Derby,Everton,Home,4,3,4,A,0
2002-03-30,2001/02,Derby,Chelsea,Away,1,1,2,H,0
2002-04-01,2001/02,Derby,Middlesbrough,Home,4,0,1,A,0
2002-04-06,2001/02,Derby,Southampton,Away,3,0,2,H,0
2002-04-13,2001/02,Derby,Newcastle,Home,2,2,3,A,0
2002-04-20,2001/02,Derby,Liverpool,Away,1,0,2,H,0
2002-04-27,2001/02,Derby,Leeds,Home,1,0,1,A,0
2002-05-11,2001/02,Derby,Sunderland,Away,3,1,1,D,0
2007-08-11,2007/08,Derby,Portsmouth,Home,5,2,2,D,0
2007-08-15,2007/08,Derby,Man City,Away,3,0,1,H,0
2007-08-18,2007/08,Derby,Tottenham,Away,2,0,4,H,0
2007-08-25,2007/08,Derby,Birmingham,Home,8,1,2,A,0
2007-09-01,2007/08,Derby,Liverpool,Away,3,0,6,H,0
2007-09-17,2007/08,Derby,Newcastle,Home,3,1,0,H,0
2007-09-22,2007/08,Derby,Arsenal,Away,3,0,5,H,0
2007-09-29,2007/08,Derby,Bolton,Home,6,1,1,D,0
2007-10-07,2007/08,Derby,Reading,Away,0,0,1,H,0
2007-10-20,2007/08,Derby,Fulham,Away,9,0,0,D,0
2007-10-28,2007/08,Derby,Everton,Home,2,0,2,A,0
2007-11-03,2007/08,Derby,Aston Villa,Away,2,0,2,H,0
2007-11-10,2007/08,Derby,West Ham,Home,2,0,5,A,0
2007-11-24,2007/08,Derby,Chelsea,Home,4,0,2,A,0
2007-12-01,2007/08,Derby,Sunderland,Away,9,0,1,H,0
2007-12-08,2007/08,Derby,Man United,Away,6,1,4,H,0
2007-12-15,2007/08,Derby,Middlesbrough,Home,9,0,1,A,0
2007-12-23,2007/08,Derby,Newcastle,Away,6,2,2,D,0
2007-12-26,2007/08,Derby,Liverpool,Home,4,1,2,A,0
2007-12-30,2007/08,Derby,Blackburn,Home,7,1,2,A,0
2008-01-02,2007/08,Derby,Bolton,Away,3,0,1,H,0
2008-01-12,2007/08,Derby,Wigan,Home,1,0,1,A,1
2008-01-19,2007/08,Derby,Portsmouth,Away,5,1,3,H,0
2008-01-30,2007/08,Derby,Man City,Home,6,1,1,D,0
2008-02-02,2007/08,Derby,Birmingham,Away,3,1,1,D,0
2008-02-09,2007/08,Derby,Tottenham,Home,6,0,3,A,0
2008-02-23,2007/08,Derby,Wigan,Away,3,0,2,H,0
2008-03-01,2007/08,Derby,Sunderland,Home,4,0,0,D,0
2008-03-12,2007/08,Derby,Chelsea,Away,3,1,6,H,0
2008-03-15,2007/08,Derby,Man United,Home,8,0,1,A,0
2008-03-22,2007/08,Derby,Middlesbrough,Away,1,0,1,H,0
2008-03-29,2007/08,Derby,Fulham,Home,13,2,2,D,0
2008-04-06,2007/08,Derby,Everton,Away,5,0,1,H,0
2008-04-12,2007/08,Derby,Aston Villa,Home,5,0,6,A,0
2008-04-19,2007/08,Derby,West Ham,Away,8,1,2,H,0
2008-04-28,2007/08,Derby,Arsenal,Home,10,2,6,A,0
2008-05-03,2007/08,Derby,Blackburn,Away,3,1,3,H,0
2008-05-11,2007/08,Derby,Reading,Home,2,0,4,A,0
2000-08-19,2000/01,Everton,Leeds,Away,6,0,2,H,0
2000-08-23,2000/01,Everton,Charlton,Home,8,3,0,H,0
2000-08-26,2000/01,Everton,Derby,Home,9,2,2,D,0
2000-09-05,2000/01,Everton,Tottenham,Away,6,2,3,H,0
2000-09-09,2000/01,Everton,Middlesbrough,Away,9,2,1,A,0
2000-09-16,2000/01,Everton,Man United,Home,4,1,3,A,0
2000-09-24,2000/01,Everton,Leicester,Away,3,1,1,D,0
2000-09-30,2000/01,Everton,Ipswich,Home,3,0,3,A,0
2000-10-14,2000/01,Everton,Southampton,Home,3,1,1,D,0
2000-10-21,2000/01,Everton,Newcastle,Away,4,1,0,A,0
2000-10-29,2000/01,Everton,Liverpool,Away,7,1,3,H,1
2000-11-05,2000/01,Everton,Aston Villa,Home,6,0,1,A,0
2000-11-11,2000/01,Everton,Bradford,Away,4,1,0,A,0
2000-11-18,2000/01,Everton,Arsenal,Home,2,2,0,H,0
2000-11-25,2000/01,Everton,Chelsea,Home,5,2,1,H,0
2000-12-04,2000/01,Everton,Sunderland,Away,2,0,2,H,0
2000-12-09,2000/01,Everton,Man City,Away,4,0,5,H,0
2000-12-16,2000/01,Everton,West Ham,Home,5,1,1,D,0
2000-12-23,2000/01,Everton,Charlton,Away,4,0,1,H,0
2000-12-26,2000/01,Everton,Coventry,Home,9,1,2,A,0
2001-01-01,2000/01,Everton,Derby,Away,6,0,1,H,0
2001-01-13,2000/01,Everton,Tottenham,Home,8,0,0,D,0
2001-01-20,2000/01,Everton,Coventry,Away,4,3,1,A,0
2001-01-31,2000/01,Everton,Middlesbrough,Home,8,2,2,D,0
2001-02-03,2000/01,Everton,Man United,Away,1,0,1,H,0
2001-02-07,2000/01,Everton,Leeds,Home,4,2,2,D,0
2001-02-10,2000/01,Everton,Leicester,Home,6,2,1,H,0
2001-02-24,2000/01,Everton,Ipswich,Away,2,0,2,H,1
2001-03-03,2000/01,Everton,Newcastle,Home,6,1,1,D,0
2001-03-17,2000/01,Everton,Southampton,Away,1,0,1,H,0
2001-03-31,2000/01,Everton,West Ham,Away,7,2,0,A,0
2001-04-08,2000/01,Everton,Man City,Home,7,3,1,H,1
2001-04-14,2000/01,Everton,Aston Villa,Away,3,1,2,H,0
2001-04-16,2000/01,Everton,Liverpool,Home,7,2,3,A,1
2001-04-21,2000/01,Everton,Arsenal,Away,2,1,4,H,1
2001-04-28,2000/01,Everton,Bradford,Home,9,2,1,H,0
2001-05-05,2000/01,Everton,Chelsea,Away,3,1,2,H,0
2001-05-19,2000/01,Everton,Sunderland,Home,8,2,2,D,0
2001-08-18,2001/02,Everton,Charlton,Away,9,2,1,A,0
2001-08-20,2001/02,Everton,Tottenham,Home,11,1,1,D,0
2001-08-25,2001/02,Everton,Middlesbrough,Home,5,2,0,H,0
2001-09-08,2001/02,Everton,Man United,Away,1,1,4,H,0
2001-09-15,2001/02,Everton,Liverpool,Home,5,1,3,A,0
2001-09-22,2001/02,Everton,Blackburn,Away,7,0,1,H,0
2001-09-29,2001/02,Everton,West Ham,Home,11,5,0,H,0
2001-10-13,2001/02,Everton,Ipswich,Away,6,0,0,D,0
2001-10-20,2001/02,Everton,Aston Villa,Home,6,3,2,H,0
2001-10-27,2001/02,Everton,Newcastle,Home,8,1,3,A,0
2001-11-03,2001/02,Everton,Bolton,Away,6,2,2,D,0
2001-11-18,2001/02,Everton,Chelsea,Home,4,0,0,D,0
2001-11-24,2001/02,Everton,Leicester,Away,3,0,0,D,0
2001-12-02,2001/02,Everton,Southampton,Home,7,2,0,H,0
2001-12-08,2001/02,Everton,Fulham,Away,3,0,2,H,1
2001-12-15,2001/02,Everton,Derby,Home,12,1,0,H,0
2001-12-19,2001/02,Everton,Leeds,Away,3,2,3,H,0
2001-12-22,2001/02,Everton,Sunderland,Away,5,0,1,H,0
2001-12-26,2001/02,Everton,Man United,Home,5,0,2,A,0
2001-12-29,2001/02,Everton,Charlton,Home,3,0,3,A,0
2002-01-01,2001/02,Everton,Middlesbrough,Away,3,0,1,H,0
2002-01-12,2001/02,Everton,Sunderland,Home,5,1,0,H,0
2002-01-19,2001/02,Everton,Tottenham,Away,2,1,1,D,0
2002-01-30,2001/02,Everton,Aston Villa,Away,0,0,0,D,0
2002-02-02,2001/02,Everton,Ipswich,Home,4,1,2,A,0
2002-02-10,2001/02,Everton,Arsenal,Home,2,0,1,A,0
2002-02-23,2001/02,Everton,Liverpool,Away,3,1,1,D,0
2002-03-03,2001/02,Everton,Leeds,Home,7,0,0,D,0
2002-03-06,2001/02,Everton,West Ham,Away,2,0,1,H,0
2002-03-16,2001/02,Everton,Fulham,Home,2,2,1,H,1
2002-03-23,2001/02,Everton,Derby,Away,7,4,3,A,0
2002-03-29,2001/02,Everton,Newcastle,Away,4,2,6,H,0
2002-04-01,2001/02,Everton,Bolton,Home,5,3,1,H,1
2002-04-06,2001/02,Everton,Chelsea,Away,6,0,3,H,0
2002-04-13,2001/02,Everton,Leicester,Home,8,2,2,D,0
2002-04-20,2001/02,Everton,Southampton,Away,5,1,0,A,0
2002-04-28,2001/02,Everton,Blackburn,Home,4,1,2,A,0
2002-05-11,2001/02,Everton,Arsenal,Away,6,3,4,H,0
2002-08-17,2002/03,Everton,Tottenham,Home,9,2,2,D,0
2002-08-24,2002/03,Everton,Sunderland,Away,5,1,0,A,0
2002-08-28,2002/03,Everton,Birmingham,Home,4,1,1,D,1
2002-08-31,2002/03,Everton,Man City,Away,8,1,3,H,0
2002-09-11,2002/03,Everton,Southampton,Away,10,0,1,H,0
2002-09-14,2002/03,Everton,Middlesbrough,Home,8,2,1,H,0
2002-09-22,2002/03,Everton,Aston Villa,Away,7,2,3,H,0
2002-09-28,2002/03,Everton,Fulham,Home,9,2,0,H,0
2002-10-07,2002/03,Everton,Man United,Away,4,0,3,H,1
2002-10-19,2002/03,Everton,Arsenal,Home,6,2,1,H,0
2002-10-27,2002/03,Everton,West Ham,Away,5,1,0,A,0
2002-11-03,2002/03,Everton,Leeds,Away,7,1,0,A,0
2002-11-09,2002/03,Everton,Charlton,Home,2,1,0,H,0
2002-11-17,2002/03,Everton,Blackburn,Away,6,1,0,A,0
2002-11-23,2002/03,Everton,West Brom,Home,9,1,0,H,0
2002-12-01,2002/03,Everton,Newcastle,Away,5,1,2,H,1
2002-12-07,2002/03,Everton,Chelsea,Home,6,1,3,A,1
2002-12-14,2002/03,Everton,Blackburn,Home,7,2,1,H,0
2002-12-22,2002/03,Everton,Liverpool,Away,2,0,0,D,0
2002-12-26,2002/03,Everton,Birmingham,Away,5,1,1,D,1
2002-12-28,2002/03,Everton,Bolton,Home,9,0,0,D,0
2003-01-01,2002/03,Everton,Man City,Home,5,2,2,D,0
2003-01-12,2002/03,Everton,Tottenham,Away,10,3,4,H,0
2003-01-18,2002/03,Everton,Sunderland,Home,9,2,1,H,0
2003-01-28,2002/03,Everton,Bolton,Away,4,2,1,A,0
2003-02-01,2002/03,Everton,Leeds,Home,5,2,0,H,0
2003-02-08,2002/03,Everton,Charlton,Away,6,1,2,H,0
2003-02-22,2002/03,Everton,Southampton,Home,16,2,1,H,0
2003-03-01,2002/03,Everton,Middlesbrough,Away,5,1,1,D,0
2003-03-15,2002/03,Everton,West Ham,Home,8,0,0,D,0
2003-03-23,2002/03,Everton,Arsenal,Away,3,1,2,H,0
2003-04-06,2002/03,Everton,Newcastle,Home,7,2,1,H,0
2003-04-12,2002/03,Everton,West Brom,Away,3,2,1,A,0
2003-04-19,2002/03,Everton,Liverpool,Home,4,1,2,A,2
2003-04-21,2002/03,Everton,Chelsea,Away,1,1,4,H,0
2003-04-26,2002/03,Everton,Aston Villa,Home,8,2,1,H,0
2003-05-03,2002/03,Everton,Fulham,Away,8,0,2,H,0
2003-05-11,2002/03,Everton,Man United,Home,4,1,2,A,0
2003-08-16,2003/04,Everton,Arsenal,Away,7,1,2,H,1
2003-08-23,2003/04,Everton,Fulham,Home,8,3,1,H,0
2003-08-26,2003/04,Everton,Charlton,Away,4,2,2,D,0
2003-08-30,2003/04,Everton,Liverpool,Home,5,0,3,A,0
2003-09-13,2003/04,Everton,Newcastle,Home,7,2,2,D,1
2003-09-21,2003/04,Everton,Middlesbrough,Away,5,0,1,H,0
2003-09-28,2003/04,Everton,Leeds,Home,9,4,0,H,0
2003-10-04,2003/04,Everton,Tottenham,Away,4,0,3,H,0
2003-10-19,2003/04,Everton,Southampton,Home,6,0,0,D,0
2003-10-25,2003/04,Everton,Aston Villa,Away,2,0,0,D,0
2003-11-01,2003/04,Everton,Chelsea,Home,4,0,1,A,0
2003-11-10,2003/04,Everton,Blackburn,Away,2,1,2,H,0
2003-11-22,2003/04,Everton,Wolves,Home,15,2,0,H,0
2003-11-29,2003/04,Everton,Bolton,Away,3,0,2,H,0
2003-12-07,2003/04,Everton,Man City,Home,2,0,0,D,0
2003-12-13,2003/04,Everton,Portsmouth,Away,4,2,1,A,0
2003-12-20,2003/04,Everton,Leicester,Home,8,3,2,H,0
2003-12-26,2003/04,Everton,Man United,Away,6,2,3,H,0
2003-12-28,2003/04,Everton,Birmingham,Home,6,1,0,H,0
2004-01-07,2003/04,Everton,Arsenal,Home,4,1,1,D,0
2004-01-10,2003/04,Everton,Fulham,Away,5,1,2,H,0
2004-01-17,2003/04,Everton,Charlton,Home,7,0,1,A,0
2004-01-31,2003/04,Everton,Liverpool,Away,4,0,0,D,0
2004-02-07,2003/04,Everton,Man United,Home,8,3,4,A,0
2004-02-11,2003/04,Everton,Birmingham,Away,3,0,3,H,0
2004-02-21,2003/04,Everton,Southampton,Away,6,3,3,D,0
2004-02-28,2003/04,Everton,Aston Villa,Home,7,2,0,H,0
2004-03-13,2003/04,Everton,Portsmouth,Home,6,1,0,H,0
2004-03-20,2003/04,Everton,Leicester,Away,3,1,1,D,1
2004-03-27,2003/04,Everton,Middlesbrough,Home,7,1,1,D,0
2004-04-03,2003/04,Everton,Newcastle,Away,6,2,4,H,0
2004-04-24,2003/04,Everton,Blackburn,Home,9,0,1,A,0
2004-05-01,2003/04,Everton,Wolves,Away,6,1,2,H,0
2004-05-08,2003/04,Everton,Bolton,Home,9,1,2,A,0
2004-08-15,2004/05,Everton,Arsenal,Home,5,1,4,A,0
2004-08-21,2004/05,Everton,Crystal Palace,Away,7,3,1,A,1
2004-08-28,2004/05,Everton,West Brom,Home,10,2,1,H,0
2004-08-30,2004/05,Everton,Man United,Away,2,0,0,D,0
2004-09-11,2004/05,Everton,Man City,Away,5,1,0,A,1
2004-09-19,2004/05,Everton,Middlesbrough,Home,9,1,0,H,0
2004-09-26,2004/05,Everton,Portsmouth,Away,2,1,0,A,0
2004-10-02,2004/05,Everton,Tottenham,Home,4,0,1,A,0
2004-10-16,2004/05,Everton,Southampton,Home,5,1,0,H,0
2004-10-23,2004/05,Everton,Norwich,Away,9,3,2,A,0
2004-10-30,2004/05,Everton,Aston Villa,Home,8,1,1,D,0
2004-11-06,2004/05,Everton,Chelsea,Away,1,0,1,H,0
2004-11-13,2004/05,Everton,Birmingham,Away,8,1,0,A,0
2004-11-20,2004/05,Everton,Fulham,Home,7,1,0,H,0
2004-11-28,2004/05,Everton,Newcastle,Away,3,1,1,D,0
2004-12-04,2004/05,Everton,Bolton,Home,3,3,2,H,0
2004-12-11,2004/05,Everton,Liverpool,Home,2,1,0,H,0
2004-12-18,2004/05,Everton,Blackburn,Away,2,0,0,D,0
2004-12-26,2004/05,Everton,Man City,Home,6,2,1,H,0
2004-12-28,2004/05,Everton,Charlton,Away,3,0,2,H,1
2005-01-01,2004/05,Everton,Tottenham,Away,3,2,5,H,0
2005-01-04,2004/05,Everton,Portsmouth,Home,7,2,1,H,0
2005-01-16,2004/05,Everton,Middlesbrough,Away,5,1,1,D,0
2005-01-22,2004/05,Everton,Charlton,Home,7,0,1,A,0
2005-02-02,2004/05,Everton,Norwich,Home,4,1,0,H,0
2005-02-06,2004/05,Everton,Southampton,Away,4,2,2,D,0
2005-02-12,2004/05,Everton,Chelsea,Home,2,0,1,A,1
2005-02-26,2004/05,Everton,Aston Villa,Away,9,3,1,A,0
2005-03-06,2004/05,Everton,Blackburn,Home,4,0,1,A,0
2005-03-20,2004/05,Everton,Liverpool,Away,2,1,2,H,0
2005-04-03,2004/05,Everton,West Brom,Away,2,0,1,H,0
2005-04-10,2004/05,Everton,Crystal Palace,Home,8,4,0,H,0
2005-04-20,2004/05,Everton,Man United,Home,3,1,0,H,0
2005-08-13,2005/06,Everton,Man United,Home,5,0,2,A,0
2005-08-21,2005/06,Everton,Bolton,Away,1,1,0,A,0
2005-08-27,2005/06,Everton,Fulham,Away,2,0,1,H,1
2005-09-10,2005/06,Everton,Portsmouth,Home,6,0,1,A,0
2005-09-19,2005/06,Everton,Arsenal,Away,2,0,2,H,0
2005-09-24,2005/06,Everton,Wigan,Home,7,0,1,A,0
2005-10-02,2005/06,Everton,Man City,Away,4,0,2,H,0
2005-10-15,2005/06,Everton,Tottenham,Away,4,0,2,H,0
2005-10-23,2005/06,Everton,Chelsea,Home,4,1,1,D,0
2005-10-29,2005/06,Everton,Birmingham,Away,6,1,0,A,0
2005-11-06,2005/06,Everton,Middlesbrough,Home,8,1,0,H,0
2005-11-19,2005/06,Everton,West Brom,Away,6,0,4,H,0
2005-11-27,2005/06,Everton,Newcastle,Home,9,1,0,H,0
2005-12-03,2005/06,Everton,Blackburn,Away,5,2,0,A,0
2005-12-11,2005/06,Everton,Man United,Away,5,1,1,D,0
2005-12-14,2005/06,Everton,West Ham,Home,3,1,2,A,0
2005-12-17,2005/06,Everton,Bolton,Home,10,0,4,A,0
2005-12-26,2005/06,Everton,Aston Villa,Away,5,0,4,H,0
2005-12-28,2005/06,Everton,Liverpool,Home,6,1,3,A,2
2005-12-31,2005/06,Everton,Sunderland,Away,5,1,0,A,0
2006-01-02,2005/06,Everton,Charlton,Home,6,3,1,H,0
2006-01-14,2005/06,Everton,Portsmouth,Away,3,1,0,A,0
2006-01-21,2005/06,Everton,Arsenal,Home,3,1,0,H,0
2006-01-31,2005/06,Everton,Wigan,Away,6,1,1,D,1
2006-02-04,2005/06,Everton,Man City,Home,5,1,0,H,0
2006-02-11,2005/06,Everton,Blackburn,Home,2,1,0,H,1
2006-02-25,2005/06,Everton,Newcastle,Away,6,0,2,H,0
2006-03-04,2005/06,Everton,West Ham,Away,5,2,2,D,0
2006-03-11,2005/06,Everton,Fulham,Home,7,3,1,H,0
2006-03-18,2005/06,Everton,Aston Villa,Home,7,4,1,H,0
2006-03-25,2005/06,Everton,Liverpool,Away,5,1,3,H,1
2006-04-01,2005/06,Everton,Sunderland,Home,8,2,2,D,0
2006-04-08,2005/06,Everton,Charlton,Away,3,0,0,D,0
2006-04-15,2005/06,Everton,Tottenham,Home,4,0,1,A,0
2006-04-17,2005/06,Everton,Chelsea,Away,2,0,3,H,1
2006-04-22,2005/06,Everton,Birmingham,Home,9,0,0,D,0
2006-04-29,2005/06,Everton,Middlesbrough,Away,4,1,0,A,0
2006-05-07,2005/06,Everton,West Brom,Home,18,2,2,D,0
2006-08-19,2006/07,Everton,Watford,Home,2,2,1,H,0
2006-08-23,2006/07,Everton,Blackburn,Away,4,1,1,D,0
2006-08-26,2006/07,Everton,Tottenham,Away,2,2,0,A,1
2006-09-09,2006/07,Everton,Liverpool,Home,6,3,0,H,0
2006-09-16,2006/07,Everton,Wigan,Home,9,2,2,D,0
2006-09-24,2006/07,Everton,Newcastle,Away,5,1,1,D,1
2006-09-30,2006/07,Everton,Man City,Home,10,1,1,D,0
2006-10-14,2006/07,Everton,Middlesbrough,Away,8,1,2,H,0
2006-10-21,2006/07,Everton,Sheffield United,Home,5,2,0,H,0
2006-10-28,2006/07,Everton,Arsenal,Away,2,1,1,D,0
2006-11-04,2006/07,Everton,Fulham,Away,3,0,1,H,0
2006-11-11,2006/07,Everton,Aston Villa,Home,4,0,1,A,0
2006-11-18,2006/07,Everton,Bolton,Home,2,1,0,H,0
2006-11-25,2006/07,Everton,Charlton,Away,6,1,1,D,0
2006-11-29,2006/07,Everton,Man United,Away,4,0,3,H,0
2006-12-03,2006/07,Everton,West Ham,Home,5,2,0,H,0
2006-12-09,2006/07,Everton,Portsmouth,Away,5,0,2,H,0
2006-12-17,2006/07,Everton,Chelsea,Home,1,2,3,A,0
2006-12-23,2006/07,Everton,Reading,Away,7,2,0,A,0
2006-12-26,2006/07,Everton,Middlesbrough,Home,4,0,0,D,0
2006-12-30,2006/07,Everton,Newcastle,Home,9,3,0,H,0
2007-01-01,2006/07,Everton,Man City,Away,5,1,2,H,0
2007-01-14,2006/07,Everton,Reading,Home,7,1,1,D,0
2007-01-21,2006/07,Everton,Wigan,Away,5,2,0,A,0
2007-02-03,2006/07,Everton,Liverpool,Away,4,0,0,D,0
2007-02-10,2006/07,Everton,Blackburn,Home,8,1,0,H,0
2007-02-21,2006/07,Everton,Tottenham,Home,3,1,2,A,0
2007-02-24,2006/07,Everton,Watford,Away,5,3,0,A,0
2007-03-03,2006/07,Everton,Sheffield United,Away,2,1,1,D,0
2007-03-18,2006/07,Everton,Arsenal,Home,4,1,0,H,0
2007-04-02,2006/07,Everton,Aston Villa,Away,8,1,1,D,0
2007-04-06,2006/07,Everton,Fulham,Home,10,4,1,H,0
2007-04-09,2006/07,Everton,Bolton,Away,7,1,1,D,0
2007-04-15,2006/07,Everton,Charlton,Home,11,2,1,H,0
2007-04-21,2006/07,Everton,West Ham,Away,2,0,1,H,0
2007-04-28,2006/07,Everton,Man United,Home,3,2,4,A,0
2007-05-05,2006/07,Everton,Portsmouth,Home,7,3,0,H,0
2007-05-13,2006/07,Everton,Chelsea,Away,5,1,1,D,0
2007-08-11,2007/08,Everton,Wigan,Home,8,2,1,H,0
2007-08-14,2007/08,Everton,Tottenham,Away,10,3,1,A,0
2007-08-18,2007/08,Everton,Reading,Away,5,0,1,H,0
2007-08-25,2007/08,Everton,Blackburn,Home,8,1,1,D,0
2007-09-01,2007/08,Everton,Bolton,Away,11,2,1,A,0
2007-09-15,2007/08,Everton,Man United,Home,2,0,1,A,0
2007-09-23,2007/08,Everton,Aston Villa,Away,6,0,2,H,0
2007-09-30,2007/08,Everton,Middlesbrough,Home,9,2,0,H,0
2007-10-07,2007/08,Everton,Newcastle,Away,6,2,3,H,0
2007-10-20,2007/08,Everton,Liverpool,Home,1,1,2,A,2
2007-10-28,2007/08,Everton,Derby,Away,3,2,0,A,0
2007-11-03,2007/08,Everton,Birmingham,Home,9,3,1,H,0
2007-11-11,2007/08,Everton,Chelsea,Away,2,1,1,D,0
2007-11-24,2007/08,Everton,Sunderland,Home,18,7,1,H,0
2007-12-01,2007/08,Everton,Portsmouth,Away,2,0,0,D,0
2007-12-08,2007/08,Everton,Fulham,Home,11,3,0,H,0
2007-12-15,2007/08,Everton,West Ham,Away,8,2,0,A,0
2007-12-23,2007/08,Everton,Man United,Away,2,1,2,H,0
2007-12-26,2007/08,Everton,Bolton,Home,10,2,0,H,0
2007-12-29,2007/08,Everton,Arsenal,Home,3,1,4,A,1
2008-01-01,2007/08,Everton,Middlesbrough,Away,3,2,0,A,0
2008-01-12,2007/08,Everton,Man City,Home,5,1,0,H,0
2008-01-20,2007/08,Everton,Wigan,Away,6,2,1,A,0
2008-01-30,2007/08,Everton,Tottenham,Home,6,0,0,D,0
2008-02-02,2007/08,Everton,Blackburn,Away,4,0,0,D,0
2008-02-09,2007/08,Everton,Reading,Home,6,1,0,H,0
2008-02-25,2007/08,Everton,Man City,Away,8,2,0,A,0
2008-03-02,2007/08,Everton,Portsmouth,Home,5,3,1,H,0
2008-03-09,2007/08,Everton,Sunderland,Away,6,1,0,A,0
2008-03-16,2007/08,Everton,Fulham,Away,4,0,1,H,0
2008-03-22,2007/08,Everton,West Ham,Home,7,1,1,D,0
2008-03-30,2007/08,Everton,Liverpool,Away,2,0,1,H,0
2008-04-06,2007/08,Everton,Derby,Home,5,1,0,H,0
2008-04-12,2007/08,Everton,Birmingham,Away,6,1,1,D,0
2008-04-17,2007/08,Everton,Chelsea,Home,5,0,1,A,0
2008-04-27,2007/08,Everton,Aston Villa,Home,7,2,2,D,0
2008-05-04,2007/08,Everton,Arsenal,Away,4,0,1,H,0
2008-05-11,2007/08,Everton,Newcastle,Home,11,3,1,H,0
2008-08-16,2008/09,Everton,Blackburn,Home,5,2,3,A,0
2008-08-23,2008/09,Everton,West Brom,Away,7,2,1,A,0
2008-08-30,2008/09,Everton,Portsmouth,Home,7,0,3,A,0
2008-09-14,2008/09,Everton,Stoke,Away,5,3,2,A,0
2008-09-21,2008/09,Everton,Hull,Away,8,2,2,D,0
2008-09-27,2008/09,Everton,Liverpool,Home,2,0,2,A,1
2008-10-05,2008/09,Everton,Newcastle,Home,5,2,2,D,0
2008-10-18,2008/09,Everton,Arsenal,Away,3,1,3,H,0
2008-10-25,2008/09,Everton,Man United,Home,9,1,1,D,0
2008-10-29,2008/09,Everton,Bolton,Away,7,1,0,A,0
2008-11-01,2008/09,Everton,Fulham,Home,4,1,0,H,0
2008-11-08,2008/09,Everton,West Ham,Away,7,3,1,A,0
2008-11-16,2008/09,Everton,Middlesbrough,Home,7,1,1,D,0
2008-11-24,2008/09,Everton,Wigan,Away,2,0,1,H,0
2008-11-30,2008/09,Everton,Tottenham,Away,6,1,0,A,0
2008-12-07,2008/09,Everton,Aston Villa,Home,7,2,3,A,0
2008-12-13,2008/09,Everton,Man City,Away,4,1,0,A,0
2008-12-22,2008/09,Everton,Chelsea,Home,8,0,0,D,0
2008-12-26,2008/09,Everton,Middlesbrough,Away,6,1,0,A,0
2008-12-28,2008/09,Everton,Sunderland,Home,6,3,0,H,0
2009-01-10,2008/09,Everton,Hull,Home,5,2,0,H,0
2009-01-19,2008/09,Everton,Liverpool,Away,6,1,1,D,0
2009-01-28,2008/09,Everton,Arsenal,Home,3,1,1,D,0
2009-01-31,2008/09,Everton,Man United,Away,4,0,1,H,0
2009-02-07,2008/09,Everton,Bolton,Home,11,3,0,H,0
2009-02-22,2008/09,Everton,Newcastle,Away,5,0,0,D,0
2009-02-28,2008/09,Everton,West Brom,Home,6,2,0,H,0
2009-03-04,2008/09,Everton,Blackburn,Away,5,0,0,D,0
2009-03-14,2008/09,Everton,Stoke,Home,13,3,1,H,0
2009-03-21,2008/09,Everton,Portsmouth,Away,2,1,2,H,0
2009-04-05,2008/09,Everton,Wigan,Home,10,4,0,H,0
2009-04-12,2008/09,Everton,Aston Villa,Away,6,3,3,D,0
2009-04-22,2008/09,Everton,Chelsea,Away,5,0,0,D,0
2009-04-25,2008/09,Everton,Man City,Home,4,1,2,A,0
2009-05-03,2008/09,Everton,Sunderland,Away,8,2,0,A,0
2009-05-09,2008/09,Everton,Tottenham,Home,5,0,0,D,0
2009-05-16,2008/09,Everton,West Ham,Home,9,3,1,H,0
2009-05-24,2008/09,Everton,Fulham,Away,10,2,0,A,0
2009-08-15,2009/10,Everton,Arsenal,Home,5,1,6,A,0
2009-08-23,2009/10,Everton,Burnley,Away,11,0,1,H,0
2009-08-30,2009/10,Everton,Wigan,Home,14,2,1,H,0
2009-09-13,2009/10,Everton,Fulham,Away,6,1,2,H,0
2009-09-20,2009/10,Everton,Blackburn,Home,11,3,0,H,0
2009-09-26,2009/10,Everton,Portsmouth,Away,8,1,0,A,0
2009-10-04,2009/10,Everton,Stoke,Home,17,1,1,D,0
2009-10-17,2009/10,Everton,Wolves,Home,5,1,1,D,0
2009-10-25,2009/10,Everton,Bolton,Away,12,2,3,H,0
2009-10-31,2009/10,Everton,Aston Villa,Home,4,1,1,D,1
2009-11-08,2009/10,Everton,West Ham,Away,6,2,1,A,0
2009-11-21,2009/10,Everton,Man United,Away,5,0,3,H,0
2009-11-25,2009/10,Everton,Hull,Away,3,2,3,H,0
2009-11-29,2009/10,Everton,Liverpool,Home,8,0,2,A,0
2009-12-06,2009/10,Everton,Tottenham,Home,6,2,2,D,0
2009-12-12,2009/10,Everton,Chelsea,Away,7,3,3,D,0
2009-12-20,2009/10,Everton,Birmingham,Home,7,1,1,D,0
2009-12-26,2009/10,Everton,Sunderland,Away,4,1,1,D,0
2009-12-28,2009/10,Everton,Burnley,Home,16,2,0,H,0
2010-01-09,2009/10,Everton,Arsenal,Away,5,2,2,D,0
2010-01-16,2009/10,Everton,Man City,Home,6,2,0,H,0
2010-01-27,2009/10,Everton,Sunderland,Home,7,2,0,H,0
2010-01-30,2009/10,Everton,Wigan,Away,7,1,0,A,0
2010-02-06,2009/10,Everton,Liverpool,Away,3,0,1,H,1
2010-02-10,2009/10,Everton,Chelsea,Home,5,2,1,H,0
2010-02-20,2009/10,Everton,Man United,Home,7,3,1,H,0
2010-02-28,2009/10,Everton,Tottenham,Away,10,1,2,H,0
2010-03-07,2009/10,Everton,Hull,Home,10,5,1,H,0
2010-03-13,2009/10,Everton,Birmingham,Away,11,2,2,D,0
2010-03-20,2009/10,Everton,Bolton,Home,11,2,0,H,0
2010-03-24,2009/10,Everton,Man City,Away,7,2,0,A,0
2010-03-27,2009/10,Everton,Wolves,Away,13,0,0,D,0
2010-04-04,2009/10,Everton,West Ham,Home,5,2,2,D,0
2010-04-14,2009/10,Everton,Aston Villa,Away,10,2,2,D,0
2010-04-17,2009/10,Everton,Blackburn,Away,4,3,2,A,0
2010-04-25,2009/10,Everton,Fulham,Home,9,2,1,H,0
2010-05-01,2009/10,Everton,Stoke,Away,9,0,0,D,0
2010-05-09,2009/10,Everton,Portsmouth,Home,13,1,0,H,0
2010-08-14,2010/11,Everton,Blackburn,Away,12,0,1,H,0
2010-08-21,2010/11,Everton,Wolves,Home,6,1,1,D,0
2010-08-29,2010/11,Everton,Aston Villa,Away,9,0,1,H,0
2010-09-11,2010/11,Everton,Man United,Home,14,3,3,D,0
2010-09-18,2010/11,Everton,Newcastle,Home,3,0,1,A,0
2010-09-25,2010/11,Everton,Fulham,Away,7,0,0,D,0
2010-10-02,2010/11,Everton,Birmingham,Away,6,2,0,A,0
2010-10-17,2010/11,Everton,Liverpool,Home,6,2,0,H,0
2010-10-23,2010/11,Everton,Tottenham,Away,3,1,1,D,0
2010-10-30,2010/11,Everton,Stoke,Home,10,1,0,H,0
2010-11-06,2010/11,Everton,Blackpool,Away,14,2,2,D,0
2010-11-10,2010/11,Everton,Bolton,Home,12,1,1,D,1
2010-11-14,2010/11,Everton,Arsenal,Home,7,1,2,A,0
2010-11-22,2010/11,Everton,Sunderland,Away,8,2,2,D,0
2010-11-27,2010/11,Everton,West Brom,Home,4,1,4,A,1
2010-12-04,2010/11,Everton,Chelsea,Away,7,1,1,D,0
2010-12-11,2010/11,Everton,Wigan,Home,8,0,0,D,0
2010-12-20,2010/11,Everton,Man City,Away,3,2,1,A,1
2010-12-28,2010/11,Everton,West Ham,Away,5,1,1,D,0
2011-01-01,2010/11,Everton,Stoke,Away,10,0,2,H,0
2011-01-05,2010/11,Everton,Tottenham,Home,12,2,1,H,0
2011-01-16,2010/11,Everton,Liverpool,Away,5,2,2,D,0
2011-01-22,2010/11,Everton,West Ham,Home,6,2,2,D,0
2011-02-01,2010/11,Everton,Arsenal,Away,4,1,2,H,0
2011-02-05,2010/11,Everton,Blackpool,Home,16,5,3,H,0
2011-02-13,2010/11,Everton,Bolton,Away,4,0,2,H,0
2011-02-26,2010/11,Everton,Sunderland,Home,9,2,0,H,0
2011-03-05,2010/11,Everton,Newcastle,Away,8,2,1,A,0
2011-03-09,2010/11,Everton,Birmingham,Home,11,1,1,D,0
2011-03-19,2010/11,Everton,Fulham,Home,12,2,1,H,0
2011-04-02,2010/11,Everton,Aston Villa,Home,7,2,2,D,0
2011-04-09,2010/11,Everton,Wolves,Away,6,3,0,A,0
2011-04-16,2010/11,Everton,Blackburn,Home,7,2,0,H,0
2011-04-23,2010/11,Everton,Man United,Away,3,0,1,H,0
2011-04-30,2010/11,Everton,Wigan,Away,3,1,1,D,0
2011-05-07,2010/11,Everton,Man City,Home,6,2,1,H,0
2011-05-14,2010/11,Everton,West Brom,Away,10,0,1,H,1
2011-05-22,2010/11,Everton,Chelsea,Home,3,1,0,H,1
2011-08-20,2011/12,Everton,QPR,Home,7,0,1,A,0
2011-08-27,2011/12,Everton,Blackburn,Away,4,1,0,A,0
2011-09-10,2011/12,Everton,Aston Villa,Home,10,2,2,D,0
2011-09-17,2011/12,Everton,Wigan,Home,10,3,1,H,0
2011-09-24,2011/12,Everton,Man City,Away,3,0,2,H,0
2011-10-01,2011/12,Everton,Liverpool,Home,4,0,2,A,1
2011-10-15,2011/12,Everton,Chelsea,Away,5,1,3,H,0
2011-10-23,2011/12,Everton,Fulham,Away,7,3,1,A,0
2011-10-29,2011/12,Everton,Man United,Home,11,0,1,A,0
2011-11-05,2011/12,Everton,Newcastle,Away,6,1,2,H,0
2011-11-19,2011/12,Everton,Wolves,Home,9,2,1,H,0
2011-11-26,2011/12,Everton,Bolton,Away,14,2,0,A,0
2011-12-04,2011/12,Everton,Stoke,Home,4,0,1,A,0
2011-12-10,2011/12,Everton,Arsenal,Away,1,0,1,H,0
2011-12-17,2011/12,Everton,Norwich,Home,15,1,1,D,0
2011-12-21,2011/12,Everton,Swansea,Home,6,1,0,H,0
2011-12-26,2011/12,Everton,Sunderland,Away,3,1,1,D,0
2012-01-01,2011/12,Everton,West Brom,Away,8,1,0,A,0
2012-01-04,2011/12,Everton,Bolton,Home,4,1,2,A,0
2012-01-11,2011/12,Everton,Tottenham,Away,4,0,2,H,0
2012-01-14,2011/12,Everton,Aston Villa,Away,4,1,1,D,0
2012-01-21,2011/12,Everton,Blackburn,Home,8,1,1,D,0
2012-01-31,2011/12,Everton,Man City,Home,4,1,0,H,0
2012-02-04,2011/12,Everton,Wigan,Away,4,1,1,D,0
2012-02-11,2011/12,Everton,Chelsea,Home,7,2,0,H,0
2012-03-03,2011/12,Everton,QPR,Away,5,1,1,D,0
2012-03-10,2011/12,Everton,Tottenham,Home,5,1,0,H,0
2012-03-13,2011/12,Everton,Liverpool,Away,3,0,3,H,0
2012-03-21,2011/12,Everton,Arsenal,Home,2,0,1,A,0
2012-03-24,2011/12,Everton,Swansea,Away,8,2,0,A,0
2012-03-31,2011/12,Everton,West Brom,Home,9,2,0,H,0
2012-04-07,2011/12,Everton,Norwich,Away,5,2,2,D,0
2012-04-09,2011/12,Everton,Sunderland,Home,12,4,0,H,0
2012-04-22,2011/12,Everton,Man United,Away,10,4,4,D,0
2012-04-28,2011/12,Everton,Fulham,Home,7,4,0,H,0
2012-05-01,2011/12,Everton,Stoke,Away,4,1,1,D,0
2012-05-06,2011/12,Everton,Wolves,Away,10,0,0,D,0
2012-05-13,2011/12,Everton,Newcastle,Home,11,3,1,H,0
2012-08-20,2012/13,Everton,Man United,Home,7,1,0,H,0
2012-08-25,2012/13,Everton,Aston Villa,Away,11,3,1,A,0
2012-09-01,2012/13,Everton,West Brom,Away,5,0,2,H,0
2012-09-17,2012/13,Everton,Newcastle,Home,10,2,2,D,0
2012-09-22,2012/13,Everton,Swansea,Away,19,3,0,A,0
2012-09-29,2012/13,Everton,Southampton,Home,9,3,1,H,0
2012-10-06,2012/13,Everton,Wigan,Away,11,2,2,D,0
2012-10-21,2012/13,Everton,QPR,Away,4,1,1,D,1
2012-10-28,2012/13,Everton,Liverpool,Home,8,2,2,D,0
2012-11-03,2012/13,Everton,Fulham,Away,15,2,2,D,0
2012-11-10,2012/13,Everton,Sunderland,Home,10,2,1,H,0
2012-11-17,2012/13,Everton,Reading,Away,11,1,2,H,0
2012-11-24,2012/13,Everton,Norwich,Home,9,1,1,D,0
2012-11-28,2012/13,Everton,Arsenal,Home,10,1,1,D,0
2012-12-01,2012/13,Everton,Man City,Away,5,1,1,D,0
2012-12-09,2012/13,Everton,Tottenham,Home,11,2,1,H,0
2012-12-15,2012/13,Everton,Stoke,Away,5,1,1,D,0
2012-12-22,2012/13,Everton,West Ham,Away,8,2,1,A,1
2012-12-26,2012/13,Everton,Wigan,Home,9,2,1,H,0
2012-12-30,2012/13,Everton,Chelsea,Home,6,1,2,A,0
2013-01-02,2012/13,Everton,Newcastle,Away,6,2,1,A,0
2013-01-12,2012/13,Everton,Swansea,Home,8,0,0,D,0
2013-01-21,2012/13,Everton,Southampton,Away,7,0,0,D,0
2013-01-30,2012/13,Everton,West Brom,Home,4,2,1,H,0
2013-02-02,2012/13,Everton,Aston Villa,Home,13,3,3,D,0
2013-02-10,2012/13,Everton,Man United,Away,8,0,2,H,0
2013-02-23,2012/13,Everton,Norwich,Away,5,1,2,H,0
2013-03-02,2012/13,Everton,Reading,Home,12,3,1,H,0
2013-03-16,2012/13,Everton,Man City,Home,5,2,0,H,1
2013-03-30,2012/13,Everton,Stoke,Home,9,1,0,H,0
2013-04-07,2012/13,Everton,Tottenham,Away,5,2,2,D,0
2013-04-13,2012/13,Everton,QPR,Home,10,2,0,H,0
2013-04-16,2012/13,Everton,Arsenal,Away,5,0,0,D,0
2013-04-20,2012/13,Everton,Sunderland,Away,5,0,1,H,0
2013-04-27,2012/13,Everton,Fulham,Home,10,1,0,H,0
2013-05-05,2012/13,Everton,Liverpool,Away,4,0,0,D,0
2013-05-12,2012/13,Everton,West Ham,Home,13,2,0,H,0
2013-05-19,2012/13,Everton,Chelsea,Away,9,1,2,H,0
2013-08-17,2013/14,Everton,Norwich,Away,6,2,2,D,0
2013-08-24,2013/14,Everton,West Brom,Home,8,0,0,D,0
2013-08-31,2013/14,Everton,Cardiff,Away,3,0,0,D,0
2013-09-14,2013/14,Everton,Chelsea,Home,5,1,0,H,0
2013-09-21,2013/14,Everton,West Ham,Away,4,3,2,A,0
2013-09-30,2013/14,Everton,Newcastle,Home,7,3,2,H,0
2013-10-05,2013/14,Everton,Man City,Away,4,1,3,H,0
2013-10-19,2013/14,Everton,Hull,Home,6,2,1,H,0
2013-10-26,2013/14,Everton,Aston Villa,Away,4,2,0,A,0
2013-11-03,2013/14,Everton,Tottenham,Home,1,0,0,D,0
2013-11-09,2013/14,Everton,Crystal Palace,Away,2,0,0,D,0
2013-11-23,2013/14,Everton,Liverpool,Home,12,3,3,D,0
2013-11-30,2013/14,Everton,Stoke,Home,12,4,0,H,0
2013-12-04,2013/14,Everton,Man United,Away,4,1,0,A,0
2013-12-08,2013/14,Everton,Arsenal,Away,4,1,1,D,0
2013-12-14,2013/14,Everton,Fulham,Home,7,4,1,H,0
2013-12-22,2013/14,Everton,Swansea,Away,6,2,1,A,0
2013-12-26,2013/14,Everton,Sunderland,Home,9,0,1,A,1
2013-12-29,2013/14,Everton,Southampton,Home,4,2,1,H,0
2014-01-01,2013/14,Everton,Stoke,Away,4,1,1,D,0
2014-01-11,2013/14,Everton,Norwich,Home,5,2,0,H,0
2014-01-20,2013/14,Everton,West Brom,Away,4,1,1,D,0
2014-01-28,2013/14,Everton,Liverpool,Away,4,0,4,H,0
2014-02-01,2013/14,Everton,Aston Villa,Home,6,2,1,H,0
2014-02-09,2013/14,Everton,Tottenham,Away,3,0,1,H,0
2014-02-22,2013/14,Everton,Chelsea,Away,2,0,1,H,0
2014-03-01,2013/14,Everton,West Ham,Home,3,1,0,H,0
2014-03-15,2013/14,Everton,Cardiff,Home,6,2,1,H,0
2014-03-22,2013/14,Everton,Swansea,Home,6,3,2,H,0
2014-03-25,2013/14,Everton,Newcastle,Away,6,3,0,A,0
2014-03-30,2013/14,Everton,Fulham,Away,7,3,1,A,0
2014-04-06,2013/14,Everton,Arsenal,Home,8,3,0,H,0
2014-04-12,2013/14,Everton,Sunderland,Away,3,1,0,A,0
2014-04-16,2013/14,Everton,Crystal Palace,Home,5,2,3,A,0
2014-04-20,2013/14,Everton,Man United,Home,5,2,0,H,0
2014-04-26,2013/14,Everton,Southampton,Away,2,0,2,H,0
2014-05-03,2013/14,Everton,Man City,Home,4,2,3,A,0
2014-05-11,2013/14,Everton,Hull,Away,4,2,0,A,0
2014-08-16,2014/15,Everton,Leicester,Away,3,2,2,D,0
2014-08-23,2014/15,Everton,Arsenal,Home,2,2,2,D,0
2014-08-30,2014/15,Everton,Chelsea,Home,7,3,6,A,0
2014-09-13,2014/15,Everton,West Brom,Away,4,2,0,A,0
2014-09-21,2014/15,Everton,Crystal Palace,Home,6,2,3,A,0
2014-09-27,2014/15,Everton,Liverpool,Away,5,1,1,D,0
2014-10-05,2014/15,Everton,Man United,Away,6,1,2,H,0
2014-10-18,2014/15,Everton,Aston Villa,Home,6,3,0,H,0
2014-10-26,2014/15,Everton,Burnley,Away,6,3,1,A,0
2014-11-01,2014/15,Everton,Swansea,Home,3,0,0,D,0
2014-11-09,2014/15,Everton,Sunderland,Away,7,1,1,D,0
2014-11-22,2014/15,Everton,West Ham,Home,4,2,1,H,0
2014-11-30,2014/15,Everton,Tottenham,Away,5,1,2,H,0
2014-12-03,2014/15,Everton,Hull,Home,5,1,1,D,0
2014-12-06,2014/15,Everton,Man City,Away,2,0,1,H,0
2014-12-15,2014/15,Everton,QPR,Home,5,3,1,H,0
2014-12-20,2014/15,Everton,Southampton,Away,4,0,3,H,0
2014-12-26,2014/15,Everton,Stoke,Home,5,0,1,A,0
2014-12-28,2014/15,Everton,Newcastle,Away,2,2,3,H,0
2015-01-01,2014/15,Everton,Hull,Away,3,0,2,H,1
2015-01-10,2014/15,Everton,Man City,Home,4,1,1,D,0
2015-01-19,2014/15,Everton,West Brom,Home,4,0,0,D,0
2015-01-31,2014/15,Everton,Crystal Palace,Away,2,1,0,A,0
2015-02-07,2014/15,Everton,Liverpool,Home,1,0,0,D,0
2015-02-11,2014/15,Everton,Chelsea,Away,4,0,1,H,1
2015-02-22,2014/15,Everton,Leicester,Home,3,2,2,D,0
2015-03-01,2014/15,Everton,Arsenal,Away,2,0,2,H,0
2015-03-04,2014/15,Everton,Stoke,Away,5,0,2,H,0
2015-03-15,2014/15,Everton,Newcastle,Home,9,3,0,H,0
2015-03-22,2014/15,Everton,QPR,Away,3,2,1,A,0
2015-04-04,2014/15,Everton,Southampton,Home,1,1,0,H,0
2015-04-11,2014/15,Everton,Swansea,Away,8,1,1,D,0
2015-04-18,2014/15,Everton,Burnley,Home,8,1,0,H,0
2015-04-26,2014/15,Everton,Man United,Home,7,3,0,H,0
2015-05-02,2014/15,Everton,Aston Villa,Away,5,2,3,H,0
2015-05-09,2014/15,Everton,Sunderland,Home,4,0,2,A,0
2015-05-16,2014/15,Everton,West Ham,Away,5,2,1,A,0
2015-05-24,2014/15,Everton,Tottenham,Home,1,0,1,A,0
2015-08-08,2015/16,Everton,Watford,Home,5,2,2,D,0
2015-08-15,2015/16,Everton,Southampton,Away,4,3,0,A,0
2015-08-23,2015/16,Everton,Man City,Home,1,0,2,A,0
2015-08-29,2015/16,Everton,Tottenham,Away,3,0,0,D,0
2015-09-12,2015/16,Everton,Chelsea,Home,9,3,1,H,0
2015-09-19,2015/16,Everton,Swansea,Away,2,0,0,D,1
2015-09-28,2015/16,Everton,West Brom,Away,4,3,2,A,0
2015-10-04,2015/16,Everton,Liverpool,Home,4,1,1,D,0
2015-10-17,2015/16,Everton,Man United,Home,3,0,3,A,0
2015-10-24,2015/16,Everton,Arsenal,Away,5,1,2,H,1
2015-11-01,2015/16,Everton,Sunderland,Home,8,6,2,H,0
2015-11-07,2015/16,Everton,West Ham,Away,4,1,1,D,0
2015-11-21,2015/16,Everton,Aston Villa,Home,9,4,0,H,0
2015-11-28,2015/16,Everton,Bournemouth,Away,6,3,3,D,0
2015-12-07,2015/16,Everton,Crystal Palace,Home,4,1,1,D,0
2015-12-12,2015/16,Everton,Norwich,Away,3,1,1,D,0
2015-12-19,2015/16,Everton,Leicester,Home,5,2,3,A,0
2015-12-26,2015/16,Everton,Newcastle,Away,7,1,0,A,0
2015-12-28,2015/16,Everton,Stoke,Home,3,3,4,A,0
2016-01-03,2015/16,Everton,Tottenham,Home,3,1,1,D,0
2016-01-13,2015/16,Everton,Man City,Away,2,0,0,D,0
2016-01-16,2015/16,Everton,Chelsea,Away,4,3,3,D,0
2016-01-24,2015/16,Everton,Swansea,Home,2,1,2,A,0
2016-02-03,2015/16,Everton,Newcastle,Home,7,3,0,H,0
2016-02-06,2015/16,Everton,Stoke,Away,6,3,0,A,0
2016-02-13,2015/16,Everton,West Brom,Home,6,0,1,A,0
2016-03-01,2015/16,Everton,Aston Villa,Away,7,3,1,A,0
2016-03-05,2015/16,Everton,West Ham,Home,8,2,3,A,1
2016-03-19,2015/16,Everton,Arsenal,Home,2,0,2,A,0
2016-04-03,2015/16,Everton,Man United,Away,1,0,1,H,0
2016-04-09,2015/16,Everton,Watford,Away,7,1,1,D,0
2016-04-13,2015/16,Everton,Crystal Palace,Away,5,0,0,D,1
2016-04-16,2015/16,Everton,Southampton,Home,2,1,1,D,0
2016-04-20,2015/16,Everton,Liverpool,Away,0,0,4,H,1
2016-04-30,2015/16,Everton,Bournemouth,Home,5,2,1,H,0
2016-05-07,2015/16,Everton,Leicester,Away,5,1,3,H,0
2016-05-11,2015/16,Everton,Sunderland,Away,6,0,3,H,0
2016-05-15,2015/16,Everton,Norwich,Home,8,3,0,H,0
2016-08-13,2016/17,Everton,Tottenham,Home,6,1,1,D,0
2016-08-20,2016/17,Everton,West Brom,Away,7,2,1,A,0
2016-08-27,2016/17,Everton,Stoke,Home,9,1,0,H,0
2016-09-12,2016/17,Everton,Sunderland,Away,9,3,0,A,0
2016-09-17,2016/17,Everton,Middlesbrough,Home,6,3,1,H,0
2016-09-24,2016/17,Everton,Bournemouth,Away,2,0,1,H,0
2016-09-30,2016/17,Everton,Crystal Palace,Home,3,1,1,D,0
2016-10-15,2016/17,Everton,Man City,Away,2,1,1,D,0
2016-10-22,2016/17,Everton,Burnley,Away,8,1,2,H,0
2016-10-30,2016/17,Everton,West Ham,Home,6,2,0,H,0
2016-11-05,2016/17,Everton,Chelsea,Away,0,0,5,H,0
2016-11-19,2016/17,Everton,Swansea,Home,6,1,1,D,0
2016-11-27,2016/17,Everton,Southampton,Away,1,0,1,H,0
2016-12-04,2016/17,Everton,Man United,Home,6,1,1,D,0
2016-12-10,2016/17,Everton,Watford,Away,4,2,3,H,0
2016-12-13,2016/17,Everton,Arsenal,Home,4,2,1,H,1
2016-12-19,2016/17,Everton,Liverpool,Home,1,0,1,A,0
2016-12-26,2016/17,Everton,Leicester,Away,3,2,0,A,0
2016-12-30,2016/17,Everton,Hull,Away,7,2,2,D,0
2017-01-02,2016/17,Everton,Southampton,Home,6,3,0,H,0
2017-01-15,2016/17,Everton,Man City,Home,4,4,0,H,0
2017-01-21,2016/17,Everton,Crystal Palace,Away,8,1,0,A,0
2017-02-01,2016/17,Everton,Stoke,Away,5,1,1,D,0
2017-02-04,2016/17,Everton,Bournemouth,Home,10,6,3,H,0
2017-02-11,2016/17,Everton,Middlesbrough,Away,3,0,0,D,0
2017-02-25,2016/17,Everton,Sunderland,Home,8,2,0,H,0
2017-03-05,2016/17,Everton,Tottenham,Away,4,2,3,H,0
2017-03-11,2016/17,Everton,West Brom,Home,5,3,0,H,0
2017-03-18,2016/17,Everton,Hull,Home,8,4,0,H,0
2017-04-01,2016/17,Everton,Liverpool,Away,4,1,3,H,0
2017-04-04,2016/17,Everton,Man United,Away,4,1,1,D,1
2017-04-09,2016/17,Everton,Leicester,Home,7,4,2,H,0
2017-04-15,2016/17,Everton,Burnley,Home,7,3,1,H,0
2017-04-22,2016/17,Everton,West Ham,Away,0,0,0,D,0
2017-04-30,2016/17,Everton,Chelsea,Home,4,0,3,A,0
2017-05-06,2016/17,Everton,Swansea,Away,2,0,1,H,0
2017-05-12,2016/17,Everton,Watford,Home,6,1,0,H,0
2017-05-21,2016/17,Everton,Arsenal,Away,7,1,3,H,0
2017-08-12,2017/18,Everton,Stoke,Home,4,1,0,H,0
2017-08-21,2017/18,Everton,Man City,Away,2,1,1,D,1
2017-08-27,2017/18,Everton,Chelsea,Away,0,0,2,H,0
2017-09-09,2017/18,Everton,Tottenham,Home,1,0,3,A,0
2017-09-17,2017/18,Everton,Man United,Away,3,0,4,H,0
2017-09-23,2017/18,Everton,Bournemouth,Home,4,2,1,H,0
2017-10-01,2017/18,Everton,Burnley,Home,4,0,1,A,0
2017-10-15,2017/18,Everton,Brighton,Away,6,1,1,D,0
2017-10-22,2017/18,Everton,Arsenal,Home,3,2,5,A,1
2017-10-29,2017/18,Everton,Leicester,Away,2,0,2,H,0
2017-11-05,2017/18,Everton,Watford,Home,5,3,2,H,0
2017-11-18,2017/18,Everton,Crystal Palace,Away,5,2,2,D,0
2017-11-26,2017/18,Everton,Southampton,Away,2,1,4,H,0
2017-11-29,2017/18,Everton,West Ham,Home,5,4,0,H,0
2017-12-02,2017/18,Everton,Huddersfield,Home,4,2,0,H,0
2017-12-10,2017/18,Everton,Liverpool,Away,2,1,1,D,0
2017-12-13,2017/18,Everton,Newcastle,Away,4,1,0,A,0
2017-12-18,2017/18,Everton,Swansea,Home,7,3,1,H,0
2017-12-23,2017/18,Everton,Chelsea,Home,0,0,0,D,0
2017-12-26,2017/18,Everton,West Brom,Away,3,0,0,D,0
2017-12-30,2017/18,Everton,Bournemouth,Away,1,1,2,H,0
2018-01-01,2017/18,Everton,Man United,Home,0,0,2,A,0
2018-01-13,2017/18,Everton,Tottenham,Away,0,0,4,H,0
2018-01-20,2017/18,Everton,West Brom,Home,4,1,1,D,0
2018-01-31,2017/18,Everton,Leicester,Home,4,2,1,H,0
2018-02-03,2017/18,Everton,Arsenal,Away,2,1,5,H,0
2018-02-10,2017/18,Everton,Crystal Palace,Home,5,3,1,H,0
2018-02-24,2017/18,Everton,Watford,Away,2,0,1,H,0
2018-03-03,2017/18,Everton,Burnley,Away,4,1,2,H,1
2018-03-10,2017/18,Everton,Brighton,Home,3,2,0,H,0
2018-03-17,2017/18,Everton,Stoke,Away,9,2,1,A,0
2018-03-31,2017/18,Everton,Man City,Home,2,1,3,A,0
2018-04-07,2017/18,Everton,Liverpool,Home,1,0,0,D,0
2018-04-14,2017/18,Everton,Swansea,Away,3,1,1,D,0
2018-04-23,2017/18,Everton,Newcastle,Home,1,1,0,H,0
2018-04-28,2017/18,Everton,Huddersfield,Away,5,2,0,A,0
2018-05-05,2017/18,Everton,Southampton,Home,3,1,1,D,0
2018-05-13,2017/18,Everton,West Ham,Away,7,1,3,H,0
2018-08-11,2018/19,Everton,Wolves,Away,5,2,2,D,1
2018-08-18,2018/19,Everton,Southampton,Home,7,2,1,H,0
2018-08-25,2018/19,Everton,Bournemouth,Away,3,2,2,D,1
2018-09-01,2018/19,Everton,Huddersfield,Home,1,1,1,D,0
2018-09-16,2018/19,Everton,West Ham,Home,4,1,3,A,0
2018-09-23,2018/19,Everton,Arsenal,Away,6,0,2,H,0
2018-09-29,2018/19,Everton,Fulham,Home,6,3,0,H,0
2018-10-06,2018/19,Everton,Leicester,Away,8,2,1,A,0
2018-10-21,2018/19,Everton,Crystal Palace,Home,4,2,0,H,0
2018-10-28,2018/19,Everton,Man United,Away,6,1,2,H,0
2018-11-03,2018/19,Everton,Brighton,Home,3,3,1,H,0
2018-11-11,2018/19,Everton,Chelsea,Away,1,0,0,D,0
2018-11-24,2018/19,Everton,Cardiff,Home,8,1,0,H,0
2018-12-02,2018/19,Everton,Liverpool,Away,3,0,1,H,0
2018-12-05,2018/19,Everton,Newcastle,Home,3,1,1,D,0
2018-12-10,2018/19,Everton,Watford,Home,5,2,2,D,0
2018-12-15,2018/19,Everton,Man City,Away,2,1,3,H,0
2018-12-23,2018/19,Everton,Tottenham,Home,3,2,6,A,0
2018-12-26,2018/19,Everton,Burnley,Away,6,5,1,A,0
2018-12-29,2018/19,Everton,Brighton,Away,4,0,1,H,0
2019-01-01,2018/19,Everton,Leicester,Home,2,0,1,A,0
2019-01-13,2018/19,Everton,Bournemouth,Home,3,2,0,H,0
2019-01-19,2018/19,Everton,Southampton,Away,2,1,2,H,0
2019-01-29,2018/19,Everton,Huddersfield,Away,5,1,0,A,1
2019-02-02,2018/19,Everton,Wolves,Home,4,1,3,A,0
2019-02-06,2018/19,Everton,Man City,Home,1,0,2,A,0
2019-02-09,2018/19,Everton,Watford,Away,4,0,1,H,1
2019-02-26,2018/19,Everton,Cardiff,Away,4,3,0,A,0
2019-03-03,2018/19,Everton,Liverpool,Home,3,0,0,D,0
2019-03-09,2018/19,Everton,Newcastle,Away,3,2,3,H,0
2019-03-17,2018/19,Everton,Chelsea,Home,8,2,0,H,0
2019-03-30,2018/19,Everton,West Ham,Away,9,2,0,A,0
2019-04-07,2018/19,Everton,Arsenal,Home,6,1,0,H,0
2019-04-13,2018/19,Everton,Fulham,Away,1,0,2,H,0
2019-04-21,2018/19,Everton,Man United,Home,8,4,0,H,0
2019-04-27,2018/19,Everton,Crystal Palace,Away,3,0,0,D,0
2019-05-03,2018/19,Everton,Burnley,Home,6,2,0,H,0
2019-05-12,2018/19,Everton,Tottenham,Away,9,2,2,D,0
2019-08-10,2019/20,Everton,Crystal Palace,Away,3,0,0,D,1
2019-08-17,2019/20,Everton,Watford,Home,2,1,0,H,0
2019-08-23,2019/20,Everton,Aston Villa,Away,1,0,2,H,0
2019-09-01,2019/20,Everton,Wolves,Home,6,3,2,H,0
2019-09-15,2019/20,Everton,Bournemouth,Away,5,1,3,H,0
2019-09-21,2019/20,Everton,Sheffield United,Home,3,0,2,A,0
2019-09-28,2019/20,Everton,Man City,Home,8,1,3,A,0
2019-10-05,2019/20,Everton,Burnley,Away,2,0,1,H,1
2019-10-19,2019/20,Everton,West Ham,Home,10,2,0,H,0
2019-10-26,2019/20,Everton,Brighton,Away,6,2,3,H,0
2019-11-03,2019/20,Everton,Tottenham,Home,3,1,1,D,0
2019-11-09,2019/20,Everton,Southampton,Away,5,2,1,A,0
2019-11-23,2019/20,Everton,Norwich,Home,7,0,2,A,0
2019-12-01,2019/20,Everton,Leicester,Away,3,1,2,H,0
2019-12-04,2019/20,Everton,Liverpool,Away,4,2,5,H,0
2019-12-07,2019/20,Everton,Chelsea,Home,7,3,1,H,0
2019-12-15,2019/20,Everton,Man United,Away,3,1,1,D,0
2019-12-21,2019/20,Everton,Arsenal,Home,0,0,0,D,0
2019-12-26,2019/20,Everton,Burnley,Home,5,1,0,H,0
2019-12-28,2019/20,Everton,Newcastle,Away,9,2,1,A,0
2020-01-01,2019/20,Everton,Man City,Away,2,1,2,H,0
2020-01-11,2019/20,Everton,Brighton,Home,6,1,0,H,0
2020-01-18,2019/20,Everton,West Ham,Away,3,1,1,D,0
2020-01-21,2019/20,Everton,Newcastle,Home,8,2,2,D,0
2020-02-01,2019/20,Everton,Watford,Away,5,3,2,A,1
2020-02-08,2019/20,Everton,Crystal Palace,Home,8,3,1,H,0
2020-02-23,2019/20,Everton,Arsenal,Away,5,2,3,H,0
2020-03-01,2019/20,Everton,Man United,Home,5,1,1,D,0
2020-03-08,2019/20,Everton,Chelsea,Away,1,0,4,H,0
2020-06-21,2019/20,Everton,Liverpool,Home,3,0,0,D,0
2020-06-24,2019/20,Everton,Norwich,Away,5,1,0,A,0
2020-07-01,2019/20,Everton,Leicester,Home,2,2,1,H,0
2020-07-06,2019/20,Everton,Tottenham,Away,3,0,1,H,0
2020-07-09,2019/20,Everton,Southampton,Home,4,1,1,D,0
2020-07-12,2019/20,Everton,Wolves,Away,2,0,3,H,0
2020-07-16,2019/20,Everton,Aston Villa,Home,1,1,1,D,0
2020-07-20,2019/20,Everton,Sheffield United,Away,2,1,0,A,0
2020-07-26,2019/20,Everton,Bournemouth,Home,5,1,3,A,0
2020-09-13,2020/21,Everton,Tottenham,Away,4,1,0,A,0
2020-09-19,2020/21,Everton,West Brom,Home,7,5,2,H,0
2020-09-26,2020/21,Everton,Crystal Palace,Away,5,2,1,A,0
2020-10-03,2020/21,Everton,Brighton,Home,6,4,2,H,0
2020-10-17,2020/21,Everton,Liverpool,Home,5,2,2,D,1
2020-10-25,2020/21,Everton,Southampton,Away,2,0,2,H,1
2020-11-01,2020/21,Everton,Newcastle,Away,4,1,2,H,0
2020-11-07,2020/21,Everton,Man United,Home,1,1,3,A,0
2020-11-22,2020/21,Everton,Fulham,Away,7,3,2,A,0
2020-11-28,2020/21,Everton,Leeds,Home,8,0,1,A,0
2020-12-05,2020/21,Everton,Burnley,Away,6,1,1,D,0
2020-12-12,2020/21,Everton,Chelsea,Home,4,1,0,H,0
2020-12-16,2020/21,Everton,Leicester,Away,6,2,0,A,0
2020-12-19,2020/21,Everton,Arsenal,Home,2,2,1,H,0
2020-12-26,2020/21,Everton,Sheffield United,Away,3,1,0,A,0
2021-01-01,2020/21,Everton,West Ham,Home,2,0,1,A,0
2021-01-12,2020/21,Everton,Wolves,Away,3,2,1,A,0
2021-01-27,2020/21,Everton,Leicester,Home,2,1,1,D,0
2021-01-30,2020/21,Everton,Newcastle,Home,3,0,2,A,0
2021-02-03,2020/21,Everton,Leeds,Away,6,2,1,A,0
2021-02-06,2020/21,Everton,Man United,Away,3,3,3,D,0
2021-02-14,2020/21,Everton,Fulham,Home,2,0,2,A,0
2021-02-17,2020/21,Everton,Man City,Home,2,1,3,A,0
2021-02-20,2020/21,Everton,Liverpool,Away,6,2,0,A,0
2021-03-01,2020/21,Everton,Southampton,Home,1,1,0,H,0
2021-03-04,2020/21,Everton,West Brom,Away,3,1,0,A,0
2021-03-08,2020/21,Everton,Chelsea,Away,1,0,2,H,0
2021-03-13,2020/21,Everton,Burnley,Home,4,1,2,A,0
2021-04-05,2020/21,Everton,Crystal Palace,Home,7,1,1,D,0
2021-04-12,2020/21,Everton,Brighton,Away,1,0,0,D,0
2021-04-16,2020/21,Everton,Tottenham,Home,7,2,2,D,0
2021-04-23,2020/21,Everton,Arsenal,Away,1,1,0,A,0
2021-05-01,2020/21,Everton,Aston Villa,Home,3,1,2,A,0
2021-05-09,2020/21,Everton,West Ham,Away,3,1,0,A,0
2021-05-13,2020/21,Everton,Aston Villa,Away,5,0,0,D,0
2021-05-16,2020/21,Everton,Sheffield United,Home,6,0,1,A,0
2021-05-19,2020/21,Everton,Wolves,Home,4,1,0,H,0
2021-05-23,2020/21,Everton,Man City,Away,3,0,5,H,0
2021-08-14,2021/22,Everton,Southampton,Home,6,3,1,H,0
2021-08-21,2021/22,Everton,Leeds,Away,8,2,2,D,0
2021-08-28,2021/22,Everton,Brighton,Away,5,2,0,A,0
2021-09-13,2021/22,Everton,Burnley,Home,6,3,1,H,0
2021-09-18,2021/22,Everton,Aston Villa,Away,1,0,3,H,0
2021-09-25,2021/22,Everton,Norwich,Home,4,2,0,H,0
2021-10-02,2021/22,Everton,Man United,Away,2,1,1,D,0
2021-10-17,2021/22,Everton,West Ham,Home,2,0,1,A,0
2021-10-23,2021/22,Everton,Watford,Home,4,2,5,A,0
2021-11-01,2021/22,Everton,Wolves,Away,5,1,2,H,0
2021-11-07,2021/22,Everton,Tottenham,Home,2,0,0,D,1
2021-11-21,2021/22,Everton,Man City,Away,1,0,3,H,0
2021-11-28,2021/22,Everton,Brentford,Away,5,0,1,H,0
2021-12-01,2021/22,Everton,Liverpool,Home,2,1,4,A,0
2021-12-06,2021/22,Everton,Arsenal,Home,5,2,1,H,0
2021-12-12,2021/22,Everton,Crystal Palace,Away,6,1,3,H,0
2021-12-16,2021/22,Everton,Chelsea,Away,3,1,1,D,0
2022-01-02,2021/22,Everton,Brighton,Home,6,2,3,A,0
2022-01-15,2021/22,Everton,Norwich,Away,5,1,2,H,0
2022-01-22,2021/22,Everton,Aston Villa,Home,1,0,1,A,0
2022-02-08,2021/22,Everton,Newcastle,Away,3,1,3,H,0
2022-02-12,2021/22,Everton,Leeds,Home,10,3,0,H,0
2022-02-19,2021/22,Everton,Southampton,Away,0,0,2,H,0
2022-02-26,2021/22,Everton,Man City,Home,2,0,1,A,0
2022-03-07,2021/22,Everton,Tottenham,Away,0,0,5,H,0
2022-03-13,2021/22,Everton,Wolves,Home,2,0,1,A,1
2022-03-17,2021/22,Everton,Newcastle,Home,3,1,0,H,1
2022-04-03,2021/22,Everton,West Ham,Away,2,1,2,H,1
2022-04-06,2021/22,Everton,Burnley,Away,4,2,3,H,0
2022-04-09,2021/22,Everton,Man United,Home,3,1,0,H,0
2022-04-20,2021/22,Everton,Leicester,Home,3,1,1,D,0
2022-04-24,2021/22,Everton,Liverpool,Away,1,0,2,H,0
2022-05-01,2021/22,Everton,Chelsea,Home,4,1,0,H,0
2022-05-08,2021/22,Everton,Leicester,Away,4,2,1,A,0
2022-05-11,2021/22,Everton,Watford,Away,5,0,0,D,0
2022-05-15,2021/22,Everton,Brentford,Home,5,2,3,A,2
2022-05-19,2021/22,Everton,Crystal Palace,Home,6,3,2,H,0
2022-05-22,2021/22,Everton,Arsenal,Away,2,1,5,H,0
2022-08-06,2022/23,Everton,Chelsea,Home,4,0,1,A,0
2022-08-13,2022/23,Everton,Aston Villa,Away,4,1,2,H,0
2022-08-20,2022/23,Everton,Nott'm Forest,Home,8,1,1,D,0
2022-08-27,2022/23,Everton,Brentford,Away,7,1,1,D,0
2022-08-30,2022/23,Everton,Leeds,Away,2,1,1,D,0
2022-09-03,2022/23,Everton,Liverpool,Home,3,0,0,D,0
2022-09-18,2022/23,Everton,West Ham,Home,2,1,0,H,0
2022-10-01,2022/23,Everton,Southampton,Away,5,2,1,A,0
2022-10-09,2022/23,Everton,Man United,Home,2,1,2,A,0
2022-10-15,2022/23,Everton,Tottenham,Away,0,0,2,H,0
2022-10-19,2022/23,Everton,Newcastle,Away,0,0,1,H,0
2022-10-22,2022/23,Everton,Crystal Palace,Home,6,3,0,H,0
2022-10-29,2022/23,Everton,Fulham,Away,4,0,0,D,0
2022-11-05,2022/23,Everton,Leicester,Home,2,0,2,A,0
2022-11-12,2022/23,Everton,Bournemouth,Away,3,0,3,H,0
2022-12-26,2022/23,Everton,Wolves,Home,6,1,2,A,0
2022-12-31,2022/23,Everton,Man City,Away,1,1,1,D,0
2023-01-03,2022/23,Everton,Brighton,Home,4,1,4,A,0
2023-01-14,2022/23,Everton,Southampton,Home,4,1,2,A,0
2023-01-21,2022/23,Everton,West Ham,Away,2,0,2,H,0
2023-02-04,2022/23,Everton,Arsenal,Home,4,1,0,H,0
2023-02-13,2022/23,Everton,Liverpool,Away,1,0,2,H,0
2023-02-18,2022/23,Everton,Leeds,Home,6,1,0,H,0
2023-02-25,2022/23,Everton,Aston Villa,Home,5,0,2,A,0
2023-03-01,2022/23,Everton,Arsenal,Away,5,0,4,H,0
2023-03-05,2022/23,Everton,Nott'm Forest,Away,3,2,2,D,0
2023-03-11,2022/23,Everton,Brentford,Home,6,1,0,H,0
2023-03-18,2022/23,Everton,Chelsea,Away,3,2,2,D,0
2023-04-03,2022/23,Everton,Tottenham,Home,6,1,1,D,1
2023-04-08,2022/23,Everton,Man United,Away,1,0,2,H,0
2023-04-15,2022/23,Everton,Fulham,Home,7,1,3,A,0
2023-04-22,2022/23,Everton,Crystal Palace,Away,5,0,0,D,1
2023-04-27,2022/23,Everton,Newcastle,Home,5,1,4,A,0
2023-05-01,2022/23,Everton,Leicester,Away,8,2,2,D,0
2023-05-08,2022/23,Everton,Brighton,Away,5,5,1,A,0
2023-05-14,2022/23,Everton,Man City,Home,3,0,3,A,0
2023-05-20,2022/23,Everton,Wolves,Away,4,1,1,D,0
2023-05-28,2022/23,Everton,Bournemouth,Home,6,1,0,H,0
2023-08-12,2023/24,Everton,Fulham,Home,9,0,1,A,0
2023-08-20,2023/24,Everton,Aston Villa,Away,2,0,4,H,0
2023-08-26,2023/24,Everton,Wolves,Home,7,0,1,A,0
2023-09-02,2023/24,Everton,Sheffield United,Away,6,2,2,D,0
2023-09-17,2023/24,Everton,Arsenal,Home,1,0,1,A,0
2023-09-23,2023/24,Everton,Brentford,Away,6,3,1,A,0
2023-09-30,2023/24,Everton,Luton,Home,5,1,2,A,0
2023-10-07,2023/24,Everton,Bournemouth,Home,8,3,0,H,0
2023-10-21,2023/24,Everton,Liverpool,Away,1,0,2,H,1
2023-10-29,2023/24,Everton,West Ham,Away,4,1,0,A,0
2023-11-04,2023/24,Everton,Brighton,Home,4,1,1,D,0
2023-11-11,2023/24,Everton,Crystal Palace,Away,4,3,2,A,0
2023-11-26,2023/24,Everton,Man United,Home,6,0,3,A,0
2023-12-02,2023/24,Everton,Nott'm Forest,Away,3,1,0,A,0
2023-12-07,2023/24,Everton,Newcastle,Home,6,3,0,H,0
2023-12-10,2023/24,Everton,Chelsea,Home,5,2,0,H,0
2023-12-16,2023/24,Everton,Burnley,Away,6,2,0,A,0
2023-12-23,2023/24,Everton,Tottenham,Away,8,1,2,H,0
2023-12-27,2023/24,Everton,Man City,Home,2,1,3,A,0
2023-12-30,2023/24,Everton,Wolves,Away,0,0,3,H,0
2024-01-14,2023/24,Everton,Aston Villa,Home,2,0,0,D,0
2024-01-30,2023/24,Everton,Fulham,Away,4,0,0,D,0
2024-02-03,2023/24,Everton,Tottenham,Home,5,2,2,D,0
2024-02-10,2023/24,Everton,Man City,Away,1,0,2,H,0
2024-02-19,2023/24,Everton,Crystal Palace,Home,4,1,1,D,0
2024-02-24,2023/24,Everton,Brighton,Away,3,1,1,D,0
2024-03-02,2023/24,Everton,West Ham,Home,11,1,3,A,0
2024-03-09,2023/24,Everton,Man United,Away,6,0,2,H,0
2024-03-30,2023/24,Everton,Bournemouth,Away,3,1,2,H,0
2024-04-02,2023/24,Everton,Newcastle,Away,3,1,1,D,0
2024-04-06,2023/24,Everton,Burnley,Home,3,1,0,H,0
2024-04-15,2023/24,Everton,Chelsea,Away,2,0,6,H,0
2024-04-21,2023/24,Everton,Nott'm Forest,Home,4,2,0,H,0
2024-04-24,2023/24,Everton,Liverpool,Home,6,2,0,H,0
2024-04-27,2023/24,Everton,Brentford,Home,1,1,0,H,0
2024-05-03,2023/24,Everton,Luton,Away,3,1,1,D,0
2024-05-11,2023/24,Everton,Sheffield United,Home,6,1,0,H,0
2024-05-19,2023/24,Everton,Arsenal,Away,2,1,2,H,0
2024-08-17,2024/25,Everton,Brighton,Home,1,0,3,A,1
2024-08-24,2024/25,Everton,Tottenham,Away,1,0,4,H,0
2024-08-31,2024/25,Everton,Bournemouth,Home,8,2,3,A,0
2024-09-14,2024/25,Everton,Aston Villa,Away,2,2,3,H,0
2024-09-21,2024/25,Everton,Leicester,Away,5,1,1,D,0
2024-09-28,2024/25,Everton,Crystal Palace,Home,2,2,1,H,0
2024-10-05,2024/25,Everton,Newcastle,Home,2,0,0,D,0
2024-10-19,2024/25,Everton,Ipswich,Away,8,2,0,A,0
2024-10-26,2024/25,Everton,Fulham,Home,5,1,1,D,0
2024-11-02,2024/25,Everton,Southampton,Away,5,0,1,H,0
2024-11-09,2024/25,Everton,West Ham,Away,4,0,0,D,0
2024-11-23,2024/25,Everton,Brentford,Home,5,0,0,D,0
2024-12-01,2024/25,Everton,Man United,Away,2,0,4,H,0
2024-12-04,2024/25,Everton,Wolves,Home,4,4,0,H,0
2024-12-14,2024/25,Everton,Arsenal,Away,0,0,0,D,0
2024-12-22,2024/25,Everton,Chelsea,Home,4,0,0,D,0
2024-12-26,2024/25,Everton,Man City,Away,3,1,1,D,0
2024-12-29,2024/25,Everton,Nott'm Forest,Home,2,0,2,A,0
2025-01-04,2024/25,Everton,Bournemouth,Away,0,0,1,H,0
2025-01-15,2024/25,Everton,Aston Villa,Home,3,0,1,A,0
2025-01-19,2024/25,Everton,Tottenham,Home,6,3,2,H,0
2025-01-25,2024/25,Everton,Brighton,Away,1,1,0,A,0
2025-02-01,2024/25,Everton,Leicester,Home,7,4,0,H,0
2025-02-12,2024/25,Everton,Liverpool,Home,3,2,2,D,1
2025-02-15,2024/25,Everton,Crystal Palace,Away,6,2,1,A,0
2025-02-22,2024/25,Everton,Man United,Home,8,2,2,D,0
2025-02-26,2024/25,Everton,Brentford,Away,4,1,1,D,0
2025-03-08,2024/25,Everton,Wolves,Away,4,1,1,D,0
2025-03-15,2024/25,Everton,West Ham,Home,5,1,1,D,0
2025-04-02,2024/25,Everton,Liverpool,Away,0,0,1,H,0
2025-04-05,2024/25,Everton,Arsenal,Home,2,1,1,D,0
2025-04-12,2024/25,Everton,Nott'm Forest,Away,5,1,0,A,0
2025-04-19,2024/25,Everton,Man City,Home,3,0,2,A,0
2025-04-26,2024/25,Everton,Chelsea,Away,3,0,1,H,0
2025-05-03,2024/25,Everton,Ipswich,Home,3,2,2,D,0
2001-08-19,2001/02,Fulham,Man United,Away,5,2,3,H,0
2001-08-22,2001/02,Fulham,Sunderland,Home,5,2,0,H,0
2001-08-25,2001/02,Fulham,Derby,Home,1,0,0,D,0
2001-09-09,2001/02,Fulham,Charlton,Away,5,1,1,D,0
2001-09-15,2001/02,Fulham,Arsenal,Home,3,1,3,A,0
2001-09-22,2001/02,Fulham,Leicester,Away,2,0,0,D,0
2001-09-30,2001/02,Fulham,Chelsea,Home,1,1,1,D,0
2001-10-14,2001/02,Fulham,Aston Villa,Away,3,0,2,H,0
2001-10-21,2001/02,Fulham,Ipswich,Home,3,1,1,D,1
2001-10-27,2001/02,Fulham,Southampton,Home,5,2,1,H,0
2001-11-03,2001/02,Fulham,West Ham,Away,6,2,0,A,0
2001-11-17,2001/02,Fulham,Newcastle,Home,8,3,1,H,0
2001-11-24,2001/02,Fulham,Bolton,Away,1,0,0,D,0
2001-12-02,2001/02,Fulham,Leeds,Home,5,0,0,D,0
2001-12-08,2001/02,Fulham,Everton,Home,4,2,0,H,1
2001-12-12,2001/02,Fulham,Liverpool,Away,4,0,0,D,0
2001-12-15,2001/02,Fulham,Tottenham,Away,1,0,4,H,0
2001-12-26,2001/02,Fulham,Charlton,Home,4,0,0,D,0
2001-12-30,2001/02,Fulham,Man United,Home,9,2,3,A,0
2002-01-02,2001/02,Fulham,Derby,Away,4,1,0,A,0
2002-01-12,2001/02,Fulham,Middlesbrough,Home,11,2,1,H,0
2002-01-19,2001/02,Fulham,Sunderland,Away,2,1,1,D,0
2002-01-30,2001/02,Fulham,Ipswich,Away,3,0,1,H,0
2002-02-02,2001/02,Fulham,Aston Villa,Home,3,0,0,D,0
2002-02-09,2001/02,Fulham,Blackburn,Home,8,2,0,H,0
2002-02-19,2001/02,Fulham,Middlesbrough,Away,5,1,2,H,0
2002-02-23,2001/02,Fulham,Arsenal,Away,5,1,4,H,0
2002-03-02,2001/02,Fulham,Liverpool,Home,5,0,2,A,0
2002-03-06,2001/02,Fulham,Chelsea,Away,6,2,3,H,0
2002-03-16,2001/02,Fulham,Everton,Away,5,1,2,H,0
2002-03-24,2001/02,Fulham,Tottenham,Home,3,0,2,A,0
2002-03-30,2001/02,Fulham,Southampton,Away,2,1,1,D,0
2002-04-01,2001/02,Fulham,West Ham,Home,2,0,1,A,0
2002-04-08,2001/02,Fulham,Newcastle,Away,3,1,1,D,0
2002-04-20,2001/02,Fulham,Leeds,Away,4,1,0,A,0
2002-04-23,2001/02,Fulham,Bolton,Home,7,3,0,H,0
2002-04-27,2001/02,Fulham,Leicester,Home,2,0,0,D,0
2002-05-11,2001/02,Fulham,Blackburn,Away,2,0,3,H,0
2002-08-17,2002/03,Fulham,Bolton,Home,6,4,1,H,0
2002-08-24,2002/03,Fulham,Middlesbrough,Away,4,2,2,D,0
2002-08-31,2002/03,Fulham,West Brom,Away,1,0,1,H,0
2002-09-11,2002/03,Fulham,Tottenham,Home,8,3,2,H,0
2002-09-14,2002/03,Fulham,Sunderland,Away,4,3,0,A,0
2002-09-23,2002/03,Fulham,Chelsea,Home,3,0,0,D,0
2002-09-28,2002/03,Fulham,Everton,Away,6,0,2,H,0
2002-10-06,2002/03,Fulham,Charlton,Home,5,1,0,H,0
2002-10-19,2002/03,Fulham,Man United,Home,6,1,1,D,0
2002-10-23,2002/03,Fulham,West Ham,Home,2,0,1,A,1
2002-10-27,2002/03,Fulham,Southampton,Away,4,2,4,H,0
2002-11-03,2002/03,Fulham,Arsenal,Home,4,0,1,A,0
2002-11-09,2002/03,Fulham,Aston Villa,Away,4,1,3,H,0
2002-11-17,2002/03,Fulham,Birmingham,Away,1,0,0,D,2
2002-11-23,2002/03,Fulham,Liverpool,Home,10,3,2,H,1
2002-11-30,2002/03,Fulham,Blackburn,Away,7,1,2,H,0
2002-12-07,2002/03,Fulham,Leeds,Home,3,1,0,H,0
2002-12-15,2002/03,Fulham,Birmingham,Home,0,0,1,A,0
2002-12-21,2002/03,Fulham,Newcastle,Away,0,0,2,H,1
2002-12-26,2002/03,Fulham,West Ham,Away,5,1,1,D,0
2002-12-28,2002/03,Fulham,Man City,Home,7,0,1,A,0
2003-01-11,2002/03,Fulham,Bolton,Away,8,0,0,D,0
2003-01-19,2002/03,Fulham,Middlesbrough,Home,6,1,0,H,0
2003-01-29,2002/03,Fulham,Man City,Away,2,1,4,H,0
2003-02-01,2002/03,Fulham,Arsenal,Away,1,1,2,H,0
2003-02-08,2002/03,Fulham,Aston Villa,Home,10,2,1,H,0
2003-02-19,2002/03,Fulham,West Brom,Home,8,3,0,H,0
2003-02-24,2002/03,Fulham,Tottenham,Away,7,1,1,D,1
2003-03-01,2002/03,Fulham,Sunderland,Home,4,1,0,H,0
2003-03-15,2002/03,Fulham,Southampton,Home,3,2,2,D,0
2003-03-22,2002/03,Fulham,Man United,Away,6,0,3,H,0
2003-04-07,2002/03,Fulham,Blackburn,Home,4,0,4,A,0
2003-04-12,2002/03,Fulham,Liverpool,Away,7,0,2,H,0
2003-04-19,2002/03,Fulham,Newcastle,Home,6,2,1,H,0
2003-04-22,2002/03,Fulham,Leeds,Away,2,0,2,H,0
2003-04-26,2002/03,Fulham,Chelsea,Away,5,1,1,D,0
2003-05-03,2002/03,Fulham,Everton,Home,6,2,0,H,0
2003-05-11,2002/03,Fulham,Charlton,Away,7,1,0,A,0
2003-08-16,2003/04,Fulham,Middlesbrough,Home,9,3,2,H,0
2003-08-23,2003/04,Fulham,Everton,Away,15,1,3,H,0
2003-08-30,2003/04,Fulham,Tottenham,Away,5,3,0,A,0
2003-09-14,2003/04,Fulham,Birmingham,Away,6,2,2,D,1
2003-09-20,2003/04,Fulham,Man City,Home,9,2,2,D,0
2003-09-28,2003/04,Fulham,Blackburn,Away,2,2,0,A,0
2003-10-04,2003/04,Fulham,Leicester,Home,8,2,0,H,0
2003-10-18,2003/04,Fulham,Wolves,Home,4,0,0,D,0
2003-10-21,2003/04,Fulham,Newcastle,Home,4,2,3,A,0
2003-10-25,2003/04,Fulham,Man United,Away,7,3,1,A,0
2003-11-02,2003/04,Fulham,Liverpool,Home,6,1,2,A,1
2003-11-08,2003/04,Fulham,Charlton,Away,7,1,3,H,0
2003-11-24,2003/04,Fulham,Portsmouth,Home,4,2,0,H,0
2003-11-30,2003/04,Fulham,Arsenal,Away,1,0,0,D,0
2003-12-06,2003/04,Fulham,Bolton,Home,3,2,1,H,0
2003-12-14,2003/04,Fulham,Leeds,Away,7,2,3,H,0
2003-12-20,2003/04,Fulham,Chelsea,Home,2,0,1,A,0
2003-12-26,2003/04,Fulham,Southampton,Home,7,2,0,H,0
2003-12-28,2003/04,Fulham,Aston Villa,Away,3,0,3,H,0
2004-01-07,2003/04,Fulham,Middlesbrough,Away,4,1,2,H,0
2004-01-10,2003/04,Fulham,Everton,Home,10,2,1,H,0
2004-01-19,2003/04,Fulham,Newcastle,Away,6,1,3,H,0
2004-01-31,2003/04,Fulham,Tottenham,Home,10,2,1,H,0
2004-02-07,2003/04,Fulham,Southampton,Away,8,0,0,D,0
2004-02-11,2003/04,Fulham,Aston Villa,Home,6,1,2,A,1
2004-02-21,2003/04,Fulham,Wolves,Away,5,1,2,H,0
2004-02-28,2003/04,Fulham,Man United,Home,3,1,1,D,0
2004-03-13,2003/04,Fulham,Leeds,Home,10,2,0,H,0
2004-03-20,2003/04,Fulham,Chelsea,Away,1,1,2,H,0
2004-03-27,2003/04,Fulham,Man City,Away,2,0,0,D,0
2004-04-03,2003/04,Fulham,Birmingham,Home,5,0,0,D,0
2004-04-24,2003/04,Fulham,Charlton,Home,6,2,0,H,0
2004-05-01,2003/04,Fulham,Portsmouth,Away,7,1,1,D,0
2004-08-14,2004/05,Fulham,Man City,Away,2,1,1,D,0
2004-08-21,2004/05,Fulham,Bolton,Home,12,2,0,H,0
2004-08-25,2004/05,Fulham,Middlesbrough,Home,2,0,2,A,0
2004-08-30,2004/05,Fulham,Portsmouth,Away,10,3,4,H,0
2004-09-11,2004/05,Fulham,Arsenal,Home,7,0,3,A,0
2004-09-18,2004/05,Fulham,West Brom,Away,3,1,1,D,2
2004-09-25,2004/05,Fulham,Southampton,Home,6,1,0,H,0
2004-10-04,2004/05,Fulham,Crystal Palace,Away,5,0,2,H,1
2004-10-16,2004/05,Fulham,Liverpool,Home,3,2,4,A,0
2004-10-23,2004/05,Fulham,Aston Villa,Away,1,0,2,H,0
2004-10-30,2004/05,Fulham,Tottenham,Home,4,2,0,H,0
2004-11-07,2004/05,Fulham,Newcastle,Away,7,4,1,A,0
2004-11-13,2004/05,Fulham,Chelsea,Home,2,1,4,A,0
2004-11-20,2004/05,Fulham,Everton,Away,4,0,1,H,0
2004-11-27,2004/05,Fulham,Blackburn,Home,6,0,2,A,1
2004-12-04,2004/05,Fulham,Norwich,Away,9,1,0,A,0
2004-12-13,2004/05,Fulham,Man United,Home,3,1,1,D,0
2004-12-20,2004/05,Fulham,Charlton,Away,4,1,2,H,0
2004-12-26,2004/05,Fulham,Arsenal,Away,1,0,2,H,0
2004-12-28,2004/05,Fulham,Birmingham,Home,7,2,3,A,0
2005-01-01,2004/05,Fulham,Crystal Palace,Home,6,3,1,H,0
2005-01-05,2004/05,Fulham,Southampton,Away,7,3,3,D,0
2005-01-16,2004/05,Fulham,West Brom,Home,4,1,0,H,0
2005-01-22,2004/05,Fulham,Birmingham,Away,3,2,1,A,0
2005-02-02,2004/05,Fulham,Aston Villa,Home,3,1,1,D,0
2005-02-05,2004/05,Fulham,Liverpool,Away,2,1,3,H,0
2005-02-26,2004/05,Fulham,Tottenham,Away,5,0,2,H,0
2005-03-05,2004/05,Fulham,Charlton,Home,5,0,0,D,0
2005-03-19,2004/05,Fulham,Man United,Away,6,0,1,H,0
2005-04-03,2004/05,Fulham,Portsmouth,Home,7,3,1,H,0
2005-04-09,2004/05,Fulham,Bolton,Away,4,1,3,H,1
2005-04-16,2004/05,Fulham,Man City,Home,3,1,1,D,0
2005-04-19,2004/05,Fulham,Middlesbrough,Away,2,1,1,D,0
2005-08-13,2005/06,Fulham,Birmingham,Home,7,0,0,D,0
2005-08-20,2005/06,Fulham,Blackburn,Away,4,1,2,H,0
2005-08-24,2005/06,Fulham,Arsenal,Away,3,1,4,H,0
2005-08-27,2005/06,Fulham,Everton,Home,4,1,0,H,0
2005-09-10,2005/06,Fulham,Newcastle,Away,8,1,1,D,0
2005-09-17,2005/06,Fulham,West Ham,Home,6,1,2,A,0
2005-09-26,2005/06,Fulham,Tottenham,Away,5,0,1,H,0
2005-10-01,2005/06,Fulham,Man United,Home,6,2,3,A,0
2005-10-17,2005/06,Fulham,Charlton,Away,1,1,1,D,0
2005-10-22,2005/06,Fulham,Liverpool,Home,3,2,0,H,0
2005-10-29,2005/06,Fulham,Wigan,Away,1,0,1,H,0
2005-11-05,2005/06,Fulham,Man City,Home,5,2,1,H,0
2005-11-20,2005/06,Fulham,Middlesbrough,Away,6,2,3,H,0
2005-11-27,2005/06,Fulham,Bolton,Home,7,2,1,H,0
2005-12-03,2005/06,Fulham,West Brom,Away,1,0,0,D,1
2005-12-10,2005/06,Fulham,Birmingham,Away,3,0,1,H,0
2005-12-17,2005/06,Fulham,Blackburn,Home,5,2,1,H,0
2005-12-26,2005/06,Fulham,Chelsea,Away,4,2,3,H,0
2005-12-28,2005/06,Fulham,Aston Villa,Home,3,3,3,D,0
2005-12-31,2005/06,Fulham,Portsmouth,Away,4,0,1,H,0
2006-01-02,2005/06,Fulham,Sunderland,Home,9,2,1,H,0
2006-01-14,2005/06,Fulham,Newcastle,Home,5,1,0,H,0
2006-01-23,2005/06,Fulham,West Ham,Away,6,1,2,H,0
2006-01-31,2005/06,Fulham,Tottenham,Home,8,1,0,H,0
2006-02-04,2005/06,Fulham,Man United,Away,7,2,4,H,0
2006-02-11,2005/06,Fulham,West Brom,Home,7,6,1,H,0
2006-02-26,2005/06,Fulham,Bolton,Away,6,1,2,H,0
2006-03-04,2005/06,Fulham,Arsenal,Home,4,0,4,A,0
2006-03-11,2005/06,Fulham,Everton,Away,3,1,3,H,0
2006-03-15,2005/06,Fulham,Liverpool,Away,4,1,5,H,0
2006-03-19,2005/06,Fulham,Chelsea,Home,4,1,0,H,0
2006-03-25,2005/06,Fulham,Aston Villa,Away,3,0,0,D,0
2006-04-01,2005/06,Fulham,Portsmouth,Home,4,1,3,A,1
2006-04-15,2005/06,Fulham,Charlton,Home,4,2,1,H,0
2006-04-24,2005/06,Fulham,Wigan,Home,6,1,0,H,0
2006-04-29,2005/06,Fulham,Man City,Away,7,2,1,A,0
2006-05-04,2005/06,Fulham,Sunderland,Away,2,1,2,H,0
2006-05-07,2005/06,Fulham,Middlesbrough,Home,3,1,0,H,0
2006-08-20,2006/07,Fulham,Man United,Away,8,1,5,H,0
2006-08-23,2006/07,Fulham,Bolton,Home,4,1,1,D,0
2006-08-26,2006/07,Fulham,Sheffield United,Home,5,1,0,H,0
2006-09-09,2006/07,Fulham,Newcastle,Away,5,2,1,A,0
2006-09-17,2006/07,Fulham,Tottenham,Away,3,0,0,D,0
2006-09-23,2006/07,Fulham,Chelsea,Home,4,0,2,A,0
2006-10-02,2006/07,Fulham,Watford,Away,3,3,3,D,0
2006-10-16,2006/07,Fulham,Charlton,Home,6,2,1,H,0
2006-10-21,2006/07,Fulham,Aston Villa,Away,2,1,1,D,0
2006-10-28,2006/07,Fulham,Wigan,Home,1,0,1,A,0
2006-11-04,2006/07,Fulham,Everton,Home,3,1,0,H,0
2006-11-11,2006/07,Fulham,Portsmouth,Away,4,1,1,D,0
2006-11-18,2006/07,Fulham,Man City,Away,2,1,3,H,0
2006-11-25,2006/07,Fulham,Reading,Home,4,0,1,A,1
2006-11-29,2006/07,Fulham,Arsenal,Home,7,2,1,H,0
2006-12-02,2006/07,Fulham,Blackburn,Away,2,0,2,H,0
2006-12-09,2006/07,Fulham,Liverpool,Away,3,0,4,H,0
2006-12-18,2006/07,Fulham,Middlesbrough,Home,6,2,1,H,0
2006-12-23,2006/07,Fulham,West Ham,Home,7,0,0,D,0
2006-12-27,2006/07,Fulham,Charlton,Away,9,2,2,D,0
2006-12-30,2006/07,Fulham,Chelsea,Away,6,2,2,D,0
2007-01-01,2006/07,Fulham,Watford,Home,4,0,0,D,0
2007-01-13,2006/07,Fulham,West Ham,Away,6,3,3,D,0
2007-01-20,2006/07,Fulham,Tottenham,Home,3,1,1,D,1
2007-01-30,2006/07,Fulham,Sheffield United,Away,0,0,2,H,0
2007-02-03,2006/07,Fulham,Newcastle,Home,9,2,1,H,0
2007-02-11,2006/07,Fulham,Bolton,Away,6,1,2,H,0
2007-02-24,2006/07,Fulham,Man United,Home,6,1,2,A,0
2007-03-03,2006/07,Fulham,Aston Villa,Home,7,1,1,D,0
2007-03-17,2006/07,Fulham,Wigan,Away,0,0,0,D,0
2007-03-31,2006/07,Fulham,Portsmouth,Home,9,1,1,D,0
2007-04-06,2006/07,Fulham,Everton,Away,8,1,4,H,0
2007-04-09,2006/07,Fulham,Man City,Home,5,1,3,A,0
2007-04-14,2006/07,Fulham,Reading,Away,5,0,1,H,0
2007-04-21,2006/07,Fulham,Blackburn,Home,6,1,1,D,0
2007-04-29,2006/07,Fulham,Arsenal,Away,1,1,3,H,0
2007-05-05,2006/07,Fulham,Liverpool,Home,5,1,0,H,1
2007-05-13,2006/07,Fulham,Middlesbrough,Away,5,1,3,H,0
2007-08-12,2007/08,Fulham,Arsenal,Away,9,1,2,H,0
2007-08-15,2007/08,Fulham,Bolton,Home,6,2,1,H,0
2007-08-18,2007/08,Fulham,Middlesbrough,Home,6,1,2,A,0
2007-08-25,2007/08,Fulham,Aston Villa,Away,5,1,2,H,1
2007-09-01,2007/08,Fulham,Tottenham,Home,7,3,3,D,0
2007-09-15,2007/08,Fulham,Wigan,Away,5,1,1,D,0
2007-09-22,2007/08,Fulham,Man City,Home,8,3,3,D,0
2007-09-29,2007/08,Fulham,Chelsea,Away,1,0,0,D,0
2007-10-07,2007/08,Fulham,Portsmouth,Home,10,0,2,A,0
2007-10-20,2007/08,Fulham,Derby,Home,9,0,0,D,1
2007-10-27,2007/08,Fulham,Sunderland,Away,3,1,1,D,0
2007-11-03,2007/08,Fulham,Reading,Home,7,3,1,H,1
2007-11-10,2007/08,Fulham,Liverpool,Away,3,0,2,H,0
2007-11-25,2007/08,Fulham,Blackburn,Home,2,2,2,D,0
2007-12-03,2007/08,Fulham,Man United,Away,3,0,2,H,0
2007-12-08,2007/08,Fulham,Everton,Away,4,0,3,H,0
2007-12-15,2007/08,Fulham,Newcastle,Home,5,0,1,A,0
2007-12-22,2007/08,Fulham,Wigan,Home,3,1,1,D,0
2007-12-26,2007/08,Fulham,Tottenham,Away,4,1,5,H,1
2007-12-29,2007/08,Fulham,Birmingham,Away,7,1,1,D,1
2008-01-01,2007/08,Fulham,Chelsea,Home,2,1,2,A,0
2008-01-12,2007/08,Fulham,West Ham,Away,2,1,2,H,0
2008-01-19,2007/08,Fulham,Arsenal,Home,0,0,3,A,0
2008-01-29,2007/08,Fulham,Bolton,Away,4,0,0,D,0
2008-02-03,2007/08,Fulham,Aston Villa,Home,8,2,1,H,0
2008-02-09,2007/08,Fulham,Middlesbrough,Away,5,0,1,H,0
2008-02-23,2007/08,Fulham,West Ham,Home,14,0,1,A,1
2008-03-01,2007/08,Fulham,Man United,Home,7,0,3,A,0
2008-03-08,2007/08,Fulham,Blackburn,Away,4,1,1,D,0
2008-03-16,2007/08,Fulham,Everton,Home,2,1,0,H,0
2008-03-22,2007/08,Fulham,Newcastle,Away,5,0,2,H,0
2008-03-29,2007/08,Fulham,Derby,Away,4,2,2,D,0
2008-04-05,2007/08,Fulham,Sunderland,Home,5,1,3,A,0
2008-04-12,2007/08,Fulham,Reading,Away,8,2,0,A,0
2008-04-19,2007/08,Fulham,Liverpool,Home,6,0,2,A,0
2008-04-26,2007/08,Fulham,Man City,Away,13,3,2,A,0
2008-05-03,2007/08,Fulham,Birmingham,Home,6,2,0,H,0
2008-05-11,2007/08,Fulham,Portsmouth,Away,4,1,0,A,0
2008-08-16,2008/09,Fulham,Hull,Away,6,1,2,H,0
2008-08-23,2008/09,Fulham,Arsenal,Home,2,1,0,H,0
2008-09-13,2008/09,Fulham,Bolton,Home,13,2,1,H,0
2008-09-20,2008/09,Fulham,Blackburn,Away,5,0,1,H,0
2008-09-27,2008/09,Fulham,West Ham,Home,6,1,2,A,1
2008-10-04,2008/09,Fulham,West Brom,Away,5,0,1,H,0
2008-10-18,2008/09,Fulham,Sunderland,Home,9,0,0,D,0
2008-10-26,2008/09,Fulham,Portsmouth,Away,5,1,1,D,0
2008-10-29,2008/09,Fulham,Wigan,Home,2,2,0,H,0
2008-11-01,2008/09,Fulham,Everton,Away,5,0,1,H,0
2008-11-09,2008/09,Fulham,Newcastle,Home,6,2,1,H,0
2008-11-15,2008/09,Fulham,Tottenham,Home,14,2,1,H,0
2008-11-22,2008/09,Fulham,Liverpool,Away,6,0,0,D,0
2008-11-29,2008/09,Fulham,Aston Villa,Away,2,0,0,D,0
2008-12-06,2008/09,Fulham,Man City,Home,8,1,1,D,0
2008-12-13,2008/09,Fulham,Stoke,Away,6,0,0,D,0
2008-12-20,2008/09,Fulham,Middlesbrough,Home,13,3,0,H,0
2008-12-26,2008/09,Fulham,Tottenham,Away,7,0,0,D,0
2008-12-28,2008/09,Fulham,Chelsea,Home,2,2,2,D,0
2009-01-18,2008/09,Fulham,West Ham,Away,5,1,3,H,0
2009-01-27,2008/09,Fulham,Sunderland,Away,8,0,1,H,0
2009-01-31,2008/09,Fulham,Portsmouth,Home,6,3,1,H,0
2009-02-07,2008/09,Fulham,Wigan,Away,2,0,0,D,0
2009-02-18,2008/09,Fulham,Man United,Away,0,0,3,H,0
2009-02-22,2008/09,Fulham,West Brom,Home,9,2,0,H,0
2009-02-28,2008/09,Fulham,Arsenal,Away,3,0,0,D,0
2009-03-04,2008/09,Fulham,Hull,Home,9,0,1,A,0
2009-03-11,2008/09,Fulham,Blackburn,Home,8,1,2,A,0
2009-03-14,2008/09,Fulham,Bolton,Away,8,3,1,A,0
2009-03-21,2008/09,Fulham,Man United,Home,6,2,0,H,0
2009-04-04,2008/09,Fulham,Liverpool,Home,1,0,1,A,0
2009-04-12,2008/09,Fulham,Man City,Away,11,3,1,A,0
2009-04-18,2008/09,Fulham,Middlesbrough,Away,6,0,0,D,0
2009-04-25,2008/09,Fulham,Stoke,Home,7,1,0,H,0
2009-05-02,2008/09,Fulham,Chelsea,Away,3,1,3,H,0
2009-05-09,2008/09,Fulham,Aston Villa,Home,11,3,1,H,0
2009-05-16,2008/09,Fulham,Newcastle,Away,5,1,0,A,0
2009-05-24,2008/09,Fulham,Everton,Home,4,0,2,A,0
2009-08-15,2009/10,Fulham,Portsmouth,Away,3,1,0,A,0
2009-08-23,2009/10,Fulham,Chelsea,Home,1,0,2,A,0
2009-08-30,2009/10,Fulham,Aston Villa,Away,3,0,2,H,0
2009-09-13,2009/10,Fulham,Everton,Home,8,2,1,H,0
2009-09-20,2009/10,Fulham,Wolves,Away,1,1,2,H,0
2009-09-26,2009/10,Fulham,Arsenal,Home,12,0,1,A,0
2009-10-04,2009/10,Fulham,West Ham,Away,6,2,2,D,1
2009-10-19,2009/10,Fulham,Hull,Home,11,2,0,H,0
2009-10-25,2009/10,Fulham,Man City,Away,5,2,2,D,0
2009-10-31,2009/10,Fulham,Liverpool,Home,6,3,1,H,0
2009-11-08,2009/10,Fulham,Wigan,Away,3,1,1,D,0
2009-11-21,2009/10,Fulham,Birmingham,Away,5,0,1,H,0
2009-11-25,2009/10,Fulham,Blackburn,Home,4,3,0,H,0
2009-11-28,2009/10,Fulham,Bolton,Home,7,1,1,D,0
2009-12-06,2009/10,Fulham,Sunderland,Home,5,1,0,H,0
2009-12-12,2009/10,Fulham,Burnley,Away,6,1,1,D,0
2009-12-19,2009/10,Fulham,Man United,Home,7,3,0,H,0
2009-12-26,2009/10,Fulham,Tottenham,Home,6,0,0,D,0
2009-12-28,2009/10,Fulham,Chelsea,Away,3,1,2,H,0
2010-01-05,2009/10,Fulham,Stoke,Away,7,2,3,H,0
2010-01-17,2009/10,Fulham,Blackburn,Away,9,0,2,H,0
2010-01-26,2009/10,Fulham,Tottenham,Away,6,0,2,H,0
2010-01-30,2009/10,Fulham,Aston Villa,Home,8,0,2,A,0
2010-02-03,2009/10,Fulham,Portsmouth,Home,9,1,0,H,0
2010-02-06,2009/10,Fulham,Bolton,Away,4,0,0,D,0
2010-02-09,2009/10,Fulham,Burnley,Home,12,3,0,H,0
2010-02-21,2009/10,Fulham,Birmingham,Home,6,2,1,H,0
2010-02-28,2009/10,Fulham,Sunderland,Away,1,0,0,D,0
2010-03-14,2009/10,Fulham,Man United,Away,5,0,3,H,0
2010-03-21,2009/10,Fulham,Man City,Home,4,1,2,A,0
2010-03-27,2009/10,Fulham,Hull,Away,9,0,2,H,0
2010-04-04,2009/10,Fulham,Wigan,Home,5,2,1,H,0
2010-04-11,2009/10,Fulham,Liverpool,Away,2,0,0,D,0
2010-04-17,2009/10,Fulham,Wolves,Home,4,0,0,D,0
2010-04-25,2009/10,Fulham,Everton,Away,6,1,2,H,0
2010-05-02,2009/10,Fulham,West Ham,Home,3,3,2,H,0
2010-05-05,2009/10,Fulham,Stoke,Home,6,0,1,A,0
2010-05-09,2009/10,Fulham,Arsenal,Away,2,0,4,H,0
2010-08-14,2010/11,Fulham,Bolton,Away,7,0,0,D,0
2010-08-22,2010/11,Fulham,Man United,Home,8,2,2,D,0
2010-08-28,2010/11,Fulham,Blackpool,Away,7,2,2,D,0
2010-09-11,2010/11,Fulham,Wolves,Home,6,2,1,H,0
2010-09-18,2010/11,Fulham,Blackburn,Away,4,1,1,D,0
2010-09-25,2010/11,Fulham,Everton,Home,2,0,0,D,0
2010-10-02,2010/11,Fulham,West Ham,Away,5,1,1,D,0
2010-10-16,2010/11,Fulham,Tottenham,Home,5,1,2,A,0
2010-10-23,2010/11,Fulham,West Brom,Away,3,1,2,H,0
2010-10-30,2010/11,Fulham,Wigan,Home,9,2,0,H,0
2010-11-06,2010/11,Fulham,Aston Villa,Home,10,1,1,D,0
2010-11-10,2010/11,Fulham,Chelsea,Away,3,0,1,H,0
2010-11-13,2010/11,Fulham,Newcastle,Away,8,0,0,D,0
2010-11-21,2010/11,Fulham,Man City,Home,3,1,4,A,0
2010-11-27,2010/11,Fulham,Birmingham,Home,7,1,1,D,0
2010-12-04,2010/11,Fulham,Arsenal,Away,7,1,2,H,0
2010-12-11,2010/11,Fulham,Sunderland,Home,13,0,0,D,0
2010-12-26,2010/11,Fulham,West Ham,Home,6,1,3,A,0
2010-12-28,2010/11,Fulham,Stoke,Away,3,2,0,A,0
2011-01-01,2010/11,Fulham,Tottenham,Away,4,0,1,H,0
2011-01-04,2010/11,Fulham,West Brom,Home,6,3,0,H,0
2011-01-15,2010/11,Fulham,Wigan,Away,5,1,1,D,0
2011-01-22,2010/11,Fulham,Stoke,Home,7,2,0,H,0
2011-01-26,2010/11,Fulham,Liverpool,Away,8,0,1,H,0
2011-02-02,2010/11,Fulham,Newcastle,Home,9,1,0,H,0
2011-02-05,2010/11,Fulham,Aston Villa,Away,9,2,2,D,0
2011-02-14,2010/11,Fulham,Chelsea,Home,8,0,0,D,0
2011-02-27,2010/11,Fulham,Man City,Away,5,1,1,D,0
2011-03-05,2010/11,Fulham,Blackburn,Home,11,3,2,H,0
2011-03-19,2010/11,Fulham,Everton,Away,6,1,2,H,0
2011-04-03,2010/11,Fulham,Blackpool,Home,11,3,0,H,0
2011-04-09,2010/11,Fulham,Man United,Away,5,0,2,H,0
2011-04-23,2010/11,Fulham,Wolves,Away,5,1,1,D,0
2011-04-27,2010/11,Fulham,Bolton,Home,7,3,0,H,0
2011-04-30,2010/11,Fulham,Sunderland,Away,6,3,0,A,0
2011-05-09,2010/11,Fulham,Liverpool,Home,7,2,5,A,0
2011-05-15,2010/11,Fulham,Birmingham,Away,9,2,0,A,0
2011-05-22,2010/11,Fulham,Arsenal,Home,6,2,2,D,1
2011-08-13,2011/12,Fulham,Aston Villa,Home,9,0,0,D,0
2011-08-21,2011/12,Fulham,Wolves,Away,4,0,2,H,0
2011-08-28,2011/12,Fulham,Newcastle,Away,9,1,2,H,0
2011-09-11,2011/12,Fulham,Blackburn,Home,8,1,1,D,0
2011-09-18,2011/12,Fulham,Man City,Home,11,2,2,D,0
2011-09-24,2011/12,Fulham,West Brom,Away,9,0,0,D,0
2011-10-02,2011/12,Fulham,QPR,Home,13,6,0,H,0
2011-10-15,2011/12,Fulham,Stoke,Away,1,0,2,H,0
2011-10-23,2011/12,Fulham,Everton,Home,8,1,3,A,0
2011-10-29,2011/12,Fulham,Wigan,Away,5,2,0,A,0
2011-11-06,2011/12,Fulham,Tottenham,Home,20,1,3,A,0
2011-11-19,2011/12,Fulham,Sunderland,Away,9,0,0,D,0
2011-11-26,2011/12,Fulham,Arsenal,Away,6,1,1,D,0
2011-12-05,2011/12,Fulham,Liverpool,Home,13,1,0,H,0
2011-12-10,2011/12,Fulham,Swansea,Away,7,0,2,H,0
2011-12-17,2011/12,Fulham,Bolton,Home,9,2,0,H,0
2011-12-21,2011/12,Fulham,Man United,Home,8,0,5,A,0
2011-12-26,2011/12,Fulham,Chelsea,Away,6,1,1,D,0
2011-12-31,2011/12,Fulham,Norwich,Away,6,1,1,D,0
2012-01-02,2011/12,Fulham,Arsenal,Home,8,2,1,H,0
2012-01-14,2011/12,Fulham,Blackburn,Away,7,1,3,H,0
2012-01-21,2011/12,Fulham,Newcastle,Home,7,5,2,H,0
2012-02-01,2011/12,Fulham,West Brom,Home,6,1,1,D,0
2012-02-04,2011/12,Fulham,Man City,Away,8,0,3,H,0
2012-02-11,2011/12,Fulham,Stoke,Home,4,2,1,H,0
2012-02-25,2011/12,Fulham,QPR,Away,3,1,0,A,0
2012-03-04,2011/12,Fulham,Wolves,Home,19,5,0,H,0
2012-03-10,2011/12,Fulham,Aston Villa,Away,1,0,1,H,0
2012-03-17,2011/12,Fulham,Swansea,Home,7,0,3,A,0
2012-03-26,2011/12,Fulham,Man United,Away,4,0,1,H,0
2012-03-31,2011/12,Fulham,Norwich,Home,9,2,1,H,0
2012-04-07,2011/12,Fulham,Bolton,Away,8,3,0,A,0
2012-04-09,2011/12,Fulham,Chelsea,Home,9,1,1,D,0
2012-04-21,2011/12,Fulham,Wigan,Home,9,2,1,H,0
2012-04-28,2011/12,Fulham,Everton,Away,5,0,4,H,0
2012-05-01,2011/12,Fulham,Liverpool,Away,4,1,0,A,0
2012-05-06,2011/12,Fulham,Sunderland,Home,15,2,1,H,0
2012-05-13,2011/12,Fulham,Tottenham,Away,7,0,2,H,0
2012-08-18,2012/13,Fulham,Norwich,Home,9,5,0,H,0
2012-08-25,2012/13,Fulham,Man United,Away,11,2,3,H,0
2012-09-01,2012/13,Fulham,West Ham,Away,13,0,3,H,0
2012-09-15,2012/13,Fulham,West Brom,Home,14,3,0,H,0
2012-09-22,2012/13,Fulham,Wigan,Away,9,2,1,A,0
2012-09-29,2012/13,Fulham,Man City,Home,3,1,2,A,0
2012-10-07,2012/13,Fulham,Southampton,Away,5,2,2,D,0
2012-10-20,2012/13,Fulham,Aston Villa,Home,8,1,0,H,0
2012-10-27,2012/13,Fulham,Reading,Away,8,3,3,D,0
2012-11-03,2012/13,Fulham,Everton,Home,5,2,2,D,0
2012-11-10,2012/13,Fulham,Arsenal,Away,5,3,3,D,0
2012-11-18,2012/13,Fulham,Sunderland,Home,13,1,3,A,1
2012-11-24,2012/13,Fulham,Stoke,Away,5,0,1,H,0
2012-11-28,2012/13,Fulham,Chelsea,Away,7,0,0,D,0
2012-12-01,2012/13,Fulham,Tottenham,Home,2,0,3,A,0
2012-12-10,2012/13,Fulham,Newcastle,Home,7,2,1,H,0
2012-12-15,2012/13,Fulham,QPR,Away,3,1,2,H,0
2012-12-22,2012/13,Fulham,Liverpool,Away,6,0,4,H,0
2012-12-26,2012/13,Fulham,Southampton,Home,2,1,1,D,0
2012-12-29,2012/13,Fulham,Swansea,Home,13,1,2,A,0
2013-01-01,2012/13,Fulham,West Brom,Away,5,2,1,A,0
2013-01-12,2012/13,Fulham,Wigan,Home,5,1,1,D,0
2013-01-19,2012/13,Fulham,Man City,Away,0,0,2,H,0
2013-01-30,2012/13,Fulham,West Ham,Home,6,3,1,H,0
2013-02-02,2012/13,Fulham,Man United,Home,8,0,1,A,0
2013-02-09,2012/13,Fulham,Norwich,Away,5,0,0,D,0
2013-02-23,2012/13,Fulham,Stoke,Home,9,1,0,H,0
2013-03-02,2012/13,Fulham,Sunderland,Away,4,2,2,D,0
2013-03-17,2012/13,Fulham,Tottenham,Away,2,1,0,A,0
2013-04-01,2012/13,Fulham,QPR,Home,5,3,2,H,1
2013-04-07,2012/13,Fulham,Newcastle,Away,3,0,1,H,0
2013-04-13,2012/13,Fulham,Aston Villa,Away,3,1,1,D,0
2013-04-17,2012/13,Fulham,Chelsea,Home,7,0,3,A,0
2013-04-20,2012/13,Fulham,Arsenal,Home,5,0,1,A,1
2013-04-27,2012/13,Fulham,Everton,Away,2,0,1,H,0
2013-05-04,2012/13,Fulham,Reading,Home,13,2,4,A,0
2013-05-12,2012/13,Fulham,Liverpool,Home,8,1,3,A,0
2013-05-19,2012/13,Fulham,Swansea,Away,6,3,0,A,0
2013-08-17,2013/14,Fulham,Sunderland,Away,1,1,0,A,0
2013-08-24,2013/14,Fulham,Arsenal,Home,7,1,3,A,0
2013-08-31,2013/14,Fulham,Newcastle,Away,2,0,1,H,0
2013-09-14,2013/14,Fulham,West Brom,Home,2,1,1,D,0
2013-09-21,2013/14,Fulham,Chelsea,Away,1,0,2,H,0
2013-09-28,2013/14,Fulham,Cardiff,Home,5,1,2,A,0
2013-10-05,2013/14,Fulham,Stoke,Home,2,1,0,H,0
2013-10-21,2013/14,Fulham,Crystal Palace,Away,6,4,1,A,0
2013-10-26,2013/14,Fulham,Southampton,Away,0,0,2,H,0
2013-11-02,2013/14,Fulham,Man United,Home,6,1,3,A,0
2013-11-09,2013/14,Fulham,Liverpool,Away,1,0,4,H,0
2013-11-23,2013/14,Fulham,Swansea,Home,3,1,2,A,0
2013-11-30,2013/14,Fulham,West Ham,Away,0,0,3,H,0
2013-12-04,2013/14,Fulham,Tottenham,Home,6,1,2,A,0
2013-12-08,2013/14,Fulham,Aston Villa,Home,10,2,0,H,0
2013-12-14,2013/14,Fulham,Everton,Away,3,1,4,H,0
2013-12-21,2013/14,Fulham,Man City,Home,5,2,4,A,0
2013-12-26,2013/14,Fulham,Norwich,Away,7,2,1,A,0
2013-12-28,2013/14,Fulham,Hull,Away,2,0,6,H,0
2014-01-01,2013/14,Fulham,West Ham,Home,11,2,1,H,0
2014-01-11,2013/14,Fulham,Sunderland,Home,5,1,4,A,0
2014-01-18,2013/14,Fulham,Arsenal,Away,2,0,2,H,0
2014-01-28,2013/14,Fulham,Swansea,Away,4,0,2,H,0
2014-02-01,2013/14,Fulham,Southampton,Home,4,0,3,A,0
2014-02-09,2013/14,Fulham,Man United,Away,3,2,2,D,0
2014-02-12,2013/14,Fulham,Liverpool,Home,3,2,3,A,0
2014-02-22,2013/14,Fulham,West Brom,Away,3,1,1,D,0
2014-03-01,2013/14,Fulham,Chelsea,Home,3,1,3,A,0
2014-03-08,2013/14,Fulham,Cardiff,Away,6,1,3,H,0
2014-03-15,2013/14,Fulham,Newcastle,Home,3,1,0,H,0
2014-03-22,2013/14,Fulham,Man City,Away,0,0,5,H,1
2014-03-30,2013/14,Fulham,Everton,Home,8,1,3,A,0
2014-04-05,2013/14,Fulham,Aston Villa,Away,8,2,1,A,0
2014-04-12,2013/14,Fulham,Norwich,Home,3,1,0,H,0
2014-04-19,2013/14,Fulham,Tottenham,Away,4,1,3,H,0
2014-04-26,2013/14,Fulham,Hull,Home,3,2,2,D,0
2014-05-03,2013/14,Fulham,Stoke,Away,2,1,4,H,0
2014-05-11,2013/14,Fulham,Crystal Palace,Home,5,2,2,D,0
2018-08-11,2018/19,Fulham,Crystal Palace,Home,6,0,2,A,0
2018-08-18,2018/19,Fulham,Tottenham,Away,3,1,3,H,0
2018-08-26,2018/19,Fulham,Burnley,Home,12,4,2,H,0
2018-09-01,2018/19,Fulham,Brighton,Away,5,2,2,D,0
2018-09-15,2018/19,Fulham,Man City,Away,3,0,3,H,0
2018-09-22,2018/19,Fulham,Watford,Home,3,1,1,D,0
2018-09-29,2018/19,Fulham,Everton,Away,0,0,3,H,0
2018-10-07,2018/19,Fulham,Arsenal,Home,4,1,5,A,0
2018-10-20,2018/19,Fulham,Cardiff,Away,4,2,4,H,0
2018-10-27,2018/19,Fulham,Bournemouth,Home,1,0,3,A,1
2018-11-05,2018/19,Fulham,Huddersfield,Away,1,0,1,H,0
2018-11-11,2018/19,Fulham,Liverpool,Away,3,0,2,H,0
2018-11-24,2018/19,Fulham,Southampton,Home,5,3,2,H,0
2018-12-02,2018/19,Fulham,Chelsea,Away,4,0,2,H,0
2018-12-05,2018/19,Fulham,Leicester,Home,7,1,1,D,0
2018-12-08,2018/19,Fulham,Man United,Away,4,1,4,H,1
2018-12-15,2018/19,Fulham,West Ham,Home,4,0,2,A,0
2018-12-22,2018/19,Fulham,Newcastle,Away,2,0,0,D,0
2018-12-26,2018/19,Fulham,Wolves,Home,9,1,1,D,0
2018-12-29,2018/19,Fulham,Huddersfield,Home,5,1,0,H,0
2019-01-01,2018/19,Fulham,Arsenal,Away,4,1,4,H,0
2019-01-12,2018/19,Fulham,Burnley,Away,4,1,2,H,0
2019-01-20,2018/19,Fulham,Tottenham,Home,4,1,2,A,0
2019-01-29,2018/19,Fulham,Brighton,Home,7,4,2,H,0
2019-02-02,2018/19,Fulham,Crystal Palace,Away,0,0,2,H,0
2019-02-09,2018/19,Fulham,Man United,Home,3,0,3,A,0
2019-02-22,2018/19,Fulham,West Ham,Away,5,1,3,H,0
2019-02-27,2018/19,Fulham,Southampton,Away,4,0,2,H,0
2019-03-03,2018/19,Fulham,Chelsea,Home,5,1,2,A,0
2019-03-09,2018/19,Fulham,Leicester,Away,3,1,3,H,0
2019-03-17,2018/19,Fulham,Liverpool,Home,2,1,2,A,0
2019-03-30,2018/19,Fulham,Man City,Home,0,0,2,A,0
2019-04-02,2018/19,Fulham,Watford,Away,7,1,4,H,0
2019-04-13,2018/19,Fulham,Everton,Home,5,2,0,H,0
2019-04-20,2018/19,Fulham,Bournemouth,Away,5,1,0,A,0
2019-04-27,2018/19,Fulham,Cardiff,Home,2,1,0,H,0
2019-05-04,2018/19,Fulham,Wolves,Away,2,0,1,H,0
2019-05-12,2018/19,Fulham,Newcastle,Home,2,0,4,A,0
2020-09-12,2020/21,Fulham,Arsenal,Home,2,0,3,A,0
2020-09-19,2020/21,Fulham,Leeds,Away,6,3,4,H,0
2020-09-28,2020/21,Fulham,Aston Villa,Home,3,0,3,A,0
2020-10-04,2020/21,Fulham,Wolves,Away,2,0,1,H,0
2020-10-18,2020/21,Fulham,Sheffield United,Away,6,1,1,D,0
2020-10-24,2020/21,Fulham,Crystal Palace,Home,3,1,2,A,1
2020-11-02,2020/21,Fulham,West Brom,Home,6,2,0,H,0
2020-11-07,2020/21,Fulham,West Ham,Away,3,0,1,H,0
2020-11-22,2020/21,Fulham,Everton,Home,6,2,3,A,0
2020-11-30,2020/21,Fulham,Leicester,Away,5,2,1,A,0
2020-12-05,2020/21,Fulham,Man City,Away,1,0,2,H,0
2020-12-13,2020/21,Fulham,Liverpool,Home,5,1,1,D,0
2020-12-16,2020/21,Fulham,Brighton,Home,4,0,0,D,0
2020-12-19,2020/21,Fulham,Newcastle,Away,4,1,1,D,1
2020-12-26,2020/21,Fulham,Southampton,Home,1,0,0,D,0
2021-01-13,2020/21,Fulham,Tottenham,Away,4,1,1,D,0
2021-01-16,2020/21,Fulham,Chelsea,Home,3,0,1,A,1
2021-01-20,2020/21,Fulham,Man United,Home,5,1,2,A,0
2021-01-27,2020/21,Fulham,Brighton,Away,3,0,0,D,0
2021-01-30,2020/21,Fulham,West Brom,Away,7,2,2,D,0
2021-02-03,2020/21,Fulham,Leicester,Home,1,0,2,A,0
2021-02-06,2020/21,Fulham,West Ham,Home,2,0,0,D,0
2021-02-14,2020/21,Fulham,Everton,Away,3,2,0,A,0
2021-02-17,2020/21,Fulham,Burnley,Away,3,1,1,D,0
2021-02-20,2020/21,Fulham,Sheffield United,Home,7,1,0,H,0
2021-02-28,2020/21,Fulham,Crystal Palace,Away,4,0,0,D,0
2021-03-04,2020/21,Fulham,Tottenham,Home,3,0,1,A,0
2021-03-07,2020/21,Fulham,Liverpool,Away,3,1,0,A,0
2021-03-13,2020/21,Fulham,Man City,Home,0,0,3,A,0
2021-03-19,2020/21,Fulham,Leeds,Home,6,1,2,A,0
2021-04-04,2020/21,Fulham,Aston Villa,Away,7,1,3,H,0
2021-04-09,2020/21,Fulham,Wolves,Home,3,0,1,A,0
2021-04-18,2020/21,Fulham,Arsenal,Away,1,1,1,D,0
2021-05-01,2020/21,Fulham,Chelsea,Away,3,0,2,H,0
2021-05-10,2020/21,Fulham,Burnley,Home,3,0,2,A,0
2021-05-15,2020/21,Fulham,Southampton,Away,3,1,3,H,0
2021-05-18,2020/21,Fulham,Man United,Away,5,1,1,D,0
2021-05-23,2020/21,Fulham,Newcastle,Home,0,0,2,A,0
2022-08-06,2022/23,Fulham,Liverpool,Home,3,2,2,D,0
2022-08-13,2022/23,Fulham,Wolves,Away,3,0,0,D,0
2022-08-20,2022/23,Fulham,Brentford,Home,9,3,2,H,0
2022-08-27,2022/23,Fulham,Arsenal,Away,3,1,2,H,0
2022-08-30,2022/23,Fulham,Brighton,Home,3,2,1,H,0
2022-09-03,2022/23,Fulham,Tottenham,Away,3,1,2,H,0
2022-09-16,2022/23,Fulham,Nott'm Forest,Away,7,3,2,A,0
2022-10-01,2022/23,Fulham,Newcastle,Home,1,1,4,A,1
2022-10-09,2022/23,Fulham,West Ham,Away,2,1,3,H,0
2022-10-15,2022/23,Fulham,Bournemouth,Home,4,2,2,D,0
2022-10-20,2022/23,Fulham,Aston Villa,Home,8,3,0,H,0
2022-10-23,2022/23,Fulham,Leeds,Away,5,3,2,A,0
2022-10-29,2022/23,Fulham,Everton,Home,6,0,0,D,0
2022-11-05,2022/23,Fulham,Man City,Away,2,1,2,H,0
2022-11-13,2022/23,Fulham,Man United,Home,7,1,2,A,0
2022-12-26,2022/23,Fulham,Crystal Palace,Away,11,3,0,A,0
2022-12-31,2022/23,Fulham,Southampton,Home,2,2,1,H,0
2023-01-03,2022/23,Fulham,Leicester,Away,2,1,0,A,0
2023-01-12,2022/23,Fulham,Chelsea,Home,3,2,1,H,0
2023-01-15,2022/23,Fulham,Newcastle,Away,0,0,1,H,0
2023-01-23,2022/23,Fulham,Tottenham,Home,5,0,1,A,0
2023-02-03,2022/23,Fulham,Chelsea,Away,4,0,0,D,0
2023-02-11,2022/23,Fulham,Nott'm Forest,Home,3,2,0,H,0
2023-02-18,2022/23,Fulham,Brighton,Away,2,1,0,A,0
2023-02-24,2022/23,Fulham,Wolves,Home,5,1,1,D,0
2023-03-06,2022/23,Fulham,Brentford,Away,5,2,3,H,0
2023-03-12,2022/23,Fulham,Arsenal,Home,2,0,3,A,0
2023-04-01,2022/23,Fulham,Bournemouth,Away,2,1,2,H,0
2023-04-08,2022/23,Fulham,West Ham,Home,3,0,1,A,0
2023-04-15,2022/23,Fulham,Everton,Away,7,3,1,A,0
2023-04-22,2022/23,Fulham,Leeds,Home,5,2,1,H,0
2023-04-25,2022/23,Fulham,Aston Villa,Away,0,0,1,H,0
2023-04-30,2022/23,Fulham,Man City,Home,1,1,2,A,0
2023-05-03,2022/23,Fulham,Liverpool,Away,3,0,1,H,0
2023-05-08,2022/23,Fulham,Leicester,Home,7,5,3,H,0
2023-05-13,2022/23,Fulham,Southampton,Away,4,2,0,A,0
2023-05-20,2022/23,Fulham,Crystal Palace,Home,4,2,2,D,0
2023-05-28,2022/23,Fulham,Man United,Away,3,1,2,H,0
2023-08-12,2023/24,Fulham,Everton,Away,2,1,0,A,0
2023-08-19,2023/24,Fulham,Brentford,Home,2,0,3,A,1
2023-08-26,2023/24,Fulham,Arsenal,Away,3,2,2,D,1
2023-09-02,2023/24,Fulham,Man City,Away,4,1,5,H,0
2023-09-16,2023/24,Fulham,Luton,Home,2,1,0,H,0
2023-09-23,2023/24,Fulham,Crystal Palace,Away,5,0,0,D,0
2023-10-02,2023/24,Fulham,Chelsea,Home,3,0,2,A,0
2023-10-07,2023/24,Fulham,Sheffield United,Home,6,3,1,H,0
2023-10-23,2023/24,Fulham,Tottenham,Away,3,0,2,H,0
2023-10-29,2023/24,Fulham,Brighton,Away,5,1,1,D,0
2023-11-04,2023/24,Fulham,Man United,Home,3,0,1,A,0
2023-11-12,2023/24,Fulham,Aston Villa,Away,5,1,3,H,0
2023-11-27,2023/24,Fulham,Wolves,Home,6,3,2,H,0
2023-12-03,2023/24,Fulham,Liverpool,Away,5,3,4,H,0
2023-12-06,2023/24,Fulham,Nott'm Forest,Home,6,5,0,H,0
2023-12-10,2023/24,Fulham,West Ham,Home,8,5,0,H,0
2023-12-16,2023/24,Fulham,Newcastle,Away,4,0,3,H,1
2023-12-23,2023/24,Fulham,Burnley,Home,5,0,2,A,0
2023-12-26,2023/24,Fulham,Bournemouth,Away,3,0,3,H,0
2023-12-31,2023/24,Fulham,Arsenal,Home,4,2,1,H,0
2024-01-13,2023/24,Fulham,Chelsea,Away,4,0,1,H,0
2024-01-30,2023/24,Fulham,Everton,Home,6,0,0,D,0
2024-02-03,2023/24,Fulham,Burnley,Away,7,2,2,D,0
2024-02-10,2023/24,Fulham,Bournemouth,Home,6,3,1,H,0
2024-02-17,2023/24,Fulham,Aston Villa,Home,4,1,2,A,0
2024-02-24,2023/24,Fulham,Man United,Away,5,2,1,A,0
2024-03-02,2023/24,Fulham,Brighton,Home,5,3,0,H,0
2024-03-09,2023/24,Fulham,Wolves,Away,6,1,2,H,0
2024-03-16,2023/24,Fulham,Tottenham,Home,7,3,0,H,0
2024-03-30,2023/24,Fulham,Sheffield United,Away,9,3,3,D,0
2024-04-02,2023/24,Fulham,Nott'm Forest,Away,3,1,3,H,0
2024-04-06,2023/24,Fulham,Newcastle,Home,4,0,1,A,0
2024-04-14,2023/24,Fulham,West Ham,Away,10,2,0,A,0
2024-04-21,2023/24,Fulham,Liverpool,Home,5,1,3,A,0
2024-04-27,2023/24,Fulham,Crystal Palace,Home,2,1,1,D,0
2024-05-04,2023/24,Fulham,Brentford,Away,3,0,0,D,0
2024-05-11,2023/24,Fulham,Man City,Home,1,0,4,A,1
2024-05-19,2023/24,Fulham,Luton,Away,7,4,2,A,0
2024-08-16,2024/25,Fulham,Man United,Away,2,0,1,H,0
2024-08-24,2024/25,Fulham,Leicester,Home,6,2,1,H,0
2024-08-31,2024/25,Fulham,Ipswich,Away,4,1,1,D,0
2024-09-14,2024/25,Fulham,West Ham,Home,5,1,1,D,0
2024-09-21,2024/25,Fulham,Newcastle,Home,11,3,1,H,0
2024-09-28,2024/25,Fulham,Nott'm Forest,Away,2,1,0,A,0
2024-10-05,2024/25,Fulham,Man City,Away,4,2,3,H,0
2024-10-19,2024/25,Fulham,Aston Villa,Home,4,1,3,A,1
2024-10-26,2024/25,Fulham,Everton,Away,3,1,1,D,0
2024-11-04,2024/25,Fulham,Brentford,Home,12,2,1,H,0
2024-11-09,2024/25,Fulham,Crystal Palace,Away,7,2,0,A,0
2024-11-23,2024/25,Fulham,Wolves,Home,3,1,4,A,0
2024-12-01,2024/25,Fulham,Tottenham,Away,6,1,1,D,1
2024-12-05,2024/25,Fulham,Brighton,Home,2,3,1,H,0
2024-12-08,2024/25,Fulham,Arsenal,Home,2,1,1,D,0
2024-12-14,2024/25,Fulham,Liverpool,Away,3,2,2,D,0
2024-12-22,2024/25,Fulham,Southampton,Home,5,0,0,D,0
2024-12-26,2024/25,Fulham,Chelsea,Away,7,2,1,A,0
2024-12-29,2024/25,Fulham,Bournemouth,Home,6,2,2,D,0
2025-01-05,2024/25,Fulham,Ipswich,Home,4,2,2,D,0
2025-01-14,2024/25,Fulham,West Ham,Away,5,2,3,H,0
2025-01-18,2024/25,Fulham,Leicester,Away,2,2,0,A,0
2025-01-26,2024/25,Fulham,Man United,Home,3,0,1,A,0
2025-02-01,2024/25,Fulham,Newcastle,Away,4,2,1,A,0
2025-02-15,2024/25,Fulham,Nott'm Forest,Home,10,2,1,H,0
2025-02-22,2024/25,Fulham,Crystal Palace,Home,0,0,2,A,0
2025-02-25,2024/25,Fulham,Wolves,Away,5,2,1,A,0
2025-03-08,2024/25,Fulham,Brighton,Away,1,1,2,H,0
2025-03-16,2024/25,Fulham,Tottenham,Home,4,2,0,H,0
2025-04-01,2024/25,Fulham,Arsenal,Away,3,1,2,H,0
2025-04-06,2024/25,Fulham,Liverpool,Home,6,3,2,H,0
2025-04-14,2024/25,Fulham,Bournemouth,Away,7,0,1,H,0
2025-04-20,2024/25,Fulham,Chelsea,Home,1,1,2,A,0
2025-04-26,2024/25,Fulham,Southampton,Away,5,2,1,A,0
2025-05-03,2024/25,Fulham,Aston Villa,Away,3,0,1,H,0
2017-08-12,2017/18,Huddersfield,Crystal Palace,Away,6,3,0,A,0
2017-08-20,2017/18,Huddersfield,Newcastle,Home,3,1,0,H,0
2017-08-26,2017/18,Huddersfield,Southampton,Home,6,0,0,D,0
2017-09-11,2017/18,Huddersfield,West Ham,Away,2,0,2,H,0
2017-09-16,2017/18,Huddersfield,Leicester,Home,3,1,1,D,0
2017-09-23,2017/18,Huddersfield,Burnley,Away,2,0,0,D,0
2017-09-30,2017/18,Huddersfield,Tottenham,Home,1,0,4,A,0
2017-10-14,2017/18,Huddersfield,Swansea,Away,2,0,2,H,0
2017-10-21,2017/18,Huddersfield,Man United,Home,3,2,1,H,0
2017-10-28,2017/18,Huddersfield,Liverpool,Away,0,0,3,H,0
2017-11-04,2017/18,Huddersfield,West Brom,Home,3,1,0,H,1
2017-11-18,2017/18,Huddersfield,Bournemouth,Away,3,0,4,H,0
2017-11-26,2017/18,Huddersfield,Man City,Home,0,1,2,A,1
2017-11-29,2017/18,Huddersfield,Arsenal,Away,2,0,5,H,0
2017-12-02,2017/18,Huddersfield,Everton,Away,3,0,2,H,0
2017-12-09,2017/18,Huddersfield,Brighton,Home,6,2,0,H,0
2017-12-12,2017/18,Huddersfield,Chelsea,Home,2,1,3,A,0
2017-12-16,2017/18,Huddersfield,Watford,Away,9,4,1,A,1
2017-12-23,2017/18,Huddersfield,Southampton,Away,3,1,1,D,0
2017-12-26,2017/18,Huddersfield,Stoke,Home,8,1,1,D,0
2017-12-30,2017/18,Huddersfield,Burnley,Home,1,0,0,D,0
2018-01-01,2017/18,Huddersfield,Leicester,Away,1,0,3,H,0
2018-01-13,2017/18,Huddersfield,West Ham,Home,2,1,4,A,0
2018-01-20,2017/18,Huddersfield,Stoke,Away,3,0,2,H,0
2018-01-30,2017/18,Huddersfield,Liverpool,Home,1,0,3,A,0
2018-02-03,2017/18,Huddersfield,Man United,Away,0,0,2,H,0
2018-02-11,2017/18,Huddersfield,Bournemouth,Home,4,4,1,H,0
2018-02-24,2017/18,Huddersfield,West Brom,Away,7,2,1,A,0
2018-03-03,2017/18,Huddersfield,Tottenham,Away,3,0,2,H,0
2018-03-10,2017/18,Huddersfield,Swansea,Home,4,0,0,D,0
2018-03-17,2017/18,Huddersfield,Crystal Palace,Home,2,0,2,A,0
2018-03-31,2017/18,Huddersfield,Newcastle,Away,0,0,1,H,0
2018-04-07,2017/18,Huddersfield,Brighton,Away,5,1,1,D,0
2018-04-14,2017/18,Huddersfield,Watford,Home,1,1,0,H,0
2018-04-28,2017/18,Huddersfield,Everton,Home,2,0,2,A,0
2018-05-06,2017/18,Huddersfield,Man City,Away,3,0,0,D,0
2018-05-09,2017/18,Huddersfield,Chelsea,Away,2,1,1,D,0
2018-05-13,2017/18,Huddersfield,Arsenal,Home,3,0,1,A,0
2018-08-11,2018/19,Huddersfield,Chelsea,Home,1,0,3,A,0
2018-08-19,2018/19,Huddersfield,Man City,Away,1,1,6,H,0
2018-08-25,2018/19,Huddersfield,Cardiff,Home,1,0,0,D,1
2018-09-01,2018/19,Huddersfield,Everton,Away,6,1,1,D,0
2018-09-15,2018/19,Huddersfield,Crystal Palace,Home,2,0,1,A,0
2018-09-22,2018/19,Huddersfield,Leicester,Away,2,1,3,H,0
2018-09-29,2018/19,Huddersfield,Tottenham,Home,5,0,2,A,0
2018-10-06,2018/19,Huddersfield,Burnley,Away,2,1,1,D,0
2018-10-20,2018/19,Huddersfield,Liverpool,Home,1,0,1,A,0
2018-10-27,2018/19,Huddersfield,Watford,Away,7,0,3,H,0
2018-11-05,2018/19,Huddersfield,Fulham,Home,2,1,0,H,0
2018-11-10,2018/19,Huddersfield,West Ham,Home,7,1,1,D,0
2018-11-25,2018/19,Huddersfield,Wolves,Away,6,2,0,A,0
2018-12-01,2018/19,Huddersfield,Brighton,Home,2,1,2,A,1
2018-12-04,2018/19,Huddersfield,Bournemouth,Away,6,1,2,H,0
2018-12-08,2018/19,Huddersfield,Arsenal,Away,0,0,1,H,0
2018-12-15,2018/19,Huddersfield,Newcastle,Home,5,0,1,A,0
2018-12-22,2018/19,Huddersfield,Southampton,Home,5,1,3,A,0
2018-12-26,2018/19,Huddersfield,Man United,Away,2,1,3,H,0
2018-12-29,2018/19,Huddersfield,Fulham,Away,5,0,1,H,0
2019-01-02,2018/19,Huddersfield,Burnley,Home,2,1,2,A,1
2019-01-12,2018/19,Huddersfield,Cardiff,Away,2,0,0,D,0
2019-01-20,2018/19,Huddersfield,Man City,Home,2,0,3,A,0
2019-01-29,2018/19,Huddersfield,Everton,Home,2,0,1,A,0
2019-02-02,2018/19,Huddersfield,Chelsea,Away,2,0,5,H,0
2019-02-09,2018/19,Huddersfield,Arsenal,Home,6,1,2,A,0
2019-02-23,2018/19,Huddersfield,Newcastle,Away,1,0,2,H,1
2019-02-26,2018/19,Huddersfield,Wolves,Home,3,1,0,H,0
2019-03-02,2018/19,Huddersfield,Brighton,Away,4,0,1,H,0
2019-03-09,2018/19,Huddersfield,Bournemouth,Home,1,0,2,A,0
2019-03-16,2018/19,Huddersfield,West Ham,Away,5,3,4,H,0
2019-03-30,2018/19,Huddersfield,Crystal Palace,Away,5,0,2,H,0
2019-04-06,2018/19,Huddersfield,Leicester,Home,4,1,4,A,0
2019-04-13,2018/19,Huddersfield,Tottenham,Away,1,0,4,H,0
2019-04-20,2018/19,Huddersfield,Watford,Home,3,1,2,A,0
2019-04-26,2018/19,Huddersfield,Liverpool,Away,1,0,5,H,0
2019-05-05,2018/19,Huddersfield,Man United,Home,3,1,1,D,0
2019-05-12,2018/19,Huddersfield,Southampton,Away,3,1,1,D,0
2008-08-16,2008/09,Hull,Fulham,Home,6,2,1,H,0
2008-08-23,2008/09,Hull,Blackburn,Away,4,1,1,D,0
2008-08-30,2008/09,Hull,Wigan,Home,5,0,5,A,0
2008-09-13,2008/09,Hull,Newcastle,Away,4,2,1,A,0
2008-09-21,2008/09,Hull,Everton,Home,5,2,2,D,0
2008-09-27,2008/09,Hull,Arsenal,Away,5,2,1,A,0
2008-10-05,2008/09,Hull,Tottenham,Away,6,1,0,A,0
2008-10-19,2008/09,Hull,West Ham,Home,4,1,0,H,0
2008-10-25,2008/09,Hull,West Brom,Away,10,3,0,A,0
2008-10-29,2008/09,Hull,Chelsea,Home,5,0,3,A,0
2008-11-01,2008/09,Hull,Man United,Away,7,3,4,H,0
2008-11-08,2008/09,Hull,Bolton,Home,11,0,1,A,0
2008-11-16,2008/09,Hull,Man City,Home,6,2,2,D,0
2008-11-22,2008/09,Hull,Portsmouth,Away,6,2,2,D,0
2008-11-29,2008/09,Hull,Stoke,Away,5,1,1,D,0
2008-12-06,2008/09,Hull,Middlesbrough,Home,7,2,1,H,0
2008-12-13,2008/09,Hull,Liverpool,Away,3,2,2,D,0
2008-12-20,2008/09,Hull,Sunderland,Home,8,1,4,A,1
2008-12-26,2008/09,Hull,Man City,Away,11,1,5,H,0
2008-12-30,2008/09,Hull,Aston Villa,Home,3,0,1,A,0
2009-01-10,2008/09,Hull,Everton,Away,0,0,2,H,0
2009-01-17,2008/09,Hull,Arsenal,Home,3,1,3,A,0
2009-01-28,2008/09,Hull,West Ham,Away,12,0,2,H,0
2009-01-31,2008/09,Hull,West Brom,Home,12,2,2,D,0
2009-02-07,2008/09,Hull,Chelsea,Away,4,0,0,D,0
2009-02-23,2008/09,Hull,Tottenham,Home,4,1,2,A,0
2009-03-01,2008/09,Hull,Blackburn,Home,5,1,2,A,1
2009-03-04,2008/09,Hull,Fulham,Away,3,1,0,A,0
2009-03-14,2008/09,Hull,Newcastle,Home,2,1,1,D,0
2009-03-22,2008/09,Hull,Wigan,Away,2,0,1,H,0
2009-04-04,2008/09,Hull,Portsmouth,Home,1,0,0,D,0
2009-04-11,2008/09,Hull,Middlesbrough,Away,6,1,3,H,0
2009-04-18,2008/09,Hull,Sunderland,Away,3,0,1,H,0
2009-04-25,2008/09,Hull,Liverpool,Home,5,1,3,A,1
2009-05-04,2008/09,Hull,Aston Villa,Away,5,0,1,H,0
2009-05-09,2008/09,Hull,Stoke,Home,5,1,2,A,0
2009-05-16,2008/09,Hull,Bolton,Away,12,1,1,D,0
2009-05-24,2008/09,Hull,Man United,Home,8,0,1,A,0
2009-08-15,2009/10,Hull,Chelsea,Away,3,1,2,H,0
2009-08-19,2009/10,Hull,Tottenham,Home,7,1,5,A,0
2009-08-22,2009/10,Hull,Bolton,Home,5,1,0,H,0
2009-08-29,2009/10,Hull,Wolves,Away,4,1,1,D,0
2009-09-12,2009/10,Hull,Sunderland,Away,5,1,4,H,0
2009-09-19,2009/10,Hull,Birmingham,Home,11,0,1,A,0
2009-09-26,2009/10,Hull,Liverpool,Away,3,1,6,H,0
2009-10-03,2009/10,Hull,Wigan,Home,6,2,1,H,0
2009-10-19,2009/10,Hull,Fulham,Away,2,0,2,H,0
2009-10-24,2009/10,Hull,Portsmouth,Home,3,0,0,D,0
2009-10-31,2009/10,Hull,Burnley,Away,6,0,2,H,1
2009-11-08,2009/10,Hull,Stoke,Home,8,2,1,H,0
2009-11-21,2009/10,Hull,West Ham,Home,8,3,3,D,1
2009-11-25,2009/10,Hull,Everton,Home,7,3,2,H,0
2009-11-28,2009/10,Hull,Man City,Away,3,1,1,D,0
2009-12-05,2009/10,Hull,Aston Villa,Away,1,0,3,H,0
2009-12-12,2009/10,Hull,Blackburn,Home,7,0,0,D,0
2009-12-19,2009/10,Hull,Arsenal,Away,2,0,3,H,0
2009-12-27,2009/10,Hull,Man United,Home,6,1,3,A,0
2009-12-29,2009/10,Hull,Bolton,Away,7,2,2,D,0
2010-01-16,2009/10,Hull,Tottenham,Away,2,0,0,D,0
2010-01-23,2009/10,Hull,Man United,Away,4,0,4,H,0
2010-01-30,2009/10,Hull,Wolves,Home,4,2,2,D,0
2010-02-02,2009/10,Hull,Chelsea,Home,3,1,1,D,0
2010-02-06,2009/10,Hull,Man City,Home,4,2,1,H,0
2010-02-10,2009/10,Hull,Blackburn,Away,4,0,1,H,1
2010-02-20,2009/10,Hull,West Ham,Away,3,0,3,H,1
2010-03-07,2009/10,Hull,Everton,Away,4,1,5,H,0
2010-03-13,2009/10,Hull,Arsenal,Home,2,1,2,A,1
2010-03-20,2009/10,Hull,Portsmouth,Away,5,2,3,H,0
2010-03-27,2009/10,Hull,Fulham,Home,4,2,0,H,0
2010-04-03,2009/10,Hull,Stoke,Away,3,0,2,H,0
2010-04-10,2009/10,Hull,Burnley,Home,4,1,4,A,0
2010-04-17,2009/10,Hull,Birmingham,Away,4,0,0,D,0
2010-04-21,2009/10,Hull,Aston Villa,Home,10,0,2,A,0
2010-04-24,2009/10,Hull,Sunderland,Home,8,0,1,A,1
2010-05-03,2009/10,Hull,Wigan,Away,3,2,2,D,0
2010-05-09,2009/10,Hull,Liverpool,Home,6,0,0,D,0
2013-08-18,2013/14,Hull,Chelsea,Away,2,0,2,H,0
2013-08-24,2013/14,Hull,Norwich,Home,1,1,0,H,1
2013-08-31,2013/14,Hull,Man City,Away,2,0,2,H,0
2013-09-14,2013/14,Hull,Cardiff,Home,5,1,1,D,0
2013-09-21,2013/14,Hull,Newcastle,Away,5,3,2,A,0
2013-09-28,2013/14,Hull,West Ham,Home,2,1,0,H,0
2013-10-05,2013/14,Hull,Aston Villa,Home,1,0,0,D,0
2013-10-19,2013/14,Hull,Everton,Away,1,1,2,H,0
2013-10-27,2013/14,Hull,Tottenham,Away,4,0,1,H,0
2013-11-02,2013/14,Hull,Sunderland,Home,2,1,0,H,0
2013-11-09,2013/14,Hull,Southampton,Away,2,1,4,H,0
2013-11-23,2013/14,Hull,Crystal Palace,Home,2,0,1,A,0
2013-12-01,2013/14,Hull,Liverpool,Home,4,3,1,H,0
2013-12-04,2013/14,Hull,Arsenal,Away,2,0,2,H,0
2013-12-09,2013/14,Hull,Swansea,Away,2,1,1,D,0
2013-12-14,2013/14,Hull,Stoke,Home,4,0,0,D,0
2013-12-21,2013/14,Hull,West Brom,Away,3,1,1,D,0
2013-12-26,2013/14,Hull,Man United,Home,5,2,3,A,0
2013-12-28,2013/14,Hull,Fulham,Home,13,6,0,H,0
2014-01-01,2013/14,Hull,Liverpool,Away,0,0,2,H,0
2014-01-11,2013/14,Hull,Chelsea,Home,2,0,2,A,0
2014-01-18,2013/14,Hull,Norwich,Away,0,0,1,H,1
2014-01-28,2013/14,Hull,Crystal Palace,Away,4,0,1,H,1
2014-02-01,2013/14,Hull,Tottenham,Home,4,1,1,D,0
2014-02-08,2013/14,Hull,Sunderland,Away,9,2,0,A,0
2014-02-11,2013/14,Hull,Southampton,Home,4,0,1,A,0
2014-02-22,2013/14,Hull,Cardiff,Away,6,4,0,A,0
2014-03-01,2013/14,Hull,Newcastle,Home,3,1,4,A,0
2014-03-15,2013/14,Hull,Man City,Home,5,0,2,A,0
2014-03-22,2013/14,Hull,West Brom,Home,5,2,0,H,0
2014-03-26,2013/14,Hull,West Ham,Away,3,1,2,H,1
2014-03-29,2013/14,Hull,Stoke,Away,3,0,1,H,0
2014-04-05,2013/14,Hull,Swansea,Home,4,1,0,H,0
2014-04-20,2013/14,Hull,Arsenal,Home,4,0,3,A,0
2014-04-26,2013/14,Hull,Fulham,Away,4,2,2,D,0
2014-05-03,2013/14,Hull,Aston Villa,Away,2,1,3,H,0
2014-05-06,2013/14,Hull,Man United,Away,2,1,3,H,0
2014-05-11,2013/14,Hull,Everton,Home,3,0,2,A,0
2014-08-16,2014/15,Hull,QPR,Away,4,1,0,A,0
2014-08-24,2014/15,Hull,Stoke,Home,2,1,1,D,1
2014-08-31,2014/15,Hull,Aston Villa,Away,3,1,2,H,0
2014-09-15,2014/15,Hull,West Ham,Home,6,2,2,D,0
2014-09-20,2014/15,Hull,Newcastle,Away,3,2,2,D,0
2014-09-27,2014/15,Hull,Man City,Home,5,2,4,A,0
2014-10-04,2014/15,Hull,Crystal Palace,Home,2,2,0,H,0
2014-10-18,2014/15,Hull,Arsenal,Away,4,2,2,D,0
2014-10-25,2014/15,Hull,Liverpool,Away,3,0,0,D,0
2014-11-01,2014/15,Hull,Southampton,Home,1,0,1,A,0
2014-11-08,2014/15,Hull,Burnley,Away,1,0,1,H,0
2014-11-23,2014/15,Hull,Tottenham,Home,2,1,2,A,1
2014-11-29,2014/15,Hull,Man United,Away,2,0,3,H,0
2014-12-03,2014/15,Hull,Everton,Away,1,1,1,D,0
2014-12-06,2014/15,Hull,West Brom,Home,2,0,0,D,0
2014-12-13,2014/15,Hull,Chelsea,Away,0,0,2,H,1
2014-12-20,2014/15,Hull,Swansea,Home,3,0,1,A,0
2014-12-26,2014/15,Hull,Sunderland,Away,5,3,1,A,0
2014-12-28,2014/15,Hull,Leicester,Home,5,0,1,A,1
2015-01-01,2014/15,Hull,Everton,Home,5,2,0,H,0
2015-01-10,2014/15,Hull,West Brom,Away,2,0,1,H,0
2015-01-18,2014/15,Hull,West Ham,Away,3,0,3,H,0
2015-01-31,2014/15,Hull,Newcastle,Home,8,0,3,A,0
2015-02-07,2014/15,Hull,Man City,Away,3,1,1,D,0
2015-02-10,2014/15,Hull,Aston Villa,Home,4,2,0,H,0
2015-02-21,2014/15,Hull,QPR,Home,6,2,1,H,0
2015-02-28,2014/15,Hull,Stoke,Away,0,0,1,H,0
2015-03-03,2014/15,Hull,Sunderland,Home,5,1,1,D,0
2015-03-14,2014/15,Hull,Leicester,Away,5,0,0,D,1
2015-03-22,2014/15,Hull,Chelsea,Home,8,2,3,A,0
2015-04-04,2014/15,Hull,Swansea,Away,1,1,3,H,1
2015-04-11,2014/15,Hull,Southampton,Away,4,0,2,H,0
2015-04-25,2014/15,Hull,Crystal Palace,Away,7,2,0,A,0
2015-04-28,2014/15,Hull,Liverpool,Home,4,1,0,H,0
2015-05-04,2014/15,Hull,Arsenal,Home,1,1,3,A,0
2015-05-09,2014/15,Hull,Burnley,Home,3,0,1,A,0
2015-05-16,2014/15,Hull,Tottenham,Away,2,0,2,H,0
2015-05-24,2014/15,Hull,Man United,Home,6,0,0,D,0
2016-08-13,2016/17,Hull,Leicester,Home,5,2,1,H,0
2016-08-20,2016/17,Hull,Swansea,Away,4,2,0,A,0
2016-08-27,2016/17,Hull,Man United,Home,2,0,1,A,0
2016-09-10,2016/17,Hull,Burnley,Away,3,1,1,D,0
2016-09-17,2016/17,Hull,Arsenal,Home,2,1,4,A,1
2016-09-24,2016/17,Hull,Liverpool,Away,1,1,5,H,1
2016-10-01,2016/17,Hull,Chelsea,Home,3,0,2,A,0
2016-10-15,2016/17,Hull,Bournemouth,Away,4,1,6,H,0
2016-10-22,2016/17,Hull,Stoke,Home,2,0,2,A,0
2016-10-29,2016/17,Hull,Watford,Away,2,0,1,H,0
2016-11-06,2016/17,Hull,Southampton,Home,2,2,1,H,0
2016-11-19,2016/17,Hull,Sunderland,Away,7,0,3,H,0
2016-11-26,2016/17,Hull,West Brom,Home,4,1,1,D,0
2016-12-05,2016/17,Hull,Middlesbrough,Away,2,0,1,H,0
2016-12-10,2016/17,Hull,Crystal Palace,Home,6,3,3,D,0
2016-12-14,2016/17,Hull,Tottenham,Away,5,0,3,H,0
2016-12-17,2016/17,Hull,West Ham,Away,5,0,1,H,0
2016-12-26,2016/17,Hull,Man City,Home,3,0,3,A,0
2016-12-30,2016/17,Hull,Everton,Home,4,2,2,D,0
2017-01-02,2016/17,Hull,West Brom,Away,6,1,3,H,0
2017-01-14,2016/17,Hull,Bournemouth,Home,3,3,1,H,0
2017-01-22,2016/17,Hull,Chelsea,Away,4,0,2,H,0
2017-02-01,2016/17,Hull,Man United,Away,2,0,0,D,0
2017-02-04,2016/17,Hull,Liverpool,Home,4,2,0,H,0
2017-02-11,2016/17,Hull,Arsenal,Away,4,0,2,H,1
2017-02-25,2016/17,Hull,Burnley,Home,1,1,1,D,0
2017-03-04,2016/17,Hull,Leicester,Away,4,1,3,H,0
2017-03-11,2016/17,Hull,Swansea,Home,7,2,1,H,0
2017-03-18,2016/17,Hull,Everton,Away,0,0,4,H,1
2017-04-01,2016/17,Hull,West Ham,Home,3,2,1,H,0
2017-04-05,2016/17,Hull,Middlesbrough,Home,5,4,2,H,0
2017-04-08,2016/17,Hull,Man City,Away,1,1,3,H,0
2017-04-15,2016/17,Hull,Stoke,Away,3,1,3,H,0
2017-04-22,2016/17,Hull,Watford,Home,3,2,0,H,1
2017-04-29,2016/17,Hull,Southampton,Away,1,0,0,D,0
2017-05-06,2016/17,Hull,Sunderland,Home,6,0,2,A,0
2017-05-14,2016/17,Hull,Crystal Palace,Away,0,0,4,H,0
2017-05-21,2016/17,Hull,Tottenham,Home,4,1,7,A,0
2000-08-19,2000/01,Ipswich,Tottenham,Away,5,1,3,H,0
2000-08-22,2000/01,Ipswich,Man United,Home,8,1,1,D,0
2000-08-26,2000/01,Ipswich,Sunderland,Home,5,1,0,H,0
2000-09-06,2000/01,Ipswich,Leicester,Away,3,1,2,H,0
2000-09-09,2000/01,Ipswich,Aston Villa,Home,5,1,2,A,0
2000-09-16,2000/01,Ipswich,Leeds,Away,7,2,1,A,0
2000-09-23,2000/01,Ipswich,Arsenal,Home,6,1,1,D,0
2000-09-30,2000/01,Ipswich,Everton,Away,7,3,0,A,0
2000-10-14,2000/01,Ipswich,West Ham,Home,8,1,1,D,0
2000-10-21,2000/01,Ipswich,Bradford,Away,3,2,0,A,0
2000-10-28,2000/01,Ipswich,Middlesbrough,Home,11,2,1,H,0
2000-11-04,2000/01,Ipswich,Newcastle,Away,5,1,2,H,0
2000-11-11,2000/01,Ipswich,Charlton,Home,13,2,0,H,0
2000-11-20,2000/01,Ipswich,Coventry,Away,4,1,0,A,0
2000-11-25,2000/01,Ipswich,Man City,Away,4,3,2,A,0
2000-12-02,2000/01,Ipswich,Derby,Home,5,0,1,A,0
2000-12-10,2000/01,Ipswich,Liverpool,Away,6,1,0,A,0
2000-12-16,2000/01,Ipswich,Southampton,Home,7,3,1,H,0
2000-12-23,2000/01,Ipswich,Man United,Away,3,0,2,H,0
2000-12-26,2000/01,Ipswich,Chelsea,Home,13,2,2,D,0
2000-12-30,2000/01,Ipswich,Tottenham,Home,9,3,0,H,0
2001-01-01,2000/01,Ipswich,Sunderland,Away,3,1,4,H,0
2001-01-14,2000/01,Ipswich,Leicester,Home,9,2,0,H,0
2001-01-20,2000/01,Ipswich,Chelsea,Away,2,1,4,H,1
2001-02-03,2000/01,Ipswich,Leeds,Home,6,1,2,A,1
2001-02-10,2000/01,Ipswich,Arsenal,Away,3,0,1,H,0
2001-02-24,2000/01,Ipswich,Everton,Home,6,2,0,H,0
2001-03-04,2000/01,Ipswich,Bradford,Home,8,3,1,H,0
2001-03-10,2000/01,Ipswich,Aston Villa,Away,3,1,2,H,0
2001-03-17,2000/01,Ipswich,West Ham,Away,5,1,0,A,0
2001-04-02,2000/01,Ipswich,Southampton,Away,5,3,0,A,0
2001-04-10,2000/01,Ipswich,Liverpool,Home,5,1,1,D,0
2001-04-14,2000/01,Ipswich,Newcastle,Home,5,1,0,H,0
2001-04-16,2000/01,Ipswich,Middlesbrough,Away,5,2,1,A,0
2001-04-21,2000/01,Ipswich,Coventry,Home,5,2,0,H,0
2001-04-30,2000/01,Ipswich,Charlton,Away,6,1,2,H,0
2001-05-07,2000/01,Ipswich,Man City,Home,7,2,1,H,0
2001-05-19,2000/01,Ipswich,Derby,Away,6,1,1,D,0
2001-08-18,2001/02,Ipswich,Sunderland,Away,4,0,1,H,0
2001-08-21,2001/02,Ipswich,Derby,Home,18,3,1,H,0
2001-08-25,2001/02,Ipswich,Charlton,Home,11,0,1,A,0
2001-09-08,2001/02,Ipswich,Leicester,Away,9,1,1,D,1
2001-09-16,2001/02,Ipswich,Blackburn,Home,10,1,1,D,0
2001-09-22,2001/02,Ipswich,Man United,Away,1,0,4,H,0
2001-09-30,2001/02,Ipswich,Leeds,Home,6,1,2,A,0
2001-10-13,2001/02,Ipswich,Everton,Home,4,0,0,D,0
2001-10-21,2001/02,Ipswich,Fulham,Away,2,1,1,D,0
2001-10-24,2001/02,Ipswich,Southampton,Away,5,3,3,D,0
2001-10-28,2001/02,Ipswich,West Ham,Home,8,2,3,A,0
2001-11-04,2001/02,Ipswich,Chelsea,Away,3,1,2,H,0
2001-11-18,2001/02,Ipswich,Bolton,Home,4,1,2,A,0
2001-11-25,2001/02,Ipswich,Middlesbrough,Away,3,0,0,D,0
2001-12-01,2001/02,Ipswich,Arsenal,Home,2,0,2,A,0
2001-12-09,2001/02,Ipswich,Newcastle,Home,5,0,1,A,0
2001-12-17,2001/02,Ipswich,Aston Villa,Away,3,1,2,H,0
2001-12-22,2001/02,Ipswich,Tottenham,Away,4,2,1,A,0
2001-12-26,2001/02,Ipswich,Leicester,Home,6,2,0,H,0
2001-12-29,2001/02,Ipswich,Sunderland,Home,8,5,0,H,0
2002-01-01,2001/02,Ipswich,Charlton,Away,4,2,3,H,0
2002-01-12,2001/02,Ipswich,Tottenham,Home,5,2,1,H,0
2002-01-19,2001/02,Ipswich,Derby,Away,5,3,1,A,0
2002-01-30,2001/02,Ipswich,Fulham,Home,8,1,0,H,0
2002-02-02,2001/02,Ipswich,Everton,Away,3,2,1,A,0
2002-02-09,2001/02,Ipswich,Liverpool,Home,2,0,6,A,0
2002-03-02,2001/02,Ipswich,Southampton,Home,4,1,3,A,0
2002-03-06,2001/02,Ipswich,Leeds,Away,3,0,2,H,0
2002-03-13,2001/02,Ipswich,Blackburn,Away,3,1,2,H,0
2002-03-16,2001/02,Ipswich,Newcastle,Away,4,2,2,D,0
2002-03-23,2001/02,Ipswich,Aston Villa,Home,3,0,0,D,0
2002-03-30,2001/02,Ipswich,West Ham,Away,5,1,3,H,0
2002-04-01,2001/02,Ipswich,Chelsea,Home,5,0,0,D,0
2002-04-06,2001/02,Ipswich,Bolton,Away,4,1,4,H,0
2002-04-21,2001/02,Ipswich,Arsenal,Away,2,0,2,H,0
2002-04-24,2001/02,Ipswich,Middlesbrough,Home,7,1,0,H,0
2002-04-27,2001/02,Ipswich,Man United,Home,4,0,1,A,0
2002-05-11,2001/02,Ipswich,Liverpool,Away,2,0,5,H,0
2024-08-17,2024/25,Ipswich,Liverpool,Home,2,0,2,A,0
2024-08-24,2024/25,Ipswich,Man City,Away,1,1,4,H,0
2024-08-31,2024/25,Ipswich,Fulham,Home,4,1,1,D,0
2024-09-14,2024/25,Ipswich,Brighton,Away,1,0,0,D,0
2024-09-21,2024/25,Ipswich,Southampton,Away,6,1,1,D,0
2024-09-29,2024/25,Ipswich,Aston Villa,Home,5,2,2,D,0
2024-10-05,2024/25,Ipswich,West Ham,Away,2,1,4,H,0
2024-10-19,2024/25,Ipswich,Everton,Home,2,0,2,A,0
2024-10-26,2024/25,Ipswich,Brentford,Away,5,3,4,H,1
2024-11-02,2024/25,Ipswich,Leicester,Home,2,1,1,D,1
2024-11-10,2024/25,Ipswich,Tottenham,Away,3,2,1,A,0
2024-11-24,2024/25,Ipswich,Man United,Home,6,1,1,D,0
2024-11-30,2024/25,Ipswich,Nott'm Forest,Away,3,0,1,H,0
2024-12-03,2024/25,Ipswich,Crystal Palace,Home,2,0,1,A,0
2024-12-08,2024/25,Ipswich,Bournemouth,Home,5,1,2,A,0
2024-12-14,2024/25,Ipswich,Wolves,Away,5,2,1,A,0
2024-12-21,2024/25,Ipswich,Newcastle,Home,2,0,4,A,0
2024-12-27,2024/25,Ipswich,Arsenal,Away,0,0,1,H,0
2024-12-30,2024/25,Ipswich,Chelsea,Home,6,2,0,H,0
2025-01-05,2024/25,Ipswich,Fulham,Away,3,2,2,D,0
2025-01-16,2024/25,Ipswich,Brighton,Home,3,0,2,A,0
2025-01-19,2024/25,Ipswich,Man City,Home,4,0,6,A,0
2025-01-25,2024/25,Ipswich,Liverpool,Away,3,1,4,H,0
2025-02-01,2024/25,Ipswich,Southampton,Home,6,1,2,A,0
2025-02-15,2024/25,Ipswich,Aston Villa,Away,3,1,1,D,1
2025-02-22,2024/25,Ipswich,Tottenham,Home,5,1,4,A,0
2025-02-26,2024/25,Ipswich,Man United,Away,3,2,3,H,0
2025-03-08,2024/25,Ipswich,Crystal Palace,Away,8,0,1,H,0
2025-03-15,2024/25,Ipswich,Nott'm Forest,Home,4,2,4,A,0
2025-04-02,2024/25,Ipswich,Bournemouth,Away,2,2,1,A,0
2025-04-05,2024/25,Ipswich,Wolves,Home,2,1,2,A,0
2025-04-13,2024/25,Ipswich,Chelsea,Away,4,2,2,D,0
2025-04-20,2024/25,Ipswich,Arsenal,Home,0,0,4,A,1
2025-04-26,2024/25,Ipswich,Newcastle,Away,0,0,3,H,1
2025-05-03,2024/25,Ipswich,Everton,Away,5,2,2,D,0
2000-08-19,2000/01,Leeds,Everton,Home,8,2,0,H,0
2000-08-26,2000/01,Leeds,Middlesbrough,Away,11,2,1,A,0
2000-09-05,2000/01,Leeds,Man City,Home,1,1,2,A,0
2000-09-09,2000/01,Leeds,Coventry,Away,5,0,0,D,0
2000-09-16,2000/01,Leeds,Ipswich,Home,6,1,2,A,0
2000-09-23,2000/01,Leeds,Derby,Away,6,1,1,D,0
2000-09-30,2000/01,Leeds,Tottenham,Home,7,4,3,H,0
2000-10-14,2000/01,Leeds,Charlton,Home,10,3,1,H,0
2000-10-21,2000/01,Leeds,Man United,Away,0,0,3,H,0
2000-10-29,2000/01,Leeds,Bradford,Away,9,1,1,D,0
2000-11-04,2000/01,Leeds,Liverpool,Home,7,4,3,H,0
2000-11-12,2000/01,Leeds,Chelsea,Away,3,1,1,D,0
2000-11-18,2000/01,Leeds,West Ham,Home,6,0,1,A,0
2000-11-26,2000/01,Leeds,Arsenal,Home,6,1,0,H,0
2000-12-02,2000/01,Leeds,Leicester,Away,4,1,3,H,1
2000-12-09,2000/01,Leeds,Southampton,Away,5,0,1,H,0
2000-12-16,2000/01,Leeds,Sunderland,Home,8,2,0,H,0
2000-12-23,2000/01,Leeds,Aston Villa,Home,5,1,2,A,0
2000-12-26,2000/01,Leeds,Newcastle,Away,5,1,2,H,0
2001-01-01,2000/01,Leeds,Middlesbrough,Home,5,1,1,D,0
2001-01-13,2000/01,Leeds,Man City,Away,6,4,0,A,0
2001-01-20,2000/01,Leeds,Newcastle,Home,5,1,3,A,0
2001-01-24,2000/01,Leeds,Aston Villa,Away,3,2,1,A,0
2001-01-31,2000/01,Leeds,Coventry,Home,6,1,0,H,0
2001-02-03,2000/01,Leeds,Ipswich,Away,3,2,1,A,0
2001-02-07,2000/01,Leeds,Everton,Away,5,2,2,D,0
2001-02-10,2000/01,Leeds,Derby,Home,6,0,0,D,0
2001-02-24,2000/01,Leeds,Tottenham,Away,9,2,1,A,0
2001-03-03,2000/01,Leeds,Man United,Home,10,1,1,D,0
2001-03-17,2000/01,Leeds,Charlton,Away,5,2,1,A,0
2001-03-31,2000/01,Leeds,Sunderland,Away,4,2,0,A,1
2001-04-07,2000/01,Leeds,Southampton,Home,7,2,0,H,0
2001-04-13,2000/01,Leeds,Liverpool,Away,3,2,1,A,0
2001-04-21,2000/01,Leeds,West Ham,Away,7,2,0,A,1
2001-04-28,2000/01,Leeds,Chelsea,Home,9,2,0,H,0
2001-05-05,2000/01,Leeds,Arsenal,Away,3,1,2,H,0
2001-05-13,2000/01,Leeds,Bradford,Home,9,6,1,H,0
2001-05-19,2000/01,Leeds,Leicester,Home,11,3,1,H,0
2001-08-18,2001/02,Leeds,Southampton,Home,6,2,0,H,0
2001-08-21,2001/02,Leeds,Arsenal,Away,2,2,1,A,2
2001-08-25,2001/02,Leeds,West Ham,Away,4,0,0,D,0
2001-09-08,2001/02,Leeds,Bolton,Home,6,0,0,D,0
2001-09-16,2001/02,Leeds,Charlton,Away,9,2,0,A,0
2001-09-23,2001/02,Leeds,Derby,Home,10,3,0,H,0
2001-09-30,2001/02,Leeds,Ipswich,Away,7,2,1,A,0
2001-10-13,2001/02,Leeds,Liverpool,Away,3,1,1,D,0
2001-10-21,2001/02,Leeds,Chelsea,Home,12,0,0,D,0
2001-10-27,2001/02,Leeds,Man United,Away,6,1,1,D,0
2001-11-04,2001/02,Leeds,Tottenham,Home,9,2,1,H,0
2001-11-18,2001/02,Leeds,Sunderland,Away,6,0,2,H,0
2001-11-25,2001/02,Leeds,Aston Villa,Home,9,1,1,D,1
2001-12-02,2001/02,Leeds,Fulham,Away,5,0,0,D,0
2001-12-09,2001/02,Leeds,Blackburn,Away,7,2,1,A,0
2001-12-16,2001/02,Leeds,Leicester,Home,7,2,2,D,0
2001-12-19,2001/02,Leeds,Everton,Home,7,3,2,H,0
2001-12-22,2001/02,Leeds,Newcastle,Home,6,3,4,A,0
2001-12-26,2001/02,Leeds,Bolton,Away,5,3,0,A,0
2001-12-29,2001/02,Leeds,Southampton,Away,7,1,0,A,0
2002-01-01,2001/02,Leeds,West Ham,Home,11,3,0,H,0
2002-01-12,2001/02,Leeds,Newcastle,Away,6,1,3,H,1
2002-01-20,2001/02,Leeds,Arsenal,Home,1,1,1,D,0
2002-01-30,2001/02,Leeds,Chelsea,Away,4,0,2,H,0
2002-02-03,2001/02,Leeds,Liverpool,Home,5,0,4,A,0
2002-02-09,2001/02,Leeds,Middlesbrough,Away,6,2,2,D,0
2002-02-24,2001/02,Leeds,Charlton,Home,2,0,0,D,0
2002-03-03,2001/02,Leeds,Everton,Away,3,0,0,D,1
2002-03-06,2001/02,Leeds,Ipswich,Home,7,2,0,H,0
2002-03-17,2001/02,Leeds,Blackburn,Home,8,3,1,H,0
2002-03-23,2001/02,Leeds,Leicester,Away,8,2,0,A,0
2002-03-30,2001/02,Leeds,Man United,Home,11,3,4,A,0
2002-04-01,2001/02,Leeds,Tottenham,Away,8,1,2,H,0
2002-04-07,2001/02,Leeds,Sunderland,Home,7,2,0,H,0
2002-04-13,2001/02,Leeds,Aston Villa,Away,2,1,0,A,0
2002-04-20,2001/02,Leeds,Fulham,Home,4,0,1,A,0
2002-04-27,2001/02,Leeds,Derby,Away,4,1,0,A,0
2002-05-11,2001/02,Leeds,Middlesbrough,Home,5,1,0,H,0
2002-08-17,2002/03,Leeds,Man City,Home,8,3,0,H,0
2002-08-24,2002/03,Leeds,West Brom,Away,4,3,1,A,0
2002-08-28,2002/03,Leeds,Sunderland,Home,9,0,1,A,0
2002-08-31,2002/03,Leeds,Birmingham,Away,6,1,2,H,0
2002-09-11,2002/03,Leeds,Newcastle,Away,6,2,0,A,0
2002-09-14,2002/03,Leeds,Man United,Home,2,1,0,H,0
2002-09-22,2002/03,Leeds,Blackburn,Away,5,0,1,H,0
2002-09-28,2002/03,Leeds,Arsenal,Home,3,1,4,A,0
2002-10-06,2002/03,Leeds,Aston Villa,Away,3,0,0,D,0
2002-10-19,2002/03,Leeds,Liverpool,Home,5,0,1,A,0
2002-10-26,2002/03,Leeds,Middlesbrough,Away,7,2,2,D,1
2002-11-03,2002/03,Leeds,Everton,Home,5,0,1,A,0
2002-11-10,2002/03,Leeds,West Ham,Away,8,4,3,A,0
2002-11-17,2002/03,Leeds,Bolton,Home,3,2,4,A,0
2002-11-24,2002/03,Leeds,Tottenham,Away,4,0,2,H,0
2002-12-01,2002/03,Leeds,Charlton,Home,6,1,2,A,0
2002-12-07,2002/03,Leeds,Fulham,Away,4,0,1,H,0
2002-12-16,2002/03,Leeds,Bolton,Away,7,3,0,A,0
2002-12-21,2002/03,Leeds,Southampton,Home,11,1,1,D,0
2002-12-26,2002/03,Leeds,Sunderland,Away,4,2,1,A,0
2002-12-28,2002/03,Leeds,Chelsea,Home,4,2,0,H,0
2003-01-01,2002/03,Leeds,Birmingham,Home,6,2,0,H,0
2003-01-11,2002/03,Leeds,Man City,Away,3,1,2,H,0
2003-01-18,2002/03,Leeds,West Brom,Home,4,0,0,D,0
2003-01-28,2002/03,Leeds,Chelsea,Away,5,2,3,H,0
2003-02-01,2002/03,Leeds,Everton,Away,2,0,2,H,0
2003-02-08,2002/03,Leeds,West Ham,Home,7,1,0,H,0
2003-02-22,2002/03,Leeds,Newcastle,Home,5,0,3,A,0
2003-03-05,2002/03,Leeds,Man United,Away,6,1,2,H,0
2003-03-15,2002/03,Leeds,Middlesbrough,Home,8,2,3,A,0
2003-03-23,2002/03,Leeds,Liverpool,Away,6,1,3,H,0
2003-04-05,2002/03,Leeds,Charlton,Away,10,6,1,A,0
2003-04-12,2002/03,Leeds,Tottenham,Home,4,2,2,D,0
2003-04-19,2002/03,Leeds,Southampton,Away,3,2,3,H,1
2003-04-22,2002/03,Leeds,Fulham,Home,7,2,0,H,0
2003-04-26,2002/03,Leeds,Blackburn,Home,9,2,3,A,0
2003-05-04,2002/03,Leeds,Arsenal,Away,6,3,2,A,0
2003-05-11,2002/03,Leeds,Aston Villa,Home,5,3,1,H,0
2003-08-17,2003/04,Leeds,Newcastle,Home,3,2,2,D,0
2003-08-23,2003/04,Leeds,Tottenham,Away,2,1,2,H,0
2003-08-26,2003/04,Leeds,Southampton,Home,6,0,0,D,0
2003-08-30,2003/04,Leeds,Middlesbrough,Away,4,3,2,A,0
2003-09-15,2003/04,Leeds,Leicester,Away,2,0,4,H,0
2003-09-20,2003/04,Leeds,Birmingham,Home,6,0,2,A,1
2003-09-28,2003/04,Leeds,Everton,Away,2,0,4,H,0
2003-10-04,2003/04,Leeds,Blackburn,Home,5,2,1,H,0
2003-10-18,2003/04,Leeds,Man United,Home,2,0,1,A,0
2003-10-25,2003/04,Leeds,Liverpool,Away,5,1,3,H,0
2003-11-01,2003/04,Leeds,Arsenal,Home,5,1,4,A,0
2003-11-08,2003/04,Leeds,Portsmouth,Away,5,1,6,H,0
2003-11-22,2003/04,Leeds,Bolton,Home,10,0,2,A,0
2003-11-29,2003/04,Leeds,Charlton,Away,6,1,0,A,0
2003-12-06,2003/04,Leeds,Chelsea,Home,4,1,1,D,0
2003-12-14,2003/04,Leeds,Fulham,Home,11,3,2,H,0
2003-12-22,2003/04,Leeds,Man City,Away,4,1,1,D,0
2003-12-26,2003/04,Leeds,Aston Villa,Home,3,0,0,D,0
2003-12-28,2003/04,Leeds,Wolves,Away,4,1,3,H,1
2004-01-07,2003/04,Leeds,Newcastle,Away,5,0,1,H,0
2004-01-10,2003/04,Leeds,Tottenham,Home,1,0,1,A,0
2004-01-17,2003/04,Leeds,Southampton,Away,6,1,2,H,0
2004-01-31,2003/04,Leeds,Middlesbrough,Home,4,0,3,A,1
2004-02-07,2003/04,Leeds,Aston Villa,Away,4,0,2,H,0
2004-02-10,2003/04,Leeds,Wolves,Home,8,4,1,H,0
2004-02-21,2003/04,Leeds,Man United,Away,3,1,1,D,0
2004-02-29,2003/04,Leeds,Liverpool,Home,6,2,2,D,0
2004-03-13,2003/04,Leeds,Fulham,Away,6,0,2,H,0
2004-03-22,2003/04,Leeds,Man City,Home,3,2,1,H,0
2004-03-27,2003/04,Leeds,Birmingham,Away,7,1,4,H,0
2004-04-25,2003/04,Leeds,Portsmouth,Home,6,1,2,A,0
2004-05-02,2003/04,Leeds,Bolton,Away,4,1,4,H,1
2004-05-08,2003/04,Leeds,Charlton,Home,7,3,3,D,0
2020-09-12,2020/21,Leeds,Liverpool,Away,3,3,4,H,0
2020-09-19,2020/21,Leeds,Fulham,Home,7,4,3,H,0
2020-09-27,2020/21,Leeds,Sheffield United,Away,9,1,0,A,0
2020-10-03,2020/21,Leeds,Man City,Home,7,1,1,D,0
2020-10-19,2020/21,Leeds,Wolves,Home,2,0,1,A,0
2020-10-23,2020/21,Leeds,Aston Villa,Away,9,3,0,A,0
2020-11-02,2020/21,Leeds,Leicester,Home,4,1,4,A,0
2020-11-07,2020/21,Leeds,Crystal Palace,Away,3,1,4,H,0
2020-11-22,2020/21,Leeds,Arsenal,Home,4,0,0,D,0
2020-11-28,2020/21,Leeds,Everton,Away,7,1,0,A,0
2020-12-05,2020/21,Leeds,Chelsea,Away,3,1,3,H,0
2020-12-11,2020/21,Leeds,West Ham,Home,7,1,2,A,0
2020-12-16,2020/21,Leeds,Newcastle,Home,10,5,2,H,0
2020-12-20,2020/21,Leeds,Man United,Away,3,2,6,H,0
2020-12-27,2020/21,Leeds,Burnley,Home,4,1,0,H,0
2020-12-29,2020/21,Leeds,West Brom,Away,6,5,0,A,0
2021-01-02,2020/21,Leeds,Tottenham,Away,5,0,3,H,0
2021-01-16,2020/21,Leeds,Brighton,Home,2,0,1,A,0
2021-01-26,2020/21,Leeds,Newcastle,Away,2,2,1,A,0
2021-01-31,2020/21,Leeds,Leicester,Away,7,3,1,A,0
2021-02-03,2020/21,Leeds,Everton,Home,7,1,2,A,0
2021-02-08,2020/21,Leeds,Crystal Palace,Home,7,2,0,H,0
2021-02-14,2020/21,Leeds,Arsenal,Away,5,2,4,H,0
2021-02-19,2020/21,Leeds,Wolves,Away,7,0,1,H,0
2021-02-23,2020/21,Leeds,Southampton,Home,7,3,0,H,0
2021-02-27,2020/21,Leeds,Aston Villa,Home,3,0,1,A,0
2021-03-08,2020/21,Leeds,West Ham,Away,2,0,2,H,0
2021-03-13,2020/21,Leeds,Chelsea,Home,4,0,0,D,0
2021-03-19,2020/21,Leeds,Fulham,Away,4,2,1,A,0
2021-04-03,2020/21,Leeds,Sheffield United,Home,8,2,1,H,0
2021-04-10,2020/21,Leeds,Man City,Away,2,2,1,A,1
2021-04-19,2020/21,Leeds,Liverpool,Home,5,1,1,D,0
2021-04-25,2020/21,Leeds,Man United,Home,3,0,0,D,0
2021-05-01,2020/21,Leeds,Brighton,Away,2,0,2,H,0
2021-05-08,2020/21,Leeds,Tottenham,Home,7,3,1,H,0
2021-05-15,2020/21,Leeds,Burnley,Away,6,4,0,A,0
2021-05-18,2020/21,Leeds,Southampton,Away,7,2,0,A,0
2021-05-23,2020/21,Leeds,West Brom,Home,9,3,1,H,0
2021-08-14,2021/22,Leeds,Man United,Away,3,1,5,H,0
2021-08-21,2021/22,Leeds,Everton,Home,4,2,2,D,0
2021-08-29,2021/22,Leeds,Burnley,Away,2,1,1,D,0
2021-09-12,2021/22,Leeds,Liverpool,Home,4,0,3,A,1
2021-09-17,2021/22,Leeds,Newcastle,Away,9,1,1,D,0
2021-09-25,2021/22,Leeds,West Ham,Home,5,1,2,A,0
2021-10-02,2021/22,Leeds,Watford,Home,4,1,0,H,0
2021-10-16,2021/22,Leeds,Southampton,Away,0,0,1,H,0
2021-10-23,2021/22,Leeds,Wolves,Home,4,1,1,D,0
2021-10-31,2021/22,Leeds,Norwich,Away,6,2,1,A,0
2021-11-07,2021/22,Leeds,Leicester,Home,5,1,1,D,0
2021-11-21,2021/22,Leeds,Tottenham,Away,7,1,2,H,0
2021-11-27,2021/22,Leeds,Brighton,Away,4,0,0,D,0
2021-11-30,2021/22,Leeds,Crystal Palace,Home,3,1,0,H,0
2021-12-05,2021/22,Leeds,Brentford,Home,6,2,2,D,0
2021-12-11,2021/22,Leeds,Chelsea,Away,5,2,3,H,0
2021-12-14,2021/22,Leeds,Man City,Away,3,0,7,H,0
2021-12-18,2021/22,Leeds,Arsenal,Home,2,1,4,A,0
2022-01-02,2021/22,Leeds,Burnley,Home,7,3,1,H,0
2022-01-16,2021/22,Leeds,West Ham,Away,5,3,2,A,0
2022-01-22,2021/22,Leeds,Newcastle,Home,4,0,1,A,0
2022-02-09,2021/22,Leeds,Aston Villa,Away,8,3,3,D,0
2022-02-12,2021/22,Leeds,Everton,Away,0,0,3,H,0
2022-02-20,2021/22,Leeds,Man United,Home,6,2,4,A,0
2022-02-23,2021/22,Leeds,Liverpool,Away,2,0,6,H,0
2022-02-26,2021/22,Leeds,Tottenham,Home,3,0,4,A,0
2022-03-05,2021/22,Leeds,Leicester,Away,4,0,1,H,0
2022-03-10,2021/22,Leeds,Aston Villa,Home,1,0,3,A,0
2022-03-13,2021/22,Leeds,Norwich,Home,7,2,1,H,0
2022-03-18,2021/22,Leeds,Wolves,Away,6,3,2,A,0
2022-04-02,2021/22,Leeds,Southampton,Home,3,1,1,D,0
2022-04-09,2021/22,Leeds,Watford,Away,5,3,0,A,0
2022-04-25,2021/22,Leeds,Crystal Palace,Away,2,0,0,D,0
2022-04-30,2021/22,Leeds,Man City,Home,2,0,4,A,0
2022-05-08,2021/22,Leeds,Arsenal,Away,2,1,2,H,1
2022-05-11,2021/22,Leeds,Chelsea,Home,0,0,3,A,1
2022-05-15,2021/22,Leeds,Brighton,Home,5,1,1,D,0
2022-05-22,2021/22,Leeds,Brentford,Away,6,2,1,A,0
2022-08-06,2022/23,Leeds,Wolves,Home,4,2,1,H,0
2022-08-13,2022/23,Leeds,Southampton,Away,5,2,2,D,0
2022-08-21,2022/23,Leeds,Chelsea,Home,6,3,0,H,0
2022-08-27,2022/23,Leeds,Brighton,Away,2,0,1,H,0
2022-08-30,2022/23,Leeds,Everton,Home,5,1,1,D,0
2022-09-03,2022/23,Leeds,Brentford,Away,6,2,5,H,0
2022-10-02,2022/23,Leeds,Aston Villa,Home,1,0,0,D,1
2022-10-09,2022/23,Leeds,Crystal Palace,Away,4,1,2,H,0
2022-10-16,2022/23,Leeds,Arsenal,Home,4,0,1,A,0
2022-10-20,2022/23,Leeds,Leicester,Away,2,0,2,H,0
2022-10-23,2022/23,Leeds,Fulham,Home,5,2,3,A,0
2022-10-29,2022/23,Leeds,Liverpool,Away,6,2,1,A,0
2022-11-05,2022/23,Leeds,Bournemouth,Home,4,4,3,H,0
2022-11-12,2022/23,Leeds,Tottenham,Away,5,3,4,H,1
2022-12-28,2022/23,Leeds,Man City,Home,1,1,3,A,0
2022-12-31,2022/23,Leeds,Newcastle,Away,1,0,0,D,0
2023-01-04,2022/23,Leeds,West Ham,Home,6,2,2,D,0
2023-01-13,2022/23,Leeds,Aston Villa,Away,4,1,2,H,0
2023-01-22,2022/23,Leeds,Brentford,Home,5,0,0,D,0
2023-02-05,2022/23,Leeds,Nott'm Forest,Away,4,0,1,H,0
2023-02-08,2022/23,Leeds,Man United,Away,2,2,2,D,0
2023-02-12,2022/23,Leeds,Man United,Home,6,0,2,A,0
2023-02-18,2022/23,Leeds,Everton,Away,0,0,1,H,0
2023-02-25,2022/23,Leeds,Southampton,Home,4,1,0,H,0
2023-03-04,2022/23,Leeds,Chelsea,Away,2,0,1,H,0
2023-03-11,2022/23,Leeds,Brighton,Home,4,2,2,D,0
2023-03-18,2022/23,Leeds,Wolves,Away,4,4,2,A,0
2023-04-01,2022/23,Leeds,Arsenal,Away,5,1,4,H,0
2023-04-04,2022/23,Leeds,Nott'm Forest,Home,6,2,1,H,0
2023-04-09,2022/23,Leeds,Crystal Palace,Home,7,1,5,A,0
2023-04-17,2022/23,Leeds,Liverpool,Home,3,1,6,A,0
2023-04-22,2022/23,Leeds,Fulham,Away,2,1,2,H,0
2023-04-25,2022/23,Leeds,Leicester,Home,3,1,1,D,0
2023-04-30,2022/23,Leeds,Bournemouth,Away,6,1,4,H,0
2023-05-06,2022/23,Leeds,Man City,Away,2,1,2,H,0
2023-05-13,2022/23,Leeds,Newcastle,Home,4,2,2,D,1
2023-05-21,2022/23,Leeds,West Ham,Away,3,1,3,H,0
2023-05-28,2022/23,Leeds,Tottenham,Home,2,1,4,A,0
2000-08-19,2000/01,Leicester,Aston Villa,Home,4,0,0,D,0
2000-08-23,2000/01,Leicester,West Ham,Away,2,1,0,A,0
2000-08-26,2000/01,Leicester,Bradford,Away,8,0,0,D,0
2000-09-06,2000/01,Leicester,Ipswich,Home,6,2,1,H,0
2000-09-09,2000/01,Leicester,Southampton,Home,6,1,0,H,0
2000-09-17,2000/01,Leicester,Chelsea,Away,5,2,0,A,0
2000-09-24,2000/01,Leicester,Everton,Home,4,1,1,D,0
2000-10-01,2000/01,Leicester,Sunderland,Away,2,0,0,D,0
2000-10-14,2000/01,Leicester,Man United,Home,4,0,3,A,0
2000-10-21,2000/01,Leicester,Liverpool,Away,3,0,1,H,0
2000-10-28,2000/01,Leicester,Derby,Home,5,2,1,H,0
2000-11-04,2000/01,Leicester,Man City,Away,2,1,0,A,0
2000-11-11,2000/01,Leicester,Newcastle,Home,4,1,1,D,0
2000-11-18,2000/01,Leicester,Middlesbrough,Away,7,3,0,A,0
2000-11-25,2000/01,Leicester,Tottenham,Away,5,0,3,H,1
2000-12-02,2000/01,Leicester,Leeds,Home,5,3,1,H,0
2000-12-10,2000/01,Leicester,Coventry,Away,1,0,1,H,0
2000-12-16,2000/01,Leicester,Charlton,Home,5,3,1,H,0
2000-12-23,2000/01,Leicester,West Ham,Home,6,2,1,H,0
2000-12-26,2000/01,Leicester,Arsenal,Away,2,1,6,H,0
2001-01-01,2000/01,Leicester,Bradford,Home,3,1,2,A,0
2001-01-14,2000/01,Leicester,Ipswich,Away,3,0,2,H,0
2001-01-20,2000/01,Leicester,Arsenal,Home,0,0,0,D,1
2001-01-31,2000/01,Leicester,Southampton,Away,3,0,1,H,0
2001-02-03,2000/01,Leicester,Chelsea,Home,5,2,1,H,0
2001-02-10,2000/01,Leicester,Everton,Away,2,1,2,H,0
2001-02-24,2000/01,Leicester,Sunderland,Home,7,2,0,H,0
2001-03-03,2000/01,Leicester,Liverpool,Home,7,2,0,H,0
2001-03-17,2000/01,Leicester,Man United,Away,2,0,2,H,0
2001-04-01,2000/01,Leicester,Charlton,Away,1,0,2,H,0
2001-04-04,2000/01,Leicester,Aston Villa,Away,2,1,2,H,0
2001-04-07,2000/01,Leicester,Coventry,Home,4,1,3,A,0
2001-04-14,2000/01,Leicester,Man City,Home,9,1,2,A,0
2001-04-16,2000/01,Leicester,Derby,Away,4,0,2,H,0
2001-04-21,2000/01,Leicester,Middlesbrough,Home,4,0,3,A,0
2001-04-28,2000/01,Leicester,Newcastle,Away,3,0,1,H,0
2001-05-05,2000/01,Leicester,Tottenham,Home,9,4,2,H,0
2001-05-19,2000/01,Leicester,Leeds,Away,5,1,3,H,0
2001-08-18,2001/02,Leicester,Bolton,Home,1,0,5,A,0
2001-08-25,2001/02,Leicester,Arsenal,Away,0,0,4,H,1
2001-09-08,2001/02,Leicester,Ipswich,Home,7,1,1,D,1
2001-09-15,2001/02,Leicester,Derby,Away,6,3,2,A,0
2001-09-17,2001/02,Leicester,Middlesbrough,Home,5,1,2,A,0
2001-09-22,2001/02,Leicester,Fulham,Home,5,0,0,D,0
2001-09-26,2001/02,Leicester,Newcastle,Away,2,0,1,H,0
2001-09-29,2001/02,Leicester,Charlton,Away,6,0,2,H,1
2001-10-13,2001/02,Leicester,Chelsea,Away,2,0,2,H,0
2001-10-20,2001/02,Leicester,Liverpool,Home,3,1,4,A,0
2001-10-29,2001/02,Leicester,Blackburn,Away,5,0,0,D,0
2001-11-03,2001/02,Leicester,Sunderland,Home,5,1,0,H,0
2001-11-17,2001/02,Leicester,Man United,Away,4,0,2,H,0
2001-11-24,2001/02,Leicester,Everton,Home,7,0,0,D,0
2001-12-01,2001/02,Leicester,Aston Villa,Away,4,2,0,A,0
2001-12-08,2001/02,Leicester,Southampton,Home,4,0,4,A,0
2001-12-16,2001/02,Leicester,Leeds,Away,4,2,2,D,0
2001-12-22,2001/02,Leicester,West Ham,Home,4,1,1,D,1
2001-12-26,2001/02,Leicester,Ipswich,Away,1,0,2,H,0
2001-12-29,2001/02,Leicester,Bolton,Away,8,2,2,D,1
2002-01-12,2001/02,Leicester,West Ham,Away,3,0,1,H,0
2002-01-19,2001/02,Leicester,Newcastle,Home,4,0,0,D,0
2002-01-23,2001/02,Leicester,Arsenal,Home,2,1,3,A,0
2002-01-30,2001/02,Leicester,Liverpool,Away,0,0,1,H,0
2002-02-02,2001/02,Leicester,Chelsea,Home,9,2,3,A,0
2002-02-09,2001/02,Leicester,Tottenham,Away,6,1,2,H,0
2002-02-23,2001/02,Leicester,Derby,Home,3,0,3,A,0
2002-03-02,2001/02,Leicester,Middlesbrough,Away,1,0,1,H,0
2002-03-09,2001/02,Leicester,Charlton,Home,5,1,1,D,0
2002-03-16,2001/02,Leicester,Southampton,Away,4,2,2,D,0
2002-03-23,2001/02,Leicester,Leeds,Home,5,0,2,A,0
2002-03-30,2001/02,Leicester,Blackburn,Home,6,2,1,H,0
2002-04-01,2001/02,Leicester,Sunderland,Away,7,1,2,H,0
2002-04-06,2001/02,Leicester,Man United,Home,3,0,1,A,0
2002-04-13,2001/02,Leicester,Everton,Away,2,2,2,D,0
2002-04-20,2001/02,Leicester,Aston Villa,Home,7,2,2,D,0
2002-04-27,2001/02,Leicester,Fulham,Away,2,0,0,D,0
2002-05-11,2001/02,Leicester,Tottenham,Home,6,2,1,H,0
2003-08-16,2003/04,Leicester,Southampton,Home,7,2,2,D,0
2003-08-23,2003/04,Leicester,Chelsea,Away,1,1,2,H,2
2003-08-26,2003/04,Leicester,Middlesbrough,Home,4,0,0,D,0
2003-08-30,2003/04,Leicester,Aston Villa,Away,4,1,3,H,1
2003-09-15,2003/04,Leicester,Leeds,Home,11,4,0,H,0
2003-09-20,2003/04,Leicester,Liverpool,Away,3,1,2,H,0
2003-09-27,2003/04,Leicester,Man United,Home,4,1,4,A,0
2003-10-04,2003/04,Leicester,Fulham,Away,4,0,2,H,0
2003-10-19,2003/04,Leicester,Tottenham,Home,15,1,2,A,0
2003-10-25,2003/04,Leicester,Wolves,Away,5,3,4,H,0
2003-11-02,2003/04,Leicester,Blackburn,Home,3,2,0,H,0
2003-11-09,2003/04,Leicester,Man City,Away,3,3,0,A,0
2003-11-22,2003/04,Leicester,Charlton,Home,7,1,1,D,0
2003-11-29,2003/04,Leicester,Portsmouth,Away,3,2,0,A,0
2003-12-06,2003/04,Leicester,Arsenal,Home,1,1,1,D,0
2003-12-13,2003/04,Leicester,Birmingham,Home,5,0,2,A,2
2003-12-20,2003/04,Leicester,Everton,Away,4,2,3,H,0
2003-12-26,2003/04,Leicester,Newcastle,Home,5,1,1,D,0
2003-12-28,2003/04,Leicester,Bolton,Away,6,2,2,D,0
2004-01-07,2003/04,Leicester,Southampton,Away,8,0,0,D,0
2004-01-11,2003/04,Leicester,Chelsea,Home,3,0,4,A,0
2004-01-17,2003/04,Leicester,Middlesbrough,Away,8,3,3,D,0
2004-01-31,2003/04,Leicester,Aston Villa,Home,9,0,5,A,0
2004-02-07,2003/04,Leicester,Newcastle,Away,3,1,3,H,0
2004-02-10,2003/04,Leicester,Bolton,Home,15,1,1,D,0
2004-02-22,2003/04,Leicester,Tottenham,Away,7,4,4,D,1
2004-02-28,2003/04,Leicester,Wolves,Home,6,0,0,D,0
2004-03-13,2003/04,Leicester,Birmingham,Away,2,1,0,A,0
2004-03-20,2003/04,Leicester,Everton,Home,4,1,1,D,0
2004-03-28,2003/04,Leicester,Liverpool,Home,9,0,0,D,0
2004-04-24,2003/04,Leicester,Man City,Home,5,1,1,D,0
2004-05-01,2003/04,Leicester,Charlton,Away,5,2,2,D,1
2004-05-08,2003/04,Leicester,Portsmouth,Home,9,3,1,H,0
2014-08-16,2014/15,Leicester,Everton,Home,3,2,2,D,0
2014-08-23,2014/15,Leicester,Chelsea,Away,4,0,2,H,0
2014-08-31,2014/15,Leicester,Arsenal,Home,3,1,1,D,0
2014-09-13,2014/15,Leicester,Stoke,Away,1,1,0,A,0
2014-09-21,2014/15,Leicester,Man United,Home,5,5,3,H,0
2014-09-27,2014/15,Leicester,Crystal Palace,Away,1,0,2,H,0
2014-10-04,2014/15,Leicester,Burnley,Home,6,2,2,D,0
2014-10-18,2014/15,Leicester,Newcastle,Away,2,0,1,H,0
2014-10-25,2014/15,Leicester,Swansea,Away,4,0,2,H,0
2014-11-01,2014/15,Leicester,West Brom,Home,5,0,1,A,0
2014-11-08,2014/15,Leicester,Southampton,Away,0,0,2,H,0
2014-11-22,2014/15,Leicester,Sunderland,Home,4,0,0,D,0
2014-11-29,2014/15,Leicester,QPR,Away,5,2,3,H,0
2014-12-02,2014/15,Leicester,Liverpool,Home,4,1,3,A,1
2014-12-07,2014/15,Leicester,Aston Villa,Away,4,1,2,H,1
2014-12-13,2014/15,Leicester,Man City,Home,1,0,1,A,0
2014-12-20,2014/15,Leicester,West Ham,Away,4,0,2,H,0
2014-12-26,2014/15,Leicester,Tottenham,Home,6,1,2,A,0
2014-12-28,2014/15,Leicester,Hull,Away,2,1,0,A,1
2015-01-01,2014/15,Leicester,Liverpool,Away,3,2,2,D,0
2015-01-10,2014/15,Leicester,Aston Villa,Home,3,1,0,H,1
2015-01-17,2014/15,Leicester,Stoke,Home,3,0,1,A,0
2015-01-31,2014/15,Leicester,Man United,Away,1,1,3,H,0
2015-02-07,2014/15,Leicester,Crystal Palace,Home,5,0,1,A,0
2015-02-10,2014/15,Leicester,Arsenal,Away,4,1,2,H,0
2015-02-22,2014/15,Leicester,Everton,Away,4,2,2,D,0
2015-03-04,2014/15,Leicester,Man City,Away,2,0,2,H,0
2015-03-14,2014/15,Leicester,Hull,Home,3,0,0,D,0
2015-03-21,2014/15,Leicester,Tottenham,Away,5,3,4,H,0
2015-04-04,2014/15,Leicester,West Ham,Home,7,2,1,H,0
2015-04-11,2014/15,Leicester,West Brom,Away,4,3,2,A,0
2015-04-18,2014/15,Leicester,Swansea,Home,6,2,0,H,0
2015-04-25,2014/15,Leicester,Burnley,Away,4,1,0,A,0
2015-04-29,2014/15,Leicester,Chelsea,Home,2,1,3,A,0
2015-05-02,2014/15,Leicester,Newcastle,Home,7,3,0,H,0
2015-05-09,2014/15,Leicester,Southampton,Home,3,2,0,H,0
2015-05-16,2014/15,Leicester,Sunderland,Away,0,0,0,D,0
2015-05-24,2014/15,Leicester,QPR,Home,7,5,1,H,0
2015-08-08,2015/16,Leicester,Sunderland,Home,8,4,2,H,0
2015-08-15,2015/16,Leicester,West Ham,Away,6,2,1,A,0
2015-08-22,2015/16,Leicester,Tottenham,Home,2,1,1,D,0
2015-08-29,2015/16,Leicester,Bournemouth,Away,2,1,1,D,0
2015-09-13,2015/16,Leicester,Aston Villa,Home,6,3,2,H,0
2015-09-19,2015/16,Leicester,Stoke,Away,5,2,2,D,0
2015-09-26,2015/16,Leicester,Arsenal,Home,7,2,5,A,0
2015-10-03,2015/16,Leicester,Norwich,Away,5,2,1,A,0
2015-10-17,2015/16,Leicester,Southampton,Away,7,2,2,D,0
2015-10-24,2015/16,Leicester,Crystal Palace,Home,3,1,0,H,0
2015-10-31,2015/16,Leicester,West Brom,Away,5,3,2,A,0
2015-11-07,2015/16,Leicester,Watford,Home,6,2,1,H,0
2015-11-21,2015/16,Leicester,Newcastle,Away,7,3,0,A,0
2015-11-28,2015/16,Leicester,Man United,Home,3,1,1,D,0
2015-12-05,2015/16,Leicester,Swansea,Away,5,3,0,A,0
2015-12-14,2015/16,Leicester,Chelsea,Home,5,2,1,H,0
2015-12-19,2015/16,Leicester,Everton,Away,5,3,2,A,0
2015-12-26,2015/16,Leicester,Liverpool,Away,3,0,1,H,0
2015-12-29,2015/16,Leicester,Man City,Home,4,0,0,D,0
2016-01-02,2015/16,Leicester,Bournemouth,Home,2,0,0,D,0
2016-01-13,2015/16,Leicester,Tottenham,Away,2,1,0,A,0
2016-01-16,2015/16,Leicester,Aston Villa,Away,5,1,1,D,0
2016-01-23,2015/16,Leicester,Stoke,Home,5,3,0,H,0
2016-02-02,2015/16,Leicester,Liverpool,Home,6,2,0,H,0
2016-02-06,2015/16,Leicester,Man City,Away,7,3,1,A,0
2016-02-14,2015/16,Leicester,Arsenal,Away,3,1,2,H,1
2016-02-27,2015/16,Leicester,Norwich,Home,3,1,0,H,0
2016-03-01,2015/16,Leicester,West Brom,Home,5,2,2,D,0
2016-03-05,2015/16,Leicester,Watford,Away,7,1,0,A,0
2016-03-14,2015/16,Leicester,Newcastle,Home,1,1,0,H,0
2016-03-19,2015/16,Leicester,Crystal Palace,Away,3,1,0,A,0
2016-04-03,2015/16,Leicester,Southampton,Home,4,1,0,H,0
2016-04-10,2015/16,Leicester,Sunderland,Away,7,2,0,A,0
2016-04-17,2015/16,Leicester,West Ham,Home,2,2,2,D,1
2016-04-24,2015/16,Leicester,Swansea,Home,9,4,0,H,0
2016-05-01,2015/16,Leicester,Man United,Away,3,1,1,D,1
2016-05-07,2015/16,Leicester,Everton,Home,8,3,1,H,0
2016-05-15,2015/16,Leicester,Chelsea,Away,5,1,1,D,0
2016-08-13,2016/17,Leicester,Hull,Away,5,1,2,H,0
2016-08-20,2016/17,Leicester,Arsenal,Home,1,0,0,D,0
2016-08-27,2016/17,Leicester,Swansea,Home,6,2,1,H,0
2016-09-10,2016/17,Leicester,Liverpool,Away,3,1,4,H,0
2016-09-17,2016/17,Leicester,Burnley,Home,6,3,0,H,0
2016-09-24,2016/17,Leicester,Man United,Away,3,1,4,H,0
2016-10-02,2016/17,Leicester,Southampton,Home,1,0,0,D,0
2016-10-15,2016/17,Leicester,Chelsea,Away,0,0,3,H,0
2016-10-22,2016/17,Leicester,Crystal Palace,Home,4,3,1,H,0
2016-10-29,2016/17,Leicester,Tottenham,Away,1,1,1,D,0
2016-11-06,2016/17,Leicester,West Brom,Home,2,1,2,A,0
2016-11-19,2016/17,Leicester,Watford,Away,2,1,2,H,0
2016-11-26,2016/17,Leicester,Middlesbrough,Home,3,2,2,D,0
2016-12-03,2016/17,Leicester,Sunderland,Away,5,1,2,H,0
2016-12-10,2016/17,Leicester,Man City,Home,6,4,2,H,0
2016-12-13,2016/17,Leicester,Bournemouth,Away,4,0,1,H,0
2016-12-17,2016/17,Leicester,Stoke,Away,8,2,2,D,1
2016-12-26,2016/17,Leicester,Everton,Home,2,0,2,A,0
2016-12-31,2016/17,Leicester,West Ham,Home,4,1,0,H,0
2017-01-02,2016/17,Leicester,Middlesbrough,Away,4,0,0,D,0
2017-01-14,2016/17,Leicester,Chelsea,Home,2,0,3,A,0
2017-01-22,2016/17,Leicester,Southampton,Away,2,0,3,H,0
2017-01-31,2016/17,Leicester,Burnley,Away,5,0,1,H,0
2017-02-05,2016/17,Leicester,Man United,Home,1,0,3,A,0
2017-02-12,2016/17,Leicester,Swansea,Away,1,0,2,H,0
2017-02-27,2016/17,Leicester,Liverpool,Home,7,3,1,H,0
2017-03-04,2016/17,Leicester,Hull,Home,5,3,1,H,0
2017-03-18,2016/17,Leicester,West Ham,Away,5,3,2,A,0
2017-04-01,2016/17,Leicester,Stoke,Home,10,2,0,H,0
2017-04-04,2016/17,Leicester,Sunderland,Home,8,2,0,H,0
2017-04-09,2016/17,Leicester,Everton,Away,4,2,4,H,0
2017-04-15,2016/17,Leicester,Crystal Palace,Away,2,2,2,D,0
2017-04-26,2016/17,Leicester,Arsenal,Away,3,0,1,H,0
2017-04-29,2016/17,Leicester,West Brom,Away,1,1,0,A,0
2017-05-06,2016/17,Leicester,Watford,Home,5,3,0,H,0
2017-05-13,2016/17,Leicester,Man City,Away,4,1,2,H,0
2017-05-18,2016/17,Leicester,Tottenham,Home,5,1,6,A,0
2017-05-21,2016/17,Leicester,Bournemouth,Home,5,1,1,D,0
2017-08-11,2017/18,Leicester,Arsenal,Away,3,3,4,H,0
2017-08-19,2017/18,Leicester,Brighton,Home,4,2,0,H,0
2017-08-26,2017/18,Leicester,Man United,Away,4,0,2,H,0
2017-09-09,2017/18,Leicester,Chelsea,Home,2,1,2,A,0
2017-09-16,2017/18,Leicester,Huddersfield,Away,1,1,1,D,0
2017-09-23,2017/18,Leicester,Liverpool,Home,7,2,3,A,0
2017-09-30,2017/18,Leicester,Bournemouth,Away,1,0,0,D,0
2017-10-16,2017/18,Leicester,West Brom,Home,3,1,1,D,0
2017-10-21,2017/18,Leicester,Swansea,Away,6,2,1,A,0
2017-10-29,2017/18,Leicester,Everton,Home,3,2,0,H,0
2017-11-04,2017/18,Leicester,Stoke,Away,4,2,2,D,0
2017-11-18,2017/18,Leicester,Man City,Home,0,0,2,A,0
2017-11-24,2017/18,Leicester,West Ham,Away,2,1,1,D,0
2017-11-28,2017/18,Leicester,Tottenham,Home,4,2,1,H,0
2017-12-02,2017/18,Leicester,Burnley,Home,3,1,0,H,0
2017-12-09,2017/18,Leicester,Newcastle,Away,5,3,2,A,0
2017-12-13,2017/18,Leicester,Southampton,Away,11,4,1,A,0
2017-12-16,2017/18,Leicester,Crystal Palace,Home,2,0,3,A,1
2017-12-23,2017/18,Leicester,Man United,Home,3,2,2,D,1
2017-12-26,2017/18,Leicester,Watford,Away,5,1,2,H,0
2017-12-30,2017/18,Leicester,Liverpool,Away,1,1,2,H,0
2018-01-01,2017/18,Leicester,Huddersfield,Home,5,3,0,H,0
2018-01-13,2017/18,Leicester,Chelsea,Away,1,0,0,D,1
2018-01-20,2017/18,Leicester,Watford,Home,5,2,0,H,0
2018-01-31,2017/18,Leicester,Everton,Away,1,1,2,H,0
2018-02-03,2017/18,Leicester,Swansea,Home,5,1,1,D,0
2018-02-10,2017/18,Leicester,Man City,Away,2,1,5,H,0
2018-02-24,2017/18,Leicester,Stoke,Home,9,1,1,D,0
2018-03-03,2017/18,Leicester,Bournemouth,Home,4,1,1,D,0
2018-03-10,2017/18,Leicester,West Brom,Away,6,4,1,A,0
2018-03-31,2017/18,Leicester,Brighton,Away,4,2,0,A,1
2018-04-07,2017/18,Leicester,Newcastle,Home,1,1,2,A,0
2018-04-14,2017/18,Leicester,Burnley,Away,6,1,2,H,0
2018-04-19,2017/18,Leicester,Southampton,Home,3,0,0,D,0
2018-04-28,2017/18,Leicester,Crystal Palace,Away,1,0,5,H,1
2018-05-05,2017/18,Leicester,West Ham,Home,2,0,2,A,0
2018-05-09,2017/18,Leicester,Arsenal,Home,10,3,1,H,0
2018-05-13,2017/18,Leicester,Tottenham,Away,9,4,5,H,0
2018-08-10,2018/19,Leicester,Man United,Away,4,1,2,H,0
2018-08-18,2018/19,Leicester,Wolves,Home,2,2,0,H,1
2018-08-25,2018/19,Leicester,Southampton,Away,5,2,1,A,0
2018-09-01,2018/19,Leicester,Liverpool,Home,5,1,2,A,0
2018-09-15,2018/19,Leicester,Bournemouth,Away,8,2,4,H,1
2018-09-22,2018/19,Leicester,Huddersfield,Home,8,3,1,H,0
2018-09-29,2018/19,Leicester,Newcastle,Away,5,2,0,A,0
2018-10-06,2018/19,Leicester,Everton,Home,2,1,2,A,1
2018-10-22,2018/19,Leicester,Arsenal,Away,2,1,3,H,0
2018-10-27,2018/19,Leicester,West Ham,Home,7,1,1,D,0
2018-11-03,2018/19,Leicester,Cardiff,Away,5,1,0,A,0
2018-11-10,2018/19,Leicester,Burnley,Home,5,0,0,D,0
2018-11-24,2018/19,Leicester,Brighton,Away,3,1,1,D,1
2018-12-01,2018/19,Leicester,Watford,Home,3,2,0,H,0
2018-12-05,2018/19,Leicester,Fulham,Away,5,1,1,D,0
2018-12-08,2018/19,Leicester,Tottenham,Home,3,0,2,A,0
2018-12-15,2018/19,Leicester,Crystal Palace,Away,2,0,1,H,0
2018-12-22,2018/19,Leicester,Chelsea,Away,3,1,0,A,0
2018-12-26,2018/19,Leicester,Man City,Home,5,2,1,H,0
2018-12-29,2018/19,Leicester,Cardiff,Home,7,0,1,A,0
2019-01-01,2018/19,Leicester,Everton,Away,4,1,0,A,0
2019-01-12,2018/19,Leicester,Southampton,Home,6,1,2,A,0
2019-01-19,2018/19,Leicester,Wolves,Away,6,3,4,H,0
2019-01-30,2018/19,Leicester,Liverpool,Away,2,1,1,D,0
2019-02-03,2018/19,Leicester,Man United,Home,6,0,1,A,0
2019-02-10,2018/19,Leicester,Tottenham,Away,9,1,3,H,0
2019-02-23,2018/19,Leicester,Crystal Palace,Home,5,1,4,A,0
2019-02-26,2018/19,Leicester,Brighton,Home,3,2,1,H,0
2019-03-03,2018/19,Leicester,Watford,Away,2,1,2,H,0
2019-03-09,2018/19,Leicester,Fulham,Home,8,3,1,H,0
2019-03-16,2018/19,Leicester,Burnley,Away,4,2,1,A,1
2019-03-30,2018/19,Leicester,Bournemouth,Home,4,2,0,H,0
2019-04-06,2018/19,Leicester,Huddersfield,Away,9,4,1,A,0
2019-04-12,2018/19,Leicester,Newcastle,Home,5,0,1,A,0
2019-04-20,2018/19,Leicester,West Ham,Away,5,2,2,D,0
2019-04-28,2018/19,Leicester,Arsenal,Home,12,3,0,H,0
2019-05-06,2018/19,Leicester,Man City,Away,2,0,1,H,0
2019-05-12,2018/19,Leicester,Chelsea,Home,3,0,0,D,0
2019-08-11,2019/20,Leicester,Wolves,Home,1,0,0,D,0
2019-08-18,2019/20,Leicester,Chelsea,Away,3,1,1,D,0
2019-08-24,2019/20,Leicester,Sheffield United,Away,2,2,1,A,0
2019-08-31,2019/20,Leicester,Bournemouth,Home,5,3,1,H,0
2019-09-14,2019/20,Leicester,Man United,Away,3,0,1,H,0
2019-09-21,2019/20,Leicester,Tottenham,Home,7,2,1,H,0
2019-09-29,2019/20,Leicester,Newcastle,Home,5,5,0,H,0
2019-10-05,2019/20,Leicester,Liverpool,Away,1,1,2,H,0
2019-10-19,2019/20,Leicester,Burnley,Home,3,2,1,H,0
2019-10-25,2019/20,Leicester,Southampton,Away,15,9,0,A,0
2019-11-03,2019/20,Leicester,Crystal Palace,Away,5,2,0,A,0
2019-11-09,2019/20,Leicester,Arsenal,Home,7,2,0,H,0
2019-11-23,2019/20,Leicester,Brighton,Away,9,2,0,A,0
2019-12-01,2019/20,Leicester,Everton,Home,6,2,1,H,0
2019-12-04,2019/20,Leicester,Watford,Home,6,2,0,H,0
2019-12-08,2019/20,Leicester,Aston Villa,Away,8,4,1,A,0
2019-12-14,2019/20,Leicester,Norwich,Home,5,1,1,D,0
2019-12-21,2019/20,Leicester,Man City,Away,2,1,3,H,0
2019-12-26,2019/20,Leicester,Liverpool,Home,0,0,4,A,0
2019-12-28,2019/20,Leicester,West Ham,Away,8,2,1,A,0
2020-01-01,2019/20,Leicester,Newcastle,Away,10,3,0,A,0
2020-01-11,2019/20,Leicester,Southampton,Home,5,1,2,A,0
2020-01-19,2019/20,Leicester,Burnley,Away,8,1,2,H,0
2020-01-22,2019/20,Leicester,West Ham,Home,8,4,1,H,0
2020-02-01,2019/20,Leicester,Chelsea,Home,4,2,2,D,0
2020-02-14,2019/20,Leicester,Wolves,Away,3,0,0,D,1
2020-02-22,2019/20,Leicester,Man City,Home,3,0,1,A,0
2020-02-28,2019/20,Leicester,Norwich,Away,4,0,1,H,0
2020-03-09,2019/20,Leicester,Aston Villa,Home,7,4,0,H,0
2020-06-20,2019/20,Leicester,Watford,Away,2,1,1,D,0
2020-06-23,2019/20,Leicester,Brighton,Home,2,0,0,D,0
2020-07-01,2019/20,Leicester,Everton,Away,3,1,2,H,0
2020-07-04,2019/20,Leicester,Crystal Palace,Home,4,3,0,H,0
2020-07-07,2019/20,Leicester,Arsenal,Away,5,1,1,D,0
2020-07-12,2019/20,Leicester,Bournemouth,Away,5,1,4,H,1
2020-07-16,2019/20,Leicester,Sheffield United,Home,7,2,0,H,0
2020-07-19,2019/20,Leicester,Tottenham,Away,6,0,3,H,0
2020-07-26,2019/20,Leicester,Man United,Home,3,0,2,A,1
2020-09-13,2020/21,Leicester,West Brom,Away,7,3,0,A,0
2020-09-20,2020/21,Leicester,Burnley,Home,6,4,2,H,0
2020-09-27,2020/21,Leicester,Man City,Away,7,5,2,A,0
2020-10-04,2020/21,Leicester,West Ham,Home,0,0,3,A,0
2020-10-18,2020/21,Leicester,Aston Villa,Home,5,0,1,A,0
2020-10-25,2020/21,Leicester,Arsenal,Away,2,1,0,A,0
2020-11-02,2020/21,Leicester,Leeds,Away,8,4,1,A,0
2020-11-08,2020/21,Leicester,Wolves,Home,3,1,0,H,0
2020-11-22,2020/21,Leicester,Liverpool,Away,4,0,3,H,0
2020-11-30,2020/21,Leicester,Fulham,Home,3,1,2,A,0
2020-12-06,2020/21,Leicester,Sheffield United,Away,4,2,1,A,0
2020-12-13,2020/21,Leicester,Brighton,Home,6,3,0,H,0
2020-12-16,2020/21,Leicester,Everton,Home,2,0,2,A,0
2020-12-20,2020/21,Leicester,Tottenham,Away,4,2,0,A,0
2020-12-26,2020/21,Leicester,Man United,Home,2,2,2,D,0
2020-12-28,2020/21,Leicester,Crystal Palace,Away,3,1,1,D,0
2021-01-03,2020/21,Leicester,Newcastle,Away,3,2,1,A,0
2021-01-16,2020/21,Leicester,Southampton,Home,5,2,0,H,0
2021-01-19,2020/21,Leicester,Chelsea,Home,6,2,0,H,0
2021-01-27,2020/21,Leicester,Everton,Away,6,1,1,D,0
2021-01-31,2020/21,Leicester,Leeds,Home,8,1,3,A,0
2021-02-03,2020/21,Leicester,Fulham,Away,5,2,0,A,0
2021-02-07,2020/21,Leicester,Wolves,Away,3,0,0,D,0
2021-02-13,2020/21,Leicester,Liverpool,Home,6,3,1,H,0
2021-02-21,2020/21,Leicester,Aston Villa,Away,7,2,1,A,0
2021-02-28,2020/21,Leicester,Arsenal,Home,3,1,3,A,0
2021-03-03,2020/21,Leicester,Burnley,Away,4,1,1,D,0
2021-03-06,2020/21,Leicester,Brighton,Away,4,2,1,A,0
2021-03-14,2020/21,Leicester,Sheffield United,Home,10,5,0,H,0
2021-04-03,2020/21,Leicester,Man City,Home,2,0,2,A,0
2021-04-11,2020/21,Leicester,West Ham,Away,5,2,3,H,0
2021-04-22,2020/21,Leicester,West Brom,Home,7,3,0,H,0
2021-04-26,2020/21,Leicester,Crystal Palace,Home,5,2,1,H,0
2021-04-30,2020/21,Leicester,Southampton,Away,9,1,1,D,0
2021-05-07,2020/21,Leicester,Newcastle,Home,9,2,4,A,0
2021-05-11,2020/21,Leicester,Man United,Away,3,2,1,A,0
2021-05-18,2020/21,Leicester,Chelsea,Away,3,1,2,H,0
2021-05-23,2020/21,Leicester,Tottenham,Home,6,2,4,A,0
2021-08-14,2021/22,Leicester,Wolves,Home,5,1,0,H,0
2021-08-23,2021/22,Leicester,West Ham,Away,1,1,4,H,1
2021-08-28,2021/22,Leicester,Norwich,Away,3,2,1,A,0
2021-09-11,2021/22,Leicester,Man City,Home,1,0,1,A,0
2021-09-19,2021/22,Leicester,Brighton,Away,3,1,2,H,0
2021-09-25,2021/22,Leicester,Burnley,Home,5,2,2,D,0
2021-10-03,2021/22,Leicester,Crystal Palace,Away,5,2,2,D,0
2021-10-16,2021/22,Leicester,Man United,Home,11,4,2,H,0
2021-10-24,2021/22,Leicester,Brentford,Away,6,2,1,A,0
2021-10-30,2021/22,Leicester,Arsenal,Home,8,0,2,A,0
2021-11-07,2021/22,Leicester,Leeds,Away,3,1,1,D,0
2021-11-20,2021/22,Leicester,Chelsea,Home,3,0,3,A,0
2021-11-28,2021/22,Leicester,Watford,Home,8,4,2,H,0
2021-12-01,2021/22,Leicester,Southampton,Away,6,2,2,D,0
2021-12-05,2021/22,Leicester,Aston Villa,Away,5,1,2,H,0
2021-12-12,2021/22,Leicester,Newcastle,Home,5,4,0,H,0
2021-12-26,2021/22,Leicester,Man City,Away,8,3,6,H,0
2021-12-28,2021/22,Leicester,Liverpool,Home,1,1,0,H,0
2022-01-19,2021/22,Leicester,Tottenham,Home,4,2,3,A,0
2022-01-23,2021/22,Leicester,Brighton,Home,5,1,1,D,0
2022-02-10,2021/22,Leicester,Liverpool,Away,1,0,2,H,0
2022-02-13,2021/22,Leicester,West Ham,Home,2,2,2,D,0
2022-02-20,2021/22,Leicester,Wolves,Away,7,1,2,H,0
2022-03-01,2021/22,Leicester,Burnley,Away,6,2,0,A,0
2022-03-05,2021/22,Leicester,Leeds,Home,4,1,0,H,0
2022-03-13,2021/22,Leicester,Arsenal,Away,3,0,2,H,0
2022-03-20,2021/22,Leicester,Brentford,Home,4,2,1,H,0
2022-04-02,2021/22,Leicester,Man United,Away,3,1,1,D,0
2022-04-10,2021/22,Leicester,Crystal Palace,Home,3,2,1,H,0
2022-04-17,2021/22,Leicester,Newcastle,Away,2,1,2,H,0
2022-04-20,2021/22,Leicester,Everton,Away,3,1,1,D,0
2022-04-23,2021/22,Leicester,Aston Villa,Home,2,0,0,D,0
2022-05-01,2021/22,Leicester,Tottenham,Away,2,1,3,H,0
2022-05-08,2021/22,Leicester,Everton,Home,9,1,2,A,0
2022-05-11,2021/22,Leicester,Norwich,Home,8,3,0,H,0
2022-05-15,2021/22,Leicester,Watford,Away,7,5,1,A,0
2022-05-19,2021/22,Leicester,Chelsea,Away,1,1,1,D,0
2022-05-22,2021/22,Leicester,Southampton,Home,6,4,1,H,0
2022-08-07,2022/23,Leicester,Brentford,Home,5,2,2,D,0
2022-08-13,2022/23,Leicester,Arsenal,Away,2,2,4,H,0
2022-08-20,2022/23,Leicester,Southampton,Home,1,1,2,A,0
2022-08-27,2022/23,Leicester,Chelsea,Away,5,1,2,H,0
2022-09-01,2022/23,Leicester,Man United,Home,2,0,1,A,0
2022-09-04,2022/23,Leicester,Brighton,Away,4,2,5,H,0
2022-09-17,2022/23,Leicester,Tottenham,Away,7,2,6,H,0
2022-10-03,2022/23,Leicester,Nott'm Forest,Home,7,4,0,H,0
2022-10-08,2022/23,Leicester,Bournemouth,Away,5,1,2,H,0
2022-10-15,2022/23,Leicester,Crystal Palace,Home,5,0,0,D,0
2022-10-20,2022/23,Leicester,Leeds,Home,1,2,0,H,0
2022-10-23,2022/23,Leicester,Wolves,Away,4,4,0,A,0
2022-10-29,2022/23,Leicester,Man City,Home,5,0,1,A,0
2022-11-05,2022/23,Leicester,Everton,Away,8,2,0,A,0
2022-11-12,2022/23,Leicester,West Ham,Away,6,2,0,A,0
2022-12-26,2022/23,Leicester,Newcastle,Home,2,0,3,A,0
2022-12-30,2022/23,Leicester,Liverpool,Away,2,1,2,H,0
2023-01-03,2022/23,Leicester,Fulham,Home,6,0,1,A,0
2023-01-14,2022/23,Leicester,Nott'm Forest,Away,1,0,2,H,0
2023-01-21,2022/23,Leicester,Brighton,Home,2,2,2,D,0
2023-02-04,2022/23,Leicester,Aston Villa,Away,5,4,2,A,0
2023-02-11,2022/23,Leicester,Tottenham,Home,7,4,1,H,0
2023-02-19,2022/23,Leicester,Man United,Away,3,0,3,H,0
2023-02-25,2022/23,Leicester,Arsenal,Home,0,0,1,A,0
2023-03-04,2022/23,Leicester,Southampton,Away,0,0,1,H,0
2023-03-11,2022/23,Leicester,Chelsea,Home,7,1,3,A,1
2023-03-18,2022/23,Leicester,Brentford,Away,1,1,1,D,0
2023-04-01,2022/23,Leicester,Crystal Palace,Away,2,1,2,H,0
2023-04-04,2022/23,Leicester,Aston Villa,Home,4,1,2,A,1
2023-04-08,2022/23,Leicester,Bournemouth,Home,4,0,1,A,0
2023-04-15,2022/23,Leicester,Man City,Away,4,1,3,H,0
2023-04-22,2022/23,Leicester,Wolves,Home,8,2,1,H,0
2023-04-25,2022/23,Leicester,Leeds,Away,3,1,1,D,0
2023-05-01,2022/23,Leicester,Everton,Home,6,2,2,D,0
2023-05-08,2022/23,Leicester,Fulham,Away,9,3,5,H,0
2023-05-15,2022/23,Leicester,Liverpool,Home,4,0,3,A,0
2023-05-22,2022/23,Leicester,Newcastle,Away,1,0,0,D,0
2023-05-28,2022/23,Leicester,West Ham,Home,4,2,1,H,0
2024-08-19,2024/25,Leicester,Tottenham,Home,3,1,1,D,0
2024-08-24,2024/25,Leicester,Fulham,Away,4,1,2,H,0
2024-08-31,2024/25,Leicester,Aston Villa,Home,3,1,2,A,0
2024-09-14,2024/25,Leicester,Crystal Palace,Away,4,2,2,D,0
2024-09-21,2024/25,Leicester,Everton,Home,2,1,1,D,0
2024-09-28,2024/25,Leicester,Arsenal,Away,3,2,4,H,0
2024-10-05,2024/25,Leicester,Bournemouth,Home,2,1,0,H,0
2024-10-19,2024/25,Leicester,Southampton,Away,4,3,2,A,0
2024-10-25,2024/25,Leicester,Nott'm Forest,Home,1,1,3,A,0
2024-11-02,2024/25,Leicester,Ipswich,Away,6,1,1,D,0
2024-11-10,2024/25,Leicester,Man United,Away,5,0,3,H,0
2024-11-23,2024/25,Leicester,Chelsea,Home,1,1,2,A,0
2024-11-30,2024/25,Leicester,Brentford,Away,3,1,4,H,0
2024-12-03,2024/25,Leicester,West Ham,Home,6,3,1,H,0
2024-12-08,2024/25,Leicester,Brighton,Home,3,2,2,D,0
2024-12-14,2024/25,Leicester,Newcastle,Away,1,0,4,H,0
2024-12-22,2024/25,Leicester,Wolves,Home,5,0,3,A,0
2024-12-26,2024/25,Leicester,Liverpool,Away,1,1,3,H,0
2024-12-29,2024/25,Leicester,Man City,Home,4,0,2,A,0
2025-01-04,2024/25,Leicester,Aston Villa,Away,2,1,2,H,0
2025-01-15,2024/25,Leicester,Crystal Palace,Home,4,0,2,A,0
2025-01-18,2024/25,Leicester,Fulham,Home,4,0,2,A,0
2025-01-26,2024/25,Leicester,Tottenham,Away,3,2,1,A,0
2025-02-01,2024/25,Leicester,Everton,Away,1,0,4,H,0
2025-02-15,2024/25,Leicester,Arsenal,Home,2,0,2,A,0
2025-02-21,2024/25,Leicester,Brentford,Home,3,0,4,A,0
2025-02-27,2024/25,Leicester,West Ham,Away,2,0,2,H,0
2025-03-09,2024/25,Leicester,Chelsea,Away,3,0,1,H,0
2025-03-16,2024/25,Leicester,Man United,Home,3,0,3,A,0
2025-04-02,2024/25,Leicester,Man City,Away,0,0,2,H,0
2025-04-07,2024/25,Leicester,Newcastle,Home,2,0,3,A,0
2025-04-12,2024/25,Leicester,Brighton,Away,6,2,2,D,0
2025-04-20,2024/25,Leicester,Liverpool,Home,0,0,1,A,0
2025-04-26,2024/25,Leicester,Wolves,Away,2,0,3,H,0
2025-05-03,2024/25,Leicester,Southampton,Home,4,2,0,H,0
2000-08-19,2000/01,Liverpool,Bradford,Home,10,1,0,H,0
2000-08-21,2000/01,Liverpool,Arsenal,Away,4,0,2,H,2
2000-08-26,2000/01,Liverpool,Southampton,Away,4,3,3,D,0
2000-09-06,2000/01,Liverpool,Aston Villa,Home,7,3,1,H,0
2000-09-09,2000/01,Liverpool,Man City,Home,8,3,2,H,0
2000-09-17,2000/01,Liverpool,West Ham,Away,2,1,1,D,0
2000-09-23,2000/01,Liverpool,Sunderland,Home,6,1,1,D,0
2000-10-01,2000/01,Liverpool,Chelsea,Away,2,0,3,H,0
2000-10-15,2000/01,Liverpool,Derby,Away,11,4,0,A,0
2000-10-21,2000/01,Liverpool,Leicester,Home,11,1,0,H,0
2000-10-29,2000/01,Liverpool,Everton,Home,8,3,1,H,0
2000-11-04,2000/01,Liverpool,Leeds,Away,8,3,4,H,0
2000-11-12,2000/01,Liverpool,Coventry,Home,13,4,1,H,0
2000-11-19,2000/01,Liverpool,Tottenham,Away,4,1,2,H,0
2000-11-26,2000/01,Liverpool,Newcastle,Away,9,1,2,H,0
2000-12-02,2000/01,Liverpool,Charlton,Home,3,3,0,H,0
2000-12-10,2000/01,Liverpool,Ipswich,Home,5,0,1,A,0
2000-12-17,2000/01,Liverpool,Man United,Away,4,1,0,A,0
2000-12-23,2000/01,Liverpool,Arsenal,Home,6,4,0,H,0
2000-12-26,2000/01,Liverpool,Middlesbrough,Away,5,0,1,H,0
2001-01-01,2000/01,Liverpool,Southampton,Home,8,2,1,H,0
2001-01-13,2000/01,Liverpool,Aston Villa,Away,6,3,0,A,0
2001-01-20,2000/01,Liverpool,Middlesbrough,Home,7,0,0,D,0
2001-01-31,2000/01,Liverpool,Man City,Away,3,1,1,D,0
2001-02-03,2000/01,Liverpool,West Ham,Home,10,3,0,H,0
2001-02-10,2000/01,Liverpool,Sunderland,Away,4,1,1,D,0
2001-03-03,2000/01,Liverpool,Leicester,Away,3,0,2,H,0
2001-03-18,2000/01,Liverpool,Derby,Home,8,1,1,D,0
2001-03-31,2000/01,Liverpool,Man United,Home,6,2,0,H,1
2001-04-10,2000/01,Liverpool,Ipswich,Away,2,1,1,D,0
2001-04-13,2000/01,Liverpool,Leeds,Home,5,1,2,A,1
2001-04-16,2000/01,Liverpool,Everton,Away,6,3,2,A,0
2001-04-22,2000/01,Liverpool,Tottenham,Home,8,3,1,H,0
2001-04-28,2000/01,Liverpool,Coventry,Away,6,2,0,A,0
2001-05-01,2000/01,Liverpool,Bradford,Away,10,2,0,A,0
2001-05-05,2000/01,Liverpool,Newcastle,Home,5,3,0,H,0
2001-05-08,2000/01,Liverpool,Chelsea,Home,8,2,2,D,0
2001-05-19,2000/01,Liverpool,Charlton,Away,14,4,0,A,0
2001-08-18,2001/02,Liverpool,West Ham,Home,6,2,1,H,0
2001-08-27,2001/02,Liverpool,Bolton,Away,7,1,2,H,0
2001-09-08,2001/02,Liverpool,Aston Villa,Home,7,1,3,A,1
2001-09-15,2001/02,Liverpool,Everton,Away,9,3,1,A,0
2001-09-22,2001/02,Liverpool,Tottenham,Home,6,1,0,H,0
2001-09-30,2001/02,Liverpool,Newcastle,Away,2,2,0,A,0
2001-10-13,2001/02,Liverpool,Leeds,Home,2,1,1,D,0
2001-10-20,2001/02,Liverpool,Leicester,Away,6,4,1,A,0
2001-10-27,2001/02,Liverpool,Charlton,Away,4,2,0,A,1
2001-11-04,2001/02,Liverpool,Man United,Home,5,3,1,H,0
2001-11-17,2001/02,Liverpool,Blackburn,Away,2,1,1,D,0
2001-11-25,2001/02,Liverpool,Sunderland,Home,3,1,0,H,1
2001-12-01,2001/02,Liverpool,Derby,Away,5,1,0,A,0
2001-12-08,2001/02,Liverpool,Middlesbrough,Home,5,2,0,H,0
2001-12-12,2001/02,Liverpool,Fulham,Home,7,0,0,D,0
2001-12-16,2001/02,Liverpool,Chelsea,Away,8,0,4,H,0
2001-12-23,2001/02,Liverpool,Arsenal,Home,2,1,2,A,0
2001-12-26,2001/02,Liverpool,Aston Villa,Away,6,2,1,A,0
2001-12-29,2001/02,Liverpool,West Ham,Away,8,1,1,D,0
2002-01-01,2001/02,Liverpool,Bolton,Home,5,1,1,D,0
2002-01-09,2001/02,Liverpool,Southampton,Away,4,0,2,H,0
2002-01-13,2001/02,Liverpool,Arsenal,Away,2,1,1,D,0
2002-01-19,2001/02,Liverpool,Southampton,Home,5,1,1,D,0
2002-01-22,2001/02,Liverpool,Man United,Away,5,1,0,A,0
2002-01-30,2001/02,Liverpool,Leicester,Home,4,1,0,H,0
2002-02-03,2001/02,Liverpool,Leeds,Away,7,4,0,A,0
2002-02-09,2001/02,Liverpool,Ipswich,Away,11,6,0,A,0
2002-02-23,2001/02,Liverpool,Everton,Home,5,1,1,D,0
2002-03-02,2001/02,Liverpool,Fulham,Away,4,2,0,A,0
2002-03-06,2001/02,Liverpool,Newcastle,Home,11,3,0,H,0
2002-03-16,2001/02,Liverpool,Middlesbrough,Away,7,2,1,A,0
2002-03-24,2001/02,Liverpool,Chelsea,Home,4,1,0,H,0
2002-03-30,2001/02,Liverpool,Charlton,Home,8,2,0,H,0
2002-04-13,2001/02,Liverpool,Sunderland,Away,5,1,0,A,0
2002-04-20,2001/02,Liverpool,Derby,Home,5,2,0,H,0
2002-04-27,2001/02,Liverpool,Tottenham,Away,7,0,1,H,0
2002-05-08,2001/02,Liverpool,Blackburn,Home,7,4,3,H,0
2002-05-11,2001/02,Liverpool,Ipswich,Home,8,5,0,H,0
2002-08-18,2002/03,Liverpool,Aston Villa,Away,6,1,0,A,0
2002-08-24,2002/03,Liverpool,Southampton,Home,9,3,0,H,0
2002-08-28,2002/03,Liverpool,Blackburn,Away,3,2,2,D,0
2002-09-02,2002/03,Liverpool,Newcastle,Home,11,2,2,D,0
2002-09-11,2002/03,Liverpool,Birmingham,Home,10,2,2,D,0
2002-09-14,2002/03,Liverpool,Bolton,Away,8,3,2,A,0
2002-09-21,2002/03,Liverpool,West Brom,Home,14,2,0,H,0
2002-09-28,2002/03,Liverpool,Man City,Away,6,3,0,A,0
2002-10-06,2002/03,Liverpool,Chelsea,Home,8,1,0,H,0
2002-10-19,2002/03,Liverpool,Leeds,Away,6,1,0,A,0
2002-10-26,2002/03,Liverpool,Tottenham,Home,5,2,1,H,0
2002-11-02,2002/03,Liverpool,West Ham,Home,9,2,0,H,0
2002-11-09,2002/03,Liverpool,Middlesbrough,Away,7,0,1,H,0
2002-11-17,2002/03,Liverpool,Sunderland,Home,12,0,0,D,0
2002-11-23,2002/03,Liverpool,Fulham,Away,11,2,3,H,0
2002-12-01,2002/03,Liverpool,Man United,Home,7,1,2,A,0
2002-12-07,2002/03,Liverpool,Charlton,Away,7,0,2,H,0
2002-12-15,2002/03,Liverpool,Sunderland,Away,4,1,2,H,0
2002-12-22,2002/03,Liverpool,Everton,Home,8,0,0,D,0
2002-12-26,2002/03,Liverpool,Blackburn,Home,6,1,1,D,0
2002-12-29,2002/03,Liverpool,Arsenal,Away,2,1,1,D,0
2003-01-01,2002/03,Liverpool,Newcastle,Away,4,0,1,H,1
2003-01-11,2002/03,Liverpool,Aston Villa,Home,11,1,1,D,0
2003-01-18,2002/03,Liverpool,Southampton,Away,7,1,0,A,0
2003-01-29,2002/03,Liverpool,Arsenal,Home,12,2,2,D,0
2003-02-02,2002/03,Liverpool,West Ham,Away,5,3,0,A,0
2003-02-08,2002/03,Liverpool,Middlesbrough,Home,10,1,1,D,0
2003-02-23,2002/03,Liverpool,Birmingham,Away,9,1,2,H,0
2003-03-08,2002/03,Liverpool,Bolton,Home,3,2,0,H,0
2003-03-16,2002/03,Liverpool,Tottenham,Away,6,3,2,A,0
2003-03-23,2002/03,Liverpool,Leeds,Home,11,3,1,H,0
2003-04-05,2002/03,Liverpool,Man United,Away,1,0,4,H,1
2003-04-12,2002/03,Liverpool,Fulham,Home,11,2,0,H,0
2003-04-19,2002/03,Liverpool,Everton,Away,2,2,1,A,0
2003-04-21,2002/03,Liverpool,Charlton,Home,10,2,1,H,0
2003-04-26,2002/03,Liverpool,West Brom,Away,14,6,0,A,0
2003-05-03,2002/03,Liverpool,Man City,Home,6,1,2,A,0
2003-05-11,2002/03,Liverpool,Chelsea,Away,3,1,2,H,1
2003-08-17,2003/04,Liverpool,Chelsea,Home,7,1,2,A,0
2003-08-24,2003/04,Liverpool,Aston Villa,Away,9,0,0,D,0
2003-08-27,2003/04,Liverpool,Tottenham,Home,10,0,0,D,0
2003-08-30,2003/04,Liverpool,Everton,Away,11,3,0,A,0
2003-09-13,2003/04,Liverpool,Blackburn,Away,14,3,1,A,0
2003-09-20,2003/04,Liverpool,Leicester,Home,8,2,1,H,0
2003-09-28,2003/04,Liverpool,Charlton,Away,9,2,3,H,0
2003-10-04,2003/04,Liverpool,Arsenal,Home,7,1,2,A,0
2003-10-18,2003/04,Liverpool,Portsmouth,Away,7,0,1,H,0
2003-10-25,2003/04,Liverpool,Leeds,Home,9,3,1,H,0
2003-11-02,2003/04,Liverpool,Fulham,Away,6,2,1,A,0
2003-11-09,2003/04,Liverpool,Man United,Home,4,1,2,A,0
2003-11-22,2003/04,Liverpool,Middlesbrough,Away,1,0,0,D,0
2003-11-30,2003/04,Liverpool,Birmingham,Home,7,3,1,H,0
2003-12-06,2003/04,Liverpool,Newcastle,Away,3,1,1,D,0
2003-12-13,2003/04,Liverpool,Southampton,Home,10,1,2,A,0
2003-12-26,2003/04,Liverpool,Bolton,Home,8,3,1,H,0
2003-12-28,2003/04,Liverpool,Man City,Away,9,2,2,D,0
2004-01-07,2003/04,Liverpool,Chelsea,Away,1,1,0,A,1
2004-01-10,2003/04,Liverpool,Aston Villa,Home,4,1,0,H,0
2004-01-17,2003/04,Liverpool,Tottenham,Away,4,1,2,H,0
2004-01-21,2003/04,Liverpool,Wolves,Away,10,1,1,D,0
2004-01-31,2003/04,Liverpool,Everton,Home,9,0,0,D,0
2004-02-07,2003/04,Liverpool,Bolton,Away,6,2,2,D,0
2004-02-11,2003/04,Liverpool,Man City,Home,7,2,1,H,0
2004-02-29,2003/04,Liverpool,Leeds,Away,13,2,2,D,0
2004-03-14,2003/04,Liverpool,Southampton,Away,12,0,2,H,0
2004-03-17,2003/04,Liverpool,Portsmouth,Home,13,3,0,H,0
2004-03-20,2003/04,Liverpool,Wolves,Home,4,1,0,H,0
2004-03-28,2003/04,Liverpool,Leicester,Away,12,0,0,D,0
2004-04-24,2003/04,Liverpool,Man United,Away,4,1,0,A,0
2004-05-02,2003/04,Liverpool,Middlesbrough,Home,8,2,0,H,0
2004-05-08,2003/04,Liverpool,Birmingham,Away,8,3,0,A,0
2004-08-14,2004/05,Liverpool,Tottenham,Away,8,1,1,D,0
2004-08-21,2004/05,Liverpool,Man City,Home,10,2,1,H,0
2004-08-29,2004/05,Liverpool,Bolton,Away,2,0,1,H,0
2004-09-11,2004/05,Liverpool,West Brom,Home,9,3,0,H,0
2004-09-20,2004/05,Liverpool,Man United,Away,3,1,2,H,0
2004-09-25,2004/05,Liverpool,Norwich,Home,12,3,0,H,0
2004-10-03,2004/05,Liverpool,Chelsea,Away,3,0,1,H,0
2004-10-16,2004/05,Liverpool,Fulham,Away,3,4,2,A,1
2004-10-23,2004/05,Liverpool,Charlton,Home,7,2,0,H,0
2004-10-30,2004/05,Liverpool,Blackburn,Away,9,2,2,D,0
2004-11-06,2004/05,Liverpool,Birmingham,Home,8,0,1,A,0
2004-11-13,2004/05,Liverpool,Crystal Palace,Home,5,3,2,H,0
2004-11-20,2004/05,Liverpool,Middlesbrough,Away,10,0,2,H,0
2004-11-28,2004/05,Liverpool,Arsenal,Home,7,2,1,H,0
2004-12-04,2004/05,Liverpool,Aston Villa,Away,7,1,1,D,0
2004-12-11,2004/05,Liverpool,Everton,Away,5,0,1,H,0
2004-12-14,2004/05,Liverpool,Portsmouth,Home,7,1,1,D,0
2004-12-19,2004/05,Liverpool,Newcastle,Home,5,3,1,H,0
2004-12-26,2004/05,Liverpool,West Brom,Away,8,5,0,A,0
2004-12-28,2004/05,Liverpool,Southampton,Home,11,1,0,H,0
2005-01-01,2004/05,Liverpool,Chelsea,Home,7,0,1,A,0
2005-01-03,2004/05,Liverpool,Norwich,Away,6,2,1,A,0
2005-01-15,2004/05,Liverpool,Man United,Home,5,0,1,A,0
2005-01-22,2004/05,Liverpool,Southampton,Away,2,0,2,H,0
2005-02-01,2004/05,Liverpool,Charlton,Away,7,2,1,A,0
2005-02-05,2004/05,Liverpool,Fulham,Home,7,3,1,H,0
2005-02-12,2004/05,Liverpool,Birmingham,Away,2,0,2,H,0
2005-03-05,2004/05,Liverpool,Newcastle,Away,3,0,1,H,0
2005-03-16,2004/05,Liverpool,Blackburn,Home,2,0,0,D,0
2005-03-20,2004/05,Liverpool,Everton,Home,8,2,1,H,1
2005-04-02,2004/05,Liverpool,Bolton,Home,7,1,0,H,0
2005-04-09,2004/05,Liverpool,Man City,Away,1,0,1,H,0
2005-04-16,2004/05,Liverpool,Tottenham,Home,7,2,2,D,0
2005-04-20,2004/05,Liverpool,Portsmouth,Away,12,2,1,A,0
2005-08-13,2005/06,Liverpool,Middlesbrough,Away,7,0,0,D,0
2005-08-20,2005/06,Liverpool,Sunderland,Home,6,1,0,H,0
2005-09-10,2005/06,Liverpool,Tottenham,Away,6,0,0,D,0
2005-09-18,2005/06,Liverpool,Man United,Home,3,0,0,D,0
2005-09-24,2005/06,Liverpool,Birmingham,Away,6,2,2,D,0
2005-10-02,2005/06,Liverpool,Chelsea,Home,5,1,4,A,0
2005-10-15,2005/06,Liverpool,Blackburn,Home,5,1,0,H,0
2005-10-22,2005/06,Liverpool,Fulham,Away,6,0,2,H,0
2005-10-29,2005/06,Liverpool,West Ham,Home,9,2,0,H,0
2005-11-05,2005/06,Liverpool,Aston Villa,Away,6,2,0,A,0
2005-11-19,2005/06,Liverpool,Portsmouth,Home,11,3,0,H,0
2005-11-26,2005/06,Liverpool,Man City,Away,6,1,0,A,0
2005-11-30,2005/06,Liverpool,Sunderland,Away,11,2,0,A,1
2005-12-03,2005/06,Liverpool,Wigan,Home,12,3,0,H,0
2005-12-10,2005/06,Liverpool,Middlesbrough,Home,13,2,0,H,0
2005-12-26,2005/06,Liverpool,Newcastle,Home,11,2,0,H,0
2005-12-28,2005/06,Liverpool,Everton,Away,5,3,1,A,0
2005-12-31,2005/06,Liverpool,West Brom,Home,13,1,0,H,0
2006-01-02,2005/06,Liverpool,Bolton,Away,7,2,2,D,0
2006-01-14,2005/06,Liverpool,Tottenham,Home,12,1,0,H,0
2006-01-22,2005/06,Liverpool,Man United,Away,7,0,1,H,0
2006-02-01,2005/06,Liverpool,Birmingham,Home,10,1,1,D,0
2006-02-05,2005/06,Liverpool,Chelsea,Away,2,0,2,H,1
2006-02-08,2005/06,Liverpool,Charlton,Away,5,0,2,H,0
2006-02-11,2005/06,Liverpool,Wigan,Away,6,1,0,A,0
2006-02-14,2005/06,Liverpool,Arsenal,Home,9,1,0,H,0
2006-02-26,2005/06,Liverpool,Man City,Home,12,1,0,H,0
2006-03-04,2005/06,Liverpool,Charlton,Home,10,0,0,D,0
2006-03-12,2005/06,Liverpool,Arsenal,Away,3,1,2,H,1
2006-03-15,2005/06,Liverpool,Fulham,Home,10,5,1,H,0
2006-03-19,2005/06,Liverpool,Newcastle,Away,6,3,1,A,0
2006-03-25,2005/06,Liverpool,Everton,Home,10,3,1,H,1
2006-04-01,2005/06,Liverpool,West Brom,Away,4,2,0,A,0
2006-04-09,2005/06,Liverpool,Bolton,Home,7,1,0,H,0
2006-04-16,2005/06,Liverpool,Blackburn,Away,2,1,0,A,0
2006-04-26,2005/06,Liverpool,West Ham,Away,7,2,1,A,1
2006-04-29,2005/06,Liverpool,Aston Villa,Home,9,3,1,H,0
2006-05-07,2005/06,Liverpool,Portsmouth,Away,4,3,1,A,0
2006-08-19,2006/07,Liverpool,Sheffield United,Away,7,1,1,D,0
2006-08-26,2006/07,Liverpool,West Ham,Home,8,2,1,H,0
2006-09-09,2006/07,Liverpool,Everton,Away,5,0,3,H,0
2006-09-17,2006/07,Liverpool,Chelsea,Away,6,0,1,H,0
2006-09-20,2006/07,Liverpool,Newcastle,Home,11,2,0,H,0
2006-09-23,2006/07,Liverpool,Tottenham,Home,6,3,0,H,0
2006-09-30,2006/07,Liverpool,Bolton,Away,6,0,2,H,0
2006-10-14,2006/07,Liverpool,Blackburn,Home,9,1,1,D,0
2006-10-22,2006/07,Liverpool,Man United,Away,5,0,2,H,0
2006-10-28,2006/07,Liverpool,Aston Villa,Home,6,3,1,H,0
2006-11-04,2006/07,Liverpool,Reading,Home,10,2,0,H,0
2006-11-12,2006/07,Liverpool,Arsenal,Away,4,0,3,H,0
2006-11-18,2006/07,Liverpool,Middlesbrough,Away,10,0,0,D,0
2006-11-25,2006/07,Liverpool,Man City,Home,6,1,0,H,0
2006-11-29,2006/07,Liverpool,Portsmouth,Home,4,0,0,D,0
2006-12-02,2006/07,Liverpool,Wigan,Away,6,4,0,A,0
2006-12-09,2006/07,Liverpool,Fulham,Home,19,4,0,H,0
2006-12-16,2006/07,Liverpool,Charlton,Away,10,3,0,A,0
2006-12-23,2006/07,Liverpool,Watford,Home,10,2,0,H,0
2006-12-26,2006/07,Liverpool,Blackburn,Away,12,0,1,H,0
2006-12-30,2006/07,Liverpool,Tottenham,Away,5,1,0,A,0
2007-01-01,2006/07,Liverpool,Bolton,Home,9,3,0,H,0
2007-01-13,2006/07,Liverpool,Watford,Away,13,3,0,A,0
2007-01-20,2006/07,Liverpool,Chelsea,Home,8,2,0,H,0
2007-01-30,2006/07,Liverpool,West Ham,Away,9,2,1,A,0
2007-02-03,2006/07,Liverpool,Everton,Home,10,0,0,D,0
2007-02-10,2006/07,Liverpool,Newcastle,Away,9,1,2,H,0
2007-02-24,2006/07,Liverpool,Sheffield United,Home,4,4,0,H,0
2007-03-03,2006/07,Liverpool,Man United,Home,8,0,1,A,0
2007-03-18,2006/07,Liverpool,Aston Villa,Away,3,0,0,D,0
2007-03-31,2006/07,Liverpool,Arsenal,Home,7,4,1,H,0
2007-04-07,2006/07,Liverpool,Reading,Away,3,2,1,A,0
2007-04-14,2006/07,Liverpool,Man City,Away,3,0,0,D,0
2007-04-18,2006/07,Liverpool,Middlesbrough,Home,7,2,0,H,0
2007-04-21,2006/07,Liverpool,Wigan,Home,12,2,0,H,0
2007-04-28,2006/07,Liverpool,Portsmouth,Away,4,1,2,H,0
2007-05-05,2006/07,Liverpool,Fulham,Away,5,0,1,H,0
2007-05-13,2006/07,Liverpool,Charlton,Home,7,2,2,D,0
2007-08-11,2007/08,Liverpool,Aston Villa,Away,7,2,1,A,0
2007-08-19,2007/08,Liverpool,Chelsea,Home,8,1,1,D,0
2007-08-25,2007/08,Liverpool,Sunderland,Away,12,2,0,A,0
2007-09-01,2007/08,Liverpool,Derby,Home,10,6,0,H,0
2007-09-15,2007/08,Liverpool,Portsmouth,Away,6,0,0,D,0
2007-09-22,2007/08,Liverpool,Birmingham,Home,4,0,0,D,0
2007-09-29,2007/08,Liverpool,Wigan,Away,10,1,0,A,0
2007-10-07,2007/08,Liverpool,Tottenham,Home,9,2,2,D,0
2007-10-20,2007/08,Liverpool,Everton,Away,7,2,1,A,0
2007-10-28,2007/08,Liverpool,Arsenal,Home,8,1,1,D,0
2007-11-03,2007/08,Liverpool,Blackburn,Away,7,0,0,D,0
2007-11-10,2007/08,Liverpool,Fulham,Home,12,2,0,H,0
2007-11-24,2007/08,Liverpool,Newcastle,Away,11,3,0,A,0
2007-12-02,2007/08,Liverpool,Bolton,Home,14,4,0,H,0
2007-12-08,2007/08,Liverpool,Reading,Away,5,1,3,H,0
2007-12-16,2007/08,Liverpool,Man United,Home,6,0,1,A,0
2007-12-22,2007/08,Liverpool,Portsmouth,Home,7,4,1,H,0
2007-12-26,2007/08,Liverpool,Derby,Away,10,2,1,A,0
2007-12-30,2007/08,Liverpool,Man City,Away,11,0,0,D,0
2008-01-02,2007/08,Liverpool,Wigan,Home,11,1,1,D,0
2008-01-12,2007/08,Liverpool,Middlesbrough,Away,7,1,1,D,0
2008-01-21,2007/08,Liverpool,Aston Villa,Home,7,2,2,D,0
2008-01-30,2007/08,Liverpool,West Ham,Away,5,0,1,H,0
2008-02-02,2007/08,Liverpool,Sunderland,Home,11,3,0,H,0
2008-02-10,2007/08,Liverpool,Chelsea,Away,4,0,0,D,0
2008-02-23,2007/08,Liverpool,Middlesbrough,Home,8,3,2,H,0
2008-03-02,2007/08,Liverpool,Bolton,Away,9,3,1,A,0
2008-03-05,2007/08,Liverpool,West Ham,Home,11,4,0,H,0
2008-03-08,2007/08,Liverpool,Newcastle,Home,13,3,0,H,0
2008-03-15,2007/08,Liverpool,Reading,Home,8,2,1,H,0
2008-03-23,2007/08,Liverpool,Man United,Away,4,0,3,H,1
2008-03-30,2007/08,Liverpool,Everton,Home,9,1,0,H,0
2008-04-05,2007/08,Liverpool,Arsenal,Away,4,1,1,D,0
2008-04-13,2007/08,Liverpool,Blackburn,Home,9,3,1,H,0
2008-04-19,2007/08,Liverpool,Fulham,Away,7,2,0,A,0
2008-04-26,2007/08,Liverpool,Birmingham,Away,7,2,2,D,0
2008-05-04,2007/08,Liverpool,Man City,Home,10,1,0,H,0
2008-05-11,2007/08,Liverpool,Tottenham,Away,12,2,0,A,0
2008-08-16,2008/09,Liverpool,Sunderland,Away,8,1,0,A,0
2008-08-23,2008/09,Liverpool,Middlesbrough,Home,8,2,1,H,0
2008-08-31,2008/09,Liverpool,Aston Villa,Away,3,0,0,D,0
2008-09-13,2008/09,Liverpool,Man United,Home,11,2,1,H,0
2008-09-20,2008/09,Liverpool,Stoke,Home,11,0,0,D,0
2008-09-27,2008/09,Liverpool,Everton,Away,6,2,0,A,0
2008-10-05,2008/09,Liverpool,Man City,Away,7,3,2,A,0
2008-10-18,2008/09,Liverpool,Wigan,Home,7,3,2,H,0
2008-10-26,2008/09,Liverpool,Chelsea,Away,3,1,0,A,0
2008-10-29,2008/09,Liverpool,Portsmouth,Home,10,1,0,H,0
2008-11-01,2008/09,Liverpool,Tottenham,Away,6,1,2,H,0
2008-11-08,2008/09,Liverpool,West Brom,Home,10,3,0,H,0
2008-11-15,2008/09,Liverpool,Bolton,Away,6,2,0,A,0
2008-11-22,2008/09,Liverpool,Fulham,Home,7,0,0,D,0
2008-12-01,2008/09,Liverpool,West Ham,Home,8,0,0,D,0
2008-12-06,2008/09,Liverpool,Blackburn,Away,6,3,1,A,0
2008-12-13,2008/09,Liverpool,Hull,Home,10,2,2,D,0
2008-12-21,2008/09,Liverpool,Arsenal,Away,6,1,1,D,0
2008-12-26,2008/09,Liverpool,Bolton,Home,8,3,0,H,0
2008-12-28,2008/09,Liverpool,Newcastle,Away,12,5,1,A,0
2009-01-10,2008/09,Liverpool,Stoke,Away,3,0,0,D,0
2009-01-19,2008/09,Liverpool,Everton,Home,5,1,1,D,0
2009-01-28,2008/09,Liverpool,Wigan,Away,5,1,1,D,0
2009-02-01,2008/09,Liverpool,Chelsea,Home,15,2,0,H,0
2009-02-07,2008/09,Liverpool,Portsmouth,Away,9,3,2,A,0
2009-02-22,2008/09,Liverpool,Man City,Home,5,1,1,D,0
2009-02-28,2008/09,Liverpool,Middlesbrough,Away,7,0,2,H,0
2009-03-03,2008/09,Liverpool,Sunderland,Home,12,2,0,H,0
2009-03-14,2008/09,Liverpool,Man United,Away,6,4,1,A,0
2009-03-22,2008/09,Liverpool,Aston Villa,Home,7,5,0,H,0
2009-04-04,2008/09,Liverpool,Fulham,Away,10,1,0,A,0
2009-04-11,2008/09,Liverpool,Blackburn,Home,12,4,0,H,0
2009-04-21,2008/09,Liverpool,Arsenal,Home,15,4,4,D,0
2009-04-25,2008/09,Liverpool,Hull,Away,8,3,1,A,0
2009-05-03,2008/09,Liverpool,Newcastle,Home,11,3,0,H,0
2009-05-09,2008/09,Liverpool,West Ham,Away,9,3,0,A,0
2009-05-17,2008/09,Liverpool,West Brom,Away,10,2,0,A,0
2009-05-24,2008/09,Liverpool,Tottenham,Home,9,3,1,H,0
2009-08-16,2009/10,Liverpool,Tottenham,Away,3,1,2,H,0
2009-08-19,2009/10,Liverpool,Stoke,Home,13,4,0,H,0
2009-08-24,2009/10,Liverpool,Aston Villa,Home,12,1,3,A,0
2009-08-29,2009/10,Liverpool,Bolton,Away,14,3,2,A,0
2009-09-12,2009/10,Liverpool,Burnley,Home,16,4,0,H,0
2009-09-19,2009/10,Liverpool,West Ham,Away,15,3,2,A,0
2009-09-26,2009/10,Liverpool,Hull,Home,14,6,1,H,0
2009-10-04,2009/10,Liverpool,Chelsea,Away,3,0,2,H,0
2009-10-17,2009/10,Liverpool,Sunderland,Away,6,0,1,H,0
2009-10-25,2009/10,Liverpool,Man United,Home,6,2,0,H,1
2009-10-31,2009/10,Liverpool,Fulham,Away,3,1,3,H,2
2009-11-09,2009/10,Liverpool,Birmingham,Home,14,2,2,D,0
2009-11-21,2009/10,Liverpool,Man City,Home,6,2,2,D,0
2009-11-29,2009/10,Liverpool,Everton,Away,7,2,0,A,0
2009-12-05,2009/10,Liverpool,Blackburn,Away,11,0,0,D,0
2009-12-13,2009/10,Liverpool,Arsenal,Home,3,1,2,A,0
2009-12-16,2009/10,Liverpool,Wigan,Home,7,2,1,H,0
2009-12-19,2009/10,Liverpool,Portsmouth,Away,3,0,2,H,1
2009-12-26,2009/10,Liverpool,Wolves,Home,10,2,0,H,0
2009-12-29,2009/10,Liverpool,Aston Villa,Away,9,1,0,A,0
2010-01-16,2009/10,Liverpool,Stoke,Away,3,1,1,D,0
2010-01-20,2009/10,Liverpool,Tottenham,Home,5,2,0,H,0
2010-01-26,2009/10,Liverpool,Wolves,Away,3,0,0,D,0
2010-01-30,2009/10,Liverpool,Bolton,Home,6,2,0,H,0
2010-02-06,2009/10,Liverpool,Everton,Home,4,1,0,H,1
2010-02-10,2009/10,Liverpool,Arsenal,Away,7,0,1,H,0
2010-02-21,2009/10,Liverpool,Man City,Away,2,0,0,D,0
2010-02-28,2009/10,Liverpool,Blackburn,Home,6,2,1,H,0
2010-03-08,2009/10,Liverpool,Wigan,Away,3,0,1,H,0
2010-03-15,2009/10,Liverpool,Portsmouth,Home,12,4,1,H,0
2010-03-21,2009/10,Liverpool,Man United,Away,2,1,2,H,0
2010-03-28,2009/10,Liverpool,Sunderland,Home,16,3,0,H,0
2010-04-04,2009/10,Liverpool,Birmingham,Away,8,1,1,D,0
2010-04-11,2009/10,Liverpool,Fulham,Home,9,0,0,D,0
2010-04-19,2009/10,Liverpool,West Ham,Home,8,3,0,H,0
2010-04-25,2009/10,Liverpool,Burnley,Away,10,4,0,A,0
2010-05-02,2009/10,Liverpool,Chelsea,Home,2,0,2,A,0
2010-05-09,2009/10,Liverpool,Hull,Away,7,0,0,D,0
2010-08-15,2010/11,Liverpool,Arsenal,Home,4,1,1,D,1
2010-08-23,2010/11,Liverpool,Man City,Away,7,0,3,H,0
2010-08-29,2010/11,Liverpool,West Brom,Home,7,1,0,H,0
2010-09-12,2010/11,Liverpool,Birmingham,Away,8,0,0,D,0
2010-09-19,2010/11,Liverpool,Man United,Away,1,2,3,H,0
2010-09-25,2010/11,Liverpool,Sunderland,Home,5,2,2,D,0
2010-10-03,2010/11,Liverpool,Blackpool,Home,10,1,2,A,0
2010-10-17,2010/11,Liverpool,Everton,Away,9,0,2,H,0
2010-10-24,2010/11,Liverpool,Blackburn,Home,10,2,1,H,0
2010-10-31,2010/11,Liverpool,Bolton,Away,4,1,0,A,0
2010-11-07,2010/11,Liverpool,Chelsea,Home,7,2,0,H,0
2010-11-10,2010/11,Liverpool,Wigan,Away,3,1,1,D,0
2010-11-13,2010/11,Liverpool,Stoke,Away,6,0,2,H,1
2010-11-20,2010/11,Liverpool,West Ham,Home,11,3,0,H,0
2010-11-28,2010/11,Liverpool,Tottenham,Away,8,1,2,H,0
2010-12-06,2010/11,Liverpool,Aston Villa,Home,7,3,0,H,0
2010-12-11,2010/11,Liverpool,Newcastle,Away,7,1,3,H,0
2010-12-29,2010/11,Liverpool,Wolves,Home,5,0,1,A,0
2011-01-01,2010/11,Liverpool,Bolton,Home,7,2,1,H,0
2011-01-05,2010/11,Liverpool,Blackburn,Away,9,1,3,H,0
2011-01-12,2010/11,Liverpool,Blackpool,Away,6,1,2,H,0
2011-01-16,2010/11,Liverpool,Everton,Home,14,2,2,D,0
2011-01-22,2010/11,Liverpool,Wolves,Away,10,3,0,A,0
2011-01-26,2010/11,Liverpool,Fulham,Home,7,1,0,H,0
2011-02-02,2010/11,Liverpool,Stoke,Home,9,2,0,H,0
2011-02-06,2010/11,Liverpool,Chelsea,Away,4,1,0,A,0
2011-02-12,2010/11,Liverpool,Wigan,Home,5,1,1,D,0
2011-02-27,2010/11,Liverpool,West Ham,Away,8,1,3,H,0
2011-03-06,2010/11,Liverpool,Man United,Home,10,3,1,H,0
2011-03-20,2010/11,Liverpool,Sunderland,Away,4,2,0,A,0
2011-04-02,2010/11,Liverpool,West Brom,Away,9,1,2,H,0
2011-04-11,2010/11,Liverpool,Man City,Home,7,3,0,H,0
2011-04-17,2010/11,Liverpool,Arsenal,Away,5,1,1,D,0
2011-04-23,2010/11,Liverpool,Birmingham,Home,13,5,0,H,0
2011-05-01,2010/11,Liverpool,Newcastle,Home,5,3,0,H,0
2011-05-09,2010/11,Liverpool,Fulham,Away,11,5,2,A,0
2011-05-15,2010/11,Liverpool,Tottenham,Home,2,0,2,A,0
2011-05-22,2010/11,Liverpool,Aston Villa,Away,4,0,1,H,0
2011-08-13,2011/12,Liverpool,Sunderland,Home,4,1,1,D,0
2011-08-20,2011/12,Liverpool,Arsenal,Away,8,2,0,A,0
2011-08-27,2011/12,Liverpool,Bolton,Home,9,3,1,H,0
2011-09-10,2011/12,Liverpool,Stoke,Away,11,0,1,H,0
2011-09-18,2011/12,Liverpool,Tottenham,Away,2,0,4,H,2
2011-09-24,2011/12,Liverpool,Wolves,Home,6,2,1,H,0
2011-10-01,2011/12,Liverpool,Everton,Away,9,2,0,A,0
2011-10-15,2011/12,Liverpool,Man United,Home,8,1,1,D,0
2011-10-22,2011/12,Liverpool,Norwich,Home,15,1,1,D,0
2011-10-29,2011/12,Liverpool,West Brom,Away,7,2,0,A,0
2011-11-05,2011/12,Liverpool,Swansea,Home,10,0,0,D,0
2011-11-20,2011/12,Liverpool,Chelsea,Away,3,2,1,A,0
2011-11-27,2011/12,Liverpool,Man City,Home,9,1,1,D,0
2011-12-05,2011/12,Liverpool,Fulham,Away,9,0,1,H,1
2011-12-10,2011/12,Liverpool,QPR,Home,15,1,0,H,0
2011-12-18,2011/12,Liverpool,Aston Villa,Away,12,2,0,A,0
2011-12-21,2011/12,Liverpool,Wigan,Away,10,0,0,D,0
2011-12-26,2011/12,Liverpool,Blackburn,Home,13,1,1,D,0
2011-12-30,2011/12,Liverpool,Newcastle,Home,7,3,1,H,0
2012-01-03,2011/12,Liverpool,Man City,Away,10,0,3,H,0
2012-01-14,2011/12,Liverpool,Stoke,Home,5,0,0,D,0
2012-01-21,2011/12,Liverpool,Bolton,Away,8,1,3,H,0
2012-01-31,2011/12,Liverpool,Wolves,Away,14,3,0,A,0
2012-02-06,2011/12,Liverpool,Tottenham,Home,10,0,0,D,0
2012-02-11,2011/12,Liverpool,Man United,Away,6,1,2,H,0
2012-03-03,2011/12,Liverpool,Arsenal,Home,4,1,2,A,0
2012-03-10,2011/12,Liverpool,Sunderland,Away,5,0,1,H,0
2012-03-13,2011/12,Liverpool,Everton,Home,10,3,0,H,0
2012-03-21,2011/12,Liverpool,QPR,Away,11,2,3,H,0
2012-03-24,2011/12,Liverpool,Wigan,Home,9,1,2,A,0
2012-04-01,2011/12,Liverpool,Newcastle,Away,6,0,2,H,1
2012-04-07,2011/12,Liverpool,Aston Villa,Home,5,1,1,D,0
2012-04-10,2011/12,Liverpool,Blackburn,Away,12,3,2,A,1
2012-04-22,2011/12,Liverpool,West Brom,Home,12,0,1,A,0
2012-04-28,2011/12,Liverpool,Norwich,Away,9,3,0,A,0
2012-05-01,2011/12,Liverpool,Fulham,Home,5,0,1,A,0
2012-05-08,2011/12,Liverpool,Chelsea,Home,13,4,1,H,0
2012-05-13,2011/12,Liverpool,Swansea,Away,9,0,1,H,0
2012-08-18,2012/13,Liverpool,West Brom,Away,7,0,3,H,1
2012-08-26,2012/13,Liverpool,Man City,Home,8,2,2,D,0
2012-09-02,2012/13,Liverpool,Arsenal,Home,8,0,2,A,0
2012-09-15,2012/13,Liverpool,Sunderland,Away,9,1,1,D,0
2012-09-23,2012/13,Liverpool,Man United,Home,8,1,2,A,1
2012-09-29,2012/13,Liverpool,Norwich,Away,6,5,2,A,0
2012-10-07,2012/13,Liverpool,Stoke,Home,5,0,0,D,0
2012-10-20,2012/13,Liverpool,Reading,Home,13,1,0,H,0
2012-10-28,2012/13,Liverpool,Everton,Away,5,2,2,D,0
2012-11-04,2012/13,Liverpool,Newcastle,Home,12,1,1,D,0
2012-11-11,2012/13,Liverpool,Chelsea,Away,5,1,1,D,0
2012-11-17,2012/13,Liverpool,Wigan,Home,11,3,0,H,0
2012-11-25,2012/13,Liverpool,Swansea,Away,14,0,0,D,0
2012-11-28,2012/13,Liverpool,Tottenham,Away,9,1,2,H,0
2012-12-01,2012/13,Liverpool,Southampton,Home,11,1,0,H,0
2012-12-09,2012/13,Liverpool,West Ham,Away,8,3,2,A,0
2012-12-15,2012/13,Liverpool,Aston Villa,Home,17,1,3,A,0
2012-12-22,2012/13,Liverpool,Fulham,Home,12,4,0,H,0
2012-12-26,2012/13,Liverpool,Stoke,Away,6,1,3,H,0
2012-12-30,2012/13,Liverpool,QPR,Away,11,3,0,A,0
2013-01-02,2012/13,Liverpool,Sunderland,Home,16,3,0,H,0
2013-01-13,2012/13,Liverpool,Man United,Away,5,1,2,H,0
2013-01-19,2012/13,Liverpool,Norwich,Home,10,5,0,H,0
2013-01-30,2012/13,Liverpool,Arsenal,Away,5,2,2,D,0
2013-02-03,2012/13,Liverpool,Man City,Away,12,2,2,D,0
2013-02-11,2012/13,Liverpool,West Brom,Home,14,0,2,A,0
2013-02-17,2012/13,Liverpool,Swansea,Home,18,5,0,H,0
2013-03-02,2012/13,Liverpool,Wigan,Away,7,4,0,A,0
2013-03-10,2012/13,Liverpool,Tottenham,Home,4,3,2,H,0
2013-03-16,2012/13,Liverpool,Southampton,Away,6,1,3,H,0
2013-03-31,2012/13,Liverpool,Aston Villa,Away,12,2,1,A,0
2013-04-07,2012/13,Liverpool,West Ham,Home,12,0,0,D,0
2013-04-13,2012/13,Liverpool,Reading,Away,15,0,0,D,0
2013-04-21,2012/13,Liverpool,Chelsea,Home,12,2,2,D,0
2013-04-27,2012/13,Liverpool,Newcastle,Away,10,6,0,A,0
2013-05-05,2012/13,Liverpool,Everton,Home,8,0,0,D,0
2013-05-12,2012/13,Liverpool,Fulham,Away,14,3,1,A,0
2013-05-19,2012/13,Liverpool,QPR,Home,20,1,0,H,0
2013-08-17,2013/14,Liverpool,Stoke,Home,11,1,0,H,0
2013-08-24,2013/14,Liverpool,Aston Villa,Away,1,1,0,A,0
2013-09-01,2013/14,Liverpool,Man United,Home,5,1,0,H,0
2013-09-16,2013/14,Liverpool,Swansea,Away,5,2,2,D,0
2013-09-21,2013/14,Liverpool,Southampton,Home,5,0,1,A,0
2013-09-29,2013/14,Liverpool,Sunderland,Away,6,3,1,A,0
2013-10-05,2013/14,Liverpool,Crystal Palace,Home,7,3,1,H,0
2013-10-19,2013/14,Liverpool,Newcastle,Away,7,2,2,D,0
2013-10-26,2013/14,Liverpool,West Brom,Home,7,4,1,H,0
2013-11-02,2013/14,Liverpool,Arsenal,Away,4,0,2,H,0
2013-11-09,2013/14,Liverpool,Fulham,Home,10,4,0,H,0
2013-11-23,2013/14,Liverpool,Everton,Away,5,3,3,D,0
2013-12-01,2013/14,Liverpool,Hull,Away,4,1,3,H,0
2013-12-04,2013/14,Liverpool,Norwich,Home,12,5,1,H,0
2013-12-07,2013/14,Liverpool,West Ham,Home,9,4,1,H,0
2013-12-15,2013/14,Liverpool,Tottenham,Away,10,5,0,A,0
2013-12-21,2013/14,Liverpool,Cardiff,Home,7,3,1,H,0
2013-12-26,2013/14,Liverpool,Man City,Away,5,1,2,H,0
2013-12-29,2013/14,Liverpool,Chelsea,Away,4,1,2,H,0
2014-01-01,2013/14,Liverpool,Hull,Home,6,2,0,H,0
2014-01-12,2013/14,Liverpool,Stoke,Away,9,5,3,A,0
2014-01-18,2013/14,Liverpool,Aston Villa,Home,6,2,2,D,0
2014-01-28,2013/14,Liverpool,Everton,Home,9,4,0,H,0
2014-02-02,2013/14,Liverpool,West Brom,Away,3,1,1,D,0
2014-02-08,2013/14,Liverpool,Arsenal,Home,12,5,1,H,0
2014-02-12,2013/14,Liverpool,Fulham,Away,7,3,2,A,0
2014-02-23,2013/14,Liverpool,Swansea,Home,10,4,3,H,0
2014-03-01,2013/14,Liverpool,Southampton,Away,5,3,0,A,0
2014-03-16,2013/14,Liverpool,Man United,Away,7,3,0,A,0
2014-03-22,2013/14,Liverpool,Cardiff,Away,9,6,3,A,0
2014-03-26,2013/14,Liverpool,Sunderland,Home,7,2,1,H,0
2014-03-30,2013/14,Liverpool,Tottenham,Home,5,4,0,H,0
2014-04-06,2013/14,Liverpool,West Ham,Away,8,2,1,A,0
2014-04-13,2013/14,Liverpool,Man City,Home,4,3,2,H,1
2014-04-20,2013/14,Liverpool,Norwich,Away,6,3,2,A,0
2014-04-27,2013/14,Liverpool,Chelsea,Home,8,0,2,A,0
2014-05-05,2013/14,Liverpool,Crystal Palace,Away,9,3,3,D,0
2014-05-11,2013/14,Liverpool,Newcastle,Home,5,2,1,H,0
2014-08-17,2014/15,Liverpool,Southampton,Home,5,2,1,H,0
2014-08-25,2014/15,Liverpool,Man City,Away,3,1,3,H,0
2014-08-31,2014/15,Liverpool,Tottenham,Away,8,3,0,A,0
2014-09-13,2014/15,Liverpool,Aston Villa,Home,1,0,1,A,0
2014-09-20,2014/15,Liverpool,West Ham,Away,5,1,3,H,0
2014-09-27,2014/15,Liverpool,Everton,Home,8,1,1,D,0
2014-10-04,2014/15,Liverpool,West Brom,Home,7,2,1,H,0
2014-10-19,2014/15,Liverpool,QPR,Away,5,3,2,A,0
2014-10-25,2014/15,Liverpool,Hull,Home,4,0,0,D,0
2014-11-01,2014/15,Liverpool,Newcastle,Away,3,0,1,H,0
2014-11-08,2014/15,Liverpool,Chelsea,Home,4,1,2,A,0
2014-11-23,2014/15,Liverpool,Crystal Palace,Away,1,1,3,H,0
2014-11-29,2014/15,Liverpool,Stoke,Home,3,1,0,H,0
2014-12-02,2014/15,Liverpool,Leicester,Away,3,3,1,A,0
2014-12-06,2014/15,Liverpool,Sunderland,Home,2,0,0,D,0
2014-12-14,2014/15,Liverpool,Man United,Away,9,0,3,H,0
2014-12-21,2014/15,Liverpool,Arsenal,Home,10,2,2,D,1
2014-12-26,2014/15,Liverpool,Burnley,Away,3,1,0,A,0
2014-12-29,2014/15,Liverpool,Swansea,Home,11,4,1,H,0
2015-01-01,2014/15,Liverpool,Leicester,Home,6,2,2,D,0
2015-01-10,2014/15,Liverpool,Sunderland,Away,4,1,0,A,0
2015-01-17,2014/15,Liverpool,Aston Villa,Away,5,2,0,A,0
2015-01-31,2014/15,Liverpool,West Ham,Home,7,2,0,H,0
2015-02-07,2014/15,Liverpool,Everton,Away,6,0,0,D,0
2015-02-10,2014/15,Liverpool,Tottenham,Home,7,3,2,H,0
2015-02-22,2014/15,Liverpool,Southampton,Away,4,2,0,A,0
2015-03-01,2014/15,Liverpool,Man City,Home,5,2,1,H,0
2015-03-04,2014/15,Liverpool,Burnley,Home,8,2,0,H,0
2015-03-16,2014/15,Liverpool,Swansea,Away,5,1,0,A,0
2015-03-22,2014/15,Liverpool,Man United,Home,1,1,2,A,1
2015-04-04,2014/15,Liverpool,Arsenal,Away,2,1,4,H,1
2015-04-13,2014/15,Liverpool,Newcastle,Home,6,2,0,H,0
2015-04-25,2014/15,Liverpool,West Brom,Away,5,0,0,D,0
2015-04-28,2014/15,Liverpool,Hull,Away,9,0,1,H,0
2015-05-02,2014/15,Liverpool,QPR,Home,8,2,1,H,0
2015-05-10,2014/15,Liverpool,Chelsea,Away,4,1,1,D,0
2015-05-16,2014/15,Liverpool,Crystal Palace,Home,3,1,3,A,0
2015-05-24,2014/15,Liverpool,Stoke,Away,4,1,6,H,0
2015-08-09,2015/16,Liverpool,Stoke,Away,3,1,0,A,0
2015-08-17,2015/16,Liverpool,Bournemouth,Home,2,1,0,H,0
2015-08-24,2015/16,Liverpool,Arsenal,Away,8,0,0,D,0
2015-08-29,2015/16,Liverpool,West Ham,Home,1,0,3,A,1
2015-09-12,2015/16,Liverpool,Man United,Away,4,1,3,H,0
2015-09-20,2015/16,Liverpool,Norwich,Home,7,1,1,D,0
2015-09-26,2015/16,Liverpool,Aston Villa,Home,12,3,2,H,0
2015-10-04,2015/16,Liverpool,Everton,Away,4,1,1,D,0
2015-10-17,2015/16,Liverpool,Tottenham,Away,3,0,0,D,0
2015-10-25,2015/16,Liverpool,Southampton,Home,2,1,1,D,0
2015-10-31,2015/16,Liverpool,Chelsea,Away,7,3,1,A,0
2015-11-08,2015/16,Liverpool,Crystal Palace,Home,4,1,2,A,0
2015-11-21,2015/16,Liverpool,Man City,Away,9,4,1,A,0
2015-11-29,2015/16,Liverpool,Swansea,Home,2,1,0,H,0
2015-12-06,2015/16,Liverpool,Newcastle,Away,1,0,2,H,0
2015-12-13,2015/16,Liverpool,West Brom,Home,8,2,2,D,0
2015-12-20,2015/16,Liverpool,Watford,Away,4,0,3,H,0
2015-12-26,2015/16,Liverpool,Leicester,Home,4,1,0,H,0
2015-12-30,2015/16,Liverpool,Sunderland,Away,6,1,0,A,0
2016-01-02,2015/16,Liverpool,West Ham,Away,2,0,2,H,0
2016-01-13,2015/16,Liverpool,Arsenal,Home,6,3,3,D,0
2016-01-17,2015/16,Liverpool,Man United,Home,4,0,1,A,0
2016-01-23,2015/16,Liverpool,Norwich,Away,7,5,4,A,0
2016-02-02,2015/16,Liverpool,Leicester,Away,2,0,2,H,0
2016-02-06,2015/16,Liverpool,Sunderland,Home,5,2,2,D,0
2016-02-14,2015/16,Liverpool,Aston Villa,Away,9,6,0,A,0
2016-03-02,2015/16,Liverpool,Man City,Home,7,3,0,H,0
2016-03-06,2015/16,Liverpool,Crystal Palace,Away,5,2,1,A,1
2016-03-20,2015/16,Liverpool,Southampton,Away,9,2,3,H,0
2016-04-02,2015/16,Liverpool,Tottenham,Home,7,1,1,D,0
2016-04-10,2015/16,Liverpool,Stoke,Home,6,4,1,H,0
2016-04-17,2015/16,Liverpool,Bournemouth,Away,6,2,1,A,0
2016-04-20,2015/16,Liverpool,Everton,Home,13,4,0,H,0
2016-04-23,2015/16,Liverpool,Newcastle,Home,4,2,2,D,0
2016-05-01,2015/16,Liverpool,Swansea,Away,3,1,3,H,1
2016-05-08,2015/16,Liverpool,Watford,Home,5,2,0,H,0
2016-05-11,2015/16,Liverpool,Chelsea,Home,9,1,1,D,0
2016-05-15,2015/16,Liverpool,West Brom,Away,3,1,1,D,0
2016-08-14,2016/17,Liverpool,Arsenal,Away,7,4,3,A,0
2016-08-20,2016/17,Liverpool,Burnley,Away,5,0,2,H,0
2016-08-27,2016/17,Liverpool,Tottenham,Away,3,1,1,D,0
2016-09-10,2016/17,Liverpool,Leicester,Home,11,4,1,H,0
2016-09-16,2016/17,Liverpool,Chelsea,Away,5,2,1,A,0
2016-09-24,2016/17,Liverpool,Hull,Home,12,5,1,H,0
2016-10-01,2016/17,Liverpool,Swansea,Away,6,2,1,A,0
2016-10-17,2016/17,Liverpool,Man United,Home,3,0,0,D,0
2016-10-22,2016/17,Liverpool,West Brom,Home,7,2,1,H,0
2016-10-29,2016/17,Liverpool,Crystal Palace,Away,10,4,2,A,0
2016-11-06,2016/17,Liverpool,Watford,Home,17,6,1,H,0
2016-11-19,2016/17,Liverpool,Southampton,Away,2,0,0,D,0
2016-11-26,2016/17,Liverpool,Sunderland,Home,7,2,0,H,0
2016-12-04,2016/17,Liverpool,Bournemouth,Away,3,3,4,H,0
2016-12-11,2016/17,Liverpool,West Ham,Home,3,2,2,D,0
2016-12-14,2016/17,Liverpool,Middlesbrough,Away,4,3,0,A,0
2016-12-19,2016/17,Liverpool,Everton,Away,4,1,0,A,0
2016-12-27,2016/17,Liverpool,Stoke,Home,6,4,1,H,0
2016-12-31,2016/17,Liverpool,Man City,Home,1,1,0,H,0
2017-01-02,2016/17,Liverpool,Sunderland,Away,15,2,2,D,0
2017-01-15,2016/17,Liverpool,Man United,Away,4,1,1,D,0
2017-01-21,2016/17,Liverpool,Swansea,Home,5,2,3,A,0
2017-01-31,2016/17,Liverpool,Chelsea,Home,3,1,1,D,0
2017-02-04,2016/17,Liverpool,Hull,Away,5,0,2,H,0
2017-02-11,2016/17,Liverpool,Tottenham,Home,9,2,0,H,0
2017-02-27,2016/17,Liverpool,Leicester,Away,7,1,3,H,0
2017-03-04,2016/17,Liverpool,Arsenal,Home,7,3,1,H,0
2017-03-12,2016/17,Liverpool,Burnley,Home,3,2,1,H,0
2017-03-19,2016/17,Liverpool,Man City,Away,4,1,1,D,0
2017-04-01,2016/17,Liverpool,Everton,Home,6,3,1,H,0
2017-04-05,2016/17,Liverpool,Bournemouth,Home,8,2,2,D,0
2017-04-08,2016/17,Liverpool,Stoke,Away,4,2,1,A,0
2017-04-16,2016/17,Liverpool,West Brom,Away,2,1,0,A,0
2017-04-23,2016/17,Liverpool,Crystal Palace,Home,1,1,2,A,0
2017-05-01,2016/17,Liverpool,Watford,Away,8,1,0,A,0
2017-05-07,2016/17,Liverpool,Southampton,Home,8,0,0,D,0
2017-05-14,2016/17,Liverpool,West Ham,Away,11,4,0,A,0
2017-05-21,2016/17,Liverpool,Middlesbrough,Home,10,3,0,H,0
2017-08-12,2017/18,Liverpool,Watford,Away,5,3,3,D,0
2017-08-19,2017/18,Liverpool,Crystal Palace,Home,13,1,0,H,0
2017-08-27,2017/18,Liverpool,Arsenal,Home,10,4,0,H,0
2017-09-09,2017/18,Liverpool,Man City,Away,3,0,5,H,1
2017-09-16,2017/18,Liverpool,Burnley,Home,9,1,1,D,0
2017-09-23,2017/18,Liverpool,Leicester,Away,6,3,2,A,0
2017-10-01,2017/18,Liverpool,Newcastle,Away,2,1,1,D,0
2017-10-14,2017/18,Liverpool,Man United,Home,5,0,0,D,0
2017-10-22,2017/18,Liverpool,Tottenham,Away,7,1,4,H,0
2017-10-28,2017/18,Liverpool,Huddersfield,Home,8,3,0,H,0
2017-11-04,2017/18,Liverpool,West Ham,Away,7,4,1,A,0
2017-11-18,2017/18,Liverpool,Southampton,Home,8,3,0,H,0
2017-11-25,2017/18,Liverpool,Chelsea,Home,4,1,1,D,0
2017-11-29,2017/18,Liverpool,Stoke,Away,7,3,0,A,0
2017-12-02,2017/18,Liverpool,Brighton,Away,6,5,1,A,0
2017-12-10,2017/18,Liverpool,Everton,Home,3,1,1,D,0
2017-12-13,2017/18,Liverpool,West Brom,Home,5,0,0,D,0
2017-12-17,2017/18,Liverpool,Bournemouth,Away,7,4,0,A,0
2017-12-22,2017/18,Liverpool,Arsenal,Away,9,3,3,D,0
2017-12-26,2017/18,Liverpool,Swansea,Home,9,5,0,H,0
2017-12-30,2017/18,Liverpool,Leicester,Home,6,2,1,H,0
2018-01-01,2017/18,Liverpool,Burnley,Away,5,2,1,A,0
2018-01-14,2017/18,Liverpool,Man City,Home,7,4,3,H,0
2018-01-22,2017/18,Liverpool,Swansea,Away,4,0,1,H,0
2018-01-30,2017/18,Liverpool,Huddersfield,Away,7,3,0,A,0
2018-02-04,2017/18,Liverpool,Tottenham,Home,3,2,2,D,0
2018-02-11,2017/18,Liverpool,Southampton,Away,4,2,0,A,0
2018-02-24,2017/18,Liverpool,West Ham,Home,12,4,1,H,0
2018-03-03,2017/18,Liverpool,Newcastle,Home,3,2,0,H,0
2018-03-10,2017/18,Liverpool,Man United,Away,2,1,2,H,0
2018-03-17,2017/18,Liverpool,Watford,Home,10,5,0,H,0
2018-03-31,2017/18,Liverpool,Crystal Palace,Away,6,2,1,A,0
2018-04-07,2017/18,Liverpool,Everton,Away,3,0,0,D,0
2018-04-14,2017/18,Liverpool,Bournemouth,Home,7,3,0,H,0
2018-04-21,2017/18,Liverpool,West Brom,Away,3,2,2,D,0
2018-04-28,2017/18,Liverpool,Stoke,Home,2,0,0,D,0
2018-05-06,2017/18,Liverpool,Chelsea,Away,5,0,1,H,0
2018-05-13,2017/18,Liverpool,Brighton,Home,11,4,0,H,0
2018-08-12,2018/19,Liverpool,West Ham,Home,8,4,0,H,0
2018-08-20,2018/19,Liverpool,Crystal Palace,Away,6,2,0,A,0
2018-08-25,2018/19,Liverpool,Brighton,Home,8,1,0,H,0
2018-09-01,2018/19,Liverpool,Leicester,Away,4,2,1,A,0
2018-09-15,2018/19,Liverpool,Tottenham,Away,10,2,1,A,0
2018-09-22,2018/19,Liverpool,Southampton,Home,4,3,0,H,0
2018-09-29,2018/19,Liverpool,Chelsea,Away,6,1,1,D,0
2018-10-07,2018/19,Liverpool,Man City,Home,2,0,0,D,0
2018-10-20,2018/19,Liverpool,Huddersfield,Away,2,1,0,A,0
2018-10-27,2018/19,Liverpool,Cardiff,Home,7,4,1,H,0
2018-11-03,2018/19,Liverpool,Arsenal,Away,4,1,1,D,0
2018-11-11,2018/19,Liverpool,Fulham,Home,7,2,0,H,0
2018-11-24,2018/19,Liverpool,Watford,Away,7,3,0,A,1
2018-12-02,2018/19,Liverpool,Everton,Home,3,1,0,H,0
2018-12-05,2018/19,Liverpool,Burnley,Away,12,3,1,A,0
2018-12-08,2018/19,Liverpool,Bournemouth,Away,4,4,0,A,0
2018-12-16,2018/19,Liverpool,Man United,Home,11,3,1,H,0
2018-12-21,2018/19,Liverpool,Wolves,Away,6,2,0,A,0
2018-12-26,2018/19,Liverpool,Newcastle,Home,8,4,0,H,0
2018-12-29,2018/19,Liverpool,Arsenal,Home,10,5,1,H,0
2019-01-03,2018/19,Liverpool,Man City,Away,5,1,2,H,0
2019-01-12,2018/19,Liverpool,Brighton,Away,3,1,0,A,0
2019-01-19,2018/19,Liverpool,Crystal Palace,Home,9,4,3,H,1
2019-01-30,2018/19,Liverpool,Leicester,Home,3,1,1,D,0
2019-02-04,2018/19,Liverpool,West Ham,Away,6,1,1,D,0
2019-02-09,2018/19,Liverpool,Bournemouth,Home,9,3,0,H,0
2019-02-24,2018/19,Liverpool,Man United,Away,1,0,0,D,0
2019-02-27,2018/19,Liverpool,Watford,Home,10,5,0,H,0
2019-03-03,2018/19,Liverpool,Everton,Away,3,0,0,D,0
2019-03-10,2018/19,Liverpool,Burnley,Home,5,4,2,H,0
2019-03-17,2018/19,Liverpool,Fulham,Away,6,2,1,A,0
2019-03-31,2018/19,Liverpool,Tottenham,Home,3,2,1,H,0
2019-04-05,2018/19,Liverpool,Southampton,Away,5,3,1,A,0
2019-04-14,2018/19,Liverpool,Chelsea,Home,7,2,0,H,0
2019-04-21,2018/19,Liverpool,Cardiff,Away,6,2,0,A,0
2019-04-26,2018/19,Liverpool,Huddersfield,Home,7,5,0,H,0
2019-05-04,2018/19,Liverpool,Newcastle,Away,4,3,2,A,0
2019-05-12,2018/19,Liverpool,Wolves,Home,5,2,0,H,0
2019-08-09,2019/20,Liverpool,Norwich,Home,7,4,1,H,0
2019-08-17,2019/20,Liverpool,Southampton,Away,6,2,1,A,0
2019-08-24,2019/20,Liverpool,Arsenal,Home,5,3,1,H,0
2019-08-31,2019/20,Liverpool,Burnley,Away,7,3,0,A,0
2019-09-14,2019/20,Liverpool,Newcastle,Home,9,3,1,H,0
2019-09-22,2019/20,Liverpool,Chelsea,Away,3,2,1,A,0
2019-09-28,2019/20,Liverpool,Sheffield United,Away,4,1,0,A,0
2019-10-05,2019/20,Liverpool,Leicester,Home,8,2,1,H,0
2019-10-20,2019/20,Liverpool,Man United,Away,4,1,1,D,0
2019-10-27,2019/20,Liverpool,Tottenham,Home,13,2,1,H,0
2019-11-02,2019/20,Liverpool,Aston Villa,Away,6,2,1,A,0
2019-11-10,2019/20,Liverpool,Man City,Home,5,3,1,H,0
2019-11-23,2019/20,Liverpool,Crystal Palace,Away,4,2,1,A,0
2019-11-30,2019/20,Liverpool,Brighton,Home,7,2,1,H,1
2019-12-04,2019/20,Liverpool,Everton,Home,5,5,2,H,0
2019-12-07,2019/20,Liverpool,Bournemouth,Away,9,3,0,A,0
2019-12-14,2019/20,Liverpool,Watford,Home,6,2,0,H,0
2019-12-26,2019/20,Liverpool,Leicester,Away,6,4,0,A,0
2019-12-29,2019/20,Liverpool,Wolves,Home,3,1,0,H,0
2020-01-02,2019/20,Liverpool,Sheffield United,Home,7,2,0,H,0
2020-01-11,2019/20,Liverpool,Tottenham,Away,7,1,0,A,0
2020-01-19,2019/20,Liverpool,Man United,Home,5,2,0,H,0
2020-01-23,2019/20,Liverpool,Wolves,Away,6,2,1,A,0
2020-01-29,2019/20,Liverpool,West Ham,Away,5,2,0,A,0
2020-02-01,2019/20,Liverpool,Southampton,Home,9,4,0,H,0
2020-02-15,2019/20,Liverpool,Norwich,Away,6,1,0,A,0
2020-02-24,2019/20,Liverpool,West Ham,Home,7,3,2,H,0
2020-02-29,2019/20,Liverpool,Watford,Away,1,0,3,H,0
2020-03-07,2019/20,Liverpool,Bournemouth,Home,6,2,1,H,0
2020-06-21,2019/20,Liverpool,Everton,Away,3,0,0,D,0
2020-06-24,2019/20,Liverpool,Crystal Palace,Home,7,4,0,H,0
2020-07-02,2019/20,Liverpool,Man City,Away,3,0,4,H,0
2020-07-05,2019/20,Liverpool,Aston Villa,Home,4,2,0,H,0
2020-07-08,2019/20,Liverpool,Brighton,Away,8,3,1,A,0
2020-07-11,2019/20,Liverpool,Burnley,Home,9,1,1,D,0
2020-07-15,2019/20,Liverpool,Arsenal,Away,8,1,2,H,0
2020-07-22,2019/20,Liverpool,Chelsea,Home,7,5,3,H,0
2020-07-26,2019/20,Liverpool,Newcastle,Away,6,3,1,A,0
2020-09-12,2020/21,Liverpool,Leeds,Home,6,4,3,H,0
2020-09-20,2020/21,Liverpool,Chelsea,Away,6,2,0,A,0
2020-09-28,2020/21,Liverpool,Arsenal,Home,8,3,1,H,0
2020-10-04,2020/21,Liverpool,Aston Villa,Away,8,2,7,H,0
2020-10-17,2020/21,Liverpool,Everton,Away,8,2,2,D,0
2020-10-24,2020/21,Liverpool,Sheffield United,Home,5,2,1,H,0
2020-10-31,2020/21,Liverpool,West Ham,Home,5,2,1,H,0
2020-11-08,2020/21,Liverpool,Man City,Away,3,1,1,D,0
2020-11-22,2020/21,Liverpool,Leicester,Home,13,3,0,H,0
2020-11-28,2020/21,Liverpool,Brighton,Away,2,1,1,D,0
2020-12-06,2020/21,Liverpool,Wolves,Home,6,4,0,H,0
2020-12-13,2020/21,Liverpool,Fulham,Away,6,1,1,D,0
2020-12-16,2020/21,Liverpool,Tottenham,Home,11,2,1,H,0
2020-12-19,2020/21,Liverpool,Crystal Palace,Away,8,7,0,A,0
2020-12-27,2020/21,Liverpool,West Brom,Home,2,1,1,D,0
2020-12-30,2020/21,Liverpool,Newcastle,Away,4,0,0,D,0
2021-01-04,2020/21,Liverpool,Southampton,Away,1,0,1,H,0
2021-01-17,2020/21,Liverpool,Man United,Home,3,0,0,D,0
2021-01-21,2020/21,Liverpool,Burnley,Home,6,0,1,A,0
2021-01-28,2020/21,Liverpool,Tottenham,Away,7,3,1,A,0
2021-01-31,2020/21,Liverpool,West Ham,Away,5,3,1,A,0
2021-02-03,2020/21,Liverpool,Brighton,Home,1,0,1,A,0
2021-02-07,2020/21,Liverpool,Man City,Home,3,1,4,A,0
2021-02-13,2020/21,Liverpool,Leicester,Away,4,1,3,H,0
2021-02-20,2020/21,Liverpool,Everton,Home,6,0,2,A,0
2021-02-28,2020/21,Liverpool,Sheffield United,Away,8,2,0,A,0
2021-03-04,2020/21,Liverpool,Chelsea,Home,1,0,1,A,0
2021-03-07,2020/21,Liverpool,Fulham,Home,3,0,1,A,0
2021-03-15,2020/21,Liverpool,Wolves,Away,4,1,0,A,0
2021-04-03,2020/21,Liverpool,Arsenal,Away,7,3,0,A,0
2021-04-10,2020/21,Liverpool,Aston Villa,Home,10,2,1,H,0
2021-04-19,2020/21,Liverpool,Leeds,Away,7,1,1,D,0
2021-04-24,2020/21,Liverpool,Newcastle,Home,9,1,1,D,0
2021-05-08,2020/21,Liverpool,Southampton,Home,6,2,0,H,0
2021-05-13,2020/21,Liverpool,Man United,Away,8,4,2,A,0
2021-05-16,2020/21,Liverpool,West Brom,Away,6,2,1,A,0
2021-05-19,2020/21,Liverpool,Burnley,Away,3,3,0,A,0
2021-05-23,2020/21,Liverpool,Crystal Palace,Home,5,2,0,H,0
2021-08-14,2021/22,Liverpool,Norwich,Away,8,3,0,A,0
2021-08-21,2021/22,Liverpool,Burnley,Home,9,2,0,H,0
2021-08-28,2021/22,Liverpool,Chelsea,Home,7,1,1,D,0
2021-09-12,2021/22,Liverpool,Leeds,Away,9,3,0,A,0
2021-09-18,2021/22,Liverpool,Crystal Palace,Home,10,3,0,H,0
2021-09-25,2021/22,Liverpool,Brentford,Away,6,3,3,D,0
2021-10-03,2021/22,Liverpool,Man City,Home,4,2,2,D,0
2021-10-16,2021/22,Liverpool,Watford,Away,8,5,0,A,0
2021-10-24,2021/22,Liverpool,Man United,Away,8,5,0,A,0
2021-10-30,2021/22,Liverpool,Brighton,Home,3,2,2,D,0
2021-11-07,2021/22,Liverpool,West Ham,Away,5,2,3,H,0
2021-11-20,2021/22,Liverpool,Arsenal,Home,9,4,0,H,0
2021-11-27,2021/22,Liverpool,Southampton,Home,6,4,0,H,0
2021-12-01,2021/22,Liverpool,Everton,Away,7,4,1,A,0
2021-12-04,2021/22,Liverpool,Wolves,Away,5,1,0,A,0
2021-12-11,2021/22,Liverpool,Aston Villa,Home,5,1,0,H,0
2021-12-16,2021/22,Liverpool,Newcastle,Home,8,3,1,H,0
2021-12-19,2021/22,Liverpool,Tottenham,Away,6,2,2,D,1
2021-12-28,2021/22,Liverpool,Leicester,Away,4,0,1,H,0
2022-01-02,2021/22,Liverpool,Chelsea,Away,6,2,2,D,0
2022-01-16,2021/22,Liverpool,Brentford,Home,13,3,0,H,0
2022-01-23,2021/22,Liverpool,Crystal Palace,Away,7,3,1,A,0
2022-02-10,2021/22,Liverpool,Leicester,Home,11,2,0,H,0
2022-02-13,2021/22,Liverpool,Burnley,Away,4,1,0,A,0
2022-02-19,2021/22,Liverpool,Norwich,Home,8,3,1,H,0
2022-02-23,2021/22,Liverpool,Leeds,Home,15,6,0,H,0
2022-03-05,2021/22,Liverpool,West Ham,Home,5,1,0,H,0
2022-03-12,2021/22,Liverpool,Brighton,Away,9,2,0,A,0
2022-03-16,2021/22,Liverpool,Arsenal,Away,3,2,0,A,0
2022-04-02,2021/22,Liverpool,Watford,Home,3,2,0,H,0
2022-04-10,2021/22,Liverpool,Man City,Away,4,2,2,D,0
2022-04-19,2021/22,Liverpool,Man United,Home,5,4,0,H,0
2022-04-24,2021/22,Liverpool,Everton,Home,4,2,0,H,0
2022-04-30,2021/22,Liverpool,Newcastle,Away,10,1,0,A,0
2022-05-07,2021/22,Liverpool,Tottenham,Home,3,1,1,D,0
2022-05-10,2021/22,Liverpool,Aston Villa,Away,6,2,1,A,0
2022-05-17,2021/22,Liverpool,Southampton,Away,5,2,1,A,0
2022-05-22,2021/22,Liverpool,Wolves,Home,8,3,1,H,0
2022-08-06,2022/23,Liverpool,Fulham,Away,4,2,2,D,0
2022-08-15,2022/23,Liverpool,Crystal Palace,Home,4,1,1,D,1
2022-08-22,2022/23,Liverpool,Man United,Away,5,1,2,H,0
2022-08-27,2022/23,Liverpool,Bournemouth,Home,12,9,0,H,0
2022-08-31,2022/23,Liverpool,Newcastle,Home,6,2,1,H,0
2022-09-03,2022/23,Liverpool,Everton,Away,8,0,0,D,0
2022-10-01,2022/23,Liverpool,Brighton,Home,7,3,3,D,0
2022-10-09,2022/23,Liverpool,Arsenal,Away,3,2,3,H,0
2022-10-16,2022/23,Liverpool,Man City,Home,2,1,0,H,0
2022-10-19,2022/23,Liverpool,West Ham,Home,7,1,0,H,0
2022-10-22,2022/23,Liverpool,Nott'm Forest,Away,7,0,1,H,0
2022-10-29,2022/23,Liverpool,Leeds,Home,10,1,2,A,0
2022-11-06,2022/23,Liverpool,Tottenham,Away,6,2,1,A,0
2022-11-12,2022/23,Liverpool,Southampton,Home,7,3,1,H,0
2022-12-26,2022/23,Liverpool,Aston Villa,Away,9,3,1,A,0
2022-12-30,2022/23,Liverpool,Leicester,Home,5,2,1,H,0
2023-01-02,2022/23,Liverpool,Brentford,Away,6,1,3,H,0
2023-01-14,2022/23,Liverpool,Brighton,Away,2,0,3,H,0
2023-01-21,2022/23,Liverpool,Chelsea,Home,3,0,0,D,0
2023-02-04,2022/23,Liverpool,Wolves,Away,4,0,3,H,0
2023-02-13,2022/23,Liverpool,Everton,Home,6,2,0,H,0
2023-02-18,2022/23,Liverpool,Newcastle,Away,7,2,0,A,0
2023-02-25,2022/23,Liverpool,Crystal Palace,Away,4,0,0,D,0
2023-03-01,2022/23,Liverpool,Wolves,Home,6,2,0,H,0
2023-03-05,2022/23,Liverpool,Man United,Home,8,7,0,H,0
2023-03-11,2022/23,Liverpool,Bournemouth,Away,6,0,1,H,0
2023-04-01,2022/23,Liverpool,Man City,Away,1,1,4,H,0
2023-04-04,2022/23,Liverpool,Chelsea,Away,4,0,0,D,0
2023-04-09,2022/23,Liverpool,Arsenal,Home,6,2,2,D,0
2023-04-17,2022/23,Liverpool,Leeds,Away,7,6,1,A,0
2023-04-22,2022/23,Liverpool,Nott'm Forest,Home,6,3,2,H,0
2023-04-26,2022/23,Liverpool,West Ham,Away,4,2,1,A,0
2023-04-30,2022/23,Liverpool,Tottenham,Home,4,4,3,H,0
2023-05-03,2022/23,Liverpool,Fulham,Home,3,1,0,H,0
2023-05-06,2022/23,Liverpool,Brentford,Home,5,1,0,H,0
2023-05-15,2022/23,Liverpool,Leicester,Away,5,3,0,A,0
2023-05-20,2022/23,Liverpool,Aston Villa,Home,5,1,1,D,0
2023-05-28,2022/23,Liverpool,Southampton,Away,8,4,4,D,0
2023-08-13,2023/24,Liverpool,Chelsea,Away,1,1,1,D,0
2023-08-19,2023/24,Liverpool,Bournemouth,Home,10,3,1,H,1
2023-08-27,2023/24,Liverpool,Newcastle,Away,4,2,1,A,1
2023-09-03,2023/24,Liverpool,Aston Villa,Home,4,3,0,H,0
2023-09-16,2023/24,Liverpool,Wolves,Away,6,3,1,A,0
2023-09-24,2023/24,Liverpool,West Ham,Home,7,3,1,H,0
2023-09-30,2023/24,Liverpool,Tottenham,Away,4,1,2,H,2
2023-10-08,2023/24,Liverpool,Brighton,Away,4,2,2,D,0
2023-10-21,2023/24,Liverpool,Everton,Home,6,2,0,H,0
2023-10-29,2023/24,Liverpool,Nott'm Forest,Home,8,3,0,H,0
2023-11-05,2023/24,Liverpool,Luton,Away,6,1,1,D,0
2023-11-12,2023/24,Liverpool,Brentford,Home,10,3,0,H,0
2023-11-25,2023/24,Liverpool,Man City,Away,3,1,1,D,0
2023-12-03,2023/24,Liverpool,Fulham,Home,12,4,3,H,0
2023-12-06,2023/24,Liverpool,Sheffield United,Away,8,2,0,A,0
2023-12-09,2023/24,Liverpool,Crystal Palace,Away,2,2,1,A,0
2023-12-17,2023/24,Liverpool,Man United,Home,8,0,0,D,0
2023-12-23,2023/24,Liverpool,Arsenal,Home,3,1,1,D,0
2023-12-26,2023/24,Liverpool,Burnley,Away,10,2,0,A,0
2024-01-01,2023/24,Liverpool,Newcastle,Home,15,4,2,H,0
2024-01-21,2023/24,Liverpool,Bournemouth,Away,7,4,0,A,0
2024-01-31,2023/24,Liverpool,Chelsea,Home,13,4,1,H,0
2024-02-04,2023/24,Liverpool,Arsenal,Away,1,1,3,H,1
2024-02-10,2023/24,Liverpool,Burnley,Home,10,3,1,H,0
2024-02-17,2023/24,Liverpool,Brentford,Away,8,4,1,A,0
2024-02-21,2023/24,Liverpool,Luton,Home,13,4,1,H,0
2024-03-02,2023/24,Liverpool,Nott'm Forest,Away,2,1,0,A,0
2024-03-10,2023/24,Liverpool,Man City,Home,6,1,1,D,0
2024-03-31,2023/24,Liverpool,Brighton,Home,8,2,1,H,0
2024-04-04,2023/24,Liverpool,Sheffield United,Home,9,3,1,H,0
2024-04-07,2023/24,Liverpool,Man United,Away,7,2,2,D,0
2024-04-14,2023/24,Liverpool,Crystal Palace,Home,6,0,1,A,0
2024-04-21,2023/24,Liverpool,Fulham,Away,7,3,1,A,0
2024-04-24,2023/24,Liverpool,Everton,Away,7,0,2,H,0
2024-04-27,2023/24,Liverpool,West Ham,Away,8,2,2,D,0
2024-05-05,2023/24,Liverpool,Tottenham,Home,13,4,2,H,0
2024-05-13,2023/24,Liverpool,Aston Villa,Away,7,3,3,D,0
2024-05-19,2023/24,Liverpool,Wolves,Home,14,2,0,H,0
2024-08-17,2024/25,Liverpool,Ipswich,Away,5,2,0,A,0
2024-08-25,2024/25,Liverpool,Brentford,Home,8,2,0,H,0
2024-09-01,2024/25,Liverpool,Man United,Away,3,3,0,A,0
2024-09-14,2024/25,Liverpool,Nott'm Forest,Home,5,0,1,A,0
2024-09-21,2024/25,Liverpool,Bournemouth,Home,13,3,0,H,0
2024-09-28,2024/25,Liverpool,Wolves,Away,6,2,1,A,0
2024-10-05,2024/25,Liverpool,Crystal Palace,Away,4,1,0,A,0
2024-10-20,2024/25,Liverpool,Chelsea,Home,5,2,1,H,0
2024-10-27,2024/25,Liverpool,Arsenal,Away,4,2,2,D,0
2024-11-02,2024/25,Liverpool,Brighton,Home,8,2,1,H,0
2024-11-09,2024/25,Liverpool,Aston Villa,Home,5,2,0,H,0
2024-11-24,2024/25,Liverpool,Southampton,Away,11,3,2,A,0
2024-12-01,2024/25,Liverpool,Man City,Home,7,2,0,H,0
2024-12-04,2024/25,Liverpool,Newcastle,Away,5,3,3,D,0
2024-12-14,2024/25,Liverpool,Fulham,Home,4,2,2,D,1
2024-12-22,2024/25,Liverpool,Tottenham,Away,12,6,3,A,0
2024-12-26,2024/25,Liverpool,Leicester,Home,7,3,1,H,0
2024-12-29,2024/25,Liverpool,West Ham,Away,13,5,0,A,0
2025-01-05,2024/25,Liverpool,Man United,Home,6,2,2,D,0
2025-01-14,2024/25,Liverpool,Nott'm Forest,Away,7,1,1,D,0
2025-01-18,2024/25,Liverpool,Brentford,Away,8,2,0,A,0
2025-01-25,2024/25,Liverpool,Ipswich,Home,6,4,1,H,0
2025-02-01,2024/25,Liverpool,Bournemouth,Away,7,2,0,A,0
2025-02-12,2024/25,Liverpool,Everton,Away,4,2,2,D,1
2025-02-16,2024/25,Liverpool,Wolves,Home,3,2,1,H,0
2025-02-19,2024/25,Liverpool,Aston Villa,Away,3,2,2,D,0
2025-02-23,2024/25,Liverpool,Man City,Away,4,2,0,A,0
2025-02-26,2024/25,Liverpool,Newcastle,Home,3,2,0,H,0
2025-03-08,2024/25,Liverpool,Southampton,Home,7,3,1,H,0
2025-04-02,2024/25,Liverpool,Everton,Home,3,1,0,H,0
2025-04-06,2024/25,Liverpool,Fulham,Away,6,2,3,H,0
2025-04-13,2024/25,Liverpool,West Ham,Home,6,2,1,H,0
2025-04-20,2024/25,Liverpool,Leicester,Away,10,1,0,A,0
2025-04-27,2024/25,Liverpool,Tottenham,Home,8,5,1,H,0
2025-05-04,2024/25,Liverpool,Chelsea,Away,2,1,3,H,0
2023-08-12,2023/24,Luton,Brighton,Away,3,1,4,H,0
2023-08-25,2023/24,Luton,Chelsea,Away,1,0,3,H,0
2023-09-01,2023/24,Luton,West Ham,Home,1,1,2,A,0
2023-09-16,2023/24,Luton,Fulham,Away,2,0,1,H,0
2023-09-23,2023/24,Luton,Wolves,Home,4,1,1,D,0
2023-09-30,2023/24,Luton,Everton,Away,2,2,1,A,0
2023-10-03,2023/24,Luton,Burnley,Home,3,1,2,A,0
2023-10-07,2023/24,Luton,Tottenham,Home,2,0,1,A,0
2023-10-21,2023/24,Luton,Nott'm Forest,Away,4,2,2,D,0
2023-10-29,2023/24,Luton,Aston Villa,Away,1,1,3,H,0
2023-11-05,2023/24,Luton,Liverpool,Home,5,1,1,D,0
2023-11-11,2023/24,Luton,Man United,Away,4,0,1,H,0
2023-11-25,2023/24,Luton,Crystal Palace,Home,3,2,1,H,0
2023-12-02,2023/24,Luton,Brentford,Away,1,1,3,H,0
2023-12-05,2023/24,Luton,Arsenal,Home,4,3,4,A,0
2023-12-10,2023/24,Luton,Man City,Home,2,1,2,A,0
2023-12-23,2023/24,Luton,Newcastle,Home,5,1,0,H,0
2023-12-26,2023/24,Luton,Sheffield United,Away,4,3,2,A,0
2023-12-30,2023/24,Luton,Chelsea,Home,6,2,3,A,0
2024-01-12,2023/24,Luton,Burnley,Away,5,1,1,D,0
2024-01-30,2023/24,Luton,Brighton,Home,8,4,0,H,0
2024-02-03,2023/24,Luton,Newcastle,Away,8,4,4,D,0
2024-02-10,2023/24,Luton,Sheffield United,Home,5,1,3,A,0
2024-02-18,2023/24,Luton,Man United,Home,4,1,2,A,0
2024-02-21,2023/24,Luton,Liverpool,Away,3,1,4,H,0
2024-03-02,2023/24,Luton,Aston Villa,Home,5,2,3,A,0
2024-03-09,2023/24,Luton,Crystal Palace,Away,2,1,1,D,0
2024-03-13,2023/24,Luton,Bournemouth,Away,4,3,4,H,0
2024-03-16,2023/24,Luton,Nott'm Forest,Home,4,1,1,D,0
2024-03-30,2023/24,Luton,Tottenham,Away,3,1,2,H,0
2024-04-03,2023/24,Luton,Arsenal,Away,1,0,2,H,0
2024-04-06,2023/24,Luton,Bournemouth,Home,9,2,1,H,0
2024-04-13,2023/24,Luton,Man City,Away,2,1,5,H,0
2024-04-20,2023/24,Luton,Brentford,Home,3,1,5,A,0
2024-04-27,2023/24,Luton,Wolves,Away,6,1,2,H,0
2024-05-03,2023/24,Luton,Everton,Home,5,1,1,D,0
2024-05-11,2023/24,Luton,West Ham,Away,1,1,3,H,0
2024-05-19,2023/24,Luton,Fulham,Home,6,2,4,A,0
2000-08-19,2000/01,Man City,Charlton,Away,4,0,4,H,0
2000-08-23,2000/01,Man City,Sunderland,Home,10,4,2,H,0
2000-08-26,2000/01,Man City,Coventry,Home,5,1,2,A,0
2000-09-05,2000/01,Man City,Leeds,Away,3,2,1,A,0
2000-09-09,2000/01,Man City,Liverpool,Away,7,2,3,H,0
2000-09-17,2000/01,Man City,Middlesbrough,Home,4,1,1,D,0
2000-09-23,2000/01,Man City,Tottenham,Away,2,0,0,D,0
2000-09-30,2000/01,Man City,Newcastle,Home,7,0,1,A,0
2000-10-14,2000/01,Man City,Bradford,Home,10,2,0,H,0
2000-10-23,2000/01,Man City,Southampton,Away,4,2,0,A,0
2000-10-28,2000/01,Man City,Arsenal,Away,2,0,5,H,1
2000-11-04,2000/01,Man City,Leicester,Home,3,0,1,A,0
2000-11-11,2000/01,Man City,West Ham,Away,5,1,4,H,0
2000-11-18,2000/01,Man City,Man United,Home,4,0,1,A,0
2000-11-25,2000/01,Man City,Ipswich,Home,4,2,3,A,0
2000-12-03,2000/01,Man City,Chelsea,Away,5,1,2,H,0
2000-12-09,2000/01,Man City,Everton,Home,9,5,0,H,0
2000-12-16,2000/01,Man City,Aston Villa,Away,4,2,2,D,0
2000-12-23,2000/01,Man City,Sunderland,Away,3,0,1,H,0
2000-12-26,2000/01,Man City,Derby,Home,7,0,0,D,0
2000-12-30,2000/01,Man City,Charlton,Home,1,1,4,A,0
2001-01-01,2000/01,Man City,Coventry,Away,5,1,1,D,0
2001-01-13,2000/01,Man City,Leeds,Home,3,0,4,A,0
2001-01-20,2000/01,Man City,Derby,Away,4,1,1,D,0
2001-01-31,2000/01,Man City,Liverpool,Home,2,1,1,D,0
2001-02-03,2000/01,Man City,Middlesbrough,Away,3,1,1,D,0
2001-02-10,2000/01,Man City,Tottenham,Home,4,0,1,A,0
2001-02-24,2000/01,Man City,Newcastle,Away,3,1,0,A,0
2001-03-03,2000/01,Man City,Southampton,Home,7,0,1,A,0
2001-03-17,2000/01,Man City,Bradford,Away,3,2,2,D,0
2001-03-31,2000/01,Man City,Aston Villa,Home,6,1,3,A,1
2001-04-08,2000/01,Man City,Everton,Away,5,1,3,H,1
2001-04-11,2000/01,Man City,Arsenal,Home,2,0,4,A,0
2001-04-14,2000/01,Man City,Leicester,Away,3,2,1,A,0
2001-04-21,2000/01,Man City,Man United,Away,4,1,1,D,0
2001-04-28,2000/01,Man City,West Ham,Home,9,1,0,H,0
2001-05-07,2000/01,Man City,Ipswich,Away,7,1,2,H,0
2001-05-19,2000/01,Man City,Chelsea,Home,1,1,2,A,0
2002-08-17,2002/03,Man City,Leeds,Away,10,0,3,H,0
2002-08-24,2002/03,Man City,Newcastle,Home,12,1,0,H,0
2002-08-28,2002/03,Man City,Aston Villa,Away,1,0,1,H,0
2002-08-31,2002/03,Man City,Everton,Home,6,3,1,H,1
2002-09-10,2002/03,Man City,Arsenal,Away,4,1,2,H,1
2002-09-15,2002/03,Man City,Blackburn,Home,7,2,2,D,1
2002-09-21,2002/03,Man City,West Ham,Away,6,0,0,D,0
2002-09-28,2002/03,Man City,Liverpool,Home,6,0,3,A,0
2002-10-05,2002/03,Man City,Southampton,Away,4,0,2,H,0
2002-10-19,2002/03,Man City,Chelsea,Home,8,0,3,A,0
2002-10-26,2002/03,Man City,Birmingham,Away,4,2,0,A,0
2002-11-02,2002/03,Man City,West Brom,Away,4,2,1,A,0
2002-11-09,2002/03,Man City,Man United,Home,6,3,1,H,0
2002-11-16,2002/03,Man City,Charlton,Home,4,0,1,A,0
2002-11-23,2002/03,Man City,Middlesbrough,Away,5,1,3,H,1
2002-11-30,2002/03,Man City,Bolton,Home,10,2,0,H,0
2002-12-09,2002/03,Man City,Sunderland,Away,7,3,0,A,0
2002-12-14,2002/03,Man City,Charlton,Away,9,2,2,D,0
2002-12-23,2002/03,Man City,Tottenham,Home,18,2,3,A,0
2002-12-26,2002/03,Man City,Aston Villa,Home,10,3,1,H,0
2002-12-28,2002/03,Man City,Fulham,Away,8,1,0,A,0
2003-01-01,2002/03,Man City,Everton,Away,2,2,2,D,0
2003-01-11,2002/03,Man City,Leeds,Home,5,2,1,H,0
2003-01-18,2002/03,Man City,Newcastle,Away,2,0,2,H,0
2003-01-29,2002/03,Man City,Fulham,Home,4,4,1,H,0
2003-02-01,2002/03,Man City,West Brom,Home,7,1,2,A,0
2003-02-09,2002/03,Man City,Man United,Away,6,1,1,D,0
2003-02-22,2002/03,Man City,Arsenal,Home,12,1,5,A,0
2003-03-01,2002/03,Man City,Blackburn,Away,6,0,1,H,0
2003-03-16,2002/03,Man City,Birmingham,Home,9,1,0,H,1
2003-03-22,2002/03,Man City,Chelsea,Away,4,0,5,H,1
2003-04-05,2002/03,Man City,Bolton,Away,2,0,2,H,0
2003-04-12,2002/03,Man City,Middlesbrough,Home,6,0,0,D,0
2003-04-18,2002/03,Man City,Tottenham,Away,6,2,0,A,0
2003-04-21,2002/03,Man City,Sunderland,Home,8,3,0,H,0
2003-04-27,2002/03,Man City,West Ham,Home,5,0,1,A,0
2003-05-03,2002/03,Man City,Liverpool,Away,3,2,1,A,0
2003-05-11,2002/03,Man City,Southampton,Home,7,0,1,A,0
2003-08-17,2003/04,Man City,Charlton,Away,8,3,0,A,0
2003-08-23,2003/04,Man City,Portsmouth,Home,11,1,1,D,0
2003-08-25,2003/04,Man City,Blackburn,Away,5,3,2,A,0
2003-08-31,2003/04,Man City,Arsenal,Home,7,1,2,A,0
2003-09-14,2003/04,Man City,Aston Villa,Home,9,4,1,H,0
2003-09-20,2003/04,Man City,Fulham,Away,6,2,2,D,0
2003-09-28,2003/04,Man City,Tottenham,Home,10,0,0,D,0
2003-10-04,2003/04,Man City,Wolves,Away,5,0,1,H,0
2003-10-18,2003/04,Man City,Bolton,Home,13,6,2,H,1
2003-10-25,2003/04,Man City,Chelsea,Away,6,0,1,H,0
2003-11-01,2003/04,Man City,Southampton,Away,9,2,0,A,0
2003-11-09,2003/04,Man City,Leicester,Home,4,0,3,A,0
2003-11-22,2003/04,Man City,Newcastle,Away,1,0,3,H,0
2003-11-30,2003/04,Man City,Middlesbrough,Home,14,0,1,A,0
2003-12-07,2003/04,Man City,Everton,Away,7,0,0,D,0
2003-12-13,2003/04,Man City,Man United,Away,9,1,3,H,0
2003-12-22,2003/04,Man City,Leeds,Home,11,1,1,D,0
2003-12-26,2003/04,Man City,Birmingham,Away,5,1,2,H,0
2003-12-28,2003/04,Man City,Liverpool,Home,8,2,2,D,0
2004-01-07,2003/04,Man City,Charlton,Home,10,1,1,D,0
2004-01-10,2003/04,Man City,Portsmouth,Away,6,2,4,H,0
2004-01-17,2003/04,Man City,Blackburn,Home,7,1,1,D,0
2004-02-01,2003/04,Man City,Arsenal,Away,8,1,2,H,1
2004-02-08,2003/04,Man City,Birmingham,Home,12,0,0,D,0
2004-02-11,2003/04,Man City,Liverpool,Away,3,1,2,H,0
2004-02-21,2003/04,Man City,Bolton,Away,13,3,1,A,0
2004-02-28,2003/04,Man City,Chelsea,Home,4,0,1,A,0
2004-03-14,2003/04,Man City,Man United,Home,11,4,1,H,0
2004-03-22,2003/04,Man City,Leeds,Away,14,1,2,H,1
2004-03-27,2003/04,Man City,Fulham,Home,4,0,0,D,0
2004-04-24,2003/04,Man City,Leicester,Away,5,1,1,D,0
2004-05-01,2003/04,Man City,Newcastle,Home,3,1,0,H,0
2004-05-08,2003/04,Man City,Middlesbrough,Away,6,1,2,H,0
2004-08-14,2004/05,Man City,Fulham,Home,5,1,1,D,0
2004-08-21,2004/05,Man City,Liverpool,Away,4,1,2,H,1
2004-08-24,2004/05,Man City,Birmingham,Away,1,0,1,H,0
2004-08-28,2004/05,Man City,Charlton,Home,10,4,0,H,0
2004-09-11,2004/05,Man City,Everton,Home,4,0,1,A,0
2004-09-18,2004/05,Man City,Crystal Palace,Away,10,2,1,A,0
2004-09-25,2004/05,Man City,Arsenal,Home,7,0,1,A,0
2004-10-02,2004/05,Man City,Southampton,Away,11,0,0,D,0
2004-10-16,2004/05,Man City,Chelsea,Home,1,1,0,H,0
2004-10-24,2004/05,Man City,Newcastle,Away,6,3,4,H,0
2004-11-01,2004/05,Man City,Norwich,Home,11,1,1,D,0
2004-11-07,2004/05,Man City,Man United,Away,1,0,0,D,0
2004-11-13,2004/05,Man City,Blackburn,Home,7,1,1,D,1
2004-11-20,2004/05,Man City,Portsmouth,Away,13,3,1,A,0
2004-11-27,2004/05,Man City,Aston Villa,Home,6,2,0,H,0
2004-12-06,2004/05,Man City,Middlesbrough,Away,6,2,3,H,0
2004-12-11,2004/05,Man City,Tottenham,Home,3,0,1,A,0
2004-12-18,2004/05,Man City,Bolton,Away,2,1,0,A,0
2004-12-26,2004/05,Man City,Everton,Away,6,1,2,H,1
2004-12-28,2004/05,Man City,West Brom,Home,4,1,1,D,0
2005-01-01,2004/05,Man City,Southampton,Home,8,2,1,H,0
2005-01-04,2004/05,Man City,Arsenal,Away,4,1,1,D,0
2005-01-15,2004/05,Man City,Crystal Palace,Home,9,3,1,H,0
2005-01-22,2004/05,Man City,West Brom,Away,5,0,2,H,0
2005-02-02,2004/05,Man City,Newcastle,Home,1,1,1,D,0
2005-02-06,2004/05,Man City,Chelsea,Away,2,0,0,D,0
2005-02-13,2004/05,Man City,Man United,Home,3,0,2,A,0
2005-02-28,2004/05,Man City,Norwich,Away,10,3,2,A,0
2005-03-07,2004/05,Man City,Bolton,Home,3,0,1,A,0
2005-03-19,2004/05,Man City,Tottenham,Away,7,1,2,H,0
2005-04-02,2004/05,Man City,Charlton,Away,8,2,2,D,0
2005-04-09,2004/05,Man City,Liverpool,Home,8,1,0,H,0
2005-04-16,2004/05,Man City,Fulham,Away,3,1,1,D,0
2005-04-20,2004/05,Man City,Birmingham,Home,4,3,0,H,0
2005-08-13,2005/06,Man City,West Brom,Home,8,0,0,D,0
2005-08-20,2005/06,Man City,Birmingham,Away,6,2,1,A,0
2005-08-23,2005/06,Man City,Sunderland,Away,7,2,1,A,0
2005-08-27,2005/06,Man City,Portsmouth,Home,9,2,1,H,0
2005-09-10,2005/06,Man City,Man United,Away,3,1,1,D,0
2005-09-18,2005/06,Man City,Bolton,Home,8,0,1,A,0
2005-09-24,2005/06,Man City,Newcastle,Away,4,0,1,H,0
2005-10-02,2005/06,Man City,Everton,Home,5,2,0,H,0
2005-10-16,2005/06,Man City,West Ham,Home,17,2,1,H,0
2005-10-22,2005/06,Man City,Arsenal,Away,4,0,1,H,0
2005-10-31,2005/06,Man City,Aston Villa,Home,5,3,1,H,0
2005-11-05,2005/06,Man City,Fulham,Away,2,1,2,H,0
2005-11-19,2005/06,Man City,Blackburn,Home,4,0,0,D,0
2005-11-26,2005/06,Man City,Liverpool,Home,1,0,1,A,0
2005-12-04,2005/06,Man City,Charlton,Away,9,5,2,A,0
2005-12-10,2005/06,Man City,West Brom,Away,2,0,2,H,1
2005-12-17,2005/06,Man City,Birmingham,Home,9,4,1,H,0
2005-12-26,2005/06,Man City,Wigan,Away,14,3,4,H,0
2005-12-28,2005/06,Man City,Chelsea,Home,2,0,1,A,0
2005-12-31,2005/06,Man City,Middlesbrough,Away,3,0,0,D,0
2006-01-04,2005/06,Man City,Tottenham,Home,3,0,2,A,0
2006-01-14,2005/06,Man City,Man United,Home,7,3,1,H,0
2006-01-21,2005/06,Man City,Bolton,Away,2,0,2,H,0
2006-02-01,2005/06,Man City,Newcastle,Home,8,3,0,H,0
2006-02-04,2005/06,Man City,Everton,Away,3,0,1,H,1
2006-02-12,2005/06,Man City,Charlton,Home,10,3,2,H,0
2006-02-26,2005/06,Man City,Liverpool,Away,3,0,1,H,1
2006-03-05,2005/06,Man City,Sunderland,Home,7,2,1,H,0
2006-03-11,2005/06,Man City,Portsmouth,Away,4,1,2,H,0
2006-03-18,2005/06,Man City,Wigan,Home,1,0,1,A,0
2006-03-25,2005/06,Man City,Chelsea,Away,4,0,2,H,1
2006-04-02,2005/06,Man City,Middlesbrough,Home,2,0,1,A,0
2006-04-08,2005/06,Man City,Tottenham,Away,6,1,2,H,0
2006-04-15,2005/06,Man City,West Ham,Away,2,0,1,H,0
2006-04-25,2005/06,Man City,Aston Villa,Away,6,1,0,A,0
2006-04-29,2005/06,Man City,Fulham,Home,10,1,2,A,0
2006-05-04,2005/06,Man City,Arsenal,Home,8,1,3,A,0
2006-05-07,2005/06,Man City,Blackburn,Away,4,0,2,H,0
2006-08-20,2006/07,Man City,Chelsea,Away,2,0,3,H,1
2006-08-23,2006/07,Man City,Portsmouth,Home,3,0,0,D,0
2006-08-26,2006/07,Man City,Arsenal,Home,3,1,0,H,0
2006-09-11,2006/07,Man City,Reading,Away,8,0,1,H,1
2006-09-17,2006/07,Man City,Blackburn,Away,8,2,4,H,0
2006-09-23,2006/07,Man City,West Ham,Home,8,2,0,H,0
2006-09-30,2006/07,Man City,Everton,Away,5,1,1,D,0
2006-10-14,2006/07,Man City,Sheffield United,Home,6,0,0,D,0
2006-10-21,2006/07,Man City,Wigan,Away,4,0,4,H,0
2006-10-30,2006/07,Man City,Middlesbrough,Home,5,1,0,H,0
2006-11-04,2006/07,Man City,Charlton,Away,9,0,1,H,0
2006-11-11,2006/07,Man City,Newcastle,Home,8,0,0,D,0
2006-11-18,2006/07,Man City,Fulham,Home,7,3,1,H,0
2006-11-25,2006/07,Man City,Liverpool,Away,2,0,1,H,0
2006-11-29,2006/07,Man City,Aston Villa,Away,8,3,1,A,0
2006-12-04,2006/07,Man City,Watford,Home,12,0,0,D,0
2006-12-09,2006/07,Man City,Man United,Away,7,1,3,H,1
2006-12-17,2006/07,Man City,Tottenham,Home,4,1,2,A,0
2006-12-23,2006/07,Man City,Bolton,Home,3,0,2,A,1
2006-12-26,2006/07,Man City,Sheffield United,Away,8,1,0,A,0
2006-12-30,2006/07,Man City,West Ham,Away,5,1,0,A,0
2007-01-01,2006/07,Man City,Everton,Home,7,2,1,H,0
2007-01-13,2006/07,Man City,Bolton,Away,0,0,0,D,0
2007-01-20,2006/07,Man City,Blackburn,Home,9,0,3,A,0
2007-02-03,2006/07,Man City,Reading,Home,7,0,2,A,0
2007-02-10,2006/07,Man City,Portsmouth,Away,3,1,2,H,0
2007-03-03,2006/07,Man City,Wigan,Home,3,0,1,A,0
2007-03-14,2006/07,Man City,Chelsea,Home,2,0,1,A,0
2007-03-17,2006/07,Man City,Middlesbrough,Away,8,2,0,A,0
2007-03-31,2006/07,Man City,Newcastle,Away,5,1,0,A,0
2007-04-06,2006/07,Man City,Charlton,Home,6,0,0,D,0
2007-04-09,2006/07,Man City,Fulham,Away,5,3,1,A,0
2007-04-14,2006/07,Man City,Liverpool,Home,1,0,0,D,0
2007-04-17,2006/07,Man City,Arsenal,Away,6,1,3,H,0
2007-04-21,2006/07,Man City,Watford,Away,1,1,1,D,0
2007-04-28,2006/07,Man City,Aston Villa,Home,7,0,2,A,0
2007-05-05,2006/07,Man City,Man United,Home,3,0,1,A,0
2007-05-13,2006/07,Man City,Tottenham,Away,5,1,2,H,0
2007-08-11,2007/08,Man City,West Ham,Away,5,2,0,A,0
2007-08-15,2007/08,Man City,Derby,Home,6,1,0,H,0
2007-08-19,2007/08,Man City,Man United,Home,2,1,0,H,0
2007-08-25,2007/08,Man City,Arsenal,Away,4,0,1,H,0
2007-09-02,2007/08,Man City,Blackburn,Away,3,0,1,H,1
2007-09-16,2007/08,Man City,Aston Villa,Home,8,1,0,H,0
2007-09-22,2007/08,Man City,Fulham,Away,5,3,3,D,0
2007-09-29,2007/08,Man City,Newcastle,Home,12,3,1,H,0
2007-10-07,2007/08,Man City,Middlesbrough,Home,13,3,1,H,0
2007-10-20,2007/08,Man City,Birmingham,Home,4,1,0,H,0
2007-10-27,2007/08,Man City,Chelsea,Away,4,0,6,H,0
2007-11-05,2007/08,Man City,Sunderland,Home,3,1,0,H,0
2007-11-11,2007/08,Man City,Portsmouth,Away,5,0,0,D,0
2007-11-24,2007/08,Man City,Reading,Home,9,2,1,H,0
2007-12-01,2007/08,Man City,Wigan,Away,1,1,1,D,0
2007-12-09,2007/08,Man City,Tottenham,Away,3,1,2,H,1
2007-12-15,2007/08,Man City,Bolton,Home,11,4,2,H,0
2007-12-22,2007/08,Man City,Aston Villa,Away,2,1,1,D,0
2007-12-27,2007/08,Man City,Blackburn,Home,2,2,2,D,0
2007-12-30,2007/08,Man City,Liverpool,Home,3,0,0,D,0
2008-01-02,2007/08,Man City,Newcastle,Away,7,2,0,A,0
2008-01-12,2007/08,Man City,Everton,Away,1,0,1,H,0
2008-01-20,2007/08,Man City,West Ham,Home,6,1,1,D,0
2008-01-30,2007/08,Man City,Derby,Away,5,1,1,D,0
2008-02-02,2007/08,Man City,Arsenal,Home,2,1,3,A,0
2008-02-10,2007/08,Man City,Man United,Away,7,2,1,A,0
2008-02-25,2007/08,Man City,Everton,Home,12,0,2,A,1
2008-03-01,2007/08,Man City,Wigan,Home,6,0,0,D,0
2008-03-08,2007/08,Man City,Reading,Away,5,0,2,H,0
2008-03-16,2007/08,Man City,Tottenham,Home,8,2,1,H,0
2008-03-22,2007/08,Man City,Bolton,Away,4,0,0,D,0
2008-03-29,2007/08,Man City,Birmingham,Away,4,1,3,H,0
2008-04-05,2007/08,Man City,Chelsea,Home,7,0,2,A,0
2008-04-12,2007/08,Man City,Sunderland,Away,5,2,1,A,0
2008-04-20,2007/08,Man City,Portsmouth,Home,10,3,1,H,0
2008-04-26,2007/08,Man City,Fulham,Home,5,2,3,A,0
2008-05-04,2007/08,Man City,Liverpool,Away,3,0,1,H,0
2008-05-11,2007/08,Man City,Middlesbrough,Away,2,1,8,H,1
2008-08-17,2008/09,Man City,Aston Villa,Away,8,2,4,H,0
2008-08-24,2008/09,Man City,West Ham,Home,9,3,0,H,0
2008-08-31,2008/09,Man City,Sunderland,Away,8,3,0,A,0
2008-09-13,2008/09,Man City,Chelsea,Home,7,1,3,A,0
2008-09-21,2008/09,Man City,Portsmouth,Home,10,6,0,H,0
2008-09-28,2008/09,Man City,Wigan,Away,6,1,2,H,0
2008-10-05,2008/09,Man City,Liverpool,Home,5,2,3,A,1
2008-10-20,2008/09,Man City,Newcastle,Away,8,2,2,D,0
2008-10-26,2008/09,Man City,Stoke,Home,12,3,0,H,0
2008-10-29,2008/09,Man City,Middlesbrough,Away,8,0,2,H,0
2008-11-02,2008/09,Man City,Bolton,Away,6,0,2,H,0
2008-11-09,2008/09,Man City,Tottenham,Home,7,1,2,A,2
2008-11-16,2008/09,Man City,Hull,Away,8,2,2,D,0
2008-11-22,2008/09,Man City,Arsenal,Home,8,3,0,H,0
2008-11-30,2008/09,Man City,Man United,Home,1,0,1,A,0
2008-12-06,2008/09,Man City,Fulham,Away,7,1,1,D,0
2008-12-13,2008/09,Man City,Everton,Home,4,0,1,A,0
2008-12-21,2008/09,Man City,West Brom,Away,7,1,2,H,0
2008-12-26,2008/09,Man City,Hull,Home,16,5,1,H,0
2008-12-28,2008/09,Man City,Blackburn,Away,3,2,2,D,0
2009-01-17,2008/09,Man City,Wigan,Home,3,1,0,H,1
2009-01-28,2008/09,Man City,Newcastle,Home,7,2,1,H,0
2009-01-31,2008/09,Man City,Stoke,Away,7,0,1,H,0
2009-02-07,2008/09,Man City,Middlesbrough,Home,12,1,0,H,0
2009-02-14,2008/09,Man City,Portsmouth,Away,7,0,2,H,0
2009-02-22,2008/09,Man City,Liverpool,Away,4,1,1,D,0
2009-03-01,2008/09,Man City,West Ham,Away,2,0,1,H,0
2009-03-04,2008/09,Man City,Aston Villa,Home,7,2,0,H,0
2009-03-15,2008/09,Man City,Chelsea,Away,3,0,1,H,0
2009-03-22,2008/09,Man City,Sunderland,Home,10,1,0,H,0
2009-04-04,2008/09,Man City,Arsenal,Away,4,0,2,H,0
2009-04-12,2008/09,Man City,Fulham,Home,5,1,3,A,0
2009-04-19,2008/09,Man City,West Brom,Home,11,4,2,H,0
2009-04-25,2008/09,Man City,Everton,Away,10,2,1,A,0
2009-05-02,2008/09,Man City,Blackburn,Home,7,3,1,H,0
2009-05-10,2008/09,Man City,Man United,Away,5,0,2,H,0
2009-05-16,2008/09,Man City,Tottenham,Away,3,1,2,H,0
2009-05-24,2008/09,Man City,Bolton,Home,12,1,0,H,0
2009-08-15,2009/10,Man City,Blackburn,Away,5,2,0,A,0
2009-08-22,2009/10,Man City,Wolves,Home,11,1,0,H,0
2009-08-30,2009/10,Man City,Portsmouth,Away,8,1,0,A,0
2009-09-12,2009/10,Man City,Arsenal,Home,6,4,2,H,0
2009-09-20,2009/10,Man City,Man United,Away,6,3,4,H,0
2009-09-28,2009/10,Man City,West Ham,Home,12,3,1,H,0
2009-10-05,2009/10,Man City,Aston Villa,Away,7,1,1,D,0
2009-10-18,2009/10,Man City,Wigan,Away,4,1,1,D,1
2009-10-25,2009/10,Man City,Fulham,Home,7,2,2,D,0
2009-11-01,2009/10,Man City,Birmingham,Away,6,0,0,D,0
2009-11-07,2009/10,Man City,Burnley,Home,8,3,3,D,0
2009-11-21,2009/10,Man City,Liverpool,Away,6,2,2,D,0
2009-11-28,2009/10,Man City,Hull,Home,7,1,1,D,0
2009-12-05,2009/10,Man City,Chelsea,Home,8,2,1,H,0
2009-12-12,2009/10,Man City,Bolton,Away,6,3,3,D,1
2009-12-16,2009/10,Man City,Tottenham,Away,5,0,3,H,0
2009-12-19,2009/10,Man City,Sunderland,Home,5,4,3,H,0
2009-12-26,2009/10,Man City,Stoke,Home,6,2,0,H,0
2009-12-28,2009/10,Man City,Wolves,Away,5,3,0,A,0
2010-01-11,2009/10,Man City,Blackburn,Home,6,4,1,H,0
2010-01-16,2009/10,Man City,Everton,Away,4,0,2,H,0
2010-01-31,2009/10,Man City,Portsmouth,Home,6,2,0,H,0
2010-02-06,2009/10,Man City,Hull,Away,11,1,2,H,0
2010-02-09,2009/10,Man City,Bolton,Home,4,2,0,H,0
2010-02-16,2009/10,Man City,Stoke,Away,3,1,1,D,0
2010-02-21,2009/10,Man City,Liverpool,Home,1,0,0,D,0
2010-02-27,2009/10,Man City,Chelsea,Away,6,4,2,A,0
2010-03-14,2009/10,Man City,Sunderland,Away,9,1,1,D,0
2010-03-21,2009/10,Man City,Fulham,Away,9,2,1,A,0
2010-03-24,2009/10,Man City,Everton,Home,5,0,2,A,0
2010-03-29,2009/10,Man City,Wigan,Home,8,3,0,H,0
2010-04-03,2009/10,Man City,Burnley,Away,14,6,1,A,0
2010-04-11,2009/10,Man City,Birmingham,Home,8,5,1,H,0
2010-04-17,2009/10,Man City,Man United,Home,5,0,1,A,0
2010-04-24,2009/10,Man City,Arsenal,Away,2,0,0,D,0
2010-05-01,2009/10,Man City,Aston Villa,Home,12,3,1,H,0
2010-05-05,2009/10,Man City,Tottenham,Home,5,0,1,A,0
2010-05-09,2009/10,Man City,West Ham,Away,6,1,1,D,0
2010-08-14,2010/11,Man City,Tottenham,Away,7,0,0,D,0
2010-08-23,2010/11,Man City,Liverpool,Home,3,3,0,H,0
2010-08-29,2010/11,Man City,Sunderland,Away,7,0,1,H,0
2010-09-11,2010/11,Man City,Blackburn,Home,14,1,1,D,0
2010-09-19,2010/11,Man City,Wigan,Away,5,2,0,A,0
2010-09-25,2010/11,Man City,Chelsea,Home,6,1,0,H,0
2010-10-03,2010/11,Man City,Newcastle,Home,5,2,1,H,0
2010-10-17,2010/11,Man City,Blackpool,Away,8,3,2,A,0
2010-10-24,2010/11,Man City,Arsenal,Home,6,0,3,A,1
2010-10-30,2010/11,Man City,Wolves,Away,9,1,2,H,0
2010-11-07,2010/11,Man City,West Brom,Away,5,2,0,A,1
2010-11-10,2010/11,Man City,Man United,Home,4,0,0,D,0
2010-11-13,2010/11,Man City,Birmingham,Home,11,0,0,D,0
2010-11-21,2010/11,Man City,Fulham,Away,8,4,1,A,0
2010-11-27,2010/11,Man City,Stoke,Away,4,1,1,D,0
2010-12-04,2010/11,Man City,Bolton,Home,10,1,0,H,1
2010-12-11,2010/11,Man City,West Ham,Away,7,3,1,A,0
2010-12-20,2010/11,Man City,Everton,Home,15,1,2,A,1
2010-12-26,2010/11,Man City,Newcastle,Away,6,3,1,A,0
2010-12-28,2010/11,Man City,Aston Villa,Home,8,4,0,H,0
2011-01-01,2010/11,Man City,Blackpool,Home,4,1,0,H,0
2011-01-05,2010/11,Man City,Arsenal,Away,0,0,0,D,1
2011-01-15,2010/11,Man City,Wolves,Home,12,4,3,H,0
2011-01-22,2010/11,Man City,Aston Villa,Away,14,0,1,H,0
2011-02-02,2010/11,Man City,Birmingham,Away,9,2,2,D,0
2011-02-05,2010/11,Man City,West Brom,Home,9,3,0,H,0
2011-02-12,2010/11,Man City,Man United,Away,8,1,2,H,0
2011-02-27,2010/11,Man City,Fulham,Home,4,1,1,D,0
2011-03-05,2010/11,Man City,Wigan,Home,3,1,0,H,0
2011-03-20,2010/11,Man City,Chelsea,Away,2,0,2,H,0
2011-04-03,2010/11,Man City,Sunderland,Home,12,5,0,H,0
2011-04-11,2010/11,Man City,Liverpool,Away,4,0,3,H,0
2011-04-25,2010/11,Man City,Blackburn,Away,5,1,0,A,0
2011-05-01,2010/11,Man City,West Ham,Home,12,2,1,H,0
2011-05-07,2010/11,Man City,Everton,Away,7,1,2,H,0
2011-05-10,2010/11,Man City,Tottenham,Home,4,1,0,H,0
2011-05-17,2010/11,Man City,Stoke,Home,9,3,0,H,0
2011-05-22,2010/11,Man City,Bolton,Away,10,2,0,A,0
2011-08-15,2011/12,Man City,Swansea,Home,19,4,0,H,0
2011-08-21,2011/12,Man City,Bolton,Away,9,3,2,A,0
2011-08-28,2011/12,Man City,Tottenham,Away,12,5,1,A,0
2011-09-10,2011/12,Man City,Wigan,Home,10,3,0,H,0
2011-09-18,2011/12,Man City,Fulham,Away,11,2,2,D,0
2011-09-24,2011/12,Man City,Everton,Home,8,2,0,H,0
2011-10-01,2011/12,Man City,Blackburn,Away,12,4,0,A,0
2011-10-15,2011/12,Man City,Aston Villa,Home,10,4,1,H,0
2011-10-23,2011/12,Man City,Man United,Away,12,6,1,A,0
2011-10-29,2011/12,Man City,Wolves,Home,9,3,1,H,1
2011-11-05,2011/12,Man City,QPR,Away,8,3,2,A,0
2011-11-19,2011/12,Man City,Newcastle,Home,9,3,1,H,0
2011-11-27,2011/12,Man City,Liverpool,Away,3,1,1,D,1
2011-12-03,2011/12,Man City,Norwich,Home,16,5,1,H,0
2011-12-12,2011/12,Man City,Chelsea,Away,4,1,2,H,1
2011-12-18,2011/12,Man City,Arsenal,Home,9,1,0,H,0
2011-12-21,2011/12,Man City,Stoke,Home,16,3,0,H,0
2011-12-26,2011/12,Man City,West Brom,Away,9,0,0,D,0
2012-01-01,2011/12,Man City,Sunderland,Away,11,0,1,H,0
2012-01-03,2011/12,Man City,Liverpool,Home,8,3,0,H,1
2012-01-16,2011/12,Man City,Wigan,Away,8,1,0,A,0
2012-01-22,2011/12,Man City,Tottenham,Home,7,3,2,H,0
2012-01-31,2011/12,Man City,Everton,Away,11,0,1,H,0
2012-02-04,2011/12,Man City,Fulham,Home,10,3,0,H,0
2012-02-12,2011/12,Man City,Aston Villa,Away,10,1,0,A,0
2012-02-25,2011/12,Man City,Blackburn,Home,13,3,0,H,0
2012-03-03,2011/12,Man City,Bolton,Home,10,2,0,H,0
2012-03-11,2011/12,Man City,Swansea,Away,13,0,1,H,0
2012-03-21,2011/12,Man City,Chelsea,Home,10,2,1,H,0
2012-03-24,2011/12,Man City,Stoke,Away,11,1,1,D,0
2012-03-31,2011/12,Man City,Sunderland,Home,10,3,3,D,0
2012-04-08,2011/12,Man City,Arsenal,Away,2,0,1,H,1
2012-04-11,2011/12,Man City,West Brom,Home,12,4,0,H,0
2012-04-14,2011/12,Man City,Norwich,Away,17,6,1,A,0
2012-04-22,2011/12,Man City,Wolves,Away,9,2,0,A,0
2012-04-30,2011/12,Man City,Man United,Home,5,1,0,H,0
2012-05-06,2011/12,Man City,Newcastle,Away,12,2,0,A,0
2012-05-13,2011/12,Man City,QPR,Home,24,3,2,H,0
2012-08-19,2012/13,Man City,Southampton,Home,15,3,2,H,0
2012-08-26,2012/13,Man City,Liverpool,Away,5,2,2,D,0
2012-09-01,2012/13,Man City,QPR,Home,12,3,1,H,0
2012-09-15,2012/13,Man City,Stoke,Away,11,1,1,D,0
2012-09-23,2012/13,Man City,Arsenal,Home,10,1,1,D,0
2012-09-29,2012/13,Man City,Fulham,Away,12,2,1,A,0
2012-10-06,2012/13,Man City,Sunderland,Home,16,3,0,H,0
2012-10-20,2012/13,Man City,West Brom,Away,13,2,1,A,1
2012-10-27,2012/13,Man City,Swansea,Home,5,1,0,H,0
2012-11-03,2012/13,Man City,West Ham,Away,8,0,0,D,0
2012-11-11,2012/13,Man City,Tottenham,Home,8,2,1,H,0
2012-11-17,2012/13,Man City,Aston Villa,Home,8,5,0,H,0
2012-11-25,2012/13,Man City,Chelsea,Away,7,0,0,D,0
2012-11-28,2012/13,Man City,Wigan,Away,6,2,0,A,0
2012-12-01,2012/13,Man City,Everton,Home,6,1,1,D,0
2012-12-09,2012/13,Man City,Man United,Home,11,2,3,A,0
2012-12-15,2012/13,Man City,Newcastle,Away,10,3,1,A,0
2012-12-22,2012/13,Man City,Reading,Home,10,1,0,H,0
2012-12-26,2012/13,Man City,Sunderland,Away,12,0,1,H,0
2012-12-29,2012/13,Man City,Norwich,Away,9,4,3,A,1
2013-01-01,2012/13,Man City,Stoke,Home,9,3,0,H,0
2013-01-13,2012/13,Man City,Arsenal,Away,9,2,0,A,1
2013-01-19,2012/13,Man City,Fulham,Home,11,2,0,H,0
2013-01-29,2012/13,Man City,QPR,Away,7,0,0,D,0
2013-02-03,2012/13,Man City,Liverpool,Home,5,2,2,D,0
2013-02-09,2012/13,Man City,Southampton,Away,4,1,3,H,0
2013-02-24,2012/13,Man City,Chelsea,Home,11,2,0,H,0
2013-03-04,2012/13,Man City,Aston Villa,Away,12,1,0,A,0
2013-03-16,2012/13,Man City,Everton,Away,11,0,2,H,0
2013-03-30,2012/13,Man City,Newcastle,Home,11,4,0,H,0
2013-04-08,2012/13,Man City,Man United,Away,5,2,1,A,0
2013-04-17,2012/13,Man City,Wigan,Home,4,1,0,H,0
2013-04-21,2012/13,Man City,Tottenham,Away,7,1,3,H,0
2013-04-27,2012/13,Man City,West Ham,Home,10,2,1,H,0
2013-05-04,2012/13,Man City,Swansea,Away,8,0,0,D,0
2013-05-07,2012/13,Man City,West Brom,Home,9,1,0,H,0
2013-05-14,2012/13,Man City,Reading,Away,20,2,0,A,0
2013-05-19,2012/13,Man City,Norwich,Home,5,2,3,A,0
2013-08-19,2013/14,Man City,Newcastle,Home,11,4,0,H,0
2013-08-25,2013/14,Man City,Cardiff,Away,5,2,3,H,0
2013-08-31,2013/14,Man City,Hull,Home,6,2,0,H,0
2013-09-14,2013/14,Man City,Stoke,Away,3,0,0,D,0
2013-09-22,2013/14,Man City,Man United,Home,5,4,1,H,0
2013-09-28,2013/14,Man City,Aston Villa,Away,7,2,3,H,0
2013-10-05,2013/14,Man City,Everton,Home,6,3,1,H,0
2013-10-19,2013/14,Man City,West Ham,Away,9,3,1,A,0
2013-10-27,2013/14,Man City,Chelsea,Away,6,1,2,H,0
2013-11-02,2013/14,Man City,Norwich,Home,9,7,0,H,0
2013-11-10,2013/14,Man City,Sunderland,Away,4,0,1,H,0
2013-11-24,2013/14,Man City,Tottenham,Home,10,6,0,H,0
2013-12-01,2013/14,Man City,Swansea,Home,7,3,0,H,0
2013-12-04,2013/14,Man City,West Brom,Away,5,3,2,A,0
2013-12-07,2013/14,Man City,Southampton,Away,3,1,1,D,0
2013-12-14,2013/14,Man City,Arsenal,Home,7,6,3,H,0
2013-12-21,2013/14,Man City,Fulham,Away,10,4,2,A,0
2013-12-26,2013/14,Man City,Liverpool,Home,6,2,1,H,0
2013-12-28,2013/14,Man City,Crystal Palace,Home,4,1,0,H,0
2014-01-01,2013/14,Man City,Swansea,Away,4,3,2,A,0
2014-01-12,2013/14,Man City,Newcastle,Away,6,2,0,A,0
2014-01-18,2013/14,Man City,Cardiff,Home,9,4,2,H,0
2014-01-29,2013/14,Man City,Tottenham,Away,10,5,1,A,0
2014-02-03,2013/14,Man City,Chelsea,Home,3,0,1,A,0
2014-02-08,2013/14,Man City,Norwich,Away,2,0,0,D,0
2014-02-22,2013/14,Man City,Stoke,Home,7,1,0,H,0
2014-03-15,2013/14,Man City,Hull,Away,3,2,0,A,1
2014-03-22,2013/14,Man City,Fulham,Home,12,5,0,H,0
2014-03-25,2013/14,Man City,Man United,Away,4,3,0,A,0
2014-03-29,2013/14,Man City,Arsenal,Away,4,1,1,D,0
2014-04-05,2013/14,Man City,Southampton,Home,8,4,1,H,0
2014-04-13,2013/14,Man City,Liverpool,Away,5,2,3,H,0
2014-04-16,2013/14,Man City,Sunderland,Home,4,2,2,D,0
2014-04-21,2013/14,Man City,West Brom,Home,6,3,1,H,0
2014-04-27,2013/14,Man City,Crystal Palace,Away,6,2,0,A,0
2014-05-03,2013/14,Man City,Everton,Away,6,3,2,A,0
2014-05-07,2013/14,Man City,Aston Villa,Home,9,4,0,H,0
2014-05-11,2013/14,Man City,West Ham,Home,7,2,0,H,0
2014-08-17,2014/15,Man City,Newcastle,Away,5,2,0,A,0
2014-08-25,2014/15,Man City,Liverpool,Home,4,3,1,H,0
2014-08-30,2014/15,Man City,Stoke,Home,2,0,1,A,0
2014-09-13,2014/15,Man City,Arsenal,Away,8,2,2,D,0
2014-09-21,2014/15,Man City,Chelsea,Home,4,1,1,D,1
2014-09-27,2014/15,Man City,Hull,Away,6,4,2,A,0
2014-10-04,2014/15,Man City,Aston Villa,Away,7,2,0,A,0
2014-10-18,2014/15,Man City,Tottenham,Home,12,4,1,H,0
2014-10-25,2014/15,Man City,West Ham,Away,5,1,2,H,0
2014-11-02,2014/15,Man City,Man United,Home,6,1,0,H,0
2014-11-08,2014/15,Man City,QPR,Away,6,2,2,D,0
2014-11-22,2014/15,Man City,Swansea,Home,10,2,1,H,0
2014-11-30,2014/15,Man City,Southampton,Away,6,3,0,A,1
2014-12-03,2014/15,Man City,Sunderland,Away,4,4,1,A,0
2014-12-06,2014/15,Man City,Everton,Home,3,1,0,H,0
2014-12-13,2014/15,Man City,Leicester,Away,4,1,0,A,0
2014-12-20,2014/15,Man City,Crystal Palace,Home,3,3,0,H,0
2014-12-26,2014/15,Man City,West Brom,Away,5,3,1,A,0
2014-12-28,2014/15,Man City,Burnley,Home,6,2,2,D,0
2015-01-01,2014/15,Man City,Sunderland,Home,12,3,2,H,0
2015-01-10,2014/15,Man City,Everton,Away,2,1,1,D,0
2015-01-18,2014/15,Man City,Arsenal,Home,4,0,2,A,0
2015-01-31,2014/15,Man City,Chelsea,Away,5,1,1,D,0
2015-02-07,2014/15,Man City,Hull,Home,5,1,1,D,0
2015-02-11,2014/15,Man City,Stoke,Away,8,4,1,A,0
2015-02-21,2014/15,Man City,Newcastle,Home,9,5,0,H,0
2015-03-01,2014/15,Man City,Liverpool,Away,1,1,2,H,0
2015-03-04,2014/15,Man City,Leicester,Home,9,2,0,H,0
2015-03-14,2014/15,Man City,Burnley,Away,5,0,1,H,0
2015-03-21,2014/15,Man City,West Brom,Home,16,3,0,H,0
2015-04-06,2014/15,Man City,Crystal Palace,Away,4,1,2,H,0
2015-04-12,2014/15,Man City,Man United,Away,3,2,4,H,0
2015-04-19,2014/15,Man City,West Ham,Home,3,2,0,H,0
2015-04-25,2014/15,Man City,Aston Villa,Home,4,3,2,H,0
2015-05-03,2014/15,Man City,Tottenham,Away,4,1,0,A,0
2015-05-10,2014/15,Man City,QPR,Home,11,6,0,H,0
2015-05-17,2014/15,Man City,Swansea,Away,11,4,2,A,0
2015-05-24,2014/15,Man City,Southampton,Home,6,2,0,H,0
2015-08-10,2015/16,Man City,West Brom,Away,7,3,0,A,0
2015-08-16,2015/16,Man City,Chelsea,Home,8,3,0,H,0
2015-08-23,2015/16,Man City,Everton,Away,9,2,0,A,0
2015-08-29,2015/16,Man City,Watford,Home,5,2,0,H,0
2015-09-12,2015/16,Man City,Crystal Palace,Away,7,1,0,A,0
2015-09-19,2015/16,Man City,West Ham,Home,8,1,2,A,0
2015-09-26,2015/16,Man City,Tottenham,Away,8,1,4,H,0
2015-10-03,2015/16,Man City,Newcastle,Home,11,6,1,H,0
2015-10-17,2015/16,Man City,Bournemouth,Home,11,5,1,H,0
2015-10-25,2015/16,Man City,Man United,Away,1,0,0,D,0
2015-10-31,2015/16,Man City,Norwich,Home,5,2,1,H,0
2015-11-08,2015/16,Man City,Aston Villa,Away,3,0,0,D,0
2015-11-21,2015/16,Man City,Liverpool,Home,3,1,4,A,0
2015-11-28,2015/16,Man City,Southampton,Home,9,3,1,H,0
2015-12-05,2015/16,Man City,Stoke,Away,4,0,2,H,0
2015-12-12,2015/16,Man City,Swansea,Home,5,2,1,H,0
2015-12-21,2015/16,Man City,Arsenal,Away,6,1,2,H,0
2015-12-26,2015/16,Man City,Sunderland,Home,9,4,1,H,0
2015-12-29,2015/16,Man City,Leicester,Away,5,0,0,D,0
2016-01-02,2015/16,Man City,Watford,Away,5,2,1,A,0
2016-01-13,2015/16,Man City,Everton,Home,5,0,0,D,0
2016-01-16,2015/16,Man City,Crystal Palace,Home,4,4,0,H,0
2016-01-23,2015/16,Man City,West Ham,Away,3,2,2,D,0
2016-02-02,2015/16,Man City,Sunderland,Away,2,1,0,A,0
2016-02-06,2015/16,Man City,Leicester,Home,4,1,3,A,0
2016-02-14,2015/16,Man City,Tottenham,Home,4,1,2,A,0
2016-03-02,2015/16,Man City,Liverpool,Away,2,0,3,H,0
2016-03-05,2015/16,Man City,Aston Villa,Home,9,4,0,H,0
2016-03-12,2015/16,Man City,Norwich,Away,3,0,0,D,0
2016-03-20,2015/16,Man City,Man United,Home,2,0,1,A,0
2016-04-02,2015/16,Man City,Bournemouth,Away,7,4,0,A,0
2016-04-09,2015/16,Man City,West Brom,Home,4,2,1,H,0
2016-04-16,2015/16,Man City,Chelsea,Away,8,3,0,A,0
2016-04-19,2015/16,Man City,Newcastle,Away,5,1,1,D,0
2016-04-23,2015/16,Man City,Stoke,Home,6,4,0,H,0
2016-05-01,2015/16,Man City,Southampton,Away,5,2,4,H,0
2016-05-08,2015/16,Man City,Arsenal,Home,3,2,2,D,0
2016-05-15,2015/16,Man City,Swansea,Away,5,1,1,D,0
2016-08-13,2016/17,Man City,Sunderland,Home,4,2,1,H,0
2016-08-20,2016/17,Man City,Stoke,Away,6,4,1,A,0
2016-08-28,2016/17,Man City,West Ham,Home,5,3,1,H,0
2016-09-10,2016/17,Man City,Man United,Away,6,2,1,A,0
2016-09-17,2016/17,Man City,Bournemouth,Home,12,4,0,H,1
2016-09-24,2016/17,Man City,Swansea,Away,4,3,1,A,0
2016-10-02,2016/17,Man City,Tottenham,Away,6,0,2,H,0
2016-10-15,2016/17,Man City,Everton,Home,8,1,1,D,0
2016-10-23,2016/17,Man City,Southampton,Home,3,1,1,D,0
2016-10-29,2016/17,Man City,West Brom,Away,8,4,0,A,0
2016-11-05,2016/17,Man City,Middlesbrough,Home,7,1,1,D,0
2016-11-19,2016/17,Man City,Crystal Palace,Away,4,2,1,A,0
2016-11-26,2016/17,Man City,Burnley,Away,5,2,1,A,0
2016-12-03,2016/17,Man City,Chelsea,Home,5,1,3,A,2
2016-12-10,2016/17,Man City,Leicester,Away,4,2,4,H,0
2016-12-14,2016/17,Man City,Watford,Home,7,2,0,H,0
2016-12-18,2016/17,Man City,Arsenal,Home,5,2,1,H,0
2016-12-26,2016/17,Man City,Hull,Away,6,3,0,A,0
2016-12-31,2016/17,Man City,Liverpool,Away,2,0,1,H,0
2017-01-02,2016/17,Man City,Burnley,Home,3,2,1,H,1
2017-01-15,2016/17,Man City,Everton,Away,5,0,4,H,0
2017-01-21,2016/17,Man City,Tottenham,Home,7,2,2,D,0
2017-02-01,2016/17,Man City,West Ham,Away,4,4,0,A,0
2017-02-05,2016/17,Man City,Swansea,Home,5,2,1,H,0
2017-02-13,2016/17,Man City,Bournemouth,Away,5,2,0,A,0
2017-03-05,2016/17,Man City,Sunderland,Away,7,2,0,A,0
2017-03-08,2016/17,Man City,Stoke,Home,1,0,0,D,0
2017-03-19,2016/17,Man City,Liverpool,Home,3,1,1,D,0
2017-04-02,2016/17,Man City,Arsenal,Away,5,2,2,D,0
2017-04-05,2016/17,Man City,Chelsea,Away,7,1,2,H,0
2017-04-08,2016/17,Man City,Hull,Home,7,3,1,H,0
2017-04-15,2016/17,Man City,Southampton,Away,5,3,0,A,0
2017-04-27,2016/17,Man City,Man United,Home,6,0,0,D,0
2017-04-30,2016/17,Man City,Middlesbrough,Away,4,2,2,D,0
2017-05-06,2016/17,Man City,Crystal Palace,Home,12,5,0,H,0
2017-05-13,2016/17,Man City,Leicester,Home,5,2,1,H,0
2017-05-16,2016/17,Man City,West Brom,Home,10,3,1,H,0
2017-05-21,2016/17,Man City,Watford,Away,9,5,0,A,0
2017-08-12,2017/18,Man City,Brighton,Away,4,2,0,A,0
2017-08-21,2017/18,Man City,Everton,Home,6,1,1,D,1
2017-08-26,2017/18,Man City,Bournemouth,Away,8,2,1,A,1
2017-09-09,2017/18,Man City,Liverpool,Home,7,5,0,H,0
2017-09-16,2017/18,Man City,Watford,Away,10,6,0,A,0
2017-09-23,2017/18,Man City,Crystal Palace,Home,9,5,0,H,0
2017-09-30,2017/18,Man City,Chelsea,Away,6,1,0,A,0
2017-10-14,2017/18,Man City,Stoke,Home,11,7,2,H,0
2017-10-21,2017/18,Man City,Burnley,Home,10,3,0,H,0
2017-10-28,2017/18,Man City,West Brom,Away,5,3,2,A,0
2017-11-05,2017/18,Man City,Arsenal,Home,5,3,1,H,0
2017-11-18,2017/18,Man City,Leicester,Away,4,2,0,A,0
2017-11-26,2017/18,Man City,Huddersfield,Away,5,2,1,A,0
2017-11-29,2017/18,Man City,Southampton,Home,12,2,1,H,0
2017-12-03,2017/18,Man City,West Ham,Home,8,2,1,H,0
2017-12-10,2017/18,Man City,Man United,Away,7,2,1,A,0
2017-12-13,2017/18,Man City,Swansea,Away,10,4,0,A,0
2017-12-16,2017/18,Man City,Tottenham,Home,11,4,1,H,0
2017-12-23,2017/18,Man City,Bournemouth,Home,5,4,0,H,0
2017-12-27,2017/18,Man City,Newcastle,Away,6,1,0,A,0
2017-12-31,2017/18,Man City,Crystal Palace,Away,4,0,0,D,0
2018-01-02,2017/18,Man City,Watford,Home,7,3,1,H,0
2018-01-14,2017/18,Man City,Liverpool,Away,4,3,4,H,0
2018-01-20,2017/18,Man City,Newcastle,Home,9,3,1,H,0
2018-01-31,2017/18,Man City,West Brom,Home,10,3,0,H,0
2018-02-03,2017/18,Man City,Burnley,Away,7,1,1,D,0
2018-02-10,2017/18,Man City,Leicester,Home,11,5,1,H,0
2018-03-01,2017/18,Man City,Arsenal,Away,5,3,0,A,0
2018-03-04,2017/18,Man City,Chelsea,Home,3,1,0,H,0
2018-03-12,2017/18,Man City,Stoke,Away,6,2,0,A,0
2018-03-31,2017/18,Man City,Everton,Away,4,3,1,A,0
2018-04-07,2017/18,Man City,Man United,Home,6,2,3,A,0
2018-04-14,2017/18,Man City,Tottenham,Away,6,3,1,A,0
2018-04-22,2017/18,Man City,Swansea,Home,12,5,0,H,0
2018-04-29,2017/18,Man City,West Ham,Away,7,4,1,A,0
2018-05-06,2017/18,Man City,Huddersfield,Home,2,0,0,D,0
2018-05-09,2017/18,Man City,Brighton,Home,7,3,1,H,0
2018-05-13,2017/18,Man City,Southampton,Away,2,1,0,A,0
2018-08-12,2018/19,Man City,Arsenal,Away,8,2,0,A,0
2018-08-19,2018/19,Man City,Huddersfield,Home,14,6,1,H,0
2018-08-25,2018/19,Man City,Wolves,Away,6,1,1,D,0
2018-09-01,2018/19,Man City,Newcastle,Home,8,2,1,H,0
2018-09-15,2018/19,Man City,Fulham,Home,9,3,0,H,0
2018-09-22,2018/19,Man City,Cardiff,Away,10,5,0,A,0
2018-09-29,2018/19,Man City,Brighton,Home,8,2,0,H,0
2018-10-07,2018/19,Man City,Liverpool,Away,2,0,0,D,0
2018-10-20,2018/19,Man City,Burnley,Home,10,5,0,H,0
2018-10-29,2018/19,Man City,Tottenham,Away,6,1,0,A,0
2018-11-04,2018/19,Man City,Southampton,Home,8,6,1,H,0
2018-11-11,2018/19,Man City,Man United,Home,5,3,1,H,0
2018-11-24,2018/19,Man City,West Ham,Away,6,4,0,A,0
2018-12-01,2018/19,Man City,Bournemouth,Home,6,3,1,H,0
2018-12-04,2018/19,Man City,Watford,Away,7,2,1,A,0
2018-12-08,2018/19,Man City,Chelsea,Away,4,0,2,H,0
2018-12-15,2018/19,Man City,Everton,Home,5,3,1,H,0
2018-12-22,2018/19,Man City,Crystal Palace,Home,5,2,3,A,0
2018-12-26,2018/19,Man City,Leicester,Away,4,1,2,H,1
2018-12-30,2018/19,Man City,Southampton,Away,6,3,1,A,0
2019-01-03,2018/19,Man City,Liverpool,Home,4,2,1,H,0
2019-01-14,2018/19,Man City,Wolves,Home,9,3,0,H,0
2019-01-20,2018/19,Man City,Huddersfield,Away,4,3,0,A,0
2019-01-29,2018/19,Man City,Newcastle,Away,4,1,2,H,0
2019-02-03,2018/19,Man City,Arsenal,Home,12,3,1,H,0
2019-02-06,2018/19,Man City,Everton,Away,4,2,0,A,0
2019-02-10,2018/19,Man City,Chelsea,Home,9,6,0,H,0
2019-02-27,2018/19,Man City,West Ham,Home,7,1,0,H,0
2019-03-02,2018/19,Man City,Bournemouth,Away,7,1,0,A,0
2019-03-09,2018/19,Man City,Watford,Home,9,3,1,H,0
2019-03-30,2018/19,Man City,Fulham,Away,7,2,0,A,0
2019-04-03,2018/19,Man City,Cardiff,Home,11,2,0,H,0
2019-04-14,2018/19,Man City,Crystal Palace,Away,6,3,1,A,0
2019-04-20,2018/19,Man City,Tottenham,Home,4,1,0,H,0
2019-04-24,2018/19,Man City,Man United,Away,5,2,0,A,0
2019-04-28,2018/19,Man City,Burnley,Away,7,1,0,A,0
2019-05-06,2018/19,Man City,Leicester,Home,5,1,0,H,0
2019-05-12,2018/19,Man City,Brighton,Away,9,4,1,A,0
2019-08-10,2019/20,Man City,West Ham,Away,9,5,0,A,0
2019-08-17,2019/20,Man City,Tottenham,Home,10,2,2,D,0
2019-08-25,2019/20,Man City,Bournemouth,Away,5,3,1,A,0
2019-08-31,2019/20,Man City,Brighton,Home,6,4,0,H,0
2019-09-14,2019/20,Man City,Norwich,Away,8,2,3,H,0
2019-09-21,2019/20,Man City,Watford,Home,11,8,0,H,0
2019-09-28,2019/20,Man City,Everton,Away,9,3,1,A,0
2019-10-06,2019/20,Man City,Wolves,Home,2,0,2,A,0
2019-10-19,2019/20,Man City,Crystal Palace,Away,10,2,0,A,0
2019-10-26,2019/20,Man City,Aston Villa,Home,9,3,0,H,1
2019-11-02,2019/20,Man City,Southampton,Home,4,2,1,H,0
2019-11-10,2019/20,Man City,Liverpool,Away,3,1,3,H,0
2019-11-23,2019/20,Man City,Chelsea,Home,4,2,1,H,0
2019-11-30,2019/20,Man City,Newcastle,Away,9,2,2,D,0
2019-12-03,2019/20,Man City,Burnley,Away,8,4,1,A,0
2019-12-07,2019/20,Man City,Man United,Home,5,1,2,A,0
2019-12-15,2019/20,Man City,Arsenal,Away,7,3,0,A,0
2019-12-21,2019/20,Man City,Leicester,Home,12,3,1,H,0
2019-12-27,2019/20,Man City,Wolves,Away,3,2,3,H,1
2019-12-29,2019/20,Man City,Sheffield United,Home,4,2,0,H,0
2020-01-01,2019/20,Man City,Everton,Home,7,2,1,H,0
2020-01-12,2019/20,Man City,Aston Villa,Away,12,6,1,A,0
2020-01-18,2019/20,Man City,Crystal Palace,Home,6,2,2,D,0
2020-01-21,2019/20,Man City,Sheffield United,Away,5,1,0,A,0
2020-02-02,2019/20,Man City,Tottenham,Away,5,0,2,H,1
2020-02-19,2019/20,Man City,West Ham,Home,7,2,0,H,0
2020-02-22,2019/20,Man City,Leicester,Away,7,1,0,A,0
2020-03-08,2019/20,Man City,Man United,Away,2,0,2,H,0
2020-06-17,2019/20,Man City,Arsenal,Home,12,3,0,H,0
2020-06-22,2019/20,Man City,Burnley,Home,7,5,0,H,0
2020-06-25,2019/20,Man City,Chelsea,Away,2,1,2,H,1
2020-07-02,2019/20,Man City,Liverpool,Home,6,4,0,H,0
2020-07-05,2019/20,Man City,Southampton,Away,6,0,1,H,0
2020-07-08,2019/20,Man City,Newcastle,Home,9,5,0,H,0
2020-07-11,2019/20,Man City,Brighton,Away,8,5,0,A,0
2020-07-15,2019/20,Man City,Bournemouth,Home,4,2,1,H,0
2020-07-21,2019/20,Man City,Watford,Away,10,4,0,A,0
2020-07-26,2019/20,Man City,Norwich,Home,10,5,0,H,0
2020-09-21,2020/21,Man City,Wolves,Away,9,3,1,A,0
2020-09-27,2020/21,Man City,Leicester,Home,5,2,5,A,0
2020-10-03,2020/21,Man City,Leeds,Away,2,1,1,D,0
2020-10-17,2020/21,Man City,Arsenal,Home,5,1,0,H,0
2020-10-24,2020/21,Man City,West Ham,Away,7,1,1,D,0
2020-10-31,2020/21,Man City,Sheffield United,Away,8,1,0,A,0
2020-11-08,2020/21,Man City,Liverpool,Home,2,1,1,D,0
2020-11-21,2020/21,Man City,Tottenham,Away,5,0,2,H,0
2020-11-28,2020/21,Man City,Burnley,Home,6,5,0,H,0
2020-12-05,2020/21,Man City,Fulham,Home,6,2,0,H,0
2020-12-12,2020/21,Man City,Man United,Away,2,0,0,D,0
2020-12-15,2020/21,Man City,West Brom,Home,7,1,1,D,0
2020-12-19,2020/21,Man City,Southampton,Away,5,1,0,A,0
2020-12-26,2020/21,Man City,Newcastle,Home,6,2,0,H,0
2021-01-03,2020/21,Man City,Chelsea,Away,6,3,1,A,0
2021-01-13,2020/21,Man City,Brighton,Home,6,1,0,H,0
2021-01-17,2020/21,Man City,Crystal Palace,Home,6,4,0,H,0
2021-01-20,2020/21,Man City,Aston Villa,Home,9,2,0,H,0
2021-01-26,2020/21,Man City,West Brom,Away,7,5,0,A,0
2021-01-30,2020/21,Man City,Sheffield United,Home,5,1,0,H,0
2021-02-03,2020/21,Man City,Burnley,Away,6,2,0,A,0
2021-02-07,2020/21,Man City,Liverpool,Away,5,4,1,A,0
2021-02-13,2020/21,Man City,Tottenham,Home,6,3,0,H,0
2021-02-17,2020/21,Man City,Everton,Away,7,3,1,A,0
2021-02-21,2020/21,Man City,Arsenal,Away,3,1,0,A,0
2021-02-27,2020/21,Man City,West Ham,Home,3,2,1,H,0
2021-03-02,2020/21,Man City,Wolves,Home,10,4,1,H,0
2021-03-07,2020/21,Man City,Man United,Home,6,0,2,A,0
2021-03-10,2020/21,Man City,Southampton,Home,10,5,2,H,0
2021-03-13,2020/21,Man City,Fulham,Away,7,3,0,A,0
2021-04-03,2020/21,Man City,Leicester,Away,4,2,0,A,0
2021-04-10,2020/21,Man City,Leeds,Home,7,1,2,A,0
2021-04-21,2020/21,Man City,Aston Villa,Away,3,2,1,A,1
2021-05-01,2020/21,Man City,Crystal Palace,Away,3,2,0,A,0
2021-05-08,2020/21,Man City,Chelsea,Home,4,1,2,A,0
2021-05-14,2020/21,Man City,Newcastle,Away,6,4,3,A,0
2021-05-18,2020/21,Man City,Brighton,Away,4,2,3,H,1
2021-05-23,2020/21,Man City,Everton,Home,11,5,0,H,0
2021-08-15,2021/22,Man City,Tottenham,Away,4,0,1,H,0
2021-08-21,2021/22,Man City,Norwich,Home,4,5,0,H,0
2021-08-28,2021/22,Man City,Arsenal,Home,10,5,0,H,0
2021-09-11,2021/22,Man City,Leicester,Away,8,1,0,A,0
2021-09-18,2021/22,Man City,Southampton,Home,1,0,0,D,0
2021-09-25,2021/22,Man City,Chelsea,Away,4,1,0,A,0
2021-10-03,2021/22,Man City,Liverpool,Away,3,2,2,D,0
2021-10-16,2021/22,Man City,Burnley,Home,6,2,0,H,0
2021-10-23,2021/22,Man City,Brighton,Away,14,4,1,A,0
2021-10-30,2021/22,Man City,Crystal Palace,Home,3,0,2,A,1
2021-11-06,2021/22,Man City,Man United,Away,5,2,0,A,0
2021-11-21,2021/22,Man City,Everton,Home,7,3,0,H,0
2021-11-28,2021/22,Man City,West Ham,Home,9,2,1,H,0
2021-12-01,2021/22,Man City,Aston Villa,Away,7,2,1,A,0
2021-12-04,2021/22,Man City,Watford,Away,13,3,1,A,0
2021-12-11,2021/22,Man City,Wolves,Home,10,1,0,H,0
2021-12-14,2021/22,Man City,Leeds,Home,15,7,0,H,0
2021-12-19,2021/22,Man City,Newcastle,Away,7,4,0,A,0
2021-12-26,2021/22,Man City,Leicester,Home,9,6,3,H,0
2021-12-29,2021/22,Man City,Brentford,Away,3,1,0,A,0
2022-01-01,2021/22,Man City,Arsenal,Away,2,2,1,A,0
2022-01-15,2021/22,Man City,Chelsea,Home,6,1,0,H,0
2022-01-22,2021/22,Man City,Southampton,Away,5,1,1,D,0
2022-02-09,2021/22,Man City,Brentford,Home,7,2,0,H,0
2022-02-12,2021/22,Man City,Norwich,Away,9,4,0,A,0
2022-02-19,2021/22,Man City,Tottenham,Home,4,2,3,A,0
2022-02-26,2021/22,Man City,Everton,Away,8,1,0,A,0
2022-03-06,2021/22,Man City,Man United,Home,10,4,1,H,0
2022-03-14,2021/22,Man City,Crystal Palace,Away,4,0,0,D,0
2022-04-02,2021/22,Man City,Burnley,Away,6,2,0,A,0
2022-04-10,2021/22,Man City,Liverpool,Home,5,2,2,D,0
2022-04-20,2021/22,Man City,Brighton,Home,5,3,0,H,0
2022-04-23,2021/22,Man City,Watford,Home,8,5,1,H,0
2022-04-30,2021/22,Man City,Leeds,Away,6,4,0,A,0
2022-05-08,2021/22,Man City,Newcastle,Home,9,5,0,H,0
2022-05-11,2021/22,Man City,Wolves,Away,5,5,1,A,0
2022-05-15,2021/22,Man City,West Ham,Away,8,2,2,D,0
2022-05-22,2021/22,Man City,Aston Villa,Home,5,3,2,H,0
2022-08-07,2022/23,Man City,West Ham,Away,2,2,0,A,0
2022-08-13,2022/23,Man City,Bournemouth,Home,7,4,0,H,0
2022-08-21,2022/23,Man City,Newcastle,Away,10,3,3,D,0
2022-08-27,2022/23,Man City,Crystal Palace,Home,5,4,2,H,0
2022-08-31,2022/23,Man City,Nott'm Forest,Home,9,6,0,H,0
2022-09-03,2022/23,Man City,Aston Villa,Away,4,1,1,D,0
2022-09-17,2022/23,Man City,Wolves,Away,7,3,0,A,0
2022-10-02,2022/23,Man City,Man United,Home,10,6,3,H,0
2022-10-08,2022/23,Man City,Southampton,Home,8,4,0,H,0
2022-10-16,2022/23,Man City,Liverpool,Away,6,0,1,H,0
2022-10-22,2022/23,Man City,Brighton,Home,4,3,1,H,0
2022-10-29,2022/23,Man City,Leicester,Away,5,1,0,A,0
2022-11-05,2022/23,Man City,Fulham,Home,5,2,1,H,1
2022-11-12,2022/23,Man City,Brentford,Home,6,1,2,A,0
2022-12-28,2022/23,Man City,Leeds,Away,9,3,1,A,0
2022-12-31,2022/23,Man City,Everton,Home,3,1,1,D,0
2023-01-05,2022/23,Man City,Chelsea,Away,3,1,0,A,0
2023-01-14,2022/23,Man City,Man United,Away,1,1,2,H,0
2023-01-19,2022/23,Man City,Tottenham,Home,6,4,2,H,0
2023-01-22,2022/23,Man City,Wolves,Home,7,3,0,H,0
2023-02-05,2022/23,Man City,Tottenham,Away,5,0,1,H,0
2023-02-12,2022/23,Man City,Aston Villa,Home,9,3,1,H,0
2023-02-15,2022/23,Man City,Arsenal,Away,6,3,1,A,0
2023-02-18,2022/23,Man City,Nott'm Forest,Away,6,1,1,D,0
2023-02-25,2022/23,Man City,Bournemouth,Away,5,4,1,A,0
2023-03-04,2022/23,Man City,Newcastle,Home,3,2,0,H,0
2023-03-11,2022/23,Man City,Crystal Palace,Away,4,1,0,A,0
2023-04-01,2022/23,Man City,Liverpool,Home,8,4,1,H,0
2023-04-08,2022/23,Man City,Southampton,Away,8,4,1,A,0
2023-04-15,2022/23,Man City,Leicester,Home,4,3,1,H,0
2023-04-26,2022/23,Man City,Arsenal,Home,9,4,1,H,0
2023-04-30,2022/23,Man City,Fulham,Away,9,2,1,A,0
2023-05-03,2022/23,Man City,West Ham,Home,7,3,0,H,0
2023-05-06,2022/23,Man City,Leeds,Home,6,2,1,H,0
2023-05-14,2022/23,Man City,Everton,Away,4,3,0,A,0
2023-05-21,2022/23,Man City,Chelsea,Home,2,1,0,H,0
2023-05-24,2022/23,Man City,Brighton,Away,4,1,1,D,0
2023-05-28,2022/23,Man City,Brentford,Away,3,0,1,H,0
2023-08-11,2023/24,Man City,Burnley,Away,8,3,0,A,0
2023-08-19,2023/24,Man City,Newcastle,Home,4,1,0,H,0
2023-08-27,2023/24,Man City,Sheffield United,Away,9,2,1,A,0
2023-09-02,2023/24,Man City,Fulham,Home,5,5,1,H,0
2023-09-16,2023/24,Man City,West Ham,Away,15,3,1,A,0
2023-09-23,2023/24,Man City,Nott'm Forest,Home,4,2,0,H,1
2023-09-30,2023/24,Man City,Wolves,Away,8,1,2,H,0
2023-10-08,2023/24,Man City,Arsenal,Away,1,0,1,H,0
2023-10-21,2023/24,Man City,Brighton,Home,6,2,1,H,1
2023-10-29,2023/24,Man City,Man United,Away,10,3,0,A,0
2023-11-04,2023/24,Man City,Bournemouth,Home,8,6,1,H,0
2023-11-12,2023/24,Man City,Chelsea,Away,10,4,4,D,0
2023-11-25,2023/24,Man City,Liverpool,Home,5,1,1,D,0
2023-12-03,2023/24,Man City,Tottenham,Home,4,3,3,D,0
2023-12-06,2023/24,Man City,Aston Villa,Away,2,0,1,H,0
2023-12-10,2023/24,Man City,Luton,Away,6,2,1,A,0
2023-12-16,2023/24,Man City,Crystal Palace,Home,9,2,2,D,0
2023-12-27,2023/24,Man City,Everton,Away,9,3,1,A,0
2023-12-30,2023/24,Man City,Sheffield United,Home,4,2,0,H,0
2024-01-13,2023/24,Man City,Newcastle,Away,11,3,2,A,0
2024-01-31,2023/24,Man City,Burnley,Home,4,3,1,H,0
2024-02-05,2023/24,Man City,Brentford,Away,15,3,1,A,0
2024-02-10,2023/24,Man City,Everton,Home,3,2,0,H,0
2024-02-17,2023/24,Man City,Chelsea,Home,5,1,1,D,0
2024-02-20,2023/24,Man City,Brentford,Home,11,1,0,H,0
2024-02-24,2023/24,Man City,Bournemouth,Away,6,1,0,A,0
2024-03-03,2023/24,Man City,Man United,Home,8,3,1,H,0
2024-03-10,2023/24,Man City,Liverpool,Away,6,1,1,D,0
2024-03-31,2023/24,Man City,Arsenal,Home,1,0,0,D,0
2024-04-03,2023/24,Man City,Aston Villa,Home,11,4,1,H,0
2024-04-06,2023/24,Man City,Crystal Palace,Away,8,4,2,A,0
2024-04-13,2023/24,Man City,Luton,Home,13,5,1,H,0
2024-04-25,2023/24,Man City,Brighton,Away,6,4,0,A,0
2024-04-28,2023/24,Man City,Nott'm Forest,Away,5,2,0,A,0
2024-05-04,2023/24,Man City,Wolves,Home,12,5,1,H,0
2024-05-11,2023/24,Man City,Fulham,Away,9,4,0,A,0
2024-05-14,2023/24,Man City,Tottenham,Away,5,2,0,A,0
2024-05-19,2023/24,Man City,West Ham,Home,12,3,1,H,0
2024-08-18,2024/25,Man City,Chelsea,Away,5,2,0,A,0
2024-08-24,2024/25,Man City,Ipswich,Home,5,4,1,H,0
2024-08-31,2024/25,Man City,West Ham,Away,8,3,1,A,0
2024-09-14,2024/25,Man City,Brentford,Home,7,2,1,H,0
2024-09-22,2024/25,Man City,Arsenal,Home,11,2,2,D,0
2024-09-28,2024/25,Man City,Newcastle,Away,6,1,1,D,0
2024-10-05,2024/25,Man City,Fulham,Home,7,3,2,H,0
2024-10-20,2024/25,Man City,Wolves,Away,7,2,1,A,0
2024-10-26,2024/25,Man City,Southampton,Home,8,1,0,H,0
2024-11-02,2024/25,Man City,Bournemouth,Away,4,1,2,H,0
2024-11-09,2024/25,Man City,Brighton,Away,6,1,2,H,0
2024-11-23,2024/25,Man City,Tottenham,Home,5,0,4,A,0
2024-12-01,2024/25,Man City,Liverpool,Away,2,0,2,H,0
2024-12-04,2024/25,Man City,Nott'm Forest,Home,7,3,0,H,0
2024-12-07,2024/25,Man City,Crystal Palace,Away,4,2,2,D,1
2024-12-15,2024/25,Man City,Man United,Home,3,1,2,A,0
2024-12-21,2024/25,Man City,Aston Villa,Away,6,1,2,H,0
2024-12-26,2024/25,Man City,Everton,Home,5,1,1,D,0
2024-12-29,2024/25,Man City,Leicester,Away,5,2,0,A,0
2025-01-04,2024/25,Man City,West Ham,Home,7,4,1,H,0
2025-01-14,2024/25,Man City,Brentford,Away,8,2,2,D,0
2025-01-19,2024/25,Man City,Ipswich,Away,9,6,0,A,0
2025-01-25,2024/25,Man City,Chelsea,Home,6,3,1,H,0
2025-02-02,2024/25,Man City,Arsenal,Away,4,1,5,H,0
2025-02-15,2024/25,Man City,Newcastle,Home,7,4,0,H,0
2025-02-23,2024/25,Man City,Liverpool,Home,5,0,2,A,0
2025-02-26,2024/25,Man City,Tottenham,Away,5,1,0,A,0
2025-03-08,2024/25,Man City,Nott'm Forest,Away,3,0,1,H,0
2025-03-15,2024/25,Man City,Brighton,Home,3,2,2,D,0
2025-04-02,2024/25,Man City,Leicester,Home,5,2,0,H,0
2025-04-06,2024/25,Man City,Man United,Away,5,0,0,D,0
2025-04-12,2024/25,Man City,Crystal Palace,Home,9,5,2,H,0
2025-04-19,2024/25,Man City,Everton,Away,7,2,0,A,0
2025-04-22,2024/25,Man City,Aston Villa,Home,6,2,1,H,0
2025-05-02,2024/25,Man City,Wolves,Home,2,1,0,H,0
2000-08-20,2000/01,Man United,Newcastle,Home,9,2,0,H,0
2000-08-22,2000/01,Man United,Ipswich,Away,6,1,1,D,0
2000-08-26,2000/01,Man United,West Ham,Away,5,2,2,D,0
2000-09-05,2000/01,Man United,Bradford,Home,12,6,0,H,0
2000-09-09,2000/01,Man United,Sunderland,Home,7,3,0,H,0
2000-09-16,2000/01,Man United,Everton,Away,9,3,1,A,0
2000-09-23,2000/01,Man United,Chelsea,Home,5,3,3,D,0
2000-10-01,2000/01,Man United,Arsenal,Away,4,0,1,H,0
2000-10-14,2000/01,Man United,Leicester,Away,5,3,0,A,0
2000-10-21,2000/01,Man United,Leeds,Home,14,3,0,H,0
2000-10-28,2000/01,Man United,Southampton,Home,8,5,0,H,0
2000-11-04,2000/01,Man United,Coventry,Away,6,2,1,A,0
2000-11-11,2000/01,Man United,Middlesbrough,Home,11,2,1,H,0
2000-11-18,2000/01,Man United,Man City,Away,4,1,0,A,0
2000-11-25,2000/01,Man United,Derby,Away,7,3,0,A,0
2000-12-02,2000/01,Man United,Tottenham,Home,8,2,0,H,0
2000-12-09,2000/01,Man United,Charlton,Away,8,3,3,D,0
2000-12-17,2000/01,Man United,Liverpool,Home,4,0,1,A,1
2000-12-23,2000/01,Man United,Ipswich,Home,4,2,0,H,0
2000-12-26,2000/01,Man United,Aston Villa,Away,3,1,0,A,0
2000-12-30,2000/01,Man United,Newcastle,Away,6,1,1,D,0
2001-01-01,2000/01,Man United,West Ham,Home,12,3,1,H,0
2001-01-13,2000/01,Man United,Bradford,Away,11,3,0,A,0
2001-01-20,2000/01,Man United,Aston Villa,Home,7,2,0,H,0
2001-01-31,2000/01,Man United,Sunderland,Away,7,1,0,A,1
2001-02-03,2000/01,Man United,Everton,Home,1,1,0,H,0
2001-02-10,2000/01,Man United,Chelsea,Away,6,1,1,D,0
2001-02-25,2000/01,Man United,Arsenal,Home,9,6,1,H,0
2001-03-03,2000/01,Man United,Leeds,Away,5,1,1,D,0
2001-03-17,2000/01,Man United,Leicester,Home,8,2,0,H,0
2001-03-31,2000/01,Man United,Liverpool,Away,3,0,2,H,0
2001-04-10,2000/01,Man United,Charlton,Home,8,2,1,H,0
2001-04-14,2000/01,Man United,Coventry,Home,13,4,2,H,0
2001-04-21,2000/01,Man United,Man City,Home,6,1,1,D,1
2001-04-28,2000/01,Man United,Middlesbrough,Away,5,2,0,A,0
2001-05-05,2000/01,Man United,Derby,Home,6,0,1,A,0
2001-05-13,2000/01,Man United,Southampton,Away,6,1,2,H,0
2001-05-19,2000/01,Man United,Tottenham,Away,6,1,3,H,0
2001-08-19,2001/02,Man United,Fulham,Home,6,3,2,H,0
2001-08-22,2001/02,Man United,Blackburn,Away,7,2,2,D,0
2001-08-26,2001/02,Man United,Aston Villa,Away,7,1,1,D,0
2001-09-08,2001/02,Man United,Everton,Home,9,4,1,H,0
2001-09-15,2001/02,Man United,Newcastle,Away,7,3,4,H,1
2001-09-22,2001/02,Man United,Ipswich,Home,8,4,0,H,0
2001-09-29,2001/02,Man United,Tottenham,Away,9,5,3,A,0
2001-10-13,2001/02,Man United,Sunderland,Away,8,3,1,A,0
2001-10-20,2001/02,Man United,Bolton,Home,6,1,2,A,0
2001-10-27,2001/02,Man United,Leeds,Home,6,1,1,D,0
2001-11-04,2001/02,Man United,Liverpool,Away,3,1,3,H,0
2001-11-17,2001/02,Man United,Leicester,Home,7,2,0,H,0
2001-11-25,2001/02,Man United,Arsenal,Away,1,1,3,H,0
2001-12-01,2001/02,Man United,Chelsea,Home,5,0,3,A,0
2001-12-08,2001/02,Man United,West Ham,Home,6,0,1,A,0
2001-12-12,2001/02,Man United,Derby,Home,11,5,0,H,0
2001-12-15,2001/02,Man United,Middlesbrough,Away,5,1,0,A,0
2001-12-22,2001/02,Man United,Southampton,Home,7,6,1,H,0
2001-12-26,2001/02,Man United,Everton,Away,7,2,0,A,0
2001-12-30,2001/02,Man United,Fulham,Away,10,3,2,A,0
2002-01-02,2001/02,Man United,Newcastle,Home,7,3,1,H,0
2002-01-13,2001/02,Man United,Southampton,Away,7,3,1,A,0
2002-01-19,2001/02,Man United,Blackburn,Home,6,2,1,H,0
2002-01-22,2001/02,Man United,Liverpool,Home,3,0,1,A,0
2002-01-29,2001/02,Man United,Bolton,Away,12,4,0,A,0
2002-02-02,2001/02,Man United,Sunderland,Home,8,4,1,H,0
2002-02-10,2001/02,Man United,Charlton,Away,5,2,0,A,0
2002-02-23,2001/02,Man United,Aston Villa,Home,4,1,0,H,0
2002-03-03,2001/02,Man United,Derby,Away,9,2,2,D,0
2002-03-06,2001/02,Man United,Tottenham,Home,14,4,0,H,0
2002-03-16,2001/02,Man United,West Ham,Away,9,5,3,A,0
2002-03-23,2001/02,Man United,Middlesbrough,Home,4,0,1,A,0
2002-03-30,2001/02,Man United,Leeds,Away,7,4,3,A,0
2002-04-06,2001/02,Man United,Leicester,Away,4,1,0,A,0
2002-04-20,2001/02,Man United,Chelsea,Away,5,3,0,A,0
2002-04-27,2001/02,Man United,Ipswich,Away,8,1,0,A,0
2002-05-08,2001/02,Man United,Arsenal,Home,3,0,1,A,0
2002-05-11,2001/02,Man United,Charlton,Home,6,0,0,D,0
2002-08-17,2002/03,Man United,West Brom,Home,13,1,0,H,0
2002-08-23,2002/03,Man United,Chelsea,Away,7,2,2,D,0
2002-08-31,2002/03,Man United,Sunderland,Away,10,1,1,D,1
2002-09-03,2002/03,Man United,Middlesbrough,Home,1,1,0,H,0
2002-09-11,2002/03,Man United,Bolton,Home,14,0,1,A,0
2002-09-14,2002/03,Man United,Leeds,Away,5,0,1,H,0
2002-09-21,2002/03,Man United,Tottenham,Home,9,1,0,H,0
2002-09-28,2002/03,Man United,Charlton,Away,7,3,1,A,0
2002-10-07,2002/03,Man United,Everton,Home,12,3,0,H,0
2002-10-19,2002/03,Man United,Fulham,Away,5,1,1,D,0
2002-10-26,2002/03,Man United,Aston Villa,Home,6,1,1,D,0
2002-11-02,2002/03,Man United,Southampton,Home,8,2,1,H,0
2002-11-09,2002/03,Man United,Man City,Away,6,1,3,H,0
2002-11-17,2002/03,Man United,West Ham,Away,4,1,1,D,0
2002-11-23,2002/03,Man United,Newcastle,Home,9,5,3,H,0
2002-12-01,2002/03,Man United,Liverpool,Away,4,2,1,A,0
2002-12-07,2002/03,Man United,Arsenal,Home,6,2,0,H,0
2002-12-14,2002/03,Man United,West Ham,Home,10,3,0,H,0
2002-12-22,2002/03,Man United,Blackburn,Away,6,0,1,H,0
2002-12-26,2002/03,Man United,Middlesbrough,Away,6,1,3,H,0
2002-12-28,2002/03,Man United,Birmingham,Home,10,2,0,H,0
2003-01-01,2002/03,Man United,Sunderland,Home,18,2,1,H,0
2003-01-11,2002/03,Man United,West Brom,Away,4,3,1,A,0
2003-01-18,2002/03,Man United,Chelsea,Home,8,2,1,H,0
2003-02-01,2002/03,Man United,Southampton,Away,8,2,0,A,0
2003-02-04,2002/03,Man United,Birmingham,Away,7,1,0,A,0
2003-02-09,2002/03,Man United,Man City,Home,8,1,1,D,0
2003-02-22,2002/03,Man United,Bolton,Away,3,1,1,D,0
2003-03-05,2002/03,Man United,Leeds,Home,2,2,1,H,0
2003-03-15,2002/03,Man United,Aston Villa,Away,5,1,0,A,0
2003-03-22,2002/03,Man United,Fulham,Home,11,3,0,H,0
2003-04-05,2002/03,Man United,Liverpool,Home,9,4,0,H,0
2003-04-12,2002/03,Man United,Newcastle,Away,11,6,2,A,0
2003-04-16,2002/03,Man United,Arsenal,Away,3,2,2,D,0
2003-04-19,2002/03,Man United,Blackburn,Home,12,3,1,H,0
2003-04-27,2002/03,Man United,Tottenham,Away,15,2,0,A,0
2003-05-03,2002/03,Man United,Charlton,Home,14,4,1,H,0
2003-05-11,2002/03,Man United,Everton,Away,12,2,1,A,0
2003-08-16,2003/04,Man United,Bolton,Home,6,4,0,H,0
2003-08-23,2003/04,Man United,Newcastle,Away,8,2,1,A,0
2003-08-27,2003/04,Man United,Wolves,Home,5,1,0,H,0
2003-08-31,2003/04,Man United,Southampton,Away,9,0,1,H,0
2003-09-13,2003/04,Man United,Charlton,Away,9,2,0,A,0
2003-09-21,2003/04,Man United,Arsenal,Home,7,0,0,D,0
2003-09-27,2003/04,Man United,Leicester,Away,9,4,1,A,0
2003-10-04,2003/04,Man United,Birmingham,Home,8,3,0,H,0
2003-10-18,2003/04,Man United,Leeds,Away,10,1,0,A,0
2003-10-25,2003/04,Man United,Fulham,Home,9,1,3,A,0
2003-11-01,2003/04,Man United,Portsmouth,Home,4,3,0,H,0
2003-11-09,2003/04,Man United,Liverpool,Away,4,2,1,A,0
2003-11-22,2003/04,Man United,Blackburn,Home,8,2,1,H,0
2003-11-30,2003/04,Man United,Chelsea,Away,3,0,1,H,0
2003-12-06,2003/04,Man United,Aston Villa,Home,8,4,0,H,0
2003-12-13,2003/04,Man United,Man City,Home,7,3,1,H,0
2003-12-21,2003/04,Man United,Tottenham,Away,7,2,1,A,0
2003-12-26,2003/04,Man United,Everton,Home,11,3,2,H,0
2003-12-28,2003/04,Man United,Middlesbrough,Away,6,1,0,A,1
2004-01-07,2003/04,Man United,Bolton,Away,7,2,1,A,0
2004-01-11,2003/04,Man United,Newcastle,Home,7,0,0,D,0
2004-01-17,2003/04,Man United,Wolves,Away,6,0,1,H,0
2004-01-31,2003/04,Man United,Southampton,Home,7,3,2,H,0
2004-02-07,2003/04,Man United,Everton,Away,9,4,3,A,0
2004-02-11,2003/04,Man United,Middlesbrough,Home,13,2,3,A,0
2004-02-21,2003/04,Man United,Leeds,Home,7,1,1,D,0
2004-02-28,2003/04,Man United,Fulham,Away,7,1,1,D,0
2004-03-14,2003/04,Man United,Man City,Away,9,1,4,H,0
2004-03-20,2003/04,Man United,Tottenham,Home,6,3,0,H,0
2004-03-28,2003/04,Man United,Arsenal,Away,8,1,1,D,0
2004-04-20,2003/04,Man United,Charlton,Home,6,2,0,H,0
2004-04-24,2003/04,Man United,Liverpool,Home,4,0,1,A,0
2004-05-01,2003/04,Man United,Blackburn,Away,5,0,1,H,0
2004-05-08,2003/04,Man United,Chelsea,Home,7,1,1,D,0
2004-08-15,2004/05,Man United,Chelsea,Away,3,0,1,H,0
2004-08-21,2004/05,Man United,Norwich,Home,7,2,1,H,0
2004-08-28,2004/05,Man United,Blackburn,Away,15,1,1,D,0
2004-08-30,2004/05,Man United,Everton,Home,6,0,0,D,0
2004-09-11,2004/05,Man United,Bolton,Away,7,2,2,D,0
2004-09-20,2004/05,Man United,Liverpool,Home,9,2,1,H,0
2004-09-25,2004/05,Man United,Tottenham,Away,4,1,0,A,0
2004-10-03,2004/05,Man United,Middlesbrough,Home,10,1,1,D,0
2004-10-16,2004/05,Man United,Birmingham,Away,7,0,0,D,0
2004-10-24,2004/05,Man United,Arsenal,Home,5,2,0,H,0
2004-10-30,2004/05,Man United,Portsmouth,Away,9,0,2,H,0
2004-11-07,2004/05,Man United,Man City,Home,10,0,0,D,1
2004-11-14,2004/05,Man United,Newcastle,Away,7,3,1,A,0
2004-11-20,2004/05,Man United,Charlton,Home,11,2,0,H,0
2004-11-27,2004/05,Man United,West Brom,Away,9,3,0,A,0
2004-12-04,2004/05,Man United,Southampton,Home,14,3,0,H,0
2004-12-13,2004/05,Man United,Fulham,Away,6,1,1,D,0
2004-12-18,2004/05,Man United,Crystal Palace,Home,14,5,2,H,0
2004-12-26,2004/05,Man United,Bolton,Home,7,2,0,H,0
2004-12-28,2004/05,Man United,Aston Villa,Away,7,1,0,A,0
2005-01-01,2004/05,Man United,Middlesbrough,Away,7,2,0,A,0
2005-01-04,2004/05,Man United,Tottenham,Home,16,0,0,D,0
2005-01-15,2004/05,Man United,Liverpool,Away,2,1,0,A,1
2005-01-22,2004/05,Man United,Aston Villa,Home,11,3,1,H,0
2005-02-01,2004/05,Man United,Arsenal,Away,9,4,2,A,1
2005-02-05,2004/05,Man United,Birmingham,Home,11,2,0,H,0
2005-02-13,2004/05,Man United,Man City,Away,3,2,0,A,0
2005-02-26,2004/05,Man United,Portsmouth,Home,6,2,1,H,0
2005-03-05,2004/05,Man United,Crystal Palace,Away,9,0,0,D,0
2005-03-19,2004/05,Man United,Fulham,Home,12,1,0,H,0
2005-04-02,2004/05,Man United,Blackburn,Home,9,0,0,D,0
2005-04-09,2004/05,Man United,Norwich,Away,8,0,2,H,0
2005-04-20,2004/05,Man United,Everton,Away,11,0,1,H,2
2005-08-13,2005/06,Man United,Everton,Away,5,2,0,A,0
2005-08-20,2005/06,Man United,Aston Villa,Home,12,1,0,H,0
2005-08-28,2005/06,Man United,Newcastle,Away,5,2,0,A,0
2005-09-10,2005/06,Man United,Man City,Home,2,1,1,D,0
2005-09-18,2005/06,Man United,Liverpool,Away,1,0,0,D,0
2005-09-24,2005/06,Man United,Blackburn,Home,8,1,2,A,0
2005-10-01,2005/06,Man United,Fulham,Away,7,3,2,A,0
2005-10-15,2005/06,Man United,Sunderland,Away,9,3,1,A,0
2005-10-22,2005/06,Man United,Tottenham,Home,9,1,1,D,0
2005-10-29,2005/06,Man United,Middlesbrough,Away,8,1,4,H,0
2005-11-06,2005/06,Man United,Chelsea,Home,5,1,0,H,0
2005-11-19,2005/06,Man United,Charlton,Away,7,3,1,A,0
2005-11-27,2005/06,Man United,West Ham,Away,10,2,1,A,0
2005-12-03,2005/06,Man United,Portsmouth,Home,12,3,0,H,0
2005-12-11,2005/06,Man United,Everton,Home,12,1,1,D,0
2005-12-14,2005/06,Man United,Wigan,Home,9,4,0,H,0
2005-12-17,2005/06,Man United,Aston Villa,Away,10,2,0,A,0
2005-12-26,2005/06,Man United,West Brom,Home,9,3,0,H,0
2005-12-28,2005/06,Man United,Birmingham,Away,5,2,2,D,0
2005-12-31,2005/06,Man United,Bolton,Home,9,4,1,H,0
2006-01-03,2005/06,Man United,Arsenal,Away,6,0,0,D,0
2006-01-14,2005/06,Man United,Man City,Away,4,1,3,H,1
2006-01-22,2005/06,Man United,Liverpool,Home,4,1,0,H,0
2006-02-01,2005/06,Man United,Blackburn,Away,6,3,4,H,1
2006-02-04,2005/06,Man United,Fulham,Home,14,4,2,H,0
2006-02-11,2005/06,Man United,Portsmouth,Away,4,3,1,A,0
2006-03-06,2005/06,Man United,Wigan,Away,2,2,1,A,0
2006-03-12,2005/06,Man United,Newcastle,Home,12,2,0,H,0
2006-03-18,2005/06,Man United,West Brom,Away,9,2,1,A,0
2006-03-26,2005/06,Man United,Birmingham,Home,5,3,0,H,0
2006-03-29,2005/06,Man United,West Ham,Home,13,1,0,H,0
2006-04-01,2005/06,Man United,Bolton,Away,10,2,1,A,0
2006-04-09,2005/06,Man United,Arsenal,Home,8,2,0,H,0
2006-04-14,2005/06,Man United,Sunderland,Home,11,0,0,D,0
2006-04-17,2005/06,Man United,Tottenham,Away,5,2,1,A,0
2006-04-29,2005/06,Man United,Chelsea,Away,2,0,3,H,0
2006-05-01,2005/06,Man United,Middlesbrough,Home,6,0,0,D,0
2006-05-07,2005/06,Man United,Charlton,Home,11,4,0,H,0
2006-08-20,2006/07,Man United,Fulham,Home,7,5,1,H,0
2006-08-23,2006/07,Man United,Charlton,Away,11,3,0,A,0
2006-08-26,2006/07,Man United,Watford,Away,10,2,1,A,0
2006-09-09,2006/07,Man United,Tottenham,Home,5,1,0,H,0
2006-09-17,2006/07,Man United,Arsenal,Home,9,0,1,A,0
2006-09-23,2006/07,Man United,Reading,Away,8,1,1,D,0
2006-10-01,2006/07,Man United,Newcastle,Home,11,2,0,H,0
2006-10-14,2006/07,Man United,Wigan,Away,5,3,1,A,0
2006-10-22,2006/07,Man United,Liverpool,Home,8,2,0,H,0
2006-10-28,2006/07,Man United,Bolton,Away,10,4,0,A,0
2006-11-04,2006/07,Man United,Portsmouth,Home,11,3,0,H,0
2006-11-11,2006/07,Man United,Blackburn,Away,7,1,0,A,0
2006-11-18,2006/07,Man United,Sheffield United,Away,15,2,1,A,0
2006-11-26,2006/07,Man United,Chelsea,Home,5,1,1,D,0
2006-11-29,2006/07,Man United,Everton,Home,6,3,0,H,0
2006-12-02,2006/07,Man United,Middlesbrough,Away,7,2,1,A,0
2006-12-09,2006/07,Man United,Man City,Home,11,3,1,H,0
2006-12-17,2006/07,Man United,West Ham,Away,11,0,1,H,0
2006-12-23,2006/07,Man United,Aston Villa,Away,10,3,0,A,0
2006-12-26,2006/07,Man United,Wigan,Home,8,3,1,H,0
2006-12-30,2006/07,Man United,Reading,Home,12,3,2,H,0
2007-01-01,2006/07,Man United,Newcastle,Away,8,2,2,D,0
2007-01-13,2006/07,Man United,Aston Villa,Home,17,3,1,H,0
2007-01-21,2006/07,Man United,Arsenal,Away,6,1,2,H,0
2007-01-31,2006/07,Man United,Watford,Home,10,4,0,H,0
2007-02-04,2006/07,Man United,Tottenham,Away,7,4,0,A,0
2007-02-10,2006/07,Man United,Charlton,Home,11,2,0,H,0
2007-02-24,2006/07,Man United,Fulham,Away,8,2,1,A,0
2007-03-03,2006/07,Man United,Liverpool,Away,3,1,0,A,1
2007-03-17,2006/07,Man United,Bolton,Home,7,4,1,H,0
2007-03-31,2006/07,Man United,Blackburn,Home,17,4,1,H,0
2007-04-07,2006/07,Man United,Portsmouth,Away,7,1,2,H,0
2007-04-17,2006/07,Man United,Sheffield United,Home,10,2,0,H,0
2007-04-21,2006/07,Man United,Middlesbrough,Home,9,1,1,D,0
2007-04-28,2006/07,Man United,Everton,Away,12,4,2,A,0
2007-05-05,2006/07,Man United,Man City,Away,3,1,0,A,0
2007-05-09,2006/07,Man United,Chelsea,Away,0,0,0,D,0
2007-05-13,2006/07,Man United,West Ham,Home,20,0,1,A,0
2007-08-12,2007/08,Man United,Reading,Home,9,0,0,D,0
2007-08-15,2007/08,Man United,Portsmouth,Away,12,1,1,D,1
2007-08-19,2007/08,Man United,Man City,Away,6,0,1,H,0
2007-08-26,2007/08,Man United,Tottenham,Home,5,1,0,H,0
2007-09-01,2007/08,Man United,Sunderland,Home,9,1,0,H,0
2007-09-15,2007/08,Man United,Everton,Away,8,1,0,A,0
2007-09-23,2007/08,Man United,Chelsea,Home,9,2,0,H,0
2007-09-29,2007/08,Man United,Birmingham,Away,4,1,0,A,0
2007-10-06,2007/08,Man United,Wigan,Home,12,4,0,H,0
2007-10-20,2007/08,Man United,Aston Villa,Away,13,4,1,A,0
2007-10-27,2007/08,Man United,Middlesbrough,Home,14,4,1,H,0
2007-11-03,2007/08,Man United,Arsenal,Away,4,2,2,D,0
2007-11-11,2007/08,Man United,Blackburn,Home,15,2,0,H,0
2007-11-24,2007/08,Man United,Bolton,Away,3,0,1,H,0
2007-12-03,2007/08,Man United,Fulham,Home,11,2,0,H,0
2007-12-08,2007/08,Man United,Derby,Home,12,4,1,H,0
2007-12-16,2007/08,Man United,Liverpool,Away,3,1,0,A,0
2007-12-23,2007/08,Man United,Everton,Home,11,2,1,H,0
2007-12-26,2007/08,Man United,Sunderland,Away,11,4,0,A,0
2007-12-29,2007/08,Man United,West Ham,Away,3,1,2,H,0
2008-01-01,2007/08,Man United,Birmingham,Home,13,1,0,H,0
2008-01-12,2007/08,Man United,Newcastle,Home,21,6,0,H,0
2008-01-19,2007/08,Man United,Reading,Away,9,2,0,A,0
2008-01-30,2007/08,Man United,Portsmouth,Home,14,2,0,H,0
2008-02-02,2007/08,Man United,Tottenham,Away,10,1,1,D,0
2008-02-10,2007/08,Man United,Man City,Home,9,1,2,A,0
2008-02-23,2007/08,Man United,Newcastle,Away,10,5,1,A,0
2008-03-01,2007/08,Man United,Fulham,Away,10,3,0,A,0
2008-03-15,2007/08,Man United,Derby,Away,9,1,0,A,0
2008-03-19,2007/08,Man United,Bolton,Home,12,2,0,H,0
2008-03-23,2007/08,Man United,Liverpool,Home,15,3,0,H,0
2008-03-29,2007/08,Man United,Aston Villa,Home,7,4,0,H,0
2008-04-06,2007/08,Man United,Middlesbrough,Away,7,2,2,D,0
2008-04-13,2007/08,Man United,Arsenal,Home,7,2,1,H,0
2008-04-19,2007/08,Man United,Blackburn,Away,10,1,1,D,0
2008-04-26,2007/08,Man United,Chelsea,Away,6,1,2,H,0
2008-05-03,2007/08,Man United,West Ham,Home,4,4,1,H,1
2008-05-11,2007/08,Man United,Wigan,Away,6,2,0,A,0
2008-08-17,2008/09,Man United,Newcastle,Home,12,1,1,D,0
2008-08-25,2008/09,Man United,Portsmouth,Away,7,1,0,A,0
2008-09-13,2008/09,Man United,Liverpool,Away,3,1,2,H,1
2008-09-21,2008/09,Man United,Chelsea,Away,8,1,1,D,0
2008-09-27,2008/09,Man United,Bolton,Home,24,2,0,H,0
2008-10-04,2008/09,Man United,Blackburn,Away,9,2,0,A,0
2008-10-18,2008/09,Man United,West Brom,Home,14,4,0,H,0
2008-10-25,2008/09,Man United,Everton,Away,14,1,1,D,0
2008-10-29,2008/09,Man United,West Ham,Home,12,2,0,H,0
2008-11-01,2008/09,Man United,Hull,Home,11,4,3,H,0
2008-11-08,2008/09,Man United,Arsenal,Away,9,1,2,H,0
2008-11-15,2008/09,Man United,Stoke,Home,15,5,0,H,0
2008-11-22,2008/09,Man United,Aston Villa,Away,7,0,0,D,0
2008-11-30,2008/09,Man United,Man City,Away,8,1,0,A,1
2008-12-06,2008/09,Man United,Sunderland,Home,15,1,0,H,0
2008-12-13,2008/09,Man United,Tottenham,Away,12,0,0,D,0
2008-12-26,2008/09,Man United,Stoke,Away,10,1,0,A,0
2008-12-29,2008/09,Man United,Middlesbrough,Home,13,1,0,H,0
2009-01-11,2008/09,Man United,Chelsea,Home,11,3,0,H,0
2009-01-14,2008/09,Man United,Wigan,Home,6,1,0,H,0
2009-01-17,2008/09,Man United,Bolton,Away,13,1,0,A,0
2009-01-27,2008/09,Man United,West Brom,Away,10,5,0,A,0
2009-01-31,2008/09,Man United,Everton,Home,10,1,0,H,0
2009-02-08,2008/09,Man United,West Ham,Away,6,1,0,A,0
2009-02-18,2008/09,Man United,Fulham,Home,9,3,0,H,0
2009-02-21,2008/09,Man United,Blackburn,Home,7,2,1,H,0
2009-03-04,2008/09,Man United,Newcastle,Away,9,2,1,A,0
2009-03-14,2008/09,Man United,Liverpool,Home,9,1,4,A,1
2009-03-21,2008/09,Man United,Fulham,Away,8,0,2,H,2
2009-04-05,2008/09,Man United,Aston Villa,Home,9,3,2,H,0
2009-04-11,2008/09,Man United,Sunderland,Away,8,2,1,A,0
2009-04-22,2008/09,Man United,Portsmouth,Home,14,2,0,H,0
2009-04-25,2008/09,Man United,Tottenham,Home,14,5,2,H,0
2009-05-02,2008/09,Man United,Middlesbrough,Away,4,2,0,A,0
2009-05-10,2008/09,Man United,Man City,Home,7,2,0,H,0
2009-05-13,2008/09,Man United,Wigan,Away,9,2,1,A,0
2009-05-16,2008/09,Man United,Arsenal,Home,5,0,0,D,0
2009-05-24,2008/09,Man United,Hull,Away,5,1,0,A,0
2009-08-16,2009/10,Man United,Birmingham,Home,17,1,0,H,0
2009-08-19,2009/10,Man United,Burnley,Away,9,0,1,H,0
2009-08-22,2009/10,Man United,Wigan,Away,13,5,0,A,0
2009-08-29,2009/10,Man United,Arsenal,Home,4,2,1,H,0
2009-09-12,2009/10,Man United,Tottenham,Away,13,3,1,A,1
2009-09-20,2009/10,Man United,Man City,Home,11,4,3,H,0
2009-09-26,2009/10,Man United,Stoke,Away,7,2,0,A,0
2009-10-03,2009/10,Man United,Sunderland,Home,9,2,2,D,0
2009-10-17,2009/10,Man United,Bolton,Home,7,2,1,H,0
2009-10-25,2009/10,Man United,Liverpool,Away,5,0,2,H,1
2009-10-31,2009/10,Man United,Blackburn,Home,11,2,0,H,0
2009-11-08,2009/10,Man United,Chelsea,Away,10,0,1,H,0
2009-11-21,2009/10,Man United,Everton,Home,11,3,0,H,0
2009-11-28,2009/10,Man United,Portsmouth,Away,8,4,1,A,0
2009-12-05,2009/10,Man United,West Ham,Away,11,4,0,A,0
2009-12-12,2009/10,Man United,Aston Villa,Home,9,0,1,A,0
2009-12-15,2009/10,Man United,Wolves,Home,9,3,0,H,0
2009-12-19,2009/10,Man United,Fulham,Away,4,0,3,H,0
2009-12-27,2009/10,Man United,Hull,Away,11,3,1,A,0
2009-12-30,2009/10,Man United,Wigan,Home,16,5,0,H,0
2010-01-09,2009/10,Man United,Birmingham,Away,10,1,1,D,1
2010-01-16,2009/10,Man United,Burnley,Home,11,3,0,H,0
2010-01-23,2009/10,Man United,Hull,Home,15,4,0,H,0
2010-01-31,2009/10,Man United,Arsenal,Away,5,3,1,A,0
2010-02-06,2009/10,Man United,Portsmouth,Home,8,5,0,H,0
2010-02-10,2009/10,Man United,Aston Villa,Away,6,1,1,D,1
2010-02-20,2009/10,Man United,Everton,Away,5,1,3,H,0
2010-02-23,2009/10,Man United,West Ham,Home,9,3,0,H,0
2010-03-06,2009/10,Man United,Wolves,Away,6,1,0,A,0
2010-03-14,2009/10,Man United,Fulham,Home,19,3,0,H,0
2010-03-21,2009/10,Man United,Liverpool,Home,5,2,1,H,0
2010-03-27,2009/10,Man United,Bolton,Away,8,4,0,A,0
2010-04-03,2009/10,Man United,Chelsea,Home,3,1,2,A,0
2010-04-11,2009/10,Man United,Blackburn,Away,6,0,0,D,0
2010-04-17,2009/10,Man United,Man City,Away,3,1,0,A,0
2010-04-24,2009/10,Man United,Tottenham,Home,8,3,1,H,0
2010-05-02,2009/10,Man United,Sunderland,Away,9,1,0,A,0
2010-05-09,2009/10,Man United,Stoke,Home,13,4,0,H,0
2010-08-16,2010/11,Man United,Newcastle,Home,10,3,0,H,0
2010-08-22,2010/11,Man United,Fulham,Away,7,2,2,D,0
2010-08-28,2010/11,Man United,West Ham,Home,11,3,0,H,0
2010-09-11,2010/11,Man United,Everton,Away,8,3,3,D,0
2010-09-19,2010/11,Man United,Liverpool,Home,7,3,2,H,0
2010-09-26,2010/11,Man United,Bolton,Away,6,2,2,D,0
2010-10-02,2010/11,Man United,Sunderland,Away,4,0,0,D,0
2010-10-16,2010/11,Man United,West Brom,Home,9,2,2,D,0
2010-10-24,2010/11,Man United,Stoke,Away,5,2,1,A,0
2010-10-30,2010/11,Man United,Tottenham,Home,10,2,0,H,0
2010-11-06,2010/11,Man United,Wolves,Home,10,2,1,H,0
2010-11-10,2010/11,Man United,Man City,Away,4,0,0,D,0
2010-11-13,2010/11,Man United,Aston Villa,Away,10,2,2,D,0
2010-11-20,2010/11,Man United,Wigan,Home,12,2,0,H,0
2010-11-27,2010/11,Man United,Blackburn,Home,11,7,1,H,0
2010-12-13,2010/11,Man United,Arsenal,Home,10,1,0,H,0
2010-12-26,2010/11,Man United,Sunderland,Home,10,2,0,H,0
2010-12-28,2010/11,Man United,Birmingham,Away,4,1,1,D,0
2011-01-01,2010/11,Man United,West Brom,Away,3,2,1,A,0
2011-01-04,2010/11,Man United,Stoke,Home,7,2,1,H,0
2011-01-16,2010/11,Man United,Tottenham,Away,4,0,0,D,1
2011-01-22,2010/11,Man United,Birmingham,Home,9,5,0,H,0
2011-01-25,2010/11,Man United,Blackpool,Away,13,3,2,A,0
2011-02-01,2010/11,Man United,Aston Villa,Home,11,3,1,H,0
2011-02-05,2010/11,Man United,Wolves,Away,7,1,2,H,0
2011-02-12,2010/11,Man United,Man City,Home,6,2,1,H,0
2011-02-26,2010/11,Man United,Wigan,Away,9,4,0,A,0
2011-03-01,2010/11,Man United,Chelsea,Away,7,1,2,H,1
2011-03-06,2010/11,Man United,Liverpool,Away,7,1,3,H,0
2011-03-19,2010/11,Man United,Bolton,Home,8,1,0,H,1
2011-04-02,2010/11,Man United,West Ham,Away,9,4,2,A,0
2011-04-09,2010/11,Man United,Fulham,Home,12,2,0,H,0
2011-04-19,2010/11,Man United,Newcastle,Away,8,0,0,D,0
2011-04-23,2010/11,Man United,Everton,Home,12,1,0,H,0
2011-05-01,2010/11,Man United,Arsenal,Away,7,0,1,H,0
2011-05-08,2010/11,Man United,Chelsea,Home,8,2,1,H,0
2011-05-14,2010/11,Man United,Blackburn,Away,4,1,1,D,0
2011-05-22,2010/11,Man United,Blackpool,Home,11,4,2,H,0
2011-08-14,2011/12,Man United,West Brom,Away,5,2,1,A,0
2011-08-22,2011/12,Man United,Tottenham,Home,21,3,0,H,0
2011-08-28,2011/12,Man United,Arsenal,Home,15,8,2,H,0
2011-09-10,2011/12,Man United,Bolton,Away,9,5,0,A,0
2011-09-18,2011/12,Man United,Chelsea,Home,7,3,1,H,0
2011-09-24,2011/12,Man United,Stoke,Away,9,1,1,D,0
2011-10-01,2011/12,Man United,Norwich,Home,9,2,0,H,0
2011-10-15,2011/12,Man United,Liverpool,Away,3,1,1,D,0
2011-10-23,2011/12,Man United,Man City,Home,8,1,6,A,1
2011-10-29,2011/12,Man United,Everton,Away,6,1,0,A,0
2011-11-05,2011/12,Man United,Sunderland,Home,9,1,0,H,0
2011-11-19,2011/12,Man United,Swansea,Away,7,1,0,A,0
2011-11-26,2011/12,Man United,Newcastle,Home,13,1,1,D,0
2011-12-03,2011/12,Man United,Aston Villa,Away,5,1,0,A,0
2011-12-10,2011/12,Man United,Wolves,Home,18,4,1,H,0
2011-12-18,2011/12,Man United,QPR,Away,12,2,0,A,0
2011-12-21,2011/12,Man United,Fulham,Away,12,5,0,A,0
2011-12-26,2011/12,Man United,Wigan,Home,9,5,0,H,0
2011-12-31,2011/12,Man United,Blackburn,Home,13,2,3,A,0
2012-01-04,2011/12,Man United,Newcastle,Away,6,0,3,H,0
2012-01-14,2011/12,Man United,Bolton,Home,9,3,0,H,0
2012-01-22,2011/12,Man United,Arsenal,Away,5,2,1,A,0
2012-01-31,2011/12,Man United,Stoke,Home,7,2,0,H,0
2012-02-05,2011/12,Man United,Chelsea,Away,10,3,3,D,0
2012-02-11,2011/12,Man United,Liverpool,Home,6,2,1,H,0
2012-02-26,2011/12,Man United,Norwich,Away,9,2,1,A,0
2012-03-04,2011/12,Man United,Tottenham,Away,5,3,1,A,0
2012-03-11,2011/12,Man United,West Brom,Home,9,2,0,H,0
2012-03-18,2011/12,Man United,Wolves,Away,18,5,0,A,0
2012-03-26,2011/12,Man United,Fulham,Home,16,1,0,H,0
2012-04-02,2011/12,Man United,Blackburn,Away,6,2,0,A,0
2012-04-08,2011/12,Man United,QPR,Home,14,2,0,H,0
2012-04-11,2011/12,Man United,Wigan,Away,3,0,1,H,0
2012-04-15,2011/12,Man United,Aston Villa,Home,16,4,0,H,0
2012-04-22,2011/12,Man United,Everton,Home,11,4,4,D,0
2012-04-30,2011/12,Man United,Man City,Away,2,0,1,H,0
2012-05-06,2011/12,Man United,Swansea,Home,18,2,0,H,0
2012-05-13,2011/12,Man United,Sunderland,Away,9,1,0,A,0
2012-08-20,2012/13,Man United,Everton,Away,7,0,1,H,0
2012-08-25,2012/13,Man United,Fulham,Home,11,3,2,H,0
2012-09-02,2012/13,Man United,Southampton,Away,9,3,2,A,0
2012-09-15,2012/13,Man United,Wigan,Home,10,4,0,H,0
2012-09-23,2012/13,Man United,Liverpool,Away,4,2,1,A,0
2012-09-29,2012/13,Man United,Tottenham,Home,8,2,3,A,0
2012-10-07,2012/13,Man United,Newcastle,Away,9,3,0,A,0
2012-10-20,2012/13,Man United,Stoke,Home,8,4,2,H,0
2012-10-28,2012/13,Man United,Chelsea,Away,7,3,2,A,0
2012-11-03,2012/13,Man United,Arsenal,Home,7,2,1,H,0
2012-11-10,2012/13,Man United,Aston Villa,Away,7,3,2,A,0
2012-11-17,2012/13,Man United,Norwich,Away,9,0,1,H,0
2012-11-24,2012/13,Man United,QPR,Home,10,3,1,H,0
2012-11-28,2012/13,Man United,West Ham,Home,13,1,0,H,0
2012-12-01,2012/13,Man United,Reading,Away,5,4,3,A,0
2012-12-09,2012/13,Man United,Man City,Away,3,3,2,A,0
2012-12-15,2012/13,Man United,Sunderland,Home,6,3,1,H,0
2012-12-23,2012/13,Man United,Swansea,Away,16,1,1,D,0
2012-12-26,2012/13,Man United,Newcastle,Home,10,4,3,H,0
2012-12-29,2012/13,Man United,West Brom,Home,14,2,0,H,0
2013-01-01,2012/13,Man United,Wigan,Away,9,4,0,A,0
2013-01-13,2012/13,Man United,Liverpool,Home,10,2,1,H,0
2013-01-20,2012/13,Man United,Tottenham,Away,4,1,1,D,0
2013-01-30,2012/13,Man United,Southampton,Home,7,2,1,H,0
2013-02-02,2012/13,Man United,Fulham,Away,8,1,0,A,0
2013-02-10,2012/13,Man United,Everton,Home,6,2,0,H,0
2013-02-23,2012/13,Man United,QPR,Away,8,2,0,A,0
2013-03-02,2012/13,Man United,Norwich,Home,10,4,0,H,0
2013-03-16,2012/13,Man United,Reading,Home,8,1,0,H,0
2013-03-30,2012/13,Man United,Sunderland,Away,6,1,0,A,0
2013-04-08,2012/13,Man United,Man City,Home,7,1,2,A,0
2013-04-14,2012/13,Man United,Stoke,Away,3,2,0,A,0
2013-04-17,2012/13,Man United,West Ham,Away,9,2,2,D,0
2013-04-22,2012/13,Man United,Aston Villa,Home,5,3,0,H,0
2013-04-28,2012/13,Man United,Arsenal,Away,5,1,1,D,0
2013-05-05,2012/13,Man United,Chelsea,Home,4,0,1,A,1
2013-05-12,2012/13,Man United,Swansea,Home,9,2,1,H,0
2013-05-19,2012/13,Man United,West Brom,Away,8,5,5,D,0
2013-08-17,2013/14,Man United,Swansea,Away,7,4,1,A,0
2013-08-26,2013/14,Man United,Chelsea,Home,3,0,0,D,0
2013-09-01,2013/14,Man United,Liverpool,Away,4,0,1,H,0
2013-09-14,2013/14,Man United,Crystal Palace,Home,7,2,0,H,0
2013-09-22,2013/14,Man United,Man City,Away,3,1,4,H,0
2013-09-28,2013/14,Man United,West Brom,Home,6,1,2,A,0
2013-10-05,2013/14,Man United,Sunderland,Away,6,2,1,A,0
2013-10-19,2013/14,Man United,Southampton,Home,5,1,1,D,0
2013-10-26,2013/14,Man United,Stoke,Home,5,3,2,H,0
2013-11-02,2013/14,Man United,Fulham,Away,4,3,1,A,0
2013-11-10,2013/14,Man United,Arsenal,Home,2,1,0,H,0
2013-11-24,2013/14,Man United,Cardiff,Away,5,2,2,D,0
2013-12-01,2013/14,Man United,Tottenham,Away,3,2,2,D,0
2013-12-04,2013/14,Man United,Everton,Home,6,0,1,A,0
2013-12-07,2013/14,Man United,Newcastle,Home,4,0,1,A,0
2013-12-15,2013/14,Man United,Aston Villa,Away,5,3,0,A,0
2013-12-21,2013/14,Man United,West Ham,Home,8,3,1,H,0
2013-12-26,2013/14,Man United,Hull,Away,4,3,2,A,1
2013-12-28,2013/14,Man United,Norwich,Away,3,1,0,A,0
2014-01-01,2013/14,Man United,Tottenham,Home,6,1,2,A,0
2014-01-11,2013/14,Man United,Swansea,Home,5,2,0,H,0
2014-01-19,2013/14,Man United,Chelsea,Away,4,1,3,H,1
2014-01-28,2013/14,Man United,Cardiff,Home,5,2,0,H,0
2014-02-01,2013/14,Man United,Stoke,Away,4,1,2,H,0
2014-02-09,2013/14,Man United,Fulham,Home,9,2,2,D,0
2014-02-12,2013/14,Man United,Arsenal,Away,2,0,0,D,0
2014-02-22,2013/14,Man United,Crystal Palace,Away,5,2,0,A,0
2014-03-08,2013/14,Man United,West Brom,Away,5,3,0,A,0
2014-03-16,2013/14,Man United,Liverpool,Home,1,0,3,A,1
2014-03-22,2013/14,Man United,West Ham,Away,7,2,0,A,0
2014-03-25,2013/14,Man United,Man City,Home,4,0,3,A,0
2014-03-29,2013/14,Man United,Aston Villa,Home,6,4,1,H,0
2014-04-05,2013/14,Man United,Newcastle,Away,4,4,0,A,0
2014-04-20,2013/14,Man United,Everton,Away,2,0,2,H,0
2014-04-26,2013/14,Man United,Norwich,Home,11,4,0,H,0
2014-05-03,2013/14,Man United,Sunderland,Home,2,0,1,A,0
2014-05-06,2013/14,Man United,Hull,Home,7,3,1,H,0
2014-05-11,2013/14,Man United,Southampton,Away,2,1,1,D,0
2014-08-16,2014/15,Man United,Swansea,Home,5,1,2,A,0
2014-08-24,2014/15,Man United,Sunderland,Away,3,1,1,D,0
2014-08-30,2014/15,Man United,Burnley,Away,2,0,0,D,0
2014-09-14,2014/15,Man United,QPR,Home,9,4,0,H,0
2014-09-21,2014/15,Man United,Leicester,Away,5,3,5,H,1
2014-09-27,2014/15,Man United,West Ham,Home,3,2,1,H,1
2014-10-05,2014/15,Man United,Everton,Home,4,2,1,H,0
2014-10-20,2014/15,Man United,West Brom,Away,7,2,2,D,0
2014-10-26,2014/15,Man United,Chelsea,Home,7,1,1,D,0
2014-11-02,2014/15,Man United,Man City,Away,2,0,1,H,1
2014-11-08,2014/15,Man United,Crystal Palace,Home,5,1,0,H,0
2014-11-22,2014/15,Man United,Arsenal,Away,2,2,1,A,0
2014-11-29,2014/15,Man United,Hull,Home,6,3,0,H,0
2014-12-02,2014/15,Man United,Stoke,Home,3,2,1,H,0
2014-12-08,2014/15,Man United,Southampton,Away,2,2,1,A,0
2014-12-14,2014/15,Man United,Liverpool,Home,6,3,0,H,0
2014-12-20,2014/15,Man United,Aston Villa,Away,9,1,1,D,0
2014-12-26,2014/15,Man United,Newcastle,Home,4,3,1,H,0
2014-12-28,2014/15,Man United,Tottenham,Away,5,0,0,D,0
2015-01-01,2014/15,Man United,Stoke,Away,2,1,1,D,0
2015-01-11,2014/15,Man United,Southampton,Home,0,0,1,A,0
2015-01-17,2014/15,Man United,QPR,Away,7,2,0,A,0
2015-01-31,2014/15,Man United,Leicester,Home,5,3,1,H,0
2015-02-08,2014/15,Man United,West Ham,Away,6,1,1,D,1
2015-02-11,2014/15,Man United,Burnley,Home,7,3,1,H,0
2015-02-21,2014/15,Man United,Swansea,Away,3,1,2,H,0
2015-02-28,2014/15,Man United,Sunderland,Home,10,2,0,H,0
2015-03-04,2014/15,Man United,Newcastle,Away,5,1,0,A,0
2015-03-15,2014/15,Man United,Tottenham,Home,3,3,0,H,0
2015-03-22,2014/15,Man United,Liverpool,Away,4,2,1,A,0
2015-04-04,2014/15,Man United,Aston Villa,Home,7,3,1,H,0
2015-04-12,2014/15,Man United,Man City,Home,7,4,2,H,0
2015-04-18,2014/15,Man United,Chelsea,Away,2,0,1,H,0
2015-04-26,2014/15,Man United,Everton,Away,4,0,3,H,0
2015-05-02,2014/15,Man United,West Brom,Home,9,0,1,A,0
2015-05-09,2014/15,Man United,Crystal Palace,Away,4,2,1,A,0
2015-05-17,2014/15,Man United,Arsenal,Home,4,1,1,D,0
2015-05-24,2014/15,Man United,Hull,Away,1,0,0,D,1
2015-08-08,2015/16,Man United,Tottenham,Home,1,1,0,H,0
2015-08-14,2015/16,Man United,Aston Villa,Away,2,1,0,A,0
2015-08-22,2015/16,Man United,Newcastle,Home,8,0,0,D,0
2015-08-30,2015/16,Man United,Swansea,Away,4,1,2,H,0
2015-09-12,2015/16,Man United,Liverpool,Home,3,3,1,H,0
2015-09-20,2015/16,Man United,Southampton,Away,3,3,2,A,0
2015-09-26,2015/16,Man United,Sunderland,Home,7,3,0,H,0
2015-10-04,2015/16,Man United,Arsenal,Away,5,0,3,H,0
2015-10-17,2015/16,Man United,Everton,Away,7,3,0,A,0
2015-10-25,2015/16,Man United,Man City,Home,1,0,0,D,0
2015-10-31,2015/16,Man United,Crystal Palace,Away,1,0,0,D,0
2015-11-07,2015/16,Man United,West Brom,Home,3,2,0,H,0
2015-11-21,2015/16,Man United,Watford,Away,6,2,1,A,0
2015-11-28,2015/16,Man United,Leicester,Away,2,1,1,D,0
2015-12-05,2015/16,Man United,West Ham,Home,1,0,0,D,0
2015-12-12,2015/16,Man United,Bournemouth,Away,5,1,2,H,0
2015-12-19,2015/16,Man United,Norwich,Home,2,1,2,A,0
2015-12-26,2015/16,Man United,Stoke,Away,6,0,2,H,0
2015-12-28,2015/16,Man United,Chelsea,Home,2,0,0,D,0
2016-01-02,2015/16,Man United,Swansea,Home,6,2,1,H,0
2016-01-12,2015/16,Man United,Newcastle,Away,4,3,3,D,0
2016-01-17,2015/16,Man United,Liverpool,Away,1,1,0,A,0
2016-01-23,2015/16,Man United,Southampton,Home,1,0,1,A,0
2016-02-02,2015/16,Man United,Stoke,Home,5,3,0,H,0
2016-02-07,2015/16,Man United,Chelsea,Away,7,1,1,D,0
2016-02-13,2015/16,Man United,Sunderland,Away,6,1,2,H,0
2016-02-28,2015/16,Man United,Arsenal,Home,5,3,2,H,0
2016-03-02,2015/16,Man United,Watford,Home,3,1,0,H,0
2016-03-06,2015/16,Man United,West Brom,Away,1,0,1,H,1
2016-03-20,2015/16,Man United,Man City,Away,3,1,0,A,0
2016-04-03,2015/16,Man United,Everton,Home,2,1,0,H,0
2016-04-10,2015/16,Man United,Tottenham,Away,1,0,3,H,0
2016-04-16,2015/16,Man United,Aston Villa,Home,4,1,0,H,0
2016-04-20,2015/16,Man United,Crystal Palace,Home,10,2,0,H,0
2016-05-01,2015/16,Man United,Leicester,Home,6,1,1,D,0
2016-05-07,2015/16,Man United,Norwich,Away,2,1,0,A,0
2016-05-10,2015/16,Man United,West Ham,Away,2,2,3,H,0
2016-05-17,2015/16,Man United,Bournemouth,Home,5,3,1,H,0
2016-08-14,2016/17,Man United,Bournemouth,Away,7,3,1,A,0
2016-08-19,2016/17,Man United,Southampton,Home,5,2,0,H,0
2016-08-27,2016/17,Man United,Hull,Away,9,1,0,A,0
2016-09-10,2016/17,Man United,Man City,Home,3,1,2,A,0
2016-09-18,2016/17,Man United,Watford,Away,2,1,3,H,0
2016-09-24,2016/17,Man United,Leicester,Home,7,4,1,H,0
2016-10-02,2016/17,Man United,Stoke,Home,9,1,1,D,0
2016-10-17,2016/17,Man United,Liverpool,Away,1,0,0,D,0
2016-10-23,2016/17,Man United,Chelsea,Away,5,0,4,H,0
2016-10-29,2016/17,Man United,Burnley,Home,11,0,0,D,1
2016-11-06,2016/17,Man United,Swansea,Away,3,3,1,A,0
2016-11-19,2016/17,Man United,Arsenal,Home,5,1,1,D,0
2016-11-27,2016/17,Man United,West Ham,Home,8,1,1,D,0
2016-12-04,2016/17,Man United,Everton,Away,2,1,1,D,0
2016-12-11,2016/17,Man United,Tottenham,Home,5,1,0,H,0
2016-12-14,2016/17,Man United,Crystal Palace,Away,6,2,1,A,0
2016-12-17,2016/17,Man United,West Brom,Away,5,2,0,A,0
2016-12-26,2016/17,Man United,Sunderland,Home,9,3,1,H,0
2016-12-31,2016/17,Man United,Middlesbrough,Home,12,2,1,H,0
2017-01-02,2016/17,Man United,West Ham,Away,6,2,0,A,0
2017-01-15,2016/17,Man United,Liverpool,Home,3,1,1,D,0
2017-01-21,2016/17,Man United,Stoke,Away,8,1,1,D,0
2017-02-01,2016/17,Man United,Hull,Home,6,0,0,D,0
2017-02-05,2016/17,Man United,Leicester,Away,9,3,0,A,0
2017-02-11,2016/17,Man United,Watford,Home,11,2,0,H,0
2017-03-04,2016/17,Man United,Bournemouth,Home,7,1,1,D,0
2017-03-19,2016/17,Man United,Middlesbrough,Away,6,3,1,A,0
2017-04-01,2016/17,Man United,West Brom,Home,3,0,0,D,0
2017-04-04,2016/17,Man United,Everton,Home,3,1,1,D,0
2017-04-09,2016/17,Man United,Sunderland,Away,9,3,0,A,0
2017-04-16,2016/17,Man United,Chelsea,Home,3,2,0,H,0
2017-04-23,2016/17,Man United,Burnley,Away,6,2,0,A,0
2017-04-27,2016/17,Man United,Man City,Away,1,0,0,D,1
2017-04-30,2016/17,Man United,Swansea,Home,6,1,1,D,0
2017-05-07,2016/17,Man United,Arsenal,Away,4,0,2,H,0
2017-05-14,2016/17,Man United,Tottenham,Away,2,1,2,H,0
2017-05-17,2016/17,Man United,Southampton,Away,1,0,0,D,0
2017-05-21,2016/17,Man United,Crystal Palace,Home,2,2,0,H,0
2017-08-13,2017/18,Man United,West Ham,Home,6,4,0,H,0
2017-08-19,2017/18,Man United,Swansea,Away,8,4,0,A,0
2017-08-26,2017/18,Man United,Leicester,Home,7,2,0,H,0
2017-09-09,2017/18,Man United,Stoke,Away,8,2,2,D,0
2017-09-17,2017/18,Man United,Everton,Home,7,4,0,H,0
2017-09-23,2017/18,Man United,Southampton,Away,4,1,0,A,0
2017-09-30,2017/18,Man United,Crystal Palace,Home,7,4,0,H,0
2017-10-14,2017/18,Man United,Liverpool,Away,1,0,0,D,0
2017-10-21,2017/18,Man United,Huddersfield,Away,3,1,2,H,0
2017-10-28,2017/18,Man United,Tottenham,Home,3,1,0,H,0
2017-11-05,2017/18,Man United,Chelsea,Away,2,0,1,H,0
2017-11-18,2017/18,Man United,Newcastle,Home,7,4,1,H,0
2017-11-25,2017/18,Man United,Brighton,Home,4,1,0,H,0
2017-11-28,2017/18,Man United,Watford,Away,7,4,2,A,0
2017-12-02,2017/18,Man United,Arsenal,Away,4,3,1,A,1
2017-12-10,2017/18,Man United,Man City,Home,5,1,2,A,0
2017-12-13,2017/18,Man United,Bournemouth,Home,2,1,0,H,0
2017-12-17,2017/18,Man United,West Brom,Away,3,2,1,A,0
2017-12-23,2017/18,Man United,Leicester,Away,6,2,2,D,0
2017-12-26,2017/18,Man United,Burnley,Home,6,2,2,D,0
2017-12-30,2017/18,Man United,Southampton,Home,3,0,0,D,0
2018-01-01,2017/18,Man United,Everton,Away,6,2,0,A,0
2018-01-15,2017/18,Man United,Stoke,Home,9,3,0,H,0
2018-01-20,2017/18,Man United,Burnley,Away,2,1,0,A,0
2018-01-31,2017/18,Man United,Tottenham,Away,3,0,2,H,0
2018-02-03,2017/18,Man United,Huddersfield,Home,7,2,0,H,0
2018-02-11,2017/18,Man United,Newcastle,Away,6,0,1,H,0
2018-02-25,2017/18,Man United,Chelsea,Home,5,2,1,H,0
2018-03-05,2017/18,Man United,Crystal Palace,Away,8,3,2,A,0
2018-03-10,2017/18,Man United,Liverpool,Home,2,2,1,H,0
2018-03-31,2017/18,Man United,Swansea,Home,5,2,0,H,0
2018-04-07,2017/18,Man United,Man City,Away,4,3,2,A,0
2018-04-15,2017/18,Man United,West Brom,Home,4,0,1,A,0
2018-04-18,2017/18,Man United,Bournemouth,Away,4,2,0,A,0
2018-04-29,2017/18,Man United,Arsenal,Home,3,2,1,H,0
2018-05-04,2017/18,Man United,Brighton,Away,3,0,1,H,0
2018-05-10,2017/18,Man United,West Ham,Away,6,0,0,D,0
2018-05-13,2017/18,Man United,Watford,Home,1,1,0,H,0
2018-08-10,2018/19,Man United,Leicester,Home,6,2,1,H,0
2018-08-19,2018/19,Man United,Brighton,Away,3,2,3,H,0
2018-08-27,2018/19,Man United,Tottenham,Home,5,0,3,A,0
2018-09-02,2018/19,Man United,Burnley,Away,9,2,0,A,1
2018-09-15,2018/19,Man United,Watford,Away,6,2,1,A,1
2018-09-22,2018/19,Man United,Wolves,Home,6,1,1,D,0
2018-09-29,2018/19,Man United,West Ham,Away,4,1,3,H,0
2018-10-06,2018/19,Man United,Newcastle,Home,10,3,2,H,0
2018-10-20,2018/19,Man United,Chelsea,Away,4,2,2,D,0
2018-10-28,2018/19,Man United,Everton,Home,10,2,1,H,0
2018-11-03,2018/19,Man United,Bournemouth,Away,8,2,1,A,0
2018-11-11,2018/19,Man United,Man City,Away,1,1,3,H,0
2018-11-24,2018/19,Man United,Crystal Palace,Home,5,0,0,D,0
2018-12-01,2018/19,Man United,Southampton,Away,5,2,2,D,0
2018-12-05,2018/19,Man United,Arsenal,Home,7,2,2,D,0
2018-12-08,2018/19,Man United,Fulham,Home,11,4,1,H,0
2018-12-16,2018/19,Man United,Liverpool,Away,2,1,3,H,0
2018-12-22,2018/19,Man United,Cardiff,Away,9,5,1,A,0
2018-12-26,2018/19,Man United,Huddersfield,Home,10,3,1,H,0
2018-12-30,2018/19,Man United,Bournemouth,Home,8,4,1,H,1
2019-01-02,2018/19,Man United,Newcastle,Away,7,2,0,A,0
2019-01-13,2018/19,Man United,Tottenham,Away,8,1,0,A,0
2019-01-19,2018/19,Man United,Brighton,Home,5,2,1,H,0
2019-01-29,2018/19,Man United,Burnley,Home,9,2,2,D,0
2019-02-03,2018/19,Man United,Leicester,Away,6,1,0,A,0
2019-02-09,2018/19,Man United,Fulham,Away,7,3,0,A,0
2019-02-24,2018/19,Man United,Liverpool,Home,3,0,0,D,0
2019-02-27,2018/19,Man United,Crystal Palace,Away,4,3,1,A,0
2019-03-02,2018/19,Man United,Southampton,Home,6,3,2,H,0
2019-03-10,2018/19,Man United,Arsenal,Away,4,0,2,H,0
2019-03-30,2018/19,Man United,Watford,Home,5,2,1,H,0
2019-04-02,2018/19,Man United,Wolves,Away,4,1,2,H,1
2019-04-13,2018/19,Man United,West Ham,Home,4,2,1,H,0
2019-04-21,2018/19,Man United,Everton,Away,1,0,4,H,0
2019-04-24,2018/19,Man United,Man City,Home,1,0,2,A,0
2019-04-28,2018/19,Man United,Chelsea,Home,5,1,1,D,0
2019-05-05,2018/19,Man United,Huddersfield,Away,7,1,1,D,0
2019-05-12,2018/19,Man United,Cardiff,Home,10,0,2,A,0
2019-08-11,2019/20,Man United,Chelsea,Home,5,4,0,H,0
2019-08-19,2019/20,Man United,Wolves,Away,2,1,1,D,0
2019-08-24,2019/20,Man United,Crystal Palace,Home,3,1,2,A,0
2019-08-31,2019/20,Man United,Southampton,Away,8,1,1,D,0
2019-09-14,2019/20,Man United,Leicester,Home,5,1,0,H,0
2019-09-22,2019/20,Man United,West Ham,Away,3,0,2,H,0
2019-09-30,2019/20,Man United,Arsenal,Home,4,1,1,D,0
2019-10-06,2019/20,Man United,Newcastle,Away,3,0,1,H,0
2019-10-20,2019/20,Man United,Liverpool,Home,2,1,1,D,0
2019-10-27,2019/20,Man United,Norwich,Away,11,3,1,A,0
2019-11-02,2019/20,Man United,Bournemouth,Away,4,0,1,H,0
2019-11-10,2019/20,Man United,Brighton,Home,11,3,1,H,0
2019-11-24,2019/20,Man United,Sheffield United,Away,5,3,3,D,0
2019-12-01,2019/20,Man United,Aston Villa,Home,6,2,2,D,0
2019-12-04,2019/20,Man United,Tottenham,Home,7,2,1,H,0
2019-12-07,2019/20,Man United,Man City,Away,7,2,1,A,0
2019-12-15,2019/20,Man United,Everton,Home,8,1,1,D,0
2019-12-22,2019/20,Man United,Watford,Away,8,0,2,H,0
2019-12-26,2019/20,Man United,Newcastle,Home,10,4,1,H,0
2019-12-28,2019/20,Man United,Burnley,Away,5,2,0,A,0
2020-01-01,2019/20,Man United,Arsenal,Away,4,0,2,H,0
2020-01-11,2019/20,Man United,Norwich,Home,6,4,0,H,0
2020-01-19,2019/20,Man United,Liverpool,Away,4,0,2,H,0
2020-01-22,2019/20,Man United,Burnley,Home,7,0,2,A,0
2020-02-01,2019/20,Man United,Wolves,Home,5,0,0,D,0
2020-02-17,2019/20,Man United,Chelsea,Away,3,2,0,A,0
2020-02-23,2019/20,Man United,Watford,Home,9,3,0,H,0
2020-03-01,2019/20,Man United,Everton,Away,5,1,1,D,0
2020-03-08,2019/20,Man United,Man City,Home,6,2,0,H,0
2020-06-19,2019/20,Man United,Tottenham,Away,6,1,1,D,0
2020-06-24,2019/20,Man United,Sheffield United,Home,6,3,0,H,0
2020-06-30,2019/20,Man United,Brighton,Away,6,3,0,A,0
2020-07-04,2019/20,Man United,Bournemouth,Home,10,5,2,H,0
2020-07-09,2019/20,Man United,Aston Villa,Away,6,3,0,A,0
2020-07-13,2019/20,Man United,Southampton,Home,4,2,2,D,0
2020-07-16,2019/20,Man United,Crystal Palace,Away,5,2,0,A,0
2020-07-22,2019/20,Man United,West Ham,Home,4,1,1,D,0
2020-07-26,2019/20,Man United,Leicester,Away,3,2,0,A,0
2020-09-19,2020/21,Man United,Crystal Palace,Home,4,1,3,A,0
2020-09-26,2020/21,Man United,Brighton,Away,3,3,2,A,0
2020-10-04,2020/21,Man United,Tottenham,Home,2,1,6,A,1
2020-10-17,2020/21,Man United,Newcastle,Away,14,4,1,A,0
2020-10-24,2020/21,Man United,Chelsea,Home,4,0,0,D,0
2020-11-01,2020/21,Man United,Arsenal,Home,2,0,1,A,0
2020-11-07,2020/21,Man United,Everton,Away,5,3,1,A,0
2020-11-21,2020/21,Man United,West Brom,Home,7,1,0,H,0
2020-11-29,2020/21,Man United,Southampton,Away,6,3,2,A,0
2020-12-05,2020/21,Man United,West Ham,Away,6,3,1,A,0
2020-12-12,2020/21,Man United,Man City,Home,2,0,0,D,0
2020-12-17,2020/21,Man United,Sheffield United,Away,8,3,2,A,0
2020-12-20,2020/21,Man United,Leeds,Home,14,6,2,H,0
2020-12-26,2020/21,Man United,Leicester,Away,4,2,2,D,0
2020-12-29,2020/21,Man United,Wolves,Home,3,1,0,H,0
2021-01-01,2020/21,Man United,Aston Villa,Home,9,2,1,H,0
2021-01-12,2020/21,Man United,Burnley,Away,7,1,0,A,0
2021-01-17,2020/21,Man United,Liverpool,Away,4,0,0,D,0
2021-01-20,2020/21,Man United,Fulham,Away,5,2,1,A,0
2021-01-27,2020/21,Man United,Sheffield United,Home,4,1,2,A,0
2021-01-30,2020/21,Man United,Arsenal,Away,3,0,0,D,0
2021-02-02,2020/21,Man United,Southampton,Home,14,9,0,H,0
2021-02-06,2020/21,Man United,Everton,Home,5,3,3,D,0
2021-02-14,2020/21,Man United,West Brom,Away,7,1,1,D,0
2021-02-21,2020/21,Man United,Newcastle,Home,7,3,1,H,0
2021-02-28,2020/21,Man United,Chelsea,Away,4,0,0,D,0
2021-03-03,2020/21,Man United,Crystal Palace,Away,1,0,0,D,0
2021-03-07,2020/21,Man United,Man City,Away,6,2,0,A,0
2021-03-14,2020/21,Man United,West Ham,Home,4,1,0,H,0
2021-04-04,2020/21,Man United,Brighton,Home,7,2,1,H,0
2021-04-11,2020/21,Man United,Tottenham,Away,7,3,1,A,0
2021-04-18,2020/21,Man United,Burnley,Home,9,3,1,H,0
2021-04-25,2020/21,Man United,Leeds,Away,4,0,0,D,0
2021-05-09,2020/21,Man United,Aston Villa,Away,7,3,1,A,0
2021-05-11,2020/21,Man United,Leicester,Home,1,1,2,A,0
2021-05-13,2020/21,Man United,Liverpool,Home,3,2,4,A,0
2021-05-18,2020/21,Man United,Fulham,Home,6,1,1,D,0
2021-05-23,2020/21,Man United,Wolves,Away,4,2,1,A,0
2021-08-14,2021/22,Man United,Leeds,Home,8,5,1,H,0
2021-08-22,2021/22,Man United,Southampton,Away,4,1,1,D,0
2021-08-29,2021/22,Man United,Wolves,Away,3,1,0,A,0
2021-09-11,2021/22,Man United,Newcastle,Home,7,4,1,H,0
2021-09-19,2021/22,Man United,West Ham,Away,10,2,1,A,0
2021-09-25,2021/22,Man United,Aston Villa,Home,4,0,1,A,0
2021-10-02,2021/22,Man United,Everton,Home,6,1,1,D,0
2021-10-16,2021/22,Man United,Leicester,Away,6,2,4,H,0
2021-10-24,2021/22,Man United,Liverpool,Home,4,0,5,A,1
2021-10-30,2021/22,Man United,Tottenham,Away,4,3,0,A,0
2021-11-06,2021/22,Man United,Man City,Home,1,0,2,A,0
2021-11-20,2021/22,Man United,Watford,Away,3,1,4,H,1
2021-11-28,2021/22,Man United,Chelsea,Away,2,1,1,D,0
2021-12-02,2021/22,Man United,Arsenal,Home,10,3,2,H,0
2021-12-05,2021/22,Man United,Crystal Palace,Home,3,1,0,H,0
2021-12-11,2021/22,Man United,Norwich,Away,5,1,0,A,0
2021-12-27,2021/22,Man United,Newcastle,Away,4,1,1,D,0
2021-12-30,2021/22,Man United,Burnley,Home,6,3,1,H,0
2022-01-03,2021/22,Man United,Wolves,Home,2,0,1,A,0
2022-01-15,2021/22,Man United,Aston Villa,Away,6,2,2,D,0
2022-01-19,2021/22,Man United,Brentford,Away,5,3,1,A,0
2022-01-22,2021/22,Man United,West Ham,Home,3,1,0,H,0
2022-02-08,2021/22,Man United,Burnley,Away,5,1,1,D,0
2022-02-12,2021/22,Man United,Southampton,Home,8,1,1,D,0
2022-02-15,2021/22,Man United,Brighton,Home,7,2,0,H,0
2022-02-20,2021/22,Man United,Leeds,Away,9,4,2,A,0
2022-02-26,2021/22,Man United,Watford,Home,3,0,0,D,0
2022-03-06,2021/22,Man United,Man City,Away,2,1,4,H,0
2022-03-12,2021/22,Man United,Tottenham,Home,6,3,2,H,0
2022-04-02,2021/22,Man United,Leicester,Home,5,1,1,D,0
2022-04-09,2021/22,Man United,Everton,Away,4,0,1,H,0
2022-04-16,2021/22,Man United,Norwich,Home,9,3,2,H,0
2022-04-19,2021/22,Man United,Liverpool,Away,1,0,4,H,0
2022-04-23,2021/22,Man United,Arsenal,Away,5,1,3,H,0
2022-04-28,2021/22,Man United,Chelsea,Home,3,1,1,D,0
2022-05-02,2021/22,Man United,Brentford,Home,5,3,0,H,0
2022-05-07,2021/22,Man United,Brighton,Away,5,0,4,H,0
2022-05-22,2021/22,Man United,Crystal Palace,Away,4,0,1,H,0
2022-08-07,2022/23,Man United,Brighton,Home,5,1,2,A,0
2022-08-13,2022/23,Man United,Brentford,Away,4,0,4,H,0
2022-08-22,2022/23,Man United,Liverpool,Home,4,2,1,H,0
2022-08-27,2022/23,Man United,Southampton,Away,6,1,0,A,0
2022-09-01,2022/23,Man United,Leicester,Away,2,1,0,A,0
2022-09-04,2022/23,Man United,Arsenal,Home,6,3,1,H,0
2022-10-02,2022/23,Man United,Man City,Away,8,3,6,H,0
2022-10-09,2022/23,Man United,Everton,Away,4,2,1,A,0
2022-10-16,2022/23,Man United,Newcastle,Home,2,0,0,D,0
2022-10-19,2022/23,Man United,Tottenham,Home,10,2,0,H,0
2022-10-22,2022/23,Man United,Chelsea,Away,6,1,1,D,0
2022-10-30,2022/23,Man United,West Ham,Home,3,1,0,H,0
2022-11-06,2022/23,Man United,Aston Villa,Away,3,1,3,H,0
2022-11-13,2022/23,Man United,Fulham,Away,9,2,1,A,0
2022-12-27,2022/23,Man United,Nott'm Forest,Home,8,3,0,H,0
2022-12-31,2022/23,Man United,Wolves,Away,6,1,0,A,0
2023-01-03,2022/23,Man United,Bournemouth,Home,6,3,0,H,0
2023-01-14,2022/23,Man United,Man City,Home,4,2,1,H,0
2023-01-18,2022/23,Man United,Crystal Palace,Away,4,1,1,D,0
2023-01-22,2022/23,Man United,Arsenal,Away,4,2,3,H,0
2023-02-04,2022/23,Man United,Crystal Palace,Home,5,2,1,H,1
2023-02-08,2022/23,Man United,Leeds,Home,7,2,2,D,0
2023-02-12,2022/23,Man United,Leeds,Away,5,2,0,A,0
2023-02-19,2022/23,Man United,Leicester,Home,8,3,0,H,0
2023-03-05,2022/23,Man United,Liverpool,Away,4,0,7,H,0
2023-03-12,2022/23,Man United,Southampton,Home,4,0,0,D,0
2023-04-02,2022/23,Man United,Newcastle,Away,1,0,2,H,0
2023-04-05,2022/23,Man United,Brentford,Home,3,1,0,H,0
2023-04-08,2022/23,Man United,Everton,Home,11,2,0,H,0
2023-04-16,2022/23,Man United,Nott'm Forest,Away,8,2,0,A,0
2023-04-27,2022/23,Man United,Tottenham,Away,8,2,2,D,0
2023-04-30,2022/23,Man United,Aston Villa,Home,6,1,0,H,0
2023-05-04,2022/23,Man United,Brighton,Away,5,0,1,H,0
2023-05-07,2022/23,Man United,West Ham,Away,4,0,1,H,0
2023-05-13,2022/23,Man United,Wolves,Home,9,2,0,H,0
2023-05-20,2022/23,Man United,Bournemouth,Away,5,1,0,A,0
2023-05-25,2022/23,Man United,Chelsea,Home,9,4,1,H,0
2023-05-28,2022/23,Man United,Fulham,Home,8,2,1,H,0
2023-08-14,2023/24,Man United,Wolves,Home,3,1,0,H,0
2023-08-19,2023/24,Man United,Tottenham,Away,6,0,2,H,0
2023-08-26,2023/24,Man United,Nott'm Forest,Home,9,3,2,H,0
2023-09-03,2023/24,Man United,Arsenal,Away,2,1,3,H,0
2023-09-16,2023/24,Man United,Brighton,Home,4,1,3,A,0
2023-09-23,2023/24,Man United,Burnley,Away,4,1,0,A,0
2023-09-30,2023/24,Man United,Crystal Palace,Home,4,0,1,A,0
2023-10-07,2023/24,Man United,Brentford,Home,8,2,1,H,0
2023-10-21,2023/24,Man United,Sheffield United,Away,5,2,1,A,0
2023-10-29,2023/24,Man United,Man City,Home,3,0,3,A,0
2023-11-04,2023/24,Man United,Fulham,Away,5,1,0,A,0
2023-11-11,2023/24,Man United,Luton,Home,4,1,0,H,0
2023-11-26,2023/24,Man United,Everton,Away,4,3,0,A,0
2023-12-02,2023/24,Man United,Newcastle,Away,1,0,1,H,0
2023-12-06,2023/24,Man United,Chelsea,Home,9,2,1,H,0
2023-12-09,2023/24,Man United,Bournemouth,Home,3,0,3,A,0
2023-12-17,2023/24,Man United,Liverpool,Away,1,0,0,D,1
2023-12-23,2023/24,Man United,West Ham,Away,3,0,2,H,0
2023-12-26,2023/24,Man United,Aston Villa,Home,7,3,2,H,0
2023-12-30,2023/24,Man United,Nott'm Forest,Away,5,1,2,H,0
2024-01-14,2023/24,Man United,Tottenham,Home,2,2,2,D,0
2024-02-01,2023/24,Man United,Wolves,Away,8,4,3,A,0
2024-02-04,2023/24,Man United,West Ham,Home,5,3,0,H,0
2024-02-11,2023/24,Man United,Aston Villa,Away,5,2,1,A,0
2024-02-18,2023/24,Man United,Luton,Away,9,2,1,A,0
2024-02-24,2023/24,Man United,Fulham,Home,9,1,2,A,0
2024-03-03,2023/24,Man United,Man City,Away,1,1,3,H,0
2024-03-09,2023/24,Man United,Everton,Home,8,2,0,H,0
2024-03-30,2023/24,Man United,Brentford,Away,5,1,1,D,0
2024-04-04,2023/24,Man United,Chelsea,Away,5,3,4,H,0
2024-04-07,2023/24,Man United,Liverpool,Home,5,2,2,D,0
2024-04-13,2023/24,Man United,Bournemouth,Away,2,2,2,D,0
2024-04-24,2023/24,Man United,Sheffield United,Home,13,4,2,H,0
2024-04-27,2023/24,Man United,Burnley,Home,10,1,1,D,0
2024-05-06,2023/24,Man United,Crystal Palace,Away,2,0,4,H,0
2024-05-12,2023/24,Man United,Arsenal,Home,2,0,1,A,0
2024-05-15,2023/24,Man United,Newcastle,Home,8,3,2,H,0
2024-05-19,2023/24,Man United,Brighton,Away,4,2,0,A,0
2024-08-16,2024/25,Man United,Fulham,Home,5,1,0,H,0
2024-08-24,2024/25,Man United,Brighton,Away,4,1,2,H,0
2024-09-01,2024/25,Man United,Liverpool,Home,3,0,3,A,0
2024-09-14,2024/25,Man United,Southampton,Away,10,3,0,A,0
2024-09-21,2024/25,Man United,Crystal Palace,Away,6,0,0,D,0
2024-09-29,2024/25,Man United,Tottenham,Home,2,0,3,A,1
2024-10-06,2024/25,Man United,Aston Villa,Away,4,0,0,D,0
2024-10-19,2024/25,Man United,Brentford,Home,11,2,1,H,0
2024-10-27,2024/25,Man United,West Ham,Away,5,1,2,H,0
2024-11-03,2024/25,Man United,Chelsea,Home,4,1,1,D,0
2024-11-10,2024/25,Man United,Leicester,Home,3,3,0,H,0
2024-11-24,2024/25,Man United,Ipswich,Away,4,1,1,D,0
2024-12-01,2024/25,Man United,Everton,Home,5,4,0,H,0
2024-12-04,2024/25,Man United,Arsenal,Away,2,0,2,H,0
2024-12-07,2024/25,Man United,Nott'm Forest,Home,7,2,3,A,0
2024-12-15,2024/25,Man United,Man City,Away,3,2,1,A,0
2024-12-22,2024/25,Man United,Bournemouth,Home,7,0,3,A,0
2024-12-26,2024/25,Man United,Wolves,Away,4,0,2,H,1
2024-12-30,2024/25,Man United,Newcastle,Home,0,0,2,A,0
2025-01-05,2024/25,Man United,Liverpool,Away,4,2,2,D,0
2025-01-16,2024/25,Man United,Southampton,Home,9,3,1,H,0
2025-01-19,2024/25,Man United,Brighton,Home,1,1,3,A,0
2025-01-26,2024/25,Man United,Fulham,Away,1,1,0,A,0
2025-02-02,2024/25,Man United,Crystal Palace,Home,2,0,2,A,0
2025-02-16,2024/25,Man United,Tottenham,Away,6,0,1,H,0
2025-02-22,2024/25,Man United,Everton,Away,3,2,2,D,0
2025-02-26,2024/25,Man United,Ipswich,Home,6,3,2,H,1
2025-03-09,2024/25,Man United,Arsenal,Home,6,1,1,D,0
2025-03-16,2024/25,Man United,Leicester,Away,5,3,0,A,0
2025-04-01,2024/25,Man United,Nott'm Forest,Away,6,0,1,H,0
2025-04-06,2024/25,Man United,Man City,Home,2,0,0,D,0
2025-04-13,2024/25,Man United,Newcastle,Away,5,1,4,H,0
2025-04-20,2024/25,Man United,Wolves,Home,2,0,1,A,0
2025-04-27,2024/25,Man United,Bournemouth,Away,6,1,1,D,0
2025-05-04,2024/25,Man United,Brentford,Away,5,3,4,H,0
2000-08-19,2000/01,Middlesbrough,Coventry,Away,9,3,1,A,0
2000-08-22,2000/01,Middlesbrough,Tottenham,Home,6,1,1,D,0
2000-08-26,2000/01,Middlesbrough,Leeds,Home,8,1,2,A,0
2000-09-06,2000/01,Middlesbrough,Derby,Away,4,3,3,D,0
2000-09-09,2000/01,Middlesbrough,Everton,Home,5,1,2,A,0
2000-09-17,2000/01,Middlesbrough,Man City,Away,2,1,1,D,0
2000-09-23,2000/01,Middlesbrough,Aston Villa,Home,5,1,1,D,0
2000-09-30,2000/01,Middlesbrough,Southampton,Away,5,3,1,A,0
2000-10-16,2000/01,Middlesbrough,Newcastle,Home,2,1,3,A,0
2000-10-21,2000/01,Middlesbrough,Charlton,Away,6,0,1,H,0
2000-10-28,2000/01,Middlesbrough,Ipswich,Away,3,1,2,H,0
2000-11-04,2000/01,Middlesbrough,Arsenal,Home,3,0,1,A,1
2000-11-11,2000/01,Middlesbrough,Man United,Away,1,1,2,H,0
2000-11-18,2000/01,Middlesbrough,Leicester,Home,4,0,3,A,0
2000-11-25,2000/01,Middlesbrough,Bradford,Home,9,2,2,D,1
2000-12-02,2000/01,Middlesbrough,West Ham,Away,3,0,1,H,1
2000-12-09,2000/01,Middlesbrough,Sunderland,Away,5,0,1,H,0
2000-12-16,2000/01,Middlesbrough,Chelsea,Home,4,1,0,H,0
2000-12-23,2000/01,Middlesbrough,Tottenham,Away,0,0,0,D,0
2000-12-26,2000/01,Middlesbrough,Liverpool,Home,2,1,0,H,0
2000-12-30,2000/01,Middlesbrough,Coventry,Home,6,1,1,D,0
2001-01-01,2000/01,Middlesbrough,Leeds,Away,3,1,1,D,0
2001-01-13,2000/01,Middlesbrough,Derby,Home,8,4,0,H,0
2001-01-20,2000/01,Middlesbrough,Liverpool,Away,2,0,0,D,0
2001-01-31,2000/01,Middlesbrough,Everton,Away,3,2,2,D,0
2001-02-03,2000/01,Middlesbrough,Man City,Home,6,1,1,D,1
2001-02-10,2000/01,Middlesbrough,Aston Villa,Away,3,1,1,D,0
2001-02-24,2000/01,Middlesbrough,Southampton,Home,6,0,1,A,0
2001-03-03,2000/01,Middlesbrough,Charlton,Home,2,0,0,D,0
2001-03-17,2000/01,Middlesbrough,Newcastle,Away,4,2,1,A,1
2001-03-31,2000/01,Middlesbrough,Chelsea,Away,3,1,2,H,0
2001-04-09,2000/01,Middlesbrough,Sunderland,Home,6,0,0,D,1
2001-04-14,2000/01,Middlesbrough,Arsenal,Away,2,3,0,A,0
2001-04-16,2000/01,Middlesbrough,Ipswich,Home,1,1,2,A,0
2001-04-21,2000/01,Middlesbrough,Leicester,Away,7,3,0,A,0
2001-04-28,2000/01,Middlesbrough,Man United,Home,3,0,2,A,0
2001-05-05,2000/01,Middlesbrough,Bradford,Away,9,1,1,D,0
2001-05-19,2000/01,Middlesbrough,West Ham,Home,7,2,1,H,0
2001-08-18,2001/02,Middlesbrough,Arsenal,Home,2,0,4,A,1
2001-08-21,2001/02,Middlesbrough,Bolton,Away,4,0,1,H,0
2001-08-25,2001/02,Middlesbrough,Everton,Away,1,0,2,H,0
2001-09-08,2001/02,Middlesbrough,Newcastle,Home,4,1,4,A,1
2001-09-15,2001/02,Middlesbrough,West Ham,Home,5,2,0,H,0
2001-09-17,2001/02,Middlesbrough,Leicester,Away,6,2,1,A,0
2001-09-23,2001/02,Middlesbrough,Chelsea,Away,2,2,2,D,0
2001-09-29,2001/02,Middlesbrough,Southampton,Home,3,1,3,A,0
2001-10-13,2001/02,Middlesbrough,Charlton,Away,4,0,0,D,0
2001-10-22,2001/02,Middlesbrough,Sunderland,Home,5,2,0,H,1
2001-10-27,2001/02,Middlesbrough,Tottenham,Away,3,1,2,H,0
2001-11-03,2001/02,Middlesbrough,Derby,Home,7,5,1,H,0
2001-11-17,2001/02,Middlesbrough,Aston Villa,Away,2,0,0,D,0
2001-11-25,2001/02,Middlesbrough,Ipswich,Home,4,0,0,D,0
2001-12-01,2001/02,Middlesbrough,Blackburn,Away,5,1,0,A,0
2001-12-08,2001/02,Middlesbrough,Liverpool,Away,2,0,2,H,0
2001-12-15,2001/02,Middlesbrough,Man United,Home,3,0,1,A,0
2001-12-26,2001/02,Middlesbrough,Newcastle,Away,2,0,3,H,0
2001-12-29,2001/02,Middlesbrough,Arsenal,Away,2,1,2,H,0
2002-01-01,2001/02,Middlesbrough,Everton,Home,4,1,0,H,0
2002-01-12,2001/02,Middlesbrough,Fulham,Away,4,1,2,H,0
2002-01-19,2001/02,Middlesbrough,Bolton,Home,3,1,1,D,0
2002-01-29,2001/02,Middlesbrough,Sunderland,Away,2,1,0,A,1
2002-02-03,2001/02,Middlesbrough,Charlton,Home,3,0,0,D,0
2002-02-09,2001/02,Middlesbrough,Leeds,Home,5,2,2,D,0
2002-02-19,2001/02,Middlesbrough,Fulham,Home,5,2,1,H,0
2002-02-23,2001/02,Middlesbrough,West Ham,Away,4,0,1,H,1
2002-03-02,2001/02,Middlesbrough,Leicester,Home,7,1,0,H,0
2002-03-06,2001/02,Middlesbrough,Southampton,Away,1,1,1,D,1
2002-03-16,2001/02,Middlesbrough,Liverpool,Home,5,1,2,A,0
2002-03-23,2001/02,Middlesbrough,Man United,Away,3,1,0,A,0
2002-03-30,2001/02,Middlesbrough,Tottenham,Home,3,1,1,D,0
2002-04-01,2001/02,Middlesbrough,Derby,Away,1,1,0,A,0
2002-04-06,2001/02,Middlesbrough,Aston Villa,Home,3,2,1,H,0
2002-04-20,2001/02,Middlesbrough,Blackburn,Home,2,1,3,A,1
2002-04-24,2001/02,Middlesbrough,Ipswich,Away,4,0,1,H,0
2002-04-27,2001/02,Middlesbrough,Chelsea,Home,2,0,2,A,0
2002-05-11,2001/02,Middlesbrough,Leeds,Away,3,0,1,H,0
2002-08-17,2002/03,Middlesbrough,Southampton,Away,5,0,0,D,0
2002-08-24,2002/03,Middlesbrough,Fulham,Home,3,2,2,D,0
2002-08-31,2002/03,Middlesbrough,Blackburn,Home,3,1,0,H,0
2002-09-03,2002/03,Middlesbrough,Man United,Away,3,0,1,H,0
2002-09-10,2002/03,Middlesbrough,Sunderland,Home,7,3,0,H,0
2002-09-14,2002/03,Middlesbrough,Everton,Away,5,1,2,H,0
2002-09-21,2002/03,Middlesbrough,Birmingham,Home,4,1,0,H,0
2002-09-28,2002/03,Middlesbrough,Tottenham,Away,12,3,0,A,0
2002-10-05,2002/03,Middlesbrough,Bolton,Home,2,2,0,H,0
2002-10-20,2002/03,Middlesbrough,Charlton,Away,5,0,1,H,0
2002-10-26,2002/03,Middlesbrough,Leeds,Home,7,2,2,D,1
2002-11-04,2002/03,Middlesbrough,Newcastle,Away,9,0,2,H,1
2002-11-09,2002/03,Middlesbrough,Liverpool,Home,3,1,0,H,0
2002-11-16,2002/03,Middlesbrough,Chelsea,Away,4,0,1,H,0
2002-11-23,2002/03,Middlesbrough,Man City,Home,7,3,1,H,0
2002-11-30,2002/03,Middlesbrough,West Brom,Away,2,0,1,H,0
2002-12-07,2002/03,Middlesbrough,West Ham,Home,5,2,2,D,0
2002-12-14,2002/03,Middlesbrough,Chelsea,Home,6,1,1,D,0
2002-12-21,2002/03,Middlesbrough,Arsenal,Away,1,0,2,H,1
2002-12-26,2002/03,Middlesbrough,Man United,Home,5,3,1,H,0
2002-12-28,2002/03,Middlesbrough,Aston Villa,Away,4,0,1,H,1
2003-01-01,2002/03,Middlesbrough,Blackburn,Away,3,0,1,H,0
2003-01-11,2002/03,Middlesbrough,Southampton,Home,4,2,2,D,0
2003-01-19,2002/03,Middlesbrough,Fulham,Away,4,0,1,H,0
2003-01-28,2002/03,Middlesbrough,Aston Villa,Home,8,2,5,A,0
2003-02-08,2002/03,Middlesbrough,Liverpool,Away,2,1,1,D,0
2003-02-22,2002/03,Middlesbrough,Sunderland,Away,5,3,1,A,0
2003-03-01,2002/03,Middlesbrough,Everton,Home,2,1,1,D,0
2003-03-05,2002/03,Middlesbrough,Newcastle,Home,4,1,0,H,0
2003-03-15,2002/03,Middlesbrough,Leeds,Away,3,3,2,A,0
2003-03-22,2002/03,Middlesbrough,Charlton,Home,6,1,1,D,0
2003-04-05,2002/03,Middlesbrough,West Brom,Home,12,3,0,H,0
2003-04-12,2002/03,Middlesbrough,Man City,Away,1,0,0,D,0
2003-04-19,2002/03,Middlesbrough,Arsenal,Home,3,0,2,A,0
2003-04-21,2002/03,Middlesbrough,West Ham,Away,2,0,1,H,0
2003-04-26,2002/03,Middlesbrough,Birmingham,Away,4,0,3,H,0
2003-05-03,2002/03,Middlesbrough,Tottenham,Home,16,5,1,H,0
2003-05-11,2002/03,Middlesbrough,Bolton,Away,3,1,2,H,1
2003-08-16,2003/04,Middlesbrough,Fulham,Away,5,2,3,H,0
2003-08-24,2003/04,Middlesbrough,Arsenal,Home,4,0,4,A,0
2003-08-26,2003/04,Middlesbrough,Leicester,Away,3,0,0,D,0
2003-08-30,2003/04,Middlesbrough,Leeds,Home,16,2,3,A,0
2003-09-13,2003/04,Middlesbrough,Bolton,Away,6,0,2,H,0
2003-09-21,2003/04,Middlesbrough,Everton,Home,4,1,0,H,0
2003-09-27,2003/04,Middlesbrough,Southampton,Away,9,1,0,A,0
2003-10-05,2003/04,Middlesbrough,Chelsea,Home,6,1,2,A,0
2003-10-18,2003/04,Middlesbrough,Newcastle,Home,7,0,1,A,0
2003-10-26,2003/04,Middlesbrough,Tottenham,Away,10,0,0,D,0
2003-11-01,2003/04,Middlesbrough,Wolves,Home,11,2,0,H,0
2003-11-08,2003/04,Middlesbrough,Aston Villa,Away,3,2,0,A,0
2003-11-22,2003/04,Middlesbrough,Liverpool,Home,3,0,0,D,0
2003-11-30,2003/04,Middlesbrough,Man City,Away,0,1,0,A,0
2003-12-06,2003/04,Middlesbrough,Portsmouth,Home,3,0,0,D,0
2003-12-13,2003/04,Middlesbrough,Charlton,Home,6,0,0,D,0
2003-12-26,2003/04,Middlesbrough,Blackburn,Away,3,2,2,D,0
2003-12-28,2003/04,Middlesbrough,Man United,Home,2,0,1,A,0
2004-01-07,2003/04,Middlesbrough,Fulham,Home,5,2,1,H,0
2004-01-10,2003/04,Middlesbrough,Arsenal,Away,4,1,4,H,0
2004-01-17,2003/04,Middlesbrough,Leicester,Home,7,3,3,D,0
2004-01-31,2003/04,Middlesbrough,Leeds,Away,6,3,0,A,0
2004-02-07,2003/04,Middlesbrough,Blackburn,Home,7,0,1,A,0
2004-02-11,2003/04,Middlesbrough,Man United,Away,8,3,2,A,0
2004-02-21,2003/04,Middlesbrough,Newcastle,Away,4,1,2,H,0
2004-03-03,2003/04,Middlesbrough,Birmingham,Away,6,1,3,H,1
2004-03-09,2003/04,Middlesbrough,Tottenham,Home,6,1,0,H,0
2004-03-13,2003/04,Middlesbrough,Charlton,Away,9,0,1,H,0
2004-03-20,2003/04,Middlesbrough,Birmingham,Home,9,5,3,H,0
2004-03-27,2003/04,Middlesbrough,Everton,Away,5,1,1,D,0
2004-04-03,2003/04,Middlesbrough,Bolton,Home,6,2,0,H,0
2004-04-17,2003/04,Middlesbrough,Wolves,Away,10,0,2,H,0
2004-04-24,2003/04,Middlesbrough,Aston Villa,Home,21,1,2,A,0
2004-05-02,2003/04,Middlesbrough,Liverpool,Away,6,0,2,H,0
2004-05-08,2003/04,Middlesbrough,Man City,Home,7,2,1,H,0
2004-08-14,2004/05,Middlesbrough,Newcastle,Home,8,2,2,D,0
2004-08-22,2004/05,Middlesbrough,Arsenal,Away,5,3,5,H,0
2004-08-25,2004/05,Middlesbrough,Fulham,Away,5,2,0,A,0
2004-08-28,2004/05,Middlesbrough,Crystal Palace,Home,15,2,1,H,0
2004-09-11,2004/05,Middlesbrough,Birmingham,Home,6,2,1,H,0
2004-09-19,2004/05,Middlesbrough,Everton,Away,11,0,1,H,0
2004-09-25,2004/05,Middlesbrough,Chelsea,Home,4,0,1,A,0
2004-10-03,2004/05,Middlesbrough,Man United,Away,9,1,1,D,0
2004-10-16,2004/05,Middlesbrough,Blackburn,Away,10,4,0,A,0
2004-10-24,2004/05,Middlesbrough,Portsmouth,Home,11,1,1,D,0
2004-10-30,2004/05,Middlesbrough,Charlton,Away,7,2,1,A,0
2004-11-07,2004/05,Middlesbrough,Bolton,Home,5,1,1,D,0
2004-11-14,2004/05,Middlesbrough,West Brom,Away,7,2,1,A,0
2004-11-20,2004/05,Middlesbrough,Liverpool,Home,6,2,0,H,0
2004-11-28,2004/05,Middlesbrough,Tottenham,Away,3,0,2,H,1
2004-12-06,2004/05,Middlesbrough,Man City,Home,7,3,2,H,0
2004-12-11,2004/05,Middlesbrough,Southampton,Away,7,2,2,D,0
2004-12-18,2004/05,Middlesbrough,Aston Villa,Home,8,3,0,H,0
2004-12-26,2004/05,Middlesbrough,Birmingham,Away,6,0,2,H,0
2004-12-28,2004/05,Middlesbrough,Norwich,Home,11,2,0,H,0
2005-01-01,2004/05,Middlesbrough,Man United,Home,2,0,2,A,0
2005-01-04,2004/05,Middlesbrough,Chelsea,Away,1,0,2,H,0
2005-01-16,2004/05,Middlesbrough,Everton,Home,12,1,1,D,0
2005-01-22,2004/05,Middlesbrough,Norwich,Away,15,4,4,D,0
2005-02-01,2004/05,Middlesbrough,Portsmouth,Away,2,1,2,H,0
2005-02-05,2004/05,Middlesbrough,Blackburn,Home,7,1,0,H,1
2005-02-12,2004/05,Middlesbrough,Bolton,Away,2,0,0,D,0
2005-02-27,2004/05,Middlesbrough,Charlton,Home,18,2,2,D,0
2005-03-05,2004/05,Middlesbrough,Aston Villa,Away,1,0,2,H,0
2005-03-20,2004/05,Middlesbrough,Southampton,Home,8,1,3,A,0
2005-04-02,2004/05,Middlesbrough,Crystal Palace,Away,5,1,0,A,0
2005-04-09,2004/05,Middlesbrough,Arsenal,Home,6,0,1,A,0
2005-04-19,2004/05,Middlesbrough,Fulham,Home,4,1,1,D,0
2005-08-13,2005/06,Middlesbrough,Liverpool,Home,2,0,0,D,1
2005-08-20,2005/06,Middlesbrough,Tottenham,Away,3,0,2,H,0
2005-08-23,2005/06,Middlesbrough,Birmingham,Away,3,3,0,A,0
2005-08-28,2005/06,Middlesbrough,Charlton,Home,6,0,3,A,0
2005-09-10,2005/06,Middlesbrough,Arsenal,Home,5,2,1,H,0
2005-09-18,2005/06,Middlesbrough,Wigan,Away,3,1,1,D,0
2005-09-25,2005/06,Middlesbrough,Sunderland,Home,11,0,2,A,0
2005-10-02,2005/06,Middlesbrough,Aston Villa,Away,10,3,2,A,0
2005-10-15,2005/06,Middlesbrough,Portsmouth,Home,7,1,1,D,0
2005-10-23,2005/06,Middlesbrough,West Ham,Away,9,1,2,H,0
2005-10-29,2005/06,Middlesbrough,Man United,Home,4,4,1,H,0
2005-11-06,2005/06,Middlesbrough,Everton,Away,9,0,1,H,0
2005-11-20,2005/06,Middlesbrough,Fulham,Home,11,3,2,H,0
2005-11-27,2005/06,Middlesbrough,West Brom,Home,8,2,2,D,0
2005-12-03,2005/06,Middlesbrough,Chelsea,Away,5,0,1,H,0
2005-12-10,2005/06,Middlesbrough,Liverpool,Away,3,0,2,H,1
2005-12-18,2005/06,Middlesbrough,Tottenham,Home,8,3,3,D,0
2005-12-26,2005/06,Middlesbrough,Blackburn,Home,5,0,2,A,0
2005-12-31,2005/06,Middlesbrough,Man City,Home,4,0,0,D,0
2006-01-02,2005/06,Middlesbrough,Newcastle,Away,3,2,2,D,0
2006-01-14,2005/06,Middlesbrough,Arsenal,Away,2,0,7,H,1
2006-01-21,2005/06,Middlesbrough,Wigan,Home,4,2,3,A,0
2006-01-31,2005/06,Middlesbrough,Sunderland,Away,4,3,0,A,0
2006-02-04,2005/06,Middlesbrough,Aston Villa,Home,4,0,4,A,0
2006-02-11,2005/06,Middlesbrough,Chelsea,Home,6,3,0,H,0
2006-02-26,2005/06,Middlesbrough,West Brom,Away,4,2,0,A,0
2006-03-04,2005/06,Middlesbrough,Birmingham,Home,6,1,0,H,0
2006-03-12,2005/06,Middlesbrough,Charlton,Away,7,1,2,H,0
2006-03-18,2005/06,Middlesbrough,Blackburn,Away,5,2,3,H,0
2006-03-26,2005/06,Middlesbrough,Bolton,Home,10,4,3,H,0
2006-04-02,2005/06,Middlesbrough,Man City,Away,9,1,0,A,0
2006-04-09,2005/06,Middlesbrough,Newcastle,Home,8,1,2,A,0
2006-04-15,2005/06,Middlesbrough,Portsmouth,Away,8,0,1,H,0
2006-04-17,2005/06,Middlesbrough,West Ham,Home,8,2,0,H,0
2006-04-29,2005/06,Middlesbrough,Everton,Home,3,0,1,A,0
2006-05-01,2005/06,Middlesbrough,Man United,Away,6,0,0,D,0
2006-05-03,2005/06,Middlesbrough,Bolton,Away,3,1,1,D,0
2006-05-07,2005/06,Middlesbrough,Fulham,Away,3,0,1,H,0
2006-08-19,2006/07,Middlesbrough,Reading,Away,5,2,3,H,0
2006-08-23,2006/07,Middlesbrough,Chelsea,Home,2,2,1,H,0
2006-08-28,2006/07,Middlesbrough,Portsmouth,Home,8,0,4,A,0
2006-09-09,2006/07,Middlesbrough,Arsenal,Away,1,1,1,D,1
2006-09-16,2006/07,Middlesbrough,Bolton,Away,7,0,0,D,0
2006-09-23,2006/07,Middlesbrough,Blackburn,Home,7,0,1,A,0
2006-09-30,2006/07,Middlesbrough,Sheffield United,Away,2,1,2,H,0
2006-10-14,2006/07,Middlesbrough,Everton,Home,6,2,1,H,0
2006-10-22,2006/07,Middlesbrough,Newcastle,Home,8,1,0,H,0
2006-10-30,2006/07,Middlesbrough,Man City,Away,0,0,1,H,0
2006-11-04,2006/07,Middlesbrough,Watford,Away,2,0,2,H,0
2006-11-11,2006/07,Middlesbrough,West Ham,Home,8,1,0,H,0
2006-11-18,2006/07,Middlesbrough,Liverpool,Home,1,0,0,D,0
2006-11-25,2006/07,Middlesbrough,Aston Villa,Away,4,1,1,D,0
2006-12-02,2006/07,Middlesbrough,Man United,Home,5,1,2,A,0
2006-12-05,2006/07,Middlesbrough,Tottenham,Away,3,1,2,H,1
2006-12-09,2006/07,Middlesbrough,Wigan,Home,7,1,1,D,0
2006-12-18,2006/07,Middlesbrough,Fulham,Away,10,1,2,H,0
2006-12-23,2006/07,Middlesbrough,Charlton,Home,9,2,0,H,0
2006-12-26,2006/07,Middlesbrough,Everton,Away,2,0,0,D,0
2006-12-30,2006/07,Middlesbrough,Blackburn,Away,5,1,2,H,0
2007-01-01,2006/07,Middlesbrough,Sheffield United,Home,7,3,1,H,0
2007-01-13,2006/07,Middlesbrough,Charlton,Away,9,3,1,A,0
2007-01-20,2006/07,Middlesbrough,Bolton,Home,5,5,1,H,0
2007-01-30,2006/07,Middlesbrough,Portsmouth,Away,3,0,0,D,0
2007-02-03,2006/07,Middlesbrough,Arsenal,Home,1,1,1,D,0
2007-02-10,2006/07,Middlesbrough,Chelsea,Away,0,0,3,H,0
2007-02-24,2006/07,Middlesbrough,Reading,Home,6,2,1,H,0
2007-03-03,2006/07,Middlesbrough,Newcastle,Away,4,0,0,D,0
2007-03-17,2006/07,Middlesbrough,Man City,Home,5,0,2,A,0
2007-03-31,2006/07,Middlesbrough,West Ham,Away,3,0,2,H,0
2007-04-07,2006/07,Middlesbrough,Watford,Home,14,4,1,H,0
2007-04-14,2006/07,Middlesbrough,Aston Villa,Home,5,1,3,A,0
2007-04-18,2006/07,Middlesbrough,Liverpool,Away,2,0,2,H,0
2007-04-21,2006/07,Middlesbrough,Man United,Away,5,1,1,D,0
2007-04-28,2006/07,Middlesbrough,Tottenham,Home,8,2,3,A,0
2007-05-05,2006/07,Middlesbrough,Wigan,Away,3,1,0,A,0
2007-05-13,2006/07,Middlesbrough,Fulham,Home,10,3,1,H,0
2007-08-11,2007/08,Middlesbrough,Blackburn,Home,6,1,2,A,0
2007-08-15,2007/08,Middlesbrough,Wigan,Away,1,0,1,H,0
2007-08-18,2007/08,Middlesbrough,Fulham,Away,6,2,1,A,0
2007-08-26,2007/08,Middlesbrough,Newcastle,Home,7,2,2,D,0
2007-09-01,2007/08,Middlesbrough,Birmingham,Home,7,2,0,H,0
2007-09-15,2007/08,Middlesbrough,West Ham,Away,12,0,3,H,0
2007-09-22,2007/08,Middlesbrough,Sunderland,Home,5,2,2,D,0
2007-09-30,2007/08,Middlesbrough,Everton,Away,5,0,2,H,0
2007-10-07,2007/08,Middlesbrough,Man City,Away,11,1,3,H,0
2007-10-20,2007/08,Middlesbrough,Chelsea,Home,4,0,2,A,0
2007-10-27,2007/08,Middlesbrough,Man United,Away,4,1,4,H,0
2007-11-03,2007/08,Middlesbrough,Tottenham,Home,3,1,1,D,0
2007-11-11,2007/08,Middlesbrough,Bolton,Away,7,0,0,D,0
2007-11-24,2007/08,Middlesbrough,Aston Villa,Home,8,0,3,A,0
2007-12-01,2007/08,Middlesbrough,Reading,Away,11,1,1,D,0
2007-12-09,2007/08,Middlesbrough,Arsenal,Home,7,2,1,H,0
2007-12-15,2007/08,Middlesbrough,Derby,Away,5,1,0,A,0
2007-12-22,2007/08,Middlesbrough,West Ham,Home,2,1,2,A,0
2007-12-26,2007/08,Middlesbrough,Birmingham,Away,12,0,3,H,0
2007-12-29,2007/08,Middlesbrough,Portsmouth,Away,7,1,0,A,0
2008-01-01,2007/08,Middlesbrough,Everton,Home,4,0,2,A,0
2008-01-12,2007/08,Middlesbrough,Liverpool,Home,3,1,1,D,0
2008-01-19,2007/08,Middlesbrough,Blackburn,Away,5,1,1,D,0
2008-01-29,2007/08,Middlesbrough,Wigan,Home,3,1,0,H,0
2008-02-03,2007/08,Middlesbrough,Newcastle,Away,11,1,1,D,0
2008-02-09,2007/08,Middlesbrough,Fulham,Home,6,1,0,H,0
2008-02-23,2007/08,Middlesbrough,Liverpool,Away,3,2,3,H,1
2008-03-01,2007/08,Middlesbrough,Reading,Home,5,0,1,A,0
2008-03-12,2007/08,Middlesbrough,Aston Villa,Away,2,1,1,D,0
2008-03-15,2007/08,Middlesbrough,Arsenal,Away,1,1,1,D,1
2008-03-22,2007/08,Middlesbrough,Derby,Home,3,1,0,H,0
2008-03-30,2007/08,Middlesbrough,Chelsea,Away,3,0,1,H,0
2008-04-06,2007/08,Middlesbrough,Man United,Home,7,2,2,D,0
2008-04-12,2007/08,Middlesbrough,Tottenham,Away,7,1,1,D,0
2008-04-19,2007/08,Middlesbrough,Bolton,Home,10,0,1,A,0
2008-04-26,2007/08,Middlesbrough,Sunderland,Away,6,2,3,H,0
2008-05-03,2007/08,Middlesbrough,Portsmouth,Home,7,2,0,H,0
2008-05-11,2007/08,Middlesbrough,Man City,Home,15,8,1,H,0
2008-08-16,2008/09,Middlesbrough,Tottenham,Home,10,2,1,H,0
2008-08-23,2008/09,Middlesbrough,Liverpool,Away,4,1,2,H,0
2008-08-30,2008/09,Middlesbrough,Stoke,Home,12,2,1,H,0
2008-09-13,2008/09,Middlesbrough,Portsmouth,Away,3,1,2,H,0
2008-09-20,2008/09,Middlesbrough,Sunderland,Away,11,0,2,H,0
2008-09-27,2008/09,Middlesbrough,West Brom,Home,13,0,1,A,0
2008-10-04,2008/09,Middlesbrough,Wigan,Away,2,1,0,A,0
2008-10-18,2008/09,Middlesbrough,Chelsea,Home,4,0,5,A,0
2008-10-25,2008/09,Middlesbrough,Blackburn,Away,2,1,1,D,0
2008-10-29,2008/09,Middlesbrough,Man City,Home,3,2,0,H,0
2008-11-01,2008/09,Middlesbrough,West Ham,Home,7,1,1,D,0
2008-11-09,2008/09,Middlesbrough,Aston Villa,Away,8,2,1,A,0
2008-11-16,2008/09,Middlesbrough,Everton,Away,3,1,1,D,0
2008-11-22,2008/09,Middlesbrough,Bolton,Home,5,1,3,A,0
2008-11-29,2008/09,Middlesbrough,Newcastle,Home,7,0,0,D,0
2008-12-06,2008/09,Middlesbrough,Hull,Away,7,1,2,H,1
2008-12-13,2008/09,Middlesbrough,Arsenal,Home,3,1,1,D,0
2008-12-20,2008/09,Middlesbrough,Fulham,Away,5,0,3,H,0
2008-12-26,2008/09,Middlesbrough,Everton,Home,5,0,1,A,0
2008-12-29,2008/09,Middlesbrough,Man United,Away,2,0,1,H,0
2009-01-10,2008/09,Middlesbrough,Sunderland,Home,3,1,1,D,0
2009-01-17,2008/09,Middlesbrough,West Brom,Away,3,0,3,H,1
2009-01-28,2008/09,Middlesbrough,Chelsea,Away,5,0,2,H,0
2009-01-31,2008/09,Middlesbrough,Blackburn,Home,4,0,0,D,0
2009-02-07,2008/09,Middlesbrough,Man City,Away,4,0,1,H,0
2009-02-21,2008/09,Middlesbrough,Wigan,Home,3,0,0,D,0
2009-02-28,2008/09,Middlesbrough,Liverpool,Home,3,2,0,H,0
2009-03-04,2008/09,Middlesbrough,Tottenham,Away,6,0,4,H,0
2009-03-14,2008/09,Middlesbrough,Portsmouth,Home,11,1,1,D,1
2009-03-21,2008/09,Middlesbrough,Stoke,Away,8,0,1,H,0
2009-04-04,2008/09,Middlesbrough,Bolton,Away,4,1,4,H,0
2009-04-11,2008/09,Middlesbrough,Hull,Home,9,3,1,H,0
2009-04-18,2008/09,Middlesbrough,Fulham,Home,14,0,0,D,0
2009-04-26,2008/09,Middlesbrough,Arsenal,Away,4,0,2,H,0
2009-05-02,2008/09,Middlesbrough,Man United,Home,5,0,2,A,0
2009-05-11,2008/09,Middlesbrough,Newcastle,Away,5,1,3,H,0
2009-05-16,2008/09,Middlesbrough,Aston Villa,Home,6,1,1,D,0
2009-05-24,2008/09,Middlesbrough,West Ham,Away,6,1,2,H,0
2016-08-13,2016/17,Middlesbrough,Stoke,Home,2,1,1,D,0
2016-08-21,2016/17,Middlesbrough,Sunderland,Away,3,2,1,A,0
2016-08-28,2016/17,Middlesbrough,West Brom,Away,2,0,0,D,0
2016-09-10,2016/17,Middlesbrough,Crystal Palace,Home,4,1,2,A,0
2016-09-17,2016/17,Middlesbrough,Everton,Away,0,1,3,H,0
2016-09-24,2016/17,Middlesbrough,Tottenham,Home,2,1,2,A,0
2016-10-01,2016/17,Middlesbrough,West Ham,Away,3,1,1,D,0
2016-10-16,2016/17,Middlesbrough,Watford,Home,3,0,1,A,0
2016-10-22,2016/17,Middlesbrough,Arsenal,Away,4,0,0,D,0
2016-10-29,2016/17,Middlesbrough,Bournemouth,Home,3,2,0,H,0
2016-11-05,2016/17,Middlesbrough,Man City,Away,3,1,1,D,0
2016-11-20,2016/17,Middlesbrough,Chelsea,Home,1,0,1,A,0
2016-11-26,2016/17,Middlesbrough,Leicester,Away,2,2,2,D,0
2016-12-05,2016/17,Middlesbrough,Hull,Home,4,1,0,H,0
2016-12-11,2016/17,Middlesbrough,Southampton,Away,2,0,1,H,0
2016-12-14,2016/17,Middlesbrough,Liverpool,Home,3,0,3,A,0
2016-12-17,2016/17,Middlesbrough,Swansea,Home,4,3,0,H,0
2016-12-26,2016/17,Middlesbrough,Burnley,Away,2,0,1,H,0
2016-12-31,2016/17,Middlesbrough,Man United,Away,2,1,2,H,0
2017-01-02,2016/17,Middlesbrough,Leicester,Home,1,0,0,D,0
2017-01-14,2016/17,Middlesbrough,Watford,Away,1,0,0,D,0
2017-01-21,2016/17,Middlesbrough,West Ham,Home,2,1,3,A,0
2017-01-31,2016/17,Middlesbrough,West Brom,Home,3,1,1,D,0
2017-02-04,2016/17,Middlesbrough,Tottenham,Away,0,0,1,H,0
2017-02-11,2016/17,Middlesbrough,Everton,Home,3,0,0,D,0
2017-02-25,2016/17,Middlesbrough,Crystal Palace,Away,4,0,1,H,0
2017-03-04,2016/17,Middlesbrough,Stoke,Away,2,0,2,H,0
2017-03-19,2016/17,Middlesbrough,Man United,Home,3,1,3,A,0
2017-04-02,2016/17,Middlesbrough,Swansea,Away,1,0,0,D,0
2017-04-05,2016/17,Middlesbrough,Hull,Away,4,2,4,H,0
2017-04-08,2016/17,Middlesbrough,Burnley,Home,5,0,0,D,0
2017-04-17,2016/17,Middlesbrough,Arsenal,Home,5,1,2,A,0
2017-04-22,2016/17,Middlesbrough,Bournemouth,Away,2,0,4,H,1
2017-04-26,2016/17,Middlesbrough,Sunderland,Home,2,1,0,H,0
2017-04-30,2016/17,Middlesbrough,Man City,Home,6,2,2,D,0
2017-05-08,2016/17,Middlesbrough,Chelsea,Away,1,0,3,H,0
2017-05-13,2016/17,Middlesbrough,Southampton,Home,3,1,2,A,0
2017-05-21,2016/17,Middlesbrough,Liverpool,Away,3,0,3,H,0
2000-08-20,2000/01,Newcastle,Man United,Away,6,0,2,H,0
2000-08-23,2000/01,Newcastle,Derby,Home,4,3,2,H,1
2000-08-26,2000/01,Newcastle,Tottenham,Home,6,2,0,H,0
2000-09-06,2000/01,Newcastle,Coventry,Away,6,2,0,A,0
2000-09-09,2000/01,Newcastle,Chelsea,Home,4,0,0,D,0
2000-09-16,2000/01,Newcastle,Southampton,Away,7,0,2,H,0
2000-09-23,2000/01,Newcastle,Charlton,Home,5,0,1,A,0
2000-09-30,2000/01,Newcastle,Man City,Away,9,1,0,A,0
2000-10-16,2000/01,Newcastle,Middlesbrough,Away,8,3,1,A,0
2000-10-21,2000/01,Newcastle,Everton,Home,4,0,1,A,0
2000-10-28,2000/01,Newcastle,West Ham,Away,5,0,1,H,0
2000-11-04,2000/01,Newcastle,Ipswich,Home,6,2,1,H,0
2000-11-11,2000/01,Newcastle,Leicester,Away,1,1,1,D,0
2000-11-18,2000/01,Newcastle,Sunderland,Home,9,1,2,A,0
2000-11-26,2000/01,Newcastle,Liverpool,Home,6,2,1,H,0
2000-12-02,2000/01,Newcastle,Aston Villa,Away,5,1,1,D,0
2000-12-09,2000/01,Newcastle,Arsenal,Away,1,0,5,H,0
2000-12-16,2000/01,Newcastle,Bradford,Home,6,2,1,H,0
2000-12-23,2000/01,Newcastle,Derby,Away,4,0,2,H,0
2000-12-26,2000/01,Newcastle,Leeds,Home,4,2,1,H,0
2000-12-30,2000/01,Newcastle,Man United,Home,4,1,1,D,0
2001-01-02,2000/01,Newcastle,Tottenham,Away,4,2,4,H,2
2001-01-13,2000/01,Newcastle,Coventry,Home,6,3,1,H,0
2001-01-20,2000/01,Newcastle,Leeds,Away,7,3,1,A,0
2001-01-31,2000/01,Newcastle,Chelsea,Away,2,1,3,H,0
2001-02-11,2000/01,Newcastle,Charlton,Away,3,0,2,H,0
2001-02-24,2000/01,Newcastle,Man City,Home,3,0,1,A,0
2001-03-03,2000/01,Newcastle,Everton,Away,2,1,1,D,0
2001-03-17,2000/01,Newcastle,Middlesbrough,Home,5,1,2,A,0
2001-03-31,2000/01,Newcastle,Bradford,Away,7,2,2,D,0
2001-04-14,2000/01,Newcastle,Ipswich,Away,2,0,1,H,1
2001-04-16,2000/01,Newcastle,West Ham,Home,14,2,1,H,0
2001-04-21,2000/01,Newcastle,Sunderland,Away,5,1,1,D,0
2001-04-28,2000/01,Newcastle,Leicester,Home,6,1,0,H,0
2001-05-01,2000/01,Newcastle,Southampton,Home,5,1,1,D,0
2001-05-05,2000/01,Newcastle,Liverpool,Away,3,0,3,H,0
2001-05-15,2000/01,Newcastle,Arsenal,Home,2,0,0,D,0
2001-05-19,2000/01,Newcastle,Aston Villa,Home,5,3,0,H,1
2001-08-19,2001/02,Newcastle,Chelsea,Away,3,1,1,D,0
2001-08-26,2001/02,Newcastle,Sunderland,Home,6,1,1,D,0
2001-09-08,2001/02,Newcastle,Middlesbrough,Away,5,4,1,A,0
2001-09-15,2001/02,Newcastle,Man United,Home,8,4,3,H,0
2001-09-23,2001/02,Newcastle,West Ham,Away,5,0,3,H,0
2001-09-26,2001/02,Newcastle,Leicester,Home,6,1,0,H,0
2001-09-30,2001/02,Newcastle,Liverpool,Home,3,0,2,A,0
2001-10-13,2001/02,Newcastle,Bolton,Away,8,4,0,A,0
2001-10-21,2001/02,Newcastle,Tottenham,Home,3,0,2,A,0
2001-10-27,2001/02,Newcastle,Everton,Away,4,3,1,A,0
2001-11-03,2001/02,Newcastle,Aston Villa,Home,7,3,0,H,0
2001-11-17,2001/02,Newcastle,Fulham,Away,1,1,3,H,0
2001-11-24,2001/02,Newcastle,Derby,Home,10,1,0,H,0
2001-12-01,2001/02,Newcastle,Charlton,Away,6,1,1,D,1
2001-12-09,2001/02,Newcastle,Ipswich,Away,5,1,0,A,0
2001-12-15,2001/02,Newcastle,Blackburn,Home,6,2,1,H,0
2001-12-18,2001/02,Newcastle,Arsenal,Away,3,3,1,A,1
2001-12-22,2001/02,Newcastle,Leeds,Away,7,4,3,A,0
2001-12-26,2001/02,Newcastle,Middlesbrough,Home,9,3,0,H,0
2001-12-29,2001/02,Newcastle,Chelsea,Home,7,1,2,A,0
2002-01-02,2001/02,Newcastle,Man United,Away,6,1,3,H,0
2002-01-12,2001/02,Newcastle,Leeds,Home,8,3,1,H,0
2002-01-19,2001/02,Newcastle,Leicester,Away,3,0,0,D,0
2002-01-30,2001/02,Newcastle,Tottenham,Away,4,3,1,A,0
2002-02-02,2001/02,Newcastle,Bolton,Home,6,3,2,H,0
2002-02-09,2001/02,Newcastle,Southampton,Home,10,3,1,H,0
2002-02-24,2001/02,Newcastle,Sunderland,Away,5,1,0,A,0
2002-03-02,2001/02,Newcastle,Arsenal,Home,6,0,2,A,0
2002-03-06,2001/02,Newcastle,Liverpool,Away,2,0,3,H,0
2002-03-16,2001/02,Newcastle,Ipswich,Home,8,2,2,D,0
2002-03-29,2001/02,Newcastle,Everton,Home,9,6,2,H,0
2002-04-02,2001/02,Newcastle,Aston Villa,Away,1,1,1,D,0
2002-04-08,2001/02,Newcastle,Fulham,Home,4,1,1,D,0
2002-04-13,2001/02,Newcastle,Derby,Away,9,3,2,A,0
2002-04-20,2001/02,Newcastle,Charlton,Home,8,3,0,H,0
2002-04-23,2001/02,Newcastle,Blackburn,Away,9,2,2,D,0
2002-04-27,2001/02,Newcastle,West Ham,Home,5,3,1,H,0
2002-05-11,2001/02,Newcastle,Southampton,Away,8,1,3,H,0
2002-08-19,2002/03,Newcastle,West Ham,Home,10,4,0,H,0
2002-08-24,2002/03,Newcastle,Man City,Away,6,0,1,H,0
2002-09-02,2002/03,Newcastle,Liverpool,Away,6,2,2,D,0
2002-09-11,2002/03,Newcastle,Leeds,Home,11,0,2,A,0
2002-09-14,2002/03,Newcastle,Chelsea,Away,0,0,3,H,0
2002-09-21,2002/03,Newcastle,Sunderland,Home,6,2,0,H,0
2002-09-28,2002/03,Newcastle,Birmingham,Away,6,2,0,A,0
2002-10-05,2002/03,Newcastle,West Brom,Home,8,2,1,H,0
2002-10-19,2002/03,Newcastle,Blackburn,Away,5,2,5,H,1
2002-10-26,2002/03,Newcastle,Charlton,Home,12,2,1,H,0
2002-11-04,2002/03,Newcastle,Middlesbrough,Home,13,2,0,H,0
2002-11-09,2002/03,Newcastle,Arsenal,Away,2,0,1,H,0
2002-11-16,2002/03,Newcastle,Southampton,Home,13,2,1,H,0
2002-11-23,2002/03,Newcastle,Man United,Away,7,3,5,H,0
2002-12-01,2002/03,Newcastle,Everton,Home,15,2,1,H,0
2002-12-07,2002/03,Newcastle,Aston Villa,Away,5,1,0,A,0
2002-12-14,2002/03,Newcastle,Southampton,Away,11,1,1,D,0
2002-12-21,2002/03,Newcastle,Fulham,Home,14,2,0,H,0
2002-12-26,2002/03,Newcastle,Bolton,Away,8,3,4,H,0
2002-12-29,2002/03,Newcastle,Tottenham,Home,10,2,1,H,0
2003-01-01,2002/03,Newcastle,Liverpool,Home,5,1,0,H,0
2003-01-11,2002/03,Newcastle,West Ham,Away,7,2,2,D,0
2003-01-18,2002/03,Newcastle,Man City,Home,10,2,0,H,0
2003-01-22,2002/03,Newcastle,Bolton,Home,7,1,0,H,0
2003-01-29,2002/03,Newcastle,Tottenham,Away,8,1,0,A,0
2003-02-09,2002/03,Newcastle,Arsenal,Home,4,1,1,D,1
2003-02-22,2002/03,Newcastle,Leeds,Away,6,3,0,A,0
2003-03-01,2002/03,Newcastle,Chelsea,Home,2,2,1,H,0
2003-03-05,2002/03,Newcastle,Middlesbrough,Away,0,0,1,H,0
2003-03-15,2002/03,Newcastle,Charlton,Away,5,2,0,A,0
2003-03-22,2002/03,Newcastle,Blackburn,Home,8,5,1,H,0
2003-04-06,2002/03,Newcastle,Everton,Away,8,1,2,H,0
2003-04-12,2002/03,Newcastle,Man United,Home,9,2,6,A,0
2003-04-19,2002/03,Newcastle,Fulham,Away,6,1,2,H,1
2003-04-21,2002/03,Newcastle,Aston Villa,Home,4,1,1,D,0
2003-04-26,2002/03,Newcastle,Sunderland,Away,9,1,0,A,0
2003-05-03,2002/03,Newcastle,Birmingham,Home,9,1,0,H,0
2003-05-11,2002/03,Newcastle,West Brom,Away,9,2,2,D,0
2003-08-17,2003/04,Newcastle,Leeds,Away,10,2,2,D,0
2003-08-23,2003/04,Newcastle,Man United,Home,5,1,2,A,0
2003-08-30,2003/04,Newcastle,Birmingham,Home,10,0,1,A,0
2003-09-13,2003/04,Newcastle,Everton,Away,2,2,2,D,1
2003-09-20,2003/04,Newcastle,Bolton,Home,7,0,0,D,0
2003-09-26,2003/04,Newcastle,Arsenal,Away,4,2,3,H,0
2003-10-04,2003/04,Newcastle,Southampton,Home,9,1,0,H,0
2003-10-18,2003/04,Newcastle,Middlesbrough,Away,3,1,0,A,0
2003-10-21,2003/04,Newcastle,Fulham,Away,7,3,2,A,0
2003-10-25,2003/04,Newcastle,Portsmouth,Home,8,3,0,H,0
2003-11-01,2003/04,Newcastle,Aston Villa,Home,13,1,1,D,0
2003-11-09,2003/04,Newcastle,Chelsea,Away,3,0,5,H,1
2003-11-22,2003/04,Newcastle,Man City,Home,10,3,0,H,0
2003-11-29,2003/04,Newcastle,Wolves,Away,4,1,1,D,0
2003-12-06,2003/04,Newcastle,Liverpool,Home,6,1,1,D,0
2003-12-13,2003/04,Newcastle,Tottenham,Home,11,4,0,H,0
2003-12-20,2003/04,Newcastle,Charlton,Away,5,0,0,D,0
2003-12-26,2003/04,Newcastle,Leicester,Away,6,1,1,D,0
2003-12-28,2003/04,Newcastle,Blackburn,Home,11,0,1,A,0
2004-01-07,2003/04,Newcastle,Leeds,Home,6,1,0,H,0
2004-01-11,2003/04,Newcastle,Man United,Away,3,0,0,D,0
2004-01-19,2003/04,Newcastle,Fulham,Home,9,3,1,H,0
2004-01-31,2003/04,Newcastle,Birmingham,Away,2,1,1,D,0
2004-02-07,2003/04,Newcastle,Leicester,Home,9,3,1,H,0
2004-02-11,2003/04,Newcastle,Blackburn,Away,7,1,1,D,0
2004-02-21,2003/04,Newcastle,Middlesbrough,Home,9,2,1,H,0
2004-02-29,2003/04,Newcastle,Portsmouth,Away,2,1,1,D,0
2004-03-14,2003/04,Newcastle,Tottenham,Away,4,0,1,H,0
2004-03-20,2003/04,Newcastle,Charlton,Home,10,3,1,H,0
2004-03-28,2003/04,Newcastle,Bolton,Away,7,0,1,H,0
2004-04-03,2003/04,Newcastle,Everton,Home,8,4,2,H,0
2004-04-18,2003/04,Newcastle,Aston Villa,Away,4,0,0,D,1
2004-04-25,2003/04,Newcastle,Chelsea,Home,12,2,1,H,0
2004-05-01,2003/04,Newcastle,Man City,Away,6,0,1,H,0
2004-08-14,2004/05,Newcastle,Middlesbrough,Away,4,2,2,D,0
2004-08-21,2004/05,Newcastle,Tottenham,Home,6,0,1,A,0
2004-08-25,2004/05,Newcastle,Norwich,Home,15,2,2,D,0
2004-08-28,2004/05,Newcastle,Aston Villa,Away,10,2,4,H,0
2004-09-11,2004/05,Newcastle,Blackburn,Home,4,3,0,H,0
2004-09-19,2004/05,Newcastle,Southampton,Away,3,2,1,A,0
2004-09-25,2004/05,Newcastle,West Brom,Home,10,3,1,H,0
2004-10-03,2004/05,Newcastle,Birmingham,Away,3,2,2,D,0
2004-10-17,2004/05,Newcastle,Charlton,Away,8,1,1,D,0
2004-10-24,2004/05,Newcastle,Man City,Home,11,4,3,H,0
2004-10-31,2004/05,Newcastle,Bolton,Away,4,1,2,H,0
2004-11-07,2004/05,Newcastle,Fulham,Home,20,1,4,A,0
2004-11-14,2004/05,Newcastle,Man United,Home,7,1,3,A,0
2004-11-20,2004/05,Newcastle,Crystal Palace,Away,9,2,0,A,0
2004-11-28,2004/05,Newcastle,Everton,Home,9,1,1,D,0
2004-12-04,2004/05,Newcastle,Chelsea,Away,5,0,4,H,0
2004-12-11,2004/05,Newcastle,Portsmouth,Home,2,1,1,D,0
2004-12-19,2004/05,Newcastle,Liverpool,Away,3,1,3,H,1
2004-12-26,2004/05,Newcastle,Blackburn,Away,3,2,2,D,0
2004-12-29,2004/05,Newcastle,Arsenal,Home,5,0,1,A,0
2005-01-01,2004/05,Newcastle,Birmingham,Home,4,2,1,H,0
2005-01-03,2004/05,Newcastle,West Brom,Away,7,0,0,D,0
2005-01-15,2004/05,Newcastle,Southampton,Home,17,2,1,H,0
2005-01-23,2004/05,Newcastle,Arsenal,Away,1,0,1,H,0
2005-02-02,2004/05,Newcastle,Man City,Away,1,1,1,D,0
2005-02-05,2004/05,Newcastle,Charlton,Home,10,1,1,D,0
2005-02-27,2004/05,Newcastle,Bolton,Home,9,2,1,H,0
2005-03-05,2004/05,Newcastle,Liverpool,Home,4,1,0,H,0
2005-03-19,2004/05,Newcastle,Portsmouth,Away,6,1,1,D,0
2005-04-02,2004/05,Newcastle,Aston Villa,Home,12,0,3,A,3
2005-04-10,2004/05,Newcastle,Tottenham,Away,3,0,1,H,0
2005-04-20,2004/05,Newcastle,Norwich,Away,10,1,2,H,0
2005-08-14,2005/06,Newcastle,Arsenal,Away,1,0,2,H,1
2005-08-20,2005/06,Newcastle,West Ham,Home,6,0,0,D,0
2005-08-24,2005/06,Newcastle,Bolton,Away,4,0,2,H,0
2005-08-28,2005/06,Newcastle,Man United,Home,4,0,2,A,0
2005-09-10,2005/06,Newcastle,Fulham,Home,10,1,1,D,1
2005-09-18,2005/06,Newcastle,Blackburn,Away,3,3,0,A,1
2005-09-24,2005/06,Newcastle,Man City,Home,6,1,0,H,0
2005-10-01,2005/06,Newcastle,Portsmouth,Away,3,0,0,D,0
2005-10-15,2005/06,Newcastle,Wigan,Away,7,0,1,H,0
2005-10-23,2005/06,Newcastle,Sunderland,Home,9,3,2,H,0
2005-10-30,2005/06,Newcastle,West Brom,Away,8,3,0,A,0
2005-11-05,2005/06,Newcastle,Birmingham,Home,5,1,0,H,0
2005-11-19,2005/06,Newcastle,Chelsea,Away,2,0,3,H,0
2005-11-27,2005/06,Newcastle,Everton,Away,10,0,1,H,0
2005-12-03,2005/06,Newcastle,Aston Villa,Home,2,1,1,D,0
2005-12-10,2005/06,Newcastle,Arsenal,Home,4,1,0,H,0
2005-12-17,2005/06,Newcastle,West Ham,Away,7,4,2,A,0
2005-12-26,2005/06,Newcastle,Liverpool,Away,2,0,2,H,1
2005-12-31,2005/06,Newcastle,Tottenham,Away,4,0,2,H,0
2006-01-02,2005/06,Newcastle,Middlesbrough,Home,5,2,2,D,0
2006-01-14,2005/06,Newcastle,Fulham,Away,4,0,1,H,0
2006-01-21,2005/06,Newcastle,Blackburn,Home,3,0,1,A,0
2006-02-01,2005/06,Newcastle,Man City,Away,1,0,3,H,0
2006-02-04,2005/06,Newcastle,Portsmouth,Home,10,2,0,H,0
2006-02-11,2005/06,Newcastle,Aston Villa,Away,6,2,1,A,1
2006-02-22,2005/06,Newcastle,Charlton,Home,8,0,0,D,0
2006-02-25,2005/06,Newcastle,Everton,Home,10,2,0,H,0
2006-03-04,2005/06,Newcastle,Bolton,Home,5,3,1,H,0
2006-03-12,2005/06,Newcastle,Man United,Away,2,0,2,H,0
2006-03-19,2005/06,Newcastle,Liverpool,Home,4,1,3,A,1
2006-03-26,2005/06,Newcastle,Charlton,Away,8,1,3,H,0
2006-04-01,2005/06,Newcastle,Tottenham,Home,11,3,1,H,0
2006-04-09,2005/06,Newcastle,Middlesbrough,Away,5,2,1,A,0
2006-04-15,2005/06,Newcastle,Wigan,Home,8,3,1,H,0
2006-04-17,2005/06,Newcastle,Sunderland,Away,4,4,1,A,0
2006-04-22,2005/06,Newcastle,West Brom,Home,9,3,0,H,0
2006-04-29,2005/06,Newcastle,Birmingham,Away,0,0,0,D,0
2006-05-07,2005/06,Newcastle,Chelsea,Home,8,1,0,H,1
2006-08-19,2006/07,Newcastle,Wigan,Home,8,2,1,H,0
2006-08-27,2006/07,Newcastle,Aston Villa,Away,5,0,2,H,0
2006-09-09,2006/07,Newcastle,Fulham,Home,7,1,2,A,0
2006-09-17,2006/07,Newcastle,West Ham,Away,9,2,0,A,0
2006-09-20,2006/07,Newcastle,Liverpool,Away,6,0,2,H,0
2006-09-24,2006/07,Newcastle,Everton,Home,13,1,1,D,1
2006-10-01,2006/07,Newcastle,Man United,Away,3,0,2,H,0
2006-10-15,2006/07,Newcastle,Bolton,Home,3,1,2,A,0
2006-10-22,2006/07,Newcastle,Middlesbrough,Away,4,0,1,H,0
2006-10-28,2006/07,Newcastle,Charlton,Home,10,0,0,D,0
2006-11-04,2006/07,Newcastle,Sheffield United,Home,3,0,1,A,0
2006-11-11,2006/07,Newcastle,Man City,Away,3,0,0,D,0
2006-11-18,2006/07,Newcastle,Arsenal,Away,1,1,1,D,0
2006-11-26,2006/07,Newcastle,Portsmouth,Home,10,1,0,H,0
2006-12-06,2006/07,Newcastle,Reading,Home,8,3,2,H,0
2006-12-09,2006/07,Newcastle,Blackburn,Away,8,3,1,A,0
2006-12-13,2006/07,Newcastle,Chelsea,Away,1,0,1,H,0
2006-12-16,2006/07,Newcastle,Watford,Home,6,2,1,H,0
2006-12-23,2006/07,Newcastle,Tottenham,Home,9,3,1,H,0
2006-12-26,2006/07,Newcastle,Bolton,Away,5,1,2,H,0
2006-12-30,2006/07,Newcastle,Everton,Away,3,0,3,H,0
2007-01-01,2006/07,Newcastle,Man United,Home,8,2,2,D,0
2007-01-14,2006/07,Newcastle,Tottenham,Away,7,3,2,A,0
2007-01-20,2006/07,Newcastle,West Ham,Home,7,2,2,D,0
2007-01-31,2006/07,Newcastle,Aston Villa,Home,4,3,1,H,0
2007-02-03,2006/07,Newcastle,Fulham,Away,4,1,2,H,0
2007-02-10,2006/07,Newcastle,Liverpool,Home,3,2,1,H,0
2007-02-25,2006/07,Newcastle,Wigan,Away,2,0,1,H,0
2007-03-03,2006/07,Newcastle,Middlesbrough,Home,8,0,0,D,0
2007-03-18,2006/07,Newcastle,Charlton,Away,6,0,2,H,0
2007-03-31,2006/07,Newcastle,Man City,Home,6,0,1,A,0
2007-04-07,2006/07,Newcastle,Sheffield United,Away,3,2,1,A,0
2007-04-09,2006/07,Newcastle,Arsenal,Home,4,0,0,D,0
2007-04-14,2006/07,Newcastle,Portsmouth,Away,3,1,2,H,0
2007-04-22,2006/07,Newcastle,Chelsea,Home,3,0,0,D,0
2007-04-30,2006/07,Newcastle,Reading,Away,11,0,1,H,0
2007-05-05,2006/07,Newcastle,Blackburn,Home,6,0,2,A,0
2007-05-13,2006/07,Newcastle,Watford,Away,1,1,1,D,0
2007-08-11,2007/08,Newcastle,Bolton,Away,5,3,1,A,0
2007-08-18,2007/08,Newcastle,Aston Villa,Home,2,0,0,D,0
2007-08-26,2007/08,Newcastle,Middlesbrough,Away,3,2,2,D,0
2007-09-01,2007/08,Newcastle,Wigan,Home,8,1,0,H,0
2007-09-17,2007/08,Newcastle,Derby,Away,3,0,1,H,0
2007-09-23,2007/08,Newcastle,West Ham,Home,4,3,1,H,0
2007-09-29,2007/08,Newcastle,Man City,Away,8,1,3,H,0
2007-10-07,2007/08,Newcastle,Everton,Home,10,3,2,H,0
2007-10-22,2007/08,Newcastle,Tottenham,Home,7,3,1,H,0
2007-10-27,2007/08,Newcastle,Reading,Away,2,1,2,H,0
2007-11-03,2007/08,Newcastle,Portsmouth,Home,7,1,4,A,0
2007-11-10,2007/08,Newcastle,Sunderland,Away,5,1,1,D,0
2007-11-24,2007/08,Newcastle,Liverpool,Home,2,0,3,A,0
2007-12-01,2007/08,Newcastle,Blackburn,Away,8,1,3,H,0
2007-12-05,2007/08,Newcastle,Arsenal,Home,8,1,1,D,0
2007-12-08,2007/08,Newcastle,Birmingham,Home,9,2,1,H,0
2007-12-15,2007/08,Newcastle,Fulham,Away,4,1,0,A,0
2007-12-23,2007/08,Newcastle,Derby,Home,13,2,2,D,0
2007-12-26,2007/08,Newcastle,Wigan,Away,6,0,1,H,0
2007-12-29,2007/08,Newcastle,Chelsea,Away,2,1,2,H,0
2008-01-02,2007/08,Newcastle,Man City,Home,10,0,2,A,0
2008-01-12,2007/08,Newcastle,Man United,Away,5,0,6,H,1
2008-01-19,2007/08,Newcastle,Bolton,Home,5,0,0,D,0
2008-01-29,2007/08,Newcastle,Arsenal,Away,3,0,3,H,0
2008-02-03,2007/08,Newcastle,Middlesbrough,Home,8,1,1,D,0
2008-02-09,2007/08,Newcastle,Aston Villa,Away,3,1,4,H,0
2008-02-23,2007/08,Newcastle,Man United,Home,5,1,5,A,0
2008-03-01,2007/08,Newcastle,Blackburn,Home,9,0,1,A,0
2008-03-08,2007/08,Newcastle,Liverpool,Away,4,0,3,H,0
2008-03-17,2007/08,Newcastle,Birmingham,Away,7,1,1,D,0
2008-03-22,2007/08,Newcastle,Fulham,Home,9,2,0,H,0
2008-03-30,2007/08,Newcastle,Tottenham,Away,9,4,1,A,0
2008-04-05,2007/08,Newcastle,Reading,Home,9,3,0,H,0
2008-04-12,2007/08,Newcastle,Portsmouth,Away,5,0,0,D,0
2008-04-20,2007/08,Newcastle,Sunderland,Home,4,2,0,H,0
2008-04-26,2007/08,Newcastle,West Ham,Away,3,2,2,D,0
2008-05-05,2007/08,Newcastle,Chelsea,Home,5,0,2,A,0
2008-05-11,2007/08,Newcastle,Everton,Away,2,1,3,H,0
2008-08-17,2008/09,Newcastle,Man United,Away,4,1,1,D,0
2008-08-23,2008/09,Newcastle,Bolton,Home,8,1,0,H,0
2008-08-30,2008/09,Newcastle,Arsenal,Away,2,0,3,H,0
2008-09-13,2008/09,Newcastle,Hull,Home,4,1,2,A,1
2008-09-20,2008/09,Newcastle,West Ham,Away,8,1,3,H,0
2008-09-27,2008/09,Newcastle,Blackburn,Home,2,1,2,A,0
2008-10-05,2008/09,Newcastle,Everton,Away,9,2,2,D,0
2008-10-20,2008/09,Newcastle,Man City,Home,2,2,2,D,1
2008-10-25,2008/09,Newcastle,Sunderland,Away,5,1,2,H,0
2008-10-28,2008/09,Newcastle,West Brom,Home,5,2,1,H,0
2008-11-03,2008/09,Newcastle,Aston Villa,Home,7,2,0,H,0
2008-11-09,2008/09,Newcastle,Fulham,Away,7,1,2,H,0
2008-11-15,2008/09,Newcastle,Wigan,Home,9,2,2,D,0
2008-11-22,2008/09,Newcastle,Chelsea,Away,0,0,0,D,0
2008-11-29,2008/09,Newcastle,Middlesbrough,Away,5,0,0,D,0
2008-12-06,2008/09,Newcastle,Stoke,Home,6,2,2,D,0
2008-12-14,2008/09,Newcastle,Portsmouth,Away,5,3,0,A,0
2008-12-21,2008/09,Newcastle,Tottenham,Home,4,2,1,H,0
2008-12-26,2008/09,Newcastle,Wigan,Away,3,1,2,H,1
2008-12-28,2008/09,Newcastle,Liverpool,Home,7,1,5,A,0
2009-01-10,2008/09,Newcastle,West Ham,Home,12,2,2,D,0
2009-01-17,2008/09,Newcastle,Blackburn,Away,3,0,3,H,1
2009-01-28,2008/09,Newcastle,Man City,Away,1,1,2,H,0
2009-02-01,2008/09,Newcastle,Sunderland,Home,10,1,1,D,0
2009-02-07,2008/09,Newcastle,West Brom,Away,7,3,2,A,0
2009-02-22,2008/09,Newcastle,Everton,Home,0,0,0,D,1
2009-03-01,2008/09,Newcastle,Bolton,Away,11,0,1,H,0
2009-03-04,2008/09,Newcastle,Man United,Home,6,1,2,A,0
2009-03-14,2008/09,Newcastle,Hull,Away,3,1,1,D,0
2009-03-21,2008/09,Newcastle,Arsenal,Home,8,1,3,A,0
2009-04-04,2008/09,Newcastle,Chelsea,Home,4,0,2,A,0
2009-04-11,2008/09,Newcastle,Stoke,Away,2,1,1,D,0
2009-04-19,2008/09,Newcastle,Tottenham,Away,3,0,1,H,0
2009-04-27,2008/09,Newcastle,Portsmouth,Home,8,0,0,D,0
2009-05-03,2008/09,Newcastle,Liverpool,Away,3,0,3,H,1
2009-05-11,2008/09,Newcastle,Middlesbrough,Home,9,3,1,H,0
2009-05-16,2008/09,Newcastle,Fulham,Home,6,0,1,A,1
2009-05-24,2008/09,Newcastle,Aston Villa,Away,3,0,1,H,1
2010-08-16,2010/11,Newcastle,Man United,Away,3,0,3,H,0
2010-08-22,2010/11,Newcastle,Aston Villa,Home,14,6,0,H,0
2010-08-28,2010/11,Newcastle,Wolves,Away,6,1,1,D,0
2010-09-11,2010/11,Newcastle,Blackpool,Home,13,0,2,A,0
2010-09-18,2010/11,Newcastle,Everton,Away,4,1,0,A,0
2010-09-26,2010/11,Newcastle,Stoke,Home,7,1,2,A,0
2010-10-03,2010/11,Newcastle,Man City,Away,4,1,2,H,0
2010-10-16,2010/11,Newcastle,Wigan,Home,4,2,2,D,0
2010-10-23,2010/11,Newcastle,West Ham,Away,8,2,1,A,0
2010-10-31,2010/11,Newcastle,Sunderland,Home,12,5,1,H,0
2010-11-07,2010/11,Newcastle,Arsenal,Away,2,1,0,A,0
2010-11-10,2010/11,Newcastle,Blackburn,Home,3,1,2,A,0
2010-11-13,2010/11,Newcastle,Fulham,Home,7,0,0,D,0
2010-11-20,2010/11,Newcastle,Bolton,Away,1,1,5,H,1
2010-11-28,2010/11,Newcastle,Chelsea,Home,3,1,1,D,0
2010-12-05,2010/11,Newcastle,West Brom,Away,7,1,3,H,0
2010-12-11,2010/11,Newcastle,Liverpool,Home,5,3,1,H,0
2010-12-26,2010/11,Newcastle,Man City,Home,10,1,3,A,0
2010-12-28,2010/11,Newcastle,Tottenham,Away,8,0,2,H,0
2011-01-02,2010/11,Newcastle,Wigan,Away,5,1,0,A,0
2011-01-05,2010/11,Newcastle,West Ham,Home,7,5,0,H,0
2011-01-16,2010/11,Newcastle,Sunderland,Away,2,1,1,D,0
2011-01-22,2010/11,Newcastle,Tottenham,Home,6,1,1,D,0
2011-02-02,2010/11,Newcastle,Fulham,Away,3,0,1,H,0
2011-02-05,2010/11,Newcastle,Arsenal,Home,8,4,4,D,0
2011-02-12,2010/11,Newcastle,Blackburn,Away,6,0,0,D,0
2011-02-15,2010/11,Newcastle,Birmingham,Away,7,2,0,A,0
2011-02-26,2010/11,Newcastle,Bolton,Home,6,1,1,D,1
2011-03-05,2010/11,Newcastle,Everton,Home,8,1,2,A,0
2011-03-19,2010/11,Newcastle,Stoke,Away,9,0,4,H,0
2011-04-02,2010/11,Newcastle,Wolves,Home,13,4,1,H,0
2011-04-10,2010/11,Newcastle,Aston Villa,Away,4,0,1,H,0
2011-04-19,2010/11,Newcastle,Man United,Home,5,0,0,D,0
2011-04-23,2010/11,Newcastle,Blackpool,Away,6,1,1,D,0
2011-05-01,2010/11,Newcastle,Liverpool,Away,3,0,3,H,0
2011-05-07,2010/11,Newcastle,Birmingham,Home,14,2,1,H,0
2011-05-15,2010/11,Newcastle,Chelsea,Away,9,2,2,D,0
2011-05-22,2010/11,Newcastle,West Brom,Home,10,3,3,D,0
2011-08-13,2011/12,Newcastle,Arsenal,Home,1,0,0,D,0
2011-08-20,2011/12,Newcastle,Sunderland,Away,10,1,0,A,0
2011-08-28,2011/12,Newcastle,Fulham,Home,9,2,1,H,0
2011-09-12,2011/12,Newcastle,QPR,Away,3,0,0,D,0
2011-09-17,2011/12,Newcastle,Aston Villa,Away,13,1,1,D,0
2011-09-24,2011/12,Newcastle,Blackburn,Home,8,3,1,H,0
2011-10-01,2011/12,Newcastle,Wolves,Away,6,2,1,A,0
2011-10-16,2011/12,Newcastle,Tottenham,Home,7,2,2,D,0
2011-10-22,2011/12,Newcastle,Wigan,Home,10,1,0,H,0
2011-10-31,2011/12,Newcastle,Stoke,Away,2,3,1,A,0
2011-11-05,2011/12,Newcastle,Everton,Home,6,2,1,H,0
2011-11-19,2011/12,Newcastle,Man City,Away,7,1,3,H,0
2011-11-26,2011/12,Newcastle,Man United,Away,6,1,1,D,1
2011-12-03,2011/12,Newcastle,Chelsea,Home,9,0,3,A,0
2011-12-10,2011/12,Newcastle,Norwich,Away,8,2,4,H,1
2011-12-17,2011/12,Newcastle,Swansea,Home,6,0,0,D,0
2011-12-21,2011/12,Newcastle,West Brom,Home,11,2,3,A,0
2011-12-26,2011/12,Newcastle,Bolton,Away,7,2,0,A,0
2011-12-30,2011/12,Newcastle,Liverpool,Away,2,1,3,H,0
2012-01-04,2011/12,Newcastle,Man United,Home,6,3,0,H,0
2012-01-15,2011/12,Newcastle,QPR,Home,4,1,0,H,0
2012-01-21,2011/12,Newcastle,Fulham,Away,9,2,5,H,0
2012-02-01,2011/12,Newcastle,Blackburn,Away,5,2,0,A,0
2012-02-05,2011/12,Newcastle,Aston Villa,Home,8,2,1,H,0
2012-02-11,2011/12,Newcastle,Tottenham,Away,3,0,5,H,0
2012-02-25,2011/12,Newcastle,Wolves,Home,8,2,2,D,0
2012-03-04,2011/12,Newcastle,Sunderland,Home,12,1,1,D,0
2012-03-12,2011/12,Newcastle,Arsenal,Away,3,1,2,H,0
2012-03-18,2011/12,Newcastle,Norwich,Home,10,1,0,H,0
2012-03-25,2011/12,Newcastle,West Brom,Away,7,3,1,A,0
2012-04-01,2011/12,Newcastle,Liverpool,Home,7,2,0,H,0
2012-04-06,2011/12,Newcastle,Swansea,Away,4,2,0,A,0
2012-04-09,2011/12,Newcastle,Bolton,Home,4,2,0,H,0
2012-04-21,2011/12,Newcastle,Stoke,Home,11,3,0,H,0
2012-04-28,2011/12,Newcastle,Wigan,Away,3,0,4,H,0
2012-05-02,2011/12,Newcastle,Chelsea,Away,6,2,0,A,0
2012-05-06,2011/12,Newcastle,Man City,Home,9,0,2,A,0
2012-05-13,2011/12,Newcastle,Everton,Away,5,1,3,H,0
2012-08-18,2012/13,Newcastle,Tottenham,Home,4,2,1,H,0
2012-08-25,2012/13,Newcastle,Chelsea,Away,5,0,2,H,0
2012-09-02,2012/13,Newcastle,Aston Villa,Home,6,1,1,D,0
2012-09-17,2012/13,Newcastle,Everton,Away,7,2,2,D,0
2012-09-23,2012/13,Newcastle,Norwich,Home,8,1,0,H,0
2012-09-29,2012/13,Newcastle,Reading,Away,3,2,2,D,0
2012-10-07,2012/13,Newcastle,Man United,Home,3,0,3,A,0
2012-10-21,2012/13,Newcastle,Sunderland,Away,7,1,1,D,1
2012-10-28,2012/13,Newcastle,West Brom,Home,6,2,1,H,0
2012-11-04,2012/13,Newcastle,Liverpool,Away,3,1,1,D,1
2012-11-11,2012/13,Newcastle,West Ham,Home,9,0,1,A,0
2012-11-17,2012/13,Newcastle,Swansea,Home,10,1,2,A,0
2012-11-25,2012/13,Newcastle,Southampton,Away,3,0,2,H,0
2012-11-28,2012/13,Newcastle,Stoke,Away,6,1,2,H,0
2012-12-03,2012/13,Newcastle,Wigan,Home,8,3,0,H,0
2012-12-10,2012/13,Newcastle,Fulham,Away,13,1,2,H,0
2012-12-15,2012/13,Newcastle,Man City,Home,8,1,3,A,0
2012-12-22,2012/13,Newcastle,QPR,Home,8,1,0,H,0
2012-12-26,2012/13,Newcastle,Man United,Away,11,3,4,H,0
2012-12-29,2012/13,Newcastle,Arsenal,Away,8,3,7,H,0
2013-01-02,2012/13,Newcastle,Everton,Home,11,1,2,A,0
2013-01-12,2012/13,Newcastle,Norwich,Away,4,0,0,D,0
2013-01-19,2012/13,Newcastle,Reading,Home,10,1,2,A,0
2013-01-29,2012/13,Newcastle,Aston Villa,Away,7,2,1,A,0
2013-02-02,2012/13,Newcastle,Chelsea,Home,13,3,2,H,0
2013-02-09,2012/13,Newcastle,Tottenham,Away,7,1,2,H,0
2013-02-24,2012/13,Newcastle,Southampton,Home,5,4,2,H,0
2013-03-02,2012/13,Newcastle,Swansea,Away,7,0,1,H,0
2013-03-10,2012/13,Newcastle,Stoke,Home,6,2,1,H,0
2013-03-17,2012/13,Newcastle,Wigan,Away,4,1,2,H,0
2013-03-30,2012/13,Newcastle,Man City,Away,1,0,4,H,0
2013-04-07,2012/13,Newcastle,Fulham,Home,10,1,0,H,0
2013-04-14,2012/13,Newcastle,Sunderland,Home,9,0,3,A,0
2013-04-20,2012/13,Newcastle,West Brom,Away,6,1,1,D,0
2013-04-27,2012/13,Newcastle,Liverpool,Home,1,0,6,A,1
2013-05-04,2012/13,Newcastle,West Ham,Away,6,0,0,D,0
2013-05-12,2012/13,Newcastle,QPR,Away,7,2,1,A,1
2013-05-19,2012/13,Newcastle,Arsenal,Home,2,0,1,A,0
2013-08-19,2013/14,Newcastle,Man City,Away,1,0,4,H,1
2013-08-24,2013/14,Newcastle,West Ham,Home,0,0,0,D,0
2013-08-31,2013/14,Newcastle,Fulham,Home,9,1,0,H,0
2013-09-14,2013/14,Newcastle,Aston Villa,Away,8,2,1,A,0
2013-09-21,2013/14,Newcastle,Hull,Home,2,2,3,A,0
2013-09-30,2013/14,Newcastle,Everton,Away,6,2,3,H,0
2013-10-05,2013/14,Newcastle,Cardiff,Away,10,2,1,A,0
2013-10-19,2013/14,Newcastle,Liverpool,Home,4,2,2,D,1
2013-10-27,2013/14,Newcastle,Sunderland,Away,4,1,2,H,0
2013-11-02,2013/14,Newcastle,Chelsea,Home,8,2,0,H,0
2013-11-10,2013/14,Newcastle,Tottenham,Away,4,1,0,A,0
2013-11-23,2013/14,Newcastle,Norwich,Home,5,2,1,H,0
2013-11-30,2013/14,Newcastle,West Brom,Home,6,2,1,H,0
2013-12-04,2013/14,Newcastle,Swansea,Away,3,0,3,H,0
2013-12-07,2013/14,Newcastle,Man United,Away,3,1,0,A,0
2013-12-14,2013/14,Newcastle,Southampton,Home,5,1,1,D,0
2013-12-21,2013/14,Newcastle,Crystal Palace,Away,6,3,0,A,0
2013-12-26,2013/14,Newcastle,Stoke,Home,8,5,1,H,0
2013-12-29,2013/14,Newcastle,Arsenal,Home,3,0,1,A,0
2014-01-01,2013/14,Newcastle,West Brom,Away,3,0,1,H,1
2014-01-12,2013/14,Newcastle,Man City,Home,5,0,2,A,0
2014-01-18,2013/14,Newcastle,West Ham,Away,9,3,1,A,0
2014-01-28,2013/14,Newcastle,Norwich,Away,3,0,0,D,1
2014-02-01,2013/14,Newcastle,Sunderland,Home,10,0,3,A,0
2014-02-08,2013/14,Newcastle,Chelsea,Away,6,0,3,H,0
2014-02-12,2013/14,Newcastle,Tottenham,Home,5,0,4,A,0
2014-02-23,2013/14,Newcastle,Aston Villa,Home,5,1,0,H,0
2014-03-01,2013/14,Newcastle,Hull,Away,7,4,1,A,0
2014-03-15,2013/14,Newcastle,Fulham,Away,3,0,1,H,0
2014-03-22,2013/14,Newcastle,Crystal Palace,Home,8,1,0,H,0
2014-03-25,2013/14,Newcastle,Everton,Home,3,0,3,A,0
2014-03-29,2013/14,Newcastle,Southampton,Away,2,0,4,H,0
2014-04-05,2013/14,Newcastle,Man United,Home,4,0,4,A,0
2014-04-12,2013/14,Newcastle,Stoke,Away,1,0,1,H,0
2014-04-19,2013/14,Newcastle,Swansea,Home,4,1,2,A,0
2014-04-28,2013/14,Newcastle,Arsenal,Away,3,0,3,H,0
2014-05-03,2013/14,Newcastle,Cardiff,Home,6,3,0,H,0
2014-05-11,2013/14,Newcastle,Liverpool,Away,2,1,2,H,2
2014-08-17,2014/15,Newcastle,Man City,Home,0,0,2,A,0
2014-08-23,2014/15,Newcastle,Aston Villa,Away,4,0,0,D,1
2014-08-30,2014/15,Newcastle,Crystal Palace,Home,4,3,3,D,0
2014-09-13,2014/15,Newcastle,Southampton,Away,4,0,4,H,0
2014-09-20,2014/15,Newcastle,Hull,Home,7,2,2,D,0
2014-09-29,2014/15,Newcastle,Stoke,Away,1,0,1,H,0
2014-10-04,2014/15,Newcastle,Swansea,Away,4,2,2,D,0
2014-10-18,2014/15,Newcastle,Leicester,Home,6,1,0,H,0
2014-10-26,2014/15,Newcastle,Tottenham,Away,2,2,1,A,0
2014-11-01,2014/15,Newcastle,Liverpool,Home,3,1,0,H,0
2014-11-09,2014/15,Newcastle,West Brom,Away,3,2,0,A,0
2014-11-22,2014/15,Newcastle,QPR,Home,6,1,0,H,0
2014-11-29,2014/15,Newcastle,West Ham,Away,1,0,1,H,1
2014-12-02,2014/15,Newcastle,Burnley,Away,4,1,1,D,0
2014-12-06,2014/15,Newcastle,Chelsea,Home,3,2,1,H,1
2014-12-13,2014/15,Newcastle,Arsenal,Away,4,1,4,H,0
2014-12-21,2014/15,Newcastle,Sunderland,Home,7,0,1,A,0
2014-12-26,2014/15,Newcastle,Man United,Away,4,1,3,H,0
2014-12-28,2014/15,Newcastle,Everton,Home,6,3,2,H,0
2015-01-01,2014/15,Newcastle,Burnley,Home,4,3,3,D,0
2015-01-10,2014/15,Newcastle,Chelsea,Away,5,0,2,H,0
2015-01-17,2014/15,Newcastle,Southampton,Home,3,1,2,A,0
2015-01-31,2014/15,Newcastle,Hull,Away,5,3,0,A,0
2015-02-08,2014/15,Newcastle,Stoke,Home,3,1,1,D,0
2015-02-11,2014/15,Newcastle,Crystal Palace,Away,1,1,1,D,0
2015-02-21,2014/15,Newcastle,Man City,Away,1,0,5,H,0
2015-02-28,2014/15,Newcastle,Aston Villa,Home,5,1,0,H,0
2015-03-04,2014/15,Newcastle,Man United,Home,2,0,1,A,0
2015-03-15,2014/15,Newcastle,Everton,Away,4,0,3,H,1
2015-03-21,2014/15,Newcastle,Arsenal,Home,4,1,2,A,0
2015-04-05,2014/15,Newcastle,Sunderland,Away,1,0,1,H,0
2015-04-13,2014/15,Newcastle,Liverpool,Away,3,0,2,H,1
2015-04-19,2014/15,Newcastle,Tottenham,Home,5,1,3,A,0
2015-04-25,2014/15,Newcastle,Swansea,Home,4,2,3,A,0
2015-05-02,2014/15,Newcastle,Leicester,Away,3,0,3,H,2
2015-05-09,2014/15,Newcastle,West Brom,Home,5,1,1,D,0
2015-05-16,2014/15,Newcastle,QPR,Away,8,1,2,H,0
2015-05-24,2014/15,Newcastle,West Ham,Home,4,2,0,H,0
2015-08-09,2015/16,Newcastle,Southampton,Home,4,2,2,D,0
2015-08-15,2015/16,Newcastle,Swansea,Away,2,0,2,H,1
2015-08-22,2015/16,Newcastle,Man United,Away,0,0,0,D,0
2015-08-29,2015/16,Newcastle,Arsenal,Home,0,0,1,A,1
2015-09-14,2015/16,Newcastle,West Ham,Away,4,0,2,H,0
2015-09-19,2015/16,Newcastle,Watford,Home,5,1,2,A,0
2015-09-26,2015/16,Newcastle,Chelsea,Home,5,2,2,D,0
2015-10-03,2015/16,Newcastle,Man City,Away,4,1,6,H,0
2015-10-18,2015/16,Newcastle,Norwich,Home,6,6,2,H,0
2015-10-25,2015/16,Newcastle,Sunderland,Away,8,0,3,H,1
2015-10-31,2015/16,Newcastle,Stoke,Home,6,0,0,D,0
2015-11-07,2015/16,Newcastle,Bournemouth,Away,1,1,0,A,0
2015-11-21,2015/16,Newcastle,Leicester,Home,1,0,3,A,0
2015-11-28,2015/16,Newcastle,Crystal Palace,Away,2,1,5,H,0
2015-12-06,2015/16,Newcastle,Liverpool,Home,1,2,0,H,0
2015-12-13,2015/16,Newcastle,Tottenham,Away,4,2,1,A,0
2015-12-19,2015/16,Newcastle,Aston Villa,Home,4,1,1,D,0
2015-12-26,2015/16,Newcastle,Everton,Home,1,0,1,A,0
2015-12-28,2015/16,Newcastle,West Brom,Away,2,0,1,H,0
2016-01-02,2015/16,Newcastle,Arsenal,Away,6,0,1,H,0
2016-01-12,2015/16,Newcastle,Man United,Home,6,3,3,D,0
2016-01-16,2015/16,Newcastle,West Ham,Home,10,2,1,H,0
2016-01-23,2015/16,Newcastle,Watford,Away,2,1,2,H,0
2016-02-03,2015/16,Newcastle,Everton,Away,3,0,3,H,1
2016-02-06,2015/16,Newcastle,West Brom,Home,7,1,0,H,0
2016-02-13,2015/16,Newcastle,Chelsea,Away,4,1,5,H,0
2016-03-02,2015/16,Newcastle,Stoke,Away,3,0,1,H,0
2016-03-05,2015/16,Newcastle,Bournemouth,Home,3,1,3,A,0
2016-03-14,2015/16,Newcastle,Leicester,Away,2,0,1,H,0
2016-03-20,2015/16,Newcastle,Sunderland,Home,8,1,1,D,0
2016-04-02,2015/16,Newcastle,Norwich,Away,5,2,3,H,0
2016-04-09,2015/16,Newcastle,Southampton,Away,3,1,3,H,0
2016-04-16,2015/16,Newcastle,Swansea,Home,7,3,0,H,0
2016-04-19,2015/16,Newcastle,Man City,Home,3,1,1,D,0
2016-04-23,2015/16,Newcastle,Liverpool,Away,3,2,2,D,0
2016-04-30,2015/16,Newcastle,Crystal Palace,Home,4,1,0,H,0
2016-05-07,2015/16,Newcastle,Aston Villa,Away,3,0,0,D,0
2016-05-15,2015/16,Newcastle,Tottenham,Home,10,5,1,H,1
2017-08-13,2017/18,Newcastle,Tottenham,Home,3,0,2,A,1
2017-08-20,2017/18,Newcastle,Huddersfield,Away,5,0,1,H,0
2017-08-26,2017/18,Newcastle,West Ham,Home,8,3,0,H,0
2017-09-10,2017/18,Newcastle,Swansea,Away,8,1,0,A,0
2017-09-16,2017/18,Newcastle,Stoke,Home,3,2,1,H,0
2017-09-24,2017/18,Newcastle,Brighton,Away,5,0,1,H,0
2017-10-01,2017/18,Newcastle,Liverpool,Home,5,1,1,D,0
2017-10-15,2017/18,Newcastle,Southampton,Away,5,2,2,D,0
2017-10-21,2017/18,Newcastle,Crystal Palace,Home,3,1,0,H,0
2017-10-30,2017/18,Newcastle,Burnley,Away,5,0,1,H,0
2017-11-04,2017/18,Newcastle,Bournemouth,Home,4,0,1,A,0
2017-11-18,2017/18,Newcastle,Man United,Away,5,1,4,H,0
2017-11-25,2017/18,Newcastle,Watford,Home,2,0,3,A,0
2017-11-28,2017/18,Newcastle,West Brom,Away,4,2,2,D,0
2017-12-02,2017/18,Newcastle,Chelsea,Away,2,1,3,H,0
2017-12-09,2017/18,Newcastle,Leicester,Home,4,2,3,A,0
2017-12-13,2017/18,Newcastle,Everton,Home,4,0,1,A,1
2017-12-16,2017/18,Newcastle,Arsenal,Away,2,0,1,H,0
2017-12-23,2017/18,Newcastle,West Ham,Away,4,3,2,A,0
2017-12-27,2017/18,Newcastle,Man City,Home,2,0,1,A,0
2017-12-30,2017/18,Newcastle,Brighton,Home,2,0,0,D,0
2018-01-01,2017/18,Newcastle,Stoke,Away,6,1,0,A,0
2018-01-13,2017/18,Newcastle,Swansea,Home,4,1,1,D,0
2018-01-20,2017/18,Newcastle,Man City,Away,4,1,3,H,0
2018-01-31,2017/18,Newcastle,Burnley,Home,4,1,1,D,0
2018-02-04,2017/18,Newcastle,Crystal Palace,Away,8,1,1,D,0
2018-02-11,2017/18,Newcastle,Man United,Home,3,1,0,H,0
2018-02-24,2017/18,Newcastle,Bournemouth,Away,4,2,2,D,0
2018-03-03,2017/18,Newcastle,Liverpool,Away,2,0,2,H,0
2018-03-10,2017/18,Newcastle,Southampton,Home,5,3,0,H,0
2018-03-31,2017/18,Newcastle,Huddersfield,Home,3,1,0,H,0
2018-04-07,2017/18,Newcastle,Leicester,Away,4,2,1,A,0
2018-04-15,2017/18,Newcastle,Arsenal,Home,4,2,1,H,0
2018-04-23,2017/18,Newcastle,Everton,Away,2,0,1,H,0
2018-04-28,2017/18,Newcastle,West Brom,Home,2,0,1,A,0
2018-05-05,2017/18,Newcastle,Watford,Away,1,1,2,H,0
2018-05-09,2017/18,Newcastle,Tottenham,Away,3,0,1,H,0
2018-05-13,2017/18,Newcastle,Chelsea,Home,6,3,0,H,0
2018-08-11,2018/19,Newcastle,Tottenham,Home,2,1,2,A,0
2018-08-18,2018/19,Newcastle,Cardiff,Away,6,0,0,D,1
2018-08-26,2018/19,Newcastle,Chelsea,Home,2,1,2,A,0
2018-09-01,2018/19,Newcastle,Man City,Away,2,1,2,H,0
2018-09-15,2018/19,Newcastle,Arsenal,Home,2,1,2,A,0
2018-09-22,2018/19,Newcastle,Crystal Palace,Away,3,0,0,D,0
2018-09-29,2018/19,Newcastle,Leicester,Home,1,0,2,A,0
2018-10-06,2018/19,Newcastle,Man United,Away,8,2,3,H,0
2018-10-20,2018/19,Newcastle,Brighton,Home,6,0,1,A,0
2018-10-27,2018/19,Newcastle,Southampton,Away,0,0,0,D,0
2018-11-03,2018/19,Newcastle,Watford,Home,2,1,0,H,0
2018-11-10,2018/19,Newcastle,Bournemouth,Home,6,2,1,H,0
2018-11-26,2018/19,Newcastle,Burnley,Away,3,2,1,A,0
2018-12-01,2018/19,Newcastle,West Ham,Home,4,0,3,A,0
2018-12-05,2018/19,Newcastle,Everton,Away,5,1,1,D,0
2018-12-09,2018/19,Newcastle,Wolves,Home,4,1,2,A,1
2018-12-15,2018/19,Newcastle,Huddersfield,Away,5,1,0,A,0
2018-12-22,2018/19,Newcastle,Fulham,Home,0,0,0,D,0
2018-12-26,2018/19,Newcastle,Liverpool,Away,2,0,4,H,0
2018-12-29,2018/19,Newcastle,Watford,Away,2,1,1,D,0
2019-01-02,2018/19,Newcastle,Man United,Home,3,0,2,A,0
2019-01-12,2018/19,Newcastle,Chelsea,Away,2,1,2,H,0
2019-01-19,2018/19,Newcastle,Cardiff,Home,6,3,0,H,0
2019-01-29,2018/19,Newcastle,Man City,Home,2,2,1,H,0
2019-02-02,2018/19,Newcastle,Tottenham,Away,2,0,1,H,0
2019-02-11,2018/19,Newcastle,Wolves,Away,3,1,1,D,0
2019-02-23,2018/19,Newcastle,Huddersfield,Home,12,2,0,H,0
2019-02-26,2018/19,Newcastle,Burnley,Home,3,2,0,H,0
2019-03-02,2018/19,Newcastle,West Ham,Away,2,0,2,H,0
2019-03-09,2018/19,Newcastle,Everton,Home,7,3,2,H,0
2019-03-16,2018/19,Newcastle,Bournemouth,Away,4,2,2,D,0
2019-04-01,2018/19,Newcastle,Arsenal,Away,1,0,2,H,0
2019-04-06,2018/19,Newcastle,Crystal Palace,Home,5,0,1,A,0
2019-04-12,2018/19,Newcastle,Leicester,Away,5,1,0,A,0
2019-04-20,2018/19,Newcastle,Southampton,Home,6,3,1,H,0
2019-04-27,2018/19,Newcastle,Brighton,Away,1,1,1,D,0
2019-05-04,2018/19,Newcastle,Liverpool,Home,7,2,3,A,0
2019-05-12,2018/19,Newcastle,Fulham,Away,6,4,0,A,0
2019-08-11,2019/20,Newcastle,Arsenal,Home,2,0,1,A,0
2019-08-17,2019/20,Newcastle,Norwich,Away,3,1,3,H,0
2019-08-25,2019/20,Newcastle,Tottenham,Away,3,1,0,A,0
2019-08-31,2019/20,Newcastle,Watford,Home,5,1,1,D,0
2019-09-14,2019/20,Newcastle,Liverpool,Away,1,1,3,H,0
2019-09-21,2019/20,Newcastle,Brighton,Home,4,0,0,D,0
2019-09-29,2019/20,Newcastle,Leicester,Away,0,0,5,H,1
2019-10-06,2019/20,Newcastle,Man United,Home,2,1,0,H,0
2019-10-19,2019/20,Newcastle,Chelsea,Away,0,0,1,H,0
2019-10-27,2019/20,Newcastle,Wolves,Home,2,1,1,D,1
2019-11-02,2019/20,Newcastle,West Ham,Away,9,3,2,A,0
2019-11-09,2019/20,Newcastle,Bournemouth,Home,9,2,1,H,0
2019-11-25,2019/20,Newcastle,Aston Villa,Away,5,0,2,H,0
2019-11-30,2019/20,Newcastle,Man City,Home,3,2,2,D,0
2019-12-05,2019/20,Newcastle,Sheffield United,Away,4,2,0,A,0
2019-12-08,2019/20,Newcastle,Southampton,Home,6,2,1,H,0
2019-12-14,2019/20,Newcastle,Burnley,Away,0,0,1,H,0
2019-12-21,2019/20,Newcastle,Crystal Palace,Home,3,1,0,H,0
2019-12-26,2019/20,Newcastle,Man United,Away,2,1,4,H,0
2019-12-28,2019/20,Newcastle,Everton,Home,5,1,2,A,0
2020-01-01,2019/20,Newcastle,Leicester,Home,2,0,3,A,0
2020-01-11,2019/20,Newcastle,Wolves,Away,1,1,1,D,0
2020-01-18,2019/20,Newcastle,Chelsea,Home,2,1,0,H,0
2020-01-21,2019/20,Newcastle,Everton,Away,2,2,2,D,0
2020-02-01,2019/20,Newcastle,Norwich,Home,5,0,0,D,0
2020-02-16,2019/20,Newcastle,Arsenal,Away,2,0,4,H,0
2020-02-22,2019/20,Newcastle,Crystal Palace,Away,2,0,1,H,1
2020-02-29,2019/20,Newcastle,Burnley,Home,4,0,0,D,0
2020-03-07,2019/20,Newcastle,Southampton,Away,7,1,0,A,0
2020-06-21,2019/20,Newcastle,Sheffield United,Home,8,3,0,H,0
2020-06-24,2019/20,Newcastle,Aston Villa,Home,3,1,1,D,0
2020-07-01,2019/20,Newcastle,Bournemouth,Away,7,4,1,A,0
2020-07-05,2019/20,Newcastle,West Ham,Home,4,2,2,D,0
2020-07-08,2019/20,Newcastle,Man City,Away,1,0,5,H,0
2020-07-11,2019/20,Newcastle,Watford,Away,4,1,2,H,0
2020-07-15,2019/20,Newcastle,Tottenham,Home,6,1,3,A,0
2020-07-20,2019/20,Newcastle,Brighton,Away,1,0,0,D,0
2020-07-26,2019/20,Newcastle,Liverpool,Home,2,1,3,A,0
2020-09-12,2020/21,Newcastle,West Ham,Away,2,2,0,A,0
2020-09-20,2020/21,Newcastle,Brighton,Home,0,0,3,A,0
2020-09-27,2020/21,Newcastle,Tottenham,Away,1,1,1,D,0
2020-10-03,2020/21,Newcastle,Burnley,Home,5,3,1,H,0
2020-10-17,2020/21,Newcastle,Man United,Home,4,1,4,A,0
2020-10-25,2020/21,Newcastle,Wolves,Away,2,1,1,D,0
2020-11-01,2020/21,Newcastle,Everton,Home,4,2,1,H,0
2020-11-06,2020/21,Newcastle,Southampton,Away,2,0,2,H,0
2020-11-21,2020/21,Newcastle,Chelsea,Home,1,0,2,A,0
2020-11-27,2020/21,Newcastle,Crystal Palace,Away,7,2,0,A,0
2020-12-12,2020/21,Newcastle,West Brom,Home,7,2,1,H,0
2020-12-16,2020/21,Newcastle,Leeds,Away,4,2,5,H,0
2020-12-19,2020/21,Newcastle,Fulham,Home,5,1,1,D,0
2020-12-26,2020/21,Newcastle,Man City,Away,2,0,2,H,0
2020-12-30,2020/21,Newcastle,Liverpool,Home,2,0,0,D,0
2021-01-03,2020/21,Newcastle,Leicester,Home,2,1,2,A,0
2021-01-12,2020/21,Newcastle,Sheffield United,Away,3,0,1,H,1
2021-01-18,2020/21,Newcastle,Arsenal,Away,1,0,3,H,0
2021-01-23,2020/21,Newcastle,Aston Villa,Away,1,0,2,H,0
2021-01-26,2020/21,Newcastle,Leeds,Home,5,1,2,A,0
2021-01-30,2020/21,Newcastle,Everton,Away,3,2,0,A,0
2021-02-02,2020/21,Newcastle,Crystal Palace,Home,5,1,2,A,0
2021-02-06,2020/21,Newcastle,Southampton,Home,4,3,2,H,1
2021-02-15,2020/21,Newcastle,Chelsea,Away,4,0,2,H,0
2021-02-21,2020/21,Newcastle,Man United,Away,6,1,3,H,0
2021-02-27,2020/21,Newcastle,Wolves,Home,7,1,1,D,0
2021-03-07,2020/21,Newcastle,West Brom,Away,5,0,0,D,0
2021-03-12,2020/21,Newcastle,Aston Villa,Home,3,1,1,D,0
2021-03-20,2020/21,Newcastle,Brighton,Away,1,0,3,H,0
2021-04-04,2020/21,Newcastle,Tottenham,Home,6,2,2,D,0
2021-04-11,2020/21,Newcastle,Burnley,Away,5,2,1,A,0
2021-04-17,2020/21,Newcastle,West Ham,Home,8,3,2,H,0
2021-04-24,2020/21,Newcastle,Liverpool,Away,4,1,1,D,0
2021-05-02,2020/21,Newcastle,Arsenal,Home,1,0,2,A,1
2021-05-07,2020/21,Newcastle,Leicester,Away,6,4,2,A,0
2021-05-14,2020/21,Newcastle,Man City,Home,5,3,4,A,0
2021-05-19,2020/21,Newcastle,Sheffield United,Home,5,1,0,H,0
2021-05-23,2020/21,Newcastle,Fulham,Away,4,2,0,A,0
2021-08-15,2021/22,Newcastle,West Ham,Home,3,2,4,A,0
2021-08-21,2021/22,Newcastle,Aston Villa,Away,1,0,2,H,0
2021-08-28,2021/22,Newcastle,Southampton,Home,5,2,2,D,0
2021-09-11,2021/22,Newcastle,Man United,Away,3,1,4,H,0
2021-09-17,2021/22,Newcastle,Leeds,Home,7,1,1,D,0
2021-09-25,2021/22,Newcastle,Watford,Away,6,1,1,D,0
2021-10-02,2021/22,Newcastle,Wolves,Away,2,1,2,H,0
2021-10-17,2021/22,Newcastle,Tottenham,Home,1,2,3,A,1
2021-10-23,2021/22,Newcastle,Crystal Palace,Away,2,1,1,D,0
2021-10-30,2021/22,Newcastle,Chelsea,Home,1,0,3,A,0
2021-11-06,2021/22,Newcastle,Brighton,Away,1,1,1,D,0
2021-11-20,2021/22,Newcastle,Brentford,Home,9,3,3,D,0
2021-11-27,2021/22,Newcastle,Arsenal,Away,5,0,2,H,0
2021-11-30,2021/22,Newcastle,Norwich,Home,1,1,1,D,0
2021-12-04,2021/22,Newcastle,Burnley,Home,4,1,0,H,0
2021-12-12,2021/22,Newcastle,Leicester,Away,3,0,4,H,0
2021-12-16,2021/22,Newcastle,Liverpool,Away,2,1,3,H,0
2021-12-19,2021/22,Newcastle,Man City,Home,1,0,4,A,0
2021-12-27,2021/22,Newcastle,Man United,Home,8,1,1,D,0
2022-01-15,2021/22,Newcastle,Watford,Home,1,1,1,D,0
2022-01-22,2021/22,Newcastle,Leeds,Away,3,1,0,A,0
2022-02-08,2021/22,Newcastle,Everton,Home,9,3,1,H,0
2022-02-13,2021/22,Newcastle,Aston Villa,Home,2,1,0,H,0
2022-02-19,2021/22,Newcastle,West Ham,Away,3,1,1,D,0
2022-02-26,2021/22,Newcastle,Brentford,Away,11,2,0,A,0
2022-03-05,2021/22,Newcastle,Brighton,Home,4,2,1,H,0
2022-03-10,2021/22,Newcastle,Southampton,Away,4,2,1,A,0
2022-03-13,2021/22,Newcastle,Chelsea,Away,2,0,1,H,0
2022-03-17,2021/22,Newcastle,Everton,Away,6,0,1,H,0
2022-04-03,2021/22,Newcastle,Tottenham,Away,1,1,5,H,0
2022-04-08,2021/22,Newcastle,Wolves,Home,4,1,0,H,0
2022-04-17,2021/22,Newcastle,Leicester,Home,7,2,1,H,0
2022-04-20,2021/22,Newcastle,Crystal Palace,Home,4,1,0,H,0
2022-04-23,2021/22,Newcastle,Norwich,Away,7,3,0,A,0
2022-04-30,2021/22,Newcastle,Liverpool,Home,2,0,1,A,0
2022-05-08,2021/22,Newcastle,Man City,Away,3,0,5,H,0
2022-05-16,2021/22,Newcastle,Arsenal,Home,4,2,0,H,0
2022-05-22,2021/22,Newcastle,Burnley,Away,6,2,1,A,0
2022-08-06,2022/23,Newcastle,Nott'm Forest,Home,10,2,0,H,0
2022-08-13,2022/23,Newcastle,Brighton,Away,1,0,0,D,0
2022-08-21,2022/23,Newcastle,Man City,Home,6,3,3,D,0
2022-08-28,2022/23,Newcastle,Wolves,Away,6,1,1,D,0
2022-08-31,2022/23,Newcastle,Liverpool,Away,2,1,2,H,0
2022-09-03,2022/23,Newcastle,Crystal Palace,Home,6,0,0,D,0
2022-09-17,2022/23,Newcastle,Bournemouth,Home,7,1,1,D,0
2022-10-01,2022/23,Newcastle,Fulham,Away,10,4,1,A,0
2022-10-08,2022/23,Newcastle,Brentford,Home,6,5,1,H,0
2022-10-16,2022/23,Newcastle,Man United,Away,2,0,0,D,0
2022-10-19,2022/23,Newcastle,Everton,Home,4,1,0,H,0
2022-10-23,2022/23,Newcastle,Tottenham,Away,5,2,1,A,0
2022-10-29,2022/23,Newcastle,Aston Villa,Home,7,4,0,H,0
2022-11-06,2022/23,Newcastle,Southampton,Away,4,4,1,A,0
2022-11-12,2022/23,Newcastle,Chelsea,Home,3,1,0,H,0
2022-12-26,2022/23,Newcastle,Leicester,Away,5,3,0,A,0
2022-12-31,2022/23,Newcastle,Leeds,Home,5,0,0,D,0
2023-01-03,2022/23,Newcastle,Arsenal,Away,1,0,0,D,0
2023-01-15,2022/23,Newcastle,Fulham,Home,5,1,0,H,0
2023-01-21,2022/23,Newcastle,Crystal Palace,Away,7,0,0,D,0
2023-02-04,2022/23,Newcastle,West Ham,Home,2,1,1,D,0
2023-02-11,2022/23,Newcastle,Bournemouth,Away,7,1,1,D,0
2023-02-18,2022/23,Newcastle,Liverpool,Home,4,0,2,A,1
2023-03-04,2022/23,Newcastle,Man City,Away,2,0,2,H,0
2023-03-12,2022/23,Newcastle,Wolves,Home,8,2,1,H,0
2023-03-17,2022/23,Newcastle,Nott'm Forest,Away,4,2,1,A,0
2023-04-02,2022/23,Newcastle,Man United,Home,6,2,0,H,0
2023-04-05,2022/23,Newcastle,West Ham,Away,8,5,1,A,0
2023-04-08,2022/23,Newcastle,Brentford,Away,4,2,1,A,0
2023-04-15,2022/23,Newcastle,Aston Villa,Away,2,0,3,H,0
2023-04-23,2022/23,Newcastle,Tottenham,Home,8,6,1,H,0
2023-04-27,2022/23,Newcastle,Everton,Away,8,4,1,A,0
2023-04-30,2022/23,Newcastle,Southampton,Home,5,3,1,H,0
2023-05-07,2022/23,Newcastle,Arsenal,Home,5,0,2,A,0
2023-05-13,2022/23,Newcastle,Leeds,Away,5,2,2,D,0
2023-05-18,2022/23,Newcastle,Brighton,Home,9,4,1,H,0
2023-05-22,2022/23,Newcastle,Leicester,Home,4,0,0,D,0
2023-05-28,2022/23,Newcastle,Chelsea,Away,4,1,1,D,0
2023-08-12,2023/24,Newcastle,Aston Villa,Home,13,5,1,H,0
2023-08-19,2023/24,Newcastle,Man City,Away,1,0,1,H,0
2023-08-27,2023/24,Newcastle,Liverpool,Home,8,1,2,A,0
2023-09-02,2023/24,Newcastle,Brighton,Away,2,1,3,H,0
2023-09-16,2023/24,Newcastle,Brentford,Home,2,1,0,H,0
2023-09-24,2023/24,Newcastle,Sheffield United,Away,15,8,0,A,0
2023-09-30,2023/24,Newcastle,Burnley,Home,8,2,0,H,0
2023-10-08,2023/24,Newcastle,West Ham,Away,3,2,2,D,0
2023-10-21,2023/24,Newcastle,Crystal Palace,Home,7,4,0,H,0
2023-10-28,2023/24,Newcastle,Wolves,Away,5,2,2,D,0
2023-11-04,2023/24,Newcastle,Arsenal,Home,2,1,0,H,0
2023-11-11,2023/24,Newcastle,Bournemouth,Away,5,0,2,H,0
2023-11-25,2023/24,Newcastle,Chelsea,Home,5,4,1,H,0
2023-12-02,2023/24,Newcastle,Man United,Home,4,1,0,H,0
2023-12-07,2023/24,Newcastle,Everton,Away,3,0,3,H,0
2023-12-10,2023/24,Newcastle,Tottenham,Away,3,1,4,H,0
2023-12-16,2023/24,Newcastle,Fulham,Home,10,3,0,H,0
2023-12-23,2023/24,Newcastle,Luton,Away,2,0,1,H,0
2023-12-26,2023/24,Newcastle,Nott'm Forest,Home,7,1,3,A,0
2024-01-01,2023/24,Newcastle,Liverpool,Away,3,2,4,H,0
2024-01-13,2023/24,Newcastle,Man City,Home,5,2,3,A,0
2024-01-30,2023/24,Newcastle,Aston Villa,Away,5,3,1,A,0
2024-02-03,2023/24,Newcastle,Luton,Home,6,4,4,D,0
2024-02-10,2023/24,Newcastle,Nott'm Forest,Away,5,3,2,A,0
2024-02-17,2023/24,Newcastle,Bournemouth,Home,5,2,2,D,0
2024-02-24,2023/24,Newcastle,Arsenal,Away,2,1,4,H,0
2024-03-02,2023/24,Newcastle,Wolves,Home,7,3,0,H,0
2024-03-11,2023/24,Newcastle,Chelsea,Away,3,2,3,H,0
2024-03-30,2023/24,Newcastle,West Ham,Home,9,4,3,H,1
2024-04-02,2023/24,Newcastle,Everton,Home,6,1,1,D,0
2024-04-06,2023/24,Newcastle,Fulham,Away,5,1,0,A,0
2024-04-13,2023/24,Newcastle,Tottenham,Home,5,4,0,H,0
2024-04-24,2023/24,Newcastle,Crystal Palace,Away,2,0,2,H,0
2024-04-27,2023/24,Newcastle,Sheffield United,Home,7,5,1,H,0
2024-05-04,2023/24,Newcastle,Burnley,Away,11,4,1,A,0
2024-05-11,2023/24,Newcastle,Brighton,Home,7,1,1,D,0
2024-05-15,2023/24,Newcastle,Man United,Away,8,2,3,H,0
2024-05-19,2023/24,Newcastle,Brentford,Away,7,4,2,A,0
2024-08-17,2024/25,Newcastle,Southampton,Home,1,1,0,H,1
2024-08-25,2024/25,Newcastle,Bournemouth,Away,5,1,1,D,0
2024-09-01,2024/25,Newcastle,Tottenham,Home,3,2,1,H,0
2024-09-15,2024/25,Newcastle,Wolves,Away,6,2,1,A,0
2024-09-21,2024/25,Newcastle,Fulham,Away,4,1,3,H,0
2024-09-28,2024/25,Newcastle,Man City,Home,4,1,1,D,0
2024-10-05,2024/25,Newcastle,Everton,Away,3,0,0,D,0
2024-10-19,2024/25,Newcastle,Brighton,Home,6,0,1,A,0
2024-10-27,2024/25,Newcastle,Chelsea,Away,3,1,2,H,0
2024-11-02,2024/25,Newcastle,Arsenal,Home,4,1,0,H,0
2024-11-10,2024/25,Newcastle,Nott'm Forest,Away,6,3,1,A,0
2024-11-25,2024/25,Newcastle,West Ham,Home,2,0,2,A,0
2024-11-30,2024/25,Newcastle,Crystal Palace,Away,0,1,1,D,0
2024-12-04,2024/25,Newcastle,Liverpool,Home,6,3,3,D,0
2024-12-07,2024/25,Newcastle,Brentford,Away,3,2,4,H,0
2024-12-14,2024/25,Newcastle,Leicester,Home,11,4,0,H,0
2024-12-21,2024/25,Newcastle,Ipswich,Away,7,4,0,A,0
2024-12-26,2024/25,Newcastle,Aston Villa,Home,8,3,0,H,0
2024-12-30,2024/25,Newcastle,Man United,Away,4,2,0,A,0
2025-01-04,2024/25,Newcastle,Tottenham,Away,4,2,1,A,0
2025-01-15,2024/25,Newcastle,Wolves,Home,5,3,0,H,0
2025-01-18,2024/25,Newcastle,Bournemouth,Home,5,1,4,A,0
2025-01-25,2024/25,Newcastle,Southampton,Away,9,3,1,A,0
2025-02-01,2024/25,Newcastle,Fulham,Home,4,1,2,A,0
2025-02-15,2024/25,Newcastle,Man City,Away,1,0,4,H,0
2025-02-23,2024/25,Newcastle,Nott'm Forest,Home,5,4,3,H,0
2025-02-26,2024/25,Newcastle,Liverpool,Away,0,0,2,H,0
2025-03-10,2024/25,Newcastle,West Ham,Away,3,1,0,A,0
2025-04-02,2024/25,Newcastle,Brentford,Home,4,2,1,H,0
2025-04-07,2024/25,Newcastle,Leicester,Away,5,3,0,A,0
2025-04-13,2024/25,Newcastle,Man United,Home,6,4,1,H,0
2025-04-16,2024/25,Newcastle,Crystal Palace,Home,7,5,0,H,0
2025-04-19,2024/25,Newcastle,Aston Villa,Away,3,1,4,H,0
2025-04-26,2024/25,Newcastle,Ipswich,Home,5,3,0,H,0
2025-05-04,2024/25,Newcastle,Brighton,Away,5,1,1,D,0
2004-08-14,2004/05,Norwich,Crystal Palace,Home,10,1,1,D,0
2004-08-21,2004/05,Norwich,Man United,Away,2,1,2,H,0
2004-08-25,2004/05,Norwich,Newcastle,Away,5,2,2,D,0
2004-08-28,2004/05,Norwich,Arsenal,Home,5,1,4,A,0
2004-09-12,2004/05,Norwich,Tottenham,Away,2,0,0,D,0
2004-09-18,2004/05,Norwich,Aston Villa,Home,3,0,0,D,0
2004-09-25,2004/05,Norwich,Liverpool,Away,1,0,3,H,0
2004-10-02,2004/05,Norwich,Portsmouth,Home,9,2,2,D,0
2004-10-16,2004/05,Norwich,West Brom,Away,5,0,0,D,0
2004-10-23,2004/05,Norwich,Everton,Home,10,2,3,A,0
2004-11-01,2004/05,Norwich,Man City,Away,5,1,1,D,0
2004-11-06,2004/05,Norwich,Blackburn,Home,5,1,1,D,0
2004-11-13,2004/05,Norwich,Charlton,Away,4,0,4,H,0
2004-11-20,2004/05,Norwich,Southampton,Home,8,2,1,H,0
2004-11-27,2004/05,Norwich,Birmingham,Away,3,1,1,D,0
2004-12-04,2004/05,Norwich,Fulham,Home,4,0,1,A,0
2004-12-11,2004/05,Norwich,Bolton,Home,4,3,2,H,0
2004-12-18,2004/05,Norwich,Chelsea,Away,0,0,4,H,0
2004-12-26,2004/05,Norwich,Tottenham,Home,8,0,2,A,0
2004-12-28,2004/05,Norwich,Middlesbrough,Away,2,0,2,H,0
2005-01-01,2004/05,Norwich,Portsmouth,Away,5,1,1,D,1
2005-01-03,2004/05,Norwich,Liverpool,Home,4,1,2,A,0
2005-01-15,2004/05,Norwich,Aston Villa,Away,1,0,3,H,0
2005-01-22,2004/05,Norwich,Middlesbrough,Home,9,4,4,D,0
2005-02-02,2004/05,Norwich,Everton,Away,6,0,1,H,0
2005-02-05,2004/05,Norwich,West Brom,Home,7,3,2,H,0
2005-02-12,2004/05,Norwich,Blackburn,Away,6,0,3,H,0
2005-02-28,2004/05,Norwich,Man City,Home,4,2,3,A,1
2005-03-05,2004/05,Norwich,Chelsea,Home,5,1,3,A,0
2005-03-19,2004/05,Norwich,Bolton,Away,2,0,1,H,0
2005-04-02,2004/05,Norwich,Arsenal,Away,1,1,4,H,0
2005-04-09,2004/05,Norwich,Man United,Home,5,2,0,H,0
2005-04-16,2004/05,Norwich,Crystal Palace,Away,8,3,3,D,0
2005-04-20,2004/05,Norwich,Newcastle,Home,8,2,1,H,0
2011-08-13,2011/12,Norwich,Wigan,Away,3,1,1,D,0
2011-08-21,2011/12,Norwich,Stoke,Home,7,1,1,D,1
2011-08-27,2011/12,Norwich,Chelsea,Away,6,1,3,H,1
2011-09-11,2011/12,Norwich,West Brom,Home,5,0,1,A,0
2011-09-17,2011/12,Norwich,Bolton,Away,5,2,1,A,0
2011-09-26,2011/12,Norwich,Sunderland,Home,8,2,1,H,0
2011-10-01,2011/12,Norwich,Man United,Away,6,0,2,H,0
2011-10-15,2011/12,Norwich,Swansea,Home,8,3,1,H,0
2011-10-22,2011/12,Norwich,Liverpool,Away,10,1,1,D,0
2011-10-29,2011/12,Norwich,Blackburn,Home,6,3,3,D,0
2011-11-05,2011/12,Norwich,Aston Villa,Away,7,2,3,H,0
2011-11-19,2011/12,Norwich,Arsenal,Home,4,1,2,A,0
2011-11-26,2011/12,Norwich,QPR,Home,8,2,1,H,0
2011-12-03,2011/12,Norwich,Man City,Away,2,1,5,H,0
2011-12-10,2011/12,Norwich,Newcastle,Home,11,4,2,H,0
2011-12-17,2011/12,Norwich,Everton,Away,1,1,1,D,0
2011-12-20,2011/12,Norwich,Wolves,Away,14,2,2,D,0
2011-12-27,2011/12,Norwich,Tottenham,Home,4,0,2,A,0
2011-12-31,2011/12,Norwich,Fulham,Home,9,1,1,D,0
2012-01-02,2011/12,Norwich,QPR,Away,6,2,1,A,0
2012-01-14,2011/12,Norwich,West Brom,Away,4,2,1,A,0
2012-01-21,2011/12,Norwich,Chelsea,Home,3,0,0,D,0
2012-02-01,2011/12,Norwich,Sunderland,Away,4,0,3,H,0
2012-02-04,2011/12,Norwich,Bolton,Home,9,2,0,H,0
2012-02-11,2011/12,Norwich,Swansea,Away,11,3,2,A,0
2012-02-26,2011/12,Norwich,Man United,Home,7,1,2,A,0
2012-03-03,2011/12,Norwich,Stoke,Away,5,0,1,H,0
2012-03-11,2011/12,Norwich,Wigan,Home,6,1,1,D,0
2012-03-18,2011/12,Norwich,Newcastle,Away,5,0,1,H,0
2012-03-24,2011/12,Norwich,Wolves,Home,11,2,1,H,1
2012-03-31,2011/12,Norwich,Fulham,Away,8,1,2,H,0
2012-04-07,2011/12,Norwich,Everton,Home,11,2,2,D,0
2012-04-09,2011/12,Norwich,Tottenham,Away,6,2,1,A,0
2012-04-14,2011/12,Norwich,Man City,Home,8,1,6,A,0
2012-04-21,2011/12,Norwich,Blackburn,Away,5,0,2,H,0
2012-04-28,2011/12,Norwich,Liverpool,Home,3,0,3,A,0
2012-05-05,2011/12,Norwich,Arsenal,Away,6,3,3,D,0
2012-05-13,2011/12,Norwich,Aston Villa,Home,12,2,0,H,0
2012-08-18,2012/13,Norwich,Fulham,Away,2,0,5,H,0
2012-08-25,2012/13,Norwich,QPR,Home,4,1,1,D,0
2012-09-01,2012/13,Norwich,Tottenham,Away,4,1,1,D,0
2012-09-15,2012/13,Norwich,West Ham,Home,14,0,0,D,0
2012-09-23,2012/13,Norwich,Newcastle,Away,3,0,1,H,0
2012-09-29,2012/13,Norwich,Liverpool,Home,7,2,5,A,0
2012-10-06,2012/13,Norwich,Chelsea,Away,4,1,4,H,0
2012-10-20,2012/13,Norwich,Arsenal,Home,3,1,0,H,0
2012-10-27,2012/13,Norwich,Aston Villa,Away,6,1,1,D,0
2012-11-03,2012/13,Norwich,Stoke,Home,8,1,0,H,0
2012-11-10,2012/13,Norwich,Reading,Away,3,0,0,D,0
2012-11-17,2012/13,Norwich,Man United,Home,5,1,0,H,0
2012-11-24,2012/13,Norwich,Everton,Away,4,1,1,D,0
2012-11-28,2012/13,Norwich,Southampton,Away,5,1,1,D,0
2012-12-02,2012/13,Norwich,Sunderland,Home,5,2,1,H,0
2012-12-08,2012/13,Norwich,Swansea,Away,8,4,3,A,0
2012-12-15,2012/13,Norwich,Wigan,Home,10,2,1,H,0
2012-12-22,2012/13,Norwich,West Brom,Away,4,1,2,H,0
2012-12-26,2012/13,Norwich,Chelsea,Home,4,0,1,A,0
2012-12-29,2012/13,Norwich,Man City,Home,8,3,4,A,0
2013-01-01,2012/13,Norwich,West Ham,Away,3,1,2,H,0
2013-01-12,2012/13,Norwich,Newcastle,Home,3,0,0,D,0
2013-01-19,2012/13,Norwich,Liverpool,Away,3,0,5,H,0
2013-01-30,2012/13,Norwich,Tottenham,Home,4,1,1,D,0
2013-02-02,2012/13,Norwich,QPR,Away,9,0,0,D,0
2013-02-09,2012/13,Norwich,Fulham,Home,8,0,0,D,0
2013-02-23,2012/13,Norwich,Everton,Home,9,2,1,H,0
2013-03-02,2012/13,Norwich,Man United,Away,1,0,4,H,0
2013-03-09,2012/13,Norwich,Southampton,Home,2,0,0,D,0
2013-03-17,2012/13,Norwich,Sunderland,Away,3,1,1,D,1
2013-03-30,2012/13,Norwich,Wigan,Away,5,0,1,H,0
2013-04-06,2012/13,Norwich,Swansea,Home,9,2,2,D,0
2013-04-13,2012/13,Norwich,Arsenal,Away,5,1,3,H,0
2013-04-20,2012/13,Norwich,Reading,Home,9,2,1,H,0
2013-04-27,2012/13,Norwich,Stoke,Away,0,0,1,H,0
2013-05-04,2012/13,Norwich,Aston Villa,Home,4,1,2,A,0
2013-05-12,2012/13,Norwich,West Brom,Home,8,4,0,H,0
2013-05-19,2012/13,Norwich,Man City,Away,7,3,2,A,0
2013-08-17,2013/14,Norwich,Everton,Home,2,2,2,D,0
2013-08-24,2013/14,Norwich,Hull,Away,4,0,1,H,0
2013-08-31,2013/14,Norwich,Southampton,Home,4,1,0,H,0
2013-09-14,2013/14,Norwich,Tottenham,Away,1,0,2,H,0
2013-09-21,2013/14,Norwich,Aston Villa,Home,1,0,1,A,0
2013-09-29,2013/14,Norwich,Stoke,Away,3,1,0,A,0
2013-10-06,2013/14,Norwich,Chelsea,Home,3,1,3,A,0
2013-10-19,2013/14,Norwich,Arsenal,Away,6,1,4,H,0
2013-10-26,2013/14,Norwich,Cardiff,Home,10,0,0,D,0
2013-11-02,2013/14,Norwich,Man City,Away,1,0,7,H,0
2013-11-09,2013/14,Norwich,West Ham,Home,6,3,1,H,0
2013-11-23,2013/14,Norwich,Newcastle,Away,2,1,2,H,0
2013-11-30,2013/14,Norwich,Crystal Palace,Home,3,1,0,H,0
2013-12-04,2013/14,Norwich,Liverpool,Away,5,1,5,H,0
2013-12-07,2013/14,Norwich,West Brom,Away,3,2,0,A,0
2013-12-15,2013/14,Norwich,Swansea,Home,3,1,1,D,0
2013-12-21,2013/14,Norwich,Sunderland,Away,5,0,0,D,0
2013-12-26,2013/14,Norwich,Fulham,Home,3,1,2,A,0
2013-12-28,2013/14,Norwich,Man United,Home,4,0,1,A,0
2014-01-01,2013/14,Norwich,Crystal Palace,Away,5,1,1,D,1
2014-01-11,2013/14,Norwich,Everton,Away,3,0,2,H,0
2014-01-18,2013/14,Norwich,Hull,Home,4,1,0,H,0
2014-01-28,2013/14,Norwich,Newcastle,Home,2,0,0,D,1
2014-02-01,2013/14,Norwich,Cardiff,Away,6,1,2,H,0
2014-02-08,2013/14,Norwich,Man City,Home,2,0,0,D,0
2014-02-11,2013/14,Norwich,West Ham,Away,6,0,2,H,0
2014-02-23,2013/14,Norwich,Tottenham,Home,3,1,0,H,0
2014-03-02,2013/14,Norwich,Aston Villa,Away,4,1,4,H,0
2014-03-08,2013/14,Norwich,Stoke,Home,5,1,1,D,0
2014-03-15,2013/14,Norwich,Southampton,Away,3,2,4,H,0
2014-03-22,2013/14,Norwich,Sunderland,Home,8,2,0,H,0
2014-03-29,2013/14,Norwich,Swansea,Away,4,0,3,H,0
2014-04-05,2013/14,Norwich,West Brom,Home,4,0,1,A,0
2014-04-12,2013/14,Norwich,Fulham,Away,3,0,1,H,0
2014-04-20,2013/14,Norwich,Liverpool,Home,5,2,3,A,0
2014-04-26,2013/14,Norwich,Man United,Away,2,0,4,H,0
2014-05-04,2013/14,Norwich,Chelsea,Away,3,0,0,D,0
2014-05-11,2013/14,Norwich,Arsenal,Home,5,0,2,A,0
2015-08-08,2015/16,Norwich,Crystal Palace,Home,6,1,3,A,0
2015-08-15,2015/16,Norwich,Sunderland,Away,6,3,1,A,0
2015-08-22,2015/16,Norwich,Stoke,Home,7,1,1,D,0
2015-08-30,2015/16,Norwich,Southampton,Away,1,0,3,H,1
2015-09-12,2015/16,Norwich,Bournemouth,Home,4,3,1,H,0
2015-09-20,2015/16,Norwich,Liverpool,Away,2,1,1,D,0
2015-09-26,2015/16,Norwich,West Ham,Away,7,2,2,D,0
2015-10-03,2015/16,Norwich,Leicester,Home,2,1,2,A,0
2015-10-18,2015/16,Norwich,Newcastle,Away,6,2,6,H,0
2015-10-24,2015/16,Norwich,West Brom,Home,3,0,1,A,0
2015-10-31,2015/16,Norwich,Man City,Away,3,1,2,H,1
2015-11-07,2015/16,Norwich,Swansea,Home,5,1,0,H,0
2015-11-21,2015/16,Norwich,Chelsea,Away,2,0,1,H,0
2015-11-29,2015/16,Norwich,Arsenal,Home,2,1,1,D,0
2015-12-05,2015/16,Norwich,Watford,Away,1,0,2,H,0
2015-12-12,2015/16,Norwich,Everton,Home,2,1,1,D,0
2015-12-19,2015/16,Norwich,Man United,Away,4,2,1,A,0
2015-12-26,2015/16,Norwich,Tottenham,Away,3,0,3,H,0
2015-12-28,2015/16,Norwich,Aston Villa,Home,4,2,0,H,0
2016-01-02,2015/16,Norwich,Southampton,Home,1,1,0,H,0
2016-01-13,2015/16,Norwich,Stoke,Away,2,1,3,H,1
2016-01-16,2015/16,Norwich,Bournemouth,Away,3,0,3,H,0
2016-01-23,2015/16,Norwich,Liverpool,Home,5,4,5,A,0
2016-02-02,2015/16,Norwich,Tottenham,Home,2,0,3,A,0
2016-02-06,2015/16,Norwich,Aston Villa,Away,4,0,2,H,0
2016-02-13,2015/16,Norwich,West Ham,Home,3,2,2,D,0
2016-02-27,2015/16,Norwich,Leicester,Away,1,0,1,H,0
2016-03-01,2015/16,Norwich,Chelsea,Home,2,1,2,A,0
2016-03-05,2015/16,Norwich,Swansea,Away,3,0,1,H,0
2016-03-12,2015/16,Norwich,Man City,Home,0,0,0,D,0
2016-03-19,2015/16,Norwich,West Brom,Away,1,1,0,A,0
2016-04-02,2015/16,Norwich,Newcastle,Home,6,3,2,H,0
2016-04-09,2015/16,Norwich,Crystal Palace,Away,4,0,1,H,0
2016-04-16,2015/16,Norwich,Sunderland,Home,6,0,3,A,0
2016-04-30,2015/16,Norwich,Arsenal,Away,3,0,1,H,0
2016-05-07,2015/16,Norwich,Man United,Home,2,0,1,A,0
2016-05-11,2015/16,Norwich,Watford,Home,6,4,2,H,0
2016-05-15,2015/16,Norwich,Everton,Away,2,0,3,H,0
2019-08-09,2019/20,Norwich,Liverpool,Away,5,1,4,H,0
2019-08-17,2019/20,Norwich,Newcastle,Home,8,3,1,H,0
2019-08-24,2019/20,Norwich,Chelsea,Home,5,2,3,A,0
2019-08-31,2019/20,Norwich,West Ham,Away,3,0,2,H,0
2019-09-14,2019/20,Norwich,Man City,Home,3,3,2,H,0
2019-09-21,2019/20,Norwich,Burnley,Away,2,0,2,H,0
2019-09-28,2019/20,Norwich,Crystal Palace,Away,3,0,2,H,0
2019-10-05,2019/20,Norwich,Aston Villa,Home,5,1,5,A,0
2019-10-19,2019/20,Norwich,Bournemouth,Away,1,0,0,D,0
2019-10-27,2019/20,Norwich,Man United,Home,3,1,3,A,0
2019-11-02,2019/20,Norwich,Brighton,Away,0,0,2,H,0
2019-11-08,2019/20,Norwich,Watford,Home,5,0,2,A,0
2019-11-23,2019/20,Norwich,Everton,Away,5,2,0,A,0
2019-12-01,2019/20,Norwich,Arsenal,Home,8,2,2,D,0
2019-12-04,2019/20,Norwich,Southampton,Away,3,1,2,H,0
2019-12-08,2019/20,Norwich,Sheffield United,Home,4,1,2,A,0
2019-12-14,2019/20,Norwich,Leicester,Away,3,1,1,D,0
2019-12-21,2019/20,Norwich,Wolves,Home,7,1,2,A,0
2019-12-26,2019/20,Norwich,Aston Villa,Away,6,0,1,H,0
2019-12-28,2019/20,Norwich,Tottenham,Home,2,2,2,D,0
2020-01-01,2019/20,Norwich,Crystal Palace,Home,4,1,1,D,0
2020-01-11,2019/20,Norwich,Man United,Away,3,0,4,H,0
2020-01-18,2019/20,Norwich,Bournemouth,Home,5,1,0,H,1
2020-01-22,2019/20,Norwich,Tottenham,Away,2,1,2,H,0
2020-02-01,2019/20,Norwich,Newcastle,Away,4,0,0,D,0
2020-02-15,2019/20,Norwich,Liverpool,Home,1,0,1,A,0
2020-02-23,2019/20,Norwich,Wolves,Away,4,0,3,H,0
2020-02-28,2019/20,Norwich,Leicester,Home,6,1,0,H,0
2020-03-07,2019/20,Norwich,Sheffield United,Away,5,0,1,H,0
2020-06-19,2019/20,Norwich,Southampton,Home,1,0,3,A,0
2020-06-24,2019/20,Norwich,Everton,Home,1,0,1,A,0
2020-07-01,2019/20,Norwich,Arsenal,Away,2,0,4,H,0
2020-07-04,2019/20,Norwich,Brighton,Home,1,0,1,A,0
2020-07-07,2019/20,Norwich,Watford,Away,3,1,2,H,0
2020-07-11,2019/20,Norwich,West Ham,Home,2,0,4,A,0
2020-07-14,2019/20,Norwich,Chelsea,Away,0,0,1,H,0
2020-07-18,2019/20,Norwich,Burnley,Home,2,0,2,A,2
2020-07-26,2019/20,Norwich,Man City,Away,4,0,5,H,0
2021-08-14,2021/22,Norwich,Liverpool,Home,3,0,3,A,0
2021-08-21,2021/22,Norwich,Man City,Away,0,0,5,H,0
2021-08-28,2021/22,Norwich,Leicester,Home,4,1,2,A,0
2021-09-11,2021/22,Norwich,Arsenal,Away,1,0,1,H,0
2021-09-18,2021/22,Norwich,Watford,Home,5,1,3,A,0
2021-09-25,2021/22,Norwich,Everton,Away,2,0,2,H,0
2021-10-02,2021/22,Norwich,Burnley,Away,2,0,0,D,0
2021-10-16,2021/22,Norwich,Brighton,Home,3,0,0,D,0
2021-10-23,2021/22,Norwich,Chelsea,Away,1,0,7,H,1
2021-10-31,2021/22,Norwich,Leeds,Home,3,1,2,A,0
2021-11-06,2021/22,Norwich,Brentford,Away,5,2,1,A,0
2021-11-20,2021/22,Norwich,Southampton,Home,4,2,1,H,0
2021-11-27,2021/22,Norwich,Wolves,Home,4,0,0,D,0
2021-11-30,2021/22,Norwich,Newcastle,Away,6,1,1,D,1
2021-12-05,2021/22,Norwich,Tottenham,Away,1,0,3,H,0
2021-12-11,2021/22,Norwich,Man United,Home,5,0,1,A,0
2021-12-14,2021/22,Norwich,Aston Villa,Home,3,0,2,A,0
2021-12-26,2021/22,Norwich,Arsenal,Home,2,0,5,A,0
2021-12-28,2021/22,Norwich,Crystal Palace,Away,3,0,3,H,0
2022-01-12,2021/22,Norwich,West Ham,Away,3,0,2,H,0
2022-01-15,2021/22,Norwich,Everton,Home,3,2,1,H,0
2022-01-21,2021/22,Norwich,Watford,Away,2,3,0,A,0
2022-02-09,2021/22,Norwich,Crystal Palace,Home,1,1,1,D,0
2022-02-12,2021/22,Norwich,Man City,Home,3,0,4,A,0
2022-02-19,2021/22,Norwich,Liverpool,Away,1,1,3,H,0
2022-02-25,2021/22,Norwich,Southampton,Away,1,0,2,H,0
2022-03-05,2021/22,Norwich,Brentford,Home,7,1,3,A,0
2022-03-10,2021/22,Norwich,Chelsea,Home,3,1,3,A,0
2022-03-13,2021/22,Norwich,Leeds,Away,4,1,2,H,0
2022-04-02,2021/22,Norwich,Brighton,Away,0,0,0,D,0
2022-04-10,2021/22,Norwich,Burnley,Home,6,2,0,H,0
2022-04-16,2021/22,Norwich,Man United,Away,4,2,3,H,0
2022-04-23,2021/22,Norwich,Newcastle,Home,2,0,3,A,0
2022-04-30,2021/22,Norwich,Aston Villa,Away,3,0,2,H,0
2022-05-08,2021/22,Norwich,West Ham,Home,2,0,4,A,0
2022-05-11,2021/22,Norwich,Leicester,Away,5,0,3,H,0
2022-05-15,2021/22,Norwich,Wolves,Away,2,1,1,D,0
2022-05-22,2021/22,Norwich,Tottenham,Home,0,0,5,A,0
2022-08-06,2022/23,Nott'm Forest,Newcastle,Away,0,0,2,H,0
2022-08-14,2022/23,Nott'm Forest,West Ham,Home,6,1,0,H,0
2022-08-20,2022/23,Nott'm Forest,Everton,Away,5,1,1,D,0
2022-08-28,2022/23,Nott'm Forest,Tottenham,Home,1,0,2,A,0
2022-08-31,2022/23,Nott'm Forest,Man City,Away,1,0,6,H,0
2022-09-03,2022/23,Nott'm Forest,Bournemouth,Home,3,2,3,A,0
2022-09-16,2022/23,Nott'm Forest,Fulham,Home,3,2,3,A,0
2022-10-03,2022/23,Nott'm Forest,Leicester,Away,3,0,4,H,0
2022-10-10,2022/23,Nott'm Forest,Aston Villa,Home,3,1,1,D,0
2022-10-15,2022/23,Nott'm Forest,Wolves,Away,2,0,1,H,0
2022-10-18,2022/23,Nott'm Forest,Brighton,Away,0,0,0,D,0
2022-10-22,2022/23,Nott'm Forest,Liverpool,Home,7,1,0,H,0
2022-10-30,2022/23,Nott'm Forest,Arsenal,Away,2,0,5,H,0
2022-11-05,2022/23,Nott'm Forest,Brentford,Home,7,2,2,D,0
2022-11-12,2022/23,Nott'm Forest,Crystal Palace,Home,2,1,0,H,0
2022-12-27,2022/23,Nott'm Forest,Man United,Away,3,0,3,H,0
2023-01-01,2022/23,Nott'm Forest,Chelsea,Home,5,1,1,D,0
2023-01-04,2022/23,Nott'm Forest,Southampton,Away,1,1,0,A,0
2023-01-14,2022/23,Nott'm Forest,Leicester,Home,5,2,0,H,0
2023-01-21,2022/23,Nott'm Forest,Bournemouth,Away,5,1,1,D,0
2023-02-05,2022/23,Nott'm Forest,Leeds,Home,2,1,0,H,0
2023-02-11,2022/23,Nott'm Forest,Fulham,Away,1,0,2,H,0
2023-02-18,2022/23,Nott'm Forest,Man City,Home,1,1,1,D,0
2023-02-25,2022/23,Nott'm Forest,West Ham,Away,3,0,4,H,0
2023-03-05,2022/23,Nott'm Forest,Everton,Home,4,2,2,D,0
2023-03-11,2022/23,Nott'm Forest,Tottenham,Away,5,1,3,H,0
2023-03-17,2022/23,Nott'm Forest,Newcastle,Home,3,1,2,A,0
2023-04-01,2022/23,Nott'm Forest,Wolves,Home,7,1,1,D,0
2023-04-04,2022/23,Nott'm Forest,Leeds,Away,1,1,2,H,0
2023-04-08,2022/23,Nott'm Forest,Aston Villa,Away,2,0,2,H,0
2023-04-16,2022/23,Nott'm Forest,Man United,Home,0,0,2,A,0
2023-04-22,2022/23,Nott'm Forest,Liverpool,Away,5,2,3,H,0
2023-04-26,2022/23,Nott'm Forest,Brighton,Home,5,3,1,H,0
2023-04-29,2022/23,Nott'm Forest,Brentford,Away,3,1,2,H,0
2023-05-08,2022/23,Nott'm Forest,Southampton,Home,4,4,3,H,0
2023-05-13,2022/23,Nott'm Forest,Chelsea,Away,2,2,2,D,0
2023-05-20,2022/23,Nott'm Forest,Arsenal,Home,2,1,0,H,0
2023-05-28,2022/23,Nott'm Forest,Crystal Palace,Away,4,1,1,D,0
2023-08-12,2023/24,Nott'm Forest,Arsenal,Away,2,1,2,H,0
2023-08-18,2023/24,Nott'm Forest,Sheffield United,Home,4,2,1,H,0
2023-08-26,2023/24,Nott'm Forest,Man United,Away,4,2,3,H,1
2023-09-02,2023/24,Nott'm Forest,Chelsea,Away,3,1,0,A,0
2023-09-18,2023/24,Nott'm Forest,Burnley,Home,4,1,1,D,0
2023-09-23,2023/24,Nott'm Forest,Man City,Away,3,0,2,H,0
2023-10-01,2023/24,Nott'm Forest,Brentford,Home,1,1,1,D,1
2023-10-07,2023/24,Nott'm Forest,Crystal Palace,Away,5,0,0,D,0
2023-10-21,2023/24,Nott'm Forest,Luton,Home,8,2,2,D,0
2023-10-29,2023/24,Nott'm Forest,Liverpool,Away,1,0,3,H,0
2023-11-05,2023/24,Nott'm Forest,Aston Villa,Home,3,2,0,H,0
2023-11-12,2023/24,Nott'm Forest,West Ham,Away,5,2,3,H,0
2023-11-25,2023/24,Nott'm Forest,Brighton,Home,5,2,3,A,0
2023-12-02,2023/24,Nott'm Forest,Everton,Home,2,0,1,A,0
2023-12-06,2023/24,Nott'm Forest,Fulham,Away,1,0,5,H,0
2023-12-09,2023/24,Nott'm Forest,Wolves,Away,2,1,1,D,0
2023-12-15,2023/24,Nott'm Forest,Tottenham,Home,1,0,2,A,0
2023-12-23,2023/24,Nott'm Forest,Bournemouth,Home,5,2,3,A,1
2023-12-26,2023/24,Nott'm Forest,Newcastle,Away,6,3,1,A,0
2023-12-30,2023/24,Nott'm Forest,Man United,Home,2,2,1,H,0
2024-01-20,2023/24,Nott'm Forest,Brentford,Away,3,2,3,H,0
2024-01-30,2023/24,Nott'm Forest,Arsenal,Home,3,1,2,A,0
2024-02-04,2023/24,Nott'm Forest,Bournemouth,Away,6,1,1,D,0
2024-02-10,2023/24,Nott'm Forest,Newcastle,Home,3,2,3,A,0
2024-02-17,2023/24,Nott'm Forest,West Ham,Home,8,2,0,H,0
2024-02-24,2023/24,Nott'm Forest,Aston Villa,Away,3,2,4,H,0
2024-03-02,2023/24,Nott'm Forest,Liverpool,Home,2,0,1,A,0
2024-03-10,2023/24,Nott'm Forest,Brighton,Away,4,0,1,H,0
2024-03-16,2023/24,Nott'm Forest,Luton,Away,6,1,1,D,0
2024-03-30,2023/24,Nott'm Forest,Crystal Palace,Home,5,1,1,D,0
2024-04-02,2023/24,Nott'm Forest,Fulham,Home,4,3,1,H,0
2024-04-07,2023/24,Nott'm Forest,Tottenham,Away,6,1,3,H,0
2024-04-13,2023/24,Nott'm Forest,Wolves,Home,9,2,2,D,0
2024-04-21,2023/24,Nott'm Forest,Everton,Away,3,0,2,H,0
2024-04-28,2023/24,Nott'm Forest,Man City,Home,2,0,2,A,0
2024-05-04,2023/24,Nott'm Forest,Sheffield United,Away,4,3,1,A,0
2024-05-11,2023/24,Nott'm Forest,Chelsea,Home,4,2,3,A,0
2024-05-19,2023/24,Nott'm Forest,Burnley,Away,6,2,1,A,0
2024-08-17,2024/25,Nott'm Forest,Bournemouth,Home,8,1,1,D,0
2024-08-24,2024/25,Nott'm Forest,Southampton,Away,8,1,0,A,0
2024-08-31,2024/25,Nott'm Forest,Wolves,Home,5,1,1,D,0
2024-09-14,2024/25,Nott'm Forest,Liverpool,Away,3,1,0,A,0
2024-09-22,2024/25,Nott'm Forest,Brighton,Away,3,2,2,D,1
2024-09-28,2024/25,Nott'm Forest,Fulham,Home,1,0,1,A,0
2024-10-06,2024/25,Nott'm Forest,Chelsea,Away,9,1,1,D,1
2024-10-21,2024/25,Nott'm Forest,Crystal Palace,Home,6,1,0,H,0
2024-10-25,2024/25,Nott'm Forest,Leicester,Away,5,3,1,A,0
2024-11-02,2024/25,Nott'm Forest,West Ham,Home,6,3,0,H,0
2024-11-10,2024/25,Nott'm Forest,Newcastle,Home,3,1,3,A,0
2024-11-23,2024/25,Nott'm Forest,Arsenal,Away,0,0,3,H,0
2024-11-30,2024/25,Nott'm Forest,Ipswich,Home,5,1,0,H,0
2024-12-04,2024/25,Nott'm Forest,Man City,Away,3,0,3,H,0
2024-12-07,2024/25,Nott'm Forest,Man United,Away,3,3,2,A,0
2024-12-14,2024/25,Nott'm Forest,Aston Villa,Home,6,2,1,H,0
2024-12-21,2024/25,Nott'm Forest,Brentford,Away,6,2,0,A,0
2024-12-26,2024/25,Nott'm Forest,Tottenham,Home,3,1,0,H,0
2024-12-29,2024/25,Nott'm Forest,Everton,Away,7,2,0,A,0
2025-01-06,2024/25,Nott'm Forest,Wolves,Away,3,3,0,A,0
2025-01-14,2024/25,Nott'm Forest,Liverpool,Home,3,1,1,D,0
2025-01-19,2024/25,Nott'm Forest,Southampton,Home,5,3,2,H,0
2025-01-25,2024/25,Nott'm Forest,Bournemouth,Away,4,0,5,H,0
2025-02-01,2024/25,Nott'm Forest,Brighton,Home,9,7,0,H,0
2025-02-15,2024/25,Nott'm Forest,Fulham,Away,2,1,2,H,0
2025-02-23,2024/25,Nott'm Forest,Newcastle,Away,5,3,4,H,0
2025-02-26,2024/25,Nott'm Forest,Arsenal,Home,2,0,0,D,0
2025-03-08,2024/25,Nott'm Forest,Man City,Home,4,1,0,H,0
2025-03-15,2024/25,Nott'm Forest,Ipswich,Away,6,4,2,A,0
2025-04-01,2024/25,Nott'm Forest,Man United,Home,2,1,0,H,0
2025-04-05,2024/25,Nott'm Forest,Aston Villa,Away,3,1,2,H,0
2025-04-12,2024/25,Nott'm Forest,Everton,Home,5,0,1,A,0
2025-04-21,2024/25,Nott'm Forest,Tottenham,Away,3,2,1,A,0
2025-05-01,2024/25,Nott'm Forest,Brentford,Home,5,0,2,A,0
2025-05-05,2024/25,Nott'm Forest,Crystal Palace,Away,4,1,1,D,0
2003-08-16,2003/04,Portsmouth,Aston Villa,Home,3,2,1,H,0
2003-08-23,2003/04,Portsmouth,Man City,Away,2,1,1,D,0
2003-08-26,2003/04,Portsmouth,Bolton,Home,8,4,0,H,0
2003-08-30,2003/04,Portsmouth,Wolves,Away,2,0,0,D,0
2003-09-13,2003/04,Portsmouth,Arsenal,Away,2,1,1,D,0
2003-09-20,2003/04,Portsmouth,Blackburn,Home,6,1,2,A,0
2003-09-27,2003/04,Portsmouth,Birmingham,Away,5,0,2,H,0
2003-10-04,2003/04,Portsmouth,Charlton,Home,8,1,2,A,0
2003-10-18,2003/04,Portsmouth,Liverpool,Home,6,1,0,H,0
2003-10-25,2003/04,Portsmouth,Newcastle,Away,4,0,3,H,0
2003-11-01,2003/04,Portsmouth,Man United,Away,3,0,3,H,0
2003-11-08,2003/04,Portsmouth,Leeds,Home,6,6,1,H,0
2003-11-24,2003/04,Portsmouth,Fulham,Away,6,0,2,H,1
2003-11-29,2003/04,Portsmouth,Leicester,Home,7,0,2,A,0
2003-12-06,2003/04,Portsmouth,Middlesbrough,Away,2,0,0,D,1
2003-12-13,2003/04,Portsmouth,Everton,Home,10,1,2,A,0
2003-12-21,2003/04,Portsmouth,Southampton,Away,7,0,3,H,0
2003-12-26,2003/04,Portsmouth,Tottenham,Home,8,2,0,H,0
2003-12-28,2003/04,Portsmouth,Chelsea,Away,3,0,3,H,0
2004-01-06,2003/04,Portsmouth,Aston Villa,Away,4,1,2,H,0
2004-01-10,2003/04,Portsmouth,Man City,Home,8,4,2,H,0
2004-01-17,2003/04,Portsmouth,Bolton,Away,3,0,1,H,1
2004-01-31,2003/04,Portsmouth,Wolves,Home,10,0,0,D,0
2004-02-07,2003/04,Portsmouth,Tottenham,Away,9,3,4,H,0
2004-02-11,2003/04,Portsmouth,Chelsea,Home,5,0,2,A,0
2004-02-29,2003/04,Portsmouth,Newcastle,Home,8,1,1,D,0
2004-03-13,2003/04,Portsmouth,Everton,Away,3,0,1,H,0
2004-03-17,2003/04,Portsmouth,Liverpool,Away,4,0,3,H,0
2004-03-21,2003/04,Portsmouth,Southampton,Home,8,1,0,H,0
2004-03-27,2003/04,Portsmouth,Blackburn,Away,4,2,1,A,0
2004-04-25,2003/04,Portsmouth,Leeds,Away,5,2,1,A,0
2004-05-01,2003/04,Portsmouth,Fulham,Home,7,1,1,D,0
2004-05-04,2003/04,Portsmouth,Arsenal,Home,6,1,1,D,0
2004-05-08,2003/04,Portsmouth,Leicester,Away,7,1,3,H,0
2004-08-14,2004/05,Portsmouth,Birmingham,Home,8,1,1,D,0
2004-08-21,2004/05,Portsmouth,Charlton,Away,6,1,2,H,0
2004-08-30,2004/05,Portsmouth,Fulham,Home,13,4,3,H,0
2004-09-11,2004/05,Portsmouth,Crystal Palace,Home,7,3,1,H,0
2004-09-18,2004/05,Portsmouth,Blackburn,Away,2,0,1,H,0
2004-09-26,2004/05,Portsmouth,Everton,Home,6,0,1,A,0
2004-10-02,2004/05,Portsmouth,Norwich,Away,5,2,2,D,0
2004-10-18,2004/05,Portsmouth,Tottenham,Home,6,1,0,H,0
2004-10-24,2004/05,Portsmouth,Middlesbrough,Away,1,1,1,D,0
2004-10-30,2004/05,Portsmouth,Man United,Home,7,2,0,H,0
2004-11-06,2004/05,Portsmouth,Aston Villa,Away,2,0,3,H,0
2004-11-13,2004/05,Portsmouth,Southampton,Away,6,1,2,H,0
2004-11-20,2004/05,Portsmouth,Man City,Home,7,1,3,A,0
2004-11-27,2004/05,Portsmouth,Bolton,Away,4,1,0,A,0
2004-12-04,2004/05,Portsmouth,West Brom,Home,10,3,2,H,0
2004-12-11,2004/05,Portsmouth,Newcastle,Away,3,1,1,D,0
2004-12-14,2004/05,Portsmouth,Liverpool,Away,4,1,1,D,0
2004-12-19,2004/05,Portsmouth,Arsenal,Home,5,0,1,A,0
2004-12-26,2004/05,Portsmouth,Crystal Palace,Away,6,1,0,A,0
2004-12-28,2004/05,Portsmouth,Chelsea,Home,2,0,2,A,0
2005-01-01,2004/05,Portsmouth,Norwich,Home,6,1,1,D,0
2005-01-04,2004/05,Portsmouth,Everton,Away,6,1,2,H,0
2005-01-15,2004/05,Portsmouth,Blackburn,Home,1,0,1,A,2
2005-01-22,2004/05,Portsmouth,Chelsea,Away,5,0,3,H,0
2005-02-01,2004/05,Portsmouth,Middlesbrough,Home,5,2,1,H,0
2005-02-05,2004/05,Portsmouth,Tottenham,Away,3,1,3,H,0
2005-02-12,2004/05,Portsmouth,Aston Villa,Home,3,1,2,A,0
2005-02-26,2004/05,Portsmouth,Man United,Away,4,1,2,H,0
2005-03-05,2004/05,Portsmouth,Arsenal,Away,2,0,3,H,0
2005-03-19,2004/05,Portsmouth,Newcastle,Home,6,1,1,D,0
2005-04-03,2004/05,Portsmouth,Fulham,Away,4,1,3,H,0
2005-04-09,2004/05,Portsmouth,Charlton,Home,9,4,2,H,0
2005-04-16,2004/05,Portsmouth,Birmingham,Away,4,0,0,D,0
2005-04-20,2004/05,Portsmouth,Liverpool,Home,6,1,2,A,0
2005-08-13,2005/06,Portsmouth,Tottenham,Home,7,0,2,A,0
2005-08-20,2005/06,Portsmouth,West Brom,Away,2,1,2,H,0
2005-08-23,2005/06,Portsmouth,Aston Villa,Home,11,1,1,D,0
2005-08-27,2005/06,Portsmouth,Man City,Away,2,1,2,H,0
2005-09-10,2005/06,Portsmouth,Everton,Away,8,1,0,A,0
2005-09-17,2005/06,Portsmouth,Birmingham,Home,9,1,1,D,0
2005-09-24,2005/06,Portsmouth,Bolton,Away,4,0,1,H,0
2005-10-01,2005/06,Portsmouth,Newcastle,Home,6,0,0,D,0
2005-10-15,2005/06,Portsmouth,Middlesbrough,Away,4,1,1,D,0
2005-10-22,2005/06,Portsmouth,Charlton,Home,6,1,2,A,0
2005-10-29,2005/06,Portsmouth,Sunderland,Away,5,4,1,A,0
2005-11-05,2005/06,Portsmouth,Wigan,Home,4,0,2,A,0
2005-11-19,2005/06,Portsmouth,Liverpool,Away,5,0,3,H,0
2005-11-26,2005/06,Portsmouth,Chelsea,Home,2,0,2,A,0
2005-12-03,2005/06,Portsmouth,Man United,Away,4,0,3,H,0
2005-12-12,2005/06,Portsmouth,Tottenham,Away,5,1,3,H,0
2005-12-17,2005/06,Portsmouth,West Brom,Home,4,1,0,H,0
2005-12-26,2005/06,Portsmouth,West Ham,Home,9,1,1,D,1
2005-12-28,2005/06,Portsmouth,Arsenal,Away,4,0,4,H,0
2005-12-31,2005/06,Portsmouth,Fulham,Home,7,1,0,H,0
2006-01-02,2005/06,Portsmouth,Blackburn,Away,4,1,2,H,0
2006-01-14,2005/06,Portsmouth,Everton,Home,8,0,1,A,0
2006-01-21,2005/06,Portsmouth,Birmingham,Away,4,0,5,H,0
2006-02-01,2005/06,Portsmouth,Bolton,Home,5,1,1,D,0
2006-02-04,2005/06,Portsmouth,Newcastle,Away,1,0,2,H,0
2006-02-11,2005/06,Portsmouth,Man United,Home,6,1,3,A,0
2006-02-25,2005/06,Portsmouth,Chelsea,Away,1,0,2,H,0
2006-03-04,2005/06,Portsmouth,Aston Villa,Away,6,0,1,H,0
2006-03-11,2005/06,Portsmouth,Man City,Home,5,2,1,H,0
2006-03-18,2005/06,Portsmouth,West Ham,Away,8,4,2,A,0
2006-04-01,2005/06,Portsmouth,Fulham,Away,7,3,1,A,0
2006-04-08,2005/06,Portsmouth,Blackburn,Home,12,2,2,D,0
2006-04-12,2005/06,Portsmouth,Arsenal,Home,4,1,1,D,0
2006-04-15,2005/06,Portsmouth,Middlesbrough,Home,11,1,0,H,0
2006-04-17,2005/06,Portsmouth,Charlton,Away,5,1,2,H,0
2006-04-22,2005/06,Portsmouth,Sunderland,Home,15,2,1,H,0
2006-04-29,2005/06,Portsmouth,Wigan,Away,8,2,1,A,0
2006-05-07,2005/06,Portsmouth,Liverpool,Home,4,1,3,A,0
2006-08-19,2006/07,Portsmouth,Blackburn,Home,16,3,0,H,0
2006-08-23,2006/07,Portsmouth,Man City,Away,1,0,0,D,0
2006-08-28,2006/07,Portsmouth,Middlesbrough,Away,7,4,0,A,0
2006-09-09,2006/07,Portsmouth,Wigan,Home,7,1,0,H,0
2006-09-16,2006/07,Portsmouth,Charlton,Away,5,1,0,A,0
2006-09-25,2006/07,Portsmouth,Bolton,Home,5,0,1,A,0
2006-10-01,2006/07,Portsmouth,Tottenham,Away,6,1,2,H,0
2006-10-14,2006/07,Portsmouth,West Ham,Home,6,2,0,H,0
2006-10-21,2006/07,Portsmouth,Chelsea,Away,1,1,2,H,0
2006-10-28,2006/07,Portsmouth,Reading,Home,12,3,1,H,0
2006-11-04,2006/07,Portsmouth,Man United,Away,5,0,3,H,0
2006-11-11,2006/07,Portsmouth,Fulham,Home,12,1,1,D,0
2006-11-18,2006/07,Portsmouth,Watford,Home,11,2,1,H,0
2006-11-26,2006/07,Portsmouth,Newcastle,Away,2,0,1,H,0
2006-11-29,2006/07,Portsmouth,Liverpool,Away,1,0,0,D,0
2006-12-02,2006/07,Portsmouth,Aston Villa,Home,6,2,2,D,1
2006-12-09,2006/07,Portsmouth,Everton,Home,8,2,0,H,0
2006-12-16,2006/07,Portsmouth,Arsenal,Away,5,2,2,D,0
2006-12-23,2006/07,Portsmouth,Sheffield United,Home,6,3,1,H,0
2006-12-26,2006/07,Portsmouth,West Ham,Away,6,2,1,A,0
2006-12-30,2006/07,Portsmouth,Bolton,Away,7,2,3,H,0
2007-01-01,2006/07,Portsmouth,Tottenham,Home,9,1,1,D,0
2007-01-13,2006/07,Portsmouth,Sheffield United,Away,6,1,1,D,0
2007-01-20,2006/07,Portsmouth,Charlton,Home,3,0,1,A,0
2007-01-30,2006/07,Portsmouth,Middlesbrough,Home,4,0,0,D,0
2007-02-03,2006/07,Portsmouth,Wigan,Away,4,0,1,H,0
2007-02-10,2006/07,Portsmouth,Man City,Home,10,2,1,H,0
2007-02-25,2006/07,Portsmouth,Blackburn,Away,6,0,3,H,0
2007-03-03,2006/07,Portsmouth,Chelsea,Home,5,0,2,A,0
2007-03-17,2006/07,Portsmouth,Reading,Away,5,0,0,D,0
2007-03-31,2006/07,Portsmouth,Fulham,Away,7,1,1,D,0
2007-04-07,2006/07,Portsmouth,Man United,Home,9,2,1,H,0
2007-04-09,2006/07,Portsmouth,Watford,Away,6,2,4,H,0
2007-04-14,2006/07,Portsmouth,Newcastle,Home,7,2,1,H,0
2007-04-22,2006/07,Portsmouth,Aston Villa,Away,2,0,0,D,0
2007-04-28,2006/07,Portsmouth,Liverpool,Home,7,2,1,H,0
2007-05-05,2006/07,Portsmouth,Everton,Away,5,0,3,H,0
2007-05-13,2006/07,Portsmouth,Arsenal,Home,4,0,0,D,0
2007-08-11,2007/08,Portsmouth,Derby,Away,6,2,2,D,0
2007-08-15,2007/08,Portsmouth,Man United,Home,6,1,1,D,1
2007-08-18,2007/08,Portsmouth,Bolton,Home,6,3,1,H,0
2007-08-25,2007/08,Portsmouth,Chelsea,Away,4,0,1,H,0
2007-09-02,2007/08,Portsmouth,Arsenal,Away,10,1,3,H,0
2007-09-15,2007/08,Portsmouth,Liverpool,Home,2,0,0,D,0
2007-09-23,2007/08,Portsmouth,Blackburn,Away,7,1,0,A,0
2007-09-29,2007/08,Portsmouth,Reading,Home,17,7,4,H,0
2007-10-07,2007/08,Portsmouth,Fulham,Away,8,2,0,A,0
2007-10-20,2007/08,Portsmouth,Wigan,Away,8,2,0,A,0
2007-10-27,2007/08,Portsmouth,West Ham,Home,3,0,0,D,0
2007-11-03,2007/08,Portsmouth,Newcastle,Away,7,4,1,A,0
2007-11-11,2007/08,Portsmouth,Man City,Home,12,0,0,D,0
2007-11-24,2007/08,Portsmouth,Birmingham,Away,8,2,0,A,0
2007-12-01,2007/08,Portsmouth,Everton,Home,6,0,0,D,0
2007-12-08,2007/08,Portsmouth,Aston Villa,Away,8,3,1,A,0
2007-12-15,2007/08,Portsmouth,Tottenham,Home,5,0,1,A,0
2007-12-22,2007/08,Portsmouth,Liverpool,Away,3,1,4,H,0
2007-12-26,2007/08,Portsmouth,Arsenal,Home,6,0,0,D,0
2007-12-29,2007/08,Portsmouth,Middlesbrough,Home,9,0,1,A,0
2008-01-01,2007/08,Portsmouth,Reading,Away,13,2,0,A,0
2008-01-13,2007/08,Portsmouth,Sunderland,Away,5,0,2,H,0
2008-01-19,2007/08,Portsmouth,Derby,Home,8,3,1,H,0
2008-01-30,2007/08,Portsmouth,Man United,Away,3,0,2,H,0
2008-02-02,2007/08,Portsmouth,Chelsea,Home,6,1,1,D,0
2008-02-09,2007/08,Portsmouth,Bolton,Away,4,1,0,A,0
2008-02-23,2007/08,Portsmouth,Sunderland,Home,10,1,0,H,0
2008-03-02,2007/08,Portsmouth,Everton,Away,5,1,3,H,0
2008-03-12,2007/08,Portsmouth,Birmingham,Home,9,4,2,H,0
2008-03-15,2007/08,Portsmouth,Aston Villa,Home,5,2,0,H,1
2008-03-22,2007/08,Portsmouth,Tottenham,Away,4,0,2,H,0
2008-03-29,2007/08,Portsmouth,Wigan,Home,7,2,0,H,0
2008-04-08,2007/08,Portsmouth,West Ham,Away,9,1,0,A,0
2008-04-12,2007/08,Portsmouth,Newcastle,Home,8,0,0,D,0
2008-04-20,2007/08,Portsmouth,Man City,Away,6,1,3,H,1
2008-04-27,2007/08,Portsmouth,Blackburn,Home,6,0,1,A,0
2008-05-03,2007/08,Portsmouth,Middlesbrough,Away,8,0,2,H,0
2008-05-11,2007/08,Portsmouth,Fulham,Home,10,0,1,A,0
2008-08-17,2008/09,Portsmouth,Chelsea,Away,8,0,4,H,0
2008-08-25,2008/09,Portsmouth,Man United,Home,6,0,1,A,0
2008-08-30,2008/09,Portsmouth,Everton,Away,5,3,0,A,0
2008-09-13,2008/09,Portsmouth,Middlesbrough,Home,12,2,1,H,0
2008-09-21,2008/09,Portsmouth,Man City,Away,4,0,6,H,0
2008-09-28,2008/09,Portsmouth,Tottenham,Home,6,2,0,H,1
2008-10-05,2008/09,Portsmouth,Stoke,Home,11,2,1,H,0
2008-10-18,2008/09,Portsmouth,Aston Villa,Away,3,0,0,D,1
2008-10-26,2008/09,Portsmouth,Fulham,Home,12,1,1,D,0
2008-10-29,2008/09,Portsmouth,Liverpool,Away,1,0,1,H,0
2008-11-01,2008/09,Portsmouth,Wigan,Home,8,1,2,A,0
2008-11-08,2008/09,Portsmouth,Sunderland,Away,5,2,1,A,0
2008-11-15,2008/09,Portsmouth,West Ham,Away,7,0,0,D,0
2008-11-22,2008/09,Portsmouth,Hull,Home,7,2,2,D,0
2008-11-30,2008/09,Portsmouth,Blackburn,Home,6,3,2,H,0
2008-12-07,2008/09,Portsmouth,West Brom,Away,3,1,1,D,0
2008-12-14,2008/09,Portsmouth,Newcastle,Home,6,0,3,A,0
2008-12-20,2008/09,Portsmouth,Bolton,Away,5,1,2,H,0
2008-12-26,2008/09,Portsmouth,West Ham,Home,14,1,4,A,0
2008-12-28,2008/09,Portsmouth,Arsenal,Away,3,0,1,H,0
2009-01-18,2008/09,Portsmouth,Tottenham,Away,4,1,1,D,0
2009-01-27,2008/09,Portsmouth,Aston Villa,Home,8,0,1,A,1
2009-01-31,2008/09,Portsmouth,Fulham,Away,6,1,3,H,0
2009-02-07,2008/09,Portsmouth,Liverpool,Home,7,2,3,A,0
2009-02-14,2008/09,Portsmouth,Man City,Home,9,2,0,H,0
2009-02-21,2008/09,Portsmouth,Stoke,Away,2,2,2,D,0
2009-03-03,2008/09,Portsmouth,Chelsea,Home,9,0,1,A,0
2009-03-14,2008/09,Portsmouth,Middlesbrough,Away,4,1,1,D,0
2009-03-21,2008/09,Portsmouth,Everton,Home,11,2,1,H,0
2009-04-04,2008/09,Portsmouth,Hull,Away,2,0,0,D,1
2009-04-11,2008/09,Portsmouth,West Brom,Home,4,2,2,D,0
2009-04-18,2008/09,Portsmouth,Bolton,Home,10,1,0,H,0
2009-04-22,2008/09,Portsmouth,Man United,Away,1,0,2,H,0
2009-04-27,2008/09,Portsmouth,Newcastle,Away,7,0,0,D,0
2009-05-02,2008/09,Portsmouth,Arsenal,Home,4,0,3,A,1
2009-05-09,2008/09,Portsmouth,Blackburn,Away,4,0,2,H,0
2009-05-18,2008/09,Portsmouth,Sunderland,Home,4,3,1,H,0
2009-05-24,2008/09,Portsmouth,Wigan,Away,3,0,1,H,0
2009-08-15,2009/10,Portsmouth,Fulham,Home,4,0,1,A,0
2009-08-19,2009/10,Portsmouth,Birmingham,Away,4,0,1,H,0
2009-08-22,2009/10,Portsmouth,Arsenal,Away,4,1,4,H,0
2009-08-30,2009/10,Portsmouth,Man City,Home,6,0,1,A,0
2009-09-12,2009/10,Portsmouth,Bolton,Home,11,2,3,A,0
2009-09-19,2009/10,Portsmouth,Aston Villa,Away,12,0,2,H,0
2009-09-26,2009/10,Portsmouth,Everton,Home,12,0,1,A,0
2009-10-03,2009/10,Portsmouth,Wolves,Away,8,1,0,A,0
2009-10-17,2009/10,Portsmouth,Tottenham,Home,13,1,2,A,1
2009-10-24,2009/10,Portsmouth,Hull,Away,2,0,0,D,0
2009-10-31,2009/10,Portsmouth,Wigan,Home,11,4,0,H,0
2009-11-07,2009/10,Portsmouth,Blackburn,Away,3,1,3,H,0
2009-11-22,2009/10,Portsmouth,Stoke,Away,7,0,1,H,0
2009-11-28,2009/10,Portsmouth,Man United,Home,12,1,4,A,0
2009-12-05,2009/10,Portsmouth,Burnley,Home,4,2,0,H,0
2009-12-12,2009/10,Portsmouth,Sunderland,Away,6,1,1,D,1
2009-12-16,2009/10,Portsmouth,Chelsea,Away,3,1,2,H,0
2009-12-19,2009/10,Portsmouth,Liverpool,Home,6,2,0,H,0
2009-12-26,2009/10,Portsmouth,West Ham,Away,7,0,2,H,0
2009-12-30,2009/10,Portsmouth,Arsenal,Home,6,1,4,A,0
2010-01-26,2009/10,Portsmouth,West Ham,Home,8,1,1,D,0
2010-01-31,2009/10,Portsmouth,Man City,Away,4,0,2,H,0
2010-02-03,2009/10,Portsmouth,Fulham,Away,8,0,1,H,0
2010-02-06,2009/10,Portsmouth,Man United,Away,5,0,5,H,0
2010-02-09,2009/10,Portsmouth,Sunderland,Home,6,1,1,D,1
2010-02-20,2009/10,Portsmouth,Stoke,Home,12,1,2,A,0
2010-02-27,2009/10,Portsmouth,Burnley,Away,5,2,1,A,1
2010-03-09,2009/10,Portsmouth,Birmingham,Home,8,1,2,A,0
2010-03-15,2009/10,Portsmouth,Liverpool,Away,3,1,4,H,0
2010-03-20,2009/10,Portsmouth,Hull,Home,10,3,2,H,0
2010-03-24,2009/10,Portsmouth,Chelsea,Home,6,0,5,A,0
2010-03-27,2009/10,Portsmouth,Tottenham,Away,3,0,2,H,0
2010-04-03,2009/10,Portsmouth,Blackburn,Home,3,0,0,D,1
2010-04-14,2009/10,Portsmouth,Wigan,Away,2,0,0,D,0
2010-04-18,2009/10,Portsmouth,Aston Villa,Home,12,1,2,A,0
2010-04-24,2009/10,Portsmouth,Bolton,Away,6,2,2,D,0
2010-05-01,2009/10,Portsmouth,Wolves,Home,8,3,1,H,0
2010-05-09,2009/10,Portsmouth,Everton,Away,4,0,1,H,0
2011-08-13,2011/12,QPR,Bolton,Home,7,0,4,A,1
2011-08-20,2011/12,QPR,Everton,Away,3,1,0,A,0
2011-08-27,2011/12,QPR,Wigan,Away,9,0,2,H,0
2011-09-12,2011/12,QPR,Newcastle,Home,5,0,0,D,0
2011-09-17,2011/12,QPR,Wolves,Away,12,3,0,A,0
2011-09-25,2011/12,QPR,Aston Villa,Home,9,1,1,D,1
2011-10-02,2011/12,QPR,Fulham,Away,10,0,6,H,0
2011-10-15,2011/12,QPR,Blackburn,Home,6,1,1,D,0
2011-10-23,2011/12,QPR,Chelsea,Home,3,1,0,H,0
2011-10-30,2011/12,QPR,Tottenham,Away,8,1,3,H,0
2011-11-05,2011/12,QPR,Man City,Home,9,2,3,A,0
2011-11-19,2011/12,QPR,Stoke,Away,8,3,2,A,0
2011-11-26,2011/12,QPR,Norwich,Away,4,1,2,H,0
2011-12-03,2011/12,QPR,West Brom,Home,4,1,1,D,0
2011-12-10,2011/12,QPR,Liverpool,Away,2,0,1,H,0
2011-12-18,2011/12,QPR,Man United,Home,3,0,2,A,0
2011-12-21,2011/12,QPR,Sunderland,Home,9,2,3,A,0
2011-12-27,2011/12,QPR,Swansea,Away,7,1,1,D,0
2011-12-31,2011/12,QPR,Arsenal,Away,3,0,1,H,0
2012-01-02,2011/12,QPR,Norwich,Home,6,1,2,A,1
2012-01-15,2011/12,QPR,Newcastle,Away,9,0,1,H,0
2012-01-21,2011/12,QPR,Wigan,Home,8,3,1,H,0
2012-02-01,2011/12,QPR,Aston Villa,Away,3,2,2,D,0
2012-02-04,2011/12,QPR,Wolves,Home,8,1,2,A,1
2012-02-11,2011/12,QPR,Blackburn,Away,13,2,3,H,0
2012-02-25,2011/12,QPR,Fulham,Home,8,0,1,A,1
2012-03-03,2011/12,QPR,Everton,Home,10,1,1,D,0
2012-03-10,2011/12,QPR,Bolton,Away,11,1,2,H,0
2012-03-21,2011/12,QPR,Liverpool,Home,5,3,2,H,0
2012-03-24,2011/12,QPR,Sunderland,Away,6,1,3,H,1
2012-03-31,2011/12,QPR,Arsenal,Home,8,2,1,H,0
2012-04-08,2011/12,QPR,Man United,Away,7,0,2,H,1
2012-04-11,2011/12,QPR,Swansea,Home,8,3,0,H,0
2012-04-14,2011/12,QPR,West Brom,Away,6,0,1,H,0
2012-04-21,2011/12,QPR,Tottenham,Home,5,1,0,H,1
2012-04-29,2011/12,QPR,Chelsea,Away,7,1,6,H,0
2012-05-06,2011/12,QPR,Stoke,Home,12,1,0,H,0
2012-05-13,2011/12,QPR,Man City,Away,3,2,3,H,1
2012-08-18,2012/13,QPR,Swansea,Home,11,0,5,A,0
2012-08-25,2012/13,QPR,Norwich,Away,4,1,1,D,0
2012-09-01,2012/13,QPR,Man City,Away,5,1,3,H,0
2012-09-15,2012/13,QPR,Chelsea,Home,6,0,0,D,0
2012-09-23,2012/13,QPR,Tottenham,Away,6,1,2,H,0
2012-10-01,2012/13,QPR,West Ham,Home,9,1,2,A,1
2012-10-06,2012/13,QPR,West Brom,Away,6,2,3,H,0
2012-10-21,2012/13,QPR,Everton,Home,6,1,1,D,0
2012-10-27,2012/13,QPR,Arsenal,Away,3,0,1,H,1
2012-11-04,2012/13,QPR,Reading,Home,12,1,1,D,0
2012-11-10,2012/13,QPR,Stoke,Away,8,0,1,H,0
2012-11-17,2012/13,QPR,Southampton,Home,7,1,3,A,0
2012-11-24,2012/13,QPR,Man United,Away,6,1,3,H,0
2012-11-27,2012/13,QPR,Sunderland,Away,9,0,0,D,0
2012-12-01,2012/13,QPR,Aston Villa,Home,12,1,1,D,0
2012-12-08,2012/13,QPR,Wigan,Away,4,2,2,D,0
2012-12-15,2012/13,QPR,Fulham,Home,9,2,1,H,0
2012-12-22,2012/13,QPR,Newcastle,Away,4,0,1,H,0
2012-12-26,2012/13,QPR,West Brom,Home,8,1,2,A,0
2012-12-30,2012/13,QPR,Liverpool,Home,7,0,3,A,0
2013-01-02,2012/13,QPR,Chelsea,Away,5,1,0,A,0
2013-01-12,2012/13,QPR,Tottenham,Home,1,0,0,D,0
2013-01-19,2012/13,QPR,West Ham,Away,6,1,1,D,0
2013-01-29,2012/13,QPR,Man City,Home,3,0,0,D,0
2013-02-02,2012/13,QPR,Norwich,Home,7,0,0,D,0
2013-02-09,2012/13,QPR,Swansea,Away,8,1,4,H,0
2013-02-23,2012/13,QPR,Man United,Home,5,0,2,A,0
2013-03-02,2012/13,QPR,Southampton,Away,3,2,1,A,0
2013-03-09,2012/13,QPR,Sunderland,Home,8,3,1,H,0
2013-03-16,2012/13,QPR,Aston Villa,Away,11,2,3,H,0
2013-04-01,2012/13,QPR,Fulham,Away,11,2,3,H,0
2013-04-07,2012/13,QPR,Wigan,Home,2,1,1,D,1
2013-04-13,2012/13,QPR,Everton,Away,5,0,2,H,0
2013-04-20,2012/13,QPR,Stoke,Home,11,0,2,A,0
2013-04-28,2012/13,QPR,Reading,Away,5,0,0,D,0
2013-05-04,2012/13,QPR,Arsenal,Home,6,0,1,A,0
2013-05-12,2012/13,QPR,Newcastle,Home,3,1,2,A,0
2013-05-19,2012/13,QPR,Liverpool,Away,3,0,1,H,0
2014-08-16,2014/15,QPR,Hull,Home,6,0,1,A,0
2014-08-24,2014/15,QPR,Tottenham,Away,1,0,4,H,0
2014-08-30,2014/15,QPR,Sunderland,Home,5,1,0,H,0
2014-09-14,2014/15,QPR,Man United,Away,2,0,4,H,0
2014-09-20,2014/15,QPR,Stoke,Home,5,2,2,D,0
2014-09-27,2014/15,QPR,Southampton,Away,2,1,2,H,0
2014-10-05,2014/15,QPR,West Ham,Away,3,0,2,H,0
2014-10-19,2014/15,QPR,Liverpool,Home,6,2,3,A,0
2014-10-27,2014/15,QPR,Aston Villa,Home,4,2,0,H,0
2014-11-01,2014/15,QPR,Chelsea,Away,1,1,2,H,0
2014-11-08,2014/15,QPR,Man City,Home,4,2,2,D,0
2014-11-22,2014/15,QPR,Newcastle,Away,4,0,1,H,0
2014-11-29,2014/15,QPR,Leicester,Home,6,3,2,H,0
2014-12-02,2014/15,QPR,Swansea,Away,1,0,2,H,0
2014-12-06,2014/15,QPR,Burnley,Home,6,2,0,H,1
2014-12-15,2014/15,QPR,Everton,Away,4,1,3,H,0
2014-12-20,2014/15,QPR,West Brom,Home,7,3,2,H,0
2014-12-26,2014/15,QPR,Arsenal,Away,2,1,2,H,0
2014-12-28,2014/15,QPR,Crystal Palace,Home,3,0,0,D,0
2015-01-01,2014/15,QPR,Swansea,Home,6,1,1,D,0
2015-01-10,2014/15,QPR,Burnley,Away,7,1,2,H,0
2015-01-17,2014/15,QPR,Man United,Home,4,0,2,A,0
2015-01-31,2014/15,QPR,Stoke,Away,4,1,3,H,0
2015-02-07,2014/15,QPR,Southampton,Home,3,0,1,A,0
2015-02-10,2014/15,QPR,Sunderland,Away,4,2,0,A,0
2015-02-21,2014/15,QPR,Hull,Away,3,1,2,H,1
2015-03-04,2014/15,QPR,Arsenal,Home,3,1,2,A,0
2015-03-07,2014/15,QPR,Tottenham,Home,6,1,2,A,0
2015-03-14,2014/15,QPR,Crystal Palace,Away,4,1,3,H,0
2015-03-22,2014/15,QPR,Everton,Home,1,1,2,A,0
2015-04-04,2014/15,QPR,West Brom,Away,7,4,1,A,0
2015-04-07,2014/15,QPR,Aston Villa,Away,5,3,3,D,0
2015-04-12,2014/15,QPR,Chelsea,Home,4,0,1,A,0
2015-04-25,2014/15,QPR,West Ham,Home,7,0,0,D,0
2015-05-02,2014/15,QPR,Liverpool,Away,2,1,2,H,1
2015-05-10,2014/15,QPR,Man City,Away,3,0,6,H,0
2015-05-16,2014/15,QPR,Newcastle,Home,4,2,1,H,0
2015-05-24,2014/15,QPR,Leicester,Away,2,1,5,H,0
2006-08-19,2006/07,Reading,Middlesbrough,Home,9,3,2,H,0
2006-08-23,2006/07,Reading,Aston Villa,Away,3,1,2,H,1
2006-08-26,2006/07,Reading,Wigan,Away,3,0,1,H,0
2006-09-11,2006/07,Reading,Man City,Home,7,1,0,H,0
2006-09-16,2006/07,Reading,Sheffield United,Away,2,2,1,A,0
2006-09-23,2006/07,Reading,Man United,Home,1,1,1,D,0
2006-10-01,2006/07,Reading,West Ham,Away,1,1,0,A,0
2006-10-14,2006/07,Reading,Chelsea,Home,0,0,1,A,1
2006-10-22,2006/07,Reading,Arsenal,Home,1,0,4,A,0
2006-10-28,2006/07,Reading,Portsmouth,Away,4,1,3,H,0
2006-11-04,2006/07,Reading,Liverpool,Away,2,0,2,H,0
2006-11-12,2006/07,Reading,Tottenham,Home,4,3,1,H,0
2006-11-18,2006/07,Reading,Charlton,Home,4,2,0,H,0
2006-11-25,2006/07,Reading,Fulham,Away,2,1,0,A,0
2006-12-02,2006/07,Reading,Bolton,Home,3,1,0,H,0
2006-12-06,2006/07,Reading,Newcastle,Away,5,2,3,H,0
2006-12-09,2006/07,Reading,Watford,Away,1,0,0,D,0
2006-12-16,2006/07,Reading,Blackburn,Home,5,1,2,A,0
2006-12-23,2006/07,Reading,Everton,Home,7,0,2,A,0
2006-12-26,2006/07,Reading,Chelsea,Away,1,2,2,D,0
2006-12-30,2006/07,Reading,Man United,Away,3,2,3,H,1
2007-01-01,2006/07,Reading,West Ham,Home,9,6,0,H,0
2007-01-14,2006/07,Reading,Everton,Away,3,1,1,D,0
2007-01-20,2006/07,Reading,Sheffield United,Home,10,3,1,H,0
2007-01-30,2006/07,Reading,Wigan,Home,12,3,2,H,0
2007-02-03,2006/07,Reading,Man City,Away,3,2,0,A,0
2007-02-10,2006/07,Reading,Aston Villa,Home,9,2,0,H,0
2007-02-24,2006/07,Reading,Middlesbrough,Away,4,1,2,H,0
2007-03-03,2006/07,Reading,Arsenal,Away,4,1,2,H,0
2007-03-17,2006/07,Reading,Portsmouth,Home,0,0,0,D,0
2007-04-01,2006/07,Reading,Tottenham,Away,3,0,1,H,0
2007-04-07,2006/07,Reading,Liverpool,Home,4,1,2,A,0
2007-04-09,2006/07,Reading,Charlton,Away,6,0,0,D,0
2007-04-14,2006/07,Reading,Fulham,Home,6,1,0,H,0
2007-04-21,2006/07,Reading,Bolton,Away,7,3,1,A,0
2007-04-30,2006/07,Reading,Newcastle,Home,8,1,0,H,0
2007-05-05,2006/07,Reading,Watford,Home,7,0,2,A,0
2007-05-13,2006/07,Reading,Blackburn,Away,7,3,3,D,0
2007-08-12,2007/08,Reading,Man United,Away,2,0,0,D,1
2007-08-15,2007/08,Reading,Chelsea,Home,11,1,2,A,1
2007-08-18,2007/08,Reading,Everton,Home,5,1,0,H,0
2007-08-25,2007/08,Reading,Bolton,Away,2,0,3,H,0
2007-09-01,2007/08,Reading,West Ham,Home,3,0,3,A,0
2007-09-15,2007/08,Reading,Sunderland,Away,4,1,2,H,0
2007-09-22,2007/08,Reading,Wigan,Home,7,2,1,H,0
2007-09-29,2007/08,Reading,Portsmouth,Away,7,4,7,H,0
2007-10-07,2007/08,Reading,Derby,Home,3,1,0,H,0
2007-10-20,2007/08,Reading,Blackburn,Away,7,2,4,H,0
2007-10-27,2007/08,Reading,Newcastle,Home,5,2,1,H,0
2007-11-03,2007/08,Reading,Fulham,Away,6,1,3,H,0
2007-11-12,2007/08,Reading,Arsenal,Home,5,1,3,A,0
2007-11-24,2007/08,Reading,Man City,Away,3,1,2,H,0
2007-12-01,2007/08,Reading,Middlesbrough,Home,7,1,1,D,0
2007-12-08,2007/08,Reading,Liverpool,Home,4,3,1,H,0
2007-12-15,2007/08,Reading,Birmingham,Away,6,1,1,D,0
2007-12-22,2007/08,Reading,Sunderland,Home,9,2,1,H,0
2007-12-26,2007/08,Reading,West Ham,Away,10,1,1,D,1
2007-12-29,2007/08,Reading,Tottenham,Away,8,4,6,H,0
2008-01-01,2007/08,Reading,Portsmouth,Home,5,0,2,A,1
2008-01-12,2007/08,Reading,Aston Villa,Away,3,1,3,H,0
2008-01-19,2007/08,Reading,Man United,Home,6,0,2,A,0
2008-01-30,2007/08,Reading,Chelsea,Away,2,0,1,H,0
2008-02-02,2007/08,Reading,Bolton,Home,6,0,2,A,0
2008-02-09,2007/08,Reading,Everton,Away,5,0,1,H,0
2008-02-24,2007/08,Reading,Aston Villa,Home,6,1,2,A,0
2008-03-01,2007/08,Reading,Middlesbrough,Away,3,1,0,A,0
2008-03-08,2007/08,Reading,Man City,Home,8,2,0,H,0
2008-03-15,2007/08,Reading,Liverpool,Away,3,1,2,H,0
2008-03-22,2007/08,Reading,Birmingham,Home,8,2,1,H,0
2008-03-29,2007/08,Reading,Blackburn,Home,2,0,0,D,1
2008-04-05,2007/08,Reading,Newcastle,Away,3,0,3,H,0
2008-04-12,2007/08,Reading,Fulham,Home,0,0,2,A,0
2008-04-19,2007/08,Reading,Arsenal,Away,2,0,2,H,0
2008-04-26,2007/08,Reading,Wigan,Away,2,0,0,D,0
2008-05-03,2007/08,Reading,Tottenham,Home,6,0,1,A,0
2008-05-11,2007/08,Reading,Derby,Away,7,4,0,A,0
2012-08-18,2012/13,Reading,Stoke,Home,3,1,1,D,0
2012-08-22,2012/13,Reading,Chelsea,Away,5,2,4,H,0
2012-09-16,2012/13,Reading,Tottenham,Home,2,1,3,A,0
2012-09-22,2012/13,Reading,West Brom,Away,1,0,1,H,0
2012-09-29,2012/13,Reading,Newcastle,Home,7,2,2,D,0
2012-10-06,2012/13,Reading,Swansea,Away,6,2,2,D,0
2012-10-20,2012/13,Reading,Liverpool,Away,5,0,1,H,0
2012-10-27,2012/13,Reading,Fulham,Home,9,3,3,D,0
2012-11-04,2012/13,Reading,QPR,Away,8,1,1,D,0
2012-11-10,2012/13,Reading,Norwich,Home,3,0,0,D,0
2012-11-17,2012/13,Reading,Everton,Home,4,2,1,H,0
2012-11-24,2012/13,Reading,Wigan,Away,10,2,3,H,0
2012-11-27,2012/13,Reading,Aston Villa,Away,6,0,1,H,0
2012-12-01,2012/13,Reading,Man United,Home,7,3,4,A,0
2012-12-08,2012/13,Reading,Southampton,Away,2,0,1,H,0
2012-12-11,2012/13,Reading,Sunderland,Away,5,0,3,H,0
2012-12-17,2012/13,Reading,Arsenal,Home,5,2,5,A,0
2012-12-22,2012/13,Reading,Man City,Away,1,0,1,H,0
2012-12-26,2012/13,Reading,Swansea,Home,2,0,0,D,0
2012-12-29,2012/13,Reading,West Ham,Home,2,1,0,H,0
2013-01-01,2012/13,Reading,Tottenham,Away,4,1,3,H,0
2013-01-12,2012/13,Reading,West Brom,Home,7,3,2,H,0
2013-01-19,2012/13,Reading,Newcastle,Away,2,2,1,A,0
2013-01-30,2012/13,Reading,Chelsea,Home,2,2,2,D,0
2013-02-02,2012/13,Reading,Sunderland,Home,5,2,1,H,0
2013-02-09,2012/13,Reading,Stoke,Away,4,1,2,H,0
2013-02-23,2012/13,Reading,Wigan,Home,1,0,3,A,1
2013-03-02,2012/13,Reading,Everton,Away,6,1,3,H,0
2013-03-09,2012/13,Reading,Aston Villa,Home,4,1,2,A,0
2013-03-16,2012/13,Reading,Man United,Away,1,0,1,H,0
2013-03-30,2012/13,Reading,Arsenal,Away,2,1,4,H,0
2013-04-06,2012/13,Reading,Southampton,Home,3,0,2,A,0
2013-04-13,2012/13,Reading,Liverpool,Home,5,0,0,D,0
2013-04-20,2012/13,Reading,Norwich,Away,6,1,2,H,0
2013-04-28,2012/13,Reading,QPR,Home,7,0,0,D,0
2013-05-04,2012/13,Reading,Fulham,Away,13,4,2,A,0
2013-05-14,2012/13,Reading,Man City,Home,7,0,2,A,0
2013-05-19,2012/13,Reading,West Ham,Away,7,2,4,H,0
2006-08-19,2006/07,Sheffield United,Liverpool,Home,3,1,1,D,0
2006-08-22,2006/07,Sheffield United,Tottenham,Away,3,0,2,H,0
2006-08-26,2006/07,Sheffield United,Fulham,Away,1,0,1,H,0
2006-09-09,2006/07,Sheffield United,Blackburn,Home,9,0,0,D,0
2006-09-16,2006/07,Sheffield United,Reading,Home,7,1,2,A,0
2006-09-23,2006/07,Sheffield United,Arsenal,Away,4,0,3,H,0
2006-09-30,2006/07,Sheffield United,Middlesbrough,Home,7,2,1,H,0
2006-10-14,2006/07,Sheffield United,Man City,Away,3,0,0,D,0
2006-10-21,2006/07,Sheffield United,Everton,Away,4,0,2,H,1
2006-10-28,2006/07,Sheffield United,Chelsea,Home,2,0,2,A,0
2006-11-04,2006/07,Sheffield United,Newcastle,Away,6,1,0,A,0
2006-11-11,2006/07,Sheffield United,Bolton,Home,4,2,2,D,0
2006-11-18,2006/07,Sheffield United,Man United,Home,3,1,2,A,0
2006-11-25,2006/07,Sheffield United,West Ham,Away,5,0,1,H,0
2006-11-28,2006/07,Sheffield United,Watford,Away,7,1,0,A,0
2006-12-02,2006/07,Sheffield United,Charlton,Home,10,2,1,H,0
2006-12-11,2006/07,Sheffield United,Aston Villa,Home,10,2,2,D,0
2006-12-16,2006/07,Sheffield United,Wigan,Away,7,1,0,A,0
2006-12-23,2006/07,Sheffield United,Portsmouth,Away,6,1,3,H,0
2006-12-26,2006/07,Sheffield United,Man City,Home,13,0,1,A,0
2006-12-30,2006/07,Sheffield United,Arsenal,Home,5,1,0,H,0
2007-01-01,2006/07,Sheffield United,Middlesbrough,Away,3,1,3,H,0
2007-01-13,2006/07,Sheffield United,Portsmouth,Home,3,1,1,D,0
2007-01-20,2006/07,Sheffield United,Reading,Away,1,1,3,H,1
2007-01-30,2006/07,Sheffield United,Fulham,Home,8,2,0,H,0
2007-02-03,2006/07,Sheffield United,Blackburn,Away,5,1,2,H,0
2007-02-10,2006/07,Sheffield United,Tottenham,Home,5,2,1,H,0
2007-02-24,2006/07,Sheffield United,Liverpool,Away,2,0,4,H,0
2007-03-03,2006/07,Sheffield United,Everton,Home,6,1,1,D,0
2007-03-17,2006/07,Sheffield United,Chelsea,Away,4,0,3,H,0
2007-03-31,2006/07,Sheffield United,Bolton,Away,4,0,1,H,0
2007-04-07,2006/07,Sheffield United,Newcastle,Home,11,1,2,A,0
2007-04-14,2006/07,Sheffield United,West Ham,Home,5,3,0,H,0
2007-04-17,2006/07,Sheffield United,Man United,Away,3,0,2,H,0
2007-04-21,2006/07,Sheffield United,Charlton,Away,10,1,1,D,0
2007-04-28,2006/07,Sheffield United,Watford,Home,6,1,0,H,0
2007-05-05,2006/07,Sheffield United,Aston Villa,Away,2,0,3,H,0
2007-05-13,2006/07,Sheffield United,Wigan,Home,5,1,2,A,0
2019-08-10,2019/20,Sheffield United,Bournemouth,Away,3,1,1,D,0
2019-08-18,2019/20,Sheffield United,Crystal Palace,Home,3,1,0,H,0
2019-08-24,2019/20,Sheffield United,Leicester,Home,3,1,2,A,0
2019-08-31,2019/20,Sheffield United,Chelsea,Away,2,2,2,D,0
2019-09-14,2019/20,Sheffield United,Southampton,Home,4,0,1,A,1
2019-09-21,2019/20,Sheffield United,Everton,Away,1,2,0,A,0
2019-09-28,2019/20,Sheffield United,Liverpool,Home,2,0,1,A,0
2019-10-05,2019/20,Sheffield United,Watford,Away,3,0,0,D,0
2019-10-21,2019/20,Sheffield United,Arsenal,Home,2,1,0,H,0
2019-10-26,2019/20,Sheffield United,West Ham,Away,4,1,1,D,0
2019-11-02,2019/20,Sheffield United,Burnley,Home,6,3,0,H,0
2019-11-09,2019/20,Sheffield United,Tottenham,Away,4,1,1,D,0
2019-11-24,2019/20,Sheffield United,Man United,Home,8,3,3,D,0
2019-12-01,2019/20,Sheffield United,Wolves,Away,4,1,1,D,0
2019-12-05,2019/20,Sheffield United,Newcastle,Home,6,0,2,A,0
2019-12-08,2019/20,Sheffield United,Norwich,Away,3,2,1,A,0
2019-12-14,2019/20,Sheffield United,Aston Villa,Home,3,2,0,H,0
2019-12-21,2019/20,Sheffield United,Brighton,Away,2,1,0,A,0
2019-12-26,2019/20,Sheffield United,Watford,Home,4,1,1,D,0
2019-12-29,2019/20,Sheffield United,Man City,Away,0,0,2,H,0
2020-01-02,2019/20,Sheffield United,Liverpool,Away,2,0,2,H,0
2020-01-10,2019/20,Sheffield United,West Ham,Home,3,1,0,H,0
2020-01-18,2019/20,Sheffield United,Arsenal,Away,4,1,1,D,0
2020-01-21,2019/20,Sheffield United,Man City,Home,1,0,1,A,0
2020-02-01,2019/20,Sheffield United,Crystal Palace,Away,3,1,0,A,0
2020-02-09,2019/20,Sheffield United,Bournemouth,Home,6,2,1,H,0
2020-02-22,2019/20,Sheffield United,Brighton,Home,3,1,1,D,0
2020-03-07,2019/20,Sheffield United,Norwich,Home,4,1,0,H,0
2020-06-17,2019/20,Sheffield United,Aston Villa,Away,1,0,0,D,0
2020-06-21,2019/20,Sheffield United,Newcastle,Away,1,0,3,H,1
2020-06-24,2019/20,Sheffield United,Man United,Away,1,0,3,H,0
2020-07-02,2019/20,Sheffield United,Tottenham,Home,5,3,1,H,0
2020-07-05,2019/20,Sheffield United,Burnley,Away,3,1,1,D,0
2020-07-08,2019/20,Sheffield United,Wolves,Home,3,1,0,H,0
2020-07-11,2019/20,Sheffield United,Chelsea,Home,4,3,0,H,0
2020-07-16,2019/20,Sheffield United,Leicester,Away,1,0,2,H,0
2020-07-20,2019/20,Sheffield United,Everton,Home,0,0,1,A,0
2020-07-26,2019/20,Sheffield United,Southampton,Away,3,1,3,H,0
2020-09-14,2020/21,Sheffield United,Wolves,Home,2,0,2,A,0
2020-09-21,2020/21,Sheffield United,Aston Villa,Away,1,0,1,H,1
2020-09-27,2020/21,Sheffield United,Leeds,Home,4,0,1,A,0
2020-10-04,2020/21,Sheffield United,Arsenal,Away,2,1,2,H,0
2020-10-18,2020/21,Sheffield United,Fulham,Home,6,1,1,D,0
2020-10-24,2020/21,Sheffield United,Liverpool,Away,2,1,2,H,0
2020-10-31,2020/21,Sheffield United,Man City,Home,1,0,1,A,0
2020-11-07,2020/21,Sheffield United,Chelsea,Away,3,1,4,H,0
2020-11-22,2020/21,Sheffield United,West Ham,Home,5,0,1,A,0
2020-11-28,2020/21,Sheffield United,West Brom,Away,5,0,1,H,0
2020-12-06,2020/21,Sheffield United,Leicester,Home,1,1,2,A,0
2020-12-13,2020/21,Sheffield United,Southampton,Away,0,0,3,H,0
2020-12-17,2020/21,Sheffield United,Man United,Home,6,2,3,A,0
2020-12-20,2020/21,Sheffield United,Brighton,Away,3,1,1,D,1
2020-12-26,2020/21,Sheffield United,Everton,Home,2,0,1,A,0
2020-12-29,2020/21,Sheffield United,Burnley,Away,3,0,1,H,0
2021-01-02,2020/21,Sheffield United,Crystal Palace,Away,2,0,2,H,0
2021-01-12,2020/21,Sheffield United,Newcastle,Home,4,1,0,H,0
2021-01-17,2020/21,Sheffield United,Tottenham,Home,5,1,3,A,0
2021-01-27,2020/21,Sheffield United,Man United,Away,3,2,1,A,0
2021-01-30,2020/21,Sheffield United,Man City,Away,1,0,1,H,0
2021-02-02,2020/21,Sheffield United,West Brom,Home,6,2,1,H,0
2021-02-07,2020/21,Sheffield United,Chelsea,Home,3,1,2,A,0
2021-02-15,2020/21,Sheffield United,West Ham,Away,5,0,3,H,0
2021-02-20,2020/21,Sheffield United,Fulham,Away,2,0,1,H,0
2021-02-28,2020/21,Sheffield United,Liverpool,Home,2,0,2,A,0
2021-03-03,2020/21,Sheffield United,Aston Villa,Home,2,1,0,H,1
2021-03-06,2020/21,Sheffield United,Southampton,Home,2,0,2,A,0
2021-03-14,2020/21,Sheffield United,Leicester,Away,0,0,5,H,0
2021-04-03,2020/21,Sheffield United,Leeds,Away,1,1,2,H,0
2021-04-11,2020/21,Sheffield United,Arsenal,Home,2,0,3,A,0
2021-04-17,2020/21,Sheffield United,Wolves,Away,2,0,1,H,0
2021-04-24,2020/21,Sheffield United,Brighton,Home,3,1,0,H,0
2021-05-02,2020/21,Sheffield United,Tottenham,Away,1,0,4,H,0
2021-05-08,2020/21,Sheffield United,Crystal Palace,Home,0,0,2,A,0
2021-05-16,2020/21,Sheffield United,Everton,Away,3,1,0,A,0
2021-05-19,2020/21,Sheffield United,Newcastle,Away,1,0,1,H,0
2021-05-23,2020/21,Sheffield United,Burnley,Home,3,1,0,H,0
2023-08-12,2023/24,Sheffield United,Crystal Palace,Home,1,0,1,A,0
2023-08-18,2023/24,Sheffield United,Nott'm Forest,Away,3,1,2,H,0
2023-08-27,2023/24,Sheffield United,Man City,Home,2,1,2,A,0
2023-09-02,2023/24,Sheffield United,Everton,Home,8,2,2,D,0
2023-09-16,2023/24,Sheffield United,Tottenham,Away,5,1,2,H,1
2023-09-24,2023/24,Sheffield United,Newcastle,Home,1,0,8,A,0
2023-09-30,2023/24,Sheffield United,West Ham,Away,2,0,2,H,0
2023-10-07,2023/24,Sheffield United,Fulham,Away,2,1,3,H,0
2023-10-21,2023/24,Sheffield United,Man United,Home,6,1,2,A,0
2023-10-28,2023/24,Sheffield United,Arsenal,Away,0,0,5,H,0
2023-11-04,2023/24,Sheffield United,Wolves,Home,2,2,1,H,0
2023-11-12,2023/24,Sheffield United,Brighton,Away,1,1,1,D,0
2023-11-25,2023/24,Sheffield United,Bournemouth,Home,2,1,3,A,0
2023-12-02,2023/24,Sheffield United,Burnley,Away,3,0,5,H,1
2023-12-06,2023/24,Sheffield United,Liverpool,Home,1,0,2,A,0
2023-12-09,2023/24,Sheffield United,Brentford,Home,4,1,0,H,0
2023-12-16,2023/24,Sheffield United,Chelsea,Away,1,0,2,H,0
2023-12-22,2023/24,Sheffield United,Aston Villa,Away,2,1,1,D,0
2023-12-26,2023/24,Sheffield United,Luton,Home,6,2,3,A,0
2023-12-30,2023/24,Sheffield United,Man City,Away,2,0,2,H,0
2024-01-21,2023/24,Sheffield United,West Ham,Home,6,2,2,D,1
2024-01-30,2023/24,Sheffield United,Crystal Palace,Away,5,2,3,H,0
2024-02-03,2023/24,Sheffield United,Aston Villa,Home,5,0,5,A,0
2024-02-10,2023/24,Sheffield United,Luton,Away,3,3,1,A,0
2024-02-18,2023/24,Sheffield United,Brighton,Home,1,0,5,A,1
2024-02-25,2023/24,Sheffield United,Wolves,Away,4,0,1,H,0
2024-03-04,2023/24,Sheffield United,Arsenal,Home,0,0,6,A,0
2024-03-09,2023/24,Sheffield United,Bournemouth,Away,9,2,2,D,0
2024-03-30,2023/24,Sheffield United,Fulham,Home,4,3,3,D,0
2024-04-04,2023/24,Sheffield United,Liverpool,Away,3,1,3,H,0
2024-04-07,2023/24,Sheffield United,Chelsea,Home,6,2,2,D,0
2024-04-13,2023/24,Sheffield United,Brentford,Away,2,0,2,H,0
2024-04-20,2023/24,Sheffield United,Burnley,Home,11,1,4,A,0
2024-04-24,2023/24,Sheffield United,Man United,Away,4,2,4,H,0
2024-04-27,2023/24,Sheffield United,Newcastle,Away,5,1,5,H,0
2024-05-04,2023/24,Sheffield United,Nott'm Forest,Home,5,1,3,A,1
2024-05-11,2023/24,Sheffield United,Everton,Away,1,0,1,H,0
2024-05-19,2023/24,Sheffield United,Tottenham,Home,1,0,3,A,0
2000-08-19,2000/01,Southampton,Derby,Away,6,2,2,D,0
2000-08-23,2000/01,Southampton,Coventry,Home,4,1,2,A,0
2000-08-26,2000/01,Southampton,Liverpool,Home,7,3,3,D,0
2000-09-06,2000/01,Southampton,Charlton,Away,3,1,1,D,0
2000-09-09,2000/01,Southampton,Leicester,Away,5,0,1,H,0
2000-09-16,2000/01,Southampton,Newcastle,Home,9,2,0,H,0
2000-09-23,2000/01,Southampton,Bradford,Away,4,1,0,A,0
2000-09-30,2000/01,Southampton,Middlesbrough,Home,8,1,3,A,0
2000-10-14,2000/01,Southampton,Everton,Away,4,1,1,D,0
2000-10-23,2000/01,Southampton,Man City,Home,6,0,2,A,0
2000-10-28,2000/01,Southampton,Man United,Away,5,0,5,H,0
2000-11-04,2000/01,Southampton,Chelsea,Home,4,3,2,H,0
2000-11-11,2000/01,Southampton,Sunderland,Away,5,2,2,D,0
2000-11-18,2000/01,Southampton,Aston Villa,Home,3,2,0,H,0
2000-11-25,2000/01,Southampton,West Ham,Home,5,2,3,A,0
2000-12-02,2000/01,Southampton,Arsenal,Away,5,0,1,H,0
2000-12-09,2000/01,Southampton,Leeds,Home,3,1,0,H,1
2000-12-16,2000/01,Southampton,Ipswich,Away,4,1,3,H,0
2000-12-22,2000/01,Southampton,Coventry,Away,2,1,1,D,0
2000-12-27,2000/01,Southampton,Tottenham,Home,6,2,0,H,0
2000-12-30,2000/01,Southampton,Derby,Home,5,1,0,H,0
2001-01-01,2000/01,Southampton,Liverpool,Away,3,1,2,H,0
2001-01-13,2000/01,Southampton,Charlton,Home,6,0,0,D,0
2001-01-20,2000/01,Southampton,Tottenham,Away,6,0,0,D,0
2001-01-31,2000/01,Southampton,Leicester,Home,5,1,0,H,0
2001-02-10,2000/01,Southampton,Bradford,Home,6,2,0,H,0
2001-02-24,2000/01,Southampton,Middlesbrough,Away,5,1,0,A,0
2001-03-03,2000/01,Southampton,Man City,Away,1,1,0,A,0
2001-03-17,2000/01,Southampton,Everton,Home,5,1,0,H,0
2001-04-02,2000/01,Southampton,Ipswich,Home,3,0,3,A,0
2001-04-07,2000/01,Southampton,Leeds,Away,2,0,2,H,0
2001-04-14,2000/01,Southampton,Chelsea,Away,5,0,1,H,0
2001-04-21,2000/01,Southampton,Aston Villa,Away,3,0,0,D,0
2001-04-28,2000/01,Southampton,Sunderland,Home,5,0,1,A,0
2001-05-01,2000/01,Southampton,Newcastle,Away,3,1,1,D,0
2001-05-05,2000/01,Southampton,West Ham,Away,3,0,3,H,0
2001-05-13,2000/01,Southampton,Man United,Home,3,2,1,H,0
2001-05-19,2000/01,Southampton,Arsenal,Home,7,3,2,H,0
2001-08-18,2001/02,Southampton,Leeds,Away,6,0,2,H,1
2001-08-25,2001/02,Southampton,Chelsea,Home,2,0,2,A,0
2001-09-09,2001/02,Southampton,Tottenham,Away,6,0,2,H,0
2001-09-15,2001/02,Southampton,Bolton,Away,6,1,0,A,0
2001-09-24,2001/02,Southampton,Aston Villa,Home,4,1,3,A,1
2001-09-29,2001/02,Southampton,Middlesbrough,Away,4,3,1,A,0
2001-10-13,2001/02,Southampton,Arsenal,Home,0,0,2,A,1
2001-10-20,2001/02,Southampton,West Ham,Away,3,0,2,H,1
2001-10-24,2001/02,Southampton,Ipswich,Home,6,3,3,D,0
2001-10-27,2001/02,Southampton,Fulham,Away,5,1,2,H,0
2001-11-03,2001/02,Southampton,Blackburn,Home,6,1,2,A,0
2001-11-17,2001/02,Southampton,Derby,Away,4,0,1,H,0
2001-11-24,2001/02,Southampton,Charlton,Home,8,1,0,H,0
2001-12-02,2001/02,Southampton,Everton,Away,4,0,2,H,0
2001-12-08,2001/02,Southampton,Leicester,Away,5,4,0,A,0
2001-12-15,2001/02,Southampton,Sunderland,Home,5,2,0,H,0
2001-12-22,2001/02,Southampton,Man United,Away,3,1,6,H,0
2001-12-26,2001/02,Southampton,Tottenham,Home,5,1,0,H,0
2001-12-29,2001/02,Southampton,Leeds,Home,6,0,1,A,0
2002-01-01,2001/02,Southampton,Chelsea,Away,5,4,2,A,0
2002-01-09,2001/02,Southampton,Liverpool,Home,7,2,0,H,0
2002-01-13,2001/02,Southampton,Man United,Home,4,1,3,A,0
2002-01-19,2001/02,Southampton,Liverpool,Away,2,1,1,D,0
2002-01-30,2001/02,Southampton,West Ham,Home,8,2,0,H,0
2002-02-02,2001/02,Southampton,Arsenal,Away,1,1,1,D,0
2002-02-09,2001/02,Southampton,Newcastle,Away,4,1,3,H,0
2002-02-23,2001/02,Southampton,Bolton,Home,2,0,0,D,1
2002-03-02,2001/02,Southampton,Ipswich,Away,4,3,1,A,0
2002-03-06,2001/02,Southampton,Middlesbrough,Home,4,1,1,D,0
2002-03-16,2001/02,Southampton,Leicester,Home,5,2,2,D,0
2002-03-23,2001/02,Southampton,Sunderland,Away,8,1,1,D,0
2002-03-30,2001/02,Southampton,Fulham,Home,6,1,1,D,0
2002-04-01,2001/02,Southampton,Blackburn,Away,2,0,2,H,0
2002-04-06,2001/02,Southampton,Derby,Home,5,2,0,H,0
2002-04-13,2001/02,Southampton,Charlton,Away,6,1,1,D,0
2002-04-20,2001/02,Southampton,Everton,Home,0,0,1,A,0
2002-04-27,2001/02,Southampton,Aston Villa,Away,3,1,2,H,0
2002-05-11,2001/02,Southampton,Newcastle,Home,3,3,1,H,1
2002-08-17,2002/03,Southampton,Middlesbrough,Home,5,0,0,D,0
2002-08-24,2002/03,Southampton,Liverpool,Away,1,0,3,H,0
2002-08-28,2002/03,Southampton,Chelsea,Home,4,1,1,D,0
2002-08-31,2002/03,Southampton,Tottenham,Away,8,1,2,H,1
2002-09-11,2002/03,Southampton,Everton,Home,7,1,0,H,0
2002-09-14,2002/03,Southampton,West Brom,Away,5,0,1,H,1
2002-09-21,2002/03,Southampton,Charlton,Home,5,0,0,D,0
2002-09-28,2002/03,Southampton,Bolton,Away,6,1,1,D,0
2002-10-05,2002/03,Southampton,Man City,Home,13,2,0,H,1
2002-10-21,2002/03,Southampton,Aston Villa,Away,7,1,0,A,0
2002-10-27,2002/03,Southampton,Fulham,Home,8,4,2,H,0
2002-11-02,2002/03,Southampton,Man United,Away,5,1,2,H,0
2002-11-09,2002/03,Southampton,Blackburn,Home,12,1,1,D,0
2002-11-16,2002/03,Southampton,Newcastle,Away,3,1,2,H,0
2002-11-23,2002/03,Southampton,Arsenal,Home,3,3,2,H,0
2002-12-02,2002/03,Southampton,West Ham,Away,3,1,0,A,0
2002-12-07,2002/03,Southampton,Birmingham,Home,8,2,0,H,0
2002-12-14,2002/03,Southampton,Newcastle,Home,9,1,1,D,0
2002-12-21,2002/03,Southampton,Leeds,Away,4,1,1,D,0
2002-12-26,2002/03,Southampton,Chelsea,Away,6,0,0,D,0
2002-12-28,2002/03,Southampton,Sunderland,Home,6,2,1,H,0
2003-01-01,2002/03,Southampton,Tottenham,Home,6,1,0,H,0
2003-01-11,2002/03,Southampton,Middlesbrough,Away,8,2,2,D,0
2003-01-18,2002/03,Southampton,Liverpool,Home,4,0,1,A,0
2003-01-28,2002/03,Southampton,Sunderland,Away,6,1,0,A,0
2003-02-01,2002/03,Southampton,Man United,Home,4,0,2,A,0
2003-02-08,2002/03,Southampton,Blackburn,Away,5,0,1,H,0
2003-02-22,2002/03,Southampton,Everton,Away,6,1,2,H,0
2003-03-01,2002/03,Southampton,West Brom,Home,11,1,0,H,0
2003-03-15,2002/03,Southampton,Fulham,Away,5,2,2,D,0
2003-03-22,2002/03,Southampton,Aston Villa,Home,7,2,2,D,0
2003-04-05,2002/03,Southampton,West Ham,Home,5,1,1,D,0
2003-04-19,2002/03,Southampton,Leeds,Home,7,3,2,H,0
2003-04-21,2002/03,Southampton,Birmingham,Away,7,2,3,H,0
2003-04-26,2002/03,Southampton,Charlton,Away,6,1,2,H,0
2003-05-03,2002/03,Southampton,Bolton,Home,4,0,0,D,0
2003-05-07,2002/03,Southampton,Arsenal,Away,5,1,6,H,0
2003-05-11,2002/03,Southampton,Man City,Away,3,1,0,A,0
2003-08-16,2003/04,Southampton,Leicester,Away,10,2,2,D,0
2003-08-23,2003/04,Southampton,Birmingham,Home,7,0,0,D,0
2003-08-26,2003/04,Southampton,Leeds,Away,8,0,0,D,0
2003-08-31,2003/04,Southampton,Man United,Home,5,1,0,H,0
2003-09-13,2003/04,Southampton,Wolves,Home,10,2,0,H,0
2003-09-20,2003/04,Southampton,Tottenham,Away,10,3,1,A,0
2003-09-27,2003/04,Southampton,Middlesbrough,Home,6,0,1,A,1
2003-10-04,2003/04,Southampton,Newcastle,Away,4,0,1,H,0
2003-10-19,2003/04,Southampton,Everton,Away,7,0,0,D,0
2003-10-25,2003/04,Southampton,Blackburn,Home,15,2,0,H,0
2003-11-01,2003/04,Southampton,Man City,Home,5,0,2,A,0
2003-11-08,2003/04,Southampton,Bolton,Away,5,0,0,D,1
2003-11-22,2003/04,Southampton,Chelsea,Home,3,0,1,A,0
2003-11-29,2003/04,Southampton,Aston Villa,Away,3,0,1,H,0
2003-12-07,2003/04,Southampton,Charlton,Home,14,3,2,H,0
2003-12-13,2003/04,Southampton,Liverpool,Away,4,2,1,A,0
2003-12-21,2003/04,Southampton,Portsmouth,Home,7,3,0,H,0
2003-12-26,2003/04,Southampton,Fulham,Away,2,0,2,H,0
2003-12-29,2003/04,Southampton,Arsenal,Home,3,0,1,A,0
2004-01-07,2003/04,Southampton,Leicester,Home,14,0,0,D,0
2004-01-10,2003/04,Southampton,Birmingham,Away,6,1,2,H,1
2004-01-17,2003/04,Southampton,Leeds,Home,6,2,1,H,0
2004-01-31,2003/04,Southampton,Man United,Away,11,2,3,H,0
2004-02-07,2003/04,Southampton,Fulham,Home,6,0,0,D,0
2004-02-10,2003/04,Southampton,Arsenal,Away,6,0,2,H,0
2004-02-21,2003/04,Southampton,Everton,Home,5,3,3,D,0
2004-02-28,2003/04,Southampton,Blackburn,Away,6,1,1,D,0
2004-03-14,2003/04,Southampton,Liverpool,Home,3,2,0,H,0
2004-03-21,2003/04,Southampton,Portsmouth,Away,8,0,1,H,0
2004-03-27,2003/04,Southampton,Tottenham,Home,11,1,0,H,0
2004-04-24,2003/04,Southampton,Bolton,Home,3,1,2,A,0
2004-05-01,2003/04,Southampton,Chelsea,Away,3,0,4,H,0
2004-05-08,2003/04,Southampton,Aston Villa,Home,10,1,1,D,0
2004-08-14,2004/05,Southampton,Aston Villa,Away,2,0,2,H,0
2004-08-21,2004/05,Southampton,Blackburn,Home,7,3,2,H,0
2004-08-25,2004/05,Southampton,Bolton,Home,6,1,2,A,0
2004-08-28,2004/05,Southampton,Chelsea,Away,2,1,2,H,0
2004-09-13,2004/05,Southampton,Charlton,Away,7,0,0,D,0
2004-09-19,2004/05,Southampton,Newcastle,Home,6,1,2,A,0
2004-09-25,2004/05,Southampton,Fulham,Away,5,0,1,H,0
2004-10-02,2004/05,Southampton,Man City,Home,11,0,0,D,0
2004-10-16,2004/05,Southampton,Everton,Away,4,0,1,H,0
2004-10-24,2004/05,Southampton,Birmingham,Home,1,0,0,D,0
2004-10-30,2004/05,Southampton,Arsenal,Away,4,2,2,D,0
2004-11-06,2004/05,Southampton,West Brom,Home,6,2,2,D,0
2004-11-13,2004/05,Southampton,Portsmouth,Home,5,2,1,H,0
2004-11-20,2004/05,Southampton,Norwich,Away,7,1,2,H,0
2004-11-27,2004/05,Southampton,Crystal Palace,Home,8,2,2,D,0
2004-12-04,2004/05,Southampton,Man United,Away,0,0,3,H,0
2004-12-11,2004/05,Southampton,Middlesbrough,Home,5,2,2,D,0
2004-12-18,2004/05,Southampton,Tottenham,Away,4,1,5,H,0
2004-12-26,2004/05,Southampton,Charlton,Home,4,0,0,D,0
2004-12-28,2004/05,Southampton,Liverpool,Away,2,0,1,H,0
2005-01-01,2004/05,Southampton,Man City,Away,1,1,2,H,0
2005-01-05,2004/05,Southampton,Fulham,Home,5,3,3,D,0
2005-01-15,2004/05,Southampton,Newcastle,Away,6,1,2,H,0
2005-01-22,2004/05,Southampton,Liverpool,Home,7,2,0,H,0
2005-02-02,2004/05,Southampton,Birmingham,Away,3,1,2,H,0
2005-02-06,2004/05,Southampton,Everton,Home,9,2,2,D,0
2005-02-22,2004/05,Southampton,West Brom,Away,7,0,0,D,0
2005-02-26,2004/05,Southampton,Arsenal,Home,3,1,1,D,1
2005-03-05,2004/05,Southampton,Tottenham,Home,4,1,0,H,0
2005-03-20,2004/05,Southampton,Middlesbrough,Away,7,3,1,A,0
2005-04-02,2004/05,Southampton,Chelsea,Home,3,1,3,A,0
2005-04-09,2004/05,Southampton,Blackburn,Away,3,0,3,H,0
2005-04-16,2004/05,Southampton,Aston Villa,Home,8,2,3,A,0
2005-04-19,2004/05,Southampton,Bolton,Away,4,1,1,D,0
2012-08-19,2012/13,Southampton,Man City,Away,6,2,3,H,0
2012-08-25,2012/13,Southampton,Wigan,Home,9,0,2,A,0
2012-09-02,2012/13,Southampton,Man United,Home,8,2,3,A,0
2012-09-15,2012/13,Southampton,Arsenal,Away,4,1,6,H,0
2012-09-22,2012/13,Southampton,Aston Villa,Home,4,4,1,H,0
2012-09-29,2012/13,Southampton,Everton,Away,2,1,3,H,0
2012-10-07,2012/13,Southampton,Fulham,Home,6,2,2,D,0
2012-10-20,2012/13,Southampton,West Ham,Away,4,1,4,H,0
2012-10-28,2012/13,Southampton,Tottenham,Home,6,1,2,A,0
2012-11-05,2012/13,Southampton,West Brom,Away,5,0,2,H,0
2012-11-10,2012/13,Southampton,Swansea,Home,5,1,1,D,0
2012-11-17,2012/13,Southampton,QPR,Away,15,3,1,A,0
2012-11-25,2012/13,Southampton,Newcastle,Home,10,2,0,H,0
2012-11-28,2012/13,Southampton,Norwich,Home,2,1,1,D,0
2012-12-01,2012/13,Southampton,Liverpool,Away,4,0,1,H,0
2012-12-08,2012/13,Southampton,Reading,Home,9,1,0,H,0
2012-12-22,2012/13,Southampton,Sunderland,Home,7,0,1,A,0
2012-12-26,2012/13,Southampton,Fulham,Away,3,1,1,D,0
2012-12-29,2012/13,Southampton,Stoke,Away,7,3,3,D,0
2013-01-01,2012/13,Southampton,Arsenal,Home,6,1,1,D,0
2013-01-12,2012/13,Southampton,Aston Villa,Away,4,1,0,A,0
2013-01-16,2012/13,Southampton,Chelsea,Away,3,2,2,D,0
2013-01-21,2012/13,Southampton,Everton,Home,11,0,0,D,0
2013-01-30,2012/13,Southampton,Man United,Away,10,1,2,H,0
2013-02-02,2012/13,Southampton,Wigan,Away,7,2,2,D,0
2013-02-09,2012/13,Southampton,Man City,Home,7,3,1,H,0
2013-02-24,2012/13,Southampton,Newcastle,Away,7,2,4,H,0
2013-03-02,2012/13,Southampton,QPR,Home,9,1,2,A,0
2013-03-09,2012/13,Southampton,Norwich,Away,7,0,0,D,0
2013-03-16,2012/13,Southampton,Liverpool,Home,12,3,1,H,0
2013-03-30,2012/13,Southampton,Chelsea,Home,8,2,1,H,0
2013-04-06,2012/13,Southampton,Reading,Away,4,2,0,A,0
2013-04-13,2012/13,Southampton,West Ham,Home,11,1,1,D,0
2013-04-20,2012/13,Southampton,Swansea,Away,5,0,0,D,0
2013-04-27,2012/13,Southampton,West Brom,Home,4,0,3,A,2
2013-05-04,2012/13,Southampton,Tottenham,Away,6,0,1,H,0
2013-05-12,2012/13,Southampton,Sunderland,Away,10,1,1,D,0
2013-05-19,2012/13,Southampton,Stoke,Home,7,1,1,D,0
2013-08-17,2013/14,Southampton,West Brom,Away,2,1,0,A,0
2013-08-24,2013/14,Southampton,Sunderland,Home,6,1,1,D,0
2013-08-31,2013/14,Southampton,Norwich,Away,2,0,1,H,0
2013-09-15,2013/14,Southampton,West Ham,Home,5,0,0,D,0
2013-09-21,2013/14,Southampton,Liverpool,Away,7,1,0,A,0
2013-09-28,2013/14,Southampton,Crystal Palace,Home,3,2,0,H,0
2013-10-06,2013/14,Southampton,Swansea,Home,4,2,0,H,0
2013-10-19,2013/14,Southampton,Man United,Away,7,1,1,D,0
2013-10-26,2013/14,Southampton,Fulham,Home,6,2,0,H,0
2013-11-02,2013/14,Southampton,Stoke,Away,2,1,1,D,0
2013-11-09,2013/14,Southampton,Hull,Home,7,4,1,H,0
2013-11-23,2013/14,Southampton,Arsenal,Away,4,0,2,H,0
2013-12-01,2013/14,Southampton,Chelsea,Away,1,1,3,H,0
2013-12-04,2013/14,Southampton,Aston Villa,Home,9,2,3,A,0
2013-12-07,2013/14,Southampton,Man City,Home,4,1,1,D,0
2013-12-14,2013/14,Southampton,Newcastle,Away,3,1,1,D,0
2013-12-22,2013/14,Southampton,Tottenham,Home,5,2,3,A,0
2013-12-26,2013/14,Southampton,Cardiff,Away,6,3,0,A,0
2013-12-29,2013/14,Southampton,Everton,Away,2,1,2,H,0
2014-01-01,2013/14,Southampton,Chelsea,Home,2,0,3,A,0
2014-01-11,2013/14,Southampton,West Brom,Home,5,1,0,H,0
2014-01-18,2013/14,Southampton,Sunderland,Away,8,2,2,D,0
2014-01-28,2013/14,Southampton,Arsenal,Home,5,2,2,D,0
2014-02-01,2013/14,Southampton,Fulham,Away,5,3,0,A,0
2014-02-08,2013/14,Southampton,Stoke,Home,5,2,2,D,0
2014-02-11,2013/14,Southampton,Hull,Away,7,1,0,A,0
2014-02-22,2013/14,Southampton,West Ham,Away,5,1,3,H,0
2014-03-01,2013/14,Southampton,Liverpool,Home,2,0,3,A,0
2014-03-08,2013/14,Southampton,Crystal Palace,Away,3,1,0,A,0
2014-03-15,2013/14,Southampton,Norwich,Home,6,4,2,H,0
2014-03-23,2013/14,Southampton,Tottenham,Away,4,2,3,H,0
2014-03-29,2013/14,Southampton,Newcastle,Home,11,4,0,H,0
2014-04-05,2013/14,Southampton,Man City,Away,1,1,4,H,0
2014-04-12,2013/14,Southampton,Cardiff,Home,7,0,1,A,0
2014-04-19,2013/14,Southampton,Aston Villa,Away,2,0,0,D,0
2014-04-26,2013/14,Southampton,Everton,Home,4,2,0,H,0
2014-05-03,2013/14,Southampton,Swansea,Away,4,1,0,A,0
2014-05-11,2013/14,Southampton,Man United,Home,6,1,1,D,0
2014-08-17,2014/15,Southampton,Liverpool,Away,6,1,2,H,0
2014-08-23,2014/15,Southampton,West Brom,Home,2,0,0,D,0
2014-08-30,2014/15,Southampton,West Ham,Away,8,3,1,A,0
2014-09-13,2014/15,Southampton,Newcastle,Home,7,4,0,H,0
2014-09-20,2014/15,Southampton,Swansea,Away,4,1,0,A,0
2014-09-27,2014/15,Southampton,QPR,Home,9,2,1,H,0
2014-10-05,2014/15,Southampton,Tottenham,Away,3,0,1,H,0
2014-10-18,2014/15,Southampton,Sunderland,Home,11,8,0,H,0
2014-10-25,2014/15,Southampton,Stoke,Home,2,1,0,H,0
2014-11-01,2014/15,Southampton,Hull,Away,3,1,0,A,0
2014-11-08,2014/15,Southampton,Leicester,Home,6,2,0,H,0
2014-11-24,2014/15,Southampton,Aston Villa,Away,4,1,1,D,0
2014-11-30,2014/15,Southampton,Man City,Home,4,0,3,A,0
2014-12-03,2014/15,Southampton,Arsenal,Away,1,0,1,H,0
2014-12-08,2014/15,Southampton,Man United,Home,4,1,2,A,0
2014-12-13,2014/15,Southampton,Burnley,Away,4,0,1,H,0
2014-12-20,2014/15,Southampton,Everton,Home,3,3,0,H,0
2014-12-26,2014/15,Southampton,Crystal Palace,Away,6,3,1,A,0
2014-12-28,2014/15,Southampton,Chelsea,Home,1,1,1,D,1
2015-01-01,2014/15,Southampton,Arsenal,Home,6,2,0,H,0
2015-01-11,2014/15,Southampton,Man United,Away,1,1,0,A,0
2015-01-17,2014/15,Southampton,Newcastle,Away,3,2,1,A,0
2015-02-01,2014/15,Southampton,Swansea,Home,6,0,1,A,1
2015-02-07,2014/15,Southampton,QPR,Away,5,1,0,A,0
2015-02-11,2014/15,Southampton,West Ham,Home,7,0,0,D,0
2015-02-22,2014/15,Southampton,Liverpool,Home,5,0,2,A,0
2015-02-28,2014/15,Southampton,West Brom,Away,2,0,1,H,0
2015-03-03,2014/15,Southampton,Crystal Palace,Home,3,1,0,H,0
2015-03-15,2014/15,Southampton,Chelsea,Away,5,1,1,D,0
2015-03-21,2014/15,Southampton,Burnley,Home,3,2,0,H,0
2015-04-04,2014/15,Southampton,Everton,Away,2,0,1,H,0
2015-04-11,2014/15,Southampton,Hull,Home,4,2,0,H,0
2015-04-18,2014/15,Southampton,Stoke,Away,6,1,2,H,0
2015-04-25,2014/15,Southampton,Tottenham,Home,4,2,2,D,0
2015-05-02,2014/15,Southampton,Sunderland,Away,2,1,2,H,1
2015-05-09,2014/15,Southampton,Leicester,Away,3,0,2,H,0
2015-05-16,2014/15,Southampton,Aston Villa,Home,11,6,1,H,0
2015-05-24,2014/15,Southampton,Man City,Away,4,0,2,H,0
2015-08-09,2015/16,Southampton,Newcastle,Away,5,2,2,D,0
2015-08-15,2015/16,Southampton,Everton,Home,4,0,3,A,0
2015-08-23,2015/16,Southampton,Watford,Away,5,0,0,D,0
2015-08-30,2015/16,Southampton,Norwich,Home,8,3,0,H,0
2015-09-12,2015/16,Southampton,West Brom,Away,4,0,0,D,0
2015-09-20,2015/16,Southampton,Man United,Home,8,2,3,A,0
2015-09-26,2015/16,Southampton,Swansea,Home,7,3,1,H,0
2015-10-03,2015/16,Southampton,Chelsea,Away,5,3,1,A,0
2015-10-17,2015/16,Southampton,Leicester,Home,6,2,2,D,0
2015-10-25,2015/16,Southampton,Liverpool,Away,3,1,1,D,1
2015-11-01,2015/16,Southampton,Bournemouth,Home,2,2,0,H,1
2015-11-07,2015/16,Southampton,Sunderland,Away,4,1,0,A,0
2015-11-21,2015/16,Southampton,Stoke,Home,1,0,1,A,0
2015-11-28,2015/16,Southampton,Man City,Away,8,1,3,H,0
2015-12-05,2015/16,Southampton,Aston Villa,Home,5,1,1,D,0
2015-12-12,2015/16,Southampton,Crystal Palace,Away,3,0,1,H,0
2015-12-19,2015/16,Southampton,Tottenham,Home,4,0,2,A,0
2015-12-26,2015/16,Southampton,Arsenal,Home,5,4,0,H,0
2015-12-28,2015/16,Southampton,West Ham,Away,4,1,2,H,0
2016-01-02,2015/16,Southampton,Norwich,Away,4,0,1,H,1
2016-01-13,2015/16,Southampton,Watford,Home,7,2,0,H,0
2016-01-16,2015/16,Southampton,West Brom,Home,5,3,0,H,0
2016-01-23,2015/16,Southampton,Man United,Away,2,1,0,A,0
2016-02-02,2015/16,Southampton,Arsenal,Away,3,0,0,D,0
2016-02-06,2015/16,Southampton,West Ham,Home,2,1,0,H,1
2016-02-13,2015/16,Southampton,Swansea,Away,5,1,0,A,0
2016-02-27,2015/16,Southampton,Chelsea,Home,2,1,2,A,0
2016-03-01,2015/16,Southampton,Bournemouth,Away,1,0,2,H,0
2016-03-05,2015/16,Southampton,Sunderland,Home,5,1,1,D,1
2016-03-12,2015/16,Southampton,Stoke,Away,4,2,1,A,1
2016-03-20,2015/16,Southampton,Liverpool,Home,5,3,2,H,0
2016-04-03,2015/16,Southampton,Leicester,Away,2,0,1,H,0
2016-04-09,2015/16,Southampton,Newcastle,Home,6,3,1,H,0
2016-04-16,2015/16,Southampton,Everton,Away,4,1,1,D,0
2016-04-23,2015/16,Southampton,Aston Villa,Away,7,4,2,A,0
2016-05-01,2015/16,Southampton,Man City,Home,7,4,2,H,0
2016-05-08,2015/16,Southampton,Tottenham,Away,2,2,1,A,0
2016-05-15,2015/16,Southampton,Crystal Palace,Home,5,4,1,H,0
2016-08-13,2016/17,Southampton,Watford,Home,6,1,1,D,0
2016-08-19,2016/17,Southampton,Man United,Away,1,0,2,H,0
2016-08-27,2016/17,Southampton,Sunderland,Home,7,1,1,D,0
2016-09-10,2016/17,Southampton,Arsenal,Away,5,1,2,H,0
2016-09-18,2016/17,Southampton,Swansea,Home,6,1,0,H,0
2016-09-25,2016/17,Southampton,West Ham,Away,9,3,0,A,0
2016-10-02,2016/17,Southampton,Leicester,Away,5,0,0,D,0
2016-10-16,2016/17,Southampton,Burnley,Home,14,3,1,H,0
2016-10-23,2016/17,Southampton,Man City,Away,2,1,1,D,0
2016-10-30,2016/17,Southampton,Chelsea,Home,1,0,2,A,0
2016-11-06,2016/17,Southampton,Hull,Away,7,1,2,H,0
2016-11-19,2016/17,Southampton,Liverpool,Home,0,0,0,D,0
2016-11-27,2016/17,Southampton,Everton,Home,7,1,0,H,0
2016-12-03,2016/17,Southampton,Crystal Palace,Away,3,0,3,H,0
2016-12-11,2016/17,Southampton,Middlesbrough,Home,3,1,0,H,0
2016-12-14,2016/17,Southampton,Stoke,Away,4,0,0,D,0
2016-12-18,2016/17,Southampton,Bournemouth,Away,8,3,1,A,0
2016-12-28,2016/17,Southampton,Tottenham,Home,2,1,4,A,1
2016-12-31,2016/17,Southampton,West Brom,Home,1,1,2,A,1
2017-01-02,2016/17,Southampton,Everton,Away,3,0,3,H,0
2017-01-14,2016/17,Southampton,Burnley,Away,5,0,1,H,0
2017-01-22,2016/17,Southampton,Leicester,Home,7,3,0,H,0
2017-01-31,2016/17,Southampton,Swansea,Away,2,1,2,H,0
2017-02-04,2016/17,Southampton,West Ham,Home,7,1,3,A,0
2017-02-11,2016/17,Southampton,Sunderland,Away,8,4,0,A,0
2017-03-04,2016/17,Southampton,Watford,Away,11,4,3,A,0
2017-03-19,2016/17,Southampton,Tottenham,Away,3,1,2,H,0
2017-04-01,2016/17,Southampton,Bournemouth,Home,4,0,0,D,0
2017-04-05,2016/17,Southampton,Crystal Palace,Home,9,3,1,H,0
2017-04-08,2016/17,Southampton,West Brom,Away,3,1,0,A,0
2017-04-15,2016/17,Southampton,Man City,Home,1,0,3,A,0
2017-04-25,2016/17,Southampton,Chelsea,Away,4,2,4,H,0
2017-04-29,2016/17,Southampton,Hull,Home,2,0,0,D,0
2017-05-07,2016/17,Southampton,Liverpool,Away,0,0,0,D,0
2017-05-10,2016/17,Southampton,Arsenal,Home,3,0,2,A,0
2017-05-13,2016/17,Southampton,Middlesbrough,Away,4,2,1,A,0
2017-05-17,2016/17,Southampton,Man United,Home,6,0,0,D,0
2017-05-21,2016/17,Southampton,Stoke,Home,6,0,1,A,0
2017-08-12,2017/18,Southampton,Swansea,Home,2,0,0,D,0
2017-08-19,2017/18,Southampton,West Ham,Home,5,3,2,H,0
2017-08-26,2017/18,Southampton,Huddersfield,Away,3,0,0,D,0
2017-09-09,2017/18,Southampton,Watford,Home,1,0,2,A,0
2017-09-16,2017/18,Southampton,Crystal Palace,Away,4,1,0,A,0
2017-09-23,2017/18,Southampton,Man United,Home,4,0,1,A,0
2017-09-30,2017/18,Southampton,Stoke,Away,3,1,2,H,0
2017-10-15,2017/18,Southampton,Newcastle,Home,2,2,2,D,0
2017-10-21,2017/18,Southampton,West Brom,Home,6,1,0,H,0
2017-10-29,2017/18,Southampton,Brighton,Away,1,1,1,D,0
2017-11-04,2017/18,Southampton,Burnley,Home,3,0,1,A,0
2017-11-18,2017/18,Southampton,Liverpool,Away,0,0,3,H,0
2017-11-26,2017/18,Southampton,Everton,Home,5,4,1,H,0
2017-11-29,2017/18,Southampton,Man City,Away,2,1,2,H,0
2017-12-03,2017/18,Southampton,Bournemouth,Away,4,1,1,D,0
2017-12-10,2017/18,Southampton,Arsenal,Home,3,1,1,D,0
2017-12-13,2017/18,Southampton,Leicester,Home,4,1,4,A,0
2017-12-16,2017/18,Southampton,Chelsea,Away,2,0,1,H,0
2017-12-23,2017/18,Southampton,Huddersfield,Home,6,1,1,D,0
2017-12-26,2017/18,Southampton,Tottenham,Away,6,2,5,H,0
2017-12-30,2017/18,Southampton,Man United,Away,3,0,0,D,0
2018-01-02,2017/18,Southampton,Crystal Palace,Home,3,1,2,A,0
2018-01-13,2017/18,Southampton,Watford,Away,4,2,2,D,0
2018-01-21,2017/18,Southampton,Tottenham,Home,4,1,1,D,0
2018-01-31,2017/18,Southampton,Brighton,Home,3,1,1,D,0
2018-02-03,2017/18,Southampton,West Brom,Away,5,3,2,A,0
2018-02-11,2017/18,Southampton,Liverpool,Home,4,0,2,A,0
2018-02-24,2017/18,Southampton,Burnley,Away,6,1,1,D,0
2018-03-03,2017/18,Southampton,Stoke,Home,6,0,0,D,0
2018-03-10,2017/18,Southampton,Newcastle,Away,2,0,3,H,0
2018-03-31,2017/18,Southampton,West Ham,Away,0,0,3,H,0
2018-04-08,2017/18,Southampton,Arsenal,Away,8,2,3,H,1
2018-04-14,2017/18,Southampton,Chelsea,Home,7,2,3,A,0
2018-04-19,2017/18,Southampton,Leicester,Away,2,0,0,D,0
2018-04-28,2017/18,Southampton,Bournemouth,Home,6,2,1,H,0
2018-05-05,2017/18,Southampton,Everton,Away,5,1,1,D,1
2018-05-08,2017/18,Southampton,Swansea,Away,8,1,0,A,0
2018-05-13,2017/18,Southampton,Man City,Home,3,0,1,A,0
2018-08-12,2018/19,Southampton,Burnley,Home,3,0,0,D,0
2018-08-18,2018/19,Southampton,Everton,Away,4,1,2,H,0
2018-08-25,2018/19,Southampton,Leicester,Home,5,1,2,A,1
2018-09-01,2018/19,Southampton,Crystal Palace,Away,6,2,0,A,0
2018-09-17,2018/19,Southampton,Brighton,Home,5,2,2,D,0
2018-09-22,2018/19,Southampton,Liverpool,Away,1,0,3,H,0
2018-09-29,2018/19,Southampton,Wolves,Away,6,0,2,H,0
2018-10-07,2018/19,Southampton,Chelsea,Home,6,0,3,A,0
2018-10-20,2018/19,Southampton,Bournemouth,Away,4,0,0,D,0
2018-10-27,2018/19,Southampton,Newcastle,Home,4,0,0,D,0
2018-11-04,2018/19,Southampton,Man City,Away,6,1,6,H,0
2018-11-10,2018/19,Southampton,Watford,Home,4,1,1,D,0
2018-11-24,2018/19,Southampton,Fulham,Away,8,2,3,H,0
2018-12-01,2018/19,Southampton,Man United,Home,6,2,2,D,0
2018-12-05,2018/19,Southampton,Tottenham,Away,5,1,3,H,0
2018-12-08,2018/19,Southampton,Cardiff,Away,1,0,1,H,0
2018-12-16,2018/19,Southampton,Arsenal,Home,7,3,2,H,0
2018-12-22,2018/19,Southampton,Huddersfield,Away,6,3,1,A,0
2018-12-27,2018/19,Southampton,West Ham,Home,5,1,2,A,0
2018-12-30,2018/19,Southampton,Man City,Home,4,1,3,A,1
2019-01-02,2018/19,Southampton,Chelsea,Away,2,0,0,D,0
2019-01-12,2018/19,Southampton,Leicester,Away,3,2,1,A,1
2019-01-19,2018/19,Southampton,Everton,Home,4,2,1,H,0
2019-01-30,2018/19,Southampton,Crystal Palace,Home,4,1,1,D,0
2019-02-02,2018/19,Southampton,Burnley,Away,4,1,1,D,0
2019-02-09,2018/19,Southampton,Cardiff,Home,7,1,2,A,0
2019-02-24,2018/19,Southampton,Arsenal,Away,4,0,2,H,0
2019-02-27,2018/19,Southampton,Fulham,Home,4,2,0,H,0
2019-03-02,2018/19,Southampton,Man United,Away,3,2,3,H,0
2019-03-09,2018/19,Southampton,Tottenham,Home,4,2,1,H,0
2019-03-30,2018/19,Southampton,Brighton,Away,2,1,0,A,0
2019-04-05,2018/19,Southampton,Liverpool,Home,1,1,3,A,0
2019-04-13,2018/19,Southampton,Wolves,Home,6,3,1,H,0
2019-04-20,2018/19,Southampton,Newcastle,Away,3,1,3,H,0
2019-04-23,2018/19,Southampton,Watford,Away,4,1,1,D,0
2019-04-27,2018/19,Southampton,Bournemouth,Home,7,3,3,D,0
2019-05-04,2018/19,Southampton,West Ham,Away,1,0,3,H,0
2019-05-12,2018/19,Southampton,Huddersfield,Home,3,1,1,D,0
2019-08-10,2019/20,Southampton,Burnley,Away,3,0,3,H,0
2019-08-17,2019/20,Southampton,Liverpool,Home,3,1,2,A,0
2019-08-24,2019/20,Southampton,Brighton,Away,4,2,0,A,0
2019-08-31,2019/20,Southampton,Man United,Home,2,1,1,D,1
2019-09-14,2019/20,Southampton,Sheffield United,Away,7,1,0,A,0
2019-09-20,2019/20,Southampton,Bournemouth,Home,6,1,3,A,0
2019-09-28,2019/20,Southampton,Tottenham,Away,6,1,2,H,0
2019-10-06,2019/20,Southampton,Chelsea,Home,3,1,4,A,0
2019-10-19,2019/20,Southampton,Wolves,Away,5,1,1,D,0
2019-10-25,2019/20,Southampton,Leicester,Home,3,0,9,A,1
2019-11-02,2019/20,Southampton,Man City,Away,3,1,2,H,0
2019-11-09,2019/20,Southampton,Everton,Home,3,1,2,A,0
2019-11-23,2019/20,Southampton,Arsenal,Away,6,2,2,D,0
2019-11-30,2019/20,Southampton,Watford,Home,6,2,1,H,0
2019-12-04,2019/20,Southampton,Norwich,Home,5,2,1,H,0
2019-12-08,2019/20,Southampton,Newcastle,Away,4,1,2,H,0
2019-12-14,2019/20,Southampton,West Ham,Home,2,0,1,A,0
2019-12-21,2019/20,Southampton,Aston Villa,Away,8,3,1,A,0
2019-12-26,2019/20,Southampton,Chelsea,Away,3,2,0,A,0
2019-12-28,2019/20,Southampton,Crystal Palace,Home,5,1,1,D,0
2020-01-01,2019/20,Southampton,Tottenham,Home,3,1,0,H,0
2020-01-11,2019/20,Southampton,Leicester,Away,10,2,1,A,0
2020-01-18,2019/20,Southampton,Wolves,Home,5,2,3,A,0
2020-01-21,2019/20,Southampton,Crystal Palace,Away,6,2,0,A,0
2020-02-01,2019/20,Southampton,Liverpool,Away,4,0,4,H,0
2020-02-15,2019/20,Southampton,Burnley,Home,2,1,2,A,0
2020-02-22,2019/20,Southampton,Aston Villa,Home,9,2,0,H,0
2020-02-29,2019/20,Southampton,West Ham,Away,2,1,3,H,0
2020-03-07,2019/20,Southampton,Newcastle,Home,3,0,1,A,1
2020-06-19,2019/20,Southampton,Norwich,Away,9,3,0,A,0
2020-06-25,2019/20,Southampton,Arsenal,Home,3,0,2,A,1
2020-06-28,2019/20,Southampton,Watford,Away,7,3,1,A,0
2020-07-05,2019/20,Southampton,Man City,Home,4,1,0,H,0
2020-07-09,2019/20,Southampton,Everton,Away,4,1,1,D,0
2020-07-13,2019/20,Southampton,Man United,Away,5,2,2,D,0
2020-07-16,2019/20,Southampton,Brighton,Home,6,1,1,D,0
2020-07-19,2019/20,Southampton,Bournemouth,Away,8,2,0,A,0
2020-07-26,2019/20,Southampton,Sheffield United,Home,4,3,1,H,0
2020-09-12,2020/21,Southampton,Crystal Palace,Away,5,0,1,H,0
2020-09-20,2020/21,Southampton,Tottenham,Home,7,2,5,A,0
2020-09-26,2020/21,Southampton,Burnley,Away,1,1,0,A,0
2020-10-04,2020/21,Southampton,West Brom,Home,7,2,0,H,0
2020-10-17,2020/21,Southampton,Chelsea,Away,6,3,3,D,0
2020-10-25,2020/21,Southampton,Everton,Home,6,2,0,H,0
2020-11-01,2020/21,Southampton,Aston Villa,Away,4,4,3,A,0
2020-11-06,2020/21,Southampton,Newcastle,Home,8,2,0,H,0
2020-11-23,2020/21,Southampton,Wolves,Away,2,1,1,D,0
2020-11-29,2020/21,Southampton,Man United,Home,5,2,3,A,0
2020-12-07,2020/21,Southampton,Brighton,Away,3,2,1,A,0
2020-12-13,2020/21,Southampton,Sheffield United,Home,6,3,0,H,0
2020-12-16,2020/21,Southampton,Arsenal,Away,3,1,1,D,0
2020-12-19,2020/21,Southampton,Man City,Home,3,0,1,A,0
2020-12-26,2020/21,Southampton,Fulham,Away,2,0,0,D,0
2020-12-29,2020/21,Southampton,West Ham,Home,3,0,0,D,0
2021-01-04,2020/21,Southampton,Liverpool,Home,3,1,0,H,0
2021-01-16,2020/21,Southampton,Leicester,Away,3,0,2,H,0
2021-01-26,2020/21,Southampton,Arsenal,Home,5,1,3,A,0
2021-01-30,2020/21,Southampton,Aston Villa,Home,5,0,1,A,0
2021-02-02,2020/21,Southampton,Man United,Away,1,0,9,H,2
2021-02-06,2020/21,Southampton,Newcastle,Away,5,2,3,H,0
2021-02-14,2020/21,Southampton,Wolves,Home,3,1,2,A,0
2021-02-20,2020/21,Southampton,Chelsea,Home,1,1,1,D,0
2021-02-23,2020/21,Southampton,Leeds,Away,5,0,3,H,0
2021-03-01,2020/21,Southampton,Everton,Away,1,0,1,H,0
2021-03-06,2020/21,Southampton,Sheffield United,Away,5,2,0,A,0
2021-03-10,2020/21,Southampton,Man City,Away,6,2,5,H,0
2021-03-14,2020/21,Southampton,Brighton,Home,4,1,2,A,0
2021-04-04,2020/21,Southampton,Burnley,Home,9,3,2,H,0
2021-04-12,2020/21,Southampton,West Brom,Away,4,0,3,H,0
2021-04-21,2020/21,Southampton,Tottenham,Away,5,1,2,H,0
2021-04-30,2020/21,Southampton,Leicester,Home,3,1,1,D,1
2021-05-08,2020/21,Southampton,Liverpool,Away,6,0,2,H,0
2021-05-11,2020/21,Southampton,Crystal Palace,Home,6,3,1,H,0
2021-05-15,2020/21,Southampton,Fulham,Home,7,3,1,H,0
2021-05-18,2020/21,Southampton,Leeds,Home,3,0,2,A,0
2021-05-23,2020/21,Southampton,West Ham,Away,5,0,3,H,0
2021-08-14,2021/22,Southampton,Everton,Away,3,1,3,H,0
2021-08-22,2021/22,Southampton,Man United,Home,3,1,1,D,0
2021-08-28,2021/22,Southampton,Newcastle,Away,6,2,2,D,0
2021-09-11,2021/22,Southampton,West Ham,Home,3,0,0,D,0
2021-09-18,2021/22,Southampton,Man City,Away,2,0,0,D,0
2021-09-26,2021/22,Southampton,Wolves,Home,6,0,1,A,0
2021-10-02,2021/22,Southampton,Chelsea,Away,2,1,3,H,1
2021-10-16,2021/22,Southampton,Leeds,Home,5,1,0,H,0
2021-10-23,2021/22,Southampton,Burnley,Home,4,2,2,D,0
2021-10-30,2021/22,Southampton,Watford,Away,1,1,0,A,0
2021-11-05,2021/22,Southampton,Aston Villa,Home,3,1,0,H,0
2021-11-20,2021/22,Southampton,Norwich,Away,5,1,2,H,0
2021-11-27,2021/22,Southampton,Liverpool,Away,3,0,4,H,0
2021-12-01,2021/22,Southampton,Leicester,Home,7,2,2,D,0
2021-12-04,2021/22,Southampton,Brighton,Home,4,1,1,D,0
2021-12-11,2021/22,Southampton,Arsenal,Away,6,0,3,H,0
2021-12-15,2021/22,Southampton,Crystal Palace,Away,4,2,2,D,0
2021-12-26,2021/22,Southampton,West Ham,Away,6,3,2,A,0
2021-12-28,2021/22,Southampton,Tottenham,Home,2,1,1,D,1
2022-01-11,2021/22,Southampton,Brentford,Home,6,4,1,H,0
2022-01-15,2021/22,Southampton,Wolves,Away,10,1,3,H,0
2022-01-22,2021/22,Southampton,Man City,Home,3,1,1,D,0
2022-02-09,2021/22,Southampton,Tottenham,Away,10,3,2,A,0
2022-02-12,2021/22,Southampton,Man United,Away,4,1,1,D,0
2022-02-19,2021/22,Southampton,Everton,Home,11,2,0,H,0
2022-02-25,2021/22,Southampton,Norwich,Home,9,2,0,H,0
2022-03-05,2021/22,Southampton,Aston Villa,Away,1,0,4,H,0
2022-03-10,2021/22,Southampton,Newcastle,Home,5,1,2,A,0
2022-03-13,2021/22,Southampton,Watford,Home,7,1,2,A,0
2022-04-02,2021/22,Southampton,Leeds,Away,6,1,1,D,0
2022-04-09,2021/22,Southampton,Chelsea,Home,1,0,6,A,0
2022-04-16,2021/22,Southampton,Arsenal,Home,3,1,0,H,0
2022-04-21,2021/22,Southampton,Burnley,Away,3,0,2,H,0
2022-04-24,2021/22,Southampton,Brighton,Away,5,2,2,D,0
2022-04-30,2021/22,Southampton,Crystal Palace,Home,3,1,2,A,0
2022-05-07,2021/22,Southampton,Brentford,Away,4,0,3,H,0
2022-05-17,2021/22,Southampton,Liverpool,Home,2,1,2,A,0
2022-05-22,2021/22,Southampton,Leicester,Away,2,1,4,H,0
2022-08-06,2022/23,Southampton,Tottenham,Away,2,1,4,H,0
2022-08-13,2022/23,Southampton,Leeds,Home,4,2,2,D,0
2022-08-20,2022/23,Southampton,Leicester,Away,3,2,1,A,0
2022-08-27,2022/23,Southampton,Man United,Home,5,0,1,A,0
2022-08-30,2022/23,Southampton,Chelsea,Home,7,2,1,H,0
2022-09-03,2022/23,Southampton,Wolves,Away,1,0,1,H,0
2022-09-16,2022/23,Southampton,Aston Villa,Away,1,0,1,H,0
2022-10-01,2022/23,Southampton,Everton,Home,6,1,2,A,0
2022-10-08,2022/23,Southampton,Man City,Away,0,0,4,H,0
2022-10-16,2022/23,Southampton,West Ham,Home,8,1,1,D,0
2022-10-19,2022/23,Southampton,Bournemouth,Away,3,1,0,A,0
2022-10-23,2022/23,Southampton,Arsenal,Home,3,1,1,D,0
2022-10-29,2022/23,Southampton,Crystal Palace,Away,4,0,1,H,0
2022-11-06,2022/23,Southampton,Newcastle,Home,5,1,4,A,0
2022-11-12,2022/23,Southampton,Liverpool,Away,5,1,3,H,0
2022-12-26,2022/23,Southampton,Brighton,Home,4,1,3,A,0
2022-12-31,2022/23,Southampton,Fulham,Away,3,1,2,H,0
2023-01-04,2022/23,Southampton,Nott'm Forest,Home,0,0,1,A,0
2023-01-14,2022/23,Southampton,Everton,Away,5,2,1,A,0
2023-01-21,2022/23,Southampton,Aston Villa,Home,5,0,1,A,0
2023-02-04,2022/23,Southampton,Brentford,Away,6,0,3,H,0
2023-02-11,2022/23,Southampton,Wolves,Home,2,1,2,A,0
2023-02-18,2022/23,Southampton,Chelsea,Away,5,1,0,A,0
2023-02-25,2022/23,Southampton,Leeds,Away,2,0,1,H,0
2023-03-04,2022/23,Southampton,Leicester,Home,5,1,0,H,0
2023-03-12,2022/23,Southampton,Man United,Away,4,0,0,D,0
2023-03-15,2022/23,Southampton,Brentford,Home,1,0,2,A,0
2023-03-18,2022/23,Southampton,Tottenham,Home,7,3,3,D,0
2023-04-02,2022/23,Southampton,West Ham,Away,3,0,1,H,0
2023-04-08,2022/23,Southampton,Man City,Home,1,1,4,A,0
2023-04-15,2022/23,Southampton,Crystal Palace,Home,4,0,2,A,0
2023-04-21,2022/23,Southampton,Arsenal,Away,6,3,3,D,0
2023-04-27,2022/23,Southampton,Bournemouth,Home,2,0,1,A,0
2023-04-30,2022/23,Southampton,Newcastle,Away,3,1,3,H,0
2023-05-08,2022/23,Southampton,Nott'm Forest,Away,5,3,4,H,0
2023-05-13,2022/23,Southampton,Fulham,Home,1,0,2,A,0
2023-05-21,2022/23,Southampton,Brighton,Away,1,1,3,H,0
2023-05-28,2022/23,Southampton,Liverpool,Home,10,4,4,D,0
2024-08-17,2024/25,Southampton,Newcastle,Away,4,0,1,H,0
2024-08-24,2024/25,Southampton,Nott'm Forest,Home,1,0,1,A,0
2024-08-31,2024/25,Southampton,Brentford,Away,6,1,3,H,0
2024-09-14,2024/25,Southampton,Man United,Home,4,0,3,A,1
2024-09-21,2024/25,Southampton,Ipswich,Home,3,1,1,D,0
2024-09-30,2024/25,Southampton,Bournemouth,Away,3,1,3,H,0
2024-10-05,2024/25,Southampton,Arsenal,Away,2,1,3,H,0
2024-10-19,2024/25,Southampton,Leicester,Home,7,2,3,A,1
2024-10-26,2024/25,Southampton,Man City,Away,2,0,1,H,0
2024-11-02,2024/25,Southampton,Everton,Home,2,1,0,H,0
2024-11-09,2024/25,Southampton,Wolves,Away,0,0,2,H,0
2024-11-24,2024/25,Southampton,Liverpool,Home,5,2,3,A,0
2024-11-29,2024/25,Southampton,Brighton,Away,2,1,1,D,0
2024-12-04,2024/25,Southampton,Chelsea,Home,4,1,5,A,1
2024-12-07,2024/25,Southampton,Aston Villa,Away,0,0,1,H,0
2024-12-15,2024/25,Southampton,Tottenham,Home,3,0,5,A,0
2024-12-22,2024/25,Southampton,Fulham,Away,1,0,0,D,0
2024-12-26,2024/25,Southampton,West Ham,Home,5,0,1,A,0
2024-12-29,2024/25,Southampton,Crystal Palace,Away,3,1,2,H,0
2025-01-04,2024/25,Southampton,Brentford,Home,1,0,5,A,0
2025-01-16,2024/25,Southampton,Man United,Away,5,1,3,H,0
2025-01-19,2024/25,Southampton,Nott'm Forest,Away,4,2,3,H,0
2025-01-25,2024/25,Southampton,Newcastle,Home,5,1,3,A,0
2025-02-01,2024/25,Southampton,Ipswich,Away,4,2,1,A,0
2025-02-15,2024/25,Southampton,Bournemouth,Home,4,1,3,A,0
2025-02-22,2024/25,Southampton,Brighton,Home,1,0,4,A,0
2025-02-25,2024/25,Southampton,Chelsea,Away,2,0,4,H,0
2025-03-08,2024/25,Southampton,Liverpool,Away,4,1,3,H,0
2025-03-15,2024/25,Southampton,Wolves,Home,3,1,2,A,0
2025-04-02,2024/25,Southampton,Crystal Palace,Home,2,1,1,D,0
2025-04-06,2024/25,Southampton,Tottenham,Away,4,1,3,H,0
2025-04-12,2024/25,Southampton,Aston Villa,Home,2,0,3,A,0
2025-04-19,2024/25,Southampton,West Ham,Away,4,1,1,D,0
2025-04-26,2024/25,Southampton,Fulham,Home,3,1,2,A,0
2025-05-03,2024/25,Southampton,Leicester,Away,2,0,2,H,0
2008-08-16,2008/09,Stoke,Bolton,Away,2,1,3,H,0
2008-08-23,2008/09,Stoke,Aston Villa,Home,2,3,2,H,0
2008-08-30,2008/09,Stoke,Middlesbrough,Away,2,1,2,H,1
2008-09-14,2008/09,Stoke,Everton,Home,7,2,3,A,0
2008-09-20,2008/09,Stoke,Liverpool,Away,2,0,0,D,0
2008-09-27,2008/09,Stoke,Chelsea,Home,2,0,2,A,0
2008-10-05,2008/09,Stoke,Portsmouth,Away,5,1,2,H,0
2008-10-19,2008/09,Stoke,Tottenham,Home,3,2,1,H,0
2008-10-26,2008/09,Stoke,Man City,Away,6,0,3,H,0
2008-10-29,2008/09,Stoke,Sunderland,Home,6,1,0,H,0
2008-11-01,2008/09,Stoke,Arsenal,Home,5,2,1,H,0
2008-11-08,2008/09,Stoke,Wigan,Away,1,0,0,D,0
2008-11-15,2008/09,Stoke,Man United,Away,1,0,5,H,0
2008-11-22,2008/09,Stoke,West Brom,Home,7,1,0,H,0
2008-11-29,2008/09,Stoke,Hull,Home,5,1,1,D,0
2008-12-06,2008/09,Stoke,Newcastle,Away,4,2,2,D,0
2008-12-13,2008/09,Stoke,Fulham,Home,2,0,0,D,0
2008-12-20,2008/09,Stoke,Blackburn,Away,4,0,3,H,0
2008-12-26,2008/09,Stoke,Man United,Home,3,0,1,A,1
2008-12-28,2008/09,Stoke,West Ham,Away,5,1,2,H,1
2009-01-10,2008/09,Stoke,Liverpool,Home,0,0,0,D,0
2009-01-17,2008/09,Stoke,Chelsea,Away,1,1,2,H,0
2009-01-27,2008/09,Stoke,Tottenham,Away,3,1,3,H,0
2009-01-31,2008/09,Stoke,Man City,Home,4,1,0,H,1
2009-02-07,2008/09,Stoke,Sunderland,Away,1,0,2,H,1
2009-02-21,2008/09,Stoke,Portsmouth,Home,2,2,2,D,0
2009-03-01,2008/09,Stoke,Aston Villa,Away,3,2,2,D,0
2009-03-04,2008/09,Stoke,Bolton,Home,6,2,0,H,0
2009-03-14,2008/09,Stoke,Everton,Away,5,1,3,H,0
2009-03-21,2008/09,Stoke,Middlesbrough,Home,4,1,0,H,0
2009-04-04,2008/09,Stoke,West Brom,Away,6,2,0,A,0
2009-04-11,2008/09,Stoke,Newcastle,Home,6,1,1,D,0
2009-04-18,2008/09,Stoke,Blackburn,Home,2,1,0,H,0
2009-04-25,2008/09,Stoke,Fulham,Away,2,0,1,H,0
2009-05-02,2008/09,Stoke,West Ham,Home,7,0,1,A,0
2009-05-09,2008/09,Stoke,Hull,Away,2,2,1,A,0
2009-05-16,2008/09,Stoke,Wigan,Home,8,2,0,H,0
2009-05-24,2008/09,Stoke,Arsenal,Away,1,1,4,H,0
2009-08-15,2009/10,Stoke,Burnley,Home,5,2,0,H,0
2009-08-19,2009/10,Stoke,Liverpool,Away,3,0,4,H,0
2009-08-22,2009/10,Stoke,Birmingham,Away,3,0,0,D,0
2009-08-29,2009/10,Stoke,Sunderland,Home,7,1,0,H,0
2009-09-12,2009/10,Stoke,Chelsea,Home,2,1,2,A,0
2009-09-19,2009/10,Stoke,Bolton,Away,6,1,1,D,0
2009-09-26,2009/10,Stoke,Man United,Home,1,0,2,A,0
2009-10-04,2009/10,Stoke,Everton,Away,6,1,1,D,0
2009-10-17,2009/10,Stoke,West Ham,Home,4,2,1,H,0
2009-10-24,2009/10,Stoke,Tottenham,Away,2,1,0,A,0
2009-10-31,2009/10,Stoke,Wolves,Home,5,2,2,D,0
2009-11-08,2009/10,Stoke,Hull,Away,4,1,2,H,1
2009-11-22,2009/10,Stoke,Portsmouth,Home,3,1,0,H,0
2009-11-28,2009/10,Stoke,Blackburn,Away,4,0,0,D,0
2009-12-05,2009/10,Stoke,Arsenal,Away,4,0,2,H,0
2009-12-12,2009/10,Stoke,Wigan,Home,5,2,2,D,0
2009-12-19,2009/10,Stoke,Aston Villa,Away,5,0,1,H,0
2009-12-26,2009/10,Stoke,Man City,Away,3,0,2,H,0
2009-12-28,2009/10,Stoke,Birmingham,Home,6,0,1,A,0
2010-01-05,2009/10,Stoke,Fulham,Home,9,3,2,H,0
2010-01-16,2009/10,Stoke,Liverpool,Home,5,1,1,D,0
2010-02-01,2009/10,Stoke,Sunderland,Away,3,0,0,D,0
2010-02-06,2009/10,Stoke,Blackburn,Home,11,3,0,H,0
2010-02-09,2009/10,Stoke,Wigan,Away,6,1,1,D,0
2010-02-16,2009/10,Stoke,Man City,Home,5,1,1,D,1
2010-02-20,2009/10,Stoke,Portsmouth,Away,7,2,1,A,1
2010-02-27,2009/10,Stoke,Arsenal,Home,3,1,3,A,1
2010-03-10,2009/10,Stoke,Burnley,Away,3,1,1,D,0
2010-03-13,2009/10,Stoke,Aston Villa,Home,6,0,0,D,0
2010-03-20,2009/10,Stoke,Tottenham,Home,4,1,2,A,1
2010-03-27,2009/10,Stoke,West Ham,Away,7,1,0,A,0
2010-04-03,2009/10,Stoke,Hull,Home,3,2,0,H,0
2010-04-11,2009/10,Stoke,Wolves,Away,1,0,0,D,0
2010-04-17,2009/10,Stoke,Bolton,Home,5,1,2,A,0
2010-04-25,2009/10,Stoke,Chelsea,Away,2,0,7,H,0
2010-05-01,2009/10,Stoke,Everton,Home,6,0,0,D,0
2010-05-05,2009/10,Stoke,Fulham,Away,2,1,0,A,0
2010-05-09,2009/10,Stoke,Man United,Away,4,0,4,H,0
2010-08-14,2010/11,Stoke,Wolves,Away,6,1,2,H,0
2010-08-21,2010/11,Stoke,Tottenham,Home,10,1,2,A,0
2010-08-28,2010/11,Stoke,Chelsea,Away,3,0,2,H,0
2010-09-13,2010/11,Stoke,Aston Villa,Home,12,2,1,H,0
2010-09-18,2010/11,Stoke,West Ham,Home,3,1,1,D,0
2010-09-26,2010/11,Stoke,Newcastle,Away,2,2,1,A,0
2010-10-02,2010/11,Stoke,Blackburn,Home,11,1,0,H,0
2010-10-16,2010/11,Stoke,Bolton,Away,3,1,2,H,0
2010-10-24,2010/11,Stoke,Man United,Home,2,1,2,A,0
2010-10-30,2010/11,Stoke,Everton,Away,1,0,1,H,0
2010-11-06,2010/11,Stoke,Sunderland,Away,5,0,2,H,0
2010-11-09,2010/11,Stoke,Birmingham,Home,12,3,2,H,0
2010-11-13,2010/11,Stoke,Liverpool,Home,7,2,0,H,0
2010-11-20,2010/11,Stoke,West Brom,Away,4,3,0,A,0
2010-11-27,2010/11,Stoke,Man City,Home,9,1,1,D,0
2010-12-04,2010/11,Stoke,Wigan,Away,7,2,2,D,0
2010-12-11,2010/11,Stoke,Blackpool,Home,5,0,1,A,0
2010-12-26,2010/11,Stoke,Blackburn,Away,9,2,0,A,0
2010-12-28,2010/11,Stoke,Fulham,Home,8,0,2,A,0
2011-01-01,2010/11,Stoke,Everton,Home,3,2,0,H,0
2011-01-04,2010/11,Stoke,Man United,Away,1,1,2,H,0
2011-01-15,2010/11,Stoke,Bolton,Home,5,2,0,H,0
2011-01-22,2010/11,Stoke,Fulham,Away,1,0,2,H,1
2011-02-02,2010/11,Stoke,Liverpool,Away,1,0,2,H,0
2011-02-05,2010/11,Stoke,Sunderland,Home,9,3,2,H,0
2011-02-12,2010/11,Stoke,Birmingham,Away,5,0,1,H,0
2011-02-23,2010/11,Stoke,Arsenal,Away,4,0,1,H,0
2011-02-28,2010/11,Stoke,West Brom,Home,3,1,1,D,0
2011-03-05,2010/11,Stoke,West Ham,Away,5,0,3,H,0
2011-03-19,2010/11,Stoke,Newcastle,Home,6,4,0,H,0
2011-04-02,2010/11,Stoke,Chelsea,Home,6,1,1,D,0
2011-04-09,2010/11,Stoke,Tottenham,Away,5,2,3,H,0
2011-04-23,2010/11,Stoke,Aston Villa,Away,3,1,1,D,0
2011-04-26,2010/11,Stoke,Wolves,Home,8,3,0,H,0
2011-04-30,2010/11,Stoke,Blackpool,Away,6,0,0,D,0
2011-05-08,2010/11,Stoke,Arsenal,Home,7,3,1,H,0
2011-05-17,2010/11,Stoke,Man City,Away,2,0,3,H,0
2011-05-22,2010/11,Stoke,Wigan,Home,5,0,1,A,0
2011-08-14,2011/12,Stoke,Chelsea,Home,3,0,0,D,0
2011-08-21,2011/12,Stoke,Norwich,Away,5,1,1,D,0
2011-08-28,2011/12,Stoke,West Brom,Away,1,1,0,A,0
2011-09-10,2011/12,Stoke,Liverpool,Home,1,1,0,H,0
2011-09-18,2011/12,Stoke,Sunderland,Away,5,0,4,H,0
2011-09-24,2011/12,Stoke,Man United,Home,8,1,1,D,0
2011-10-02,2011/12,Stoke,Swansea,Away,6,0,2,H,0
2011-10-15,2011/12,Stoke,Fulham,Home,6,2,0,H,0
2011-10-23,2011/12,Stoke,Arsenal,Away,2,1,3,H,0
2011-10-31,2011/12,Stoke,Newcastle,Home,4,1,3,A,0
2011-11-06,2011/12,Stoke,Bolton,Away,6,0,5,H,0
2011-11-19,2011/12,Stoke,QPR,Home,7,2,3,A,0
2011-11-26,2011/12,Stoke,Blackburn,Home,5,3,1,H,0
2011-12-04,2011/12,Stoke,Everton,Away,4,1,0,A,0
2011-12-11,2011/12,Stoke,Tottenham,Home,7,2,1,H,0
2011-12-17,2011/12,Stoke,Wolves,Away,4,2,1,A,0
2011-12-21,2011/12,Stoke,Man City,Away,0,0,3,H,0
2011-12-26,2011/12,Stoke,Aston Villa,Home,2,0,0,D,0
2011-12-31,2011/12,Stoke,Wigan,Home,3,2,2,D,0
2012-01-02,2011/12,Stoke,Blackburn,Away,3,2,1,A,0
2012-01-14,2011/12,Stoke,Liverpool,Away,1,0,0,D,0
2012-01-21,2011/12,Stoke,West Brom,Home,3,1,2,A,0
2012-01-31,2011/12,Stoke,Man United,Away,3,0,2,H,0
2012-02-04,2011/12,Stoke,Sunderland,Home,6,0,1,A,1
2012-02-11,2011/12,Stoke,Fulham,Away,4,1,2,H,0
2012-02-26,2011/12,Stoke,Swansea,Home,6,2,0,H,0
2012-03-03,2011/12,Stoke,Norwich,Home,7,1,0,H,0
2012-03-10,2011/12,Stoke,Chelsea,Away,3,0,1,H,1
2012-03-21,2011/12,Stoke,Tottenham,Away,2,1,1,D,0
2012-03-24,2011/12,Stoke,Man City,Home,3,1,1,D,0
2012-03-31,2011/12,Stoke,Wigan,Away,2,0,2,H,0
2012-04-07,2011/12,Stoke,Wolves,Home,6,2,1,H,0
2012-04-09,2011/12,Stoke,Aston Villa,Away,3,1,1,D,0
2012-04-21,2011/12,Stoke,Newcastle,Away,2,0,3,H,0
2012-04-28,2011/12,Stoke,Arsenal,Home,4,1,1,D,0
2012-05-01,2011/12,Stoke,Everton,Home,5,1,1,D,0
2012-05-06,2011/12,Stoke,QPR,Away,1,0,1,H,0
2012-05-13,2011/12,Stoke,Bolton,Home,8,2,2,D,0
2012-08-18,2012/13,Stoke,Reading,Away,3,1,1,D,1
2012-08-26,2012/13,Stoke,Arsenal,Home,4,0,0,D,0
2012-09-01,2012/13,Stoke,Wigan,Away,8,2,2,D,0
2012-09-15,2012/13,Stoke,Man City,Home,3,1,1,D,0
2012-09-22,2012/13,Stoke,Chelsea,Away,6,0,1,H,0
2012-09-29,2012/13,Stoke,Swansea,Home,5,2,0,H,0
2012-10-07,2012/13,Stoke,Liverpool,Away,3,0,0,D,0
2012-10-20,2012/13,Stoke,Man United,Away,6,2,4,H,0
2012-10-27,2012/13,Stoke,Sunderland,Home,6,0,0,D,0
2012-11-03,2012/13,Stoke,Norwich,Away,3,0,1,H,0
2012-11-10,2012/13,Stoke,QPR,Home,5,1,0,H,0
2012-11-19,2012/13,Stoke,West Ham,Away,6,1,1,D,0
2012-11-24,2012/13,Stoke,Fulham,Home,3,1,0,H,0
2012-11-28,2012/13,Stoke,Newcastle,Home,5,2,1,H,0
2012-12-01,2012/13,Stoke,West Brom,Away,4,1,0,A,0
2012-12-08,2012/13,Stoke,Aston Villa,Away,0,0,0,D,1
2012-12-15,2012/13,Stoke,Everton,Home,8,1,1,D,0
2012-12-22,2012/13,Stoke,Tottenham,Away,2,0,0,D,0
2012-12-26,2012/13,Stoke,Liverpool,Home,6,3,1,H,0
2012-12-29,2012/13,Stoke,Southampton,Home,8,3,3,D,1
2013-01-01,2012/13,Stoke,Man City,Away,3,0,3,H,0
2013-01-12,2012/13,Stoke,Chelsea,Home,5,0,4,A,0
2013-01-19,2012/13,Stoke,Swansea,Away,2,1,3,H,0
2013-01-29,2012/13,Stoke,Wigan,Home,4,2,2,D,0
2013-02-02,2012/13,Stoke,Arsenal,Away,2,0,1,H,0
2013-02-09,2012/13,Stoke,Reading,Home,10,2,1,H,0
2013-02-23,2012/13,Stoke,Fulham,Away,2,0,1,H,0
2013-03-02,2012/13,Stoke,West Ham,Home,2,0,1,A,0
2013-03-10,2012/13,Stoke,Newcastle,Away,4,1,2,H,0
2013-03-16,2012/13,Stoke,West Brom,Home,5,0,0,D,0
2013-03-30,2012/13,Stoke,Everton,Away,5,0,1,H,0
2013-04-06,2012/13,Stoke,Aston Villa,Home,2,1,3,A,0
2013-04-14,2012/13,Stoke,Man United,Home,4,0,2,A,0
2013-04-20,2012/13,Stoke,QPR,Away,4,2,0,A,0
2013-04-27,2012/13,Stoke,Norwich,Home,4,1,0,H,0
2013-05-06,2012/13,Stoke,Sunderland,Away,7,1,1,D,0
2013-05-12,2012/13,Stoke,Tottenham,Home,3,1,2,A,1
2013-05-19,2012/13,Stoke,Southampton,Away,3,1,1,D,0
2013-08-17,2013/14,Stoke,Liverpool,Away,4,0,1,H,0
2013-08-24,2013/14,Stoke,Crystal Palace,Home,5,2,1,H,0
2013-08-31,2013/14,Stoke,West Ham,Away,5,1,0,A,0
2013-09-14,2013/14,Stoke,Man City,Home,3,0,0,D,0
2013-09-22,2013/14,Stoke,Arsenal,Away,3,1,3,H,0
2013-09-29,2013/14,Stoke,Norwich,Home,1,0,1,A,0
2013-10-05,2013/14,Stoke,Fulham,Away,3,0,1,H,0
2013-10-19,2013/14,Stoke,West Brom,Home,3,0,0,D,0
2013-10-26,2013/14,Stoke,Man United,Away,5,2,3,H,0
2013-11-02,2013/14,Stoke,Southampton,Home,3,1,1,D,0
2013-11-10,2013/14,Stoke,Swansea,Away,3,3,3,D,0
2013-11-23,2013/14,Stoke,Sunderland,Home,5,2,0,H,0
2013-11-30,2013/14,Stoke,Everton,Away,3,0,4,H,0
2013-12-04,2013/14,Stoke,Cardiff,Home,2,0,0,D,0
2013-12-07,2013/14,Stoke,Chelsea,Home,3,3,2,H,0
2013-12-14,2013/14,Stoke,Hull,Away,2,0,0,D,0
2013-12-21,2013/14,Stoke,Aston Villa,Home,2,2,1,H,0
2013-12-26,2013/14,Stoke,Newcastle,Away,3,1,5,H,2
2013-12-29,2013/14,Stoke,Tottenham,Away,1,0,3,H,0
2014-01-01,2013/14,Stoke,Everton,Home,4,1,1,D,0
2014-01-12,2013/14,Stoke,Liverpool,Home,4,3,5,A,0
2014-01-18,2013/14,Stoke,Crystal Palace,Away,2,0,1,H,0
2014-01-29,2013/14,Stoke,Sunderland,Away,5,0,1,H,1
2014-02-01,2013/14,Stoke,Man United,Home,6,2,1,H,0
2014-02-08,2013/14,Stoke,Southampton,Away,4,2,2,D,0
2014-02-12,2013/14,Stoke,Swansea,Home,4,1,1,D,0
2014-02-22,2013/14,Stoke,Man City,Away,2,0,1,H,0
2014-03-01,2013/14,Stoke,Arsenal,Home,4,1,0,H,0
2014-03-08,2013/14,Stoke,Norwich,Away,3,1,1,D,1
2014-03-15,2013/14,Stoke,West Ham,Home,9,3,1,H,0
2014-03-23,2013/14,Stoke,Aston Villa,Away,5,4,1,A,0
2014-03-29,2013/14,Stoke,Hull,Home,3,1,0,H,0
2014-04-05,2013/14,Stoke,Chelsea,Away,2,0,3,H,0
2014-04-12,2013/14,Stoke,Newcastle,Home,3,1,0,H,0
2014-04-19,2013/14,Stoke,Cardiff,Away,5,1,1,D,0
2014-04-26,2013/14,Stoke,Tottenham,Home,3,0,1,A,1
2014-05-03,2013/14,Stoke,Fulham,Home,8,4,1,H,0
2014-05-11,2013/14,Stoke,West Brom,Away,4,2,1,A,0
2014-08-16,2014/15,Stoke,Aston Villa,Home,2,0,1,A,0
2014-08-24,2014/15,Stoke,Hull,Away,3,1,1,D,0
2014-08-30,2014/15,Stoke,Man City,Away,2,1,0,A,0
2014-09-13,2014/15,Stoke,Leicester,Home,4,0,1,A,0
2014-09-20,2014/15,Stoke,QPR,Away,4,2,2,D,0
2014-09-29,2014/15,Stoke,Newcastle,Home,3,1,0,H,0
2014-10-04,2014/15,Stoke,Sunderland,Away,5,1,3,H,0
2014-10-19,2014/15,Stoke,Swansea,Home,3,2,1,H,0
2014-10-25,2014/15,Stoke,Southampton,Away,1,0,1,H,0
2014-11-01,2014/15,Stoke,West Ham,Home,6,2,2,D,0
2014-11-09,2014/15,Stoke,Tottenham,Away,4,2,1,A,0
2014-11-22,2014/15,Stoke,Burnley,Home,4,1,2,A,0
2014-11-29,2014/15,Stoke,Liverpool,Away,4,0,1,H,0
2014-12-02,2014/15,Stoke,Man United,Away,4,1,2,H,0
2014-12-06,2014/15,Stoke,Arsenal,Home,4,3,2,H,0
2014-12-13,2014/15,Stoke,Crystal Palace,Away,3,1,1,D,0
2014-12-22,2014/15,Stoke,Chelsea,Home,2,0,2,A,0
2014-12-26,2014/15,Stoke,Everton,Away,2,1,0,A,0
2014-12-28,2014/15,Stoke,West Brom,Home,3,2,0,H,0
2015-01-01,2014/15,Stoke,Man United,Home,2,1,1,D,0
2015-01-11,2014/15,Stoke,Arsenal,Away,2,0,3,H,0
2015-01-17,2014/15,Stoke,Leicester,Away,3,1,0,A,0
2015-01-31,2014/15,Stoke,QPR,Home,3,3,1,H,0
2015-02-08,2014/15,Stoke,Newcastle,Away,3,1,1,D,0
2015-02-11,2014/15,Stoke,Man City,Home,5,1,4,A,0
2015-02-21,2014/15,Stoke,Aston Villa,Away,6,2,1,A,0
2015-02-28,2014/15,Stoke,Hull,Home,2,1,0,H,0
2015-03-04,2014/15,Stoke,Everton,Home,3,2,0,H,0
2015-03-14,2014/15,Stoke,West Brom,Away,2,0,1,H,0
2015-03-21,2014/15,Stoke,Crystal Palace,Home,4,1,2,A,0
2015-04-04,2014/15,Stoke,Chelsea,Away,2,1,2,H,0
2015-04-11,2014/15,Stoke,West Ham,Away,2,1,1,D,0
2015-04-18,2014/15,Stoke,Southampton,Home,2,2,1,H,0
2015-04-25,2014/15,Stoke,Sunderland,Home,8,1,1,D,0
2015-05-02,2014/15,Stoke,Swansea,Away,3,0,2,H,1
2015-05-09,2014/15,Stoke,Tottenham,Home,9,3,0,H,0
2015-05-16,2014/15,Stoke,Burnley,Away,3,0,0,D,0
2015-05-24,2014/15,Stoke,Liverpool,Home,9,6,1,H,0
2015-08-09,2015/16,Stoke,Liverpool,Home,1,0,1,A,0
2015-08-15,2015/16,Stoke,Tottenham,Away,7,2,2,D,0
2015-08-22,2015/16,Stoke,Norwich,Away,1,1,1,D,0
2015-08-29,2015/16,Stoke,West Brom,Home,5,0,1,A,2
2015-09-12,2015/16,Stoke,Arsenal,Away,4,0,2,H,0
2015-09-19,2015/16,Stoke,Leicester,Home,4,2,2,D,0
2015-09-26,2015/16,Stoke,Bournemouth,Home,5,2,1,H,0
2015-10-03,2015/16,Stoke,Aston Villa,Away,5,1,0,A,0
2015-10-19,2015/16,Stoke,Swansea,Away,2,1,0,A,0
2015-10-24,2015/16,Stoke,Watford,Home,1,0,2,A,0
2015-10-31,2015/16,Stoke,Newcastle,Away,2,0,0,D,0
2015-11-07,2015/16,Stoke,Chelsea,Home,2,1,0,H,0
2015-11-21,2015/16,Stoke,Southampton,Away,4,1,0,A,0
2015-11-28,2015/16,Stoke,Sunderland,Away,3,0,2,H,1
2015-12-05,2015/16,Stoke,Man City,Home,4,2,0,H,0
2015-12-12,2015/16,Stoke,West Ham,Away,3,0,0,D,0
2015-12-19,2015/16,Stoke,Crystal Palace,Home,5,1,2,A,0
2015-12-26,2015/16,Stoke,Man United,Home,3,2,0,H,0
2015-12-28,2015/16,Stoke,Everton,Away,5,4,3,A,0
2016-01-02,2015/16,Stoke,West Brom,Away,3,1,2,H,1
2016-01-13,2015/16,Stoke,Norwich,Home,4,3,1,H,0
2016-01-17,2015/16,Stoke,Arsenal,Home,6,0,0,D,0
2016-01-23,2015/16,Stoke,Leicester,Away,2,0,3,H,0
2016-02-02,2015/16,Stoke,Man United,Away,0,0,3,H,0
2016-02-06,2015/16,Stoke,Everton,Home,3,0,3,A,0
2016-02-13,2015/16,Stoke,Bournemouth,Away,6,3,1,A,0
2016-02-27,2015/16,Stoke,Aston Villa,Home,3,2,1,H,0
2016-03-02,2015/16,Stoke,Newcastle,Home,2,1,0,H,0
2016-03-05,2015/16,Stoke,Chelsea,Away,5,1,1,D,0
2016-03-12,2015/16,Stoke,Southampton,Home,2,1,2,A,0
2016-03-19,2015/16,Stoke,Watford,Away,6,2,1,A,0
2016-04-02,2015/16,Stoke,Swansea,Home,5,2,2,D,0
2016-04-10,2015/16,Stoke,Liverpool,Away,3,1,4,H,0
2016-04-18,2015/16,Stoke,Tottenham,Home,2,0,4,A,0
2016-04-23,2015/16,Stoke,Man City,Away,2,0,4,H,0
2016-04-30,2015/16,Stoke,Sunderland,Home,3,1,1,D,0
2016-05-07,2015/16,Stoke,Crystal Palace,Away,3,1,2,H,0
2016-05-15,2015/16,Stoke,West Ham,Home,4,2,1,H,0
2016-08-13,2016/17,Stoke,Middlesbrough,Away,1,1,1,D,0
2016-08-20,2016/17,Stoke,Man City,Home,3,1,4,A,0
2016-08-27,2016/17,Stoke,Everton,Away,1,0,1,H,0
2016-09-10,2016/17,Stoke,Tottenham,Home,2,0,4,A,0
2016-09-18,2016/17,Stoke,Crystal Palace,Away,4,1,4,H,0
2016-09-24,2016/17,Stoke,West Brom,Home,2,1,1,D,0
2016-10-02,2016/17,Stoke,Man United,Away,6,1,1,D,0
2016-10-15,2016/17,Stoke,Sunderland,Home,6,2,0,H,0
2016-10-22,2016/17,Stoke,Hull,Away,6,2,0,A,0
2016-10-31,2016/17,Stoke,Swansea,Home,4,3,1,H,0
2016-11-05,2016/17,Stoke,West Ham,Away,4,1,1,D,0
2016-11-19,2016/17,Stoke,Bournemouth,Home,6,0,1,A,0
2016-11-27,2016/17,Stoke,Watford,Away,1,1,0,A,0
2016-12-03,2016/17,Stoke,Burnley,Home,4,2,0,H,0
2016-12-10,2016/17,Stoke,Arsenal,Away,5,1,3,H,0
2016-12-14,2016/17,Stoke,Southampton,Home,3,0,0,D,1
2016-12-17,2016/17,Stoke,Leicester,Home,7,2,2,D,0
2016-12-27,2016/17,Stoke,Liverpool,Away,2,1,4,H,0
2016-12-31,2016/17,Stoke,Chelsea,Away,2,2,4,H,0
2017-01-03,2016/17,Stoke,Watford,Home,5,2,0,H,0
2017-01-14,2016/17,Stoke,Sunderland,Away,6,3,1,A,0
2017-01-21,2016/17,Stoke,Man United,Home,1,1,1,D,0
2017-02-01,2016/17,Stoke,Everton,Home,7,1,1,D,0
2017-02-04,2016/17,Stoke,West Brom,Away,2,0,1,H,0
2017-02-11,2016/17,Stoke,Crystal Palace,Home,4,1,0,H,0
2017-02-26,2016/17,Stoke,Tottenham,Away,3,0,4,H,0
2017-03-04,2016/17,Stoke,Middlesbrough,Home,8,2,0,H,0
2017-03-08,2016/17,Stoke,Man City,Away,2,0,0,D,0
2017-03-18,2016/17,Stoke,Chelsea,Home,1,1,2,A,1
2017-04-01,2016/17,Stoke,Leicester,Away,2,0,2,H,0
2017-04-04,2016/17,Stoke,Burnley,Away,2,0,1,H,0
2017-04-08,2016/17,Stoke,Liverpool,Home,4,1,2,A,0
2017-04-15,2016/17,Stoke,Hull,Home,4,3,1,H,0
2017-04-22,2016/17,Stoke,Swansea,Away,3,0,2,H,0
2017-04-29,2016/17,Stoke,West Ham,Home,4,0,0,D,0
2017-05-06,2016/17,Stoke,Bournemouth,Away,3,2,2,D,0
2017-05-13,2016/17,Stoke,Arsenal,Home,4,1,4,A,0
2017-05-21,2016/17,Stoke,Southampton,Away,3,1,0,A,0
2017-08-12,2017/18,Stoke,Everton,Away,1,0,1,H,0
2017-08-19,2017/18,Stoke,Arsenal,Home,4,1,0,H,0
2017-08-27,2017/18,Stoke,West Brom,Away,2,1,1,D,0
2017-09-09,2017/18,Stoke,Man United,Home,5,2,2,D,0
2017-09-16,2017/18,Stoke,Newcastle,Away,4,1,2,H,0
2017-09-23,2017/18,Stoke,Chelsea,Home,2,0,4,A,0
2017-09-30,2017/18,Stoke,Southampton,Home,6,2,1,H,0
2017-10-14,2017/18,Stoke,Man City,Away,1,2,7,H,0
2017-10-21,2017/18,Stoke,Bournemouth,Home,2,1,2,A,0
2017-10-28,2017/18,Stoke,Watford,Away,2,1,0,A,0
2017-11-04,2017/18,Stoke,Leicester,Home,7,2,2,D,0
2017-11-20,2017/18,Stoke,Brighton,Away,6,2,2,D,0
2017-11-25,2017/18,Stoke,Crystal Palace,Away,3,1,2,H,0
2017-11-29,2017/18,Stoke,Liverpool,Home,1,0,3,A,0
2017-12-02,2017/18,Stoke,Swansea,Home,3,2,1,H,0
2017-12-09,2017/18,Stoke,Tottenham,Away,3,1,5,H,0
2017-12-12,2017/18,Stoke,Burnley,Away,7,0,1,H,0
2017-12-16,2017/18,Stoke,West Ham,Home,0,0,3,A,0
2017-12-23,2017/18,Stoke,West Brom,Home,5,3,1,H,0
2017-12-26,2017/18,Stoke,Huddersfield,Away,7,1,1,D,0
2017-12-30,2017/18,Stoke,Chelsea,Away,1,0,5,H,0
2018-01-01,2017/18,Stoke,Newcastle,Home,4,0,1,A,0
2018-01-15,2017/18,Stoke,Man United,Away,5,0,3,H,0
2018-01-20,2017/18,Stoke,Huddersfield,Home,6,2,0,H,0
2018-01-31,2017/18,Stoke,Watford,Home,4,0,0,D,0
2018-02-03,2017/18,Stoke,Bournemouth,Away,4,1,2,H,0
2018-02-10,2017/18,Stoke,Brighton,Home,3,1,1,D,0
2018-02-24,2017/18,Stoke,Leicester,Away,2,1,1,D,0
2018-03-03,2017/18,Stoke,Southampton,Away,3,0,0,D,0
2018-03-12,2017/18,Stoke,Man City,Home,0,0,2,A,0
2018-03-17,2017/18,Stoke,Everton,Home,4,1,2,A,1
2018-04-01,2017/18,Stoke,Arsenal,Away,2,0,3,H,0
2018-04-07,2017/18,Stoke,Tottenham,Home,4,1,2,A,0
2018-04-16,2017/18,Stoke,West Ham,Away,7,1,1,D,0
2018-04-22,2017/18,Stoke,Burnley,Home,3,1,1,D,0
2018-04-28,2017/18,Stoke,Liverpool,Away,1,0,0,D,0
2018-05-05,2017/18,Stoke,Crystal Palace,Home,2,1,2,A,0
2018-05-13,2017/18,Stoke,Swansea,Away,5,2,1,A,0
2000-08-19,2000/01,Sunderland,Arsenal,Home,2,1,0,H,0
2000-08-23,2000/01,Sunderland,Man City,Away,4,2,4,H,0
2000-08-26,2000/01,Sunderland,Ipswich,Away,3,0,1,H,0
2000-09-05,2000/01,Sunderland,West Ham,Home,7,1,1,D,0
2000-09-09,2000/01,Sunderland,Man United,Away,1,0,3,H,0
2000-09-16,2000/01,Sunderland,Derby,Home,8,2,1,H,0
2000-09-23,2000/01,Sunderland,Liverpool,Away,3,1,1,D,0
2000-10-01,2000/01,Sunderland,Leicester,Home,5,0,0,D,0
2000-10-14,2000/01,Sunderland,Chelsea,Home,11,1,0,H,1
2000-10-22,2000/01,Sunderland,Aston Villa,Away,3,0,0,D,0
2000-10-28,2000/01,Sunderland,Coventry,Home,7,1,0,H,0
2000-11-04,2000/01,Sunderland,Tottenham,Away,3,1,2,H,0
2000-11-11,2000/01,Sunderland,Southampton,Home,5,2,2,D,0
2000-11-18,2000/01,Sunderland,Newcastle,Away,6,2,1,A,0
2000-11-25,2000/01,Sunderland,Charlton,Away,3,1,0,A,0
2000-12-04,2000/01,Sunderland,Everton,Home,11,2,0,H,0
2000-12-09,2000/01,Sunderland,Middlesbrough,Home,5,1,0,H,0
2000-12-16,2000/01,Sunderland,Leeds,Away,6,0,2,H,0
2000-12-23,2000/01,Sunderland,Man City,Home,5,1,0,H,0
2000-12-26,2000/01,Sunderland,Bradford,Away,11,4,1,A,0
2000-12-30,2000/01,Sunderland,Arsenal,Away,7,2,2,D,0
2001-01-01,2000/01,Sunderland,Ipswich,Home,9,4,1,H,0
2001-01-13,2000/01,Sunderland,West Ham,Away,5,2,0,A,0
2001-01-21,2000/01,Sunderland,Bradford,Home,6,0,0,D,0
2001-01-31,2000/01,Sunderland,Man United,Home,2,0,1,A,2
2001-02-03,2000/01,Sunderland,Derby,Away,5,0,1,H,0
2001-02-10,2000/01,Sunderland,Liverpool,Home,6,1,1,D,0
2001-02-24,2000/01,Sunderland,Leicester,Away,3,0,2,H,1
2001-03-05,2000/01,Sunderland,Aston Villa,Home,12,1,1,D,0
2001-03-17,2000/01,Sunderland,Chelsea,Away,7,4,2,A,0
2001-03-31,2000/01,Sunderland,Leeds,Home,8,0,2,A,0
2001-04-09,2000/01,Sunderland,Middlesbrough,Away,4,0,0,D,0
2001-04-14,2000/01,Sunderland,Tottenham,Home,4,2,3,A,0
2001-04-16,2000/01,Sunderland,Coventry,Away,3,0,1,H,0
2001-04-21,2000/01,Sunderland,Newcastle,Home,10,1,1,D,0
2001-04-28,2000/01,Sunderland,Southampton,Away,3,1,0,A,0
2001-05-05,2000/01,Sunderland,Charlton,Home,11,3,2,H,0
2001-05-19,2000/01,Sunderland,Everton,Away,4,2,2,D,1
2001-08-18,2001/02,Sunderland,Ipswich,Home,6,1,0,H,0
2001-08-22,2001/02,Sunderland,Fulham,Away,3,0,2,H,0
2001-08-26,2001/02,Sunderland,Newcastle,Away,3,1,1,D,0
2001-09-08,2001/02,Sunderland,Blackburn,Home,4,1,0,H,0
2001-09-16,2001/02,Sunderland,Aston Villa,Away,2,0,0,D,0
2001-09-19,2001/02,Sunderland,Tottenham,Home,8,1,2,A,0
2001-09-22,2001/02,Sunderland,Charlton,Home,13,2,2,D,0
2001-09-29,2001/02,Sunderland,Bolton,Away,7,2,0,A,0
2001-10-13,2001/02,Sunderland,Man United,Home,7,1,3,A,0
2001-10-22,2001/02,Sunderland,Middlesbrough,Away,5,0,2,H,0
2001-10-27,2001/02,Sunderland,Arsenal,Home,6,1,1,D,0
2001-11-03,2001/02,Sunderland,Leicester,Away,4,0,1,H,0
2001-11-18,2001/02,Sunderland,Leeds,Home,5,2,0,H,0
2001-11-25,2001/02,Sunderland,Liverpool,Away,5,0,1,H,0
2001-12-01,2001/02,Sunderland,West Ham,Home,6,1,0,H,0
2001-12-09,2001/02,Sunderland,Chelsea,Home,6,0,0,D,0
2001-12-15,2001/02,Sunderland,Southampton,Away,3,0,2,H,0
2001-12-22,2001/02,Sunderland,Everton,Home,5,1,0,H,0
2001-12-26,2001/02,Sunderland,Blackburn,Away,7,3,0,A,0
2001-12-29,2001/02,Sunderland,Ipswich,Away,3,0,5,H,0
2002-01-01,2001/02,Sunderland,Aston Villa,Home,11,1,1,D,0
2002-01-12,2001/02,Sunderland,Everton,Away,1,0,1,H,0
2002-01-19,2001/02,Sunderland,Fulham,Home,8,1,1,D,0
2002-01-29,2001/02,Sunderland,Middlesbrough,Home,8,0,1,A,0
2002-02-02,2001/02,Sunderland,Man United,Away,3,1,4,H,0
2002-02-09,2001/02,Sunderland,Derby,Away,4,1,0,A,0
2002-02-24,2001/02,Sunderland,Newcastle,Home,4,0,1,A,0
2002-03-02,2001/02,Sunderland,Tottenham,Away,2,1,2,H,0
2002-03-05,2001/02,Sunderland,Bolton,Home,4,1,0,H,0
2002-03-16,2001/02,Sunderland,Chelsea,Away,3,0,4,H,0
2002-03-23,2001/02,Sunderland,Southampton,Home,7,1,1,D,0
2002-03-30,2001/02,Sunderland,Arsenal,Away,5,0,3,H,0
2002-04-01,2001/02,Sunderland,Leicester,Home,9,2,1,H,0
2002-04-07,2001/02,Sunderland,Leeds,Away,0,0,2,H,0
2002-04-13,2001/02,Sunderland,Liverpool,Home,5,0,1,A,1
2002-04-20,2001/02,Sunderland,West Ham,Away,5,0,3,H,0
2002-04-27,2001/02,Sunderland,Charlton,Away,3,2,2,D,0
2002-05-11,2001/02,Sunderland,Derby,Home,12,1,1,D,0
2002-08-17,2002/03,Sunderland,Blackburn,Away,3,0,0,D,0
2002-08-24,2002/03,Sunderland,Everton,Home,3,0,1,A,0
2002-08-28,2002/03,Sunderland,Leeds,Away,4,1,0,A,0
2002-08-31,2002/03,Sunderland,Man United,Home,5,1,1,D,0
2002-09-10,2002/03,Sunderland,Middlesbrough,Away,6,0,3,H,0
2002-09-14,2002/03,Sunderland,Fulham,Home,5,0,3,A,0
2002-09-21,2002/03,Sunderland,Newcastle,Away,4,0,2,H,0
2002-09-28,2002/03,Sunderland,Aston Villa,Home,6,1,0,H,0
2002-10-06,2002/03,Sunderland,Arsenal,Away,2,1,3,H,0
2002-10-19,2002/03,Sunderland,West Ham,Home,2,0,1,A,0
2002-10-28,2002/03,Sunderland,Bolton,Away,4,1,1,D,0
2002-11-03,2002/03,Sunderland,Charlton,Away,7,1,1,D,0
2002-11-10,2002/03,Sunderland,Tottenham,Home,5,2,0,H,0
2002-11-17,2002/03,Sunderland,Liverpool,Away,0,0,0,D,0
2002-11-23,2002/03,Sunderland,Birmingham,Home,2,0,1,A,0
2002-11-30,2002/03,Sunderland,Chelsea,Away,0,0,3,H,0
2002-12-09,2002/03,Sunderland,Man City,Home,6,0,3,A,0
2002-12-15,2002/03,Sunderland,Liverpool,Home,3,2,1,H,0
2002-12-21,2002/03,Sunderland,West Brom,Away,7,2,2,D,0
2002-12-26,2002/03,Sunderland,Leeds,Home,6,1,2,A,0
2002-12-28,2002/03,Sunderland,Southampton,Away,1,1,2,H,0
2003-01-01,2002/03,Sunderland,Man United,Away,1,1,2,H,0
2003-01-11,2002/03,Sunderland,Blackburn,Home,4,0,0,D,0
2003-01-18,2002/03,Sunderland,Everton,Away,5,1,2,H,0
2003-01-28,2002/03,Sunderland,Southampton,Home,4,0,1,A,0
2003-02-01,2002/03,Sunderland,Charlton,Home,5,1,3,A,0
2003-02-08,2002/03,Sunderland,Tottenham,Away,6,1,4,H,0
2003-02-22,2002/03,Sunderland,Middlesbrough,Home,4,1,3,A,0
2003-03-01,2002/03,Sunderland,Fulham,Away,6,0,1,H,0
2003-03-15,2002/03,Sunderland,Bolton,Home,7,0,2,A,0
2003-03-22,2002/03,Sunderland,West Ham,Away,2,0,2,H,0
2003-04-05,2002/03,Sunderland,Chelsea,Home,4,1,2,A,0
2003-04-12,2002/03,Sunderland,Birmingham,Away,0,0,2,H,1
2003-04-19,2002/03,Sunderland,West Brom,Home,13,1,2,A,0
2003-04-21,2002/03,Sunderland,Man City,Away,3,0,3,H,0
2003-04-26,2002/03,Sunderland,Newcastle,Home,8,0,1,A,0
2003-05-03,2002/03,Sunderland,Aston Villa,Away,7,0,1,H,0
2003-05-11,2002/03,Sunderland,Arsenal,Home,3,0,4,A,0
2005-08-13,2005/06,Sunderland,Charlton,Home,8,1,3,A,0
2005-08-20,2005/06,Sunderland,Liverpool,Away,0,0,1,H,1
2005-08-23,2005/06,Sunderland,Man City,Home,10,1,2,A,0
2005-08-27,2005/06,Sunderland,Wigan,Away,7,0,1,H,0
2005-09-10,2005/06,Sunderland,Chelsea,Away,2,0,2,H,0
2005-09-17,2005/06,Sunderland,West Brom,Home,6,1,1,D,0
2005-09-25,2005/06,Sunderland,Middlesbrough,Away,2,2,0,A,0
2005-10-01,2005/06,Sunderland,West Ham,Home,8,1,1,D,0
2005-10-15,2005/06,Sunderland,Man United,Home,6,1,3,A,0
2005-10-23,2005/06,Sunderland,Newcastle,Away,5,2,3,H,0
2005-10-29,2005/06,Sunderland,Portsmouth,Home,2,1,4,A,0
2005-11-05,2005/06,Sunderland,Arsenal,Away,1,1,3,H,0
2005-11-19,2005/06,Sunderland,Aston Villa,Home,6,1,3,A,0
2005-11-26,2005/06,Sunderland,Birmingham,Home,3,0,1,A,0
2005-11-30,2005/06,Sunderland,Liverpool,Home,4,0,2,A,0
2005-12-03,2005/06,Sunderland,Tottenham,Away,2,2,3,H,0
2005-12-10,2005/06,Sunderland,Charlton,Away,6,0,2,H,0
2005-12-26,2005/06,Sunderland,Bolton,Home,7,0,0,D,0
2005-12-31,2005/06,Sunderland,Everton,Home,6,0,1,A,0
2006-01-02,2005/06,Sunderland,Fulham,Away,7,1,2,H,1
2006-01-15,2005/06,Sunderland,Chelsea,Home,7,1,2,A,0
2006-01-21,2005/06,Sunderland,West Brom,Away,2,1,0,A,0
2006-01-31,2005/06,Sunderland,Middlesbrough,Home,7,0,3,A,0
2006-02-04,2005/06,Sunderland,West Ham,Away,3,0,2,H,1
2006-02-12,2005/06,Sunderland,Tottenham,Home,5,1,1,D,0
2006-02-15,2005/06,Sunderland,Blackburn,Away,1,0,2,H,0
2006-02-25,2005/06,Sunderland,Birmingham,Away,4,0,1,H,0
2006-03-05,2005/06,Sunderland,Man City,Away,3,1,2,H,1
2006-03-11,2005/06,Sunderland,Wigan,Home,9,0,1,A,0
2006-03-18,2005/06,Sunderland,Bolton,Away,3,0,2,H,0
2006-03-25,2005/06,Sunderland,Blackburn,Home,6,0,1,A,0
2006-04-01,2005/06,Sunderland,Everton,Away,8,2,2,D,0
2006-04-14,2005/06,Sunderland,Man United,Away,3,0,0,D,0
2006-04-17,2005/06,Sunderland,Newcastle,Home,6,1,4,A,0
2006-04-22,2005/06,Sunderland,Portsmouth,Away,6,1,2,H,0
2006-05-01,2005/06,Sunderland,Arsenal,Home,2,0,3,A,0
2006-05-04,2005/06,Sunderland,Fulham,Home,3,2,1,H,0
2006-05-07,2005/06,Sunderland,Aston Villa,Away,7,1,2,H,0
2007-08-11,2007/08,Sunderland,Tottenham,Home,4,1,0,H,0
2007-08-15,2007/08,Sunderland,Birmingham,Away,3,2,2,D,0
2007-08-18,2007/08,Sunderland,Wigan,Away,6,0,3,H,0
2007-08-25,2007/08,Sunderland,Liverpool,Home,2,0,2,A,0
2007-09-01,2007/08,Sunderland,Man United,Away,1,0,1,H,0
2007-09-15,2007/08,Sunderland,Reading,Home,8,2,1,H,0
2007-09-22,2007/08,Sunderland,Middlesbrough,Away,6,2,2,D,0
2007-09-29,2007/08,Sunderland,Blackburn,Home,12,1,2,A,0
2007-10-07,2007/08,Sunderland,Arsenal,Away,7,2,3,H,1
2007-10-21,2007/08,Sunderland,West Ham,Away,10,1,3,H,0
2007-10-27,2007/08,Sunderland,Fulham,Home,6,1,1,D,1
2007-11-05,2007/08,Sunderland,Man City,Away,2,0,1,H,0
2007-11-10,2007/08,Sunderland,Newcastle,Home,8,1,1,D,0
2007-11-24,2007/08,Sunderland,Everton,Away,7,1,7,H,0
2007-12-01,2007/08,Sunderland,Derby,Home,9,1,0,H,0
2007-12-08,2007/08,Sunderland,Chelsea,Away,2,0,2,H,1
2007-12-15,2007/08,Sunderland,Aston Villa,Home,7,1,1,D,0
2007-12-22,2007/08,Sunderland,Reading,Away,4,1,2,H,0
2007-12-26,2007/08,Sunderland,Man United,Home,3,0,4,A,0
2007-12-29,2007/08,Sunderland,Bolton,Home,5,3,1,H,0
2008-01-02,2007/08,Sunderland,Blackburn,Away,4,0,1,H,1
2008-01-13,2007/08,Sunderland,Portsmouth,Home,5,2,0,H,0
2008-01-19,2007/08,Sunderland,Tottenham,Away,8,0,2,H,0
2008-01-29,2007/08,Sunderland,Birmingham,Home,6,2,0,H,0
2008-02-02,2007/08,Sunderland,Liverpool,Away,3,0,3,H,0
2008-02-09,2007/08,Sunderland,Wigan,Home,4,2,0,H,0
2008-02-23,2007/08,Sunderland,Portsmouth,Away,2,0,1,H,0
2008-03-01,2007/08,Sunderland,Derby,Away,5,0,0,D,0
2008-03-09,2007/08,Sunderland,Everton,Home,6,0,1,A,0
2008-03-15,2007/08,Sunderland,Chelsea,Home,4,0,1,A,0
2008-03-22,2007/08,Sunderland,Aston Villa,Away,3,1,0,A,0
2008-03-29,2007/08,Sunderland,West Ham,Home,12,2,1,H,0
2008-04-05,2007/08,Sunderland,Fulham,Away,6,3,1,A,0
2008-04-12,2007/08,Sunderland,Man City,Home,7,1,2,A,0
2008-04-20,2007/08,Sunderland,Newcastle,Away,8,0,2,H,0
2008-04-26,2007/08,Sunderland,Middlesbrough,Home,5,3,2,H,0
2008-05-03,2007/08,Sunderland,Bolton,Away,4,0,2,H,0
2008-05-11,2007/08,Sunderland,Arsenal,Home,5,0,1,A,0
2008-08-16,2008/09,Sunderland,Liverpool,Home,3,0,1,A,0
2008-08-23,2008/09,Sunderland,Tottenham,Away,7,2,1,A,0
2008-08-31,2008/09,Sunderland,Man City,Home,4,0,3,A,0
2008-09-13,2008/09,Sunderland,Wigan,Away,5,1,1,D,0
2008-09-20,2008/09,Sunderland,Middlesbrough,Home,11,2,0,H,0
2008-09-27,2008/09,Sunderland,Aston Villa,Away,3,1,2,H,0
2008-10-04,2008/09,Sunderland,Arsenal,Home,5,1,1,D,0
2008-10-18,2008/09,Sunderland,Fulham,Away,7,0,0,D,0
2008-10-25,2008/09,Sunderland,Newcastle,Home,3,2,1,H,0
2008-10-29,2008/09,Sunderland,Stoke,Away,4,0,1,H,0
2008-11-01,2008/09,Sunderland,Chelsea,Away,0,0,5,H,0
2008-11-08,2008/09,Sunderland,Portsmouth,Home,6,1,2,A,0
2008-11-15,2008/09,Sunderland,Blackburn,Away,6,2,1,A,0
2008-11-23,2008/09,Sunderland,West Ham,Home,6,0,1,A,0
2008-11-29,2008/09,Sunderland,Bolton,Home,9,1,4,A,0
2008-12-06,2008/09,Sunderland,Man United,Away,2,0,1,H,0
2008-12-13,2008/09,Sunderland,West Brom,Home,10,4,0,H,0
2008-12-20,2008/09,Sunderland,Hull,Away,6,4,1,A,0
2008-12-26,2008/09,Sunderland,Blackburn,Home,8,0,0,D,0
2008-12-28,2008/09,Sunderland,Everton,Away,5,0,3,H,0
2009-01-10,2008/09,Sunderland,Middlesbrough,Away,5,1,1,D,0
2009-01-17,2008/09,Sunderland,Aston Villa,Home,6,1,2,A,0
2009-01-27,2008/09,Sunderland,Fulham,Home,11,1,0,H,0
2009-02-01,2008/09,Sunderland,Newcastle,Away,9,1,1,D,0
2009-02-07,2008/09,Sunderland,Stoke,Home,6,2,0,H,0
2009-02-21,2008/09,Sunderland,Arsenal,Away,2,0,0,D,0
2009-03-03,2008/09,Sunderland,Liverpool,Away,2,0,2,H,0
2009-03-07,2008/09,Sunderland,Tottenham,Home,3,1,1,D,0
2009-03-14,2008/09,Sunderland,Wigan,Home,3,1,2,A,0
2009-03-22,2008/09,Sunderland,Man City,Away,5,0,1,H,1
2009-04-04,2008/09,Sunderland,West Ham,Away,9,0,2,H,0
2009-04-11,2008/09,Sunderland,Man United,Home,7,1,2,A,0
2009-04-18,2008/09,Sunderland,Hull,Home,4,1,0,H,0
2009-04-25,2008/09,Sunderland,West Brom,Away,5,0,3,H,0
2009-05-03,2008/09,Sunderland,Everton,Home,3,0,2,A,0
2009-05-09,2008/09,Sunderland,Bolton,Away,4,0,0,D,0
2009-05-18,2008/09,Sunderland,Portsmouth,Away,9,1,3,H,0
2009-05-24,2008/09,Sunderland,Chelsea,Home,7,2,3,A,0
2009-08-15,2009/10,Sunderland,Bolton,Away,13,1,0,A,0
2009-08-18,2009/10,Sunderland,Chelsea,Home,3,1,3,A,0
2009-08-22,2009/10,Sunderland,Blackburn,Home,5,2,1,H,0
2009-08-29,2009/10,Sunderland,Stoke,Away,6,0,1,H,0
2009-09-12,2009/10,Sunderland,Hull,Home,4,4,1,H,0
2009-09-19,2009/10,Sunderland,Burnley,Away,5,1,3,H,0
2009-09-27,2009/10,Sunderland,Wolves,Home,8,5,2,H,0
2009-10-03,2009/10,Sunderland,Man United,Away,3,2,2,D,1
2009-10-17,2009/10,Sunderland,Liverpool,Home,7,1,0,H,0
2009-10-24,2009/10,Sunderland,Birmingham,Away,6,1,2,H,0
2009-10-31,2009/10,Sunderland,West Ham,Home,7,2,2,D,1
2009-11-07,2009/10,Sunderland,Tottenham,Away,6,0,2,H,0
2009-11-21,2009/10,Sunderland,Arsenal,Home,1,1,0,H,0
2009-11-28,2009/10,Sunderland,Wigan,Away,4,0,1,H,0
2009-12-06,2009/10,Sunderland,Fulham,Away,5,0,1,H,0
2009-12-12,2009/10,Sunderland,Portsmouth,Home,9,1,1,D,0
2009-12-15,2009/10,Sunderland,Aston Villa,Home,5,0,2,A,1
2009-12-19,2009/10,Sunderland,Man City,Away,5,3,4,H,1
2009-12-26,2009/10,Sunderland,Everton,Home,6,1,1,D,0
2009-12-28,2009/10,Sunderland,Blackburn,Away,8,2,2,D,0
2010-01-16,2009/10,Sunderland,Chelsea,Away,3,2,7,H,0
2010-01-27,2009/10,Sunderland,Everton,Away,3,0,2,H,0
2010-02-01,2009/10,Sunderland,Stoke,Home,5,0,0,D,0
2010-02-06,2009/10,Sunderland,Wigan,Home,8,1,1,D,0
2010-02-09,2009/10,Sunderland,Portsmouth,Away,2,1,1,D,2
2010-02-20,2009/10,Sunderland,Arsenal,Away,4,0,2,H,0
2010-02-28,2009/10,Sunderland,Fulham,Home,5,0,0,D,0
2010-03-09,2009/10,Sunderland,Bolton,Home,7,4,0,H,0
2010-03-14,2009/10,Sunderland,Man City,Home,7,1,1,D,0
2010-03-20,2009/10,Sunderland,Birmingham,Home,9,3,1,H,0
2010-03-24,2009/10,Sunderland,Aston Villa,Away,5,1,1,D,0
2010-03-28,2009/10,Sunderland,Liverpool,Away,2,0,3,H,0
2010-04-03,2009/10,Sunderland,Tottenham,Home,10,3,1,H,0
2010-04-10,2009/10,Sunderland,West Ham,Away,7,0,1,H,0
2010-04-17,2009/10,Sunderland,Burnley,Home,11,2,1,H,0
2010-04-24,2009/10,Sunderland,Hull,Away,5,1,0,A,1
2010-05-02,2009/10,Sunderland,Man United,Home,2,0,1,A,0
2010-05-09,2009/10,Sunderland,Wolves,Away,5,1,2,H,2
2010-08-14,2010/11,Sunderland,Birmingham,Home,2,2,2,D,1
2010-08-21,2010/11,Sunderland,West Brom,Away,4,0,1,H,0
2010-08-29,2010/11,Sunderland,Man City,Home,4,1,0,H,0
2010-09-11,2010/11,Sunderland,Wigan,Away,2,1,1,D,1
2010-09-18,2010/11,Sunderland,Arsenal,Home,5,1,1,D,0
2010-09-25,2010/11,Sunderland,Liverpool,Away,1,2,2,D,0
2010-10-02,2010/11,Sunderland,Man United,Home,8,0,0,D,0
2010-10-18,2010/11,Sunderland,Blackburn,Away,7,0,0,D,0
2010-10-23,2010/11,Sunderland,Aston Villa,Home,6,1,0,H,0
2010-10-31,2010/11,Sunderland,Newcastle,Away,5,1,5,H,1
2010-11-06,2010/11,Sunderland,Stoke,Home,7,2,0,H,0
2010-11-09,2010/11,Sunderland,Tottenham,Away,4,1,1,D,0
2010-11-14,2010/11,Sunderland,Chelsea,Away,9,3,0,A,0
2010-11-22,2010/11,Sunderland,Everton,Home,8,2,2,D,0
2010-11-27,2010/11,Sunderland,Wolves,Away,9,2,3,H,0
2010-12-05,2010/11,Sunderland,West Ham,Home,12,1,0,H,0
2010-12-11,2010/11,Sunderland,Fulham,Away,2,0,0,D,0
2010-12-18,2010/11,Sunderland,Bolton,Home,5,1,0,H,0
2010-12-26,2010/11,Sunderland,Man United,Away,2,0,2,H,0
2010-12-28,2010/11,Sunderland,Blackpool,Home,16,0,2,A,0
2011-01-01,2010/11,Sunderland,Blackburn,Home,7,3,0,H,0
2011-01-05,2010/11,Sunderland,Aston Villa,Away,5,1,0,A,1
2011-01-16,2010/11,Sunderland,Newcastle,Home,7,1,1,D,0
2011-01-22,2010/11,Sunderland,Blackpool,Away,6,2,1,A,0
2011-02-01,2010/11,Sunderland,Chelsea,Home,3,2,4,A,0
2011-02-05,2010/11,Sunderland,Stoke,Away,7,2,3,H,0
2011-02-12,2010/11,Sunderland,Tottenham,Home,10,1,2,A,0
2011-02-26,2010/11,Sunderland,Everton,Away,7,0,2,H,0
2011-03-05,2010/11,Sunderland,Arsenal,Away,3,0,0,D,0
2011-03-20,2010/11,Sunderland,Liverpool,Home,1,0,2,A,1
2011-04-03,2010/11,Sunderland,Man City,Away,4,0,5,H,0
2011-04-09,2010/11,Sunderland,West Brom,Home,4,2,3,A,0
2011-04-16,2010/11,Sunderland,Birmingham,Away,7,0,2,H,0
2011-04-23,2010/11,Sunderland,Wigan,Home,7,4,2,H,0
2011-04-30,2010/11,Sunderland,Fulham,Home,7,0,3,A,0
2011-05-07,2010/11,Sunderland,Bolton,Away,6,2,1,A,0
2011-05-14,2010/11,Sunderland,Wolves,Home,9,1,3,A,0
2011-05-22,2010/11,Sunderland,West Ham,Away,12,3,0,A,0
2011-08-13,2011/12,Sunderland,Liverpool,Away,6,1,1,D,0
2011-08-20,2011/12,Sunderland,Newcastle,Home,5,0,1,A,1
2011-08-27,2011/12,Sunderland,Swansea,Away,8,0,0,D,0
2011-09-10,2011/12,Sunderland,Chelsea,Home,7,1,2,A,0
2011-09-18,2011/12,Sunderland,Stoke,Home,7,4,0,H,0
2011-09-26,2011/12,Sunderland,Norwich,Away,6,1,2,H,0
2011-10-01,2011/12,Sunderland,West Brom,Home,7,2,2,D,0
2011-10-16,2011/12,Sunderland,Arsenal,Away,4,1,2,H,0
2011-10-22,2011/12,Sunderland,Bolton,Away,10,2,0,A,0
2011-10-29,2011/12,Sunderland,Aston Villa,Home,8,2,2,D,0
2011-11-05,2011/12,Sunderland,Man United,Away,3,0,1,H,0
2011-11-19,2011/12,Sunderland,Fulham,Home,8,0,0,D,0
2011-11-26,2011/12,Sunderland,Wigan,Home,11,1,2,A,0
2011-12-04,2011/12,Sunderland,Wolves,Away,12,1,2,H,0
2011-12-11,2011/12,Sunderland,Blackburn,Home,12,2,1,H,0
2011-12-18,2011/12,Sunderland,Tottenham,Away,4,0,1,H,0
2011-12-21,2011/12,Sunderland,QPR,Away,13,3,2,A,0
2011-12-26,2011/12,Sunderland,Everton,Home,8,1,1,D,0
2012-01-01,2011/12,Sunderland,Man City,Home,5,1,0,H,0
2012-01-03,2011/12,Sunderland,Wigan,Away,9,4,1,A,0
2012-01-14,2011/12,Sunderland,Chelsea,Away,4,0,1,H,0
2012-01-21,2011/12,Sunderland,Swansea,Home,2,2,0,H,0
2012-02-01,2011/12,Sunderland,Norwich,Home,6,3,0,H,0
2012-02-04,2011/12,Sunderland,Stoke,Away,2,1,0,A,0
2012-02-11,2011/12,Sunderland,Arsenal,Home,5,1,2,A,0
2012-02-25,2011/12,Sunderland,West Brom,Away,4,0,4,H,0
2012-03-04,2011/12,Sunderland,Newcastle,Away,6,1,1,D,1
2012-03-10,2011/12,Sunderland,Liverpool,Home,1,1,0,H,0
2012-03-20,2011/12,Sunderland,Blackburn,Away,0,0,2,H,0
2012-03-24,2011/12,Sunderland,QPR,Home,8,3,1,H,0
2012-03-31,2011/12,Sunderland,Man City,Away,4,3,3,D,0
2012-04-07,2011/12,Sunderland,Tottenham,Home,9,0,0,D,0
2012-04-09,2011/12,Sunderland,Everton,Away,0,0,4,H,0
2012-04-14,2011/12,Sunderland,Wolves,Home,6,0,0,D,0
2012-04-21,2011/12,Sunderland,Aston Villa,Away,5,0,0,D,1
2012-04-28,2011/12,Sunderland,Bolton,Home,6,2,2,D,0
2012-05-06,2011/12,Sunderland,Fulham,Away,7,1,2,H,0
2012-05-13,2011/12,Sunderland,Man United,Home,5,0,1,A,0
2012-08-18,2012/13,Sunderland,Arsenal,Away,2,0,0,D,0
2012-09-01,2012/13,Sunderland,Swansea,Away,3,2,2,D,0
2012-09-15,2012/13,Sunderland,Liverpool,Home,4,1,1,D,0
2012-09-22,2012/13,Sunderland,West Ham,Away,2,1,1,D,0
2012-09-29,2012/13,Sunderland,Wigan,Home,6,1,0,H,0
2012-10-06,2012/13,Sunderland,Man City,Away,6,0,3,H,0
2012-10-21,2012/13,Sunderland,Newcastle,Home,6,1,1,D,0
2012-10-27,2012/13,Sunderland,Stoke,Away,3,0,0,D,0
2012-11-03,2012/13,Sunderland,Aston Villa,Home,1,0,1,A,0
2012-11-10,2012/13,Sunderland,Everton,Away,4,1,2,H,0
2012-11-18,2012/13,Sunderland,Fulham,Away,9,3,1,A,0
2012-11-24,2012/13,Sunderland,West Brom,Home,12,2,4,A,0
2012-11-27,2012/13,Sunderland,QPR,Home,8,0,0,D,0
2012-12-02,2012/13,Sunderland,Norwich,Away,6,1,2,H,0
2012-12-08,2012/13,Sunderland,Chelsea,Home,10,1,3,A,0
2012-12-11,2012/13,Sunderland,Reading,Home,11,3,0,H,0
2012-12-15,2012/13,Sunderland,Man United,Away,10,1,3,H,0
2012-12-22,2012/13,Sunderland,Southampton,Away,6,1,0,A,0
2012-12-26,2012/13,Sunderland,Man City,Home,6,1,0,H,0
2012-12-29,2012/13,Sunderland,Tottenham,Home,6,1,2,A,0
2013-01-02,2012/13,Sunderland,Liverpool,Away,5,0,3,H,0
2013-01-12,2012/13,Sunderland,West Ham,Home,14,3,0,H,0
2013-01-19,2012/13,Sunderland,Wigan,Away,5,3,2,A,0
2013-01-29,2012/13,Sunderland,Swansea,Home,2,0,0,D,0
2013-02-02,2012/13,Sunderland,Reading,Away,6,1,2,H,0
2013-02-09,2012/13,Sunderland,Arsenal,Home,7,0,1,A,0
2013-02-23,2012/13,Sunderland,West Brom,Away,6,1,2,H,0
2013-03-02,2012/13,Sunderland,Fulham,Home,6,2,2,D,0
2013-03-09,2012/13,Sunderland,QPR,Away,3,1,3,H,0
2013-03-17,2012/13,Sunderland,Norwich,Home,8,1,1,D,0
2013-03-30,2012/13,Sunderland,Man United,Home,4,0,1,A,0
2013-04-07,2012/13,Sunderland,Chelsea,Away,3,1,2,H,0
2013-04-14,2012/13,Sunderland,Newcastle,Away,7,3,0,A,0
2013-04-20,2012/13,Sunderland,Everton,Home,4,1,0,H,0
2013-04-29,2012/13,Sunderland,Aston Villa,Away,4,1,6,H,1
2013-05-06,2012/13,Sunderland,Stoke,Home,7,1,1,D,1
2013-05-12,2012/13,Sunderland,Southampton,Home,5,1,1,D,0
2013-05-19,2012/13,Sunderland,Tottenham,Away,4,0,1,H,1
2013-08-17,2013/14,Sunderland,Fulham,Home,3,0,1,A,0
2013-08-24,2013/14,Sunderland,Southampton,Away,3,1,1,D,0
2013-08-31,2013/14,Sunderland,Crystal Palace,Away,2,1,3,H,1
2013-09-14,2013/14,Sunderland,Arsenal,Home,2,1,3,A,0
2013-09-21,2013/14,Sunderland,West Brom,Away,0,0,3,H,0
2013-09-29,2013/14,Sunderland,Liverpool,Home,5,1,3,A,0
2013-10-05,2013/14,Sunderland,Man United,Home,2,1,2,A,0
2013-10-19,2013/14,Sunderland,Swansea,Away,1,0,4,H,0
2013-10-27,2013/14,Sunderland,Newcastle,Home,4,2,1,H,0
2013-11-02,2013/14,Sunderland,Hull,Away,1,0,1,H,2
2013-11-10,2013/14,Sunderland,Man City,Home,2,1,0,H,0
2013-11-23,2013/14,Sunderland,Stoke,Away,3,0,2,H,1
2013-11-30,2013/14,Sunderland,Aston Villa,Away,1,0,0,D,0
2013-12-04,2013/14,Sunderland,Chelsea,Home,3,3,4,A,0
2013-12-07,2013/14,Sunderland,Tottenham,Home,4,1,2,A,0
2013-12-14,2013/14,Sunderland,West Ham,Away,6,0,0,D,0
2013-12-21,2013/14,Sunderland,Norwich,Home,4,0,0,D,1
2013-12-26,2013/14,Sunderland,Everton,Away,6,1,0,A,0
2013-12-28,2013/14,Sunderland,Cardiff,Away,9,2,2,D,0
2014-01-01,2013/14,Sunderland,Aston Villa,Home,1,0,1,A,0
2014-01-11,2013/14,Sunderland,Fulham,Away,6,4,1,A,0
2014-01-18,2013/14,Sunderland,Southampton,Home,5,2,2,D,0
2014-01-29,2013/14,Sunderland,Stoke,Home,6,1,0,H,0
2014-02-01,2013/14,Sunderland,Newcastle,Away,5,3,0,A,0
2014-02-08,2013/14,Sunderland,Hull,Home,3,0,2,A,1
2014-02-22,2013/14,Sunderland,Arsenal,Away,3,1,4,H,0
2014-03-15,2013/14,Sunderland,Crystal Palace,Home,2,0,0,D,0
2014-03-22,2013/14,Sunderland,Norwich,Away,2,0,2,H,1
2014-03-26,2013/14,Sunderland,Liverpool,Away,4,1,2,H,0
2014-03-31,2013/14,Sunderland,West Ham,Home,7,1,2,A,0
2014-04-07,2013/14,Sunderland,Tottenham,Away,4,1,5,H,0
2014-04-12,2013/14,Sunderland,Everton,Home,6,0,1,A,0
2014-04-16,2013/14,Sunderland,Man City,Away,3,2,2,D,0
2014-04-19,2013/14,Sunderland,Chelsea,Away,3,2,1,A,0
2014-04-27,2013/14,Sunderland,Cardiff,Home,7,4,0,H,0
2014-05-03,2013/14,Sunderland,Man United,Away,1,1,0,A,0
2014-05-07,2013/14,Sunderland,West Brom,Home,4,2,0,H,0
2014-05-11,2013/14,Sunderland,Swansea,Home,4,1,3,A,0
2014-08-16,2014/15,Sunderland,West Brom,Away,2,2,2,D,0
2014-08-24,2014/15,Sunderland,Man United,Home,3,1,1,D,0
2014-08-30,2014/15,Sunderland,QPR,Away,6,0,1,H,0
2014-09-13,2014/15,Sunderland,Tottenham,Home,1,2,2,D,0
2014-09-20,2014/15,Sunderland,Burnley,Away,6,0,0,D,0
2014-09-27,2014/15,Sunderland,Swansea,Home,3,0,0,D,0
2014-10-04,2014/15,Sunderland,Stoke,Home,3,3,1,H,0
2014-10-18,2014/15,Sunderland,Southampton,Away,1,0,8,H,0
2014-10-25,2014/15,Sunderland,Arsenal,Home,3,0,2,A,0
2014-11-03,2014/15,Sunderland,Crystal Palace,Away,7,3,1,A,0
2014-11-09,2014/15,Sunderland,Everton,Home,3,1,1,D,0
2014-11-22,2014/15,Sunderland,Leicester,Away,5,0,0,D,0
2014-11-29,2014/15,Sunderland,Chelsea,Home,3,0,0,D,0
2014-12-03,2014/15,Sunderland,Man City,Home,2,1,4,A,0
2014-12-06,2014/15,Sunderland,Liverpool,Away,1,0,0,D,0
2014-12-13,2014/15,Sunderland,West Ham,Home,4,1,1,D,0
2014-12-21,2014/15,Sunderland,Newcastle,Away,3,1,0,A,0
2014-12-26,2014/15,Sunderland,Hull,Home,3,1,3,A,0
2014-12-28,2014/15,Sunderland,Aston Villa,Away,3,0,0,D,0
2015-01-01,2014/15,Sunderland,Man City,Away,4,2,3,H,0
2015-01-10,2014/15,Sunderland,Liverpool,Home,1,0,1,A,1
2015-01-17,2014/15,Sunderland,Tottenham,Away,4,1,2,H,0
2015-01-31,2014/15,Sunderland,Burnley,Home,3,2,0,H,0
2015-02-07,2014/15,Sunderland,Swansea,Away,1,1,1,D,0
2015-02-10,2014/15,Sunderland,QPR,Home,5,0,2,A,0
2015-02-21,2014/15,Sunderland,West Brom,Home,2,0,0,D,0
2015-02-28,2014/15,Sunderland,Man United,Away,3,0,2,H,1
2015-03-03,2014/15,Sunderland,Hull,Away,3,1,1,D,0
2015-03-14,2014/15,Sunderland,Aston Villa,Home,2,0,4,A,0
2015-03-21,2014/15,Sunderland,West Ham,Away,3,0,1,H,0
2015-04-05,2014/15,Sunderland,Newcastle,Home,4,1,0,H,0
2015-04-11,2014/15,Sunderland,Crystal Palace,Home,3,1,4,A,0
2015-04-25,2014/15,Sunderland,Stoke,Away,5,1,1,D,0
2015-05-02,2014/15,Sunderland,Southampton,Home,6,2,1,H,0
2015-05-09,2014/15,Sunderland,Everton,Away,3,2,0,A,0
2015-05-16,2014/15,Sunderland,Leicester,Home,3,0,0,D,0
2015-05-20,2014/15,Sunderland,Arsenal,Away,3,0,0,D,0
2015-05-24,2014/15,Sunderland,Chelsea,Away,9,1,3,H,0
2015-08-08,2015/16,Sunderland,Leicester,Away,5,2,4,H,0
2015-08-15,2015/16,Sunderland,Norwich,Home,2,1,3,A,0
2015-08-22,2015/16,Sunderland,Swansea,Home,2,1,1,D,0
2015-08-29,2015/16,Sunderland,Aston Villa,Away,3,2,2,D,0
2015-09-13,2015/16,Sunderland,Tottenham,Home,2,0,1,A,0
2015-09-19,2015/16,Sunderland,Bournemouth,Away,2,0,2,H,1
2015-09-26,2015/16,Sunderland,Man United,Away,4,0,3,H,0
2015-10-03,2015/16,Sunderland,West Ham,Home,3,2,2,D,1
2015-10-17,2015/16,Sunderland,West Brom,Away,2,0,1,H,0
2015-10-25,2015/16,Sunderland,Newcastle,Home,3,3,0,H,0
2015-11-01,2015/16,Sunderland,Everton,Away,9,2,6,H,0
2015-11-07,2015/16,Sunderland,Southampton,Home,3,0,1,A,0
2015-11-23,2015/16,Sunderland,Crystal Palace,Away,4,1,0,A,0
2015-11-28,2015/16,Sunderland,Stoke,Home,5,2,0,H,0
2015-12-05,2015/16,Sunderland,Arsenal,Away,4,1,3,H,0
2015-12-12,2015/16,Sunderland,Watford,Home,2,0,1,A,0
2015-12-19,2015/16,Sunderland,Chelsea,Away,3,1,3,H,0
2015-12-26,2015/16,Sunderland,Man City,Away,3,1,4,H,0
2015-12-30,2015/16,Sunderland,Liverpool,Home,3,0,1,A,0
2016-01-02,2015/16,Sunderland,Aston Villa,Home,6,3,1,H,0
2016-01-13,2015/16,Sunderland,Swansea,Away,5,4,2,A,0
2016-01-16,2015/16,Sunderland,Tottenham,Away,2,1,4,H,0
2016-01-23,2015/16,Sunderland,Bournemouth,Home,5,1,1,D,0
2016-02-02,2015/16,Sunderland,Man City,Home,2,0,1,A,0
2016-02-06,2015/16,Sunderland,Liverpool,Away,2,2,2,D,0
2016-02-13,2015/16,Sunderland,Man United,Home,5,2,1,H,0
2016-02-27,2015/16,Sunderland,West Ham,Away,4,0,1,H,0
2016-03-01,2015/16,Sunderland,Crystal Palace,Home,6,2,2,D,0
2016-03-05,2015/16,Sunderland,Southampton,Away,3,1,1,D,0
2016-03-20,2015/16,Sunderland,Newcastle,Away,4,1,1,D,0
2016-04-02,2015/16,Sunderland,West Brom,Home,7,0,0,D,0
2016-04-10,2015/16,Sunderland,Leicester,Home,1,0,2,A,0
2016-04-16,2015/16,Sunderland,Norwich,Away,3,3,0,A,0
2016-04-24,2015/16,Sunderland,Arsenal,Home,3,0,0,D,0
2016-04-30,2015/16,Sunderland,Stoke,Away,5,1,1,D,0
2016-05-07,2015/16,Sunderland,Chelsea,Home,4,3,2,H,0
2016-05-11,2015/16,Sunderland,Everton,Home,8,3,0,H,0
2016-05-15,2015/16,Sunderland,Watford,Away,4,2,2,D,0
2016-08-13,2016/17,Sunderland,Man City,Away,3,1,2,H,0
2016-08-21,2016/17,Sunderland,Middlesbrough,Home,5,1,2,A,0
2016-08-27,2016/17,Sunderland,Southampton,Away,2,1,1,D,0
2016-09-12,2016/17,Sunderland,Everton,Home,2,0,3,A,0
2016-09-18,2016/17,Sunderland,Tottenham,Away,2,0,1,H,1
2016-09-24,2016/17,Sunderland,Crystal Palace,Home,4,2,3,A,0
2016-10-01,2016/17,Sunderland,West Brom,Home,2,1,1,D,0
2016-10-15,2016/17,Sunderland,Stoke,Away,1,0,2,H,0
2016-10-22,2016/17,Sunderland,West Ham,Away,2,0,1,H,0
2016-10-29,2016/17,Sunderland,Arsenal,Home,1,1,4,A,0
2016-11-05,2016/17,Sunderland,Bournemouth,Away,4,2,1,A,1
2016-11-19,2016/17,Sunderland,Hull,Home,4,3,0,H,1
2016-11-26,2016/17,Sunderland,Liverpool,Away,1,0,2,H,0
2016-12-03,2016/17,Sunderland,Leicester,Home,6,2,1,H,0
2016-12-10,2016/17,Sunderland,Swansea,Away,2,0,3,H,0
2016-12-14,2016/17,Sunderland,Chelsea,Home,3,0,1,A,0
2016-12-17,2016/17,Sunderland,Watford,Home,4,1,0,H,0
2016-12-26,2016/17,Sunderland,Man United,Away,4,1,3,H,0
2016-12-31,2016/17,Sunderland,Burnley,Away,3,1,4,H,0
2017-01-02,2016/17,Sunderland,Liverpool,Home,5,2,2,D,0
2017-01-14,2016/17,Sunderland,Stoke,Home,3,1,3,A,0
2017-01-21,2016/17,Sunderland,West Brom,Away,3,0,2,H,0
2017-01-31,2016/17,Sunderland,Tottenham,Home,1,0,0,D,0
2017-02-04,2016/17,Sunderland,Crystal Palace,Away,7,4,0,A,0
2017-02-11,2016/17,Sunderland,Southampton,Home,1,0,4,A,0
2017-02-25,2016/17,Sunderland,Everton,Away,1,0,2,H,0
2017-03-05,2016/17,Sunderland,Man City,Home,3,0,2,A,0
2017-03-18,2016/17,Sunderland,Burnley,Home,5,0,0,D,0
2017-04-01,2016/17,Sunderland,Watford,Away,3,0,1,H,0
2017-04-04,2016/17,Sunderland,Leicester,Away,3,0,2,H,0
2017-04-09,2016/17,Sunderland,Man United,Home,4,0,3,A,1
2017-04-15,2016/17,Sunderland,West Ham,Home,4,2,2,D,0
2017-04-26,2016/17,Sunderland,Middlesbrough,Away,4,0,1,H,0
2017-04-29,2016/17,Sunderland,Bournemouth,Home,5,0,1,A,0
2017-05-06,2016/17,Sunderland,Hull,Away,5,2,0,A,0
2017-05-13,2016/17,Sunderland,Swansea,Home,4,0,2,A,0
2017-05-16,2016/17,Sunderland,Arsenal,Away,2,0,2,H,0
2017-05-21,2016/17,Sunderland,Chelsea,Away,3,1,5,H,0
2011-08-15,2011/12,Swansea,Man City,Away,5,0,4,H,0
2011-08-20,2011/12,Swansea,Wigan,Home,6,0,0,D,0
2011-08-27,2011/12,Swansea,Sunderland,Home,6,0,0,D,0
2011-09-10,2011/12,Swansea,Arsenal,Away,5,0,1,H,0
2011-09-17,2011/12,Swansea,West Brom,Home,5,3,0,H,0
2011-09-24,2011/12,Swansea,Chelsea,Away,4,1,4,H,0
2011-10-02,2011/12,Swansea,Stoke,Home,5,2,0,H,0
2011-10-15,2011/12,Swansea,Norwich,Away,4,1,3,H,0
2011-10-22,2011/12,Swansea,Wolves,Away,14,2,2,D,0
2011-10-29,2011/12,Swansea,Bolton,Home,12,3,1,H,0
2011-11-05,2011/12,Swansea,Liverpool,Away,3,0,0,D,0
2011-11-19,2011/12,Swansea,Man United,Home,6,0,1,A,0
2011-11-27,2011/12,Swansea,Aston Villa,Home,2,0,0,D,0
2011-12-03,2011/12,Swansea,Blackburn,Away,5,2,4,H,1
2011-12-10,2011/12,Swansea,Fulham,Home,8,2,0,H,0
2011-12-17,2011/12,Swansea,Newcastle,Away,0,0,0,D,0
2011-12-21,2011/12,Swansea,Everton,Away,4,0,1,H,0
2011-12-27,2011/12,Swansea,QPR,Home,4,1,1,D,0
2011-12-31,2011/12,Swansea,Tottenham,Home,8,1,1,D,0
2012-01-02,2011/12,Swansea,Aston Villa,Away,4,2,0,A,0
2012-01-15,2011/12,Swansea,Arsenal,Home,5,3,2,H,0
2012-01-21,2011/12,Swansea,Sunderland,Away,4,0,2,H,0
2012-01-31,2011/12,Swansea,Chelsea,Home,5,1,1,D,0
2012-02-04,2011/12,Swansea,West Brom,Away,8,2,1,A,0
2012-02-11,2011/12,Swansea,Norwich,Home,9,2,3,A,0
2012-02-26,2011/12,Swansea,Stoke,Away,6,0,2,H,0
2012-03-03,2011/12,Swansea,Wigan,Away,8,2,0,A,1
2012-03-11,2011/12,Swansea,Man City,Home,5,1,0,H,0
2012-03-17,2011/12,Swansea,Fulham,Away,7,3,0,A,0
2012-03-24,2011/12,Swansea,Everton,Home,3,0,2,A,0
2012-04-01,2011/12,Swansea,Tottenham,Away,7,1,3,H,0
2012-04-06,2011/12,Swansea,Newcastle,Home,13,0,2,A,0
2012-04-11,2011/12,Swansea,QPR,Away,6,0,3,H,0
2012-04-14,2011/12,Swansea,Blackburn,Home,8,3,0,H,0
2012-04-21,2011/12,Swansea,Bolton,Away,12,1,1,D,0
2012-04-28,2011/12,Swansea,Wolves,Home,8,4,4,D,0
2012-05-06,2011/12,Swansea,Man United,Away,9,0,2,H,0
2012-05-13,2011/12,Swansea,Liverpool,Home,8,1,0,H,0
2012-08-18,2012/13,Swansea,QPR,Away,8,5,0,A,0
2012-08-25,2012/13,Swansea,West Ham,Home,7,3,0,H,0
2012-09-01,2012/13,Swansea,Sunderland,Home,10,2,2,D,1
2012-09-15,2012/13,Swansea,Aston Villa,Away,5,0,2,H,0
2012-09-22,2012/13,Swansea,Everton,Home,11,0,3,A,1
2012-09-29,2012/13,Swansea,Stoke,Away,0,0,2,H,0
2012-10-06,2012/13,Swansea,Reading,Home,16,2,2,D,0
2012-10-20,2012/13,Swansea,Wigan,Home,11,2,1,H,0
2012-10-27,2012/13,Swansea,Man City,Away,5,0,1,H,0
2012-11-03,2012/13,Swansea,Chelsea,Home,7,1,1,D,0
2012-11-10,2012/13,Swansea,Southampton,Away,3,1,1,D,0
2012-11-17,2012/13,Swansea,Newcastle,Away,9,2,1,A,0
2012-11-25,2012/13,Swansea,Liverpool,Home,8,0,0,D,0
2012-11-28,2012/13,Swansea,West Brom,Home,8,3,1,H,0
2012-12-01,2012/13,Swansea,Arsenal,Away,10,2,0,A,0
2012-12-08,2012/13,Swansea,Norwich,Home,10,3,4,A,0
2012-12-16,2012/13,Swansea,Tottenham,Away,0,0,1,H,0
2012-12-23,2012/13,Swansea,Man United,Home,10,1,1,D,0
2012-12-26,2012/13,Swansea,Reading,Away,4,0,0,D,0
2012-12-29,2012/13,Swansea,Fulham,Away,9,2,1,A,0
2013-01-01,2012/13,Swansea,Aston Villa,Home,13,2,2,D,0
2013-01-12,2012/13,Swansea,Everton,Away,2,0,0,D,0
2013-01-19,2012/13,Swansea,Stoke,Home,6,3,1,H,0
2013-01-29,2012/13,Swansea,Sunderland,Away,8,0,0,D,0
2013-02-02,2012/13,Swansea,West Ham,Away,7,0,1,H,0
2013-02-09,2012/13,Swansea,QPR,Home,12,4,1,H,0
2013-02-17,2012/13,Swansea,Liverpool,Away,3,0,5,H,0
2013-03-02,2012/13,Swansea,Newcastle,Home,7,1,0,H,0
2013-03-09,2012/13,Swansea,West Brom,Away,4,1,2,H,0
2013-03-16,2012/13,Swansea,Arsenal,Home,2,0,2,A,0
2013-03-30,2012/13,Swansea,Tottenham,Home,3,1,2,A,0
2013-04-06,2012/13,Swansea,Norwich,Away,9,2,2,D,0
2013-04-20,2012/13,Swansea,Southampton,Home,7,0,0,D,0
2013-04-28,2012/13,Swansea,Chelsea,Away,8,0,2,H,0
2013-05-04,2012/13,Swansea,Man City,Home,1,0,0,D,0
2013-05-07,2012/13,Swansea,Wigan,Away,6,3,2,A,0
2013-05-12,2012/13,Swansea,Man United,Away,2,1,2,H,0
2013-05-19,2012/13,Swansea,Fulham,Home,11,0,3,A,0
2013-08-17,2013/14,Swansea,Man United,Home,6,1,4,A,0
2013-08-25,2013/14,Swansea,Tottenham,Away,5,0,1,H,0
2013-09-01,2013/14,Swansea,West Brom,Away,4,2,0,A,0
2013-09-16,2013/14,Swansea,Liverpool,Home,8,2,2,D,0
2013-09-22,2013/14,Swansea,Crystal Palace,Away,7,2,0,A,0
2013-09-28,2013/14,Swansea,Arsenal,Home,3,1,2,A,0
2013-10-06,2013/14,Swansea,Southampton,Away,7,0,2,H,0
2013-10-19,2013/14,Swansea,Sunderland,Home,6,4,0,H,0
2013-10-27,2013/14,Swansea,West Ham,Home,5,0,0,D,0
2013-11-03,2013/14,Swansea,Cardiff,Away,3,0,1,H,1
2013-11-10,2013/14,Swansea,Stoke,Home,6,3,3,D,0
2013-11-23,2013/14,Swansea,Fulham,Away,5,2,1,A,0
2013-12-01,2013/14,Swansea,Man City,Away,4,0,3,H,0
2013-12-04,2013/14,Swansea,Newcastle,Home,5,3,0,H,0
2013-12-09,2013/14,Swansea,Hull,Home,2,1,1,D,0
2013-12-15,2013/14,Swansea,Norwich,Away,2,1,1,D,0
2013-12-22,2013/14,Swansea,Everton,Home,3,1,2,A,0
2013-12-26,2013/14,Swansea,Chelsea,Away,1,0,1,H,0
2013-12-28,2013/14,Swansea,Aston Villa,Away,3,1,1,D,0
2014-01-01,2013/14,Swansea,Man City,Home,4,2,3,A,0
2014-01-11,2013/14,Swansea,Man United,Away,2,0,2,H,0
2014-01-19,2013/14,Swansea,Tottenham,Home,3,1,3,A,0
2014-01-28,2013/14,Swansea,Fulham,Home,7,2,0,H,0
2014-02-01,2013/14,Swansea,West Ham,Away,0,0,2,H,0
2014-02-08,2013/14,Swansea,Cardiff,Home,6,3,0,H,0
2014-02-12,2013/14,Swansea,Stoke,Away,3,1,1,D,0
2014-02-23,2013/14,Swansea,Liverpool,Away,5,3,4,H,0
2014-03-02,2013/14,Swansea,Crystal Palace,Home,5,1,1,D,1
2014-03-15,2013/14,Swansea,West Brom,Home,4,1,2,A,0
2014-03-22,2013/14,Swansea,Everton,Away,7,2,3,H,0
2014-03-25,2013/14,Swansea,Arsenal,Away,2,2,2,D,0
2014-03-29,2013/14,Swansea,Norwich,Home,7,3,0,H,0
2014-04-05,2013/14,Swansea,Hull,Away,2,0,1,H,0
2014-04-13,2013/14,Swansea,Chelsea,Home,4,0,1,A,1
2014-04-19,2013/14,Swansea,Newcastle,Away,2,2,1,A,0
2014-04-26,2013/14,Swansea,Aston Villa,Home,8,4,1,H,0
2014-05-03,2013/14,Swansea,Southampton,Home,3,0,1,A,0
2014-05-11,2013/14,Swansea,Sunderland,Away,4,3,1,A,0
2014-08-16,2014/15,Swansea,Man United,Away,4,2,1,A,0
2014-08-23,2014/15,Swansea,Burnley,Home,5,1,0,H,0
2014-08-30,2014/15,Swansea,West Brom,Home,8,3,0,H,0
2014-09-13,2014/15,Swansea,Chelsea,Away,2,2,4,H,0
2014-09-20,2014/15,Swansea,Southampton,Home,2,0,1,A,1
2014-09-27,2014/15,Swansea,Sunderland,Away,1,0,0,D,1
2014-10-04,2014/15,Swansea,Newcastle,Home,5,2,2,D,0
2014-10-19,2014/15,Swansea,Stoke,Away,5,1,2,H,0
2014-10-25,2014/15,Swansea,Leicester,Home,3,2,0,H,0
2014-11-01,2014/15,Swansea,Everton,Away,0,0,0,D,1
2014-11-09,2014/15,Swansea,Arsenal,Home,5,2,1,H,0
2014-11-22,2014/15,Swansea,Man City,Away,3,1,2,H,0
2014-11-29,2014/15,Swansea,Crystal Palace,Home,4,1,1,D,0
2014-12-02,2014/15,Swansea,QPR,Home,7,2,0,H,0
2014-12-07,2014/15,Swansea,West Ham,Away,2,1,3,H,1
2014-12-14,2014/15,Swansea,Tottenham,Home,3,1,2,A,0
2014-12-20,2014/15,Swansea,Hull,Away,3,1,0,A,0
2014-12-26,2014/15,Swansea,Aston Villa,Home,2,1,0,H,0
2014-12-29,2014/15,Swansea,Liverpool,Away,4,1,4,H,0
2015-01-01,2014/15,Swansea,QPR,Away,6,1,1,D,1
2015-01-10,2014/15,Swansea,West Ham,Home,3,1,1,D,0
2015-01-17,2014/15,Swansea,Chelsea,Home,0,0,5,A,0
2015-02-01,2014/15,Swansea,Southampton,Away,1,1,0,A,0
2015-02-07,2014/15,Swansea,Sunderland,Home,7,1,1,D,0
2015-02-11,2014/15,Swansea,West Brom,Away,3,0,2,H,0
2015-02-21,2014/15,Swansea,Man United,Home,6,2,1,H,0
2015-02-28,2014/15,Swansea,Burnley,Away,2,1,0,A,0
2015-03-04,2014/15,Swansea,Tottenham,Away,5,2,3,H,0
2015-03-16,2014/15,Swansea,Liverpool,Home,3,0,1,A,0
2015-03-21,2014/15,Swansea,Aston Villa,Away,6,1,0,A,0
2015-04-04,2014/15,Swansea,Hull,Home,4,3,1,H,0
2015-04-11,2014/15,Swansea,Everton,Home,3,1,1,D,0
2015-04-18,2014/15,Swansea,Leicester,Away,6,0,2,H,0
2015-04-25,2014/15,Swansea,Newcastle,Away,6,3,2,A,0
2015-05-02,2014/15,Swansea,Stoke,Home,4,2,0,H,0
2015-05-11,2014/15,Swansea,Arsenal,Away,3,1,0,A,0
2015-05-17,2014/15,Swansea,Man City,Home,9,2,4,A,0
2015-05-24,2014/15,Swansea,Crystal Palace,Away,2,0,1,H,0
2015-08-08,2015/16,Swansea,Chelsea,Away,10,2,2,D,0
2015-08-15,2015/16,Swansea,Newcastle,Home,6,2,0,H,0
2015-08-22,2015/16,Swansea,Sunderland,Away,9,1,1,D,0
2015-08-30,2015/16,Swansea,Man United,Home,4,2,1,H,0
2015-09-12,2015/16,Swansea,Watford,Away,3,0,1,H,0
2015-09-19,2015/16,Swansea,Everton,Home,3,0,0,D,0
2015-09-26,2015/16,Swansea,Southampton,Away,4,1,3,H,0
2015-10-04,2015/16,Swansea,Tottenham,Home,2,2,2,D,0
2015-10-19,2015/16,Swansea,Stoke,Home,2,0,1,A,0
2015-10-24,2015/16,Swansea,Aston Villa,Away,4,2,1,A,0
2015-10-31,2015/16,Swansea,Arsenal,Home,3,0,3,A,0
2015-11-07,2015/16,Swansea,Norwich,Away,0,0,1,H,0
2015-11-21,2015/16,Swansea,Bournemouth,Home,4,2,2,D,0
2015-11-29,2015/16,Swansea,Liverpool,Away,0,0,1,H,0
2015-12-05,2015/16,Swansea,Leicester,Home,2,0,3,A,0
2015-12-12,2015/16,Swansea,Man City,Away,7,1,2,H,0
2015-12-20,2015/16,Swansea,West Ham,Home,2,0,0,D,0
2015-12-26,2015/16,Swansea,West Brom,Home,2,1,0,H,0
2015-12-28,2015/16,Swansea,Crystal Palace,Away,3,0,0,D,0
2016-01-02,2015/16,Swansea,Man United,Away,4,1,2,H,0
2016-01-13,2015/16,Swansea,Sunderland,Home,5,2,4,A,1
2016-01-18,2015/16,Swansea,Watford,Home,2,1,0,H,0
2016-01-24,2015/16,Swansea,Everton,Away,5,2,1,A,0
2016-02-02,2015/16,Swansea,West Brom,Away,4,1,1,D,0
2016-02-06,2015/16,Swansea,Crystal Palace,Home,3,1,1,D,0
2016-02-13,2015/16,Swansea,Southampton,Home,2,0,1,A,0
2016-02-28,2015/16,Swansea,Tottenham,Away,4,1,2,H,0
2016-03-02,2015/16,Swansea,Arsenal,Away,2,2,1,A,0
2016-03-05,2015/16,Swansea,Norwich,Home,3,1,0,H,0
2016-03-12,2015/16,Swansea,Bournemouth,Away,4,2,3,H,0
2016-03-19,2015/16,Swansea,Aston Villa,Home,1,1,0,H,0
2016-04-02,2015/16,Swansea,Stoke,Away,3,2,2,D,0
2016-04-09,2015/16,Swansea,Chelsea,Home,6,1,0,H,0
2016-04-16,2015/16,Swansea,Newcastle,Away,1,0,3,H,0
2016-04-24,2015/16,Swansea,Leicester,Away,1,0,4,H,0
2016-05-01,2015/16,Swansea,Liverpool,Home,9,3,1,H,0
2016-05-07,2015/16,Swansea,West Ham,Away,6,4,1,A,0
2016-05-15,2015/16,Swansea,Man City,Home,1,1,1,D,0
2016-08-13,2016/17,Swansea,Burnley,Away,9,1,0,A,0
2016-08-20,2016/17,Swansea,Hull,Home,3,0,2,A,0
2016-08-27,2016/17,Swansea,Leicester,Away,3,1,2,H,0
2016-09-11,2016/17,Swansea,Chelsea,Home,2,2,2,D,0
2016-09-18,2016/17,Swansea,Southampton,Away,3,0,1,H,0
2016-09-24,2016/17,Swansea,Man City,Home,5,1,3,A,0
2016-10-01,2016/17,Swansea,Liverpool,Home,3,1,2,A,0
2016-10-15,2016/17,Swansea,Arsenal,Away,6,2,3,H,0
2016-10-22,2016/17,Swansea,Watford,Home,5,0,0,D,0
2016-10-31,2016/17,Swansea,Stoke,Away,6,1,3,H,0
2016-11-06,2016/17,Swansea,Man United,Home,1,1,3,A,0
2016-11-19,2016/17,Swansea,Everton,Away,3,1,1,D,0
2016-11-26,2016/17,Swansea,Crystal Palace,Home,9,5,4,H,0
2016-12-03,2016/17,Swansea,Tottenham,Away,0,0,5,H,0
2016-12-10,2016/17,Swansea,Sunderland,Home,5,3,0,H,0
2016-12-14,2016/17,Swansea,West Brom,Away,4,1,3,H,0
2016-12-17,2016/17,Swansea,Middlesbrough,Away,2,0,3,H,0
2016-12-26,2016/17,Swansea,West Ham,Home,7,1,4,A,0
2016-12-31,2016/17,Swansea,Bournemouth,Home,5,0,3,A,0
2017-01-03,2016/17,Swansea,Crystal Palace,Away,4,2,1,A,0
2017-01-14,2016/17,Swansea,Arsenal,Home,3,0,4,A,0
2017-01-21,2016/17,Swansea,Liverpool,Away,3,3,2,A,0
2017-01-31,2016/17,Swansea,Southampton,Home,5,2,1,H,0
2017-02-05,2016/17,Swansea,Man City,Away,2,1,2,H,0
2017-02-12,2016/17,Swansea,Leicester,Home,4,2,0,H,0
2017-02-25,2016/17,Swansea,Chelsea,Away,2,1,3,H,0
2017-03-04,2016/17,Swansea,Burnley,Home,10,3,2,H,0
2017-03-11,2016/17,Swansea,Hull,Away,3,1,2,H,0
2017-03-18,2016/17,Swansea,Bournemouth,Away,1,0,2,H,0
2017-04-02,2016/17,Swansea,Middlesbrough,Home,3,0,0,D,0
2017-04-05,2016/17,Swansea,Tottenham,Home,1,1,3,A,0
2017-04-08,2016/17,Swansea,West Ham,Away,1,0,1,H,0
2017-04-15,2016/17,Swansea,Watford,Away,4,0,1,H,0
2017-04-22,2016/17,Swansea,Stoke,Home,6,2,0,H,0
2017-04-30,2016/17,Swansea,Man United,Away,4,1,1,D,0
2017-05-06,2016/17,Swansea,Everton,Home,4,1,0,H,0
2017-05-13,2016/17,Swansea,Sunderland,Away,3,2,0,A,0
2017-05-21,2016/17,Swansea,West Brom,Home,2,2,1,H,0
2017-08-12,2017/18,Swansea,Southampton,Away,0,0,0,D,0
2017-08-19,2017/18,Swansea,Man United,Home,1,0,4,A,0
2017-08-26,2017/18,Swansea,Crystal Palace,Away,3,2,0,A,0
2017-09-10,2017/18,Swansea,Newcastle,Home,4,0,1,A,0
2017-09-16,2017/18,Swansea,Tottenham,Away,0,0,0,D,0
2017-09-23,2017/18,Swansea,Watford,Home,3,1,2,A,0
2017-09-30,2017/18,Swansea,West Ham,Away,1,0,1,H,0
2017-10-14,2017/18,Swansea,Huddersfield,Home,3,2,0,H,0
2017-10-21,2017/18,Swansea,Leicester,Home,4,1,2,A,0
2017-10-28,2017/18,Swansea,Arsenal,Away,2,1,2,H,0
2017-11-04,2017/18,Swansea,Brighton,Home,2,0,1,A,0
2017-11-18,2017/18,Swansea,Burnley,Away,1,0,2,H,0
2017-11-25,2017/18,Swansea,Bournemouth,Home,1,0,0,D,0
2017-11-29,2017/18,Swansea,Chelsea,Away,0,0,1,H,0
2017-12-02,2017/18,Swansea,Stoke,Away,3,1,2,H,0
2017-12-09,2017/18,Swansea,West Brom,Home,3,1,0,H,0
2017-12-13,2017/18,Swansea,Man City,Home,3,0,4,A,0
2017-12-18,2017/18,Swansea,Everton,Away,3,1,3,H,0
2017-12-23,2017/18,Swansea,Crystal Palace,Home,2,1,1,D,0
2017-12-26,2017/18,Swansea,Liverpool,Away,4,0,5,H,0
2017-12-30,2017/18,Swansea,Watford,Away,4,2,1,A,0
2018-01-02,2017/18,Swansea,Tottenham,Home,1,0,2,A,0
2018-01-13,2017/18,Swansea,Newcastle,Away,5,1,1,D,0
2018-01-22,2017/18,Swansea,Liverpool,Home,2,1,0,H,0
2018-01-30,2017/18,Swansea,Arsenal,Home,4,3,1,H,0
2018-02-03,2017/18,Swansea,Leicester,Away,1,1,1,D,0
2018-02-10,2017/18,Swansea,Burnley,Home,4,1,0,H,0
2018-02-24,2017/18,Swansea,Brighton,Away,1,1,4,H,0
2018-03-03,2017/18,Swansea,West Ham,Home,8,4,1,H,0
2018-03-10,2017/18,Swansea,Huddersfield,Away,0,0,0,D,1
2018-03-31,2017/18,Swansea,Man United,Away,2,0,2,H,0
2018-04-07,2017/18,Swansea,West Brom,Away,1,1,1,D,0
2018-04-14,2017/18,Swansea,Everton,Home,7,1,1,D,0
2018-04-22,2017/18,Swansea,Man City,Away,1,0,5,H,0
2018-04-28,2017/18,Swansea,Chelsea,Home,3,0,1,A,0
2018-05-05,2017/18,Swansea,Bournemouth,Away,3,0,1,H,0
2018-05-08,2017/18,Swansea,Southampton,Home,3,0,1,A,0
2018-05-13,2017/18,Swansea,Stoke,Home,11,1,2,A,0
2000-08-19,2000/01,Tottenham,Ipswich,Home,6,3,1,H,0
2000-08-22,2000/01,Tottenham,Middlesbrough,Away,4,1,1,D,0
2000-08-26,2000/01,Tottenham,Newcastle,Away,2,0,2,H,0
2000-09-05,2000/01,Tottenham,Everton,Home,7,3,2,H,0
2000-09-11,2000/01,Tottenham,West Ham,Home,7,1,0,H,0
2000-09-16,2000/01,Tottenham,Charlton,Away,5,0,1,H,0
2000-09-23,2000/01,Tottenham,Man City,Home,5,0,0,D,0
2000-09-30,2000/01,Tottenham,Leeds,Away,5,3,4,H,0
2000-10-14,2000/01,Tottenham,Coventry,Away,5,1,2,H,0
2000-10-21,2000/01,Tottenham,Derby,Home,8,3,1,H,0
2000-10-28,2000/01,Tottenham,Chelsea,Away,3,0,3,H,0
2000-11-04,2000/01,Tottenham,Sunderland,Home,6,2,1,H,1
2000-11-11,2000/01,Tottenham,Aston Villa,Away,2,0,2,H,0
2000-11-19,2000/01,Tottenham,Liverpool,Home,4,2,1,H,0
2000-11-25,2000/01,Tottenham,Leicester,Home,7,3,0,H,0
2000-12-02,2000/01,Tottenham,Man United,Away,3,0,2,H,0
2000-12-09,2000/01,Tottenham,Bradford,Away,4,3,3,D,0
2000-12-18,2000/01,Tottenham,Arsenal,Home,4,1,1,D,0
2000-12-23,2000/01,Tottenham,Middlesbrough,Home,8,0,0,D,0
2000-12-27,2000/01,Tottenham,Southampton,Away,2,0,2,H,0
2000-12-30,2000/01,Tottenham,Ipswich,Away,3,0,3,H,0
2001-01-02,2000/01,Tottenham,Newcastle,Home,10,4,2,H,1
2001-01-13,2000/01,Tottenham,Everton,Away,1,0,0,D,0
2001-01-20,2000/01,Tottenham,Southampton,Home,4,0,0,D,0
2001-01-31,2000/01,Tottenham,West Ham,Away,6,0,0,D,0
2001-02-03,2000/01,Tottenham,Charlton,Home,3,0,0,D,0
2001-02-10,2000/01,Tottenham,Man City,Away,4,1,0,A,0
2001-02-24,2000/01,Tottenham,Leeds,Home,4,1,2,A,0
2001-03-03,2000/01,Tottenham,Derby,Away,7,1,2,H,0
2001-03-17,2000/01,Tottenham,Coventry,Home,4,3,0,H,0
2001-03-31,2000/01,Tottenham,Arsenal,Away,3,0,2,H,0
2001-04-10,2000/01,Tottenham,Bradford,Home,13,2,1,H,0
2001-04-14,2000/01,Tottenham,Sunderland,Away,6,3,2,A,0
2001-04-17,2000/01,Tottenham,Chelsea,Home,1,0,3,A,1
2001-04-22,2000/01,Tottenham,Liverpool,Away,5,1,3,H,0
2001-04-28,2000/01,Tottenham,Aston Villa,Home,3,0,0,D,0
2001-05-05,2000/01,Tottenham,Leicester,Away,4,2,4,H,0
2001-05-19,2000/01,Tottenham,Man United,Home,3,3,1,H,0
2001-08-18,2001/02,Tottenham,Aston Villa,Home,2,0,0,D,0
2001-08-20,2001/02,Tottenham,Everton,Away,2,1,1,D,2
2001-08-25,2001/02,Tottenham,Blackburn,Away,5,1,2,H,0
2001-09-09,2001/02,Tottenham,Southampton,Home,6,2,0,H,0
2001-09-16,2001/02,Tottenham,Chelsea,Home,4,2,3,A,0
2001-09-19,2001/02,Tottenham,Sunderland,Away,6,2,1,A,0
2001-09-22,2001/02,Tottenham,Liverpool,Away,5,0,1,H,0
2001-09-29,2001/02,Tottenham,Man United,Home,3,3,5,A,0
2001-10-15,2001/02,Tottenham,Derby,Home,12,3,1,H,0
2001-10-21,2001/02,Tottenham,Newcastle,Away,3,2,0,A,0
2001-10-27,2001/02,Tottenham,Middlesbrough,Home,4,2,1,H,0
2001-11-04,2001/02,Tottenham,Leeds,Away,4,1,2,H,0
2001-11-17,2001/02,Tottenham,Arsenal,Home,4,1,1,D,0
2001-11-24,2001/02,Tottenham,West Ham,Away,3,1,0,A,0
2001-12-03,2001/02,Tottenham,Bolton,Home,6,3,2,H,0
2001-12-08,2001/02,Tottenham,Charlton,Away,5,1,3,H,0
2001-12-15,2001/02,Tottenham,Fulham,Home,6,4,0,H,0
2001-12-22,2001/02,Tottenham,Ipswich,Home,6,1,2,A,1
2001-12-26,2001/02,Tottenham,Southampton,Away,6,0,1,H,0
2001-12-29,2001/02,Tottenham,Aston Villa,Away,4,1,1,D,0
2002-01-01,2001/02,Tottenham,Blackburn,Home,7,1,0,H,0
2002-01-12,2001/02,Tottenham,Ipswich,Away,6,1,2,H,0
2002-01-19,2001/02,Tottenham,Everton,Home,4,1,1,D,0
2002-01-30,2001/02,Tottenham,Newcastle,Home,6,1,3,A,0
2002-02-02,2001/02,Tottenham,Derby,Away,3,0,1,H,0
2002-02-09,2001/02,Tottenham,Leicester,Home,4,2,1,H,0
2002-03-02,2001/02,Tottenham,Sunderland,Home,7,2,1,H,0
2002-03-06,2001/02,Tottenham,Man United,Away,2,0,4,H,1
2002-03-13,2001/02,Tottenham,Chelsea,Away,0,0,4,H,1
2002-03-18,2001/02,Tottenham,Charlton,Home,5,0,1,A,0
2002-03-24,2001/02,Tottenham,Fulham,Away,4,2,0,A,0
2002-03-30,2001/02,Tottenham,Middlesbrough,Away,6,1,1,D,0
2002-04-01,2001/02,Tottenham,Leeds,Home,5,2,1,H,0
2002-04-06,2001/02,Tottenham,Arsenal,Away,2,1,2,H,0
2002-04-13,2001/02,Tottenham,West Ham,Home,6,1,1,D,0
2002-04-20,2001/02,Tottenham,Bolton,Away,4,1,1,D,0
2002-04-27,2001/02,Tottenham,Liverpool,Home,5,1,0,H,0
2002-05-11,2001/02,Tottenham,Leicester,Away,6,1,2,H,0
2002-08-17,2002/03,Tottenham,Everton,Away,5,2,2,D,0
2002-08-24,2002/03,Tottenham,Aston Villa,Home,3,1,0,H,0
2002-08-27,2002/03,Tottenham,Charlton,Away,1,1,0,A,0
2002-08-31,2002/03,Tottenham,Southampton,Home,8,2,1,H,0
2002-09-11,2002/03,Tottenham,Fulham,Away,4,2,3,H,0
2002-09-15,2002/03,Tottenham,West Ham,Home,3,3,2,H,0
2002-09-21,2002/03,Tottenham,Man United,Away,5,0,1,H,0
2002-09-28,2002/03,Tottenham,Middlesbrough,Home,4,0,3,A,0
2002-10-06,2002/03,Tottenham,Blackburn,Away,6,2,1,A,0
2002-10-20,2002/03,Tottenham,Bolton,Home,3,3,1,H,0
2002-10-26,2002/03,Tottenham,Liverpool,Away,8,1,2,H,0
2002-11-03,2002/03,Tottenham,Chelsea,Home,7,0,0,D,0
2002-11-10,2002/03,Tottenham,Sunderland,Away,3,0,2,H,0
2002-11-16,2002/03,Tottenham,Arsenal,Away,5,0,3,H,1
2002-11-24,2002/03,Tottenham,Leeds,Home,6,2,0,H,0
2002-11-30,2002/03,Tottenham,Birmingham,Away,3,1,1,D,0
2002-12-08,2002/03,Tottenham,West Brom,Home,6,3,1,H,0
2002-12-15,2002/03,Tottenham,Arsenal,Home,10,1,1,D,0
2002-12-23,2002/03,Tottenham,Man City,Away,9,3,2,A,1
2002-12-26,2002/03,Tottenham,Charlton,Home,12,2,2,D,1
2002-12-29,2002/03,Tottenham,Newcastle,Away,6,1,2,H,0
2003-01-01,2002/03,Tottenham,Southampton,Away,7,0,1,H,0
2003-01-12,2002/03,Tottenham,Everton,Home,12,4,3,H,0
2003-01-18,2002/03,Tottenham,Aston Villa,Away,6,1,0,A,0
2003-01-29,2002/03,Tottenham,Newcastle,Home,7,0,1,A,0
2003-02-01,2002/03,Tottenham,Chelsea,Away,5,1,1,D,0
2003-02-08,2002/03,Tottenham,Sunderland,Home,7,4,1,H,0
2003-02-24,2002/03,Tottenham,Fulham,Home,10,1,1,D,1
2003-03-01,2002/03,Tottenham,West Ham,Away,3,0,2,H,0
2003-03-16,2002/03,Tottenham,Liverpool,Home,5,2,3,A,0
2003-03-24,2002/03,Tottenham,Bolton,Away,2,0,1,H,0
2003-04-05,2002/03,Tottenham,Birmingham,Home,6,2,1,H,0
2003-04-12,2002/03,Tottenham,Leeds,Away,2,2,2,D,0
2003-04-18,2002/03,Tottenham,Man City,Home,6,0,2,A,0
2003-04-21,2002/03,Tottenham,West Brom,Away,5,3,2,A,0
2003-04-27,2002/03,Tottenham,Man United,Home,3,0,2,A,0
2003-05-03,2002/03,Tottenham,Middlesbrough,Away,4,1,5,H,1
2003-05-11,2002/03,Tottenham,Blackburn,Home,7,0,4,A,1
2003-08-16,2003/04,Tottenham,Birmingham,Away,7,0,1,H,0
2003-08-23,2003/04,Tottenham,Leeds,Home,4,2,1,H,0
2003-08-27,2003/04,Tottenham,Liverpool,Away,4,0,0,D,0
2003-08-30,2003/04,Tottenham,Fulham,Home,6,0,3,A,0
2003-09-13,2003/04,Tottenham,Chelsea,Away,3,2,4,H,0
2003-09-20,2003/04,Tottenham,Southampton,Home,6,1,3,A,0
2003-09-28,2003/04,Tottenham,Man City,Away,2,0,0,D,0
2003-10-04,2003/04,Tottenham,Everton,Home,7,3,0,H,0
2003-10-19,2003/04,Tottenham,Leicester,Away,4,2,1,A,0
2003-10-26,2003/04,Tottenham,Middlesbrough,Home,8,0,0,D,0
2003-11-01,2003/04,Tottenham,Bolton,Home,6,0,1,A,0
2003-11-08,2003/04,Tottenham,Arsenal,Away,2,1,2,H,0
2003-11-23,2003/04,Tottenham,Aston Villa,Home,5,2,1,H,0
2003-11-29,2003/04,Tottenham,Blackburn,Away,3,0,1,H,0
2003-12-06,2003/04,Tottenham,Wolves,Home,10,5,2,H,0
2003-12-13,2003/04,Tottenham,Newcastle,Away,4,0,4,H,0
2003-12-21,2003/04,Tottenham,Man United,Home,8,1,2,A,0
2003-12-26,2003/04,Tottenham,Portsmouth,Away,3,0,2,H,0
2003-12-28,2003/04,Tottenham,Charlton,Home,9,0,1,A,0
2004-01-07,2003/04,Tottenham,Birmingham,Home,7,4,1,H,0
2004-01-10,2003/04,Tottenham,Leeds,Away,8,1,0,A,0
2004-01-17,2003/04,Tottenham,Liverpool,Home,3,2,1,H,0
2004-01-31,2003/04,Tottenham,Fulham,Away,4,1,2,H,0
2004-02-07,2003/04,Tottenham,Portsmouth,Home,13,4,3,H,0
2004-02-11,2003/04,Tottenham,Charlton,Away,10,4,2,A,0
2004-02-22,2003/04,Tottenham,Leicester,Home,9,4,4,D,0
2004-03-09,2003/04,Tottenham,Middlesbrough,Away,2,0,1,H,0
2004-03-14,2003/04,Tottenham,Newcastle,Home,4,1,0,H,0
2004-03-20,2003/04,Tottenham,Man United,Away,3,0,3,H,0
2004-03-27,2003/04,Tottenham,Southampton,Away,9,0,1,H,0
2004-04-25,2003/04,Tottenham,Arsenal,Home,7,2,2,D,0
2004-05-02,2003/04,Tottenham,Aston Villa,Away,5,0,1,H,0
2004-05-08,2003/04,Tottenham,Blackburn,Home,13,1,0,H,0
2004-08-14,2004/05,Tottenham,Liverpool,Home,7,1,1,D,0
2004-08-21,2004/05,Tottenham,Newcastle,Away,8,1,0,A,0
2004-08-25,2004/05,Tottenham,West Brom,Away,6,1,1,D,0
2004-08-28,2004/05,Tottenham,Birmingham,Home,3,1,0,H,0
2004-09-12,2004/05,Tottenham,Norwich,Home,7,0,0,D,0
2004-09-19,2004/05,Tottenham,Chelsea,Away,3,0,0,D,0
2004-09-25,2004/05,Tottenham,Man United,Home,5,0,1,A,0
2004-10-02,2004/05,Tottenham,Everton,Away,2,1,0,A,0
2004-10-18,2004/05,Tottenham,Portsmouth,Away,7,0,1,H,0
2004-10-23,2004/05,Tottenham,Bolton,Home,5,1,2,A,0
2004-10-30,2004/05,Tottenham,Fulham,Away,1,0,2,H,0
2004-11-06,2004/05,Tottenham,Charlton,Home,11,2,3,A,0
2004-11-13,2004/05,Tottenham,Arsenal,Home,7,4,5,A,0
2004-11-22,2004/05,Tottenham,Aston Villa,Away,6,0,1,H,0
2004-11-28,2004/05,Tottenham,Middlesbrough,Home,9,2,0,H,0
2004-12-04,2004/05,Tottenham,Blackburn,Away,8,1,0,A,0
2004-12-11,2004/05,Tottenham,Man City,Away,2,1,0,A,0
2004-12-18,2004/05,Tottenham,Southampton,Home,12,5,1,H,0
2004-12-26,2004/05,Tottenham,Norwich,Away,9,2,0,A,0
2004-12-28,2004/05,Tottenham,Crystal Palace,Home,14,1,1,D,0
2005-01-01,2004/05,Tottenham,Everton,Home,12,5,2,H,0
2005-01-04,2004/05,Tottenham,Man United,Away,5,0,0,D,0
2005-01-15,2004/05,Tottenham,Chelsea,Home,4,0,2,A,0
2005-01-22,2004/05,Tottenham,Crystal Palace,Away,6,0,3,H,0
2005-02-01,2004/05,Tottenham,Bolton,Away,5,1,3,H,1
2005-02-05,2004/05,Tottenham,Portsmouth,Home,10,3,1,H,0
2005-02-26,2004/05,Tottenham,Fulham,Home,8,2,0,H,0
2005-03-05,2004/05,Tottenham,Southampton,Away,8,0,1,H,0
2005-03-16,2004/05,Tottenham,Charlton,Away,4,0,2,H,0
2005-03-19,2004/05,Tottenham,Man City,Home,9,2,1,H,0
2005-04-02,2004/05,Tottenham,Birmingham,Away,5,1,1,D,0
2005-04-10,2004/05,Tottenham,Newcastle,Home,6,1,0,H,0
2005-04-16,2004/05,Tottenham,Liverpool,Away,6,2,2,D,0
2005-04-20,2004/05,Tottenham,West Brom,Home,5,1,1,D,0
2005-08-13,2005/06,Tottenham,Portsmouth,Away,6,2,0,A,0
2005-08-20,2005/06,Tottenham,Middlesbrough,Home,8,2,0,H,0
2005-08-24,2005/06,Tottenham,Blackburn,Away,1,0,0,D,0
2005-08-27,2005/06,Tottenham,Chelsea,Home,6,0,2,A,1
2005-09-10,2005/06,Tottenham,Liverpool,Home,7,0,0,D,0
2005-09-17,2005/06,Tottenham,Aston Villa,Away,7,1,1,D,0
2005-09-26,2005/06,Tottenham,Fulham,Home,4,1,0,H,0
2005-10-01,2005/06,Tottenham,Charlton,Away,7,3,2,A,0
2005-10-15,2005/06,Tottenham,Everton,Home,5,2,0,H,0
2005-10-22,2005/06,Tottenham,Man United,Away,7,1,1,D,0
2005-10-29,2005/06,Tottenham,Arsenal,Home,3,1,1,D,0
2005-11-07,2005/06,Tottenham,Bolton,Away,7,0,1,H,0
2005-11-20,2005/06,Tottenham,West Ham,Home,8,1,1,D,0
2005-11-26,2005/06,Tottenham,Wigan,Away,5,2,1,A,0
2005-12-03,2005/06,Tottenham,Sunderland,Home,8,3,2,H,0
2005-12-12,2005/06,Tottenham,Portsmouth,Home,9,3,1,H,0
2005-12-18,2005/06,Tottenham,Middlesbrough,Away,5,3,3,D,0
2005-12-26,2005/06,Tottenham,Birmingham,Home,4,2,0,H,0
2005-12-28,2005/06,Tottenham,West Brom,Away,7,0,2,H,0
2005-12-31,2005/06,Tottenham,Newcastle,Home,3,2,0,H,0
2006-01-04,2005/06,Tottenham,Man City,Away,2,2,0,A,0
2006-01-14,2005/06,Tottenham,Liverpool,Away,2,0,1,H,1
2006-01-21,2005/06,Tottenham,Aston Villa,Home,13,0,0,D,0
2006-01-31,2005/06,Tottenham,Fulham,Away,3,0,1,H,1
2006-02-05,2005/06,Tottenham,Charlton,Home,10,3,1,H,0
2006-02-12,2005/06,Tottenham,Sunderland,Away,7,1,1,D,0
2006-02-19,2005/06,Tottenham,Wigan,Home,4,2,2,D,0
2006-03-05,2005/06,Tottenham,Blackburn,Home,5,3,2,H,0
2006-03-11,2005/06,Tottenham,Chelsea,Away,3,1,2,H,0
2006-03-18,2005/06,Tottenham,Birmingham,Away,6,2,0,A,0
2006-03-27,2005/06,Tottenham,West Brom,Home,8,2,1,H,0
2006-04-01,2005/06,Tottenham,Newcastle,Away,5,1,3,H,1
2006-04-08,2005/06,Tottenham,Man City,Home,19,2,1,H,0
2006-04-15,2005/06,Tottenham,Everton,Away,6,1,0,A,0
2006-04-17,2005/06,Tottenham,Man United,Home,8,1,2,A,0
2006-04-22,2005/06,Tottenham,Arsenal,Away,6,1,1,D,1
2006-04-30,2005/06,Tottenham,Bolton,Home,4,1,0,H,0
2006-05-07,2005/06,Tottenham,West Ham,Away,6,1,2,H,0
2006-08-19,2006/07,Tottenham,Bolton,Away,6,0,2,H,0
2006-08-22,2006/07,Tottenham,Sheffield United,Home,13,2,0,H,0
2006-08-26,2006/07,Tottenham,Everton,Home,6,0,2,A,0
2006-09-09,2006/07,Tottenham,Man United,Away,4,0,1,H,0
2006-09-17,2006/07,Tottenham,Fulham,Home,8,0,0,D,0
2006-09-23,2006/07,Tottenham,Liverpool,Away,1,0,3,H,0
2006-10-01,2006/07,Tottenham,Portsmouth,Home,6,2,1,H,0
2006-10-14,2006/07,Tottenham,Aston Villa,Away,5,1,1,D,1
2006-10-22,2006/07,Tottenham,West Ham,Home,5,1,0,H,0
2006-10-28,2006/07,Tottenham,Watford,Away,8,0,0,D,0
2006-11-05,2006/07,Tottenham,Chelsea,Home,3,2,1,H,0
2006-11-12,2006/07,Tottenham,Reading,Away,3,1,3,H,0
2006-11-19,2006/07,Tottenham,Blackburn,Away,5,1,1,D,1
2006-11-26,2006/07,Tottenham,Wigan,Home,6,3,1,H,0
2006-12-02,2006/07,Tottenham,Arsenal,Away,4,0,3,H,0
2006-12-05,2006/07,Tottenham,Middlesbrough,Home,11,2,1,H,1
2006-12-09,2006/07,Tottenham,Charlton,Home,9,5,1,H,0
2006-12-17,2006/07,Tottenham,Man City,Away,7,2,1,A,0
2006-12-23,2006/07,Tottenham,Newcastle,Away,6,1,3,H,0
2006-12-26,2006/07,Tottenham,Aston Villa,Home,10,2,1,H,0
2006-12-30,2006/07,Tottenham,Liverpool,Home,3,0,1,A,0
2007-01-01,2006/07,Tottenham,Portsmouth,Away,7,1,1,D,0
2007-01-14,2006/07,Tottenham,Newcastle,Home,17,2,3,A,0
2007-01-20,2006/07,Tottenham,Fulham,Away,4,1,1,D,0
2007-02-04,2006/07,Tottenham,Man United,Home,5,0,4,A,0
2007-02-10,2006/07,Tottenham,Sheffield United,Away,1,1,2,H,0
2007-02-21,2006/07,Tottenham,Everton,Away,4,2,1,A,0
2007-02-25,2006/07,Tottenham,Bolton,Home,10,4,1,H,1
2007-03-04,2006/07,Tottenham,West Ham,Away,7,4,3,A,0
2007-03-17,2006/07,Tottenham,Watford,Home,11,3,1,H,0
2007-04-01,2006/07,Tottenham,Reading,Home,7,1,0,H,0
2007-04-07,2006/07,Tottenham,Chelsea,Away,5,0,1,H,0
2007-04-15,2006/07,Tottenham,Wigan,Away,6,3,3,D,0
2007-04-21,2006/07,Tottenham,Arsenal,Home,3,2,2,D,0
2007-04-28,2006/07,Tottenham,Middlesbrough,Away,5,3,2,A,0
2007-05-07,2006/07,Tottenham,Charlton,Away,6,2,0,A,0
2007-05-10,2006/07,Tottenham,Blackburn,Home,7,1,1,D,0
2007-05-13,2006/07,Tottenham,Man City,Home,3,2,1,H,0
2007-08-11,2007/08,Tottenham,Sunderland,Away,3,0,1,H,0
2007-08-14,2007/08,Tottenham,Everton,Home,8,1,3,A,0
2007-08-18,2007/08,Tottenham,Derby,Home,14,4,0,H,0
2007-08-26,2007/08,Tottenham,Man United,Away,3,0,1,H,0
2007-09-01,2007/08,Tottenham,Fulham,Away,8,3,3,D,0
2007-09-15,2007/08,Tottenham,Arsenal,Home,5,1,3,A,0
2007-09-23,2007/08,Tottenham,Bolton,Away,7,1,1,D,0
2007-10-01,2007/08,Tottenham,Aston Villa,Home,12,4,4,D,0
2007-10-07,2007/08,Tottenham,Liverpool,Away,6,2,2,D,0
2007-10-22,2007/08,Tottenham,Newcastle,Away,4,1,3,H,0
2007-10-28,2007/08,Tottenham,Blackburn,Home,6,1,2,A,0
2007-11-03,2007/08,Tottenham,Middlesbrough,Away,4,1,1,D,0
2007-11-11,2007/08,Tottenham,Wigan,Home,8,4,0,H,0
2007-11-25,2007/08,Tottenham,West Ham,Away,5,1,1,D,0
2007-12-02,2007/08,Tottenham,Birmingham,Home,9,2,3,A,1
2007-12-09,2007/08,Tottenham,Man City,Home,8,2,1,H,0
2007-12-15,2007/08,Tottenham,Portsmouth,Away,5,1,0,A,0
2007-12-22,2007/08,Tottenham,Arsenal,Away,5,1,2,H,0
2007-12-26,2007/08,Tottenham,Fulham,Home,8,5,1,H,0
2007-12-29,2007/08,Tottenham,Reading,Home,12,6,4,H,0
2008-01-01,2007/08,Tottenham,Aston Villa,Away,6,1,2,H,0
2008-01-12,2007/08,Tottenham,Chelsea,Away,2,0,2,H,0
2008-01-19,2007/08,Tottenham,Sunderland,Home,13,2,0,H,0
2008-01-30,2007/08,Tottenham,Everton,Away,4,0,0,D,0
2008-02-02,2007/08,Tottenham,Man United,Home,8,1,1,D,0
2008-02-09,2007/08,Tottenham,Derby,Away,8,3,0,A,0
2008-03-01,2007/08,Tottenham,Birmingham,Away,10,1,4,H,0
2008-03-09,2007/08,Tottenham,West Ham,Home,11,4,0,H,0
2008-03-16,2007/08,Tottenham,Man City,Away,7,1,2,H,0
2008-03-19,2007/08,Tottenham,Chelsea,Home,9,4,4,D,0
2008-03-22,2007/08,Tottenham,Portsmouth,Home,8,2,0,H,0
2008-03-30,2007/08,Tottenham,Newcastle,Home,10,1,4,A,0
2008-04-05,2007/08,Tottenham,Blackburn,Away,8,1,1,D,0
2008-04-12,2007/08,Tottenham,Middlesbrough,Home,9,1,1,D,0
2008-04-19,2007/08,Tottenham,Wigan,Away,12,1,1,D,0
2008-04-26,2007/08,Tottenham,Bolton,Home,13,1,1,D,0
2008-05-03,2007/08,Tottenham,Reading,Away,7,1,0,A,0
2008-05-11,2007/08,Tottenham,Liverpool,Home,3,0,2,A,0
2008-08-16,2008/09,Tottenham,Middlesbrough,Away,5,1,2,H,0
2008-08-23,2008/09,Tottenham,Sunderland,Home,11,1,2,A,0
2008-08-31,2008/09,Tottenham,Chelsea,Away,6,1,1,D,0
2008-09-15,2008/09,Tottenham,Aston Villa,Home,10,1,2,A,0
2008-09-21,2008/09,Tottenham,Wigan,Home,4,0,0,D,0
2008-09-28,2008/09,Tottenham,Portsmouth,Away,8,0,2,H,0
2008-10-05,2008/09,Tottenham,Hull,Home,16,0,1,A,0
2008-10-19,2008/09,Tottenham,Stoke,Away,6,1,2,H,2
2008-10-26,2008/09,Tottenham,Bolton,Home,9,2,0,H,0
2008-10-29,2008/09,Tottenham,Arsenal,Away,6,4,4,D,0
2008-11-01,2008/09,Tottenham,Liverpool,Home,4,2,1,H,0
2008-11-09,2008/09,Tottenham,Man City,Away,9,2,1,A,1
2008-11-15,2008/09,Tottenham,Fulham,Away,3,1,2,H,0
2008-11-23,2008/09,Tottenham,Blackburn,Home,7,1,0,H,0
2008-11-30,2008/09,Tottenham,Everton,Home,6,0,1,A,0
2008-12-08,2008/09,Tottenham,West Ham,Away,12,2,0,A,0
2008-12-13,2008/09,Tottenham,Man United,Home,6,0,0,D,0
2008-12-21,2008/09,Tottenham,Newcastle,Away,6,1,2,H,0
2008-12-26,2008/09,Tottenham,Fulham,Home,7,0,0,D,0
2008-12-28,2008/09,Tottenham,West Brom,Away,3,0,2,H,1
2009-01-11,2008/09,Tottenham,Wigan,Away,3,0,1,H,0
2009-01-18,2008/09,Tottenham,Portsmouth,Home,15,1,1,D,0
2009-01-27,2008/09,Tottenham,Stoke,Home,14,3,1,H,0
2009-01-31,2008/09,Tottenham,Bolton,Away,10,2,3,H,0
2009-02-08,2008/09,Tottenham,Arsenal,Home,6,0,0,D,0
2009-02-23,2008/09,Tottenham,Hull,Away,6,2,1,A,0
2009-03-04,2008/09,Tottenham,Middlesbrough,Home,7,4,0,H,0
2009-03-07,2008/09,Tottenham,Sunderland,Away,8,1,1,D,0
2009-03-15,2008/09,Tottenham,Aston Villa,Away,9,2,1,A,0
2009-03-21,2008/09,Tottenham,Chelsea,Home,4,1,0,H,0
2009-04-04,2008/09,Tottenham,Blackburn,Away,3,1,2,H,1
2009-04-11,2008/09,Tottenham,West Ham,Home,9,1,0,H,0
2009-04-19,2008/09,Tottenham,Newcastle,Home,18,1,0,H,0
2009-04-25,2008/09,Tottenham,Man United,Away,4,2,5,H,0
2009-05-02,2008/09,Tottenham,West Brom,Home,9,1,0,H,0
2009-05-09,2008/09,Tottenham,Everton,Away,2,0,0,D,0
2009-05-16,2008/09,Tottenham,Man City,Home,4,2,1,H,0
2009-05-24,2008/09,Tottenham,Liverpool,Away,4,1,3,H,0
2009-08-16,2009/10,Tottenham,Liverpool,Home,11,2,1,H,0
2009-08-19,2009/10,Tottenham,Hull,Away,12,5,1,A,0
2009-08-23,2009/10,Tottenham,West Ham,Away,10,2,1,A,0
2009-08-29,2009/10,Tottenham,Birmingham,Home,14,2,1,H,0
2009-09-12,2009/10,Tottenham,Man United,Home,7,1,3,A,0
2009-09-20,2009/10,Tottenham,Chelsea,Away,4,0,3,H,0
2009-09-26,2009/10,Tottenham,Burnley,Home,12,5,0,H,0
2009-10-03,2009/10,Tottenham,Bolton,Away,9,2,2,D,0
2009-10-17,2009/10,Tottenham,Portsmouth,Away,4,2,1,A,1
2009-10-24,2009/10,Tottenham,Stoke,Home,12,0,1,A,0
2009-10-31,2009/10,Tottenham,Arsenal,Away,5,0,3,H,0
2009-11-07,2009/10,Tottenham,Sunderland,Home,8,2,0,H,0
2009-11-22,2009/10,Tottenham,Wigan,Home,16,9,1,H,0
2009-11-28,2009/10,Tottenham,Aston Villa,Away,17,1,1,D,0
2009-12-06,2009/10,Tottenham,Everton,Away,11,2,2,D,0
2009-12-12,2009/10,Tottenham,Wolves,Home,10,0,1,A,0
2009-12-16,2009/10,Tottenham,Man City,Home,7,3,0,H,0
2009-12-19,2009/10,Tottenham,Blackburn,Away,2,2,0,A,0
2009-12-26,2009/10,Tottenham,Fulham,Away,1,0,0,D,0
2009-12-28,2009/10,Tottenham,West Ham,Home,9,2,0,H,0
2010-01-16,2009/10,Tottenham,Hull,Home,18,0,0,D,0
2010-01-20,2009/10,Tottenham,Liverpool,Away,5,0,2,H,0
2010-01-26,2009/10,Tottenham,Fulham,Home,7,2,0,H,0
2010-01-30,2009/10,Tottenham,Birmingham,Away,12,1,1,D,0
2010-02-06,2009/10,Tottenham,Aston Villa,Home,15,0,0,D,0
2010-02-10,2009/10,Tottenham,Wolves,Away,4,0,1,H,0
2010-02-21,2009/10,Tottenham,Wigan,Away,12,3,0,A,0
2010-02-28,2009/10,Tottenham,Everton,Home,9,2,1,H,0
2010-03-13,2009/10,Tottenham,Blackburn,Home,7,3,1,H,0
2010-03-20,2009/10,Tottenham,Stoke,Away,9,2,1,A,0
2010-03-27,2009/10,Tottenham,Portsmouth,Home,8,2,0,H,0
2010-04-03,2009/10,Tottenham,Sunderland,Away,9,1,3,H,0
2010-04-14,2009/10,Tottenham,Arsenal,Home,10,2,1,H,0
2010-04-17,2009/10,Tottenham,Chelsea,Home,10,2,1,H,0
2010-04-24,2009/10,Tottenham,Man United,Away,3,1,3,H,0
2010-05-01,2009/10,Tottenham,Bolton,Home,12,1,0,H,0
2010-05-05,2009/10,Tottenham,Man City,Away,6,1,0,A,0
2010-05-09,2009/10,Tottenham,Burnley,Away,11,2,4,H,0
2010-08-14,2010/11,Tottenham,Man City,Home,18,0,0,D,0
2010-08-21,2010/11,Tottenham,Stoke,Away,6,2,1,A,0
2010-08-28,2010/11,Tottenham,Wigan,Home,7,0,1,A,0
2010-09-11,2010/11,Tottenham,West Brom,Away,9,1,1,D,0
2010-09-18,2010/11,Tottenham,Wolves,Home,11,3,1,H,0
2010-09-25,2010/11,Tottenham,West Ham,Away,11,0,1,H,0
2010-10-02,2010/11,Tottenham,Aston Villa,Home,10,2,1,H,0
2010-10-16,2010/11,Tottenham,Fulham,Away,6,2,1,A,0
2010-10-23,2010/11,Tottenham,Everton,Home,8,1,1,D,0
2010-10-30,2010/11,Tottenham,Man United,Away,5,0,2,H,0
2010-11-06,2010/11,Tottenham,Bolton,Away,6,2,4,H,0
2010-11-09,2010/11,Tottenham,Sunderland,Home,12,1,1,D,0
2010-11-13,2010/11,Tottenham,Blackburn,Home,12,4,2,H,0
2010-11-20,2010/11,Tottenham,Arsenal,Away,6,3,2,A,0
2010-11-28,2010/11,Tottenham,Liverpool,Home,13,2,1,H,0
2010-12-04,2010/11,Tottenham,Birmingham,Away,5,1,1,D,0
2010-12-12,2010/11,Tottenham,Chelsea,Home,3,1,1,D,0
2010-12-26,2010/11,Tottenham,Aston Villa,Away,8,2,1,A,1
2010-12-28,2010/11,Tottenham,Newcastle,Home,8,2,0,H,1
2011-01-01,2010/11,Tottenham,Fulham,Home,9,1,0,H,0
2011-01-05,2010/11,Tottenham,Everton,Away,5,1,2,H,0
2011-01-16,2010/11,Tottenham,Man United,Home,6,0,0,D,0
2011-01-22,2010/11,Tottenham,Newcastle,Away,9,1,1,D,0
2011-02-02,2010/11,Tottenham,Blackburn,Away,5,1,0,A,0
2011-02-05,2010/11,Tottenham,Bolton,Home,7,2,1,H,0
2011-02-12,2010/11,Tottenham,Sunderland,Away,5,2,1,A,0
2011-02-22,2010/11,Tottenham,Blackpool,Away,10,1,3,H,0
2011-03-06,2010/11,Tottenham,Wolves,Away,10,3,3,D,0
2011-03-19,2010/11,Tottenham,West Ham,Home,14,0,0,D,0
2011-04-02,2010/11,Tottenham,Wigan,Away,6,0,0,D,0
2011-04-09,2010/11,Tottenham,Stoke,Home,8,3,2,H,0
2011-04-20,2010/11,Tottenham,Arsenal,Home,9,3,3,D,0
2011-04-23,2010/11,Tottenham,West Brom,Home,9,2,2,D,0
2011-04-30,2010/11,Tottenham,Chelsea,Away,7,1,2,H,0
2011-05-07,2010/11,Tottenham,Blackpool,Home,11,1,1,D,0
2011-05-10,2010/11,Tottenham,Man City,Away,7,0,1,H,0
2011-05-15,2010/11,Tottenham,Liverpool,Away,4,2,0,A,0
2011-05-22,2010/11,Tottenham,Birmingham,Home,16,2,1,H,0
2011-08-22,2011/12,Tottenham,Man United,Away,12,0,3,H,0
2011-08-28,2011/12,Tottenham,Man City,Home,10,1,5,A,0
2011-09-10,2011/12,Tottenham,Wolves,Away,11,2,0,A,0
2011-09-18,2011/12,Tottenham,Liverpool,Home,16,4,0,H,0
2011-09-24,2011/12,Tottenham,Wigan,Away,7,2,1,A,0
2011-10-02,2011/12,Tottenham,Arsenal,Home,8,2,1,H,0
2011-10-16,2011/12,Tottenham,Newcastle,Away,8,2,2,D,0
2011-10-23,2011/12,Tottenham,Blackburn,Away,7,2,1,A,0
2011-10-30,2011/12,Tottenham,QPR,Home,13,3,1,H,0
2011-11-06,2011/12,Tottenham,Fulham,Away,8,3,1,A,0
2011-11-21,2011/12,Tottenham,Aston Villa,Home,9,2,0,H,0
2011-11-26,2011/12,Tottenham,West Brom,Away,14,3,1,A,0
2011-12-03,2011/12,Tottenham,Bolton,Home,16,3,0,H,0
2011-12-11,2011/12,Tottenham,Stoke,Away,12,1,2,H,1
2011-12-18,2011/12,Tottenham,Sunderland,Home,12,1,0,H,0
2011-12-22,2011/12,Tottenham,Chelsea,Home,10,1,1,D,0
2011-12-27,2011/12,Tottenham,Norwich,Away,8,2,0,A,0
2011-12-31,2011/12,Tottenham,Swansea,Away,7,1,1,D,0
2012-01-03,2011/12,Tottenham,West Brom,Home,14,1,0,H,0
2012-01-11,2011/12,Tottenham,Everton,Home,7,2,0,H,0
2012-01-14,2011/12,Tottenham,Wolves,Home,10,1,1,D,0
2012-01-22,2011/12,Tottenham,Man City,Away,7,2,3,H,0
2012-01-31,2011/12,Tottenham,Wigan,Home,13,3,1,H,0
2012-02-06,2011/12,Tottenham,Liverpool,Away,6,0,0,D,0
2012-02-11,2011/12,Tottenham,Newcastle,Home,9,5,0,H,0
2012-02-26,2011/12,Tottenham,Arsenal,Away,4,2,5,H,1
2012-03-04,2011/12,Tottenham,Man United,Home,9,1,3,A,0
2012-03-10,2011/12,Tottenham,Everton,Away,9,0,1,H,0
2012-03-21,2011/12,Tottenham,Stoke,Home,18,1,1,D,0
2012-03-24,2011/12,Tottenham,Chelsea,Away,7,0,0,D,0
2012-04-01,2011/12,Tottenham,Swansea,Home,10,3,1,H,0
2012-04-07,2011/12,Tottenham,Sunderland,Away,8,0,0,D,0
2012-04-09,2011/12,Tottenham,Norwich,Home,9,1,2,A,0
2012-04-21,2011/12,Tottenham,QPR,Away,8,0,1,H,0
2012-04-29,2011/12,Tottenham,Blackburn,Home,8,2,0,H,0
2012-05-02,2011/12,Tottenham,Bolton,Away,10,4,1,A,0
2012-05-06,2011/12,Tottenham,Aston Villa,Away,10,1,1,D,1
2012-05-13,2011/12,Tottenham,Fulham,Home,9,2,0,H,0
2012-08-18,2012/13,Tottenham,Newcastle,Away,6,1,2,H,0
2012-08-25,2012/13,Tottenham,West Brom,Home,10,1,1,D,0
2012-09-01,2012/13,Tottenham,Norwich,Home,9,1,1,D,1
2012-09-16,2012/13,Tottenham,Reading,Away,11,3,1,A,0
2012-09-23,2012/13,Tottenham,QPR,Home,14,2,1,H,0
2012-09-29,2012/13,Tottenham,Man United,Away,6,3,2,A,0
2012-10-07,2012/13,Tottenham,Aston Villa,Home,10,2,0,H,0
2012-10-20,2012/13,Tottenham,Chelsea,Home,16,2,4,A,0
2012-10-28,2012/13,Tottenham,Southampton,Away,4,2,1,A,0
2012-11-03,2012/13,Tottenham,Wigan,Home,10,0,1,A,0
2012-11-11,2012/13,Tottenham,Man City,Away,2,1,2,H,0
2012-11-17,2012/13,Tottenham,Arsenal,Away,4,2,5,H,1
2012-11-25,2012/13,Tottenham,West Ham,Home,13,3,1,H,0
2012-11-28,2012/13,Tottenham,Liverpool,Home,7,2,1,H,0
2012-12-01,2012/13,Tottenham,Fulham,Away,6,3,0,A,0
2012-12-09,2012/13,Tottenham,Everton,Away,6,1,2,H,0
2012-12-16,2012/13,Tottenham,Swansea,Home,16,1,0,H,0
2012-12-22,2012/13,Tottenham,Stoke,Home,14,0,0,D,0
2012-12-26,2012/13,Tottenham,Aston Villa,Away,16,4,0,A,0
2012-12-29,2012/13,Tottenham,Sunderland,Away,14,2,1,A,0
2013-01-01,2012/13,Tottenham,Reading,Home,20,3,1,H,0
2013-01-12,2012/13,Tottenham,QPR,Away,8,0,0,D,0
2013-01-20,2012/13,Tottenham,Man United,Home,18,1,1,D,0
2013-01-30,2012/13,Tottenham,Norwich,Away,7,1,1,D,0
2013-02-03,2012/13,Tottenham,West Brom,Away,13,1,0,A,0
2013-02-09,2012/13,Tottenham,Newcastle,Home,9,2,1,H,0
2013-02-25,2012/13,Tottenham,West Ham,Away,16,3,2,A,0
2013-03-03,2012/13,Tottenham,Arsenal,Home,5,2,1,H,0
2013-03-10,2012/13,Tottenham,Liverpool,Away,9,2,3,H,0
2013-03-17,2012/13,Tottenham,Fulham,Home,6,0,1,A,0
2013-03-30,2012/13,Tottenham,Swansea,Away,7,2,1,A,0
2013-04-07,2012/13,Tottenham,Everton,Home,10,2,2,D,0
2013-04-21,2012/13,Tottenham,Man City,Home,8,3,1,H,0
2013-04-27,2012/13,Tottenham,Wigan,Away,7,2,2,D,0
2013-05-04,2012/13,Tottenham,Southampton,Home,4,1,0,H,0
2013-05-08,2012/13,Tottenham,Chelsea,Away,6,2,2,D,0
2013-05-12,2012/13,Tottenham,Stoke,Away,15,2,1,A,0
2013-05-19,2012/13,Tottenham,Sunderland,Home,19,1,0,H,0
2013-08-18,2013/14,Tottenham,Crystal Palace,Away,2,1,0,A,0
2013-08-25,2013/14,Tottenham,Swansea,Home,5,1,0,H,0
2013-09-01,2013/14,Tottenham,Arsenal,Away,4,0,1,H,0
2013-09-14,2013/14,Tottenham,Norwich,Home,7,2,0,H,0
2013-09-22,2013/14,Tottenham,Cardiff,Away,12,1,0,A,0
2013-09-28,2013/14,Tottenham,Chelsea,Home,4,1,1,D,0
2013-10-06,2013/14,Tottenham,West Ham,Home,4,0,3,A,0
2013-10-20,2013/14,Tottenham,Aston Villa,Away,6,2,0,A,0
2013-10-27,2013/14,Tottenham,Hull,Home,6,1,0,H,0
2013-11-03,2013/14,Tottenham,Everton,Away,6,0,0,D,0
2013-11-10,2013/14,Tottenham,Newcastle,Home,14,0,1,A,0
2013-11-24,2013/14,Tottenham,Man City,Away,5,0,6,H,0
2013-12-01,2013/14,Tottenham,Man United,Home,4,2,2,D,0
2013-12-04,2013/14,Tottenham,Fulham,Away,5,2,1,A,0
2013-12-07,2013/14,Tottenham,Sunderland,Away,5,2,1,A,0
2013-12-15,2013/14,Tottenham,Liverpool,Home,0,0,5,A,1
2013-12-22,2013/14,Tottenham,Southampton,Away,3,3,2,A,0
2013-12-26,2013/14,Tottenham,West Brom,Home,3,1,1,D,0
2013-12-29,2013/14,Tottenham,Stoke,Home,7,3,0,H,0
2014-01-01,2013/14,Tottenham,Man United,Away,4,2,1,A,0
2014-01-11,2013/14,Tottenham,Crystal Palace,Home,4,2,0,H,0
2014-01-19,2013/14,Tottenham,Swansea,Away,5,3,1,A,0
2014-01-29,2013/14,Tottenham,Man City,Home,2,1,5,A,1
2014-02-01,2013/14,Tottenham,Hull,Away,3,1,1,D,0
2014-02-09,2013/14,Tottenham,Everton,Home,2,1,0,H,0
2014-02-12,2013/14,Tottenham,Newcastle,Away,8,4,0,A,0
2014-02-23,2013/14,Tottenham,Norwich,Away,2,0,1,H,0
2014-03-02,2013/14,Tottenham,Cardiff,Home,6,1,0,H,0
2014-03-08,2013/14,Tottenham,Chelsea,Away,2,0,4,H,1
2014-03-16,2013/14,Tottenham,Arsenal,Home,2,0,1,A,0
2014-03-23,2013/14,Tottenham,Southampton,Home,6,3,2,H,0
2014-03-30,2013/14,Tottenham,Liverpool,Away,4,0,4,H,0
2014-04-07,2013/14,Tottenham,Sunderland,Home,11,5,1,H,0
2014-04-12,2013/14,Tottenham,West Brom,Away,8,3,3,D,0
2014-04-19,2013/14,Tottenham,Fulham,Home,5,3,1,H,0
2014-04-26,2013/14,Tottenham,Stoke,Away,4,1,0,A,0
2014-05-03,2013/14,Tottenham,West Ham,Away,3,0,2,H,1
2014-05-11,2013/14,Tottenham,Aston Villa,Home,6,3,0,H,0
2014-08-16,2014/15,Tottenham,West Ham,Away,4,1,0,A,1
2014-08-24,2014/15,Tottenham,QPR,Home,5,4,0,H,0
2014-08-31,2014/15,Tottenham,Liverpool,Home,1,0,3,A,0
2014-09-13,2014/15,Tottenham,Sunderland,Away,6,2,2,D,0
2014-09-21,2014/15,Tottenham,West Brom,Home,1,0,1,A,0
2014-09-27,2014/15,Tottenham,Arsenal,Away,4,1,1,D,0
2014-10-05,2014/15,Tottenham,Southampton,Home,4,1,0,H,0
2014-10-18,2014/15,Tottenham,Man City,Away,7,1,4,H,1
2014-10-26,2014/15,Tottenham,Newcastle,Home,2,1,2,A,0
2014-11-02,2014/15,Tottenham,Aston Villa,Away,7,2,1,A,0
2014-11-09,2014/15,Tottenham,Stoke,Home,4,1,2,A,1
2014-11-23,2014/15,Tottenham,Hull,Away,6,2,1,A,0
2014-11-30,2014/15,Tottenham,Everton,Home,6,2,1,H,0
2014-12-03,2014/15,Tottenham,Chelsea,Away,2,0,3,H,0
2014-12-06,2014/15,Tottenham,Crystal Palace,Home,3,0,0,D,0
2014-12-14,2014/15,Tottenham,Swansea,Away,4,2,1,A,0
2014-12-20,2014/15,Tottenham,Burnley,Home,6,2,1,H,0
2014-12-26,2014/15,Tottenham,Leicester,Away,3,2,1,A,0
2014-12-28,2014/15,Tottenham,Man United,Home,4,0,0,D,0
2015-01-01,2014/15,Tottenham,Chelsea,Home,8,5,3,H,0
2015-01-10,2014/15,Tottenham,Crystal Palace,Away,5,1,2,H,0
2015-01-17,2014/15,Tottenham,Sunderland,Home,8,2,1,H,0
2015-01-31,2014/15,Tottenham,West Brom,Away,4,3,0,A,0
2015-02-07,2014/15,Tottenham,Arsenal,Home,8,2,1,H,0
2015-02-10,2014/15,Tottenham,Liverpool,Away,5,2,3,H,0
2015-02-22,2014/15,Tottenham,West Ham,Home,8,2,2,D,0
2015-03-04,2014/15,Tottenham,Swansea,Home,7,3,2,H,0
2015-03-07,2014/15,Tottenham,QPR,Away,6,2,1,A,0
2015-03-15,2014/15,Tottenham,Man United,Away,1,0,3,H,0
2015-03-21,2014/15,Tottenham,Leicester,Home,4,4,3,H,0
2015-04-05,2014/15,Tottenham,Burnley,Away,2,0,0,D,0
2015-04-11,2014/15,Tottenham,Aston Villa,Home,3,0,1,A,0
2015-04-19,2014/15,Tottenham,Newcastle,Away,8,3,1,A,0
2015-04-25,2014/15,Tottenham,Southampton,Away,2,2,2,D,0
2015-05-03,2014/15,Tottenham,Man City,Home,5,0,1,A,0
2015-05-09,2014/15,Tottenham,Stoke,Away,3,0,3,H,1
2015-05-16,2014/15,Tottenham,Hull,Home,3,2,0,H,0
2015-05-24,2014/15,Tottenham,Everton,Away,3,1,0,A,0
2015-08-08,2015/16,Tottenham,Man United,Away,4,0,1,H,0
2015-08-15,2015/16,Tottenham,Stoke,Home,7,2,2,D,0
2015-08-22,2015/16,Tottenham,Leicester,Away,6,1,1,D,0
2015-08-29,2015/16,Tottenham,Everton,Home,6,0,0,D,0
2015-09-13,2015/16,Tottenham,Sunderland,Away,4,1,0,A,0
2015-09-20,2015/16,Tottenham,Crystal Palace,Home,6,1,0,H,0
2015-09-26,2015/16,Tottenham,Man City,Home,8,4,1,H,0
2015-10-04,2015/16,Tottenham,Swansea,Away,11,2,2,D,0
2015-10-17,2015/16,Tottenham,Liverpool,Home,4,0,0,D,0
2015-10-25,2015/16,Tottenham,Bournemouth,Away,9,5,1,A,0
2015-11-02,2015/16,Tottenham,Aston Villa,Home,6,3,1,H,0
2015-11-08,2015/16,Tottenham,Arsenal,Away,4,1,1,D,0
2015-11-22,2015/16,Tottenham,West Ham,Home,12,4,1,H,0
2015-11-29,2015/16,Tottenham,Chelsea,Home,4,0,0,D,0
2015-12-05,2015/16,Tottenham,West Brom,Away,3,1,1,D,0
2015-12-13,2015/16,Tottenham,Newcastle,Home,8,1,2,A,0
2015-12-19,2015/16,Tottenham,Southampton,Away,6,2,0,A,0
2015-12-26,2015/16,Tottenham,Norwich,Home,10,3,0,H,0
2015-12-28,2015/16,Tottenham,Watford,Away,3,2,1,A,0
2016-01-03,2015/16,Tottenham,Everton,Away,4,1,1,D,0
2016-01-13,2015/16,Tottenham,Leicester,Home,5,0,1,A,0
2016-01-16,2015/16,Tottenham,Sunderland,Home,11,4,1,H,0
2016-01-23,2015/16,Tottenham,Crystal Palace,Away,11,3,1,A,0
2016-02-02,2015/16,Tottenham,Norwich,Away,6,3,0,A,0
2016-02-06,2015/16,Tottenham,Watford,Home,9,1,0,H,0
2016-02-14,2015/16,Tottenham,Man City,Away,3,2,1,A,0
2016-02-28,2015/16,Tottenham,Swansea,Home,14,2,1,H,0
2016-03-02,2015/16,Tottenham,West Ham,Away,2,0,1,H,0
2016-03-05,2015/16,Tottenham,Arsenal,Home,11,2,2,D,0
2016-03-13,2015/16,Tottenham,Aston Villa,Away,8,2,0,A,0
2016-03-20,2015/16,Tottenham,Bournemouth,Home,8,3,0,H,0
2016-04-02,2015/16,Tottenham,Liverpool,Away,5,1,1,D,0
2016-04-10,2015/16,Tottenham,Man United,Home,8,3,0,H,0
2016-04-18,2015/16,Tottenham,Stoke,Away,6,4,0,A,0
2016-04-25,2015/16,Tottenham,West Brom,Home,2,1,1,D,0
2016-05-02,2015/16,Tottenham,Chelsea,Away,5,2,2,D,0
2016-05-08,2015/16,Tottenham,Southampton,Home,6,1,2,A,0
2016-05-15,2015/16,Tottenham,Newcastle,Away,5,1,5,H,0
2016-08-13,2016/17,Tottenham,Everton,Away,4,1,1,D,0
2016-08-20,2016/17,Tottenham,Crystal Palace,Home,5,1,0,H,0
2016-08-27,2016/17,Tottenham,Liverpool,Home,4,1,1,D,0
2016-09-10,2016/17,Tottenham,Stoke,Away,8,4,0,A,0
2016-09-18,2016/17,Tottenham,Sunderland,Home,9,1,0,H,0
2016-09-24,2016/17,Tottenham,Middlesbrough,Away,5,2,1,A,0
2016-10-02,2016/17,Tottenham,Man City,Home,7,2,0,H,0
2016-10-15,2016/17,Tottenham,West Brom,Away,8,1,1,D,0
2016-10-22,2016/17,Tottenham,Bournemouth,Away,4,0,0,D,0
2016-10-29,2016/17,Tottenham,Leicester,Home,5,1,1,D,0
2016-11-06,2016/17,Tottenham,Arsenal,Away,3,1,1,D,0
2016-11-19,2016/17,Tottenham,West Ham,Home,6,3,2,H,0
2016-11-26,2016/17,Tottenham,Chelsea,Away,6,1,2,H,0
2016-12-03,2016/17,Tottenham,Swansea,Home,15,5,0,H,0
2016-12-11,2016/17,Tottenham,Man United,Away,4,0,1,H,0
2016-12-14,2016/17,Tottenham,Hull,Home,9,3,0,H,0
2016-12-18,2016/17,Tottenham,Burnley,Home,9,2,1,H,0
2016-12-28,2016/17,Tottenham,Southampton,Away,5,4,1,A,0
2017-01-01,2016/17,Tottenham,Watford,Away,6,4,1,A,0
2017-01-04,2016/17,Tottenham,Chelsea,Home,2,2,0,H,0
2017-01-14,2016/17,Tottenham,West Brom,Home,11,4,0,H,0
2017-01-21,2016/17,Tottenham,Man City,Away,2,2,2,D,0
2017-01-31,2016/17,Tottenham,Sunderland,Away,3,0,0,D,0
2017-02-04,2016/17,Tottenham,Middlesbrough,Home,5,1,0,H,0
2017-02-11,2016/17,Tottenham,Liverpool,Away,2,0,2,H,0
2017-02-26,2016/17,Tottenham,Stoke,Home,9,4,0,H,0
2017-03-05,2016/17,Tottenham,Everton,Home,7,3,2,H,0
2017-03-19,2016/17,Tottenham,Southampton,Home,6,2,1,H,0
2017-04-01,2016/17,Tottenham,Burnley,Away,7,2,0,A,0
2017-04-05,2016/17,Tottenham,Swansea,Away,8,3,1,A,0
2017-04-08,2016/17,Tottenham,Watford,Home,6,4,0,H,0
2017-04-15,2016/17,Tottenham,Bournemouth,Home,14,4,0,H,0
2017-04-26,2016/17,Tottenham,Crystal Palace,Away,4,1,0,A,0
2017-04-30,2016/17,Tottenham,Arsenal,Home,11,2,0,H,0
2017-05-05,2016/17,Tottenham,West Ham,Away,5,0,1,H,0
2017-05-14,2016/17,Tottenham,Man United,Home,7,2,1,H,0
2017-05-18,2016/17,Tottenham,Leicester,Away,12,6,1,A,0
2017-05-21,2016/17,Tottenham,Hull,Away,14,7,1,A,0
2017-08-13,2017/18,Tottenham,Newcastle,Away,6,2,0,A,0
2017-08-20,2017/18,Tottenham,Chelsea,Home,6,1,2,A,0
2017-08-27,2017/18,Tottenham,Burnley,Home,5,1,1,D,0
2017-09-09,2017/18,Tottenham,Everton,Away,6,3,0,A,0
2017-09-16,2017/18,Tottenham,Swansea,Home,8,0,0,D,0
2017-09-23,2017/18,Tottenham,West Ham,Away,5,3,2,A,1
2017-09-30,2017/18,Tottenham,Huddersfield,Away,7,4,0,A,0
2017-10-14,2017/18,Tottenham,Bournemouth,Home,6,1,0,H,0
2017-10-22,2017/18,Tottenham,Liverpool,Home,6,4,1,H,0
2017-10-28,2017/18,Tottenham,Man United,Away,4,0,1,H,0
2017-11-05,2017/18,Tottenham,Crystal Palace,Home,2,1,0,H,0
2017-11-18,2017/18,Tottenham,Arsenal,Away,4,0,2,H,0
2017-11-25,2017/18,Tottenham,West Brom,Home,5,1,1,D,0
2017-11-28,2017/18,Tottenham,Leicester,Away,6,1,2,H,0
2017-12-02,2017/18,Tottenham,Watford,Away,2,1,1,D,1
2017-12-09,2017/18,Tottenham,Stoke,Home,11,5,1,H,0
2017-12-13,2017/18,Tottenham,Brighton,Home,8,2,0,H,0
2017-12-16,2017/18,Tottenham,Man City,Away,2,1,4,H,0
2017-12-23,2017/18,Tottenham,Burnley,Away,8,3,0,A,0
2017-12-26,2017/18,Tottenham,Southampton,Home,7,5,2,H,0
2018-01-02,2017/18,Tottenham,Swansea,Away,5,2,0,A,0
2018-01-04,2017/18,Tottenham,West Ham,Home,8,1,1,D,0
2018-01-13,2017/18,Tottenham,Everton,Home,10,4,0,H,0
2018-01-21,2017/18,Tottenham,Southampton,Away,2,1,1,D,0
2018-01-31,2017/18,Tottenham,Man United,Home,6,2,0,H,0
2018-02-04,2017/18,Tottenham,Liverpool,Away,6,2,2,D,0
2018-02-10,2017/18,Tottenham,Arsenal,Home,6,1,0,H,0
2018-02-25,2017/18,Tottenham,Crystal Palace,Away,4,1,0,A,0
2018-03-03,2017/18,Tottenham,Huddersfield,Home,7,2,0,H,0
2018-03-11,2017/18,Tottenham,Bournemouth,Away,8,4,1,A,0
2018-04-01,2017/18,Tottenham,Chelsea,Away,7,3,1,A,0
2018-04-07,2017/18,Tottenham,Stoke,Away,4,2,1,A,0
2018-04-14,2017/18,Tottenham,Man City,Home,3,1,3,A,0
2018-04-17,2017/18,Tottenham,Brighton,Away,6,1,1,D,0
2018-04-30,2017/18,Tottenham,Watford,Home,3,2,0,H,0
2018-05-05,2017/18,Tottenham,West Brom,Away,5,0,1,H,0
2018-05-09,2017/18,Tottenham,Newcastle,Home,7,1,0,H,0
2018-05-13,2017/18,Tottenham,Leicester,Home,6,5,4,H,0
2018-08-11,2018/19,Tottenham,Newcastle,Away,5,2,1,A,0
2018-08-18,2018/19,Tottenham,Fulham,Home,11,3,1,H,0
2018-08-27,2018/19,Tottenham,Man United,Away,5,3,0,A,0
2018-09-02,2018/19,Tottenham,Watford,Away,2,1,2,H,0
2018-09-15,2018/19,Tottenham,Liverpool,Home,3,1,2,A,0
2018-09-22,2018/19,Tottenham,Brighton,Away,7,2,1,A,0
2018-09-29,2018/19,Tottenham,Huddersfield,Away,6,2,0,A,0
2018-10-06,2018/19,Tottenham,Cardiff,Home,7,1,0,H,0
2018-10-20,2018/19,Tottenham,West Ham,Away,2,1,0,A,0
2018-10-29,2018/19,Tottenham,Man City,Home,1,0,1,A,0
2018-11-03,2018/19,Tottenham,Wolves,Away,8,3,2,A,0
2018-11-10,2018/19,Tottenham,Crystal Palace,Away,2,1,0,A,0
2018-11-24,2018/19,Tottenham,Chelsea,Home,9,3,1,H,0
2018-12-02,2018/19,Tottenham,Arsenal,Away,6,2,4,H,1
2018-12-05,2018/19,Tottenham,Southampton,Home,8,3,1,H,0
2018-12-08,2018/19,Tottenham,Leicester,Away,2,2,0,A,0
2018-12-15,2018/19,Tottenham,Burnley,Home,3,1,0,H,0
2018-12-23,2018/19,Tottenham,Everton,Away,8,6,2,A,0
2018-12-26,2018/19,Tottenham,Bournemouth,Home,7,5,0,H,0
2018-12-29,2018/19,Tottenham,Wolves,Home,3,1,3,A,0
2019-01-01,2018/19,Tottenham,Cardiff,Away,4,3,0,A,0
2019-01-13,2018/19,Tottenham,Man United,Home,11,0,1,A,0
2019-01-20,2018/19,Tottenham,Fulham,Away,5,2,1,A,0
2019-01-30,2018/19,Tottenham,Watford,Home,3,2,1,H,0
2019-02-02,2018/19,Tottenham,Newcastle,Home,4,1,0,H,0
2019-02-10,2018/19,Tottenham,Leicester,Home,5,3,1,H,0
2019-02-23,2018/19,Tottenham,Burnley,Away,6,1,2,H,0
2019-02-27,2018/19,Tottenham,Chelsea,Away,0,0,2,H,0
2019-03-02,2018/19,Tottenham,Arsenal,Home,3,1,1,D,0
2019-03-09,2018/19,Tottenham,Southampton,Away,5,1,2,H,0
2019-03-31,2018/19,Tottenham,Liverpool,Away,2,1,2,H,0
2019-04-03,2018/19,Tottenham,Crystal Palace,Home,10,2,0,H,0
2019-04-13,2018/19,Tottenham,Huddersfield,Home,5,4,0,H,0
2019-04-20,2018/19,Tottenham,Man City,Away,4,0,1,H,0
2019-04-23,2018/19,Tottenham,Brighton,Home,5,1,0,H,0
2019-04-27,2018/19,Tottenham,West Ham,Home,4,0,1,A,0
2019-05-04,2018/19,Tottenham,Bournemouth,Away,5,0,1,H,2
2019-05-12,2018/19,Tottenham,Everton,Home,3,2,2,D,0
2019-08-10,2019/20,Tottenham,Aston Villa,Home,7,3,1,H,0
2019-08-17,2019/20,Tottenham,Man City,Away,2,2,2,D,0
2019-08-25,2019/20,Tottenham,Newcastle,Home,2,0,1,A,0
2019-09-01,2019/20,Tottenham,Arsenal,Away,9,2,2,D,0
2019-09-14,2019/20,Tottenham,Crystal Palace,Home,5,4,0,H,0
2019-09-21,2019/20,Tottenham,Leicester,Away,4,1,2,H,0
2019-09-28,2019/20,Tottenham,Southampton,Home,4,2,1,H,1
2019-10-05,2019/20,Tottenham,Brighton,Away,3,0,3,H,0
2019-10-19,2019/20,Tottenham,Watford,Home,2,1,1,D,0
2019-10-27,2019/20,Tottenham,Liverpool,Away,4,1,2,H,0
2019-11-03,2019/20,Tottenham,Everton,Away,2,1,1,D,1
2019-11-09,2019/20,Tottenham,Sheffield United,Home,5,1,1,D,0
2019-11-23,2019/20,Tottenham,West Ham,Away,6,3,2,A,0
2019-11-30,2019/20,Tottenham,Bournemouth,Home,5,3,2,H,0
2019-12-04,2019/20,Tottenham,Man United,Away,5,1,2,H,0
2019-12-07,2019/20,Tottenham,Burnley,Home,7,5,0,H,0
2019-12-15,2019/20,Tottenham,Wolves,Away,5,2,1,A,0
2019-12-22,2019/20,Tottenham,Chelsea,Home,1,0,2,A,1
2019-12-26,2019/20,Tottenham,Brighton,Home,5,2,1,H,0
2019-12-28,2019/20,Tottenham,Norwich,Away,7,2,2,D,0
2020-01-01,2019/20,Tottenham,Southampton,Away,5,0,1,H,0
2020-01-11,2019/20,Tottenham,Liverpool,Home,4,0,1,A,0
2020-01-18,2019/20,Tottenham,Watford,Away,5,0,0,D,0
2020-01-22,2019/20,Tottenham,Norwich,Home,3,2,1,H,0
2020-02-02,2019/20,Tottenham,Man City,Home,3,2,0,H,0
2020-02-16,2019/20,Tottenham,Aston Villa,Away,10,3,2,A,0
2020-02-22,2019/20,Tottenham,Chelsea,Away,3,1,2,H,0
2020-03-01,2019/20,Tottenham,Wolves,Home,5,2,3,A,0
2020-03-07,2019/20,Tottenham,Burnley,Away,2,1,1,D,0
2020-06-19,2019/20,Tottenham,Man United,Home,3,1,1,D,0
2020-06-23,2019/20,Tottenham,West Ham,Home,4,2,0,H,0
2020-07-02,2019/20,Tottenham,Sheffield United,Away,2,1,3,H,0
2020-07-06,2019/20,Tottenham,Everton,Home,2,1,0,H,0
2020-07-09,2019/20,Tottenham,Bournemouth,Away,0,0,0,D,0
2020-07-12,2019/20,Tottenham,Arsenal,Home,9,2,1,H,0
2020-07-15,2019/20,Tottenham,Newcastle,Away,5,3,1,A,0
2020-07-19,2019/20,Tottenham,Leicester,Home,3,3,0,H,0
2020-07-26,2019/20,Tottenham,Crystal Palace,Away,2,1,1,D,0
2020-09-13,2020/21,Tottenham,Everton,Home,5,0,1,A,0
2020-09-20,2020/21,Tottenham,Southampton,Away,6,5,2,A,0
2020-09-27,2020/21,Tottenham,Newcastle,Home,12,1,1,D,0
2020-10-04,2020/21,Tottenham,Man United,Away,8,6,1,A,0
2020-10-18,2020/21,Tottenham,West Ham,Home,6,3,3,D,0
2020-10-26,2020/21,Tottenham,Burnley,Away,3,1,0,A,0
2020-11-01,2020/21,Tottenham,Brighton,Home,3,2,1,H,0
2020-11-08,2020/21,Tottenham,West Brom,Away,5,1,0,A,0
2020-11-21,2020/21,Tottenham,Man City,Home,2,2,0,H,0
2020-11-29,2020/21,Tottenham,Chelsea,Away,1,0,0,D,0
2020-12-06,2020/21,Tottenham,Arsenal,Home,3,2,0,H,0
2020-12-13,2020/21,Tottenham,Crystal Palace,Away,6,1,1,D,0
2020-12-16,2020/21,Tottenham,Liverpool,Away,2,1,2,H,0
2020-12-20,2020/21,Tottenham,Leicester,Home,3,0,2,A,0
2020-12-27,2020/21,Tottenham,Wolves,Away,3,1,1,D,0
2021-01-02,2020/21,Tottenham,Leeds,Home,7,3,0,H,1
2021-01-13,2020/21,Tottenham,Fulham,Home,6,1,1,D,0
2021-01-17,2020/21,Tottenham,Sheffield United,Away,5,3,1,A,0
2021-01-28,2020/21,Tottenham,Liverpool,Home,2,1,3,A,0
2021-01-31,2020/21,Tottenham,Brighton,Away,4,0,1,H,0
2021-02-04,2020/21,Tottenham,Chelsea,Home,2,0,1,A,0
2021-02-07,2020/21,Tottenham,West Brom,Home,6,2,0,H,0
2021-02-13,2020/21,Tottenham,Man City,Away,3,0,3,H,0
2021-02-21,2020/21,Tottenham,West Ham,Away,4,1,2,H,0
2021-02-28,2020/21,Tottenham,Burnley,Home,7,4,0,H,0
2021-03-04,2020/21,Tottenham,Fulham,Away,2,1,0,A,0
2021-03-07,2020/21,Tottenham,Crystal Palace,Home,5,4,1,H,0
2021-03-14,2020/21,Tottenham,Arsenal,Away,3,1,2,H,1
2021-03-21,2020/21,Tottenham,Aston Villa,Away,3,2,0,A,0
2021-04-04,2020/21,Tottenham,Newcastle,Away,5,2,2,D,0
2021-04-11,2020/21,Tottenham,Man United,Home,3,1,3,A,0
2021-04-16,2020/21,Tottenham,Everton,Away,3,2,2,D,0
2021-04-21,2020/21,Tottenham,Southampton,Home,3,2,1,H,0
2021-05-02,2020/21,Tottenham,Sheffield United,Home,11,4,0,H,0
2021-05-08,2020/21,Tottenham,Leeds,Away,3,1,3,H,0
2021-05-16,2020/21,Tottenham,Wolves,Home,13,2,0,H,0
2021-05-19,2020/21,Tottenham,Aston Villa,Home,4,1,2,A,0
2021-05-23,2020/21,Tottenham,Leicester,Away,4,4,2,A,0
2021-08-15,2021/22,Tottenham,Man City,Home,3,1,0,H,0
2021-08-22,2021/22,Tottenham,Wolves,Away,6,1,0,A,0
2021-08-29,2021/22,Tottenham,Watford,Home,8,1,0,H,0
2021-09-11,2021/22,Tottenham,Crystal Palace,Away,1,0,3,H,1
2021-09-19,2021/22,Tottenham,Chelsea,Home,2,0,3,A,0
2021-09-26,2021/22,Tottenham,Arsenal,Away,4,1,3,H,0
2021-10-03,2021/22,Tottenham,Aston Villa,Home,8,2,1,H,0
2021-10-17,2021/22,Tottenham,Newcastle,Away,4,3,2,A,0
2021-10-24,2021/22,Tottenham,West Ham,Away,4,0,1,H,0
2021-10-30,2021/22,Tottenham,Man United,Home,0,0,3,A,0
2021-11-07,2021/22,Tottenham,Everton,Away,0,0,0,D,0
2021-11-21,2021/22,Tottenham,Leeds,Home,4,2,1,H,0
2021-12-02,2021/22,Tottenham,Brentford,Home,6,2,0,H,0
2021-12-05,2021/22,Tottenham,Norwich,Home,7,3,0,H,0
2021-12-19,2021/22,Tottenham,Liverpool,Home,5,2,2,D,0
2021-12-26,2021/22,Tottenham,Crystal Palace,Home,6,3,0,H,0
2021-12-28,2021/22,Tottenham,Southampton,Away,11,1,1,D,0
2022-01-01,2021/22,Tottenham,Watford,Away,9,1,0,A,0
2022-01-19,2021/22,Tottenham,Leicester,Away,10,3,2,A,0
2022-01-23,2021/22,Tottenham,Chelsea,Away,3,0,2,H,0
2022-02-09,2021/22,Tottenham,Southampton,Home,3,2,3,A,0
2022-02-13,2021/22,Tottenham,Wolves,Home,7,0,2,A,0
2022-02-19,2021/22,Tottenham,Man City,Away,5,3,2,A,0
2022-02-23,2021/22,Tottenham,Burnley,Away,2,0,1,H,0
2022-02-26,2021/22,Tottenham,Leeds,Away,11,4,0,A,0
2022-03-07,2021/22,Tottenham,Everton,Home,7,5,0,H,0
2022-03-12,2021/22,Tottenham,Man United,Away,3,2,3,H,0
2022-03-16,2021/22,Tottenham,Brighton,Away,7,2,0,A,0
2022-03-20,2021/22,Tottenham,West Ham,Home,4,3,1,H,0
2022-04-03,2021/22,Tottenham,Newcastle,Home,6,5,1,H,0
2022-04-09,2021/22,Tottenham,Aston Villa,Away,5,4,0,A,0
2022-04-16,2021/22,Tottenham,Brighton,Home,0,0,1,A,0
2022-04-23,2021/22,Tottenham,Brentford,Away,0,0,0,D,0
2022-05-01,2021/22,Tottenham,Leicester,Home,7,3,1,H,0
2022-05-07,2021/22,Tottenham,Liverpool,Away,3,1,1,D,0
2022-05-12,2021/22,Tottenham,Arsenal,Home,6,3,0,H,0
2022-05-15,2021/22,Tottenham,Burnley,Home,8,1,0,H,0
2022-05-22,2021/22,Tottenham,Norwich,Away,13,5,0,A,0
2022-08-06,2022/23,Tottenham,Southampton,Home,8,4,1,H,0
2022-08-14,2022/23,Tottenham,Chelsea,Away,5,2,2,D,0
2022-08-20,2022/23,Tottenham,Wolves,Home,4,1,0,H,0
2022-08-28,2022/23,Tottenham,Nott'm Forest,Away,7,2,0,A,0
2022-08-31,2022/23,Tottenham,West Ham,Away,4,1,1,D,0
2022-09-03,2022/23,Tottenham,Fulham,Home,10,2,1,H,0
2022-09-17,2022/23,Tottenham,Leicester,Home,11,6,2,H,0
2022-10-01,2022/23,Tottenham,Arsenal,Away,3,1,3,H,1
2022-10-08,2022/23,Tottenham,Brighton,Away,3,1,0,A,0
2022-10-15,2022/23,Tottenham,Everton,Home,7,2,0,H,0
2022-10-19,2022/23,Tottenham,Man United,Away,2,0,2,H,0
2022-10-23,2022/23,Tottenham,Newcastle,Home,5,1,2,A,0
2022-10-29,2022/23,Tottenham,Bournemouth,Away,7,3,2,A,0
2022-11-06,2022/23,Tottenham,Liverpool,Home,5,1,2,A,0
2022-11-12,2022/23,Tottenham,Leeds,Home,8,4,3,H,0
2022-12-26,2022/23,Tottenham,Brentford,Away,8,2,2,D,0
2023-01-01,2022/23,Tottenham,Aston Villa,Home,2,0,2,A,0
2023-01-04,2022/23,Tottenham,Crystal Palace,Away,6,4,0,A,0
2023-01-15,2022/23,Tottenham,Arsenal,Home,7,0,2,A,0
2023-01-19,2022/23,Tottenham,Man City,Away,3,2,4,H,0
2023-01-23,2022/23,Tottenham,Fulham,Away,3,1,0,A,0
2023-02-05,2022/23,Tottenham,Man City,Home,3,1,0,H,1
2023-02-11,2022/23,Tottenham,Leicester,Away,4,1,4,H,0
2023-02-19,2022/23,Tottenham,West Ham,Home,6,2,0,H,0
2023-02-26,2022/23,Tottenham,Chelsea,Home,3,2,0,H,0
2023-03-04,2022/23,Tottenham,Wolves,Away,6,0,1,H,0
2023-03-11,2022/23,Tottenham,Nott'm Forest,Home,7,3,1,H,0
2023-03-18,2022/23,Tottenham,Southampton,Away,3,3,3,D,0
2023-04-03,2022/23,Tottenham,Everton,Away,2,1,1,D,1
2023-04-08,2022/23,Tottenham,Brighton,Home,3,2,1,H,0
2023-04-15,2022/23,Tottenham,Bournemouth,Home,8,2,3,A,0
2023-04-23,2022/23,Tottenham,Newcastle,Away,3,1,6,H,0
2023-04-27,2022/23,Tottenham,Man United,Home,7,2,2,D,0
2023-04-30,2022/23,Tottenham,Liverpool,Away,7,3,4,H,0
2023-05-06,2022/23,Tottenham,Crystal Palace,Home,3,1,0,H,0
2023-05-13,2022/23,Tottenham,Aston Villa,Away,2,1,2,H,0
2023-05-20,2022/23,Tottenham,Brentford,Home,8,1,3,A,0
2023-05-28,2022/23,Tottenham,Leeds,Away,7,4,1,A,0
2023-08-13,2023/24,Tottenham,Brentford,Away,6,2,2,D,0
2023-08-19,2023/24,Tottenham,Man United,Home,6,2,0,H,0
2023-08-26,2023/24,Tottenham,Bournemouth,Away,6,2,0,A,0
2023-09-02,2023/24,Tottenham,Burnley,Away,10,5,2,A,0
2023-09-16,2023/24,Tottenham,Sheffield United,Home,10,2,1,H,0
2023-09-24,2023/24,Tottenham,Arsenal,Away,5,2,2,D,0
2023-09-30,2023/24,Tottenham,Liverpool,Home,8,2,1,H,0
2023-10-07,2023/24,Tottenham,Luton,Away,4,1,0,A,1
2023-10-23,2023/24,Tottenham,Fulham,Home,5,2,0,H,0
2023-10-27,2023/24,Tottenham,Crystal Palace,Away,1,2,1,A,0
2023-11-06,2023/24,Tottenham,Chelsea,Home,5,1,4,A,2
2023-11-11,2023/24,Tottenham,Wolves,Away,2,1,2,H,0
2023-11-26,2023/24,Tottenham,Aston Villa,Home,8,1,2,A,0
2023-12-03,2023/24,Tottenham,Man City,Away,4,3,3,D,0
2023-12-07,2023/24,Tottenham,West Ham,Home,7,1,2,A,0
2023-12-10,2023/24,Tottenham,Newcastle,Home,12,4,1,H,0
2023-12-15,2023/24,Tottenham,Nott'm Forest,Away,6,2,0,A,1
2023-12-23,2023/24,Tottenham,Everton,Home,6,2,1,H,0
2023-12-28,2023/24,Tottenham,Brighton,Away,3,2,4,H,0
2023-12-31,2023/24,Tottenham,Bournemouth,Home,6,3,1,H,0
2024-01-14,2023/24,Tottenham,Man United,Away,6,2,2,D,0
2024-01-31,2023/24,Tottenham,Brentford,Home,5,3,2,H,0
2024-02-03,2023/24,Tottenham,Everton,Away,6,2,2,D,0
2024-02-10,2023/24,Tottenham,Brighton,Home,6,2,1,H,0
2024-02-17,2023/24,Tottenham,Wolves,Home,4,1,2,A,0
2024-03-02,2023/24,Tottenham,Crystal Palace,Home,6,3,1,H,0
2024-03-10,2023/24,Tottenham,Aston Villa,Away,5,4,0,A,0
2024-03-16,2023/24,Tottenham,Fulham,Away,5,0,3,H,0
2024-03-30,2023/24,Tottenham,Luton,Home,4,2,1,H,0
2024-04-02,2023/24,Tottenham,West Ham,Away,4,1,1,D,0
2024-04-07,2023/24,Tottenham,Nott'm Forest,Home,7,3,1,H,0
2024-04-13,2023/24,Tottenham,Newcastle,Away,2,0,4,H,0
2024-04-28,2023/24,Tottenham,Arsenal,Home,2,2,3,A,0
2024-05-02,2023/24,Tottenham,Chelsea,Away,3,0,2,H,0
2024-05-05,2023/24,Tottenham,Liverpool,Away,6,2,4,H,0
2024-05-11,2023/24,Tottenham,Burnley,Home,9,2,1,H,0
2024-05-14,2023/24,Tottenham,Man City,Home,5,0,2,A,0
2024-05-19,2023/24,Tottenham,Sheffield United,Away,9,3,0,A,0
2024-08-19,2024/25,Tottenham,Leicester,Away,7,1,1,D,0
2024-08-24,2024/25,Tottenham,Everton,Home,7,4,0,H,0
2024-09-01,2024/25,Tottenham,Newcastle,Away,6,1,2,H,0
2024-09-15,2024/25,Tottenham,Arsenal,Home,5,0,1,A,0
2024-09-21,2024/25,Tottenham,Brentford,Home,10,3,1,H,0
2024-09-29,2024/25,Tottenham,Man United,Away,10,3,0,A,0
2024-10-06,2024/25,Tottenham,Brighton,Away,3,2,3,H,0
2024-10-19,2024/25,Tottenham,West Ham,Home,7,4,1,H,0
2024-10-27,2024/25,Tottenham,Crystal Palace,Away,3,0,1,H,0
2024-11-03,2024/25,Tottenham,Aston Villa,Home,6,4,1,H,0
2024-11-10,2024/25,Tottenham,Ipswich,Home,5,1,2,A,0
2024-11-23,2024/25,Tottenham,Man City,Away,7,4,0,A,0
2024-12-01,2024/25,Tottenham,Fulham,Home,3,1,1,D,0
2024-12-05,2024/25,Tottenham,Bournemouth,Away,4,0,1,H,0
2024-12-08,2024/25,Tottenham,Chelsea,Home,5,3,4,A,0
2024-12-15,2024/25,Tottenham,Southampton,Away,9,5,0,A,0
2024-12-22,2024/25,Tottenham,Liverpool,Home,5,3,6,A,0
2024-12-26,2024/25,Tottenham,Nott'm Forest,Away,4,0,1,H,1
2024-12-29,2024/25,Tottenham,Wolves,Home,3,2,2,D,0
2025-01-04,2024/25,Tottenham,Newcastle,Home,4,1,2,A,0
2025-01-15,2024/25,Tottenham,Arsenal,Away,2,1,2,H,0
2025-01-19,2024/25,Tottenham,Everton,Away,6,2,3,H,0
2025-01-26,2024/25,Tottenham,Leicester,Home,6,1,2,A,0
2025-02-02,2024/25,Tottenham,Brentford,Away,2,2,0,A,0
2025-02-16,2024/25,Tottenham,Man United,Home,7,1,0,H,0
2025-02-22,2024/25,Tottenham,Ipswich,Away,6,4,1,A,0
2025-02-26,2024/25,Tottenham,Man City,Home,6,0,1,A,0
2025-03-09,2024/25,Tottenham,Bournemouth,Home,4,2,2,D,0
2025-03-16,2024/25,Tottenham,Fulham,Away,4,0,2,H,0
2025-04-03,2024/25,Tottenham,Chelsea,Away,2,0,1,H,0
2025-04-06,2024/25,Tottenham,Southampton,Home,8,3,1,H,0
2025-04-13,2024/25,Tottenham,Wolves,Away,4,2,4,H,0
2025-04-21,2024/25,Tottenham,Nott'm Forest,Home,6,1,2,A,0
2025-04-27,2024/25,Tottenham,Liverpool,Away,3,1,5,H,0
2025-05-04,2024/25,Tottenham,West Ham,Away,2,1,1,D,0
2006-08-19,2006/07,Watford,Everton,Away,8,1,2,H,0
2006-08-22,2006/07,Watford,West Ham,Home,4,1,1,D,0
2006-08-26,2006/07,Watford,Man United,Home,7,1,2,A,0
2006-09-09,2006/07,Watford,Bolton,Away,6,0,1,H,0
2006-09-16,2006/07,Watford,Aston Villa,Home,5,0,0,D,0
2006-09-23,2006/07,Watford,Wigan,Away,4,1,1,D,0
2006-10-02,2006/07,Watford,Fulham,Home,4,3,3,D,0
2006-10-14,2006/07,Watford,Arsenal,Away,3,0,3,H,0
2006-10-21,2006/07,Watford,Charlton,Away,3,0,0,D,0
2006-10-28,2006/07,Watford,Tottenham,Home,2,0,0,D,0
2006-11-04,2006/07,Watford,Middlesbrough,Home,6,2,0,H,0
2006-11-11,2006/07,Watford,Chelsea,Away,1,0,4,H,0
2006-11-18,2006/07,Watford,Portsmouth,Away,4,1,2,H,0
2006-11-28,2006/07,Watford,Sheffield United,Home,6,0,1,A,1
2006-12-04,2006/07,Watford,Man City,Away,4,0,0,D,0
2006-12-09,2006/07,Watford,Reading,Home,5,0,0,D,0
2006-12-16,2006/07,Watford,Newcastle,Away,8,1,2,H,0
2006-12-23,2006/07,Watford,Liverpool,Away,4,0,2,H,0
2006-12-26,2006/07,Watford,Arsenal,Home,3,1,2,A,0
2007-01-01,2006/07,Watford,Fulham,Away,5,0,0,D,1
2007-01-13,2006/07,Watford,Liverpool,Home,4,0,3,A,0
2007-01-20,2006/07,Watford,Aston Villa,Away,6,0,2,H,0
2007-01-23,2006/07,Watford,Blackburn,Home,7,2,1,H,0
2007-01-31,2006/07,Watford,Man United,Away,1,0,4,H,0
2007-02-03,2006/07,Watford,Bolton,Home,3,0,1,A,0
2007-02-10,2006/07,Watford,West Ham,Away,5,1,0,A,0
2007-02-21,2006/07,Watford,Wigan,Home,6,1,1,D,0
2007-02-24,2006/07,Watford,Everton,Home,3,0,3,A,0
2007-03-03,2006/07,Watford,Charlton,Home,10,2,2,D,0
2007-03-17,2006/07,Watford,Tottenham,Away,2,1,3,H,0
2007-03-31,2006/07,Watford,Chelsea,Home,6,0,1,A,0
2007-04-07,2006/07,Watford,Middlesbrough,Away,3,1,4,H,0
2007-04-09,2006/07,Watford,Portsmouth,Home,10,4,2,H,0
2007-04-18,2006/07,Watford,Blackburn,Away,4,1,3,H,0
2007-04-21,2006/07,Watford,Man City,Home,1,1,1,D,0
2007-04-28,2006/07,Watford,Sheffield United,Away,3,0,1,H,0
2007-05-05,2006/07,Watford,Reading,Away,4,2,0,A,0
2007-05-13,2006/07,Watford,Newcastle,Home,2,1,1,D,0
2015-08-08,2015/16,Watford,Everton,Away,5,2,2,D,0
2015-08-15,2015/16,Watford,West Brom,Home,5,0,0,D,0
2015-08-23,2015/16,Watford,Southampton,Home,0,0,0,D,0
2015-08-29,2015/16,Watford,Man City,Away,0,0,2,H,0
2015-09-12,2015/16,Watford,Swansea,Home,6,1,0,H,1
2015-09-19,2015/16,Watford,Newcastle,Away,4,2,1,A,0
2015-09-27,2015/16,Watford,Crystal Palace,Home,2,0,1,A,0
2015-10-03,2015/16,Watford,Bournemouth,Away,2,1,1,D,0
2015-10-17,2015/16,Watford,Arsenal,Home,1,0,3,A,0
2015-10-24,2015/16,Watford,Stoke,Away,3,2,0,A,0
2015-10-31,2015/16,Watford,West Ham,Home,5,2,0,H,0
2015-11-07,2015/16,Watford,Leicester,Away,4,1,2,H,0
2015-11-21,2015/16,Watford,Man United,Home,5,1,2,A,0
2015-11-28,2015/16,Watford,Aston Villa,Away,6,3,2,A,0
2015-12-05,2015/16,Watford,Norwich,Home,7,2,0,H,0
2015-12-12,2015/16,Watford,Sunderland,Away,6,1,0,A,0
2015-12-20,2015/16,Watford,Liverpool,Home,5,3,0,H,0
2015-12-26,2015/16,Watford,Chelsea,Away,3,2,2,D,0
2015-12-28,2015/16,Watford,Tottenham,Home,1,1,2,A,1
2016-01-02,2015/16,Watford,Man City,Home,3,1,2,A,0
2016-01-13,2015/16,Watford,Southampton,Away,1,0,2,H,0
2016-01-18,2015/16,Watford,Swansea,Away,2,0,1,H,0
2016-01-23,2015/16,Watford,Newcastle,Home,5,2,1,H,0
2016-02-03,2015/16,Watford,Chelsea,Home,3,0,0,D,0
2016-02-06,2015/16,Watford,Tottenham,Away,0,0,1,H,0
2016-02-13,2015/16,Watford,Crystal Palace,Away,3,2,1,A,0
2016-02-27,2015/16,Watford,Bournemouth,Home,1,0,0,D,0
2016-03-02,2015/16,Watford,Man United,Away,3,0,1,H,0
2016-03-05,2015/16,Watford,Leicester,Home,4,0,1,A,0
2016-03-19,2015/16,Watford,Stoke,Home,4,1,2,A,0
2016-04-02,2015/16,Watford,Arsenal,Away,2,0,4,H,0
2016-04-09,2015/16,Watford,Everton,Home,5,1,1,D,0
2016-04-16,2015/16,Watford,West Brom,Away,4,1,0,A,0
2016-04-20,2015/16,Watford,West Ham,Away,4,1,3,H,1
2016-04-30,2015/16,Watford,Aston Villa,Home,6,3,2,H,0
2016-05-08,2015/16,Watford,Liverpool,Away,3,0,2,H,0
2016-05-11,2015/16,Watford,Norwich,Away,7,2,4,H,0
2016-05-15,2015/16,Watford,Sunderland,Home,6,2,2,D,0
2016-08-13,2016/17,Watford,Southampton,Away,1,1,1,D,1
2016-08-20,2016/17,Watford,Chelsea,Home,2,1,2,A,0
2016-08-27,2016/17,Watford,Arsenal,Home,6,1,3,A,0
2016-09-10,2016/17,Watford,West Ham,Away,8,4,2,A,0
2016-09-18,2016/17,Watford,Man United,Home,5,3,1,H,0
2016-09-26,2016/17,Watford,Burnley,Away,3,0,2,H,0
2016-10-01,2016/17,Watford,Bournemouth,Home,7,2,2,D,0
2016-10-16,2016/17,Watford,Middlesbrough,Away,2,1,0,A,0
2016-10-22,2016/17,Watford,Swansea,Away,2,0,0,D,0
2016-10-29,2016/17,Watford,Hull,Home,0,1,0,H,0
2016-11-06,2016/17,Watford,Liverpool,Away,8,1,6,H,0
2016-11-19,2016/17,Watford,Leicester,Home,3,2,1,H,0
2016-11-27,2016/17,Watford,Stoke,Home,2,0,1,A,1
2016-12-03,2016/17,Watford,West Brom,Away,5,1,3,H,1
2016-12-10,2016/17,Watford,Everton,Home,6,3,2,H,0
2016-12-14,2016/17,Watford,Man City,Away,2,0,2,H,0
2016-12-17,2016/17,Watford,Sunderland,Away,4,0,1,H,0
2016-12-26,2016/17,Watford,Crystal Palace,Home,3,1,1,D,0
2017-01-01,2016/17,Watford,Tottenham,Home,2,1,4,A,0
2017-01-03,2016/17,Watford,Stoke,Away,2,0,2,H,0
2017-01-14,2016/17,Watford,Middlesbrough,Home,5,0,0,D,0
2017-01-21,2016/17,Watford,Bournemouth,Away,3,2,2,D,0
2017-01-31,2016/17,Watford,Arsenal,Away,6,2,1,A,0
2017-02-04,2016/17,Watford,Burnley,Home,7,2,1,H,0
2017-02-11,2016/17,Watford,Man United,Away,3,0,2,H,0
2017-02-25,2016/17,Watford,West Ham,Home,1,1,1,D,0
2017-03-04,2016/17,Watford,Southampton,Home,4,3,4,A,0
2017-03-18,2016/17,Watford,Crystal Palace,Away,2,0,1,H,0
2017-04-01,2016/17,Watford,Sunderland,Home,10,1,0,H,0
2017-04-04,2016/17,Watford,West Brom,Home,2,2,0,H,1
2017-04-08,2016/17,Watford,Tottenham,Away,2,0,4,H,0
2017-04-15,2016/17,Watford,Swansea,Home,7,1,0,H,0
2017-04-22,2016/17,Watford,Hull,Away,2,0,2,H,0
2017-05-01,2016/17,Watford,Liverpool,Home,2,0,1,A,0
2017-05-06,2016/17,Watford,Leicester,Away,7,0,3,H,0
2017-05-12,2016/17,Watford,Everton,Away,2,0,1,H,0
2017-05-15,2016/17,Watford,Chelsea,Away,3,3,4,H,1
2017-05-21,2016/17,Watford,Man City,Home,3,0,5,A,0
2017-08-12,2017/18,Watford,Liverpool,Home,4,3,3,D,0
2017-08-19,2017/18,Watford,Bournemouth,Away,7,2,0,A,0
2017-08-26,2017/18,Watford,Brighton,Home,0,0,0,D,1
2017-09-09,2017/18,Watford,Southampton,Away,3,2,0,A,0
2017-09-16,2017/18,Watford,Man City,Home,1,0,6,A,0
2017-09-23,2017/18,Watford,Swansea,Away,4,2,1,A,0
2017-09-30,2017/18,Watford,West Brom,Away,3,2,2,D,0
2017-10-14,2017/18,Watford,Arsenal,Home,2,2,1,H,0
2017-10-21,2017/18,Watford,Chelsea,Away,5,2,4,H,0
2017-10-28,2017/18,Watford,Stoke,Home,0,0,1,A,0
2017-11-05,2017/18,Watford,Everton,Away,3,2,3,H,0
2017-11-19,2017/18,Watford,West Ham,Home,7,2,0,H,0
2017-11-25,2017/18,Watford,Newcastle,Away,4,3,0,A,0
2017-11-28,2017/18,Watford,Man United,Home,3,2,4,A,0
2017-12-02,2017/18,Watford,Tottenham,Home,2,1,1,D,0
2017-12-09,2017/18,Watford,Burnley,Away,2,0,1,H,1
2017-12-12,2017/18,Watford,Crystal Palace,Away,2,1,2,H,1
2017-12-16,2017/18,Watford,Huddersfield,Home,3,1,4,A,1
2017-12-23,2017/18,Watford,Brighton,Away,1,0,1,H,0
2017-12-26,2017/18,Watford,Leicester,Home,1,2,1,H,0
2017-12-30,2017/18,Watford,Swansea,Home,4,1,2,A,0
2018-01-02,2017/18,Watford,Man City,Away,4,1,3,H,0
2018-01-13,2017/18,Watford,Southampton,Home,4,2,2,D,0
2018-01-20,2017/18,Watford,Leicester,Away,3,0,2,H,0
2018-01-31,2017/18,Watford,Stoke,Away,2,0,0,D,0
2018-02-05,2017/18,Watford,Chelsea,Home,8,4,1,H,0
2018-02-10,2017/18,Watford,West Ham,Away,4,0,2,H,0
2018-02-24,2017/18,Watford,Everton,Home,5,1,0,H,0
2018-03-03,2017/18,Watford,West Brom,Home,4,1,0,H,0
2018-03-11,2017/18,Watford,Arsenal,Away,4,0,3,H,0
2018-03-17,2017/18,Watford,Liverpool,Away,1,0,5,H,0
2018-03-31,2017/18,Watford,Bournemouth,Home,5,2,2,D,0
2018-04-07,2017/18,Watford,Burnley,Home,5,1,2,A,0
2018-04-14,2017/18,Watford,Huddersfield,Away,2,0,1,H,0
2018-04-21,2017/18,Watford,Crystal Palace,Home,4,0,0,D,0
2018-04-30,2017/18,Watford,Tottenham,Away,5,0,2,H,0
2018-05-05,2017/18,Watford,Newcastle,Home,8,2,1,H,0
2018-05-13,2017/18,Watford,Man United,Away,3,0,1,H,0
2018-08-11,2018/19,Watford,Brighton,Home,5,2,0,H,0
2018-08-19,2018/19,Watford,Burnley,Away,6,3,1,A,0
2018-08-26,2018/19,Watford,Crystal Palace,Home,5,2,1,H,0
2018-09-02,2018/19,Watford,Tottenham,Home,3,2,1,H,0
2018-09-15,2018/19,Watford,Man United,Home,5,1,2,A,0
2018-09-22,2018/19,Watford,Fulham,Away,6,1,1,D,0
2018-09-29,2018/19,Watford,Arsenal,Away,4,0,2,H,0
2018-10-06,2018/19,Watford,Bournemouth,Home,2,0,4,A,1
2018-10-20,2018/19,Watford,Wolves,Away,3,2,0,A,0
2018-10-27,2018/19,Watford,Huddersfield,Home,6,3,0,H,0
2018-11-03,2018/19,Watford,Newcastle,Away,1,0,1,H,0
2018-11-10,2018/19,Watford,Southampton,Away,6,1,1,D,0
2018-11-24,2018/19,Watford,Liverpool,Home,1,0,3,A,0
2018-12-01,2018/19,Watford,Leicester,Away,0,0,2,H,1
2018-12-04,2018/19,Watford,Man City,Home,7,1,2,A,0
2018-12-10,2018/19,Watford,Everton,Away,3,2,2,D,0
2018-12-15,2018/19,Watford,Cardiff,Home,8,3,2,H,0
2018-12-22,2018/19,Watford,West Ham,Away,5,2,0,A,0
2018-12-26,2018/19,Watford,Chelsea,Home,2,1,2,A,0
2018-12-29,2018/19,Watford,Newcastle,Home,5,1,1,D,0
2019-01-02,2018/19,Watford,Bournemouth,Away,3,3,3,D,0
2019-01-12,2018/19,Watford,Crystal Palace,Away,2,2,1,A,0
2019-01-19,2018/19,Watford,Burnley,Home,4,0,0,D,0
2019-01-30,2018/19,Watford,Tottenham,Away,1,1,2,H,0
2019-02-02,2018/19,Watford,Brighton,Away,0,0,0,D,0
2019-02-09,2018/19,Watford,Everton,Home,2,1,0,H,0
2019-02-22,2018/19,Watford,Cardiff,Away,7,5,1,A,0
2019-02-27,2018/19,Watford,Liverpool,Away,3,0,5,H,0
2019-03-03,2018/19,Watford,Leicester,Home,5,2,1,H,0
2019-03-09,2018/19,Watford,Man City,Away,1,1,3,H,0
2019-03-30,2018/19,Watford,Man United,Away,8,1,2,H,0
2019-04-02,2018/19,Watford,Fulham,Home,7,4,1,H,0
2019-04-15,2018/19,Watford,Arsenal,Home,3,0,1,A,1
2019-04-20,2018/19,Watford,Huddersfield,Away,6,2,1,A,0
2019-04-23,2018/19,Watford,Southampton,Home,4,1,1,D,0
2019-04-27,2018/19,Watford,Wolves,Home,1,1,2,A,0
2019-05-05,2018/19,Watford,Chelsea,Away,3,0,3,H,0
2019-05-12,2018/19,Watford,West Ham,Home,8,1,4,A,1
2019-08-10,2019/20,Watford,Brighton,Home,3,0,3,A,0
2019-08-17,2019/20,Watford,Everton,Away,2,0,1,H,0
2019-08-24,2019/20,Watford,West Ham,Home,3,1,3,A,0
2019-08-31,2019/20,Watford,Newcastle,Away,3,1,1,D,0
2019-09-15,2019/20,Watford,Arsenal,Home,7,2,2,D,0
2019-09-21,2019/20,Watford,Man City,Away,4,0,8,H,0
2019-09-28,2019/20,Watford,Wolves,Away,5,0,2,H,0
2019-10-05,2019/20,Watford,Sheffield United,Home,2,0,0,D,0
2019-10-19,2019/20,Watford,Tottenham,Away,2,1,1,D,0
2019-10-26,2019/20,Watford,Bournemouth,Home,3,0,0,D,0
2019-11-02,2019/20,Watford,Chelsea,Home,3,1,2,A,0
2019-11-08,2019/20,Watford,Norwich,Away,2,2,0,A,1
2019-11-23,2019/20,Watford,Burnley,Home,4,0,3,A,0
2019-11-30,2019/20,Watford,Southampton,Away,3,1,2,H,0
2019-12-04,2019/20,Watford,Leicester,Away,1,0,2,H,0
2019-12-07,2019/20,Watford,Crystal Palace,Home,3,0,0,D,0
2019-12-14,2019/20,Watford,Liverpool,Away,2,0,2,H,0
2019-12-22,2019/20,Watford,Man United,Home,3,2,0,H,0
2019-12-26,2019/20,Watford,Sheffield United,Away,2,1,1,D,0
2019-12-28,2019/20,Watford,Aston Villa,Home,6,3,0,H,1
2020-01-01,2019/20,Watford,Wolves,Home,3,2,1,H,1
2020-01-12,2019/20,Watford,Bournemouth,Away,6,3,0,A,0
2020-01-18,2019/20,Watford,Tottenham,Home,2,0,0,D,0
2020-01-21,2019/20,Watford,Aston Villa,Away,2,1,2,H,0
2020-02-01,2019/20,Watford,Everton,Home,2,2,3,A,0
2020-02-08,2019/20,Watford,Brighton,Away,2,1,1,D,0
2020-02-23,2019/20,Watford,Man United,Away,2,0,3,H,0
2020-02-29,2019/20,Watford,Liverpool,Home,5,3,0,H,0
2020-03-07,2019/20,Watford,Crystal Palace,Away,4,0,1,H,0
2020-06-20,2019/20,Watford,Leicester,Home,4,1,1,D,0
2020-06-25,2019/20,Watford,Burnley,Away,4,0,1,H,0
2020-06-28,2019/20,Watford,Southampton,Home,0,1,3,A,0
2020-07-04,2019/20,Watford,Chelsea,Away,3,0,3,H,0
2020-07-07,2019/20,Watford,Norwich,Home,4,2,1,H,0
2020-07-11,2019/20,Watford,Newcastle,Home,5,2,1,H,0
2020-07-17,2019/20,Watford,West Ham,Away,3,1,3,H,0
2020-07-21,2019/20,Watford,Man City,Home,0,0,4,A,0
2020-07-26,2019/20,Watford,Arsenal,Away,6,2,3,H,0
2021-08-14,2021/22,Watford,Aston Villa,Home,7,3,2,H,0
2021-08-21,2021/22,Watford,Brighton,Away,1,0,2,H,0
2021-08-29,2021/22,Watford,Tottenham,Away,2,0,1,H,0
2021-09-11,2021/22,Watford,Wolves,Home,2,0,2,A,0
2021-09-18,2021/22,Watford,Norwich,Away,8,3,1,A,0
2021-09-25,2021/22,Watford,Newcastle,Home,4,1,1,D,0
2021-10-02,2021/22,Watford,Leeds,Away,1,0,1,H,0
2021-10-16,2021/22,Watford,Liverpool,Home,2,0,5,A,0
2021-10-23,2021/22,Watford,Everton,Away,8,5,2,A,0
2021-10-30,2021/22,Watford,Southampton,Home,4,0,1,A,0
2021-11-07,2021/22,Watford,Arsenal,Away,1,0,1,H,1
2021-11-20,2021/22,Watford,Man United,Home,7,4,1,H,0
2021-11-28,2021/22,Watford,Leicester,Away,5,2,4,H,0
2021-12-01,2021/22,Watford,Chelsea,Home,6,1,2,A,0
2021-12-04,2021/22,Watford,Man City,Home,4,1,3,A,0
2021-12-10,2021/22,Watford,Brentford,Away,2,1,2,H,0
2021-12-28,2021/22,Watford,West Ham,Home,5,1,4,A,0
2022-01-01,2021/22,Watford,Tottenham,Home,4,0,1,A,0
2022-01-15,2021/22,Watford,Newcastle,Away,5,1,1,D,0
2022-01-21,2021/22,Watford,Norwich,Home,4,0,3,A,1
2022-02-05,2021/22,Watford,Burnley,Away,5,0,0,D,0
2022-02-08,2021/22,Watford,West Ham,Away,1,0,1,H,0
2022-02-12,2021/22,Watford,Brighton,Home,1,0,2,A,0
2022-02-19,2021/22,Watford,Aston Villa,Away,4,1,0,A,0
2022-02-23,2021/22,Watford,Crystal Palace,Home,1,1,4,A,0
2022-02-26,2021/22,Watford,Man United,Away,2,0,0,D,0
2022-03-06,2021/22,Watford,Arsenal,Home,7,2,3,A,0
2022-03-10,2021/22,Watford,Wolves,Away,0,0,4,H,0
2022-03-13,2021/22,Watford,Southampton,Away,5,2,1,A,0
2022-04-02,2021/22,Watford,Liverpool,Away,2,0,2,H,0
2022-04-09,2021/22,Watford,Leeds,Home,1,0,3,A,0
2022-04-16,2021/22,Watford,Brentford,Home,4,1,2,A,0
2022-04-23,2021/22,Watford,Man City,Away,2,1,5,H,0
2022-04-30,2021/22,Watford,Burnley,Home,1,1,2,A,0
2022-05-07,2021/22,Watford,Crystal Palace,Away,1,0,1,H,1
2022-05-11,2021/22,Watford,Everton,Home,0,0,0,D,0
2022-05-15,2021/22,Watford,Leicester,Home,5,1,5,A,0
2022-05-22,2021/22,Watford,Chelsea,Away,3,1,2,H,0
2002-08-17,2002/03,West Brom,Man United,Away,5,0,1,H,1
2002-08-24,2002/03,West Brom,Leeds,Home,2,1,3,A,0
2002-08-27,2002/03,West Brom,Arsenal,Away,6,2,5,H,0
2002-08-31,2002/03,West Brom,Fulham,Home,5,1,0,H,0
2002-09-11,2002/03,West Brom,West Ham,Away,5,1,0,A,0
2002-09-14,2002/03,West Brom,Southampton,Home,7,1,0,H,0
2002-09-21,2002/03,West Brom,Liverpool,Away,2,0,2,H,1
2002-09-30,2002/03,West Brom,Blackburn,Home,8,0,2,A,0
2002-10-05,2002/03,West Brom,Newcastle,Away,3,1,2,H,0
2002-10-19,2002/03,West Brom,Birmingham,Home,7,1,1,D,0
2002-10-26,2002/03,West Brom,Chelsea,Away,5,0,2,H,0
2002-11-02,2002/03,West Brom,Man City,Home,4,1,2,A,0
2002-11-09,2002/03,West Brom,Bolton,Away,1,1,1,D,0
2002-11-16,2002/03,West Brom,Aston Villa,Home,5,0,0,D,0
2002-11-23,2002/03,West Brom,Everton,Away,8,0,1,H,0
2002-11-30,2002/03,West Brom,Middlesbrough,Home,8,1,0,H,0
2002-12-08,2002/03,West Brom,Tottenham,Away,7,1,3,H,0
2002-12-14,2002/03,West Brom,Aston Villa,Away,3,1,2,H,0
2002-12-21,2002/03,West Brom,Sunderland,Home,5,2,2,D,0
2002-12-26,2002/03,West Brom,Arsenal,Home,2,1,2,A,0
2002-12-28,2002/03,West Brom,Charlton,Away,8,0,1,H,0
2003-01-11,2002/03,West Brom,Man United,Home,3,1,3,A,0
2003-01-18,2002/03,West Brom,Leeds,Away,1,0,0,D,1
2003-01-29,2002/03,West Brom,Charlton,Home,6,0,1,A,0
2003-02-01,2002/03,West Brom,Man City,Away,5,2,1,A,1
2003-02-08,2002/03,West Brom,Bolton,Home,8,1,1,D,0
2003-02-19,2002/03,West Brom,Fulham,Away,4,0,3,H,0
2003-02-23,2002/03,West Brom,West Ham,Home,5,1,2,A,0
2003-03-01,2002/03,West Brom,Southampton,Away,3,0,1,H,0
2003-03-16,2002/03,West Brom,Chelsea,Home,1,0,2,A,0
2003-03-22,2002/03,West Brom,Birmingham,Away,3,0,1,H,0
2003-04-05,2002/03,West Brom,Middlesbrough,Away,6,0,3,H,0
2003-04-12,2002/03,West Brom,Everton,Home,6,1,2,A,0
2003-04-19,2002/03,West Brom,Sunderland,Away,7,2,1,A,0
2003-04-21,2002/03,West Brom,Tottenham,Home,8,2,3,A,0
2003-04-26,2002/03,West Brom,Liverpool,Home,5,0,6,A,0
2003-05-03,2002/03,West Brom,Blackburn,Away,7,1,1,D,0
2003-05-11,2002/03,West Brom,Newcastle,Home,3,2,2,D,0
2004-08-14,2004/05,West Brom,Blackburn,Away,2,1,1,D,0
2004-08-22,2004/05,West Brom,Aston Villa,Home,5,1,1,D,0
2004-08-25,2004/05,West Brom,Tottenham,Home,2,1,1,D,0
2004-08-28,2004/05,West Brom,Everton,Away,8,1,2,H,0
2004-09-11,2004/05,West Brom,Liverpool,Away,5,0,3,H,0
2004-09-18,2004/05,West Brom,Fulham,Home,5,1,1,D,1
2004-09-25,2004/05,West Brom,Newcastle,Away,3,1,3,H,1
2004-10-02,2004/05,West Brom,Bolton,Home,7,2,1,H,0
2004-10-16,2004/05,West Brom,Norwich,Home,2,0,0,D,0
2004-10-23,2004/05,West Brom,Crystal Palace,Away,6,0,3,H,0
2004-10-30,2004/05,West Brom,Chelsea,Home,9,1,4,A,0
2004-11-06,2004/05,West Brom,Southampton,Away,5,2,2,D,0
2004-11-14,2004/05,West Brom,Middlesbrough,Home,6,1,2,A,0
2004-11-20,2004/05,West Brom,Arsenal,Away,2,1,1,D,0
2004-11-27,2004/05,West Brom,Man United,Home,2,0,3,A,0
2004-12-04,2004/05,West Brom,Portsmouth,Away,4,2,3,H,0
2004-12-11,2004/05,West Brom,Charlton,Home,4,0,1,A,0
2004-12-18,2004/05,West Brom,Birmingham,Away,9,0,4,H,0
2004-12-26,2004/05,West Brom,Liverpool,Home,1,0,5,A,1
2004-12-28,2004/05,West Brom,Man City,Away,0,1,1,D,1
2005-01-01,2004/05,West Brom,Bolton,Away,7,1,1,D,0
2005-01-03,2004/05,West Brom,Newcastle,Home,5,0,0,D,0
2005-01-16,2004/05,West Brom,Fulham,Away,6,0,1,H,0
2005-01-22,2004/05,West Brom,Man City,Home,6,2,0,H,0
2005-02-01,2004/05,West Brom,Crystal Palace,Home,7,2,2,D,0
2005-02-05,2004/05,West Brom,Norwich,Away,8,2,3,H,0
2005-02-22,2004/05,West Brom,Southampton,Home,4,0,0,D,0
2005-03-06,2004/05,West Brom,Birmingham,Home,7,2,0,H,0
2005-03-15,2004/05,West Brom,Chelsea,Away,4,0,1,H,0
2005-03-19,2004/05,West Brom,Charlton,Away,9,4,1,A,0
2005-04-03,2004/05,West Brom,Everton,Home,4,1,0,H,0
2005-04-10,2004/05,West Brom,Aston Villa,Away,5,1,1,D,1
2005-04-20,2004/05,West Brom,Tottenham,Away,4,1,1,D,0
2005-08-13,2005/06,West Brom,Man City,Away,3,0,0,D,0
2005-08-20,2005/06,West Brom,Portsmouth,Home,2,2,1,H,0
2005-08-24,2005/06,West Brom,Chelsea,Away,0,0,4,H,0
2005-08-27,2005/06,West Brom,Birmingham,Home,8,2,3,A,0
2005-09-10,2005/06,West Brom,Wigan,Home,5,1,2,A,0
2005-09-17,2005/06,West Brom,Sunderland,Away,6,1,1,D,0
2005-09-24,2005/06,West Brom,Charlton,Home,10,1,2,A,0
2005-10-01,2005/06,West Brom,Blackburn,Away,3,0,2,H,0
2005-10-15,2005/06,West Brom,Arsenal,Home,4,2,1,H,0
2005-10-23,2005/06,West Brom,Bolton,Away,1,0,2,H,0
2005-10-30,2005/06,West Brom,Newcastle,Home,4,0,3,A,0
2005-11-05,2005/06,West Brom,West Ham,Away,6,0,1,H,0
2005-11-19,2005/06,West Brom,Everton,Home,8,4,0,H,0
2005-11-27,2005/06,West Brom,Middlesbrough,Away,6,2,2,D,0
2005-12-03,2005/06,West Brom,Fulham,Home,4,0,0,D,0
2005-12-10,2005/06,West Brom,Man City,Home,4,2,0,H,0
2005-12-17,2005/06,West Brom,Portsmouth,Away,2,0,1,H,0
2005-12-26,2005/06,West Brom,Man United,Away,3,0,3,H,0
2005-12-28,2005/06,West Brom,Tottenham,Home,5,2,0,H,0
2005-12-31,2005/06,West Brom,Liverpool,Away,0,0,1,H,0
2006-01-02,2005/06,West Brom,Aston Villa,Home,5,1,2,A,0
2006-01-15,2005/06,West Brom,Wigan,Away,6,1,0,A,1
2006-01-21,2005/06,West Brom,Sunderland,Home,5,0,1,A,0
2006-01-31,2005/06,West Brom,Charlton,Away,6,0,0,D,0
2006-02-04,2005/06,West Brom,Blackburn,Home,5,2,0,H,0
2006-02-11,2005/06,West Brom,Fulham,Away,6,1,6,H,0
2006-02-26,2005/06,West Brom,Middlesbrough,Home,9,0,2,A,1
2006-03-04,2005/06,West Brom,Chelsea,Home,2,1,2,A,0
2006-03-11,2005/06,West Brom,Birmingham,Away,4,1,1,D,0
2006-03-18,2005/06,West Brom,Man United,Home,3,1,2,A,0
2006-03-27,2005/06,West Brom,Tottenham,Away,8,1,2,H,0
2006-04-01,2005/06,West Brom,Liverpool,Home,4,0,2,A,0
2006-04-09,2005/06,West Brom,Aston Villa,Away,4,0,0,D,0
2006-04-15,2005/06,West Brom,Arsenal,Away,1,1,3,H,0
2006-04-17,2005/06,West Brom,Bolton,Home,1,0,0,D,0
2006-04-22,2005/06,West Brom,Newcastle,Away,1,0,3,H,0
2006-05-01,2005/06,West Brom,West Ham,Home,4,0,1,A,0
2006-05-07,2005/06,West Brom,Everton,Away,5,2,2,D,0
2008-08-16,2008/09,West Brom,Arsenal,Away,4,0,1,H,0
2008-08-23,2008/09,West Brom,Everton,Home,4,1,2,A,0
2008-08-30,2008/09,West Brom,Bolton,Away,7,0,0,D,0
2008-09-13,2008/09,West Brom,West Ham,Home,8,3,2,H,0
2008-09-21,2008/09,West Brom,Aston Villa,Home,6,1,2,A,0
2008-09-27,2008/09,West Brom,Middlesbrough,Away,9,1,0,A,0
2008-10-04,2008/09,West Brom,Fulham,Home,8,1,0,H,0
2008-10-18,2008/09,West Brom,Man United,Away,2,0,4,H,0
2008-10-25,2008/09,West Brom,Hull,Home,16,0,3,A,0
2008-10-28,2008/09,West Brom,Newcastle,Away,4,1,2,H,0
2008-11-01,2008/09,West Brom,Blackburn,Home,8,2,2,D,0
2008-11-08,2008/09,West Brom,Liverpool,Away,2,0,3,H,0
2008-11-15,2008/09,West Brom,Chelsea,Home,3,0,3,A,0
2008-11-22,2008/09,West Brom,Stoke,Away,2,0,1,H,0
2008-11-29,2008/09,West Brom,Wigan,Away,9,1,2,H,0
2008-12-07,2008/09,West Brom,Portsmouth,Home,8,1,1,D,0
2008-12-13,2008/09,West Brom,Sunderland,Away,6,0,4,H,0
2008-12-21,2008/09,West Brom,Man City,Home,7,2,1,H,0
2008-12-26,2008/09,West Brom,Chelsea,Away,2,0,2,H,0
2008-12-28,2008/09,West Brom,Tottenham,Home,11,2,0,H,0
2009-01-10,2008/09,West Brom,Aston Villa,Away,6,1,2,H,0
2009-01-17,2008/09,West Brom,Middlesbrough,Home,8,3,0,H,0
2009-01-27,2008/09,West Brom,Man United,Home,4,0,5,A,1
2009-01-31,2008/09,West Brom,Hull,Away,7,2,2,D,0
2009-02-07,2008/09,West Brom,Newcastle,Home,7,2,3,A,0
2009-02-22,2008/09,West Brom,Fulham,Away,5,0,2,H,0
2009-02-28,2008/09,West Brom,Everton,Away,9,0,2,H,0
2009-03-03,2008/09,West Brom,Arsenal,Home,4,1,3,A,0
2009-03-16,2008/09,West Brom,West Ham,Away,4,0,0,D,0
2009-03-21,2008/09,West Brom,Bolton,Home,4,1,1,D,0
2009-04-04,2008/09,West Brom,Stoke,Home,9,0,2,A,0
2009-04-11,2008/09,West Brom,Portsmouth,Away,7,2,2,D,0
2009-04-19,2008/09,West Brom,Man City,Away,17,2,4,H,0
2009-04-25,2008/09,West Brom,Sunderland,Home,9,3,0,H,0
2009-05-02,2008/09,West Brom,Tottenham,Away,7,0,1,H,0
2009-05-09,2008/09,West Brom,Wigan,Home,10,3,1,H,0
2009-05-17,2008/09,West Brom,Liverpool,Home,7,0,2,A,0
2009-05-24,2008/09,West Brom,Blackburn,Away,5,0,0,D,0
2010-08-14,2010/11,West Brom,Chelsea,Away,4,0,6,H,0
2010-08-21,2010/11,West Brom,Sunderland,Home,5,1,0,H,0
2010-08-29,2010/11,West Brom,Liverpool,Away,5,0,1,H,1
2010-09-11,2010/11,West Brom,Tottenham,Home,8,1,1,D,0
2010-09-18,2010/11,West Brom,Birmingham,Home,10,3,1,H,0
2010-09-25,2010/11,West Brom,Arsenal,Away,5,3,2,A,0
2010-10-02,2010/11,West Brom,Bolton,Home,9,1,1,D,0
2010-10-16,2010/11,West Brom,Man United,Away,2,2,2,D,0
2010-10-23,2010/11,West Brom,Fulham,Home,7,2,1,H,0
2010-11-01,2010/11,West Brom,Blackpool,Away,5,1,2,H,2
2010-11-07,2010/11,West Brom,Man City,Home,7,0,2,A,1
2010-11-10,2010/11,West Brom,West Ham,Away,6,2,2,D,0
2010-11-13,2010/11,West Brom,Wigan,Away,6,0,1,H,0
2010-11-20,2010/11,West Brom,Stoke,Home,8,0,3,A,0
2010-11-27,2010/11,West Brom,Everton,Away,3,4,1,A,1
2010-12-05,2010/11,West Brom,Newcastle,Home,12,3,1,H,0
2010-12-11,2010/11,West Brom,Aston Villa,Away,4,1,2,H,0
2010-12-26,2010/11,West Brom,Bolton,Away,9,0,2,H,0
2010-12-28,2010/11,West Brom,Blackburn,Home,11,1,3,A,1
2011-01-01,2010/11,West Brom,Man United,Home,8,1,2,A,0
2011-01-04,2010/11,West Brom,Fulham,Away,4,0,3,H,0
2011-01-15,2010/11,West Brom,Blackpool,Home,11,3,2,H,0
2011-01-23,2010/11,West Brom,Blackburn,Away,20,0,2,H,0
2011-02-01,2010/11,West Brom,Wigan,Home,10,2,2,D,0
2011-02-05,2010/11,West Brom,Man City,Away,9,0,3,H,0
2011-02-12,2010/11,West Brom,West Ham,Home,11,3,3,D,0
2011-02-20,2010/11,West Brom,Wolves,Home,11,1,1,D,0
2011-02-28,2010/11,West Brom,Stoke,Away,11,1,1,D,0
2011-03-05,2010/11,West Brom,Birmingham,Away,5,3,1,A,0
2011-03-19,2010/11,West Brom,Arsenal,Home,3,2,2,D,0
2011-04-02,2010/11,West Brom,Liverpool,Home,14,2,1,H,0
2011-04-09,2010/11,West Brom,Sunderland,Away,8,3,2,A,0
2011-04-16,2010/11,West Brom,Chelsea,Home,6,1,3,A,0
2011-04-23,2010/11,West Brom,Tottenham,Away,4,2,2,D,0
2011-04-30,2010/11,West Brom,Aston Villa,Home,4,2,1,H,1
2011-05-08,2010/11,West Brom,Wolves,Away,6,1,3,H,0
2011-05-14,2010/11,West Brom,Everton,Home,9,1,0,H,0
2011-05-22,2010/11,West Brom,Newcastle,Away,7,3,3,D,0
2011-08-14,2011/12,West Brom,Man United,Home,8,1,2,A,0
2011-08-20,2011/12,West Brom,Chelsea,Away,4,1,2,H,0
2011-08-28,2011/12,West Brom,Stoke,Home,7,0,1,A,0
2011-09-11,2011/12,West Brom,Norwich,Away,9,1,0,A,0
2011-09-17,2011/12,West Brom,Swansea,Away,8,0,3,H,0
2011-09-24,2011/12,West Brom,Fulham,Home,5,0,0,D,0
2011-10-01,2011/12,West Brom,Sunderland,Away,3,2,2,D,0
2011-10-16,2011/12,West Brom,Wolves,Home,11,2,0,H,0
2011-10-22,2011/12,West Brom,Aston Villa,Away,5,2,1,A,0
2011-10-29,2011/12,West Brom,Liverpool,Home,6,0,2,A,0
2011-11-05,2011/12,West Brom,Arsenal,Away,4,0,3,H,0
2011-11-19,2011/12,West Brom,Bolton,Home,9,2,1,H,0
2011-11-26,2011/12,West Brom,Tottenham,Home,5,1,3,A,0
2011-12-03,2011/12,West Brom,QPR,Away,10,1,1,D,0
2011-12-10,2011/12,West Brom,Wigan,Home,8,1,2,A,0
2011-12-17,2011/12,West Brom,Blackburn,Away,6,2,1,A,0
2011-12-21,2011/12,West Brom,Newcastle,Away,8,3,2,A,0
2011-12-26,2011/12,West Brom,Man City,Home,3,0,0,D,0
2012-01-01,2011/12,West Brom,Everton,Home,2,0,1,A,0
2012-01-03,2011/12,West Brom,Tottenham,Away,2,0,1,H,0
2012-01-14,2011/12,West Brom,Norwich,Home,8,1,2,A,0
2012-01-21,2011/12,West Brom,Stoke,Away,6,2,1,A,0
2012-02-01,2011/12,West Brom,Fulham,Away,11,1,1,D,0
2012-02-04,2011/12,West Brom,Swansea,Home,11,1,2,A,0
2012-02-12,2011/12,West Brom,Wolves,Away,16,5,1,A,0
2012-02-25,2011/12,West Brom,Sunderland,Home,13,4,0,H,0
2012-03-03,2011/12,West Brom,Chelsea,Home,11,1,0,H,0
2012-03-11,2011/12,West Brom,Man United,Away,3,0,2,H,1
2012-03-17,2011/12,West Brom,Wigan,Away,2,1,1,D,0
2012-03-25,2011/12,West Brom,Newcastle,Home,6,1,3,A,0
2012-03-31,2011/12,West Brom,Everton,Away,5,0,2,H,0
2012-04-07,2011/12,West Brom,Blackburn,Home,6,3,0,H,0
2012-04-11,2011/12,West Brom,Man City,Away,1,0,4,H,0
2012-04-14,2011/12,West Brom,QPR,Home,10,1,0,H,0
2012-04-22,2011/12,West Brom,Liverpool,Away,4,1,0,A,0
2012-04-28,2011/12,West Brom,Aston Villa,Home,7,0,0,D,0
2012-05-06,2011/12,West Brom,Bolton,Away,13,2,2,D,0
2012-05-13,2011/12,West Brom,Arsenal,Home,8,2,3,A,0
2012-08-18,2012/13,West Brom,Liverpool,Home,10,3,0,H,0
2012-08-25,2012/13,West Brom,Tottenham,Away,5,1,1,D,0
2012-09-01,2012/13,West Brom,Everton,Home,8,2,0,H,0
2012-09-15,2012/13,West Brom,Fulham,Away,8,0,3,H,1
2012-09-22,2012/13,West Brom,Reading,Home,4,1,0,H,0
2012-09-30,2012/13,West Brom,Aston Villa,Away,7,1,1,D,0
2012-10-06,2012/13,West Brom,QPR,Home,8,3,2,H,0
2012-10-20,2012/13,West Brom,Man City,Home,8,1,2,A,0
2012-10-28,2012/13,West Brom,Newcastle,Away,4,1,2,H,0
2012-11-05,2012/13,West Brom,Southampton,Home,6,2,0,H,0
2012-11-10,2012/13,West Brom,Wigan,Away,4,2,1,A,0
2012-11-17,2012/13,West Brom,Chelsea,Home,6,2,1,H,0
2012-11-24,2012/13,West Brom,Sunderland,Away,6,4,2,A,0
2012-11-28,2012/13,West Brom,Swansea,Away,2,1,3,H,0
2012-12-01,2012/13,West Brom,Stoke,Home,11,0,1,A,0
2012-12-08,2012/13,West Brom,Arsenal,Away,2,0,2,H,0
2012-12-16,2012/13,West Brom,West Ham,Home,10,0,0,D,0
2012-12-22,2012/13,West Brom,Norwich,Home,8,2,1,H,0
2012-12-26,2012/13,West Brom,QPR,Away,6,2,1,A,0
2012-12-29,2012/13,West Brom,Man United,Away,9,0,2,H,0
2013-01-01,2012/13,West Brom,Fulham,Home,10,1,2,A,0
2013-01-12,2012/13,West Brom,Reading,Away,6,2,3,H,0
2013-01-19,2012/13,West Brom,Aston Villa,Home,9,2,2,D,0
2013-01-30,2012/13,West Brom,Everton,Away,4,1,2,H,0
2013-02-03,2012/13,West Brom,Tottenham,Home,3,0,1,A,1
2013-02-11,2012/13,West Brom,Liverpool,Away,3,2,0,A,0
2013-02-23,2012/13,West Brom,Sunderland,Home,7,2,1,H,0
2013-03-02,2012/13,West Brom,Chelsea,Away,4,0,1,H,0
2013-03-09,2012/13,West Brom,Swansea,Home,6,2,1,H,0
2013-03-16,2012/13,West Brom,Stoke,Away,5,0,0,D,0
2013-03-30,2012/13,West Brom,West Ham,Away,11,1,3,H,1
2013-04-06,2012/13,West Brom,Arsenal,Home,5,1,2,A,0
2013-04-20,2012/13,West Brom,Newcastle,Home,4,1,1,D,0
2013-04-27,2012/13,West Brom,Southampton,Away,9,3,0,A,1
2013-05-04,2012/13,West Brom,Wigan,Home,11,2,3,A,0
2013-05-07,2012/13,West Brom,Man City,Away,11,0,1,H,0
2013-05-12,2012/13,West Brom,Norwich,Away,5,0,4,H,0
2013-05-19,2012/13,West Brom,Man United,Home,8,5,5,D,0
2013-08-17,2013/14,West Brom,Southampton,Home,1,0,1,A,0
2013-08-24,2013/14,West Brom,Everton,Away,2,0,0,D,0
2013-09-01,2013/14,West Brom,Swansea,Home,1,0,2,A,0
2013-09-14,2013/14,West Brom,Fulham,Away,4,1,1,D,0
2013-09-21,2013/14,West Brom,Sunderland,Home,4,3,0,H,0
2013-09-28,2013/14,West Brom,Man United,Away,4,2,1,A,0
2013-10-06,2013/14,West Brom,Arsenal,Home,4,1,1,D,0
2013-10-19,2013/14,West Brom,Stoke,Away,5,0,0,D,0
2013-10-26,2013/14,West Brom,Liverpool,Away,3,1,4,H,0
2013-11-02,2013/14,West Brom,Crystal Palace,Home,4,2,0,H,0
2013-11-09,2013/14,West Brom,Chelsea,Away,3,2,2,D,0
2013-11-25,2013/14,West Brom,Aston Villa,Home,4,2,2,D,0
2013-11-30,2013/14,West Brom,Newcastle,Away,1,1,2,H,0
2013-12-04,2013/14,West Brom,Man City,Home,1,2,3,A,0
2013-12-07,2013/14,West Brom,Norwich,Home,12,0,2,A,0
2013-12-14,2013/14,West Brom,Cardiff,Away,2,0,1,H,0
2013-12-21,2013/14,West Brom,Hull,Home,3,1,1,D,0
2013-12-26,2013/14,West Brom,Tottenham,Away,4,1,1,D,0
2013-12-28,2013/14,West Brom,West Ham,Away,7,3,3,D,0
2014-01-01,2013/14,West Brom,Newcastle,Home,4,1,0,H,0
2014-01-11,2013/14,West Brom,Southampton,Away,2,0,1,H,0
2014-01-20,2013/14,West Brom,Everton,Home,6,1,1,D,0
2014-01-29,2013/14,West Brom,Aston Villa,Away,4,3,4,H,0
2014-02-02,2013/14,West Brom,Liverpool,Home,4,1,1,D,0
2014-02-08,2013/14,West Brom,Crystal Palace,Away,6,1,3,H,0
2014-02-11,2013/14,West Brom,Chelsea,Home,1,1,1,D,0
2014-02-22,2013/14,West Brom,Fulham,Home,5,1,1,D,0
2014-03-08,2013/14,West Brom,Man United,Home,3,0,3,A,0
2014-03-15,2013/14,West Brom,Swansea,Away,4,2,1,A,0
2014-03-22,2013/14,West Brom,Hull,Away,4,0,2,H,0
2014-03-29,2013/14,West Brom,Cardiff,Home,6,3,3,D,0
2014-04-05,2013/14,West Brom,Norwich,Away,5,1,0,A,0
2014-04-12,2013/14,West Brom,Tottenham,Home,5,3,3,D,0
2014-04-21,2013/14,West Brom,Man City,Away,3,1,3,H,0
2014-04-26,2013/14,West Brom,West Ham,Home,6,1,0,H,0
2014-05-04,2013/14,West Brom,Arsenal,Away,1,0,1,H,0
2014-05-07,2013/14,West Brom,Sunderland,Away,3,0,2,H,0
2014-05-11,2013/14,West Brom,Stoke,Home,4,1,2,A,0
2014-08-16,2014/15,West Brom,Sunderland,Home,5,2,2,D,0
2014-08-23,2014/15,West Brom,Southampton,Away,2,0,0,D,0
2014-08-30,2014/15,West Brom,Swansea,Away,2,0,3,H,0
2014-09-13,2014/15,West Brom,Everton,Home,1,0,2,A,0
2014-09-21,2014/15,West Brom,Tottenham,Away,4,1,0,A,0
2014-09-28,2014/15,West Brom,Burnley,Home,6,4,0,H,0
2014-10-04,2014/15,West Brom,Liverpool,Away,4,1,2,H,0
2014-10-20,2014/15,West Brom,Man United,Home,2,2,2,D,0
2014-10-25,2014/15,West Brom,Crystal Palace,Home,4,2,2,D,0
2014-11-01,2014/15,West Brom,Leicester,Away,3,1,0,A,0
2014-11-09,2014/15,West Brom,Newcastle,Home,2,0,2,A,0
2014-11-22,2014/15,West Brom,Chelsea,Away,1,0,2,H,1
2014-11-29,2014/15,West Brom,Arsenal,Home,1,0,1,A,0
2014-12-02,2014/15,West Brom,West Ham,Home,5,1,2,A,0
2014-12-06,2014/15,West Brom,Hull,Away,3,0,0,D,0
2014-12-13,2014/15,West Brom,Aston Villa,Home,5,1,0,H,0
2014-12-20,2014/15,West Brom,QPR,Away,6,2,3,H,0
2014-12-26,2014/15,West Brom,Man City,Home,6,1,3,A,0
2014-12-28,2014/15,West Brom,Stoke,Away,4,0,2,H,0
2015-01-01,2014/15,West Brom,West Ham,Away,3,1,1,D,0
2015-01-10,2014/15,West Brom,Hull,Home,3,1,0,H,0
2015-01-19,2014/15,West Brom,Everton,Away,0,0,0,D,0
2015-01-31,2014/15,West Brom,Tottenham,Home,4,0,3,A,0
2015-02-08,2014/15,West Brom,Burnley,Away,5,2,2,D,0
2015-02-11,2014/15,West Brom,Swansea,Home,4,2,0,H,0
2015-02-21,2014/15,West Brom,Sunderland,Away,1,0,0,D,0
2015-02-28,2014/15,West Brom,Southampton,Home,3,1,0,H,0
2015-03-03,2014/15,West Brom,Aston Villa,Away,1,1,2,H,0
2015-03-14,2014/15,West Brom,Stoke,Home,5,1,0,H,0
2015-03-21,2014/15,West Brom,Man City,Away,0,0,3,H,1
2015-04-04,2014/15,West Brom,QPR,Home,6,1,4,A,1
2015-04-11,2014/15,West Brom,Leicester,Home,5,2,3,A,0
2015-04-18,2014/15,West Brom,Crystal Palace,Away,4,2,0,A,0
2015-04-25,2014/15,West Brom,Liverpool,Home,4,0,0,D,0
2015-05-02,2014/15,West Brom,Man United,Away,3,1,0,A,0
2015-05-09,2014/15,West Brom,Newcastle,Away,3,1,1,D,0
2015-05-18,2014/15,West Brom,Chelsea,Home,5,3,0,H,0
2015-05-24,2014/15,West Brom,Arsenal,Away,5,1,4,H,0
2015-08-10,2015/16,West Brom,Man City,Home,2,0,3,A,0
2015-08-15,2015/16,West Brom,Watford,Away,0,0,0,D,0
2015-08-23,2015/16,West Brom,Chelsea,Home,6,2,3,A,0
2015-08-29,2015/16,West Brom,Stoke,Away,5,1,0,A,0
2015-09-12,2015/16,West Brom,Southampton,Home,1,0,0,D,0
2015-09-19,2015/16,West Brom,Aston Villa,Away,6,1,0,A,0
2015-09-28,2015/16,West Brom,Everton,Home,4,2,3,A,0
2015-10-03,2015/16,West Brom,Crystal Palace,Away,2,0,2,H,0
2015-10-17,2015/16,West Brom,Sunderland,Home,1,1,0,H,0
2015-10-24,2015/16,West Brom,Norwich,Away,4,1,0,A,0
2015-10-31,2015/16,West Brom,Leicester,Home,6,2,3,A,0
2015-11-07,2015/16,West Brom,Man United,Away,0,0,2,H,1
2015-11-21,2015/16,West Brom,Arsenal,Home,1,2,1,H,0
2015-11-29,2015/16,West Brom,West Ham,Away,3,1,1,D,0
2015-12-05,2015/16,West Brom,Tottenham,Home,4,1,1,D,0
2015-12-13,2015/16,West Brom,Liverpool,Away,2,2,2,D,0
2015-12-19,2015/16,West Brom,Bournemouth,Home,2,1,2,A,2
2015-12-26,2015/16,West Brom,Swansea,Away,3,0,1,H,0
2015-12-28,2015/16,West Brom,Newcastle,Home,5,1,0,H,0
2016-01-02,2015/16,West Brom,Stoke,Home,5,2,1,H,0
2016-01-13,2015/16,West Brom,Chelsea,Away,6,2,2,D,0
2016-01-16,2015/16,West Brom,Southampton,Away,0,0,3,H,0
2016-01-23,2015/16,West Brom,Aston Villa,Home,0,0,0,D,0
2016-02-02,2015/16,West Brom,Swansea,Home,7,1,1,D,0
2016-02-06,2015/16,West Brom,Newcastle,Away,0,0,1,H,0
2016-02-13,2015/16,West Brom,Everton,Away,1,1,0,A,0
2016-02-27,2015/16,West Brom,Crystal Palace,Home,5,3,2,H,0
2016-03-01,2015/16,West Brom,Leicester,Away,3,2,2,D,0
2016-03-06,2015/16,West Brom,Man United,Home,2,1,0,H,0
2016-03-19,2015/16,West Brom,Norwich,Home,0,0,1,A,0
2016-04-02,2015/16,West Brom,Sunderland,Away,0,0,0,D,0
2016-04-09,2015/16,West Brom,Man City,Away,2,1,2,H,0
2016-04-16,2015/16,West Brom,Watford,Home,4,0,1,A,0
2016-04-21,2015/16,West Brom,Arsenal,Away,1,0,2,H,0
2016-04-25,2015/16,West Brom,Tottenham,Away,3,1,1,D,0
2016-04-30,2015/16,West Brom,West Ham,Home,5,0,3,A,0
2016-05-07,2015/16,West Brom,Bournemouth,Away,4,1,1,D,0
2016-05-15,2015/16,West Brom,Liverpool,Home,1,1,1,D,0
2016-08-13,2016/17,West Brom,Crystal Palace,Away,3,1,0,A,0
2016-08-20,2016/17,West Brom,Everton,Home,4,1,2,A,0
2016-08-28,2016/17,West Brom,Middlesbrough,Home,2,0,0,D,0
2016-09-10,2016/17,West Brom,Bournemouth,Away,2,0,1,H,0
2016-09-17,2016/17,West Brom,West Ham,Home,6,4,2,H,0
2016-09-24,2016/17,West Brom,Stoke,Away,3,1,1,D,0
2016-10-01,2016/17,West Brom,Sunderland,Away,7,1,1,D,0
2016-10-15,2016/17,West Brom,Tottenham,Home,4,1,1,D,0
2016-10-22,2016/17,West Brom,Liverpool,Away,1,1,2,H,0
2016-10-29,2016/17,West Brom,Man City,Home,1,0,4,A,0
2016-11-06,2016/17,West Brom,Leicester,Away,5,2,1,A,0
2016-11-21,2016/17,West Brom,Burnley,Home,6,4,0,H,0
2016-11-26,2016/17,West Brom,Hull,Away,2,1,1,D,0
2016-12-03,2016/17,West Brom,Watford,Home,3,3,1,H,0
2016-12-11,2016/17,West Brom,Chelsea,Away,1,0,1,H,0
2016-12-14,2016/17,West Brom,Swansea,Home,4,3,1,H,0
2016-12-17,2016/17,West Brom,Man United,Home,1,0,2,A,0
2016-12-26,2016/17,West Brom,Arsenal,Away,1,0,1,H,0
2016-12-31,2016/17,West Brom,Southampton,Away,3,2,1,A,0
2017-01-02,2016/17,West Brom,Hull,Home,5,3,1,H,0
2017-01-14,2016/17,West Brom,Tottenham,Away,0,0,4,H,0
2017-01-21,2016/17,West Brom,Sunderland,Home,5,2,0,H,0
2017-01-31,2016/17,West Brom,Middlesbrough,Away,5,1,1,D,0
2017-02-04,2016/17,West Brom,Stoke,Home,4,1,0,H,0
2017-02-11,2016/17,West Brom,West Ham,Away,3,2,2,D,0
2017-02-25,2016/17,West Brom,Bournemouth,Home,4,2,1,H,0
2017-03-04,2016/17,West Brom,Crystal Palace,Home,1,0,2,A,0
2017-03-11,2016/17,West Brom,Everton,Away,2,0,3,H,0
2017-03-18,2016/17,West Brom,Arsenal,Home,8,3,1,H,0
2017-04-01,2016/17,West Brom,Man United,Away,1,0,0,D,0
2017-04-04,2016/17,West Brom,Watford,Away,2,0,2,H,0
2017-04-08,2016/17,West Brom,Southampton,Home,6,0,1,A,0
2017-04-16,2016/17,West Brom,Liverpool,Home,2,0,1,A,0
2017-04-29,2016/17,West Brom,Leicester,Home,4,0,1,A,0
2017-05-06,2016/17,West Brom,Burnley,Away,3,2,2,D,0
2017-05-12,2016/17,West Brom,Chelsea,Home,2,0,1,A,0
2017-05-16,2016/17,West Brom,Man City,Away,2,1,3,H,0
2017-05-21,2016/17,West Brom,Swansea,Away,5,1,2,H,0
2017-08-12,2017/18,West Brom,Bournemouth,Home,6,1,0,H,0
2017-08-19,2017/18,West Brom,Burnley,Away,1,1,0,A,1
2017-08-27,2017/18,West Brom,Stoke,Home,2,1,1,D,0
2017-09-09,2017/18,West Brom,Brighton,Away,3,1,3,H,0
2017-09-16,2017/18,West Brom,West Ham,Home,1,0,0,D,0
2017-09-25,2017/18,West Brom,Arsenal,Away,3,0,2,H,0
2017-09-30,2017/18,West Brom,Watford,Home,4,2,2,D,0
2017-10-16,2017/18,West Brom,Leicester,Away,1,1,1,D,0
2017-10-21,2017/18,West Brom,Southampton,Away,2,0,1,H,0
2017-10-28,2017/18,West Brom,Man City,Home,4,2,3,A,0
2017-11-04,2017/18,West Brom,Huddersfield,Away,3,0,1,H,0
2017-11-18,2017/18,West Brom,Chelsea,Home,2,0,4,A,0
2017-11-25,2017/18,West Brom,Tottenham,Away,2,1,1,D,0
2017-11-28,2017/18,West Brom,Newcastle,Home,4,2,2,D,0
2017-12-02,2017/18,West Brom,Crystal Palace,Home,6,0,0,D,0
2017-12-09,2017/18,West Brom,Swansea,Away,1,0,1,H,0
2017-12-13,2017/18,West Brom,Liverpool,Away,1,0,0,D,0
2017-12-17,2017/18,West Brom,Man United,Home,5,1,2,A,0
2017-12-23,2017/18,West Brom,Stoke,Away,7,1,3,H,0
2017-12-26,2017/18,West Brom,Everton,Home,3,0,0,D,0
2017-12-31,2017/18,West Brom,Arsenal,Home,3,1,1,D,0
2018-01-02,2017/18,West Brom,West Ham,Away,3,1,2,H,0
2018-01-13,2017/18,West Brom,Brighton,Home,4,2,0,H,0
2018-01-20,2017/18,West Brom,Everton,Away,5,1,1,D,0
2018-01-31,2017/18,West Brom,Man City,Away,1,0,3,H,0
2018-02-03,2017/18,West Brom,Southampton,Home,3,2,3,A,0
2018-02-12,2017/18,West Brom,Chelsea,Away,1,0,3,H,0
2018-02-24,2017/18,West Brom,Huddersfield,Home,3,1,2,A,0
2018-03-03,2017/18,West Brom,Watford,Away,2,0,1,H,0
2018-03-10,2017/18,West Brom,Leicester,Home,2,1,4,A,0
2018-03-17,2017/18,West Brom,Bournemouth,Away,6,1,2,H,0
2018-03-31,2017/18,West Brom,Burnley,Home,3,1,2,A,0
2018-04-07,2017/18,West Brom,Swansea,Home,3,1,1,D,0
2018-04-15,2017/18,West Brom,Man United,Away,4,1,0,A,0
2018-04-21,2017/18,West Brom,Liverpool,Home,6,2,2,D,0
2018-04-28,2017/18,West Brom,Newcastle,Away,2,1,0,A,0
2018-05-05,2017/18,West Brom,Tottenham,Home,1,1,0,H,0
2018-05-13,2017/18,West Brom,Crystal Palace,Away,1,0,2,H,0
2020-09-13,2020/21,West Brom,Leicester,Home,1,0,3,A,0
2020-09-19,2020/21,West Brom,Everton,Away,4,2,5,H,1
2020-09-26,2020/21,West Brom,Chelsea,Home,3,3,3,D,0
2020-10-04,2020/21,West Brom,Southampton,Away,2,0,2,H,0
2020-10-19,2020/21,West Brom,Burnley,Home,6,0,0,D,0
2020-10-26,2020/21,West Brom,Brighton,Away,3,1,1,D,0
2020-11-02,2020/21,West Brom,Fulham,Away,1,0,2,H,0
2020-11-08,2020/21,West Brom,Tottenham,Home,2,0,1,A,0
2020-11-21,2020/21,West Brom,Man United,Away,2,0,1,H,0
2020-11-28,2020/21,West Brom,Sheffield United,Home,6,1,0,H,0
2020-12-06,2020/21,West Brom,Crystal Palace,Home,4,1,5,A,1
2020-12-12,2020/21,West Brom,Newcastle,Away,3,1,2,H,0
2020-12-15,2020/21,West Brom,Man City,Away,1,1,1,D,0
2020-12-20,2020/21,West Brom,Aston Villa,Home,1,0,3,A,1
2020-12-27,2020/21,West Brom,Liverpool,Away,3,1,1,D,0
2020-12-29,2020/21,West Brom,Leeds,Home,1,0,5,A,0
2021-01-02,2020/21,West Brom,Arsenal,Home,3,0,4,A,0
2021-01-16,2020/21,West Brom,Wolves,Away,5,3,2,A,0
2021-01-19,2020/21,West Brom,West Ham,Away,2,1,2,H,0
2021-01-26,2020/21,West Brom,Man City,Home,1,0,5,A,0
2021-01-30,2020/21,West Brom,Fulham,Home,3,2,2,D,0
2021-02-02,2020/21,West Brom,Sheffield United,Away,4,1,2,H,0
2021-02-07,2020/21,West Brom,Tottenham,Away,1,0,2,H,0
2021-02-14,2020/21,West Brom,Man United,Home,3,1,1,D,0
2021-02-20,2020/21,West Brom,Burnley,Away,3,0,0,D,1
2021-02-27,2020/21,West Brom,Brighton,Home,2,1,0,H,0
2021-03-04,2020/21,West Brom,Everton,Home,3,0,1,A,0
2021-03-07,2020/21,West Brom,Newcastle,Home,3,0,0,D,0
2021-03-13,2020/21,West Brom,Crystal Palace,Away,1,0,1,H,0
2021-04-03,2020/21,West Brom,Chelsea,Away,7,5,2,A,0
2021-04-12,2020/21,West Brom,Southampton,Home,6,3,0,H,0
2021-04-22,2020/21,West Brom,Leicester,Away,1,0,3,H,0
2021-04-25,2020/21,West Brom,Aston Villa,Away,4,2,2,D,0
2021-05-03,2020/21,West Brom,Wolves,Home,4,1,1,D,0
2021-05-09,2020/21,West Brom,Arsenal,Away,1,1,3,H,0
2021-05-16,2020/21,West Brom,Liverpool,Home,3,1,2,A,0
2021-05-19,2020/21,West Brom,West Ham,Home,4,1,3,A,0
2021-05-23,2020/21,West Brom,Leeds,Away,5,1,3,H,0
2000-08-19,2000/01,West Ham,Chelsea,Away,5,2,4,H,0
2000-08-23,2000/01,West Ham,Leicester,Home,12,0,1,A,1
2000-08-26,2000/01,West Ham,Man United,Home,8,2,2,D,0
2000-09-05,2000/01,West Ham,Sunderland,Away,9,1,1,D,0
2000-09-11,2000/01,West Ham,Tottenham,Away,5,0,1,H,0
2000-09-17,2000/01,West Ham,Liverpool,Home,4,1,1,D,0
2000-09-23,2000/01,West Ham,Coventry,Away,10,3,0,A,0
2000-09-30,2000/01,West Ham,Bradford,Home,6,1,1,D,0
2000-10-14,2000/01,West Ham,Ipswich,Away,2,1,1,D,0
2000-10-21,2000/01,West Ham,Arsenal,Home,3,1,2,A,0
2000-10-28,2000/01,West Ham,Newcastle,Home,4,1,0,H,0
2000-11-06,2000/01,West Ham,Derby,Away,6,0,0,D,0
2000-11-11,2000/01,West Ham,Man City,Home,11,4,1,H,0
2000-11-18,2000/01,West Ham,Leeds,Away,3,1,0,A,0
2000-11-25,2000/01,West Ham,Southampton,Away,8,3,2,A,0
2000-12-02,2000/01,West Ham,Middlesbrough,Home,6,1,0,H,0
2000-12-09,2000/01,West Ham,Aston Villa,Home,5,1,1,D,0
2000-12-16,2000/01,West Ham,Everton,Away,4,1,1,D,0
2000-12-23,2000/01,West Ham,Leicester,Away,4,1,2,H,0
2000-12-26,2000/01,West Ham,Charlton,Home,10,5,0,H,0
2001-01-01,2000/01,West Ham,Man United,Away,5,1,3,H,0
2001-01-13,2000/01,West Ham,Sunderland,Home,6,0,2,A,0
2001-01-22,2000/01,West Ham,Charlton,Away,3,1,1,D,0
2001-01-31,2000/01,West Ham,Tottenham,Home,6,0,0,D,0
2001-02-03,2000/01,West Ham,Liverpool,Away,3,0,3,H,1
2001-02-12,2000/01,West Ham,Coventry,Home,9,1,1,D,0
2001-02-24,2000/01,West Ham,Bradford,Away,5,2,1,A,0
2001-03-03,2000/01,West Ham,Arsenal,Away,2,0,3,H,0
2001-03-07,2000/01,West Ham,Chelsea,Home,2,0,2,A,0
2001-03-17,2000/01,West Ham,Ipswich,Home,2,0,1,A,0
2001-03-31,2000/01,West Ham,Everton,Home,6,0,2,A,1
2001-04-07,2000/01,West Ham,Aston Villa,Away,5,2,2,D,0
2001-04-14,2000/01,West Ham,Derby,Home,10,3,1,H,0
2001-04-16,2000/01,West Ham,Newcastle,Away,6,1,2,H,0
2001-04-21,2000/01,West Ham,Leeds,Home,10,0,2,A,0
2001-04-28,2000/01,West Ham,Man City,Away,7,0,1,H,0
2001-05-05,2000/01,West Ham,Southampton,Home,12,3,0,H,0
2001-05-19,2000/01,West Ham,Middlesbrough,Away,5,1,2,H,0
2001-08-18,2001/02,West Ham,Liverpool,Away,3,1,2,H,0
2001-08-25,2001/02,West Ham,Leeds,Home,3,0,0,D,0
2001-09-08,2001/02,West Ham,Derby,Away,4,0,0,D,0
2001-09-15,2001/02,West Ham,Middlesbrough,Away,1,0,2,H,1
2001-09-23,2001/02,West Ham,Newcastle,Home,9,3,0,H,0
2001-09-29,2001/02,West Ham,Everton,Away,5,0,5,H,0
2001-10-14,2001/02,West Ham,Blackburn,Away,5,1,7,H,1
2001-10-20,2001/02,West Ham,Southampton,Home,8,2,0,H,0
2001-10-24,2001/02,West Ham,Chelsea,Home,4,2,1,H,0
2001-10-28,2001/02,West Ham,Ipswich,Away,4,3,2,A,0
2001-11-03,2001/02,West Ham,Fulham,Home,6,0,2,A,0
2001-11-19,2001/02,West Ham,Charlton,Away,7,4,4,D,0
2001-11-24,2001/02,West Ham,Tottenham,Home,6,0,1,A,0
2001-12-01,2001/02,West Ham,Sunderland,Away,5,0,1,H,0
2001-12-05,2001/02,West Ham,Aston Villa,Home,8,1,1,D,0
2001-12-08,2001/02,West Ham,Man United,Away,4,1,0,A,0
2001-12-15,2001/02,West Ham,Arsenal,Home,4,1,1,D,0
2001-12-22,2001/02,West Ham,Leicester,Away,3,1,1,D,0
2001-12-26,2001/02,West Ham,Derby,Home,9,4,0,H,0
2001-12-29,2001/02,West Ham,Liverpool,Home,8,1,1,D,0
2002-01-01,2001/02,West Ham,Leeds,Away,4,0,3,H,0
2002-01-12,2001/02,West Ham,Leicester,Home,7,1,0,H,0
2002-01-20,2001/02,West Ham,Chelsea,Away,4,1,5,H,1
2002-01-30,2001/02,West Ham,Southampton,Away,4,0,2,H,0
2002-02-02,2001/02,West Ham,Blackburn,Home,6,2,0,H,0
2002-02-09,2001/02,West Ham,Bolton,Away,2,0,1,H,0
2002-02-23,2001/02,West Ham,Middlesbrough,Home,8,1,0,H,0
2002-03-02,2001/02,West Ham,Aston Villa,Away,3,1,2,H,0
2002-03-06,2001/02,West Ham,Everton,Home,6,1,0,H,0
2002-03-16,2001/02,West Ham,Man United,Home,3,3,5,A,0
2002-03-30,2001/02,West Ham,Ipswich,Home,11,3,1,H,0
2002-04-01,2001/02,West Ham,Fulham,Away,2,1,0,A,0
2002-04-06,2001/02,West Ham,Charlton,Home,4,2,0,H,0
2002-04-13,2001/02,West Ham,Tottenham,Away,5,1,1,D,0
2002-04-20,2001/02,West Ham,Sunderland,Home,7,3,0,H,0
2002-04-24,2001/02,West Ham,Arsenal,Away,1,0,2,H,0
2002-04-27,2001/02,West Ham,Newcastle,Away,5,1,3,H,0
2002-05-11,2001/02,West Ham,Bolton,Home,10,2,1,H,0
2002-08-19,2002/03,West Ham,Newcastle,Away,4,0,4,H,0
2002-08-24,2002/03,West Ham,Arsenal,Home,4,2,2,D,0
2002-08-31,2002/03,West Ham,Charlton,Home,4,0,2,A,0
2002-09-11,2002/03,West Ham,West Brom,Home,3,0,1,A,0
2002-09-15,2002/03,West Ham,Tottenham,Away,1,2,3,H,1
2002-09-21,2002/03,West Ham,Man City,Home,5,0,0,D,0
2002-09-28,2002/03,West Ham,Chelsea,Away,11,3,2,A,0
2002-10-05,2002/03,West Ham,Birmingham,Home,6,1,2,A,0
2002-10-19,2002/03,West Ham,Sunderland,Away,1,1,0,A,0
2002-10-23,2002/03,West Ham,Fulham,Away,4,1,0,A,0
2002-10-27,2002/03,West Ham,Everton,Home,9,0,1,A,0
2002-11-02,2002/03,West Ham,Liverpool,Away,1,0,2,H,0
2002-11-10,2002/03,West Ham,Leeds,Home,9,3,4,A,0
2002-11-17,2002/03,West Ham,Man United,Home,1,1,1,D,0
2002-11-23,2002/03,West Ham,Aston Villa,Away,8,1,4,H,0
2002-12-02,2002/03,West Ham,Southampton,Home,7,0,1,A,0
2002-12-07,2002/03,West Ham,Middlesbrough,Away,8,2,2,D,0
2002-12-14,2002/03,West Ham,Man United,Away,3,0,3,H,0
2002-12-21,2002/03,West Ham,Bolton,Home,6,1,1,D,0
2002-12-26,2002/03,West Ham,Fulham,Home,5,1,1,D,1
2002-12-28,2002/03,West Ham,Blackburn,Away,1,2,2,D,0
2003-01-11,2002/03,West Ham,Newcastle,Home,8,2,2,D,0
2003-01-19,2002/03,West Ham,Arsenal,Away,2,1,3,H,1
2003-01-22,2002/03,West Ham,Charlton,Away,3,2,4,H,0
2003-01-29,2002/03,West Ham,Blackburn,Home,7,2,1,H,0
2003-02-02,2002/03,West Ham,Liverpool,Home,2,0,3,A,0
2003-02-08,2002/03,West Ham,Leeds,Away,3,0,1,H,1
2003-02-23,2002/03,West Ham,West Brom,Away,2,2,1,A,0
2003-03-01,2002/03,West Ham,Tottenham,Home,8,2,0,H,0
2003-03-15,2002/03,West Ham,Everton,Away,2,0,0,D,0
2003-03-22,2002/03,West Ham,Sunderland,Home,4,2,0,H,0
2003-04-05,2002/03,West Ham,Southampton,Away,8,1,1,D,0
2003-04-12,2002/03,West Ham,Aston Villa,Home,7,2,2,D,0
2003-04-19,2002/03,West Ham,Bolton,Away,3,0,1,H,1
2003-04-21,2002/03,West Ham,Middlesbrough,Home,9,1,0,H,0
2003-04-27,2002/03,West Ham,Man City,Away,7,1,0,A,0
2003-05-03,2002/03,West Ham,Chelsea,Home,7,1,0,H,0
2003-05-11,2002/03,West Ham,Birmingham,Away,10,2,2,D,0
2005-08-13,2005/06,West Ham,Blackburn,Home,5,3,1,H,0
2005-08-20,2005/06,West Ham,Newcastle,Away,1,0,0,D,1
2005-08-27,2005/06,West Ham,Bolton,Home,6,1,2,A,0
2005-09-12,2005/06,West Ham,Aston Villa,Home,9,4,0,H,0
2005-09-17,2005/06,West Ham,Fulham,Away,3,2,1,A,0
2005-09-24,2005/06,West Ham,Arsenal,Home,0,0,0,D,0
2005-10-01,2005/06,West Ham,Sunderland,Away,3,1,1,D,0
2005-10-16,2005/06,West Ham,Man City,Away,3,1,2,H,0
2005-10-23,2005/06,West Ham,Middlesbrough,Home,8,2,1,H,0
2005-10-29,2005/06,West Ham,Liverpool,Away,2,0,2,H,0
2005-11-05,2005/06,West Ham,West Brom,Home,6,1,0,H,0
2005-11-20,2005/06,West Ham,Tottenham,Away,4,1,1,D,0
2005-11-27,2005/06,West Ham,Man United,Home,3,1,2,A,0
2005-12-05,2005/06,West Ham,Birmingham,Away,4,2,1,A,0
2005-12-10,2005/06,West Ham,Blackburn,Away,3,2,3,H,0
2005-12-14,2005/06,West Ham,Everton,Away,2,2,1,A,0
2005-12-17,2005/06,West Ham,Newcastle,Home,7,2,4,A,0
2005-12-26,2005/06,West Ham,Portsmouth,Away,4,1,1,D,0
2005-12-28,2005/06,West Ham,Wigan,Home,1,0,2,A,0
2005-12-31,2005/06,West Ham,Charlton,Away,3,0,2,H,0
2006-01-02,2005/06,West Ham,Chelsea,Home,3,1,3,A,0
2006-01-14,2005/06,West Ham,Aston Villa,Away,7,2,1,A,0
2006-01-23,2005/06,West Ham,Fulham,Home,5,2,1,H,0
2006-02-01,2005/06,West Ham,Arsenal,Away,4,3,2,A,0
2006-02-04,2005/06,West Ham,Sunderland,Home,7,2,0,H,0
2006-02-13,2005/06,West Ham,Birmingham,Home,8,3,0,H,0
2006-03-04,2005/06,West Ham,Everton,Home,3,2,2,D,0
2006-03-11,2005/06,West Ham,Bolton,Away,5,1,4,H,0
2006-03-18,2005/06,West Ham,Portsmouth,Home,6,2,4,A,0
2006-03-25,2005/06,West Ham,Wigan,Away,3,2,1,A,0
2006-03-29,2005/06,West Ham,Man United,Away,3,0,1,H,0
2006-04-02,2005/06,West Ham,Charlton,Home,7,0,0,D,0
2006-04-09,2005/06,West Ham,Chelsea,Away,4,1,4,H,0
2006-04-15,2005/06,West Ham,Man City,Home,6,1,0,H,0
2006-04-17,2005/06,West Ham,Middlesbrough,Away,6,0,2,H,0
2006-04-26,2005/06,West Ham,Liverpool,Home,7,1,2,A,1
2006-05-01,2005/06,West Ham,West Brom,Away,5,1,0,A,0
2006-05-07,2005/06,West Ham,Tottenham,Home,7,2,1,H,0
2006-08-19,2006/07,West Ham,Charlton,Home,5,3,1,H,0
2006-08-22,2006/07,West Ham,Watford,Away,4,1,1,D,0
2006-08-26,2006/07,West Ham,Liverpool,Away,3,1,2,H,0
2006-09-10,2006/07,West Ham,Aston Villa,Home,1,1,1,D,0
2006-09-17,2006/07,West Ham,Newcastle,Home,7,0,2,A,0
2006-09-23,2006/07,West Ham,Man City,Away,0,0,2,H,0
2006-10-01,2006/07,West Ham,Reading,Home,8,0,1,A,0
2006-10-14,2006/07,West Ham,Portsmouth,Away,3,0,2,H,0
2006-10-22,2006/07,West Ham,Tottenham,Away,2,0,1,H,0
2006-10-29,2006/07,West Ham,Blackburn,Home,5,2,1,H,0
2006-11-05,2006/07,West Ham,Arsenal,Home,5,1,0,H,0
2006-11-11,2006/07,West Ham,Middlesbrough,Away,7,0,1,H,0
2006-11-18,2006/07,West Ham,Chelsea,Away,1,0,1,H,0
2006-11-25,2006/07,West Ham,Sheffield United,Home,7,1,0,H,0
2006-12-03,2006/07,West Ham,Everton,Away,11,0,2,H,0
2006-12-06,2006/07,West Ham,Wigan,Home,6,0,2,A,0
2006-12-09,2006/07,West Ham,Bolton,Away,1,0,4,H,0
2006-12-17,2006/07,West Ham,Man United,Home,4,1,0,H,0
2006-12-23,2006/07,West Ham,Fulham,Away,4,0,0,D,1
2006-12-26,2006/07,West Ham,Portsmouth,Home,7,1,2,A,0
2006-12-30,2006/07,West Ham,Man City,Home,6,0,1,A,0
2007-01-01,2006/07,West Ham,Reading,Away,3,0,6,H,0
2007-01-13,2006/07,West Ham,Fulham,Home,7,3,3,D,1
2007-01-20,2006/07,West Ham,Newcastle,Away,7,2,2,D,0
2007-01-30,2006/07,West Ham,Liverpool,Home,6,1,2,A,0
2007-02-03,2006/07,West Ham,Aston Villa,Away,2,0,1,H,0
2007-02-10,2006/07,West Ham,Watford,Home,10,0,1,A,0
2007-02-24,2006/07,West Ham,Charlton,Away,8,0,4,H,0
2007-03-04,2006/07,West Ham,Tottenham,Home,6,3,4,A,0
2007-03-17,2006/07,West Ham,Blackburn,Away,7,2,1,A,0
2007-03-31,2006/07,West Ham,Middlesbrough,Home,6,2,0,H,0
2007-04-07,2006/07,West Ham,Arsenal,Away,5,1,0,A,0
2007-04-14,2006/07,West Ham,Sheffield United,Away,3,0,3,H,0
2007-04-18,2006/07,West Ham,Chelsea,Home,10,1,4,A,0
2007-04-21,2006/07,West Ham,Everton,Home,7,1,0,H,0
2007-04-28,2006/07,West Ham,Wigan,Away,7,3,0,A,0
2007-05-05,2006/07,West Ham,Bolton,Home,6,3,1,H,0
2007-05-13,2006/07,West Ham,Man United,Away,4,1,0,A,0
2007-08-11,2007/08,West Ham,Man City,Home,2,0,2,A,0
2007-08-18,2007/08,West Ham,Birmingham,Away,5,1,0,A,0
2007-08-25,2007/08,West Ham,Wigan,Home,4,1,1,D,0
2007-09-01,2007/08,West Ham,Reading,Away,9,3,0,A,0
2007-09-15,2007/08,West Ham,Middlesbrough,Home,7,3,0,H,0
2007-09-23,2007/08,West Ham,Newcastle,Away,8,1,3,H,0
2007-09-29,2007/08,West Ham,Arsenal,Home,4,0,1,A,0
2007-10-06,2007/08,West Ham,Aston Villa,Away,3,0,1,H,0
2007-10-21,2007/08,West Ham,Sunderland,Home,7,3,1,H,0
2007-10-27,2007/08,West Ham,Portsmouth,Away,3,0,0,D,0
2007-11-04,2007/08,West Ham,Bolton,Home,7,1,1,D,0
2007-11-10,2007/08,West Ham,Derby,Away,11,5,0,A,0
2007-11-25,2007/08,West Ham,Tottenham,Home,9,1,1,D,0
2007-12-01,2007/08,West Ham,Chelsea,Away,1,0,1,H,0
2007-12-09,2007/08,West Ham,Blackburn,Away,5,1,0,A,0
2007-12-15,2007/08,West Ham,Everton,Home,3,0,2,A,0
2007-12-22,2007/08,West Ham,Middlesbrough,Away,4,2,1,A,0
2007-12-26,2007/08,West Ham,Reading,Home,11,1,1,D,0
2007-12-29,2007/08,West Ham,Man United,Home,5,2,1,H,0
2008-01-01,2007/08,West Ham,Arsenal,Away,7,0,2,H,0
2008-01-12,2007/08,West Ham,Fulham,Home,9,2,1,H,0
2008-01-20,2007/08,West Ham,Man City,Away,5,1,1,D,0
2008-01-30,2007/08,West Ham,Liverpool,Home,2,1,0,H,0
2008-02-02,2007/08,West Ham,Wigan,Away,1,0,1,H,0
2008-02-09,2007/08,West Ham,Birmingham,Home,10,1,1,D,1
2008-02-23,2007/08,West Ham,Fulham,Away,6,1,0,A,0
2008-03-01,2007/08,West Ham,Chelsea,Home,7,0,4,A,0
2008-03-05,2007/08,West Ham,Liverpool,Away,2,0,4,H,0
2008-03-09,2007/08,West Ham,Tottenham,Away,4,0,4,H,1
2008-03-15,2007/08,West Ham,Blackburn,Home,6,2,1,H,0
2008-03-22,2007/08,West Ham,Everton,Away,5,1,1,D,0
2008-03-29,2007/08,West Ham,Sunderland,Away,4,1,2,H,0
2008-04-08,2007/08,West Ham,Portsmouth,Home,8,0,1,A,0
2008-04-12,2007/08,West Ham,Bolton,Away,7,0,1,H,0
2008-04-19,2007/08,West Ham,Derby,Home,8,2,1,H,0
2008-04-26,2007/08,West Ham,Newcastle,Home,11,2,2,D,0
2008-05-03,2007/08,West Ham,Man United,Away,5,1,4,H,0
2008-05-11,2007/08,West Ham,Aston Villa,Home,8,2,2,D,0
2008-08-16,2008/09,West Ham,Wigan,Home,8,2,1,H,0
2008-08-24,2008/09,West Ham,Man City,Away,0,0,3,H,1
2008-08-30,2008/09,West Ham,Blackburn,Home,6,4,1,H,0
2008-09-13,2008/09,West Ham,West Brom,Away,13,2,3,H,0
2008-09-20,2008/09,West Ham,Newcastle,Home,6,3,1,H,0
2008-09-27,2008/09,West Ham,Fulham,Away,10,2,1,A,0
2008-10-05,2008/09,West Ham,Bolton,Home,5,1,3,A,0
2008-10-19,2008/09,West Ham,Hull,Away,5,0,1,H,0
2008-10-26,2008/09,West Ham,Arsenal,Home,3,0,2,A,1
2008-10-29,2008/09,West Ham,Man United,Away,1,0,2,H,0
2008-11-01,2008/09,West Ham,Middlesbrough,Away,8,1,1,D,0
2008-11-08,2008/09,West Ham,Everton,Home,13,1,3,A,0
2008-11-15,2008/09,West Ham,Portsmouth,Home,5,0,0,D,0
2008-11-23,2008/09,West Ham,Sunderland,Away,5,1,0,A,0
2008-12-01,2008/09,West Ham,Liverpool,Away,3,0,0,D,0
2008-12-08,2008/09,West Ham,Tottenham,Home,4,0,2,A,0
2008-12-14,2008/09,West Ham,Chelsea,Away,2,1,1,D,0
2008-12-20,2008/09,West Ham,Aston Villa,Home,13,0,1,A,0
2008-12-26,2008/09,West Ham,Portsmouth,Away,9,4,1,A,0
2008-12-28,2008/09,West Ham,Stoke,Home,7,2,1,H,0
2009-01-10,2008/09,West Ham,Newcastle,Away,11,2,2,D,0
2009-01-18,2008/09,West Ham,Fulham,Home,7,3,1,H,0
2009-01-28,2008/09,West Ham,Hull,Home,13,2,0,H,0
2009-01-31,2008/09,West Ham,Arsenal,Away,2,0,0,D,0
2009-02-08,2008/09,West Ham,Man United,Home,5,0,1,A,0
2009-02-21,2008/09,West Ham,Bolton,Away,12,1,2,H,0
2009-03-01,2008/09,West Ham,Man City,Home,9,1,0,H,0
2009-03-04,2008/09,West Ham,Wigan,Away,4,1,0,A,1
2009-03-16,2008/09,West Ham,West Brom,Home,4,0,0,D,0
2009-03-21,2008/09,West Ham,Blackburn,Away,2,1,1,D,0
2009-04-04,2008/09,West Ham,Sunderland,Home,11,2,0,H,0
2009-04-11,2008/09,West Ham,Tottenham,Away,6,0,1,H,0
2009-04-18,2008/09,West Ham,Aston Villa,Away,9,1,1,D,0
2009-04-25,2008/09,West Ham,Chelsea,Home,6,0,1,A,0
2009-05-02,2008/09,West Ham,Stoke,Away,3,1,0,A,0
2009-05-09,2008/09,West Ham,Liverpool,Home,3,0,3,A,0
2009-05-16,2008/09,West Ham,Everton,Away,3,1,3,H,1
2009-05-24,2008/09,West Ham,Middlesbrough,Home,8,2,1,H,0
2009-08-15,2009/10,West Ham,Wolves,Away,13,2,0,A,0
2009-08-23,2009/10,West Ham,Tottenham,Home,8,1,2,A,0
2009-08-29,2009/10,West Ham,Blackburn,Away,5,0,0,D,0
2009-09-12,2009/10,West Ham,Wigan,Away,5,0,1,H,0
2009-09-19,2009/10,West Ham,Liverpool,Home,5,2,3,A,0
2009-09-28,2009/10,West Ham,Man City,Away,8,1,3,H,0
2009-10-04,2009/10,West Ham,Fulham,Home,10,2,2,D,0
2009-10-17,2009/10,West Ham,Stoke,Away,11,1,2,H,0
2009-10-25,2009/10,West Ham,Arsenal,Home,9,2,2,D,1
2009-10-31,2009/10,West Ham,Sunderland,Away,9,2,2,D,1
2009-11-04,2009/10,West Ham,Aston Villa,Home,7,2,1,H,0
2009-11-08,2009/10,West Ham,Everton,Home,7,1,2,A,0
2009-11-21,2009/10,West Ham,Hull,Away,10,3,3,D,0
2009-11-28,2009/10,West Ham,Burnley,Home,5,5,3,H,0
2009-12-05,2009/10,West Ham,Man United,Home,7,0,4,A,0
2009-12-12,2009/10,West Ham,Birmingham,Away,7,0,1,H,1
2009-12-15,2009/10,West Ham,Bolton,Away,6,1,3,H,0
2009-12-20,2009/10,West Ham,Chelsea,Home,5,1,1,D,0
2009-12-26,2009/10,West Ham,Portsmouth,Home,5,2,0,H,0
2009-12-28,2009/10,West Ham,Tottenham,Away,2,0,2,H,0
2010-01-17,2009/10,West Ham,Aston Villa,Away,3,0,0,D,0
2010-01-26,2009/10,West Ham,Portsmouth,Away,4,1,1,D,0
2010-01-30,2009/10,West Ham,Blackburn,Home,6,0,0,D,0
2010-02-06,2009/10,West Ham,Burnley,Away,11,1,2,H,0
2010-02-10,2009/10,West Ham,Birmingham,Home,10,2,0,H,0
2010-02-20,2009/10,West Ham,Hull,Home,12,3,0,H,0
2010-02-23,2009/10,West Ham,Man United,Away,4,0,3,H,0
2010-03-06,2009/10,West Ham,Bolton,Home,8,1,2,A,0
2010-03-13,2009/10,West Ham,Chelsea,Away,2,1,4,H,0
2010-03-20,2009/10,West Ham,Arsenal,Away,4,0,2,H,0
2010-03-23,2009/10,West Ham,Wolves,Home,10,1,3,A,0
2010-03-27,2009/10,West Ham,Stoke,Home,7,0,1,A,0
2010-04-04,2009/10,West Ham,Everton,Away,5,2,2,D,0
2010-04-10,2009/10,West Ham,Sunderland,Home,6,1,0,H,0
2010-04-19,2009/10,West Ham,Liverpool,Away,2,0,3,H,0
2010-04-24,2009/10,West Ham,Wigan,Home,7,3,2,H,0
2010-05-02,2009/10,West Ham,Fulham,Away,5,2,3,H,0
2010-05-09,2009/10,West Ham,Man City,Home,8,1,1,D,0
2010-08-14,2010/11,West Ham,Aston Villa,Away,2,0,3,H,0
2010-08-21,2010/11,West Ham,Bolton,Home,10,1,3,A,0
2010-08-28,2010/11,West Ham,Man United,Away,2,0,3,H,0
2010-09-11,2010/11,West Ham,Chelsea,Home,7,1,3,A,0
2010-09-18,2010/11,West Ham,Stoke,Away,6,1,1,D,0
2010-09-25,2010/11,West Ham,Tottenham,Home,15,1,0,H,0
2010-10-02,2010/11,West Ham,Fulham,Home,5,1,1,D,0
2010-10-16,2010/11,West Ham,Wolves,Away,7,1,1,D,0
2010-10-23,2010/11,West Ham,Newcastle,Home,1,1,2,A,0
2010-10-30,2010/11,West Ham,Arsenal,Away,3,0,1,H,0
2010-11-06,2010/11,West Ham,Birmingham,Away,8,2,2,D,0
2010-11-10,2010/11,West Ham,West Brom,Home,5,2,2,D,0
2010-11-13,2010/11,West Ham,Blackpool,Home,4,0,0,D,0
2010-11-20,2010/11,West Ham,Liverpool,Away,1,0,3,H,0
2010-11-27,2010/11,West Ham,Wigan,Home,9,3,1,H,0
2010-12-05,2010/11,West Ham,Sunderland,Away,2,0,1,H,0
2010-12-11,2010/11,West Ham,Man City,Home,3,1,3,A,0
2010-12-18,2010/11,West Ham,Blackburn,Away,3,1,1,D,0
2010-12-26,2010/11,West Ham,Fulham,Away,7,3,1,A,0
2010-12-28,2010/11,West Ham,Everton,Home,2,1,1,D,0
2011-01-01,2010/11,West Ham,Wolves,Home,6,2,0,H,0
2011-01-05,2010/11,West Ham,Newcastle,Away,6,0,5,H,0
2011-01-15,2010/11,West Ham,Arsenal,Home,6,0,3,A,0
2011-01-22,2010/11,West Ham,Everton,Away,5,2,2,D,1
2011-02-02,2010/11,West Ham,Blackpool,Away,10,3,1,A,0
2011-02-06,2010/11,West Ham,Birmingham,Home,9,0,1,A,0
2011-02-12,2010/11,West Ham,West Brom,Away,11,3,3,D,0
2011-02-27,2010/11,West Ham,Liverpool,Home,11,3,1,H,0
2011-03-05,2010/11,West Ham,Stoke,Home,10,3,0,H,0
2011-03-19,2010/11,West Ham,Tottenham,Away,5,0,0,D,0
2011-04-02,2010/11,West Ham,Man United,Home,2,2,4,A,0
2011-04-09,2010/11,West Ham,Bolton,Away,8,0,3,H,0
2011-04-16,2010/11,West Ham,Aston Villa,Home,7,1,2,A,0
2011-04-23,2010/11,West Ham,Chelsea,Away,7,0,3,H,0
2011-05-01,2010/11,West Ham,Man City,Away,4,1,2,H,0
2011-05-07,2010/11,West Ham,Blackburn,Home,15,1,1,D,0
2011-05-15,2010/11,West Ham,Wigan,Away,10,2,3,H,0
2011-05-22,2010/11,West Ham,Sunderland,Home,12,0,3,A,0
2012-08-18,2012/13,West Ham,Aston Villa,Home,4,1,0,H,0
2012-08-25,2012/13,West Ham,Swansea,Away,6,0,3,H,0
2012-09-01,2012/13,West Ham,Fulham,Home,12,3,0,H,0
2012-09-15,2012/13,West Ham,Norwich,Away,4,0,0,D,0
2012-09-22,2012/13,West Ham,Sunderland,Home,11,1,1,D,0
2012-10-01,2012/13,West Ham,QPR,Away,10,2,1,A,0
2012-10-06,2012/13,West Ham,Arsenal,Home,3,1,3,A,0
2012-10-20,2012/13,West Ham,Southampton,Home,8,4,1,H,0
2012-10-27,2012/13,West Ham,Wigan,Away,11,1,2,H,0
2012-11-03,2012/13,West Ham,Man City,Home,1,0,0,D,0
2012-11-11,2012/13,West Ham,Newcastle,Away,5,1,0,A,0
2012-11-19,2012/13,West Ham,Stoke,Home,11,1,1,D,0
2012-11-25,2012/13,West Ham,Tottenham,Away,6,1,3,H,0
2012-11-28,2012/13,West Ham,Man United,Away,3,0,1,H,0
2012-12-01,2012/13,West Ham,Chelsea,Home,13,3,1,H,0
2012-12-09,2012/13,West Ham,Liverpool,Home,6,2,3,A,0
2012-12-16,2012/13,West Ham,West Brom,Away,2,0,0,D,0
2012-12-22,2012/13,West Ham,Everton,Home,5,1,2,A,1
2012-12-29,2012/13,West Ham,Reading,Away,3,0,1,H,0
2013-01-01,2012/13,West Ham,Norwich,Home,8,2,1,H,0
2013-01-12,2012/13,West Ham,Sunderland,Away,4,0,3,H,0
2013-01-19,2012/13,West Ham,QPR,Home,13,1,1,D,0
2013-01-23,2012/13,West Ham,Arsenal,Away,5,1,5,H,0
2013-01-30,2012/13,West Ham,Fulham,Away,4,1,3,H,0
2013-02-02,2012/13,West Ham,Swansea,Home,9,1,0,H,0
2013-02-10,2012/13,West Ham,Aston Villa,Away,7,1,2,H,0
2013-02-25,2012/13,West Ham,Tottenham,Home,6,2,3,A,0
2013-03-02,2012/13,West Ham,Stoke,Away,7,1,0,A,0
2013-03-17,2012/13,West Ham,Chelsea,Away,9,0,2,H,0
2013-03-30,2012/13,West Ham,West Brom,Home,8,3,1,H,0
2013-04-07,2012/13,West Ham,Liverpool,Away,4,0,0,D,0
2013-04-13,2012/13,West Ham,Southampton,Away,4,1,1,D,0
2013-04-17,2012/13,West Ham,Man United,Home,4,2,2,D,0
2013-04-20,2012/13,West Ham,Wigan,Home,11,2,0,H,0
2013-04-27,2012/13,West Ham,Man City,Away,6,1,2,H,0
2013-05-04,2012/13,West Ham,Newcastle,Home,3,0,0,D,0
2013-05-12,2012/13,West Ham,Everton,Away,2,0,2,H,0
2013-05-19,2012/13,West Ham,Reading,Home,12,4,2,H,0
2013-08-17,2013/14,West Ham,Cardiff,Home,4,2,0,H,0
2013-08-24,2013/14,West Ham,Newcastle,Away,1,0,0,D,0
2013-08-31,2013/14,West Ham,Stoke,Home,0,0,1,A,0
2013-09-15,2013/14,West Ham,Southampton,Away,1,0,0,D,0
2013-09-21,2013/14,West Ham,Everton,Home,1,2,3,A,1
2013-09-28,2013/14,West Ham,Hull,Away,5,0,1,H,0
2013-10-06,2013/14,West Ham,Tottenham,Away,5,3,0,A,0
2013-10-19,2013/14,West Ham,Man City,Home,2,1,3,A,0
2013-10-27,2013/14,West Ham,Swansea,Away,4,0,0,D,0
2013-11-02,2013/14,West Ham,Aston Villa,Home,4,0,0,D,0
2013-11-09,2013/14,West Ham,Norwich,Away,4,1,3,H,0
2013-11-23,2013/14,West Ham,Chelsea,Home,1,0,3,A,0
2013-11-30,2013/14,West Ham,Fulham,Home,12,3,0,H,0
2013-12-03,2013/14,West Ham,Crystal Palace,Away,2,0,1,H,0
2013-12-07,2013/14,West Ham,Liverpool,Away,1,1,4,H,1
2013-12-14,2013/14,West Ham,Sunderland,Home,2,0,0,D,0
2013-12-21,2013/14,West Ham,Man United,Away,1,1,3,H,0
2013-12-26,2013/14,West Ham,Arsenal,Home,5,1,3,A,0
2013-12-28,2013/14,West Ham,West Brom,Home,6,3,3,D,0
2014-01-01,2013/14,West Ham,Fulham,Away,3,1,2,H,1
2014-01-11,2013/14,West Ham,Cardiff,Away,3,2,0,A,1
2014-01-18,2013/14,West Ham,Newcastle,Home,2,1,3,A,0
2014-01-29,2013/14,West Ham,Chelsea,Away,1,0,0,D,0
2014-02-01,2013/14,West Ham,Swansea,Home,4,2,0,H,1
2014-02-08,2013/14,West Ham,Aston Villa,Away,2,2,0,A,0
2014-02-11,2013/14,West Ham,Norwich,Home,7,2,0,H,0
2014-02-22,2013/14,West Ham,Southampton,Home,5,3,1,H,0
2014-03-01,2013/14,West Ham,Everton,Away,1,0,1,H,0
2014-03-15,2013/14,West Ham,Stoke,Away,2,1,3,H,0
2014-03-22,2013/14,West Ham,Man United,Home,1,0,2,A,0
2014-03-26,2013/14,West Ham,Hull,Home,3,2,1,H,0
2014-03-31,2013/14,West Ham,Sunderland,Away,6,2,1,A,0
2014-04-06,2013/14,West Ham,Liverpool,Home,1,1,2,A,0
2014-04-15,2013/14,West Ham,Arsenal,Away,2,1,3,H,0
2014-04-19,2013/14,West Ham,Crystal Palace,Home,4,0,1,A,0
2014-04-26,2013/14,West Ham,West Brom,Away,3,0,1,H,0
2014-05-03,2013/14,West Ham,Tottenham,Home,8,2,0,H,0
2014-05-11,2013/14,West Ham,Man City,Away,0,0,2,H,0
2014-08-16,2014/15,West Ham,Tottenham,Home,4,0,1,A,1
2014-08-23,2014/15,West Ham,Crystal Palace,Away,8,3,1,A,0
2014-08-30,2014/15,West Ham,Southampton,Home,2,1,3,A,0
2014-09-15,2014/15,West Ham,Hull,Away,4,2,2,D,0
2014-09-20,2014/15,West Ham,Liverpool,Home,7,3,1,H,0
2014-09-27,2014/15,West Ham,Man United,Away,4,1,2,H,0
2014-10-05,2014/15,West Ham,QPR,Home,3,2,0,H,0
2014-10-18,2014/15,West Ham,Burnley,Away,6,3,1,A,0
2014-10-25,2014/15,West Ham,Man City,Home,4,2,1,H,0
2014-11-01,2014/15,West Ham,Stoke,Away,2,2,2,D,0
2014-11-08,2014/15,West Ham,Aston Villa,Home,5,0,0,D,0
2014-11-22,2014/15,West Ham,Everton,Away,3,1,2,H,0
2014-11-29,2014/15,West Ham,Newcastle,Home,3,1,0,H,0
2014-12-02,2014/15,West Ham,West Brom,Away,6,2,1,A,0
2014-12-07,2014/15,West Ham,Swansea,Home,7,3,1,H,0
2014-12-13,2014/15,West Ham,Sunderland,Away,8,1,1,D,0
2014-12-20,2014/15,West Ham,Leicester,Home,2,2,0,H,0
2014-12-26,2014/15,West Ham,Chelsea,Away,0,0,2,H,0
2014-12-28,2014/15,West Ham,Arsenal,Home,4,1,2,A,0
2015-01-01,2014/15,West Ham,West Brom,Home,3,1,1,D,0
2015-01-10,2014/15,West Ham,Swansea,Away,5,1,1,D,0
2015-01-18,2014/15,West Ham,Hull,Home,6,3,0,H,0
2015-01-31,2014/15,West Ham,Liverpool,Away,2,0,2,H,0
2015-02-08,2014/15,West Ham,Man United,Home,6,1,1,D,0
2015-02-11,2014/15,West Ham,Southampton,Away,1,0,0,D,1
2015-02-22,2014/15,West Ham,Tottenham,Away,5,2,2,D,0
2015-02-28,2014/15,West Ham,Crystal Palace,Home,5,1,3,A,0
2015-03-04,2014/15,West Ham,Chelsea,Home,5,0,1,A,0
2015-03-14,2014/15,West Ham,Arsenal,Away,1,0,3,H,0
2015-03-21,2014/15,West Ham,Sunderland,Home,4,1,0,H,0
2015-04-04,2014/15,West Ham,Leicester,Away,7,1,2,H,0
2015-04-11,2014/15,West Ham,Stoke,Home,3,1,1,D,0
2015-04-19,2014/15,West Ham,Man City,Away,3,0,2,H,0
2015-04-25,2014/15,West Ham,QPR,Away,2,0,0,D,0
2015-05-02,2014/15,West Ham,Burnley,Home,7,1,0,H,0
2015-05-09,2014/15,West Ham,Aston Villa,Away,1,0,1,H,0
2015-05-16,2014/15,West Ham,Everton,Home,3,1,2,A,0
2015-05-24,2014/15,West Ham,Newcastle,Away,1,0,2,H,0
2015-08-09,2015/16,West Ham,Arsenal,Away,4,2,0,A,0
2015-08-15,2015/16,West Ham,Leicester,Home,3,1,2,A,1
2015-08-22,2015/16,West Ham,Bournemouth,Home,4,3,4,A,1
2015-08-29,2015/16,West Ham,Liverpool,Away,5,3,0,A,1
2015-09-14,2015/16,West Ham,Newcastle,Home,3,2,0,H,0
2015-09-19,2015/16,West Ham,Man City,Away,3,2,1,A,0
2015-09-26,2015/16,West Ham,Norwich,Home,7,2,2,D,0
2015-10-03,2015/16,West Ham,Sunderland,Away,6,2,2,D,0
2015-10-17,2015/16,West Ham,Crystal Palace,Away,4,3,1,A,0
2015-10-24,2015/16,West Ham,Chelsea,Home,5,2,1,H,0
2015-10-31,2015/16,West Ham,Watford,Away,3,0,2,H,1
2015-11-07,2015/16,West Ham,Everton,Home,5,1,1,D,0
2015-11-22,2015/16,West Ham,Tottenham,Away,4,1,4,H,0
2015-11-29,2015/16,West Ham,West Brom,Home,6,1,1,D,0
2015-12-05,2015/16,West Ham,Man United,Away,2,0,0,D,0
2015-12-12,2015/16,West Ham,Stoke,Home,9,0,0,D,0
2015-12-20,2015/16,West Ham,Swansea,Away,2,0,0,D,0
2015-12-26,2015/16,West Ham,Aston Villa,Away,4,1,1,D,0
2015-12-28,2015/16,West Ham,Southampton,Home,5,2,1,H,0
2016-01-02,2015/16,West Ham,Liverpool,Home,10,2,0,H,0
2016-01-12,2015/16,West Ham,Bournemouth,Away,5,3,1,A,0
2016-01-16,2015/16,West Ham,Newcastle,Away,3,1,2,H,0
2016-01-23,2015/16,West Ham,Man City,Home,3,2,2,D,0
2016-02-02,2015/16,West Ham,Aston Villa,Home,6,2,0,H,0
2016-02-06,2015/16,West Ham,Southampton,Away,2,0,1,H,0
2016-02-13,2015/16,West Ham,Norwich,Away,6,2,2,D,0
2016-02-27,2015/16,West Ham,Sunderland,Home,3,1,0,H,0
2016-03-02,2015/16,West Ham,Tottenham,Home,3,1,0,H,0
2016-03-05,2015/16,West Ham,Everton,Away,5,3,2,A,0
2016-03-19,2015/16,West Ham,Chelsea,Away,6,2,2,D,0
2016-04-02,2015/16,West Ham,Crystal Palace,Home,6,2,2,D,1
2016-04-09,2015/16,West Ham,Arsenal,Home,7,3,3,D,0
2016-04-17,2015/16,West Ham,Leicester,Away,4,2,2,D,0
2016-04-20,2015/16,West Ham,Watford,Home,7,3,1,H,0
2016-04-30,2015/16,West Ham,West Brom,Away,4,3,0,A,0
2016-05-07,2015/16,West Ham,Swansea,Home,7,1,4,A,0
2016-05-10,2015/16,West Ham,Man United,Home,6,3,2,H,0
2016-05-15,2015/16,West Ham,Stoke,Away,7,1,2,H,0
2016-08-15,2016/17,West Ham,Chelsea,Away,3,1,2,H,0
2016-08-21,2016/17,West Ham,Bournemouth,Home,2,1,0,H,0
2016-08-28,2016/17,West Ham,Man City,Away,2,1,3,H,0
2016-09-10,2016/17,West Ham,Watford,Home,4,2,4,A,0
2016-09-17,2016/17,West Ham,West Brom,Away,5,2,4,H,0
2016-09-25,2016/17,West Ham,Southampton,Home,1,0,3,A,0
2016-10-01,2016/17,West Ham,Middlesbrough,Home,2,1,1,D,0
2016-10-15,2016/17,West Ham,Crystal Palace,Away,4,1,0,A,1
2016-10-22,2016/17,West Ham,Sunderland,Home,3,1,0,H,0
2016-10-30,2016/17,West Ham,Everton,Away,3,0,2,H,0
2016-11-05,2016/17,West Ham,Stoke,Home,2,1,1,D,0
2016-11-19,2016/17,West Ham,Tottenham,Away,3,2,3,H,1
2016-11-27,2016/17,West Ham,Man United,Away,2,1,1,D,0
2016-12-03,2016/17,West Ham,Arsenal,Home,3,1,5,A,0
2016-12-11,2016/17,West Ham,Liverpool,Away,3,2,2,D,0
2016-12-14,2016/17,West Ham,Burnley,Home,7,1,0,H,0
2016-12-17,2016/17,West Ham,Hull,Home,6,1,0,H,0
2016-12-26,2016/17,West Ham,Swansea,Away,7,4,1,A,0
2016-12-31,2016/17,West Ham,Leicester,Away,5,0,1,H,0
2017-01-02,2016/17,West Ham,Man United,Home,2,0,2,A,1
2017-01-14,2016/17,West Ham,Crystal Palace,Home,3,3,0,H,0
2017-01-21,2016/17,West Ham,Middlesbrough,Away,5,3,1,A,0
2017-02-01,2016/17,West Ham,Man City,Home,1,0,4,A,0
2017-02-04,2016/17,West Ham,Southampton,Away,4,3,1,A,0
2017-02-11,2016/17,West Ham,West Brom,Home,4,2,2,D,0
2017-02-25,2016/17,West Ham,Watford,Away,2,1,1,D,1
2017-03-06,2016/17,West Ham,Chelsea,Home,2,1,2,A,0
2017-03-11,2016/17,West Ham,Bournemouth,Away,7,2,3,H,0
2017-03-18,2016/17,West Ham,Leicester,Home,7,2,3,A,0
2017-04-01,2016/17,West Ham,Hull,Away,4,1,2,H,0
2017-04-05,2016/17,West Ham,Arsenal,Away,2,0,3,H,0
2017-04-08,2016/17,West Ham,Swansea,Home,6,1,0,H,0
2017-04-15,2016/17,West Ham,Sunderland,Away,3,2,2,D,1
2017-04-22,2016/17,West Ham,Everton,Home,3,0,0,D,0
2017-04-29,2016/17,West Ham,Stoke,Away,4,0,0,D,0
2017-05-05,2016/17,West Ham,Tottenham,Home,5,1,0,H,0
2017-05-14,2016/17,West Ham,Liverpool,Home,3,0,4,A,0
2017-05-21,2016/17,West Ham,Burnley,Away,4,2,1,A,0
2017-08-13,2017/18,West Ham,Man United,Away,1,0,4,H,0
2017-08-19,2017/18,West Ham,Southampton,Away,8,2,3,H,1
2017-08-26,2017/18,West Ham,Newcastle,Away,3,0,3,H,0
2017-09-11,2017/18,West Ham,Huddersfield,Home,3,2,0,H,0
2017-09-16,2017/18,West Ham,West Brom,Away,1,0,0,D,0
2017-09-23,2017/18,West Ham,Tottenham,Home,4,2,3,A,0
2017-09-30,2017/18,West Ham,Swansea,Home,4,1,0,H,0
2017-10-14,2017/18,West Ham,Burnley,Away,6,1,1,D,1
2017-10-20,2017/18,West Ham,Brighton,Home,2,0,3,A,0
2017-10-28,2017/18,West Ham,Crystal Palace,Away,2,2,2,D,0
2017-11-04,2017/18,West Ham,Liverpool,Home,1,1,4,A,0
2017-11-19,2017/18,West Ham,Watford,Away,6,0,2,H,0
2017-11-24,2017/18,West Ham,Leicester,Home,4,1,1,D,0
2017-11-29,2017/18,West Ham,Everton,Away,3,0,4,H,0
2017-12-03,2017/18,West Ham,Man City,Away,4,1,2,H,0
2017-12-09,2017/18,West Ham,Chelsea,Home,2,1,0,H,0
2017-12-13,2017/18,West Ham,Arsenal,Home,0,0,0,D,0
2017-12-16,2017/18,West Ham,Stoke,Away,7,3,0,A,0
2017-12-23,2017/18,West Ham,Newcastle,Home,6,2,3,A,0
2017-12-26,2017/18,West Ham,Bournemouth,Away,5,3,3,D,0
2018-01-02,2017/18,West Ham,West Brom,Home,5,2,1,H,0
2018-01-04,2017/18,West Ham,Tottenham,Away,1,1,1,D,0
2018-01-13,2017/18,West Ham,Huddersfield,Away,6,4,1,A,0
2018-01-20,2017/18,West Ham,Bournemouth,Home,4,1,1,D,0
2018-01-30,2017/18,West Ham,Crystal Palace,Home,3,1,1,D,0
2018-02-03,2017/18,West Ham,Brighton,Away,1,1,3,H,0
2018-02-10,2017/18,West Ham,Watford,Home,4,2,0,H,0
2018-02-24,2017/18,West Ham,Liverpool,Away,4,1,4,H,0
2018-03-03,2017/18,West Ham,Swansea,Away,2,1,4,H,0
2018-03-10,2017/18,West Ham,Burnley,Home,4,0,3,A,0
2018-03-31,2017/18,West Ham,Southampton,Home,5,3,0,H,0
2018-04-08,2017/18,West Ham,Chelsea,Away,2,1,1,D,0
2018-04-16,2017/18,West Ham,Stoke,Home,6,1,1,D,0
2018-04-22,2017/18,West Ham,Arsenal,Away,4,1,4,H,0
2018-04-29,2017/18,West Ham,Man City,Home,1,1,4,A,0
2018-05-05,2017/18,West Ham,Leicester,Away,3,2,0,A,0
2018-05-10,2017/18,West Ham,Man United,Home,2,0,0,D,0
2018-05-13,2017/18,West Ham,Everton,Home,4,3,1,H,0
2018-08-12,2018/19,West Ham,Liverpool,Away,2,0,4,H,0
2018-08-18,2018/19,West Ham,Bournemouth,Home,5,1,2,A,0
2018-08-25,2018/19,West Ham,Arsenal,Away,5,1,3,H,0
2018-09-01,2018/19,West Ham,Wolves,Home,3,0,1,A,0
2018-09-16,2018/19,West Ham,Everton,Away,4,3,1,A,0
2018-09-23,2018/19,West Ham,Chelsea,Home,1,0,0,D,0
2018-09-29,2018/19,West Ham,Man United,Home,3,3,1,H,0
2018-10-05,2018/19,West Ham,Brighton,Away,4,0,1,H,0
2018-10-20,2018/19,West Ham,Tottenham,Home,4,0,1,A,0
2018-10-27,2018/19,West Ham,Leicester,Away,3,1,1,D,1
2018-11-03,2018/19,West Ham,Burnley,Home,10,4,2,H,0
2018-11-10,2018/19,West Ham,Huddersfield,Away,5,1,1,D,0
2018-11-24,2018/19,West Ham,Man City,Home,1,0,4,A,0
2018-12-01,2018/19,West Ham,Newcastle,Away,4,3,0,A,0
2018-12-04,2018/19,West Ham,Cardiff,Home,11,3,1,H,0
2018-12-08,2018/19,West Ham,Crystal Palace,Home,6,3,2,H,0
2018-12-15,2018/19,West Ham,Fulham,Away,3,2,0,A,0
2018-12-22,2018/19,West Ham,Watford,Home,7,0,2,A,0
2018-12-27,2018/19,West Ham,Southampton,Away,5,2,1,A,0
2018-12-30,2018/19,West Ham,Burnley,Away,4,0,2,H,0
2019-01-02,2018/19,West Ham,Brighton,Home,6,2,2,D,0
2019-01-12,2018/19,West Ham,Arsenal,Home,3,1,0,H,0
2019-01-19,2018/19,West Ham,Bournemouth,Away,1,0,2,H,0
2019-01-29,2018/19,West Ham,Wolves,Away,0,0,3,H,0
2019-02-04,2018/19,West Ham,Liverpool,Home,2,1,1,D,0
2019-02-09,2018/19,West Ham,Crystal Palace,Away,4,1,1,D,0
2019-02-22,2018/19,West Ham,Fulham,Home,7,3,1,H,0
2019-02-27,2018/19,West Ham,Man City,Away,1,0,1,H,0
2019-03-02,2018/19,West Ham,Newcastle,Home,4,2,0,H,0
2019-03-09,2018/19,West Ham,Cardiff,Away,2,0,2,H,0
2019-03-16,2018/19,West Ham,Huddersfield,Home,5,4,3,H,0
2019-03-30,2018/19,West Ham,Everton,Home,1,0,2,A,0
2019-04-08,2018/19,West Ham,Chelsea,Away,2,0,2,H,0
2019-04-13,2018/19,West Ham,Man United,Away,4,1,2,H,0
2019-04-20,2018/19,West Ham,Leicester,Home,3,2,2,D,0
2019-04-27,2018/19,West Ham,Tottenham,Away,7,1,0,A,0
2019-05-04,2018/19,West Ham,Southampton,Home,6,3,0,H,0
2019-05-12,2018/19,West Ham,Watford,Away,9,4,1,A,0
2019-08-10,2019/20,West Ham,Man City,Home,3,0,5,A,0
2019-08-17,2019/20,West Ham,Brighton,Away,3,1,1,D,0
2019-08-24,2019/20,West Ham,Watford,Away,10,3,1,A,0
2019-08-31,2019/20,West Ham,Norwich,Home,8,2,0,H,0
2019-09-16,2019/20,West Ham,Aston Villa,Away,1,0,0,D,1
2019-09-22,2019/20,West Ham,Man United,Home,6,2,0,H,0
2019-09-28,2019/20,West Ham,Bournemouth,Away,6,2,2,D,0
2019-10-05,2019/20,West Ham,Crystal Palace,Home,4,1,2,A,0
2019-10-19,2019/20,West Ham,Everton,Away,4,0,2,H,0
2019-10-26,2019/20,West Ham,Sheffield United,Home,4,1,1,D,0
2019-11-02,2019/20,West Ham,Newcastle,Home,6,2,3,A,0
2019-11-09,2019/20,West Ham,Burnley,Away,4,0,3,H,0
2019-11-23,2019/20,West Ham,Tottenham,Home,4,2,3,A,0
2019-11-30,2019/20,West Ham,Chelsea,Away,4,1,0,A,0
2019-12-04,2019/20,West Ham,Wolves,Away,3,0,2,H,0
2019-12-09,2019/20,West Ham,Arsenal,Home,4,1,3,A,0
2019-12-14,2019/20,West Ham,Southampton,Away,4,1,0,A,0
2019-12-26,2019/20,West Ham,Crystal Palace,Away,2,1,2,H,0
2019-12-28,2019/20,West Ham,Leicester,Home,4,1,2,A,0
2020-01-01,2019/20,West Ham,Bournemouth,Home,7,4,0,H,0
2020-01-10,2019/20,West Ham,Sheffield United,Away,2,0,1,H,0
2020-01-18,2019/20,West Ham,Everton,Home,6,1,1,D,0
2020-01-22,2019/20,West Ham,Leicester,Away,2,1,4,H,0
2020-01-29,2019/20,West Ham,Liverpool,Home,4,0,2,A,0
2020-02-01,2019/20,West Ham,Brighton,Home,6,3,3,D,0
2020-02-19,2019/20,West Ham,Man City,Away,0,0,2,H,0
2020-02-24,2019/20,West Ham,Liverpool,Away,4,2,3,H,0
2020-02-29,2019/20,West Ham,Southampton,Home,7,3,1,H,0
2020-03-07,2019/20,West Ham,Arsenal,Away,6,0,1,H,0
2020-06-20,2019/20,West Ham,Wolves,Home,2,0,2,A,0
2020-06-23,2019/20,West Ham,Tottenham,Away,2,0,2,H,0
2020-07-01,2019/20,West Ham,Chelsea,Home,4,3,2,H,0
2020-07-05,2019/20,West Ham,Newcastle,Away,7,2,2,D,0
2020-07-08,2019/20,West Ham,Burnley,Home,5,0,1,A,0
2020-07-11,2019/20,West Ham,Norwich,Away,7,4,0,A,0
2020-07-17,2019/20,West Ham,Watford,Home,4,3,1,H,0
2020-07-22,2019/20,West Ham,Man United,Away,3,1,1,D,0
2020-07-26,2019/20,West Ham,Aston Villa,Home,1,1,1,D,0
2020-09-12,2020/21,West Ham,Newcastle,Home,3,0,2,A,0
2020-09-19,2020/21,West Ham,Arsenal,Away,3,1,2,H,0
2020-09-27,2020/21,West Ham,Wolves,Home,7,4,0,H,0
2020-10-04,2020/21,West Ham,Leicester,Away,6,3,0,A,0
2020-10-18,2020/21,West Ham,Tottenham,Away,4,3,3,D,0
2020-10-24,2020/21,West Ham,Man City,Home,2,1,1,D,0
2020-10-31,2020/21,West Ham,Liverpool,Away,3,1,2,H,0
2020-11-07,2020/21,West Ham,Fulham,Home,7,1,0,H,0
2020-11-22,2020/21,West Ham,Sheffield United,Away,3,1,0,A,0
2020-11-30,2020/21,West Ham,Aston Villa,Home,2,2,1,H,0
2020-12-05,2020/21,West Ham,Man United,Home,6,1,3,A,0
2020-12-11,2020/21,West Ham,Leeds,Away,8,2,1,A,0
2020-12-16,2020/21,West Ham,Crystal Palace,Home,2,1,1,D,0
2020-12-21,2020/21,West Ham,Chelsea,Away,0,0,3,H,0
2020-12-27,2020/21,West Ham,Brighton,Home,4,2,2,D,0
2020-12-29,2020/21,West Ham,Southampton,Away,3,0,0,D,0
2021-01-01,2020/21,West Ham,Everton,Away,5,1,0,A,0
2021-01-16,2020/21,West Ham,Burnley,Home,4,1,0,H,0
2021-01-19,2020/21,West Ham,West Brom,Home,6,2,1,H,0
2021-01-26,2020/21,West Ham,Crystal Palace,Away,7,3,2,A,0
2021-01-31,2020/21,West Ham,Liverpool,Home,2,1,3,A,0
2021-02-03,2020/21,West Ham,Aston Villa,Away,10,3,1,A,0
2021-02-06,2020/21,West Ham,Fulham,Away,1,0,0,D,1
2021-02-15,2020/21,West Ham,Sheffield United,Home,9,3,0,H,0
2021-02-21,2020/21,West Ham,Tottenham,Home,4,2,1,H,0
2021-02-27,2020/21,West Ham,Man City,Away,3,1,2,H,0
2021-03-08,2020/21,West Ham,Leeds,Home,5,2,0,H,0
2021-03-14,2020/21,West Ham,Man United,Away,0,0,1,H,0
2021-03-21,2020/21,West Ham,Arsenal,Home,5,3,3,D,0
2021-04-05,2020/21,West Ham,Wolves,Away,6,3,2,A,0
2021-04-11,2020/21,West Ham,Leicester,Home,4,3,2,H,0
2021-04-17,2020/21,West Ham,Newcastle,Away,6,2,3,H,1
2021-04-24,2020/21,West Ham,Chelsea,Home,2,0,1,A,1
2021-05-03,2020/21,West Ham,Burnley,Away,4,2,1,A,0
2021-05-09,2020/21,West Ham,Everton,Home,0,0,1,A,0
2021-05-15,2020/21,West Ham,Brighton,Away,3,1,1,D,0
2021-05-19,2020/21,West Ham,West Brom,Away,9,3,1,A,0
2021-05-23,2020/21,West Ham,Southampton,Home,7,3,0,H,0
2021-08-15,2021/22,West Ham,Newcastle,Away,9,4,2,A,0
2021-08-23,2021/22,West Ham,Leicester,Home,7,4,1,H,0
2021-08-28,2021/22,West Ham,Crystal Palace,Home,4,2,2,D,0
2021-09-11,2021/22,West Ham,Southampton,Away,3,0,0,D,1
2021-09-19,2021/22,West Ham,Man United,Home,4,1,2,A,0
2021-09-25,2021/22,West Ham,Leeds,Away,7,2,1,A,0
2021-10-03,2021/22,West Ham,Brentford,Home,5,1,2,A,0
2021-10-17,2021/22,West Ham,Everton,Away,4,1,0,A,0
2021-10-24,2021/22,West Ham,Tottenham,Home,4,1,0,H,0
2021-10-31,2021/22,West Ham,Aston Villa,Away,9,4,1,A,0
2021-11-07,2021/22,West Ham,Liverpool,Home,3,3,2,H,0
2021-11-20,2021/22,West Ham,Wolves,Away,3,0,1,H,0
2021-11-28,2021/22,West Ham,Man City,Away,3,1,2,H,0
2021-12-01,2021/22,West Ham,Brighton,Home,6,1,1,D,0
2021-12-04,2021/22,West Ham,Chelsea,Home,5,3,2,H,0
2021-12-12,2021/22,West Ham,Burnley,Away,3,0,0,D,0
2021-12-15,2021/22,West Ham,Arsenal,Away,1,0,2,H,1
2021-12-26,2021/22,West Ham,Southampton,Home,5,2,3,A,0
2021-12-28,2021/22,West Ham,Watford,Away,6,4,1,A,0
2022-01-01,2021/22,West Ham,Crystal Palace,Away,5,3,2,A,0
2022-01-12,2021/22,West Ham,Norwich,Home,5,2,0,H,0
2022-01-16,2021/22,West Ham,Leeds,Home,5,2,3,A,0
2022-01-22,2021/22,West Ham,Man United,Away,1,0,1,H,0
2022-02-08,2021/22,West Ham,Watford,Home,3,1,0,H,0
2022-02-13,2021/22,West Ham,Leicester,Away,3,2,2,D,0
2022-02-19,2021/22,West Ham,Newcastle,Home,3,1,1,D,0
2022-02-27,2021/22,West Ham,Wolves,Home,4,1,0,H,0
2022-03-05,2021/22,West Ham,Liverpool,Away,5,0,1,H,0
2022-03-13,2021/22,West Ham,Aston Villa,Home,4,2,1,H,0
2022-03-20,2021/22,West Ham,Tottenham,Away,1,1,3,H,0
2022-04-03,2021/22,West Ham,Everton,Home,5,2,1,H,0
2022-04-10,2021/22,West Ham,Brentford,Away,1,0,2,H,0
2022-04-17,2021/22,West Ham,Burnley,Home,8,1,1,D,0
2022-04-24,2021/22,West Ham,Chelsea,Away,2,0,1,H,1
2022-05-01,2021/22,West Ham,Arsenal,Home,3,1,2,A,0
2022-05-08,2021/22,West Ham,Norwich,Away,5,4,0,A,0
2022-05-15,2021/22,West Ham,Man City,Home,2,2,2,D,0
2022-05-22,2021/22,West Ham,Brighton,Away,2,1,3,H,0
2022-08-07,2022/23,West Ham,Man City,Home,1,0,2,A,0
2022-08-14,2022/23,West Ham,Nott'm Forest,Away,5,0,1,H,0
2022-08-21,2022/23,West Ham,Brighton,Home,3,0,2,A,0
2022-08-28,2022/23,West Ham,Aston Villa,Away,2,1,0,A,0
2022-08-31,2022/23,West Ham,Tottenham,Home,4,1,1,D,0
2022-09-03,2022/23,West Ham,Chelsea,Away,3,1,2,H,0
2022-09-18,2022/23,West Ham,Everton,Away,4,0,1,H,0
2022-10-01,2022/23,West Ham,Wolves,Home,5,2,0,H,0
2022-10-09,2022/23,West Ham,Fulham,Home,8,3,1,H,0
2022-10-16,2022/23,West Ham,Southampton,Away,4,1,1,D,0
2022-10-19,2022/23,West Ham,Liverpool,Away,3,0,1,H,0
2022-10-24,2022/23,West Ham,Bournemouth,Home,4,2,0,H,0
2022-10-30,2022/23,West Ham,Man United,Away,5,0,1,H,0
2022-11-06,2022/23,West Ham,Crystal Palace,Home,2,1,2,A,0
2022-11-12,2022/23,West Ham,Leicester,Home,6,0,2,A,0
2022-12-26,2022/23,West Ham,Arsenal,Away,4,1,3,H,0
2022-12-30,2022/23,West Ham,Brentford,Home,5,0,2,A,0
2023-01-04,2022/23,West Ham,Leeds,Away,2,2,2,D,0
2023-01-14,2022/23,West Ham,Wolves,Away,4,0,1,H,0
2023-01-21,2022/23,West Ham,Everton,Home,4,2,0,H,0
2023-02-04,2022/23,West Ham,Newcastle,Away,1,1,1,D,0
2023-02-11,2022/23,West Ham,Chelsea,Home,2,1,1,D,0
2023-02-19,2022/23,West Ham,Tottenham,Away,1,0,2,H,0
2023-02-25,2022/23,West Ham,Nott'm Forest,Home,5,4,0,H,0
2023-03-04,2022/23,West Ham,Brighton,Away,2,0,4,H,0
2023-03-12,2022/23,West Ham,Aston Villa,Home,6,1,1,D,0
2023-04-02,2022/23,West Ham,Southampton,Home,2,1,0,H,0
2023-04-05,2022/23,West Ham,Newcastle,Home,2,1,5,A,0
2023-04-08,2022/23,West Ham,Fulham,Away,5,1,0,A,0
2023-04-16,2022/23,West Ham,Arsenal,Home,3,2,2,D,0
2023-04-23,2022/23,West Ham,Bournemouth,Away,10,4,0,A,0
2023-04-26,2022/23,West Ham,Liverpool,Home,2,1,2,A,0
2023-04-29,2022/23,West Ham,Crystal Palace,Away,4,3,4,H,0
2023-05-03,2022/23,West Ham,Man City,Away,2,0,3,H,0
2023-05-07,2022/23,West Ham,Man United,Home,4,1,0,H,0
2023-05-14,2022/23,West Ham,Brentford,Away,4,0,2,H,0
2023-05-21,2022/23,West Ham,Leeds,Home,9,3,1,H,0
2023-05-28,2022/23,West Ham,Leicester,Away,3,1,2,H,0
2023-08-12,2023/24,West Ham,Bournemouth,Away,3,1,1,D,0
2023-08-20,2023/24,West Ham,Chelsea,Home,6,3,1,H,1
2023-08-26,2023/24,West Ham,Brighton,Away,3,3,1,A,0
2023-09-01,2023/24,West Ham,Luton,Away,3,2,1,A,0
2023-09-16,2023/24,West Ham,Man City,Home,3,1,3,A,0
2023-09-24,2023/24,West Ham,Liverpool,Away,4,1,3,H,0
2023-09-30,2023/24,West Ham,Sheffield United,Home,9,2,0,H,0
2023-10-08,2023/24,West Ham,Newcastle,Home,3,2,2,D,0
2023-10-22,2023/24,West Ham,Aston Villa,Away,4,1,4,H,0
2023-10-29,2023/24,West Ham,Everton,Home,2,0,1,A,0
2023-11-04,2023/24,West Ham,Brentford,Away,2,2,3,H,0
2023-11-12,2023/24,West Ham,Nott'm Forest,Home,6,3,2,H,0
2023-11-25,2023/24,West Ham,Burnley,Away,3,2,1,A,0
2023-12-03,2023/24,West Ham,Crystal Palace,Home,3,1,1,D,0
2023-12-07,2023/24,West Ham,Tottenham,Away,5,2,1,A,0
2023-12-10,2023/24,West Ham,Fulham,Away,5,0,5,H,0
2023-12-17,2023/24,West Ham,Wolves,Home,4,3,0,H,0
2023-12-23,2023/24,West Ham,Man United,Home,5,2,0,H,0
2023-12-28,2023/24,West Ham,Arsenal,Away,3,2,0,A,0
2024-01-02,2023/24,West Ham,Brighton,Home,2,0,0,D,0
2024-01-21,2023/24,West Ham,Sheffield United,Away,5,2,2,D,1
2024-02-01,2023/24,West Ham,Bournemouth,Home,3,1,1,D,0
2024-02-04,2023/24,West Ham,Man United,Away,3,0,3,H,0
2024-02-11,2023/24,West Ham,Arsenal,Home,1,0,6,A,0
2024-02-17,2023/24,West Ham,Nott'm Forest,Away,3,0,2,H,1
2024-02-26,2023/24,West Ham,Brentford,Home,6,4,2,H,0
2024-03-02,2023/24,West Ham,Everton,Away,5,3,1,A,0
2024-03-10,2023/24,West Ham,Burnley,Home,4,2,2,D,0
2024-03-17,2023/24,West Ham,Aston Villa,Home,5,1,1,D,0
2024-03-30,2023/24,West Ham,Newcastle,Away,4,3,4,H,0
2024-04-02,2023/24,West Ham,Tottenham,Home,4,1,1,D,0
2024-04-06,2023/24,West Ham,Wolves,Away,4,2,1,A,0
2024-04-14,2023/24,West Ham,Fulham,Home,4,0,2,A,0
2024-04-21,2023/24,West Ham,Crystal Palace,Away,1,2,5,H,0
2024-04-27,2023/24,West Ham,Liverpool,Home,8,2,2,D,0
2024-05-05,2023/24,West Ham,Chelsea,Away,2,0,5,H,0
2024-05-11,2023/24,West Ham,Luton,Home,8,3,1,H,0
2024-05-19,2023/24,West Ham,Man City,Away,2,1,3,H,0
2024-08-17,2024/25,West Ham,Aston Villa,Home,3,1,2,A,0
2024-08-24,2024/25,West Ham,Crystal Palace,Away,3,2,0,A,0
2024-08-31,2024/25,West Ham,Man City,Home,2,1,3,A,0
2024-09-14,2024/25,West Ham,Fulham,Away,3,1,1,D,0
2024-09-21,2024/25,West Ham,Chelsea,Home,7,0,3,A,0
2024-09-28,2024/25,West Ham,Brentford,Away,3,1,1,D,0
2024-10-05,2024/25,West Ham,Ipswich,Home,13,4,1,H,0
2024-10-19,2024/25,West Ham,Tottenham,Away,4,1,4,H,1
2024-10-27,2024/25,West Ham,Man United,Home,3,2,1,H,0
2024-11-02,2024/25,West Ham,Nott'm Forest,Away,2,0,3,H,1
2024-11-09,2024/25,West Ham,Everton,Home,6,0,0,D,0
2024-11-25,2024/25,West Ham,Newcastle,Away,6,2,0,A,0
2024-11-30,2024/25,West Ham,Arsenal,Home,5,2,5,A,0
2024-12-03,2024/25,West Ham,Leicester,Away,10,1,3,H,0
2024-12-09,2024/25,West Ham,Wolves,Home,4,2,1,H,0
2024-12-16,2024/25,West Ham,Bournemouth,Away,3,1,1,D,0
2024-12-21,2024/25,West Ham,Brighton,Home,4,1,1,D,0
2024-12-26,2024/25,West Ham,Southampton,Away,2,1,0,A,0
2024-12-29,2024/25,West Ham,Liverpool,Home,0,0,5,A,0
2025-01-04,2024/25,West Ham,Man City,Away,4,1,4,H,0
2025-01-14,2024/25,West Ham,Fulham,Home,3,3,2,H,0
2025-01-18,2024/25,West Ham,Crystal Palace,Home,0,0,2,A,1
2025-01-26,2024/25,West Ham,Aston Villa,Away,4,1,1,D,0
2025-02-03,2024/25,West Ham,Chelsea,Away,5,1,2,H,0
2025-02-15,2024/25,West Ham,Brentford,Home,3,0,1,A,0
2025-02-22,2024/25,West Ham,Arsenal,Away,2,1,0,A,0
2025-02-27,2024/25,West Ham,Leicester,Home,2,2,0,H,0
2025-03-10,2024/25,West Ham,Newcastle,Home,2,0,1,A,0
2025-03-15,2024/25,West Ham,Everton,Away,5,1,1,D,0
2025-04-01,2024/25,West Ham,Wolves,Away,1,0,1,H,0
2025-04-05,2024/25,West Ham,Bournemouth,Home,3,2,2,D,0
2025-04-13,2024/25,West Ham,Liverpool,Away,4,1,2,H,0
2025-04-19,2024/25,West Ham,Southampton,Home,4,1,1,D,0
2025-04-26,2024/25,West Ham,Brighton,Away,4,2,3,H,0
2025-05-04,2024/25,West Ham,Tottenham,Home,2,1,1,D,0
2005-08-14,2005/06,Wigan,Chelsea,Home,5,0,1,A,0
2005-08-20,2005/06,Wigan,Charlton,Away,0,0,1,H,0
2005-08-27,2005/06,Wigan,Sunderland,Home,5,1,0,H,0
2005-09-10,2005/06,Wigan,West Brom,Away,4,2,1,A,0
2005-09-18,2005/06,Wigan,Middlesbrough,Home,4,1,1,D,0
2005-09-24,2005/06,Wigan,Everton,Away,3,1,0,A,0
2005-10-02,2005/06,Wigan,Bolton,Home,9,2,1,H,0
2005-10-15,2005/06,Wigan,Newcastle,Home,6,1,0,H,1
2005-10-22,2005/06,Wigan,Aston Villa,Away,6,2,0,A,0
2005-10-29,2005/06,Wigan,Fulham,Home,6,1,0,H,0
2005-11-05,2005/06,Wigan,Portsmouth,Away,5,2,0,A,0
2005-11-19,2005/06,Wigan,Arsenal,Home,5,2,3,A,0
2005-11-26,2005/06,Wigan,Tottenham,Home,3,1,2,A,0
2005-12-03,2005/06,Wigan,Liverpool,Away,6,0,3,H,0
2005-12-10,2005/06,Wigan,Chelsea,Away,1,0,1,H,0
2005-12-14,2005/06,Wigan,Man United,Away,7,0,4,H,0
2005-12-17,2005/06,Wigan,Charlton,Home,12,3,0,H,0
2005-12-26,2005/06,Wigan,Man City,Home,5,4,3,H,0
2005-12-28,2005/06,Wigan,West Ham,Away,4,2,0,A,0
2005-12-31,2005/06,Wigan,Blackburn,Home,4,0,3,A,0
2006-01-02,2005/06,Wigan,Birmingham,Away,2,0,2,H,0
2006-01-15,2005/06,Wigan,West Brom,Home,12,0,1,A,0
2006-01-21,2005/06,Wigan,Middlesbrough,Away,10,3,2,A,0
2006-01-31,2005/06,Wigan,Everton,Home,6,1,1,D,1
2006-02-04,2005/06,Wigan,Bolton,Away,4,1,1,D,0
2006-02-11,2005/06,Wigan,Liverpool,Home,1,0,1,A,0
2006-02-19,2005/06,Wigan,Tottenham,Away,5,2,2,D,0
2006-03-06,2005/06,Wigan,Man United,Home,7,1,2,A,0
2006-03-11,2005/06,Wigan,Sunderland,Away,2,1,0,A,0
2006-03-18,2005/06,Wigan,Man City,Away,4,1,0,A,0
2006-03-25,2005/06,Wigan,West Ham,Home,8,1,2,A,0
2006-04-03,2005/06,Wigan,Blackburn,Away,4,1,1,D,0
2006-04-08,2005/06,Wigan,Birmingham,Home,6,1,1,D,0
2006-04-15,2005/06,Wigan,Newcastle,Away,5,1,3,H,0
2006-04-18,2005/06,Wigan,Aston Villa,Home,11,3,2,H,0
2006-04-24,2005/06,Wigan,Fulham,Away,10,0,1,H,0
2006-04-29,2005/06,Wigan,Portsmouth,Home,7,1,2,A,1
2006-05-07,2005/06,Wigan,Arsenal,Away,3,2,4,H,1
2006-08-19,2006/07,Wigan,Newcastle,Away,9,1,2,H,0
2006-08-26,2006/07,Wigan,Reading,Home,5,1,0,H,0
2006-09-09,2006/07,Wigan,Portsmouth,Away,5,0,1,H,0
2006-09-16,2006/07,Wigan,Everton,Away,7,2,2,D,0
2006-09-23,2006/07,Wigan,Watford,Home,4,1,1,D,0
2006-10-01,2006/07,Wigan,Blackburn,Away,6,1,2,H,0
2006-10-14,2006/07,Wigan,Man United,Home,2,1,3,A,0
2006-10-21,2006/07,Wigan,Man City,Home,5,4,0,H,0
2006-10-28,2006/07,Wigan,Fulham,Away,7,1,0,A,0
2006-11-04,2006/07,Wigan,Bolton,Away,3,1,0,A,0
2006-11-11,2006/07,Wigan,Charlton,Home,5,3,2,H,0
2006-11-19,2006/07,Wigan,Aston Villa,Home,5,0,0,D,0
2006-11-26,2006/07,Wigan,Tottenham,Away,5,1,3,H,0
2006-12-02,2006/07,Wigan,Liverpool,Home,6,0,4,A,0
2006-12-06,2006/07,Wigan,West Ham,Away,4,2,0,A,0
2006-12-09,2006/07,Wigan,Middlesbrough,Away,3,1,1,D,0
2006-12-13,2006/07,Wigan,Arsenal,Home,7,0,1,A,0
2006-12-16,2006/07,Wigan,Sheffield United,Home,6,0,1,A,0
2006-12-23,2006/07,Wigan,Chelsea,Home,6,2,3,A,0
2006-12-26,2006/07,Wigan,Man United,Away,3,1,3,H,0
2007-01-01,2006/07,Wigan,Blackburn,Home,5,0,3,A,0
2007-01-13,2006/07,Wigan,Chelsea,Away,1,0,4,H,0
2007-01-21,2006/07,Wigan,Everton,Home,6,0,2,A,0
2007-01-30,2006/07,Wigan,Reading,Away,14,2,3,H,0
2007-02-03,2006/07,Wigan,Portsmouth,Home,8,1,0,H,0
2007-02-11,2006/07,Wigan,Arsenal,Away,2,1,2,H,0
2007-02-21,2006/07,Wigan,Watford,Away,13,1,1,D,1
2007-02-25,2006/07,Wigan,Newcastle,Home,4,1,0,H,0
2007-03-03,2006/07,Wigan,Man City,Away,5,1,0,A,0
2007-03-17,2006/07,Wigan,Fulham,Home,3,0,0,D,0
2007-03-31,2006/07,Wigan,Charlton,Away,1,0,1,H,0
2007-04-07,2006/07,Wigan,Bolton,Home,9,1,3,A,0
2007-04-09,2006/07,Wigan,Aston Villa,Away,1,1,1,D,1
2007-04-15,2006/07,Wigan,Tottenham,Home,11,3,3,D,0
2007-04-21,2006/07,Wigan,Liverpool,Away,3,0,2,H,0
2007-04-28,2006/07,Wigan,West Ham,Home,6,0,3,A,0
2007-05-05,2006/07,Wigan,Middlesbrough,Home,7,0,1,A,0
2007-05-13,2006/07,Wigan,Sheffield United,Away,3,2,1,A,1
2007-08-11,2007/08,Wigan,Everton,Away,4,1,2,H,0
2007-08-15,2007/08,Wigan,Middlesbrough,Home,5,1,0,H,0
2007-08-18,2007/08,Wigan,Sunderland,Home,4,3,0,H,0
2007-08-25,2007/08,Wigan,West Ham,Away,3,1,1,D,0
2007-09-01,2007/08,Wigan,Newcastle,Away,6,0,1,H,1
2007-09-15,2007/08,Wigan,Fulham,Home,4,1,1,D,0
2007-09-22,2007/08,Wigan,Reading,Away,5,1,2,H,0
2007-09-29,2007/08,Wigan,Liverpool,Home,3,0,1,A,0
2007-10-06,2007/08,Wigan,Man United,Away,2,0,4,H,0
2007-10-20,2007/08,Wigan,Portsmouth,Home,0,0,2,A,0
2007-10-27,2007/08,Wigan,Birmingham,Away,5,2,3,H,0
2007-11-03,2007/08,Wigan,Chelsea,Home,3,0,2,A,0
2007-11-11,2007/08,Wigan,Tottenham,Away,2,0,4,H,0
2007-11-24,2007/08,Wigan,Arsenal,Away,2,0,2,H,0
2007-12-01,2007/08,Wigan,Man City,Home,4,1,1,D,1
2007-12-09,2007/08,Wigan,Bolton,Away,7,1,4,H,0
2007-12-15,2007/08,Wigan,Blackburn,Home,7,5,3,H,0
2007-12-22,2007/08,Wigan,Fulham,Away,4,1,1,D,0
2007-12-26,2007/08,Wigan,Newcastle,Home,6,1,0,H,0
2007-12-29,2007/08,Wigan,Aston Villa,Home,3,1,2,A,0
2008-01-02,2007/08,Wigan,Liverpool,Away,1,1,1,D,0
2008-01-12,2007/08,Wigan,Derby,Away,4,1,0,A,0
2008-01-20,2007/08,Wigan,Everton,Home,3,1,2,A,0
2008-01-29,2007/08,Wigan,Middlesbrough,Away,6,0,1,H,0
2008-02-02,2007/08,Wigan,West Ham,Home,3,1,0,H,0
2008-02-09,2007/08,Wigan,Sunderland,Away,11,0,2,H,0
2008-02-23,2007/08,Wigan,Derby,Home,18,2,0,H,0
2008-03-01,2007/08,Wigan,Man City,Away,5,0,0,D,0
2008-03-09,2007/08,Wigan,Arsenal,Home,3,0,0,D,0
2008-03-16,2007/08,Wigan,Bolton,Home,7,1,0,H,1
2008-03-22,2007/08,Wigan,Blackburn,Away,7,1,3,H,1
2008-03-29,2007/08,Wigan,Portsmouth,Away,9,0,2,H,0
2008-04-05,2007/08,Wigan,Birmingham,Home,8,2,0,H,0
2008-04-14,2007/08,Wigan,Chelsea,Away,5,1,1,D,0
2008-04-19,2007/08,Wigan,Tottenham,Home,7,1,1,D,0
2008-04-26,2007/08,Wigan,Reading,Home,5,0,0,D,0
2008-05-03,2007/08,Wigan,Aston Villa,Away,5,2,0,A,0
2008-05-11,2007/08,Wigan,Man United,Home,6,0,2,A,0
2008-08-16,2008/09,Wigan,West Ham,Away,9,1,2,H,0
2008-08-24,2008/09,Wigan,Chelsea,Home,6,0,1,A,0
2008-08-30,2008/09,Wigan,Hull,Away,5,5,0,A,0
2008-09-13,2008/09,Wigan,Sunderland,Home,8,1,1,D,1
2008-09-21,2008/09,Wigan,Tottenham,Away,6,0,0,D,0
2008-09-28,2008/09,Wigan,Man City,Home,4,2,1,H,0
2008-10-04,2008/09,Wigan,Middlesbrough,Home,9,0,1,A,0
2008-10-18,2008/09,Wigan,Liverpool,Away,4,2,3,H,1
2008-10-26,2008/09,Wigan,Aston Villa,Home,5,0,4,A,0
2008-10-29,2008/09,Wigan,Fulham,Away,2,0,2,H,0
2008-11-01,2008/09,Wigan,Portsmouth,Away,8,2,1,A,0
2008-11-08,2008/09,Wigan,Stoke,Home,14,0,0,D,0
2008-11-15,2008/09,Wigan,Newcastle,Away,7,2,2,D,1
2008-11-24,2008/09,Wigan,Everton,Home,6,1,0,H,0
2008-11-29,2008/09,Wigan,West Brom,Home,9,2,1,H,0
2008-12-06,2008/09,Wigan,Arsenal,Away,4,0,1,H,0
2008-12-13,2008/09,Wigan,Blackburn,Home,5,3,0,H,0
2008-12-26,2008/09,Wigan,Newcastle,Home,5,2,1,H,0
2008-12-28,2008/09,Wigan,Bolton,Away,7,1,0,A,0
2009-01-11,2008/09,Wigan,Tottenham,Home,5,1,0,H,0
2009-01-14,2008/09,Wigan,Man United,Away,3,0,1,H,0
2009-01-17,2008/09,Wigan,Man City,Away,6,0,1,H,0
2009-01-28,2008/09,Wigan,Liverpool,Home,1,1,1,D,0
2009-01-31,2008/09,Wigan,Aston Villa,Away,4,0,0,D,0
2009-02-07,2008/09,Wigan,Fulham,Home,3,0,0,D,0
2009-02-21,2008/09,Wigan,Middlesbrough,Away,6,0,0,D,0
2009-02-28,2008/09,Wigan,Chelsea,Away,7,1,2,H,0
2009-03-04,2008/09,Wigan,West Ham,Home,8,0,1,A,1
2009-03-14,2008/09,Wigan,Sunderland,Away,5,2,1,A,0
2009-03-22,2008/09,Wigan,Hull,Home,6,1,0,H,0
2009-04-05,2008/09,Wigan,Everton,Away,8,0,4,H,0
2009-04-11,2008/09,Wigan,Arsenal,Home,5,1,4,A,0
2009-04-26,2008/09,Wigan,Blackburn,Away,8,0,2,H,0
2009-05-02,2008/09,Wigan,Bolton,Home,7,0,0,D,0
2009-05-09,2008/09,Wigan,West Brom,Away,4,1,3,H,0
2009-05-13,2008/09,Wigan,Man United,Home,5,1,2,A,0
2009-05-16,2008/09,Wigan,Stoke,Away,3,0,2,H,0
2009-05-24,2008/09,Wigan,Portsmouth,Home,10,1,0,H,0
2009-08-15,2009/10,Wigan,Aston Villa,Away,7,2,0,A,0
2009-08-18,2009/10,Wigan,Wolves,Home,5,0,1,A,0
2009-08-22,2009/10,Wigan,Man United,Home,7,0,5,A,0
2009-08-30,2009/10,Wigan,Everton,Away,7,1,2,H,0
2009-09-12,2009/10,Wigan,West Ham,Home,6,1,0,H,0
2009-09-19,2009/10,Wigan,Arsenal,Away,5,0,4,H,0
2009-09-26,2009/10,Wigan,Chelsea,Home,9,3,1,H,0
2009-10-03,2009/10,Wigan,Hull,Away,5,1,2,H,0
2009-10-18,2009/10,Wigan,Man City,Home,7,1,1,D,0
2009-10-24,2009/10,Wigan,Burnley,Away,8,3,1,A,0
2009-10-31,2009/10,Wigan,Portsmouth,Away,3,0,4,H,0
2009-11-08,2009/10,Wigan,Fulham,Home,12,1,1,D,0
2009-11-22,2009/10,Wigan,Tottenham,Away,5,1,9,H,0
2009-11-28,2009/10,Wigan,Sunderland,Home,10,1,0,H,0
2009-12-05,2009/10,Wigan,Birmingham,Home,7,2,3,A,0
2009-12-12,2009/10,Wigan,Stoke,Away,8,2,2,D,0
2009-12-16,2009/10,Wigan,Liverpool,Away,5,1,2,H,0
2009-12-26,2009/10,Wigan,Blackburn,Home,8,1,1,D,0
2009-12-30,2009/10,Wigan,Man United,Away,6,0,5,H,0
2010-01-16,2009/10,Wigan,Wolves,Away,14,2,0,A,1
2010-01-27,2009/10,Wigan,Blackburn,Away,8,1,2,H,0
2010-01-30,2009/10,Wigan,Everton,Home,4,0,1,A,0
2010-02-06,2009/10,Wigan,Sunderland,Away,6,1,1,D,0
2010-02-09,2009/10,Wigan,Stoke,Home,11,1,1,D,0
2010-02-17,2009/10,Wigan,Bolton,Home,1,0,0,D,0
2010-02-21,2009/10,Wigan,Tottenham,Home,7,0,3,A,0
2010-02-27,2009/10,Wigan,Birmingham,Away,2,0,1,H,0
2010-03-08,2009/10,Wigan,Liverpool,Home,4,1,0,H,0
2010-03-13,2009/10,Wigan,Bolton,Away,7,0,4,H,0
2010-03-16,2009/10,Wigan,Aston Villa,Home,6,1,2,A,0
2010-03-20,2009/10,Wigan,Burnley,Home,11,1,0,H,0
2010-03-29,2009/10,Wigan,Man City,Away,3,0,3,H,1
2010-04-04,2009/10,Wigan,Fulham,Away,7,1,2,H,0
2010-04-14,2009/10,Wigan,Portsmouth,Home,14,0,0,D,0
2010-04-18,2009/10,Wigan,Arsenal,Home,11,3,2,H,0
2010-04-24,2009/10,Wigan,West Ham,Away,10,2,3,H,0
2010-05-03,2009/10,Wigan,Hull,Home,7,2,2,D,0
2010-05-09,2009/10,Wigan,Chelsea,Away,3,0,8,H,1
2010-08-14,2010/11,Wigan,Blackpool,Home,6,0,4,A,0
2010-08-21,2010/11,Wigan,Chelsea,Home,12,0,6,A,0
2010-08-28,2010/11,Wigan,Tottenham,Away,5,1,0,A,0
2010-09-11,2010/11,Wigan,Sunderland,Home,4,1,1,D,0
2010-09-19,2010/11,Wigan,Man City,Home,3,0,2,A,0
2010-09-25,2010/11,Wigan,Birmingham,Away,10,0,0,D,0
2010-10-02,2010/11,Wigan,Wolves,Home,17,2,0,H,0
2010-10-16,2010/11,Wigan,Newcastle,Away,4,2,2,D,0
2010-10-23,2010/11,Wigan,Bolton,Home,9,1,1,D,0
2010-10-30,2010/11,Wigan,Fulham,Away,3,0,2,H,0
2010-11-06,2010/11,Wigan,Blackburn,Away,10,1,2,H,0
2010-11-10,2010/11,Wigan,Liverpool,Home,8,1,1,D,0
2010-11-13,2010/11,Wigan,West Brom,Home,4,1,0,H,0
2010-11-20,2010/11,Wigan,Man United,Away,4,0,2,H,2
2010-11-27,2010/11,Wigan,West Ham,Away,10,1,3,H,0
2010-12-04,2010/11,Wigan,Stoke,Home,8,2,2,D,0
2010-12-11,2010/11,Wigan,Everton,Away,4,0,0,D,0
2010-12-26,2010/11,Wigan,Wolves,Away,8,2,1,A,0
2010-12-29,2010/11,Wigan,Arsenal,Home,5,2,2,D,1
2011-01-02,2010/11,Wigan,Newcastle,Home,4,0,1,A,0
2011-01-05,2010/11,Wigan,Bolton,Away,7,1,1,D,0
2011-01-15,2010/11,Wigan,Fulham,Home,5,1,1,D,0
2011-01-22,2010/11,Wigan,Arsenal,Away,1,0,3,H,1
2011-01-25,2010/11,Wigan,Aston Villa,Home,8,1,2,A,0
2011-02-01,2010/11,Wigan,West Brom,Away,7,2,2,D,0
2011-02-05,2010/11,Wigan,Blackburn,Home,7,4,3,H,0
2011-02-12,2010/11,Wigan,Liverpool,Away,2,1,1,D,0
2011-02-26,2010/11,Wigan,Man United,Home,4,0,4,A,0
2011-03-05,2010/11,Wigan,Man City,Away,5,0,1,H,0
2011-03-19,2010/11,Wigan,Birmingham,Home,13,2,1,H,0
2011-04-02,2010/11,Wigan,Tottenham,Home,5,0,0,D,0
2011-04-09,2010/11,Wigan,Chelsea,Away,7,0,1,H,0
2011-04-16,2010/11,Wigan,Blackpool,Away,5,3,1,A,0
2011-04-23,2010/11,Wigan,Sunderland,Away,7,2,4,H,0
2011-04-30,2010/11,Wigan,Everton,Home,9,1,1,D,0
2011-05-07,2010/11,Wigan,Aston Villa,Away,4,1,1,D,0
2011-05-15,2010/11,Wigan,West Ham,Home,10,3,2,H,0
2011-05-22,2010/11,Wigan,Stoke,Away,9,1,0,A,0
2011-08-13,2011/12,Wigan,Norwich,Home,11,1,1,D,0
2011-08-20,2011/12,Wigan,Swansea,Away,4,0,0,D,0
2011-08-27,2011/12,Wigan,QPR,Home,10,2,0,H,0
2011-09-10,2011/12,Wigan,Man City,Away,5,0,3,H,0
2011-09-17,2011/12,Wigan,Everton,Away,4,1,3,H,0
2011-09-24,2011/12,Wigan,Tottenham,Home,4,1,2,A,1
2011-10-01,2011/12,Wigan,Aston Villa,Away,9,0,2,H,0
2011-10-15,2011/12,Wigan,Bolton,Home,9,1,3,A,0
2011-10-22,2011/12,Wigan,Newcastle,Away,5,0,1,H,0
2011-10-29,2011/12,Wigan,Fulham,Home,9,0,2,A,0
2011-11-06,2011/12,Wigan,Wolves,Away,7,1,3,H,0
2011-11-19,2011/12,Wigan,Blackburn,Home,11,3,3,D,0
2011-11-26,2011/12,Wigan,Sunderland,Away,4,2,1,A,0
2011-12-03,2011/12,Wigan,Arsenal,Home,4,0,4,A,0
2011-12-10,2011/12,Wigan,West Brom,Away,4,2,1,A,0
2011-12-17,2011/12,Wigan,Chelsea,Home,7,1,1,D,0
2011-12-21,2011/12,Wigan,Liverpool,Home,10,0,0,D,0
2011-12-26,2011/12,Wigan,Man United,Away,5,0,5,H,1
2011-12-31,2011/12,Wigan,Stoke,Away,6,2,2,D,1
2012-01-03,2011/12,Wigan,Sunderland,Home,10,1,4,A,0
2012-01-16,2011/12,Wigan,Man City,Home,4,0,1,A,0
2012-01-21,2011/12,Wigan,QPR,Away,4,1,3,H,0
2012-01-31,2011/12,Wigan,Tottenham,Away,6,1,3,H,0
2012-02-04,2011/12,Wigan,Everton,Home,1,1,1,D,0
2012-02-11,2011/12,Wigan,Bolton,Away,6,2,1,A,0
2012-02-25,2011/12,Wigan,Aston Villa,Home,6,0,0,D,0
2012-03-03,2011/12,Wigan,Swansea,Home,8,0,2,A,0
2012-03-11,2011/12,Wigan,Norwich,Away,9,1,1,D,0
2012-03-17,2011/12,Wigan,West Brom,Home,6,1,1,D,0
2012-03-24,2011/12,Wigan,Liverpool,Away,5,2,1,A,0
2012-03-31,2011/12,Wigan,Stoke,Home,11,2,0,H,0
2012-04-07,2011/12,Wigan,Chelsea,Away,7,1,2,H,0
2012-04-11,2011/12,Wigan,Man United,Home,8,1,0,H,0
2012-04-16,2011/12,Wigan,Arsenal,Away,7,2,1,A,0
2012-04-21,2011/12,Wigan,Fulham,Away,5,1,2,H,0
2012-04-28,2011/12,Wigan,Newcastle,Home,8,4,0,H,0
2012-05-07,2011/12,Wigan,Blackburn,Away,9,1,0,A,0
2012-05-13,2011/12,Wigan,Wolves,Home,10,3,2,H,0
2012-08-19,2012/13,Wigan,Chelsea,Home,4,0,2,A,0
2012-08-25,2012/13,Wigan,Southampton,Away,8,2,0,A,0
2012-09-01,2012/13,Wigan,Stoke,Home,5,2,2,D,0
2012-09-15,2012/13,Wigan,Man United,Away,4,0,4,H,0
2012-09-22,2012/13,Wigan,Fulham,Home,9,1,2,A,0
2012-09-29,2012/13,Wigan,Sunderland,Away,3,0,1,H,1
2012-10-06,2012/13,Wigan,Everton,Home,6,2,2,D,0
2012-10-20,2012/13,Wigan,Swansea,Away,7,1,2,H,0
2012-10-27,2012/13,Wigan,West Ham,Home,13,2,1,H,0
2012-11-03,2012/13,Wigan,Tottenham,Away,4,1,0,A,0
2012-11-10,2012/13,Wigan,West Brom,Home,6,1,2,A,0
2012-11-17,2012/13,Wigan,Liverpool,Away,3,0,3,H,0
2012-11-24,2012/13,Wigan,Reading,Home,11,3,2,H,0
2012-11-28,2012/13,Wigan,Man City,Home,4,0,2,A,0
2012-12-03,2012/13,Wigan,Newcastle,Away,4,0,3,H,1
2012-12-08,2012/13,Wigan,QPR,Home,9,2,2,D,0
2012-12-15,2012/13,Wigan,Norwich,Away,6,1,2,H,0
2012-12-22,2012/13,Wigan,Arsenal,Home,5,0,1,A,0
2012-12-26,2012/13,Wigan,Everton,Away,6,1,2,H,0
2012-12-29,2012/13,Wigan,Aston Villa,Away,6,3,0,A,0
2013-01-01,2012/13,Wigan,Man United,Home,3,0,4,A,0
2013-01-12,2012/13,Wigan,Fulham,Away,6,1,1,D,0
2013-01-19,2012/13,Wigan,Sunderland,Home,11,2,3,A,0
2013-01-29,2012/13,Wigan,Stoke,Away,6,2,2,D,0
2013-02-02,2012/13,Wigan,Southampton,Home,3,2,2,D,0
2013-02-09,2012/13,Wigan,Chelsea,Away,10,1,4,H,0
2013-02-23,2012/13,Wigan,Reading,Away,8,3,0,A,0
2013-03-02,2012/13,Wigan,Liverpool,Home,11,0,4,A,0
2013-03-17,2012/13,Wigan,Newcastle,Home,10,2,1,H,0
2013-03-30,2012/13,Wigan,Norwich,Home,6,1,0,H,0
2013-04-07,2012/13,Wigan,QPR,Away,10,1,1,D,0
2013-04-17,2012/13,Wigan,Man City,Away,6,0,1,H,0
2013-04-20,2012/13,Wigan,West Ham,Away,10,0,2,H,0
2013-04-27,2012/13,Wigan,Tottenham,Home,4,2,2,D,0
2013-05-04,2012/13,Wigan,West Brom,Away,8,3,2,A,0
2013-05-07,2012/13,Wigan,Swansea,Home,11,2,3,A,0
2013-05-14,2012/13,Wigan,Arsenal,Away,5,1,4,H,0
2013-05-19,2012/13,Wigan,Aston Villa,Home,6,2,2,D,0
2003-08-16,2003/04,Wolves,Blackburn,Away,5,1,5,H,0
2003-08-23,2003/04,Wolves,Charlton,Home,4,0,4,A,0
2003-08-27,2003/04,Wolves,Man United,Away,2,0,1,H,0
2003-08-30,2003/04,Wolves,Portsmouth,Home,2,0,0,D,0
2003-09-13,2003/04,Wolves,Southampton,Away,3,0,2,H,0
2003-09-20,2003/04,Wolves,Chelsea,Home,4,0,5,A,0
2003-09-27,2003/04,Wolves,Bolton,Away,4,1,1,D,0
2003-10-04,2003/04,Wolves,Man City,Home,4,1,0,H,0
2003-10-18,2003/04,Wolves,Fulham,Away,6,0,0,D,0
2003-10-25,2003/04,Wolves,Leicester,Home,8,4,3,H,0
2003-11-01,2003/04,Wolves,Middlesbrough,Away,2,0,2,H,1
2003-11-08,2003/04,Wolves,Birmingham,Home,4,1,1,D,0
2003-11-22,2003/04,Wolves,Everton,Away,4,0,2,H,0
2003-11-29,2003/04,Wolves,Newcastle,Home,4,1,1,D,0
2003-12-06,2003/04,Wolves,Tottenham,Away,8,2,5,H,0
2003-12-14,2003/04,Wolves,Aston Villa,Away,5,2,3,H,0
2003-12-26,2003/04,Wolves,Arsenal,Away,1,0,3,H,0
2003-12-28,2003/04,Wolves,Leeds,Home,4,3,1,H,0
2004-01-07,2003/04,Wolves,Blackburn,Home,5,2,2,D,0
2004-01-10,2003/04,Wolves,Charlton,Away,4,0,2,H,0
2004-01-17,2003/04,Wolves,Man United,Home,6,1,0,H,0
2004-01-21,2003/04,Wolves,Liverpool,Home,6,1,1,D,0
2004-01-31,2003/04,Wolves,Portsmouth,Away,4,0,0,D,0
2004-02-07,2003/04,Wolves,Arsenal,Home,5,1,3,A,0
2004-02-10,2003/04,Wolves,Leeds,Away,5,1,4,H,0
2004-02-21,2003/04,Wolves,Fulham,Home,10,2,1,H,0
2004-02-28,2003/04,Wolves,Leicester,Away,3,0,0,D,0
2004-03-14,2003/04,Wolves,Aston Villa,Home,1,0,4,A,0
2004-03-20,2003/04,Wolves,Liverpool,Away,6,0,1,H,0
2004-03-27,2003/04,Wolves,Chelsea,Away,4,2,5,H,0
2004-04-17,2003/04,Wolves,Middlesbrough,Home,8,2,0,H,0
2004-04-25,2003/04,Wolves,Birmingham,Away,7,2,2,D,0
2004-05-01,2003/04,Wolves,Everton,Home,11,2,1,H,0
2009-08-15,2009/10,Wolves,West Ham,Home,11,0,2,A,0
2009-08-18,2009/10,Wolves,Wigan,Away,3,1,0,A,0
2009-08-22,2009/10,Wolves,Man City,Away,2,0,1,H,0
2009-08-29,2009/10,Wolves,Hull,Home,17,1,1,D,0
2009-09-12,2009/10,Wolves,Blackburn,Away,5,1,3,H,0
2009-09-20,2009/10,Wolves,Fulham,Home,4,2,1,H,0
2009-09-27,2009/10,Wolves,Sunderland,Away,11,2,5,H,0
2009-10-03,2009/10,Wolves,Portsmouth,Home,5,0,1,A,0
2009-10-17,2009/10,Wolves,Everton,Away,6,1,1,D,1
2009-10-24,2009/10,Wolves,Aston Villa,Home,4,1,1,D,0
2009-10-31,2009/10,Wolves,Stoke,Away,7,2,2,D,0
2009-11-07,2009/10,Wolves,Arsenal,Home,6,1,4,A,0
2009-11-21,2009/10,Wolves,Chelsea,Away,3,0,4,H,0
2009-11-29,2009/10,Wolves,Birmingham,Home,2,0,1,A,0
2009-12-05,2009/10,Wolves,Bolton,Home,11,2,1,H,0
2009-12-12,2009/10,Wolves,Tottenham,Away,3,1,0,A,0
2009-12-15,2009/10,Wolves,Man United,Away,1,0,3,H,0
2009-12-20,2009/10,Wolves,Burnley,Home,12,2,0,H,0
2009-12-26,2009/10,Wolves,Liverpool,Away,2,0,2,H,1
2009-12-28,2009/10,Wolves,Man City,Home,6,0,3,A,0
2010-01-16,2009/10,Wolves,Wigan,Home,4,0,2,A,1
2010-01-26,2009/10,Wolves,Liverpool,Home,4,0,0,D,0
2010-01-30,2009/10,Wolves,Hull,Away,4,2,2,D,0
2010-02-07,2009/10,Wolves,Birmingham,Away,5,1,2,H,0
2010-02-10,2009/10,Wolves,Tottenham,Home,4,1,0,H,0
2010-02-20,2009/10,Wolves,Chelsea,Home,7,0,2,A,0
2010-02-27,2009/10,Wolves,Bolton,Away,4,0,1,H,0
2010-03-06,2009/10,Wolves,Man United,Home,6,0,1,A,0
2010-03-13,2009/10,Wolves,Burnley,Away,3,2,1,A,0
2010-03-20,2009/10,Wolves,Aston Villa,Away,4,2,2,D,0
2010-03-23,2009/10,Wolves,West Ham,Away,4,3,1,A,0
2010-03-27,2009/10,Wolves,Everton,Home,2,0,0,D,0
2010-04-03,2009/10,Wolves,Arsenal,Away,2,0,1,H,1
2010-04-11,2009/10,Wolves,Stoke,Home,8,0,0,D,0
2010-04-17,2009/10,Wolves,Fulham,Away,1,0,0,D,0
2010-04-24,2009/10,Wolves,Blackburn,Home,5,1,1,D,0
2010-05-01,2009/10,Wolves,Portsmouth,Away,11,1,3,H,0
2010-05-09,2009/10,Wolves,Sunderland,Home,7,2,1,H,0
2010-08-14,2010/11,Wolves,Stoke,Home,7,2,1,H,0
2010-08-21,2010/11,Wolves,Everton,Away,4,1,1,D,0
2010-08-28,2010/11,Wolves,Newcastle,Home,2,1,1,D,0
2010-09-11,2010/11,Wolves,Fulham,Away,2,1,2,H,1
2010-09-18,2010/11,Wolves,Tottenham,Away,2,1,3,H,0
2010-09-26,2010/11,Wolves,Aston Villa,Home,12,1,2,A,0
2010-10-02,2010/11,Wolves,Wigan,Away,0,0,2,H,1
2010-10-16,2010/11,Wolves,West Ham,Home,5,1,1,D,0
2010-10-23,2010/11,Wolves,Chelsea,Away,9,0,2,H,0
2010-10-30,2010/11,Wolves,Man City,Home,6,2,1,H,0
2010-11-06,2010/11,Wolves,Man United,Away,6,1,2,H,0
2010-11-10,2010/11,Wolves,Arsenal,Home,7,0,2,A,0
2010-11-13,2010/11,Wolves,Bolton,Home,6,2,3,A,0
2010-11-20,2010/11,Wolves,Blackpool,Away,10,1,2,H,0
2010-11-27,2010/11,Wolves,Sunderland,Home,8,3,2,H,0
2010-12-04,2010/11,Wolves,Blackburn,Away,7,0,3,H,0
2010-12-12,2010/11,Wolves,Birmingham,Home,9,1,0,H,0
2010-12-26,2010/11,Wolves,Wigan,Home,4,1,2,A,0
2010-12-29,2010/11,Wolves,Liverpool,Away,3,1,0,A,0
2011-01-01,2010/11,Wolves,West Ham,Away,10,0,2,H,0
2011-01-05,2010/11,Wolves,Chelsea,Home,2,1,0,H,0
2011-01-15,2010/11,Wolves,Man City,Away,7,3,4,H,0
2011-01-22,2010/11,Wolves,Liverpool,Home,4,0,3,A,0
2011-02-02,2010/11,Wolves,Bolton,Away,5,0,1,H,0
2011-02-05,2010/11,Wolves,Man United,Home,5,2,1,H,0
2011-02-12,2010/11,Wolves,Arsenal,Away,0,0,2,H,0
2011-02-20,2010/11,Wolves,West Brom,Away,2,1,1,D,0
2011-02-26,2010/11,Wolves,Blackpool,Home,11,4,0,H,0
2011-03-06,2010/11,Wolves,Tottenham,Home,4,3,3,D,0
2011-03-19,2010/11,Wolves,Aston Villa,Away,5,1,0,A,0
2011-04-02,2010/11,Wolves,Newcastle,Away,9,1,4,H,0
2011-04-09,2010/11,Wolves,Everton,Home,7,0,3,A,0
2011-04-23,2010/11,Wolves,Fulham,Home,3,1,1,D,0
2011-04-26,2010/11,Wolves,Stoke,Away,1,0,3,H,0
2011-05-01,2010/11,Wolves,Birmingham,Away,2,1,1,D,0
2011-05-08,2010/11,Wolves,West Brom,Home,10,3,1,H,0
2011-05-14,2010/11,Wolves,Sunderland,Away,6,3,1,A,0
2011-05-22,2010/11,Wolves,Blackburn,Home,5,2,3,A,0
2011-08-13,2011/12,Wolves,Blackburn,Away,4,2,1,A,0
2011-08-21,2011/12,Wolves,Fulham,Home,7,2,0,H,0
2011-08-27,2011/12,Wolves,Aston Villa,Away,2,0,0,D,0
2011-09-10,2011/12,Wolves,Tottenham,Home,6,0,2,A,0
2011-09-17,2011/12,Wolves,QPR,Home,6,0,3,A,0
2011-09-24,2011/12,Wolves,Liverpool,Away,6,1,2,H,0
2011-10-01,2011/12,Wolves,Newcastle,Home,12,1,2,A,0
2011-10-16,2011/12,Wolves,West Brom,Away,10,0,2,H,0
2011-10-22,2011/12,Wolves,Swansea,Home,13,2,2,D,0
2011-10-29,2011/12,Wolves,Man City,Away,2,1,3,H,0
2011-11-06,2011/12,Wolves,Wigan,Home,12,3,1,H,0
2011-11-19,2011/12,Wolves,Everton,Away,1,1,2,H,0
2011-11-26,2011/12,Wolves,Chelsea,Away,2,0,3,H,0
2011-12-04,2011/12,Wolves,Sunderland,Home,10,2,1,H,0
2011-12-10,2011/12,Wolves,Man United,Away,8,1,4,H,0
2011-12-17,2011/12,Wolves,Stoke,Home,5,1,2,A,0
2011-12-20,2011/12,Wolves,Norwich,Home,9,2,2,D,0
2011-12-27,2011/12,Wolves,Arsenal,Away,4,1,1,D,1
2011-12-31,2011/12,Wolves,Bolton,Away,5,1,1,D,0
2012-01-02,2011/12,Wolves,Chelsea,Home,5,1,2,A,0
2012-01-14,2011/12,Wolves,Tottenham,Away,3,1,1,D,0
2012-01-21,2011/12,Wolves,Aston Villa,Home,9,2,3,A,1
2012-01-31,2011/12,Wolves,Liverpool,Home,1,0,3,A,0
2012-02-04,2011/12,Wolves,QPR,Away,6,2,1,A,0
2012-02-12,2011/12,Wolves,West Brom,Home,8,1,5,A,0
2012-02-25,2011/12,Wolves,Newcastle,Away,6,2,2,D,0
2012-03-04,2011/12,Wolves,Fulham,Away,3,0,5,H,0
2012-03-10,2011/12,Wolves,Blackburn,Home,7,0,2,A,0
2012-03-18,2011/12,Wolves,Man United,Home,3,0,5,A,1
2012-03-24,2011/12,Wolves,Norwich,Away,6,1,2,H,0
2012-03-31,2011/12,Wolves,Bolton,Home,8,2,3,A,0
2012-04-07,2011/12,Wolves,Stoke,Away,5,1,2,H,0
2012-04-11,2011/12,Wolves,Arsenal,Home,6,0,3,A,1
2012-04-14,2011/12,Wolves,Sunderland,Away,8,0,0,D,0
2012-04-22,2011/12,Wolves,Man City,Home,4,0,2,A,0
2012-04-28,2011/12,Wolves,Swansea,Away,9,4,4,D,0
2012-05-06,2011/12,Wolves,Everton,Home,1,0,0,D,0
2012-05-13,2011/12,Wolves,Wigan,Away,7,2,3,H,0
2018-08-11,2018/19,Wolves,Everton,Home,4,2,2,D,0
2018-08-18,2018/19,Wolves,Leicester,Away,3,0,2,H,0
2018-08-25,2018/19,Wolves,Man City,Home,2,1,1,D,0
2018-09-01,2018/19,Wolves,West Ham,Away,6,1,0,A,0
2018-09-16,2018/19,Wolves,Burnley,Home,7,1,0,H,0
2018-09-22,2018/19,Wolves,Man United,Away,8,1,1,D,0
2018-09-29,2018/19,Wolves,Southampton,Home,6,2,0,H,0
2018-10-06,2018/19,Wolves,Crystal Palace,Away,2,1,0,A,0
2018-10-20,2018/19,Wolves,Watford,Home,1,0,2,A,0
2018-10-27,2018/19,Wolves,Brighton,Away,7,0,1,H,0
2018-11-03,2018/19,Wolves,Tottenham,Home,7,2,3,A,0
2018-11-11,2018/19,Wolves,Arsenal,Away,5,1,1,D,0
2018-11-25,2018/19,Wolves,Huddersfield,Home,3,0,2,A,0
2018-11-30,2018/19,Wolves,Cardiff,Away,4,1,2,H,0
2018-12-05,2018/19,Wolves,Chelsea,Home,2,2,1,H,0
2018-12-09,2018/19,Wolves,Newcastle,Away,6,2,1,A,0
2018-12-15,2018/19,Wolves,Bournemouth,Home,3,2,0,H,0
2018-12-21,2018/19,Wolves,Liverpool,Home,5,0,2,A,0
2018-12-26,2018/19,Wolves,Fulham,Away,5,1,1,D,0
2018-12-29,2018/19,Wolves,Tottenham,Away,4,3,1,A,0
2019-01-02,2018/19,Wolves,Crystal Palace,Home,1,0,2,A,0
2019-01-14,2018/19,Wolves,Man City,Away,0,0,3,H,1
2019-01-19,2018/19,Wolves,Leicester,Home,7,4,3,H,0
2019-01-29,2018/19,Wolves,West Ham,Home,9,3,0,H,0
2019-02-02,2018/19,Wolves,Everton,Away,4,3,1,A,0
2019-02-11,2018/19,Wolves,Newcastle,Home,6,1,1,D,0
2019-02-23,2018/19,Wolves,Bournemouth,Away,2,1,1,D,0
2019-02-26,2018/19,Wolves,Huddersfield,Away,0,0,1,H,0
2019-03-02,2018/19,Wolves,Cardiff,Home,6,2,0,H,0
2019-03-10,2018/19,Wolves,Chelsea,Away,1,1,1,D,0
2019-03-30,2018/19,Wolves,Burnley,Away,1,0,2,H,0
2019-04-02,2018/19,Wolves,Man United,Home,2,2,1,H,0
2019-04-13,2018/19,Wolves,Southampton,Away,2,1,3,H,0
2019-04-20,2018/19,Wolves,Brighton,Home,5,0,0,D,0
2019-04-24,2018/19,Wolves,Arsenal,Home,3,3,1,H,0
2019-04-27,2018/19,Wolves,Watford,Away,4,2,1,A,0
2019-05-04,2018/19,Wolves,Fulham,Home,6,1,0,H,0
2019-05-12,2018/19,Wolves,Liverpool,Away,2,0,2,H,0
2019-08-11,2019/20,Wolves,Leicester,Away,2,0,0,D,0
2019-08-19,2019/20,Wolves,Man United,Home,2,1,1,D,0
2019-08-25,2019/20,Wolves,Burnley,Home,2,1,1,D,0
2019-09-01,2019/20,Wolves,Everton,Away,5,2,3,H,1
2019-09-14,2019/20,Wolves,Chelsea,Home,4,2,5,A,0
2019-09-22,2019/20,Wolves,Crystal Palace,Away,4,1,1,D,1
2019-09-28,2019/20,Wolves,Watford,Home,2,2,0,H,0
2019-10-06,2019/20,Wolves,Man City,Away,2,2,0,A,0
2019-10-19,2019/20,Wolves,Southampton,Home,1,1,1,D,0
2019-10-27,2019/20,Wolves,Newcastle,Away,5,1,1,D,0
2019-11-02,2019/20,Wolves,Arsenal,Away,8,1,1,D,0
2019-11-10,2019/20,Wolves,Aston Villa,Home,5,2,1,H,0
2019-11-23,2019/20,Wolves,Bournemouth,Away,7,2,1,A,0
2019-12-01,2019/20,Wolves,Sheffield United,Home,3,1,1,D,0
2019-12-04,2019/20,Wolves,West Ham,Home,7,2,0,H,0
2019-12-08,2019/20,Wolves,Brighton,Away,5,2,2,D,0
2019-12-15,2019/20,Wolves,Tottenham,Home,5,1,2,A,0
2019-12-21,2019/20,Wolves,Norwich,Away,4,2,1,A,0
2019-12-27,2019/20,Wolves,Man City,Home,8,3,2,H,0
2019-12-29,2019/20,Wolves,Liverpool,Away,2,0,1,H,0
2020-01-01,2019/20,Wolves,Watford,Away,4,1,2,H,0
2020-01-11,2019/20,Wolves,Newcastle,Home,4,1,1,D,0
2020-01-18,2019/20,Wolves,Southampton,Away,4,3,2,A,0
2020-01-23,2019/20,Wolves,Liverpool,Home,3,1,2,A,0
2020-02-01,2019/20,Wolves,Man United,Away,3,0,0,D,0
2020-02-14,2019/20,Wolves,Leicester,Home,3,0,0,D,0
2020-02-23,2019/20,Wolves,Norwich,Home,6,3,0,H,0
2020-03-01,2019/20,Wolves,Tottenham,Away,4,3,2,A,0
2020-03-07,2019/20,Wolves,Brighton,Home,1,0,0,D,0
2020-06-20,2019/20,Wolves,West Ham,Away,6,2,0,A,0
2020-06-24,2019/20,Wolves,Bournemouth,Home,2,1,0,H,0
2020-06-27,2019/20,Wolves,Aston Villa,Away,2,1,0,A,0
2020-07-04,2019/20,Wolves,Arsenal,Home,1,0,2,A,0
2020-07-08,2019/20,Wolves,Sheffield United,Away,1,0,1,H,0
2020-07-12,2019/20,Wolves,Everton,Home,7,3,0,H,0
2020-07-15,2019/20,Wolves,Burnley,Away,5,1,1,D,0
2020-07-20,2019/20,Wolves,Crystal Palace,Home,5,2,0,H,0
2020-07-26,2019/20,Wolves,Chelsea,Away,1,0,2,H,0
2020-09-14,2020/21,Wolves,Sheffield United,Away,4,2,0,A,0
2020-09-21,2020/21,Wolves,Man City,Home,1,1,3,A,0
2020-09-27,2020/21,Wolves,West Ham,Away,2,0,4,H,0
2020-10-04,2020/21,Wolves,Fulham,Home,5,1,0,H,0
2020-10-19,2020/21,Wolves,Leeds,Away,3,1,0,A,0
2020-10-25,2020/21,Wolves,Newcastle,Home,3,1,1,D,0
2020-10-30,2020/21,Wolves,Crystal Palace,Home,5,2,0,H,0
2020-11-08,2020/21,Wolves,Leicester,Away,2,0,1,H,0
2020-11-23,2020/21,Wolves,Southampton,Home,9,1,1,D,0
2020-11-29,2020/21,Wolves,Arsenal,Away,5,2,1,A,0
2020-12-06,2020/21,Wolves,Liverpool,Away,3,0,4,H,0
2020-12-12,2020/21,Wolves,Aston Villa,Home,7,0,1,A,0
2020-12-15,2020/21,Wolves,Chelsea,Home,4,2,1,H,0
2020-12-21,2020/21,Wolves,Burnley,Away,3,1,2,H,0
2020-12-27,2020/21,Wolves,Tottenham,Home,6,1,1,D,0
2020-12-29,2020/21,Wolves,Man United,Away,5,0,1,H,0
2021-01-02,2020/21,Wolves,Brighton,Away,4,3,3,D,0
2021-01-12,2020/21,Wolves,Everton,Home,3,1,2,A,0
2021-01-16,2020/21,Wolves,West Brom,Home,6,2,3,A,0
2021-01-27,2020/21,Wolves,Chelsea,Away,0,0,0,D,0
2021-01-30,2020/21,Wolves,Crystal Palace,Away,4,0,1,H,0
2021-02-02,2020/21,Wolves,Arsenal,Home,7,2,1,H,0
2021-02-07,2020/21,Wolves,Leicester,Home,1,0,0,D,0
2021-02-14,2020/21,Wolves,Southampton,Away,4,2,1,A,0
2021-02-19,2020/21,Wolves,Leeds,Home,5,1,0,H,0
2021-02-27,2020/21,Wolves,Newcastle,Away,4,1,1,D,0
2021-03-02,2020/21,Wolves,Man City,Away,1,1,4,H,0
2021-03-06,2020/21,Wolves,Aston Villa,Away,2,0,0,D,0
2021-03-15,2020/21,Wolves,Liverpool,Home,5,0,1,A,0
2021-04-05,2020/21,Wolves,West Ham,Home,5,2,3,A,0
2021-04-09,2020/21,Wolves,Fulham,Away,3,1,0,A,0
2021-04-17,2020/21,Wolves,Sheffield United,Home,5,1,0,H,0
2021-04-25,2020/21,Wolves,Burnley,Home,2,0,4,A,0
2021-05-03,2020/21,Wolves,West Brom,Away,10,1,1,D,0
2021-05-09,2020/21,Wolves,Brighton,Home,6,2,1,H,0
2021-05-16,2020/21,Wolves,Tottenham,Away,3,0,2,H,0
2021-05-19,2020/21,Wolves,Everton,Away,3,0,1,H,0
2021-05-23,2020/21,Wolves,Man United,Home,4,1,2,A,0
2021-08-14,2021/22,Wolves,Leicester,Away,3,0,1,H,0
2021-08-22,2021/22,Wolves,Tottenham,Home,6,0,1,A,0
2021-08-29,2021/22,Wolves,Man United,Home,6,0,1,A,0
2021-09-11,2021/22,Wolves,Watford,Away,5,2,0,A,0
2021-09-18,2021/22,Wolves,Brentford,Home,0,0,2,A,0
2021-09-26,2021/22,Wolves,Southampton,Away,3,1,0,A,0
2021-10-02,2021/22,Wolves,Newcastle,Home,3,2,1,H,0
2021-10-16,2021/22,Wolves,Aston Villa,Away,4,3,2,A,0
2021-10-23,2021/22,Wolves,Leeds,Away,4,1,1,D,0
2021-11-01,2021/22,Wolves,Everton,Home,4,2,1,H,0
2021-11-06,2021/22,Wolves,Crystal Palace,Away,2,0,2,H,0
2021-11-20,2021/22,Wolves,West Ham,Home,5,1,0,H,0
2021-11-27,2021/22,Wolves,Norwich,Away,2,0,0,D,0
2021-12-01,2021/22,Wolves,Burnley,Home,2,0,0,D,0
2021-12-04,2021/22,Wolves,Liverpool,Home,1,0,1,A,0
2021-12-11,2021/22,Wolves,Man City,Away,1,0,1,H,1
2021-12-15,2021/22,Wolves,Brighton,Away,5,1,0,A,0
2021-12-19,2021/22,Wolves,Chelsea,Home,1,0,0,D,0
2022-01-03,2021/22,Wolves,Man United,Away,6,1,0,A,0
2022-01-15,2021/22,Wolves,Southampton,Home,5,3,1,H,0
2022-01-22,2021/22,Wolves,Brentford,Away,2,2,1,A,0
2022-02-10,2021/22,Wolves,Arsenal,Home,4,0,1,A,0
2022-02-13,2021/22,Wolves,Tottenham,Away,7,2,0,A,0
2022-02-20,2021/22,Wolves,Leicester,Home,3,2,1,H,0
2022-02-24,2021/22,Wolves,Arsenal,Away,2,1,2,H,0
2022-02-27,2021/22,Wolves,West Ham,Away,1,0,1,H,0
2022-03-05,2021/22,Wolves,Crystal Palace,Home,5,0,2,A,0
2022-03-10,2021/22,Wolves,Watford,Home,5,4,0,H,0
2022-03-13,2021/22,Wolves,Everton,Away,3,1,0,A,0
2022-03-18,2021/22,Wolves,Leeds,Home,8,2,3,A,1
2022-04-02,2021/22,Wolves,Aston Villa,Home,5,2,1,H,0
2022-04-08,2021/22,Wolves,Newcastle,Away,2,0,1,H,0
2022-04-24,2021/22,Wolves,Burnley,Away,4,0,1,H,0
2022-04-30,2021/22,Wolves,Brighton,Home,1,0,3,A,0
2022-05-07,2021/22,Wolves,Chelsea,Away,4,2,2,D,0
2022-05-11,2021/22,Wolves,Man City,Home,3,1,5,A,0
2022-05-15,2021/22,Wolves,Norwich,Home,4,1,1,D,0
2022-05-22,2021/22,Wolves,Liverpool,Away,5,1,3,H,0
2022-08-06,2022/23,Wolves,Leeds,Away,6,1,2,H,0
2022-08-13,2022/23,Wolves,Fulham,Home,1,0,0,D,0
2022-08-20,2022/23,Wolves,Tottenham,Away,3,0,1,H,0
2022-08-28,2022/23,Wolves,Newcastle,Home,4,1,1,D,0
2022-08-31,2022/23,Wolves,Bournemouth,Away,4,0,0,D,0
2022-09-03,2022/23,Wolves,Southampton,Home,2,1,0,H,0
2022-09-17,2022/23,Wolves,Man City,Home,1,0,3,A,1
2022-10-01,2022/23,Wolves,West Ham,Away,4,0,2,H,0
2022-10-08,2022/23,Wolves,Chelsea,Away,2,0,3,H,0
2022-10-15,2022/23,Wolves,Nott'm Forest,Home,2,1,0,H,0
2022-10-18,2022/23,Wolves,Crystal Palace,Away,4,1,2,H,0
2022-10-23,2022/23,Wolves,Leicester,Home,5,0,4,A,0
2022-10-29,2022/23,Wolves,Brentford,Away,4,1,1,D,1
2022-11-05,2022/23,Wolves,Brighton,Home,5,2,3,A,1
2022-11-12,2022/23,Wolves,Arsenal,Home,2,0,2,A,0
2022-12-26,2022/23,Wolves,Everton,Away,4,2,1,A,0
2022-12-31,2022/23,Wolves,Man United,Home,3,0,1,A,0
2023-01-04,2022/23,Wolves,Aston Villa,Away,3,1,1,D,0
2023-01-14,2022/23,Wolves,West Ham,Home,4,1,0,H,0
2023-01-22,2022/23,Wolves,Man City,Away,1,0,3,H,0
2023-02-04,2022/23,Wolves,Liverpool,Home,6,3,0,H,0
2023-02-11,2022/23,Wolves,Southampton,Away,2,2,1,A,1
2023-02-18,2022/23,Wolves,Bournemouth,Home,4,0,1,A,0
2023-02-24,2022/23,Wolves,Fulham,Away,2,1,1,D,0
2023-03-01,2022/23,Wolves,Liverpool,Away,1,0,2,H,0
2023-03-04,2022/23,Wolves,Tottenham,Home,5,1,0,H,0
2023-03-12,2022/23,Wolves,Newcastle,Away,4,1,2,H,0
2023-03-18,2022/23,Wolves,Leeds,Home,8,2,4,A,1
2023-04-01,2022/23,Wolves,Nott'm Forest,Away,1,1,1,D,0
2023-04-08,2022/23,Wolves,Chelsea,Home,4,1,0,H,0
2023-04-15,2022/23,Wolves,Brentford,Home,9,2,0,H,0
2023-04-22,2022/23,Wolves,Leicester,Away,3,1,2,H,0
2023-04-25,2022/23,Wolves,Crystal Palace,Home,3,2,0,H,0
2023-04-29,2022/23,Wolves,Brighton,Away,2,0,6,H,0
2023-05-06,2022/23,Wolves,Aston Villa,Home,2,1,0,H,0
2023-05-13,2022/23,Wolves,Man United,Away,0,0,2,H,0
2023-05-20,2022/23,Wolves,Everton,Home,5,1,1,D,0
2023-05-28,2022/23,Wolves,Arsenal,Away,0,0,5,H,0
2023-08-14,2023/24,Wolves,Man United,Away,6,0,1,H,0
2023-08-19,2023/24,Wolves,Brighton,Home,5,1,4,A,1
2023-08-26,2023/24,Wolves,Everton,Away,2,1,0,A,0
2023-09-03,2023/24,Wolves,Crystal Palace,Away,4,2,3,H,0
2023-09-16,2023/24,Wolves,Liverpool,Home,2,1,3,A,0
2023-09-23,2023/24,Wolves,Luton,Away,3,1,1,D,1
2023-09-30,2023/24,Wolves,Man City,Home,1,2,1,H,0
2023-10-08,2023/24,Wolves,Aston Villa,Home,3,1,1,D,1
2023-10-21,2023/24,Wolves,Bournemouth,Away,7,2,1,A,0
2023-10-28,2023/24,Wolves,Newcastle,Home,6,2,2,D,0
2023-11-04,2023/24,Wolves,Sheffield United,Away,3,1,2,H,0
2023-11-11,2023/24,Wolves,Tottenham,Home,4,2,1,H,0
2023-11-27,2023/24,Wolves,Fulham,Away,6,2,3,H,0
2023-12-02,2023/24,Wolves,Arsenal,Away,3,1,2,H,0
2023-12-05,2023/24,Wolves,Burnley,Home,4,1,0,H,0
2023-12-09,2023/24,Wolves,Nott'm Forest,Home,4,1,1,D,0
2023-12-17,2023/24,Wolves,West Ham,Away,3,0,3,H,0
2023-12-24,2023/24,Wolves,Chelsea,Home,6,2,1,H,0
2023-12-27,2023/24,Wolves,Brentford,Away,5,4,1,A,0
2023-12-30,2023/24,Wolves,Everton,Home,6,3,0,H,0
2024-01-22,2023/24,Wolves,Brighton,Away,3,0,0,D,0
2024-02-01,2023/24,Wolves,Man United,Home,7,3,4,A,0
2024-02-04,2023/24,Wolves,Chelsea,Away,7,4,2,A,0
2024-02-10,2023/24,Wolves,Brentford,Home,5,0,2,A,0
2024-02-17,2023/24,Wolves,Tottenham,Away,7,2,1,A,0
2024-02-25,2023/24,Wolves,Sheffield United,Home,2,1,0,H,0
2024-03-02,2023/24,Wolves,Newcastle,Away,3,0,3,H,0
2024-03-09,2023/24,Wolves,Fulham,Home,3,2,1,H,0
2024-03-30,2023/24,Wolves,Aston Villa,Away,3,0,2,H,0
2024-04-02,2023/24,Wolves,Burnley,Away,2,1,1,D,0
2024-04-06,2023/24,Wolves,West Ham,Home,7,1,2,A,0
2024-04-13,2023/24,Wolves,Nott'm Forest,Away,4,2,2,D,0
2024-04-20,2023/24,Wolves,Arsenal,Home,3,0,2,A,0
2024-04-24,2023/24,Wolves,Bournemouth,Home,4,0,1,A,0
2024-04-27,2023/24,Wolves,Luton,Home,5,2,1,H,0
2024-05-04,2023/24,Wolves,Man City,Away,1,1,5,H,0
2024-05-11,2023/24,Wolves,Crystal Palace,Home,7,1,3,A,0
2024-05-19,2023/24,Wolves,Liverpool,Away,3,0,2,H,1
2024-08-17,2024/25,Wolves,Arsenal,Away,3,0,2,H,0
2024-08-25,2024/25,Wolves,Chelsea,Home,4,2,6,A,0
2024-08-31,2024/25,Wolves,Nott'm Forest,Away,3,1,1,D,0
2024-09-15,2024/25,Wolves,Newcastle,Home,5,1,2,A,0
2024-09-21,2024/25,Wolves,Aston Villa,Away,4,1,3,H,0
2024-09-28,2024/25,Wolves,Liverpool,Home,3,1,2,A,0
2024-10-05,2024/25,Wolves,Brentford,Away,6,3,5,H,0
2024-10-20,2024/25,Wolves,Man City,Home,2,1,2,A,0
2024-10-26,2024/25,Wolves,Brighton,Away,7,2,2,D,0
2024-11-02,2024/25,Wolves,Crystal Palace,Home,6,2,2,D,0
2024-11-09,2024/25,Wolves,Southampton,Home,4,2,0,H,0
2024-11-23,2024/25,Wolves,Fulham,Away,5,4,1,A,0
2024-11-30,2024/25,Wolves,Bournemouth,Home,3,2,4,A,0
2024-12-04,2024/25,Wolves,Everton,Away,2,0,4,H,0
2024-12-09,2024/25,Wolves,West Ham,Away,5,1,2,H,0
2024-12-14,2024/25,Wolves,Ipswich,Home,6,1,2,A,1
2024-12-22,2024/25,Wolves,Leicester,Away,4,3,0,A,0
2024-12-26,2024/25,Wolves,Man United,Home,4,2,0,H,0
2024-12-29,2024/25,Wolves,Tottenham,Away,3,2,2,D,0
2025-01-06,2024/25,Wolves,Nott'm Forest,Home,6,0,3,A,0
2025-01-15,2024/25,Wolves,Newcastle,Away,7,0,3,H,0
2025-01-20,2024/25,Wolves,Chelsea,Away,4,1,3,H,0
2025-01-25,2024/25,Wolves,Arsenal,Home,4,0,1,A,1
2025-02-01,2024/25,Wolves,Aston Villa,Home,5,2,0,H,0
2025-02-16,2024/25,Wolves,Liverpool,Away,4,1,2,H,0
2025-02-22,2024/25,Wolves,Bournemouth,Away,5,1,0,A,0
2025-02-25,2024/25,Wolves,Fulham,Home,5,1,2,A,0
2025-03-08,2024/25,Wolves,Everton,Home,3,1,1,D,0
2025-03-15,2024/25,Wolves,Southampton,Away,3,2,1,A,0
2025-04-01,2024/25,Wolves,West Ham,Home,2,1,0,H,0
2025-04-05,2024/25,Wolves,Ipswich,Away,7,2,1,A,0
2025-04-13,2024/25,Wolves,Tottenham,Home,5,4,2,H,0
2025-04-20,2024/25,Wolves,Man United,Away,2,1,0,A,0
2025-04-26,2024/25,Wolves,Leicester,Home,6,3,0,H,0
2025-05-02,2024/25,Wolves,Man City,Away,1,0,1,H,0
