MatchDate,Season,Team,Opponent,Venue,Shots,GoalsFor,GoalsAgainst,Result,RedCard
01/03/17,1617,Alaves,Granada,Away,5,1,2,H,2
01/03/18,1718,Alaves,Levante,Home,5,1,0,H,1
01/04/18,1718,Alaves,Espanol,Away,4,0,0,D,0
01/05/2021,2021,Alaves,Eibar,Away,2,0,3,H,0
01/07/2020,1920,Alaves,Granada,Home,4,0,2,A,0
01/09/2024,2425,Alaves,Las Palmas,Home,5,2,0,H,0
01/10/16,1617,Alaves,Sevilla,Away,1,1,2,H,0
01/10/2021,2122,Alaves,Ath Bilbao,Away,5,0,1,H,0
01/10/2023,2324,Alaves,Osasuna,Home,3,0,2,A,1
01/11/2024,2425,Alaves,Mallorca,Home,3,1,0,H,0
02/01/2022,2122,Alaves,Sociedad,Home,5,1,1,D,0
02/01/2024,2324,Alaves,Sociedad,Away,2,1,1,D,0
02/02/2020,1920,Alaves,Sevilla,Away,3,1,1,D,0
02/02/2025,2425,Alaves,Barcelona,Away,0,0,1,H,0
02/03/2019,1819,Alaves,Villarreal,Away,2,2,1,A,0
02/03/2025,2425,Alaves,Mallorca,Away,7,1,1,D,0
02/04/06,506,Alaves,Ath Bilbao,Home,2,0,0,D,0
02/04/17,1617,Alaves,Real Madrid,Away,3,0,3,H,0
02/04/2022,2122,Alaves,Ath Madrid,Away,1,1,4,H,0
02/05/2026,2526,Alaves,Ath Bilbao,Home,4,2,4,A,0
02/09/2018,1819,Alaves,Espanol,Home,5,2,1,H,0
02/09/2023,2324,Alaves,Valencia,Home,1,1,0,H,0
02/10/05,506,Alaves,Santander,Away,3,2,1,A,0
02/11/2025,2526,Alaves,Espanol,Home,4,2,1,H,1
02/12/2018,1819,Alaves,Sevilla,Home,3,1,1,D,0
03/01/2021,2021,Alaves,Ath Madrid,Home,1,1,2,A,1
03/02/18,1718,Alaves,Celta,Home,3,2,1,H,0
03/02/2019,1819,Alaves,Real Madrid,Away,1,0,3,H,0
03/02/2024,2324,Alaves,Barcelona,Home,2,1,3,A,0
03/05/06,506,Alaves,Betis,Home,5,2,0,H,1
03/05/2025,2425,Alaves,Ath Madrid,Home,2,0,0,D,0
03/11/2019,1920,Alaves,Osasuna,Away,3,2,4,H,0
03/12/2021,2122,Alaves,Granada,Away,2,1,2,H,0
03/12/2023,2324,Alaves,Mallorca,Away,4,0,0,D,0
04/01/2026,2526,Alaves,Oviedo,Home,7,1,1,D,1
04/03/06,506,Alaves,Villarreal,Away,2,2,3,H,0
04/03/18,1718,Alaves,Sociedad,Away,1,1,2,H,0
04/03/2022,2122,Alaves,Sevilla,Home,2,0,0,D,0
04/03/2024,2324,Alaves,Osasuna,Away,4,0,1,H,0
04/04/2019,1819,Alaves,Sevilla,Away,2,0,2,H,0
04/04/2021,2021,Alaves,Celta,Home,7,1,3,A,0
04/05/2019,1819,Alaves,Sociedad,Home,6,0,1,A,0
04/07/2020,1920,Alaves,Valladolid,Away,0,0,1,H,0
04/10/2020,2021,Alaves,Ath Bilbao,Home,3,1,0,H,1
04/11/17,1718,Alaves,Espanol,Home,6,1,0,H,0
04/11/2018,1819,Alaves,Eibar,Away,3,1,2,H,1
04/12/05,506,Alaves,Mallorca,Home,3,0,3,A,0
04/12/16,1617,Alaves,Las Palmas,Home,2,1,1,D,0
04/12/17,1718,Alaves,Girona,Away,4,3,2,A,0
05/01/2019,1819,Alaves,Valencia,Home,5,2,1,H,0
05/01/2020,1920,Alaves,Betis,Home,1,1,1,D,0
05/02/06,506,Alaves,Getafe,Away,3,2,2,D,0
05/02/17,1617,Alaves,Sp Gijon,Away,7,4,2,A,0
05/02/2021,2021,Alaves,Valladolid,Home,5,1,0,H,0
05/02/2022,2122,Alaves,Elche,Away,2,1,3,H,0
05/04/17,1617,Alaves,Osasuna,Home,3,0,1,A,0
05/04/2025,2425,Alaves,Girona,Away,3,1,0,A,0
05/04/2026,2526,Alaves,Osasuna,Home,6,2,2,D,0
05/05/2024,2324,Alaves,Valencia,Away,4,1,0,A,0
05/10/2019,1920,Alaves,Valencia,Away,4,1,2,H,0
05/10/2025,2526,Alaves,Elche,Home,5,3,1,H,0
05/11/16,1617,Alaves,Osasuna,Away,3,1,0,A,0
05/11/2023,2324,Alaves,Almeria,Home,3,1,0,H,0
06/03/17,1617,Alaves,Sevilla,Home,4,1,1,D,0
06/03/2020,1920,Alaves,Valencia,Home,2,1,1,D,0
06/05/18,1718,Alaves,Malaga,Away,7,3,0,A,0
06/10/2018,1819,Alaves,Real Madrid,Home,4,1,0,H,0
06/10/2024,2425,Alaves,Barcelona,Home,2,0,3,A,0
06/11/05,506,Alaves,Celta,Away,2,1,2,H,0
06/11/2021,2122,Alaves,Levante,Home,3,2,1,H,0
06/12/2020,2021,Alaves,Sociedad,Home,1,0,0,D,1
06/12/2025,2526,Alaves,Sociedad,Home,3,1,0,H,0
07/01/18,1718,Alaves,Ath Bilbao,Away,1,0,2,H,0
07/02/2020,1920,Alaves,Eibar,Home,5,2,1,H,0
07/04/18,1718,Alaves,Getafe,Home,2,2,0,H,0
07/04/2019,1819,Alaves,Leganes,Home,1,1,1,D,0
07/05/06,506,Alaves,Zaragoza,Away,4,0,3,H,0
07/05/17,1617,Alaves,Ath Bilbao,Home,3,1,0,H,0
07/05/2022,2122,Alaves,Celta,Away,1,0,4,H,1
07/12/2019,1920,Alaves,Granada,Away,1,0,3,H,2
08/01/06,506,Alaves,Zaragoza,Home,5,0,2,A,0
08/01/17,1617,Alaves,Ath Bilbao,Away,4,0,0,D,0
08/02/2026,2526,Alaves,Getafe,Home,5,0,2,A,0
08/03/2021,2021,Alaves,Betis,Away,3,2,3,H,0
08/03/2025,2425,Alaves,Villarreal,Home,3,1,0,H,2
08/03/2026,2526,Alaves,Valencia,Away,4,2,3,H,2
08/04/17,1617,Alaves,Espanol,Away,0,0,1,H,0
08/05/2021,2021,Alaves,Levante,Home,5,2,2,D,0
08/10/2023,2324,Alaves,Betis,Home,5,1,1,D,0
08/11/2020,2021,Alaves,Levante,Away,2,1,1,D,1
08/11/2025,2526,Alaves,Girona,Away,5,0,1,H,0
08/12/17,1718,Alaves,Las Palmas,Home,9,2,0,H,0
08/12/2018,1819,Alaves,Ath Madrid,Away,3,0,3,H,0
08/12/2024,2425,Alaves,Osasuna,Away,3,2,2,D,0
09/01/2022,2122,Alaves,Ath Bilbao,Home,1,0,0,D,0
09/02/2025,2425,Alaves,Getafe,Home,4,0,1,A,0
09/03/2019,1819,Alaves,Eibar,Home,3,1,1,D,0
09/04/06,506,Alaves,Osasuna,Home,7,1,2,A,0
09/05/2026,2526,Alaves,Elche,Away,4,1,1,D,0
09/11/2019,1920,Alaves,Valladolid,Home,5,3,0,H,0
09/11/2024,2425,Alaves,Villarreal,Away,3,0,3,H,0
09/12/2023,2324,Alaves,Las Palmas,Home,5,0,1,A,0
10/01/2021,2021,Alaves,Cadiz,Away,2,1,3,H,1
10/01/2026,2526,Alaves,Villarreal,Away,5,1,3,H,0
10/02/18,1718,Alaves,Villarreal,Away,4,2,1,A,0
10/02/2024,2324,Alaves,Villarreal,Home,4,1,1,D,0
10/03/2024,2324,Alaves,Vallecano,Home,4,1,0,H,0
10/04/2021,2021,Alaves,Ath Bilbao,Away,0,0,0,D,0
10/04/2022,2122,Alaves,Osasuna,Away,2,0,1,H,0
10/05/2024,2324,Alaves,Girona,Home,8,2,2,D,0
10/07/2020,1920,Alaves,Real Madrid,Away,4,0,2,H,0
10/09/16,1617,Alaves,Barcelona,Away,4,2,1,A,0
10/09/17,1718,Alaves,Celta,Away,3,0,1,H,0
11/01/2025,2425,Alaves,Girona,Home,2,0,1,A,0
11/02/17,1617,Alaves,Barcelona,Home,4,0,6,A,0
11/02/2019,1819,Alaves,Levante,Home,4,2,0,H,0
11/03/17,1617,Alaves,Malaga,Away,2,2,1,A,1
11/04/2026,2526,Alaves,Sociedad,Away,2,3,3,D,0
11/05/2021,2021,Alaves,Elche,Away,2,2,0,A,0
11/05/2022,2122,Alaves,Espanol,Home,9,2,1,H,0
11/05/2025,2425,Alaves,Ath Bilbao,Away,1,0,1,H,0
11/09/05,506,Alaves,Sociedad,Away,3,1,2,H,0
11/11/2018,1819,Alaves,Huesca,Home,5,2,1,H,0
11/12/05,506,Alaves,Ath Madrid,Away,6,1,1,D,0
11/12/16,1617,Alaves,Eibar,Away,3,0,0,D,0
11/12/2021,2122,Alaves,Getafe,Home,1,1,1,D,1
12/01/2019,1819,Alaves,Girona,Away,4,1,1,D,0
12/01/2024,2324,Alaves,Sevilla,Away,8,3,2,A,0
12/02/06,506,Alaves,Malaga,Home,5,3,2,H,0
12/03/06,506,Alaves,Sevilla,Home,5,2,1,H,2
12/03/18,1718,Alaves,Betis,Home,1,1,3,A,0
12/05/18,1718,Alaves,Ath Bilbao,Home,3,3,1,H,0
12/05/2019,1819,Alaves,Valencia,Away,3,1,3,H,0
12/11/2023,2324,Alaves,Barcelona,Away,1,1,2,H,0
12/12/2020,2021,Alaves,Huesca,Away,1,0,1,H,0
13/02/2021,2021,Alaves,Barcelona,Away,2,1,5,H,0
13/02/2022,2122,Alaves,Valencia,Home,5,2,1,H,0
13/03/2021,2021,Alaves,Cadiz,Home,3,1,1,D,1
13/03/2022,2122,Alaves,Sociedad,Away,4,0,1,H,0
13/03/2026,2526,Alaves,Villarreal,Home,0,1,1,D,0
13/04/2019,1819,Alaves,Espanol,Away,3,1,2,H,0
13/04/2025,2425,Alaves,Real Madrid,Home,6,0,1,A,1
13/05/06,506,Alaves,La Coruna,Home,8,1,0,H,0
13/05/2026,2526,Alaves,Barcelona,Home,3,1,0,H,0
13/06/2020,1920,Alaves,Espanol,Away,0,0,2,H,1
13/07/2020,1920,Alaves,Getafe,Home,1,0,0,D,0
13/09/2020,2021,Alaves,Betis,Home,2,0,1,A,0
13/09/2025,2526,Alaves,Ath Bilbao,Away,2,1,0,A,0
13/12/2019,1920,Alaves,Leganes,Home,3,1,1,D,0
14/01/18,1718,Alaves,Sevilla,Home,3,1,0,H,1
14/02/2026,2526,Alaves,Sevilla,Away,1,1,1,D,0
14/03/2025,2425,Alaves,Las Palmas,Away,3,2,2,D,0
14/04/2024,2324,Alaves,Granada,Away,3,0,2,H,0
14/05/17,1617,Alaves,Celta,Home,4,3,1,H,0
14/05/2024,2324,Alaves,Real Madrid,Away,10,0,5,H,0
14/05/2025,2425,Alaves,Valencia,Home,5,1,0,H,0
14/08/2021,2122,Alaves,Real Madrid,Home,4,1,4,A,0
14/08/2023,2324,Alaves,Cadiz,Away,2,0,1,H,0
14/09/2024,2425,Alaves,Espanol,Away,6,2,3,H,0
14/10/17,1718,Alaves,Sociedad,Home,0,0,2,A,0
14/12/2025,2526,Alaves,Real Madrid,Home,2,1,2,A,0
15/01/06,506,Alaves,La Coruna,Away,5,2,0,A,0
15/01/17,1617,Alaves,Celta,Away,1,0,1,H,1
15/02/2020,1920,Alaves,Mallorca,Away,0,0,1,H,0
15/02/2025,2425,Alaves,Leganes,Away,7,3,3,D,0
15/04/06,506,Alaves,Mallorca,Away,2,0,0,D,0
15/04/18,1718,Alaves,Eibar,Away,1,1,0,A,0
15/05/2022,2122,Alaves,Levante,Away,2,1,3,H,0
15/09/2019,1920,Alaves,Sevilla,Home,0,0,1,A,0
15/09/2023,2324,Alaves,Vallecano,Away,1,0,2,H,0
15/10/05,506,Alaves,Villarreal,Home,4,1,1,D,0
15/12/2024,2425,Alaves,Ath Bilbao,Home,3,1,1,D,0
16/03/2019,1819,Alaves,Huesca,Away,5,3,1,A,0
16/03/2024,2324,Alaves,Ath Bilbao,Away,3,0,2,H,0
16/04/2022,2122,Alaves,Vallecano,Home,5,1,0,H,0
16/05/2021,2021,Alaves,Granada,Home,9,4,2,H,0
16/07/2020,1920,Alaves,Betis,Away,5,2,1,A,1
16/08/2024,2425,Alaves,Celta,Away,2,1,2,H,0
16/08/2025,2526,Alaves,Levante,Home,4,2,1,H,0
16/09/2018,1819,Alaves,Valladolid,Away,4,1,0,A,0
16/10/16,1617,Alaves,Malaga,Home,4,1,1,D,1
16/12/16,1617,Alaves,Betis,Home,2,1,0,H,0
16/12/17,1718,Alaves,Ath Madrid,Away,0,0,1,H,0
17/02/18,1718,Alaves,La Coruna,Home,3,1,0,H,0
17/02/2019,1819,Alaves,Betis,Away,3,1,1,D,0
17/03/18,1718,Alaves,Valencia,Away,4,1,3,H,0
17/04/17,1617,Alaves,Villarreal,Home,5,2,1,H,0
17/05/2026,2526,Alaves,Oviedo,Away,1,1,0,A,0
17/09/17,1718,Alaves,Villarreal,Home,2,0,3,A,0
17/12/2018,1819,Alaves,Ath Bilbao,Home,2,0,0,D,0
18/01/2019,1819,Alaves,Getafe,Away,0,0,4,H,0
18/01/2020,1920,Alaves,Levante,Away,6,1,0,A,0
18/01/2022,2122,Alaves,Betis,Away,2,0,4,H,0
18/01/2025,2425,Alaves,Betis,Away,5,3,1,A,0
18/01/2026,2526,Alaves,Ath Madrid,Away,0,0,1,H,0
18/02/06,506,Alaves,Real Madrid,Away,3,0,3,H,0
18/02/17,1617,Alaves,La Coruna,Away,4,1,0,A,0
18/02/2024,2324,Alaves,Betis,Away,4,0,0,D,0
18/03/17,1617,Alaves,Sociedad,Home,5,1,0,H,0
18/04/2021,2021,Alaves,Huesca,Home,2,1,0,H,0
18/05/2019,1819,Alaves,Girona,Home,7,2,1,H,0
18/05/2024,2324,Alaves,Getafe,Home,2,1,0,H,0
18/05/2025,2425,Alaves,Valladolid,Away,4,1,0,A,0
18/06/2020,1920,Alaves,Sociedad,Home,7,2,0,H,1
18/08/17,1718,Alaves,Leganes,Away,3,0,1,H,0
18/08/2018,1819,Alaves,Barcelona,Away,0,0,3,H,0
18/08/2019,1920,Alaves,Levante,Home,2,1,0,H,0
18/09/05,506,Alaves,Getafe,Home,5,3,4,A,0
18/09/2021,2122,Alaves,Osasuna,Home,3,0,2,A,0
18/10/2020,2021,Alaves,Elche,Home,2,0,2,A,0
18/10/2021,2122,Alaves,Betis,Home,2,0,1,A,0
18/10/2024,2425,Alaves,Valladolid,Home,4,2,3,A,1
18/11/17,1718,Alaves,Getafe,Away,5,1,4,H,0
18/12/05,506,Alaves,Valencia,Home,3,0,1,A,0
18/12/2021,2122,Alaves,Vallecano,Away,4,0,2,H,0
18/12/2023,2324,Alaves,Girona,Away,2,0,3,H,0
19/01/2021,2021,Alaves,Sevilla,Home,3,1,2,A,0
19/01/2024,2324,Alaves,Cadiz,Home,3,1,0,H,0
19/02/2022,2122,Alaves,Real Madrid,Away,2,0,3,H,0
19/03/06,506,Alaves,Cadiz,Away,5,0,0,D,0
19/03/2022,2122,Alaves,Granada,Home,6,2,3,A,0
19/04/18,1718,Alaves,Girona,Home,5,1,2,A,0
19/04/2019,1819,Alaves,Valladolid,Home,4,2,2,D,0
19/04/2022,2122,Alaves,Mallorca,Away,4,1,2,H,0
19/05/18,1718,Alaves,Sevilla,Away,4,0,1,H,0
19/07/2020,1920,Alaves,Barcelona,Home,0,0,5,A,0
19/09/16,1617,Alaves,La Coruna,Home,1,0,0,D,0
19/10/2018,1819,Alaves,Celta,Away,2,1,0,A,0
20/04/2025,2425,Alaves,Sevilla,Away,3,1,1,D,0
20/05/17,1617,Alaves,Leganes,Away,5,1,1,D,0
20/09/17,1718,Alaves,La Coruna,Away,3,0,1,H,0
20/09/2020,2021,Alaves,Granada,Away,3,1,2,H,0
20/09/2024,2425,Alaves,Sevilla,Home,4,2,1,H,0
20/09/2025,2526,Alaves,Sevilla,Home,5,1,2,A,0
20/10/2019,1920,Alaves,Celta,Home,5,2,0,H,0
20/10/2025,2526,Alaves,Valencia,Home,3,0,0,D,0
20/11/05,506,Alaves,Ath Bilbao,Away,7,2,0,A,0
20/11/16,1617,Alaves,Espanol,Home,4,0,1,A,0
20/11/2021,2122,Alaves,Sevilla,Away,3,2,2,D,0
20/12/2020,2021,Alaves,Celta,Away,2,0,2,H,0
20/12/2025,2526,Alaves,Osasuna,Away,3,0,3,H,0
21/01/17,1617,Alaves,Leganes,Home,3,2,2,D,0
21/01/18,1718,Alaves,Leganes,Home,6,2,2,D,1
21/02/2021,2021,Alaves,Sociedad,Away,2,0,4,H,0
21/03/2021,2021,Alaves,Ath Madrid,Away,3,0,1,H,0
21/04/2021,2021,Alaves,Villarreal,Home,4,2,1,H,0
21/04/2024,2324,Alaves,Ath Madrid,Home,3,2,0,H,0
21/04/2026,2526,Alaves,Real Madrid,Away,5,1,2,H,0
21/06/2020,1920,Alaves,Celta,Away,2,0,6,H,1
21/08/16,1617,Alaves,Ath Madrid,Away,1,1,1,D,0
21/08/2021,2122,Alaves,Mallorca,Home,4,0,1,A,1
21/08/2023,2324,Alaves,Sevilla,Home,7,4,3,H,0
21/09/05,506,Alaves,Malaga,Away,1,0,0,D,0
21/10/17,1718,Alaves,Betis,Away,3,0,2,H,0
21/12/05,506,Alaves,Betis,Away,3,0,3,H,0
21/12/17,1718,Alaves,Malaga,Home,5,1,0,H,0
21/12/2018,1819,Alaves,Sociedad,Away,3,1,0,A,0
21/12/2019,1920,Alaves,Barcelona,Away,3,1,4,H,0
21/12/2021,2122,Alaves,Villarreal,Away,2,2,5,H,0
21/12/2023,2324,Alaves,Real Madrid,Home,2,0,1,A,0
22/01/06,506,Alaves,Barcelona,Away,1,0,2,H,0
22/02/2025,2425,Alaves,Espanol,Home,5,0,1,A,0
22/03/06,506,Alaves,Celta,Home,6,1,0,H,0
22/03/2026,2526,Alaves,Celta,Away,6,4,3,A,0
22/04/06,506,Alaves,Ath Madrid,Home,1,0,1,A,0
22/04/18,1718,Alaves,Las Palmas,Away,7,4,0,A,0
22/05/2022,2122,Alaves,Cadiz,Home,2,0,1,A,0
22/08/2025,2526,Alaves,Betis,Away,5,0,1,H,0
22/09/16,1617,Alaves,Valencia,Away,1,1,2,H,0
22/09/2018,1819,Alaves,Vallecano,Away,7,5,1,A,0
22/09/2019,1920,Alaves,Ath Bilbao,Away,1,0,2,H,0
22/09/2021,2122,Alaves,Espanol,Away,2,0,1,H,0
22/09/2023,2324,Alaves,Ath Bilbao,Home,5,0,2,A,0
22/10/05,506,Alaves,Sevilla,Away,3,0,2,H,0
22/10/16,1617,Alaves,Sociedad,Away,3,0,3,H,0
22/10/2023,2324,Alaves,Villarreal,Away,7,1,1,D,0
22/11/2020,2021,Alaves,Valencia,Home,3,2,2,D,0
22/11/2025,2526,Alaves,Celta,Home,2,0,1,A,0
22/12/2024,2425,Alaves,Valencia,Away,3,2,2,D,0
23/01/2021,2021,Alaves,Real Madrid,Home,4,1,4,A,0
23/01/2022,2122,Alaves,Barcelona,Home,2,0,1,A,0
23/02/2019,1819,Alaves,Celta,Home,4,0,0,D,0
23/02/2020,1920,Alaves,Ath Bilbao,Home,4,2,1,H,0
23/02/2026,2526,Alaves,Girona,Home,6,2,2,D,0
23/04/17,1617,Alaves,Las Palmas,Away,5,1,1,D,0
23/04/2019,1819,Alaves,Barcelona,Home,1,0,2,A,0
23/04/2025,2425,Alaves,Sociedad,Home,1,1,0,H,0
23/05/2021,2021,Alaves,Sevilla,Away,2,0,1,H,0
23/05/2026,2526,Alaves,Vallecano,Home,11,1,2,A,0
23/09/17,1718,Alaves,Real Madrid,Home,3,1,2,A,0
23/10/2021,2122,Alaves,Cadiz,Away,4,2,0,A,0
23/11/2018,1819,Alaves,Leganes,Away,2,0,1,H,0
23/11/2024,2425,Alaves,Ath Madrid,Away,1,1,2,H,0
23/12/2020,2021,Alaves,Eibar,Home,3,2,1,H,0
24/02/18,1718,Alaves,Real Madrid,Away,5,0,4,H,0
24/02/2024,2324,Alaves,Mallorca,Home,1,1,1,D,0
24/04/2021,2021,Alaves,Valencia,Away,2,1,1,D,1
24/05/2025,2425,Alaves,Osasuna,Home,5,1,1,D,0
24/06/2020,1920,Alaves,Osasuna,Home,0,0,1,A,0
24/09/2024,2425,Alaves,Real Madrid,Away,3,2,3,H,0
24/09/2025,2526,Alaves,Getafe,Away,4,1,1,D,0
24/11/2019,1920,Alaves,Eibar,Away,5,2,0,A,0
24/11/2023,2324,Alaves,Granada,Home,5,3,1,H,0
25/01/2020,1920,Alaves,Villarreal,Home,6,1,2,A,0
25/01/2026,2526,Alaves,Betis,Home,9,2,1,H,0
25/02/17,1617,Alaves,Valencia,Home,5,2,1,H,0
25/04/2026,2526,Alaves,Mallorca,Home,4,2,1,H,0
25/08/2018,1819,Alaves,Betis,Home,4,0,0,D,0
25/08/2019,1920,Alaves,Espanol,Home,2,0,0,D,0
25/08/2024,2425,Alaves,Betis,Home,1,0,0,D,1
25/09/05,506,Alaves,Real Madrid,Home,6,0,3,A,0
25/09/2021,2122,Alaves,Ath Madrid,Home,1,1,0,H,0
25/10/2019,1920,Alaves,Villarreal,Away,3,1,4,H,0
25/10/2020,2021,Alaves,Valladolid,Away,4,2,0,A,0
25/11/17,1718,Alaves,Eibar,Home,2,1,2,A,1
26/01/2024,2324,Alaves,Almeria,Away,3,3,0,A,0
26/02/06,506,Alaves,Santander,Home,2,2,2,D,0
26/02/2022,2122,Alaves,Getafe,Away,3,2,2,D,0
26/03/06,506,Alaves,Espanol,Away,2,0,0,D,0
26/05/2024,2324,Alaves,Las Palmas,Away,4,1,1,D,0
26/08/17,1718,Alaves,Barcelona,Home,2,0,2,A,0
26/09/16,1617,Alaves,Granada,Home,6,3,1,H,0
26/09/2019,1920,Alaves,Sociedad,Away,0,0,3,H,1
26/09/2020,2021,Alaves,Getafe,Home,0,0,0,D,0
26/10/2021,2122,Alaves,Elche,Home,5,1,0,H,0
26/10/2024,2425,Alaves,Vallecano,Away,7,0,1,H,0
26/10/2025,2526,Alaves,Vallecano,Away,2,0,1,H,0
27/01/2025,2425,Alaves,Celta,Home,1,1,1,D,0
27/02/2021,2021,Alaves,Osasuna,Home,1,0,1,A,0
27/02/2026,2526,Alaves,Levante,Away,7,0,2,H,1
27/04/17,1617,Alaves,Eibar,Home,4,0,0,D,0
27/04/2019,1819,Alaves,Ath Bilbao,Away,3,1,1,D,0
27/04/2024,2324,Alaves,Celta,Home,8,3,0,H,0
27/06/2020,1920,Alaves,Ath Madrid,Away,2,1,2,H,0
27/08/05,506,Alaves,Barcelona,Home,0,0,0,D,0
27/08/2021,2122,Alaves,Valencia,Away,3,0,3,H,0
27/09/2018,1819,Alaves,Getafe,Home,2,1,1,D,0
27/09/2025,2526,Alaves,Mallorca,Away,3,0,1,H,0
27/10/05,506,Alaves,Espanol,Home,9,1,1,D,1
27/11/05,506,Alaves,Osasuna,Away,5,2,3,H,0
27/11/16,1617,Alaves,Villarreal,Away,7,2,0,A,0
27/11/2021,2122,Alaves,Celta,Home,5,1,2,A,0
28/01/17,1617,Alaves,Ath Madrid,Home,4,0,0,D,0
28/01/18,1718,Alaves,Barcelona,Away,4,1,2,H,0
28/01/2019,1819,Alaves,Vallecano,Home,1,0,1,A,0
28/08/16,1617,Alaves,Sp Gijon,Home,2,0,0,D,0
28/08/2023,2324,Alaves,Getafe,Away,2,0,1,H,0
28/08/2024,2425,Alaves,Sociedad,Away,5,2,1,A,0
28/09/2023,2324,Alaves,Celta,Away,11,1,1,D,0
28/09/2024,2425,Alaves,Getafe,Away,1,0,2,H,0
28/10/17,1718,Alaves,Valencia,Home,6,1,2,A,0
28/10/2018,1819,Alaves,Villarreal,Home,6,2,1,H,0
28/11/2020,2021,Alaves,Real Madrid,Away,6,2,1,A,0
29/01/06,506,Alaves,Sociedad,Home,6,3,1,H,0
29/02/2020,1920,Alaves,Leganes,Away,4,1,1,D,0
29/03/2025,2425,Alaves,Vallecano,Home,4,0,2,A,0
29/04/18,1718,Alaves,Ath Madrid,Home,3,0,1,A,0
29/09/2019,1920,Alaves,Mallorca,Home,6,2,0,H,0
29/10/16,1617,Alaves,Real Madrid,Home,3,1,4,A,0
29/10/2019,1920,Alaves,Ath Madrid,Home,3,1,1,D,0
29/10/2023,2324,Alaves,Ath Madrid,Away,1,1,2,H,0
29/11/2025,2526,Alaves,Barcelona,Away,2,1,3,H,0
30/01/2026,2526,Alaves,Espanol,Away,7,2,1,A,0
30/03/2019,1819,Alaves,Ath Madrid,Home,4,0,4,A,0
30/04/06,506,Alaves,Valencia,Away,3,0,3,H,0
30/04/17,1617,Alaves,Betis,Away,5,4,1,A,0
30/04/2022,2122,Alaves,Villarreal,Home,5,2,1,H,0
30/08/2025,2526,Alaves,Ath Madrid,Home,2,1,1,D,0
30/09/17,1718,Alaves,Levante,Away,3,2,0,A,0
30/09/2018,1819,Alaves,Levante,Away,2,1,2,H,0
30/09/2020,2021,Alaves,Villarreal,Away,3,1,3,H,0
30/10/05,506,Alaves,Cadiz,Home,6,0,0,D,0
30/10/2021,2122,Alaves,Barcelona,Away,2,1,1,D,0
30/11/2019,1920,Alaves,Real Madrid,Home,2,1,2,A,0
30/11/2024,2425,Alaves,Leganes,Home,7,1,1,D,0
31/01/2021,2021,Alaves,Getafe,Away,1,0,0,D,0
31/03/2024,2324,Alaves,Sociedad,Home,0,0,1,A,0
31/08/2019,1920,Alaves,Getafe,Away,1,1,1,D,0
31/10/2020,2021,Alaves,Barcelona,Home,3,1,1,D,1
31/12/2020,2021,Alaves,Osasuna,Away,1,1,1,D,0
01/02/09,809,Almeria,Valencia,Away,5,2,3,H,0
01/02/15,1415,Almeria,Getafe,Home,7,1,0,H,1
01/03/09,809,Almeria,Getafe,Home,5,2,1,H,0
01/03/2024,2324,Almeria,Celta,Away,0,0,1,H,1
01/05/10,910,Almeria,Xerez,Away,3,1,2,H,1
01/05/11,1011,Almeria,Sevilla,Home,1,0,1,A,1
01/09/2023,2324,Almeria,Celta,Home,5,2,3,A,0
01/10/2023,2324,Almeria,Granada,Home,5,3,3,D,0
01/11/09,910,Almeria,Zaragoza,Away,4,1,2,H,0
01/12/07,708,Almeria,Sevilla,Home,3,1,0,H,0
01/12/14,1415,Almeria,Vallecano,Home,1,0,1,A,0
02/02/08,708,Almeria,Real Madrid,Home,4,2,0,H,0
02/02/14,1314,Almeria,Elche,Away,3,0,1,H,0
02/03/08,708,Almeria,Ath Bilbao,Home,2,1,1,D,0
02/03/14,1314,Almeria,Barcelona,Away,3,1,4,H,0
02/04/2023,2223,Almeria,Celta,Away,3,2,2,D,0
02/05/2023,2223,Almeria,Elche,Home,4,2,1,H,0
02/09/07,708,Almeria,Valencia,Home,4,1,2,A,0
02/11/08,809,Almeria,Real Madrid,Home,3,1,1,D,0
02/11/13,1314,Almeria,Valladolid,Home,7,1,0,H,0
02/11/14,1415,Almeria,Levante,Away,5,1,2,H,0
03/01/10,910,Almeria,Xerez,Home,4,1,0,H,0
03/01/11,1011,Almeria,Villarreal,Away,2,0,2,H,0
03/01/15,1415,Almeria,Malaga,Away,4,2,1,A,1
03/02/2024,2324,Almeria,Valencia,Away,5,1,2,H,0
03/03/11,1011,Almeria,Santander,Home,6,1,1,D,0
03/05/09,809,Almeria,Santander,Away,4,2,0,A,0
03/10/09,910,Almeria,Barcelona,Away,0,0,1,H,0
03/10/10,1011,Almeria,Malaga,Home,7,1,1,D,0
03/12/2023,2324,Almeria,Betis,Home,8,0,0,D,0
04/01/09,809,Almeria,Betis,Home,3,1,0,H,1
04/01/14,1314,Almeria,Granada,Home,8,3,0,H,0
04/01/2024,2324,Almeria,Osasuna,Away,0,0,1,H,0
04/03/2023,2223,Almeria,Villarreal,Home,0,0,2,A,0
04/04/09,809,Almeria,Villarreal,Home,6,3,0,H,0
04/04/10,910,Almeria,Mallorca,Home,6,1,1,D,0
04/04/11,1011,Almeria,Ath Bilbao,Home,6,1,3,A,0
04/04/14,1314,Almeria,Osasuna,Home,3,1,2,A,1
04/04/15,1415,Almeria,Levante,Home,3,1,4,A,1
04/05/08,708,Almeria,Betis,Home,5,1,1,D,0
04/05/10,910,Almeria,Villarreal,Home,4,4,2,H,1
04/05/14,1314,Almeria,Betis,Home,6,3,2,H,1
04/05/15,1415,Almeria,Celta,Home,3,2,2,D,1
04/06/2023,2223,Almeria,Espanol,Away,4,3,3,D,0
04/10/14,1415,Almeria,Elche,Home,3,2,2,D,0
04/11/07,708,Almeria,Levante,Away,6,0,3,H,0
05/02/11,1011,Almeria,Espanol,Home,5,3,2,H,0
05/05/2024,2324,Almeria,Vallecano,Away,2,1,0,A,0
05/09/2022,2223,Almeria,Valladolid,Away,1,0,1,H,0
05/10/08,809,Almeria,Getafe,Away,7,2,2,D,0
05/11/2022,2223,Almeria,Barcelona,Away,1,0,2,H,0
05/11/2023,2324,Almeria,Alaves,Away,3,0,1,H,0
05/12/09,910,Almeria,Real Madrid,Away,4,2,4,H,0
05/12/10,1011,Almeria,Zaragoza,Home,5,1,1,D,0
06/01/08,708,Almeria,Recreativo,Away,4,1,1,D,0
06/02/2023,2223,Almeria,Vallecano,Away,5,0,2,H,0
06/03/10,910,Almeria,Barcelona,Home,2,2,2,D,0
06/03/11,1011,Almeria,Hercules,Away,6,2,1,A,0
06/04/08,708,Almeria,Ath Madrid,Away,5,3,6,H,2
06/10/13,1314,Almeria,Sevilla,Away,4,1,2,H,0
06/10/2023,2324,Almeria,Ath Bilbao,Away,1,0,3,H,0
07/02/10,910,Almeria,Sp Gijon,Home,3,3,1,H,1
07/03/15,1415,Almeria,Elche,Away,2,0,1,H,0
07/05/08,708,Almeria,Getafe,Away,5,2,4,H,0
07/05/11,1011,Almeria,Getafe,Away,1,0,2,H,0
07/10/07,708,Almeria,Ath Bilbao,Away,6,1,1,D,0
07/11/10,1011,Almeria,Sp Gijon,Home,3,1,1,D,0
07/12/08,809,Almeria,Numancia,Away,2,1,2,H,0
08/01/2023,2223,Almeria,Sociedad,Home,1,0,2,A,0
08/02/09,809,Almeria,Malaga,Away,2,2,3,H,1
08/02/14,1314,Almeria,Ath Madrid,Home,3,2,0,H,0
08/02/15,1415,Almeria,Cordoba,Away,2,2,1,A,0
08/03/09,809,Almeria,Sevilla,Away,5,1,2,H,0
08/04/15,1415,Almeria,Barcelona,Away,3,0,4,H,0
08/05/10,910,Almeria,Tenerife,Away,5,2,2,D,0
08/10/2022,2223,Almeria,Vallecano,Home,4,3,1,H,1
08/11/09,910,Almeria,Osasuna,Home,3,2,0,H,0
08/11/13,1314,Almeria,Osasuna,Away,2,1,0,A,0
08/11/14,1415,Almeria,Barcelona,Home,2,1,2,A,0
08/12/14,1415,Almeria,Eibar,Away,3,2,5,H,0
09/01/10,910,Almeria,Villarreal,Away,3,1,1,D,0
09/01/11,1011,Almeria,Mallorca,Away,2,1,4,H,0
09/03/08,708,Almeria,Osasuna,Away,3,1,2,H,0
09/03/14,1314,Almeria,Sevilla,Home,5,1,3,A,0
09/04/11,1011,Almeria,Barcelona,Away,1,1,3,H,0
09/04/2023,2223,Almeria,Valencia,Home,4,2,1,H,0
09/11/08,809,Almeria,Villarreal,Away,3,1,2,H,0
09/11/2022,2223,Almeria,Getafe,Home,3,1,0,H,1
09/12/07,708,Almeria,Valladolid,Home,3,1,0,H,0
10/02/08,708,Almeria,Mallorca,Away,0,0,0,D,0
10/05/09,809,Almeria,Sp Gijon,Home,7,3,1,H,0
10/05/15,1415,Almeria,Malaga,Home,4,1,2,A,0
10/12/2023,2324,Almeria,Ath Madrid,Away,5,1,2,H,0
11/01/09,809,Almeria,Espanol,Away,3,2,2,D,0
11/01/14,1314,Almeria,Ath Bilbao,Away,2,1,6,H,0
11/01/15,1415,Almeria,Sevilla,Home,6,0,2,A,0
11/02/2023,2223,Almeria,Betis,Home,9,2,3,A,0
11/03/2024,2324,Almeria,Sevilla,Home,4,2,2,D,0
11/04/10,910,Almeria,Ath Bilbao,Away,5,1,4,H,0
11/04/15,1415,Almeria,Granada,Home,9,3,0,H,0
11/05/08,708,Almeria,Recreativo,Home,0,0,2,A,0
11/05/11,1011,Almeria,Villarreal,Home,3,0,0,D,0
11/05/14,1314,Almeria,Granada,Away,3,2,0,A,0
11/08/2023,2324,Almeria,Vallecano,Home,5,0,2,A,0
11/11/07,708,Almeria,Ath Madrid,Home,7,0,0,D,0
11/11/2023,2324,Almeria,Sociedad,Home,2,1,3,A,0
11/12/10,1011,Almeria,Sevilla,Away,9,3,1,A,0
12/02/2024,2324,Almeria,Ath Bilbao,Home,4,0,0,D,1
12/03/11,1011,Almeria,Ath Madrid,Home,6,2,2,D,0
12/03/2023,2223,Almeria,Sevilla,Away,5,1,2,H,0
12/04/09,809,Almeria,Mallorca,Away,3,0,2,H,1
12/04/14,1314,Almeria,Real Madrid,Away,1,0,4,H,0
12/05/2024,2324,Almeria,Betis,Away,7,2,3,H,0
12/09/14,1415,Almeria,Cordoba,Home,2,1,1,D,0
12/09/2022,2223,Almeria,Osasuna,Home,2,0,1,A,0
12/12/14,1415,Almeria,Real Madrid,Home,3,1,4,A,0
13/01/08,708,Almeria,Espanol,Home,4,1,0,H,0
13/02/11,1011,Almeria,Levante,Away,3,0,1,H,0
13/02/15,1415,Almeria,Sociedad,Home,4,2,2,D,0
13/04/08,708,Almeria,Villarreal,Home,7,1,0,H,0
13/05/2023,2223,Almeria,Osasuna,Away,3,1,3,H,0
13/09/09,910,Almeria,Sp Gijon,Away,0,0,1,H,0
13/09/10,1011,Almeria,Sociedad,Home,7,2,2,D,0
13/11/10,1011,Almeria,Ath Bilbao,Away,3,0,1,H,0
13/12/09,910,Almeria,La Coruna,Home,4,1,1,D,0
14/01/2024,2324,Almeria,Girona,Home,3,0,0,D,0
14/02/10,910,Almeria,Getafe,Away,5,2,2,D,0
14/03/10,910,Almeria,Malaga,Home,3,1,0,H,0
14/04/2024,2324,Almeria,Sociedad,Away,3,2,2,D,0
14/08/2022,2223,Almeria,Real Madrid,Home,6,1,2,A,0
14/09/08,809,Almeria,Valencia,Home,3,2,2,D,0
14/09/13,1314,Almeria,Ath Madrid,Away,2,2,4,H,0
14/12/08,809,Almeria,Santander,Home,4,1,1,D,0
15/01/2023,2223,Almeria,Ath Madrid,Home,3,1,1,D,0
15/02/09,809,Almeria,Valladolid,Home,5,3,2,H,2
15/02/14,1314,Almeria,Levante,Away,3,0,1,H,0
15/03/09,809,Almeria,Barcelona,Home,1,0,2,A,0
15/03/14,1314,Almeria,Vallecano,Away,2,1,3,H,0
15/03/15,1415,Almeria,Villarreal,Home,2,0,0,D,1
15/04/10,910,Almeria,Real Madrid,Home,4,1,2,A,0
15/05/10,910,Almeria,Sevilla,Home,5,2,3,A,0
15/05/11,1011,Almeria,Mallorca,Home,4,3,1,H,0
15/09/07,708,Almeria,Real Madrid,Away,8,1,3,H,1
15/12/13,1314,Almeria,Espanol,Home,4,0,0,D,0
16/01/11,1011,Almeria,Real Madrid,Home,3,1,1,D,0
16/03/08,708,Almeria,Barcelona,Home,5,2,2,D,0
16/04/11,1011,Almeria,Valencia,Home,1,0,3,A,0
16/04/2023,2223,Almeria,Ath Madrid,Away,0,1,2,H,0
16/05/2024,2324,Almeria,Barcelona,Home,3,0,2,A,0
16/10/2022,2223,Almeria,Betis,Away,5,1,3,H,0
16/11/08,809,Almeria,Mallorca,Home,6,2,1,H,0
16/12/07,708,Almeria,Betis,Away,4,1,3,H,2
17/01/10,910,Almeria,Tenerife,Home,4,1,1,D,1
17/01/15,1415,Almeria,Valencia,Away,2,2,3,H,0
17/02/08,708,Almeria,Murcia,Home,3,1,0,H,0
17/02/2023,2223,Almeria,Girona,Away,4,2,6,H,0
17/03/2024,2324,Almeria,Las Palmas,Away,2,1,0,A,0
17/05/09,809,Almeria,Betis,Away,1,0,2,H,1
17/05/15,1415,Almeria,Sevilla,Away,3,1,2,H,1
17/09/2022,2223,Almeria,Mallorca,Away,3,0,1,H,0
17/09/2023,2324,Almeria,Villarreal,Away,7,1,2,H,0
17/10/10,1011,Almeria,Santander,Away,4,0,1,H,0
17/12/2023,2324,Almeria,Mallorca,Home,1,0,0,D,0
18/01/09,809,Almeria,Ath Madrid,Home,3,1,1,D,1
18/02/2024,2324,Almeria,Granada,Away,3,1,1,D,0
18/03/2023,2223,Almeria,Cadiz,Home,5,1,1,D,0
18/04/10,910,Almeria,La Coruna,Away,2,0,0,D,0
18/05/08,708,Almeria,Espanol,Away,6,3,1,A,0
18/05/14,1314,Almeria,Ath Bilbao,Home,1,0,0,D,0
18/09/10,1011,Almeria,Espanol,Away,1,0,1,H,0
18/10/09,910,Almeria,Malaga,Away,7,2,1,A,0
19/01/14,1314,Almeria,Villarreal,Away,4,0,2,H,0
19/04/08,708,Almeria,Sevilla,Away,6,4,1,A,0
19/04/09,809,Almeria,Osasuna,Home,9,2,1,H,0
19/04/15,1415,Almeria,Vallecano,Away,3,0,2,H,0
19/05/2024,2324,Almeria,Mallorca,Away,3,2,2,D,0
19/08/13,1314,Almeria,Villarreal,Home,2,2,3,A,0
19/08/2023,2324,Almeria,Real Madrid,Home,8,1,3,A,0
19/10/08,809,Almeria,Sevilla,Home,5,0,1,A,0
19/10/14,1415,Almeria,Villarreal,Away,3,0,2,H,0
19/12/10,1011,Almeria,Getafe,Home,5,2,3,A,0
19/12/14,1415,Almeria,Celta,Away,2,1,0,A,0
20/01/08,708,Almeria,La Coruna,Home,2,1,0,H,0
20/02/11,1011,Almeria,La Coruna,Home,4,1,1,D,0
20/03/11,1011,Almeria,Sp Gijon,Away,5,0,1,H,0
20/04/14,1314,Almeria,Celta,Home,3,2,4,A,0
20/05/2023,2223,Almeria,Mallorca,Home,3,3,0,H,0
20/09/09,910,Almeria,Getafe,Home,3,1,0,H,0
20/10/13,1314,Almeria,Vallecano,Home,2,0,1,A,0
20/10/2022,2223,Almeria,Girona,Home,7,3,2,H,0
20/11/10,1011,Almeria,Barcelona,Home,2,0,8,A,0
20/12/09,910,Almeria,Espanol,Away,3,0,2,H,0
20/12/2023,2324,Almeria,Barcelona,Away,5,2,3,H,0
21/01/2024,2324,Almeria,Real Madrid,Away,2,2,3,H,0
21/02/10,910,Almeria,Ath Madrid,Home,5,1,0,H,0
21/02/15,1415,Almeria,Ath Madrid,Away,1,0,3,H,0
21/03/10,910,Almeria,Valencia,Away,3,0,2,H,0
21/03/15,1415,Almeria,Ath Bilbao,Away,1,1,2,H,1
21/04/2024,2324,Almeria,Villarreal,Home,5,1,2,A,1
21/05/11,1011,Almeria,Real Madrid,Away,1,1,8,H,0
21/09/08,809,Almeria,Malaga,Home,3,1,0,H,1
21/09/13,1314,Almeria,Levante,Home,8,2,2,D,1
21/09/14,1415,Almeria,Sociedad,Away,5,2,1,A,1
21/10/07,708,Almeria,Osasuna,Home,5,2,0,H,0
21/12/08,809,Almeria,Sp Gijon,Away,4,0,1,H,0
21/12/13,1314,Almeria,Betis,Away,7,1,0,A,0
22/02/09,809,Almeria,Recreativo,Away,1,1,1,D,1
22/02/14,1314,Almeria,Malaga,Home,2,0,0,D,0
22/03/09,809,Almeria,Real Madrid,Away,4,0,3,H,0
22/04/09,809,Almeria,La Coruna,Away,2,0,2,H,0
22/04/2023,2223,Almeria,Ath Bilbao,Home,4,1,2,A,0
22/08/2022,2223,Almeria,Elche,Away,7,1,1,D,1
22/09/10,1011,Almeria,Levante,Home,5,0,1,A,0
22/10/2023,2324,Almeria,Girona,Away,5,2,5,H,0
22/11/09,910,Almeria,Mallorca,Away,10,1,3,H,0
22/12/07,708,Almeria,Getafe,Home,2,0,2,A,1
23/01/10,910,Almeria,Sevilla,Away,3,0,1,H,0
23/01/11,1011,Almeria,Osasuna,Home,4,3,2,H,0
23/01/2023,2223,Almeria,Valencia,Away,3,2,2,D,0
23/03/08,708,Almeria,Zaragoza,Away,4,1,1,D,0
23/05/09,809,Almeria,Espanol,Home,11,0,3,A,0
23/05/15,1415,Almeria,Valencia,Home,3,2,3,A,0
23/05/2023,2223,Almeria,Sociedad,Away,2,0,1,H,1
23/08/13,1314,Almeria,Getafe,Away,7,2,2,D,0
23/08/14,1415,Almeria,Espanol,Home,6,1,1,D,0
23/09/07,708,Almeria,Mallorca,Home,4,1,1,D,0
23/09/09,910,Almeria,Ath Madrid,Away,7,2,2,D,0
23/09/2023,2324,Almeria,Valencia,Home,10,2,2,D,0
23/10/2022,2223,Almeria,Villarreal,Away,4,1,2,H,0
23/11/08,809,Almeria,Osasuna,Away,2,1,3,H,1
23/11/13,1314,Almeria,Real Madrid,Home,4,0,5,A,0
24/02/08,708,Almeria,Santander,Away,0,0,1,H,2
24/02/2024,2324,Almeria,Ath Madrid,Home,4,2,2,D,0
24/03/10,910,Almeria,Zaragoza,Home,3,1,0,H,0
24/03/14,1314,Almeria,Sociedad,Home,8,4,3,H,0
24/09/13,1314,Almeria,Malaga,Away,2,0,2,H,0
24/09/14,1415,Almeria,Ath Madrid,Home,1,0,1,A,0
24/10/10,1011,Almeria,Hercules,Home,8,1,1,D,0
24/11/14,1415,Almeria,Granada,Away,1,0,0,D,1
25/01/09,809,Almeria,Ath Bilbao,Home,5,2,1,H,0
25/01/15,1415,Almeria,Espanol,Away,1,0,3,H,0
25/04/09,809,Almeria,Numancia,Home,4,2,1,H,0
25/04/10,910,Almeria,Espanol,Home,2,0,1,A,0
25/04/11,1011,Almeria,Zaragoza,Away,3,0,1,H,0
25/05/2024,2324,Almeria,Cadiz,Home,12,6,1,H,0
25/09/08,809,Almeria,Valladolid,Away,2,0,2,H,0
25/10/08,809,Almeria,Barcelona,Away,2,0,5,H,1
25/10/09,910,Almeria,Valencia,Home,2,0,3,A,1
25/10/14,1415,Almeria,Ath Bilbao,Home,3,0,1,A,0
25/11/07,708,Almeria,Villarreal,Away,2,1,1,D,0
25/11/2023,2324,Almeria,Getafe,Away,4,1,2,H,0
26/01/14,1314,Almeria,Getafe,Home,4,1,0,H,0
26/01/2024,2324,Almeria,Alaves,Home,7,0,3,A,0
26/02/2023,2223,Almeria,Barcelona,Home,4,1,0,H,0
26/04/15,1415,Almeria,Eibar,Home,3,2,0,H,0
26/04/2023,2223,Almeria,Getafe,Away,11,2,1,A,0
26/08/07,708,Almeria,La Coruna,Away,7,3,0,A,0
26/08/2023,2324,Almeria,Cadiz,Away,2,1,1,D,1
26/09/07,708,Almeria,Murcia,Away,6,1,0,A,0
26/09/10,1011,Almeria,La Coruna,Away,6,2,0,A,0
26/09/2023,2324,Almeria,Sevilla,Away,1,1,5,H,0
27/01/08,708,Almeria,Valencia,Away,1,1,0,A,0
27/01/2023,2223,Almeria,Espanol,Home,7,3,1,H,0
27/03/14,1314,Almeria,Valencia,Home,9,2,2,D,0
27/04/08,708,Almeria,Valladolid,Away,3,0,1,H,0
27/04/14,1314,Almeria,Espanol,Away,2,2,1,A,0
27/04/2024,2324,Almeria,Getafe,Home,11,1,3,A,1
27/08/2022,2223,Almeria,Sevilla,Home,5,2,1,H,0
27/09/09,910,Almeria,Santander,Home,4,2,2,D,0
27/10/13,1314,Almeria,Sociedad,Away,4,0,3,H,0
28/02/10,910,Almeria,Santander,Away,2,2,0,A,0
28/02/11,1011,Almeria,Malaga,Away,5,1,3,H,2
28/02/15,1415,Almeria,La Coruna,Home,3,0,0,D,2
28/03/10,910,Almeria,Osasuna,Away,2,0,1,H,1
28/05/2023,2223,Almeria,Valladolid,Home,7,0,0,D,0
28/09/08,809,Almeria,Recreativo,Home,4,1,0,H,0
28/09/13,1314,Almeria,Barcelona,Home,1,0,2,A,0
28/09/14,1415,Almeria,La Coruna,Away,6,1,0,A,0
28/10/07,708,Almeria,Barcelona,Away,3,0,2,H,0
28/10/2023,2324,Almeria,Las Palmas,Home,4,1,2,A,0
28/11/10,1011,Almeria,Valencia,Away,3,1,2,H,0
29/01/11,1011,Almeria,Sociedad,Away,5,0,2,H,0
29/04/15,1415,Almeria,Real Madrid,Away,0,0,3,H,0
29/04/2023,2223,Almeria,Real Madrid,Away,3,2,4,H,0
29/08/10,1011,Almeria,Osasuna,Away,0,0,0,D,1
29/08/14,1415,Almeria,Getafe,Away,4,0,1,H,0
29/10/2022,2223,Almeria,Celta,Home,5,3,1,H,0
29/11/09,910,Almeria,Ath Bilbao,Home,5,1,4,A,0
30/03/08,708,Almeria,Levante,Home,4,2,1,H,0
30/03/14,1314,Almeria,Valladolid,Away,3,0,1,H,1
30/03/2024,2324,Almeria,Osasuna,Home,5,0,3,A,0
30/05/09,809,Almeria,Ath Madrid,Away,0,0,3,H,0
30/08/09,910,Almeria,Valladolid,Home,5,0,0,D,0
30/08/13,1314,Almeria,Elche,Home,5,2,2,D,1
30/09/07,708,Almeria,Santander,Home,3,0,1,A,0
30/09/2022,2223,Almeria,Ath Bilbao,Away,2,0,4,H,0
30/10/13,1314,Almeria,Valencia,Away,4,2,1,A,0
30/11/08,809,Almeria,La Coruna,Home,1,0,1,A,1
30/11/13,1314,Almeria,Celta,Away,3,1,3,H,0
30/12/2022,2223,Almeria,Cadiz,Away,9,1,1,D,0
31/01/10,910,Almeria,Valladolid,Away,4,1,1,D,0
31/08/08,809,Almeria,Ath Bilbao,Away,5,3,1,A,0
31/10/07,708,Almeria,Zaragoza,Home,6,0,1,A,0
31/10/10,1011,Almeria,Ath Madrid,Away,3,1,1,D,0
01/02/13,1213,Ath Bilbao,Valladolid,Away,9,2,2,D,0
01/02/15,1415,Ath Bilbao,Levante,Away,5,2,0,A,0
01/02/2026,2526,Ath Bilbao,Sociedad,Home,4,1,1,D,0
01/03/15,1415,Ath Bilbao,Eibar,Away,8,1,0,A,0
01/03/2020,1920,Ath Bilbao,Villarreal,Home,6,1,0,H,0
01/03/2025,2425,Ath Bilbao,Ath Madrid,Away,3,0,1,H,0
01/04/07,607,Ath Bilbao,Santander,Away,6,4,5,H,0
01/04/13,1213,Ath Bilbao,Granada,Home,4,1,0,H,1
01/04/17,1617,Ath Bilbao,Osasuna,Away,4,2,1,A,0
01/04/2023,2223,Ath Bilbao,Getafe,Home,3,0,0,D,0
01/05/16,1516,Ath Bilbao,Celta,Home,2,2,1,H,0
01/05/2023,2223,Ath Bilbao,Mallorca,Away,6,1,1,D,0
01/06/13,1213,Ath Bilbao,Vallecano,Away,3,2,2,D,1
01/07/2020,1920,Ath Bilbao,Valencia,Away,4,2,0,A,0
01/09/13,1314,Ath Bilbao,Real Madrid,Away,2,1,3,H,0
01/10/17,1718,Ath Bilbao,Valencia,Away,6,2,3,H,0
01/10/2020,2021,Ath Bilbao,Cadiz,Home,4,0,1,A,0
01/10/2021,2122,Ath Bilbao,Alaves,Home,5,1,0,H,0
01/11/08,809,Ath Bilbao,Villarreal,Home,6,1,4,A,0
01/11/15,1516,Ath Bilbao,Betis,Away,9,3,1,A,0
01/11/2025,2526,Ath Bilbao,Sociedad,Away,4,2,3,H,0
01/12/12,1213,Ath Bilbao,Barcelona,Away,2,1,5,H,0
01/12/13,1314,Ath Bilbao,Barcelona,Home,6,1,0,H,0
01/12/2019,1920,Ath Bilbao,Granada,Home,6,2,0,H,0
01/12/2021,2122,Ath Bilbao,Real Madrid,Away,2,0,1,H,0
01/12/2024,2425,Ath Bilbao,Vallecano,Away,7,2,1,A,0
02/01/11,1011,Ath Bilbao,La Coruna,Home,7,1,2,A,2
02/02/14,1314,Ath Bilbao,Real Madrid,Home,3,1,1,D,0
02/02/2019,1819,Ath Bilbao,Sociedad,Away,5,1,2,H,0
02/02/2020,1920,Ath Bilbao,Getafe,Home,2,0,2,A,0
02/02/2024,2324,Ath Bilbao,Mallorca,Home,6,4,0,H,0
02/02/2025,2425,Ath Bilbao,Betis,Away,4,2,2,D,0
02/03/08,708,Ath Bilbao,Almeria,Away,6,1,1,D,0
02/03/11,1011,Ath Bilbao,Zaragoza,Away,3,1,2,H,0
02/03/13,1213,Ath Bilbao,Osasuna,Away,2,1,0,A,0
02/03/16,1516,Ath Bilbao,La Coruna,Home,6,4,1,H,0
02/03/17,1617,Ath Bilbao,Sevilla,Away,4,0,1,H,0
02/04/06,506,Ath Bilbao,Alaves,Away,1,0,0,D,0
02/05/10,910,Ath Bilbao,Mallorca,Home,4,1,3,A,0
02/05/11,1011,Ath Bilbao,Espanol,Away,4,1,2,H,0
02/05/12,1112,Ath Bilbao,Real Madrid,Home,2,0,3,A,1
02/05/14,1314,Ath Bilbao,Vallecano,Away,4,3,0,A,0
02/05/15,1415,Ath Bilbao,Ath Madrid,Away,0,0,0,D,1
02/05/2026,2526,Ath Bilbao,Alaves,Away,4,4,2,A,0
02/09/07,708,Ath Bilbao,Barcelona,Away,5,1,3,H,1
02/09/12,1213,Ath Bilbao,Valladolid,Home,3,2,0,H,0
02/10/05,506,Ath Bilbao,Villarreal,Away,5,1,3,H,1
02/10/10,1011,Ath Bilbao,Valencia,Away,2,1,2,H,0
02/10/11,1112,Ath Bilbao,Sociedad,Away,7,2,1,A,0
02/10/16,1617,Ath Bilbao,Malaga,Away,1,1,2,H,1
02/11/14,1415,Ath Bilbao,Sevilla,Home,2,1,0,H,0
02/12/07,708,Ath Bilbao,Valencia,Away,4,3,0,A,0
02/12/17,1718,Ath Bilbao,Real Madrid,Home,4,0,0,D,0
02/12/2023,2324,Ath Bilbao,Vallecano,Home,4,4,0,H,0
03/01/10,910,Ath Bilbao,Mallorca,Away,3,0,2,H,0
03/01/15,1415,Ath Bilbao,La Coruna,Away,4,0,1,H,0
03/01/16,1516,Ath Bilbao,Las Palmas,Home,5,2,2,D,0
03/01/2020,1920,Ath Bilbao,Sevilla,Away,1,1,1,D,0
03/01/2021,2021,Ath Bilbao,Elche,Home,2,1,0,H,0
03/01/2022,2122,Ath Bilbao,Osasuna,Away,5,3,1,A,0
03/01/2026,2526,Ath Bilbao,Osasuna,Away,6,1,1,D,0
03/02/08,708,Ath Bilbao,Zaragoza,Away,4,0,1,H,1
03/02/2023,2223,Ath Bilbao,Cadiz,Home,9,4,1,H,1
03/03/18,1718,Ath Bilbao,Sevilla,Away,3,0,2,H,0
03/03/2019,1819,Ath Bilbao,Valencia,Away,1,0,2,H,0
03/03/2024,2324,Ath Bilbao,Barcelona,Home,2,0,0,D,0
03/04/10,910,Ath Bilbao,Barcelona,Away,5,1,4,H,0
03/04/16,1516,Ath Bilbao,Granada,Home,1,1,1,D,0
03/04/2019,1819,Ath Bilbao,Levante,Home,7,3,2,H,0
03/04/2022,2122,Ath Bilbao,Elche,Home,6,2,1,H,0
03/05/06,506,Ath Bilbao,Zaragoza,Home,2,1,0,H,0
03/05/09,809,Ath Bilbao,Sp Gijon,Away,5,1,1,D,0
03/05/13,1213,Ath Bilbao,Celta,Away,2,1,1,D,0
03/05/2021,2021,Ath Bilbao,Sevilla,Away,2,1,0,A,0
03/05/2024,2324,Ath Bilbao,Getafe,Away,2,2,0,A,2
03/09/2023,2324,Ath Bilbao,Mallorca,Away,3,0,0,D,0
03/11/13,1314,Ath Bilbao,Ath Madrid,Away,0,0,2,H,1
03/11/2019,1920,Ath Bilbao,Villarreal,Away,2,0,0,D,0
03/11/2024,2425,Ath Bilbao,Betis,Home,8,1,1,D,0
03/12/05,506,Ath Bilbao,Ath Madrid,Home,3,1,1,D,0
03/12/06,607,Ath Bilbao,Real Madrid,Away,4,1,2,H,1
03/12/2018,1819,Ath Bilbao,Levante,Away,3,0,3,H,1
03/12/2025,2526,Ath Bilbao,Real Madrid,Home,4,0,3,A,0
04/01/09,809,Ath Bilbao,Espanol,Home,6,1,1,D,0
04/01/2024,2324,Ath Bilbao,Sevilla,Away,6,2,0,A,0
04/02/06,506,Ath Bilbao,Malaga,Away,2,1,2,H,0
04/02/07,607,Ath Bilbao,Betis,Home,3,1,2,A,0
04/02/12,1112,Ath Bilbao,Espanol,Home,7,3,3,D,0
04/02/17,1617,Ath Bilbao,Barcelona,Away,5,0,3,H,0
04/02/18,1718,Ath Bilbao,Girona,Away,0,0,2,H,0
04/03/07,607,Ath Bilbao,Gimnastic,Home,3,0,2,A,0
04/03/12,1112,Ath Bilbao,Sociedad,Home,7,2,0,H,0
04/04/09,809,Ath Bilbao,Mallorca,Home,3,2,1,H,0
04/04/11,1011,Ath Bilbao,Almeria,Away,7,3,1,A,0
04/04/15,1415,Ath Bilbao,Sevilla,Away,2,0,2,H,0
04/04/17,1617,Ath Bilbao,Espanol,Home,5,2,0,H,0
04/05/08,708,Ath Bilbao,Mallorca,Home,4,1,2,A,0
04/05/2023,2223,Ath Bilbao,Betis,Home,6,0,1,A,1
04/05/2025,2425,Ath Bilbao,Sociedad,Away,1,0,0,D,0
04/06/2023,2223,Ath Bilbao,Real Madrid,Away,9,1,1,D,0
04/09/2022,2223,Ath Bilbao,Espanol,Home,2,0,1,A,0
04/10/09,910,Ath Bilbao,Valladolid,Away,3,2,2,D,1
04/10/15,1516,Ath Bilbao,Valencia,Home,7,3,1,H,0
04/10/2020,2021,Ath Bilbao,Alaves,Away,0,0,1,H,0
04/10/2025,2526,Ath Bilbao,Mallorca,Home,5,2,1,H,0
04/11/07,708,Ath Bilbao,Recreativo,Home,5,2,0,H,0
04/11/12,1213,Ath Bilbao,Granada,Away,8,2,1,A,0
04/11/2022,2223,Ath Bilbao,Girona,Away,7,1,2,H,0
04/12/11,1112,Ath Bilbao,Mallorca,Away,4,1,1,D,0
04/12/16,1617,Ath Bilbao,Eibar,Home,5,3,1,H,0
04/12/2020,2021,Ath Bilbao,Celta,Home,0,0,2,A,0
04/12/2024,2425,Ath Bilbao,Real Madrid,Home,3,2,1,H,0
05/01/13,1213,Ath Bilbao,Levante,Away,5,1,3,H,1
05/01/14,1314,Ath Bilbao,Sociedad,Away,3,0,2,H,0
05/02/11,1011,Ath Bilbao,Sp Gijon,Home,6,3,0,H,0
05/03/06,506,Ath Bilbao,Sevilla,Away,3,1,2,H,0
05/03/17,1617,Ath Bilbao,Malaga,Home,3,1,0,H,0
05/03/2023,2223,Ath Bilbao,Vallecano,Away,3,0,0,D,1
05/04/2026,2526,Ath Bilbao,Getafe,Away,0,0,2,H,0
05/05/10,910,Ath Bilbao,Malaga,Home,6,1,1,D,0
05/05/12,1112,Ath Bilbao,Getafe,Home,1,0,0,D,0
05/05/18,1718,Ath Bilbao,Betis,Home,5,2,0,H,0
05/05/2019,1819,Ath Bilbao,Valladolid,Away,1,0,1,H,0
05/07/2020,1920,Ath Bilbao,Real Madrid,Home,1,0,1,A,0
05/10/08,809,Ath Bilbao,Sevilla,Away,1,0,4,H,0
05/10/14,1415,Ath Bilbao,Real Madrid,Away,5,0,5,H,0
05/10/2018,1819,Ath Bilbao,Sociedad,Home,5,1,3,A,0
05/11/05,506,Ath Bilbao,Espanol,Away,3,1,1,D,0
05/11/06,607,Ath Bilbao,Santander,Home,1,0,0,D,1
05/11/17,1718,Ath Bilbao,Celta,Away,5,1,3,H,0
05/11/2018,1819,Ath Bilbao,Espanol,Away,2,0,1,H,0
05/11/2021,2122,Ath Bilbao,Cadiz,Home,5,0,1,A,0
05/11/2023,2324,Ath Bilbao,Villarreal,Away,7,3,2,A,0
05/12/10,1011,Ath Bilbao,Sociedad,Away,3,0,2,H,0
06/01/08,708,Ath Bilbao,Santander,Away,3,0,1,H,0
06/01/2021,2021,Ath Bilbao,Barcelona,Home,3,2,3,A,0
06/02/16,1516,Ath Bilbao,Villarreal,Home,1,0,0,D,1
06/03/11,1011,Ath Bilbao,Sevilla,Home,6,2,0,H,0
06/03/16,1516,Ath Bilbao,Sp Gijon,Away,6,2,0,A,1
06/04/08,708,Ath Bilbao,Espanol,Home,1,1,0,H,0
06/04/2025,2425,Ath Bilbao,Villarreal,Away,2,0,0,D,0
06/05/07,607,Ath Bilbao,Recreativo,Away,0,0,0,D,1
06/10/13,1314,Ath Bilbao,Valencia,Home,8,1,1,D,0
06/10/2019,1920,Ath Bilbao,Celta,Away,2,0,1,H,0
06/10/2023,2324,Ath Bilbao,Almeria,Home,9,3,0,H,0
06/10/2024,2425,Ath Bilbao,Girona,Away,4,1,2,H,1
06/11/11,1112,Ath Bilbao,Barcelona,Home,4,2,2,D,1
06/11/16,1617,Ath Bilbao,Espanol,Away,0,0,0,D,0
06/12/09,910,Ath Bilbao,Valencia,Home,4,1,2,A,1
06/12/14,1415,Ath Bilbao,Cordoba,Home,3,0,1,A,0
06/12/15,1516,Ath Bilbao,Malaga,Home,2,0,0,D,1
06/12/2021,2122,Ath Bilbao,Getafe,Away,3,0,0,D,0
06/12/2025,2526,Ath Bilbao,Ath Madrid,Home,3,1,0,H,0
07/01/06,506,Ath Bilbao,La Coruna,Home,5,1,2,A,0
07/01/07,607,Ath Bilbao,Mallorca,Away,7,3,1,A,0
07/01/18,1718,Ath Bilbao,Alaves,Home,8,2,0,H,0
07/01/2019,1819,Ath Bilbao,Celta,Away,4,2,1,A,0
07/02/10,910,Ath Bilbao,Xerez,Home,5,3,2,H,0
07/02/2021,2021,Ath Bilbao,Valencia,Home,2,1,1,D,0
07/02/2022,2122,Ath Bilbao,Espanol,Home,4,2,1,H,0
07/03/09,809,Ath Bilbao,Barcelona,Away,0,0,2,H,0
07/03/10,910,Ath Bilbao,Valladolid,Home,8,2,0,H,0
07/03/15,1415,Ath Bilbao,Real Madrid,Home,2,1,0,H,0
07/03/2021,2021,Ath Bilbao,Granada,Home,5,2,1,H,0
07/03/2022,2122,Ath Bilbao,Levante,Home,9,3,1,H,0
07/03/2026,2526,Ath Bilbao,Barcelona,Home,3,0,1,A,0
07/04/07,607,Ath Bilbao,Valencia,Home,5,1,0,H,0
07/04/14,1314,Ath Bilbao,Levante,Away,5,2,1,A,0
07/04/17,1617,Ath Bilbao,Villarreal,Away,5,1,3,H,0
07/04/2019,1819,Ath Bilbao,Getafe,Away,1,0,1,H,0
07/04/2021,2021,Ath Bilbao,Sociedad,Away,2,1,1,D,0
07/05/06,506,Ath Bilbao,La Coruna,Away,3,2,1,A,0
07/05/08,708,Ath Bilbao,Murcia,Away,2,2,1,A,0
07/05/11,1011,Ath Bilbao,Levante,Home,4,3,2,H,0
07/05/17,1617,Ath Bilbao,Alaves,Away,6,0,1,H,0
07/05/2022,2122,Ath Bilbao,Valencia,Home,5,0,0,D,0
07/10/07,708,Ath Bilbao,Almeria,Home,1,1,1,D,1
07/10/12,1213,Ath Bilbao,Osasuna,Home,8,1,0,H,0
07/11/10,1011,Ath Bilbao,Villarreal,Away,4,1,4,H,1
07/12/08,809,Ath Bilbao,Santander,Away,6,1,1,D,1
08/01/11,1011,Ath Bilbao,Malaga,Away,6,1,1,D,0
08/01/12,1112,Ath Bilbao,Getafe,Away,2,0,0,D,0
08/01/17,1617,Ath Bilbao,Alaves,Home,4,0,0,D,0
08/02/09,809,Ath Bilbao,Valladolid,Away,2,1,2,H,1
08/02/15,1415,Ath Bilbao,Barcelona,Home,6,2,5,A,1
08/02/2025,2425,Ath Bilbao,Girona,Home,8,3,0,H,0
08/02/2026,2526,Ath Bilbao,Levante,Home,7,4,2,H,0
08/03/2019,1819,Ath Bilbao,Espanol,Home,6,1,1,D,0
08/03/2020,1920,Ath Bilbao,Valladolid,Away,5,4,1,A,0
08/04/12,1112,Ath Bilbao,Sevilla,Home,6,1,0,H,0
08/04/13,1213,Ath Bilbao,Sevilla,Away,2,1,2,H,1
08/04/2023,2223,Ath Bilbao,Espanol,Away,7,2,1,A,0
08/05/10,910,Ath Bilbao,Real Madrid,Away,4,1,5,H,1
08/05/16,1516,Ath Bilbao,Las Palmas,Away,3,0,0,D,0
08/05/2021,2021,Ath Bilbao,Osasuna,Home,3,2,2,D,0
08/10/2022,2223,Ath Bilbao,Sevilla,Away,4,1,1,D,1
08/11/09,910,Ath Bilbao,Santander,Away,5,2,0,A,0
08/11/15,1516,Ath Bilbao,Espanol,Home,2,2,1,H,0
08/11/2020,2021,Ath Bilbao,Valladolid,Away,2,1,2,H,0
08/11/2022,2223,Ath Bilbao,Valladolid,Home,6,3,0,H,0
08/12/07,708,Ath Bilbao,Real Madrid,Home,4,0,1,A,0
08/12/2019,1920,Ath Bilbao,Betis,Away,2,2,3,H,0
08/12/2024,2425,Ath Bilbao,Villarreal,Home,4,2,0,H,0
09/01/16,1516,Ath Bilbao,Sevilla,Away,3,0,2,H,0
09/01/2022,2122,Ath Bilbao,Alaves,Away,2,0,0,D,0
09/01/2023,2223,Ath Bilbao,Osasuna,Home,3,0,0,D,0
09/02/18,1718,Ath Bilbao,Las Palmas,Home,5,0,0,D,0
09/02/2020,1920,Ath Bilbao,Sociedad,Away,3,1,2,H,1
09/03/08,708,Ath Bilbao,Valladolid,Home,5,2,0,H,0
09/03/14,1314,Ath Bilbao,Valencia,Away,4,1,1,D,0
09/03/2025,2425,Ath Bilbao,Mallorca,Home,2,1,1,D,0
09/04/06,506,Ath Bilbao,Mallorca,Home,4,1,1,D,0
09/04/11,1011,Ath Bilbao,Real Madrid,Home,2,0,3,A,0
09/04/15,1415,Ath Bilbao,Valencia,Home,4,1,1,D,0
09/04/18,1718,Ath Bilbao,Villarreal,Away,13,3,1,A,0
09/04/2022,2122,Ath Bilbao,Villarreal,Away,6,1,1,D,0
09/05/09,809,Ath Bilbao,Betis,Home,1,1,0,H,0
09/05/15,1415,Ath Bilbao,La Coruna,Home,5,1,1,D,0
09/06/07,607,Ath Bilbao,Villarreal,Away,3,1,3,H,0
09/07/2020,1920,Ath Bilbao,Sevilla,Home,4,1,2,A,0
09/11/08,809,Ath Bilbao,Mallorca,Away,7,3,3,D,0
09/11/13,1314,Ath Bilbao,Levante,Home,9,2,1,H,1
09/11/14,1415,Ath Bilbao,Valencia,Away,1,0,0,D,0
09/11/2025,2526,Ath Bilbao,Oviedo,Home,7,1,0,H,0
09/12/12,1213,Ath Bilbao,Celta,Home,2,1,0,H,0
10/01/10,910,Ath Bilbao,Malaga,Away,6,1,1,D,0
10/02/08,708,Ath Bilbao,Levante,Home,4,1,0,H,0
10/02/13,1213,Ath Bilbao,Espanol,Home,5,0,4,A,0
10/02/14,1314,Ath Bilbao,Celta,Away,1,0,0,D,0
10/02/2019,1819,Ath Bilbao,Barcelona,Home,5,0,0,D,1
10/03/13,1213,Ath Bilbao,Valencia,Home,3,1,0,H,0
10/03/2021,2021,Ath Bilbao,Ath Madrid,Away,2,1,2,H,0
10/03/2024,2324,Ath Bilbao,Las Palmas,Away,2,2,0,A,0
10/04/16,1516,Ath Bilbao,Vallecano,Home,7,1,0,H,0
10/04/2021,2021,Ath Bilbao,Alaves,Home,4,0,0,D,0
10/05/11,1011,Ath Bilbao,La Coruna,Away,2,1,2,H,0
10/05/2022,2122,Ath Bilbao,Granada,Away,1,0,1,H,1
10/05/2026,2526,Ath Bilbao,Valencia,Home,4,0,1,A,0
10/09/06,607,Ath Bilbao,Betis,Away,4,0,3,H,0
10/09/17,1718,Ath Bilbao,Girona,Home,4,2,0,H,0
10/11/2018,1819,Ath Bilbao,Ath Madrid,Away,5,2,3,H,1
10/11/2019,1920,Ath Bilbao,Levante,Home,10,2,1,H,0
10/11/2023,2324,Ath Bilbao,Celta,Home,12,4,3,H,0
10/11/2024,2425,Ath Bilbao,Valladolid,Away,1,1,1,D,0
10/12/05,506,Ath Bilbao,Valencia,Away,2,1,1,D,1
10/12/06,607,Ath Bilbao,Recreativo,Home,6,4,2,H,0
10/12/17,1718,Ath Bilbao,Levante,Away,3,2,1,A,0
10/12/2018,1819,Ath Bilbao,Girona,Home,10,1,0,H,0
11/01/09,809,Ath Bilbao,Ath Madrid,Away,4,3,2,A,0
11/01/13,1213,Ath Bilbao,Vallecano,Home,7,1,2,A,0
11/01/14,1314,Ath Bilbao,Almeria,Home,7,6,1,H,0
11/01/15,1415,Ath Bilbao,Elche,Home,3,1,2,A,0
11/02/06,506,Ath Bilbao,Real Madrid,Home,6,0,2,A,0
11/02/07,607,Ath Bilbao,Ath Madrid,Away,2,0,1,H,0
11/02/12,1112,Ath Bilbao,Betis,Away,4,1,2,H,1
11/02/17,1617,Ath Bilbao,La Coruna,Home,5,2,1,H,0
11/02/2023,2223,Ath Bilbao,Valencia,Away,3,2,1,A,0
11/03/07,607,Ath Bilbao,Celta,Away,4,1,1,D,0
11/03/12,1112,Ath Bilbao,Osasuna,Away,4,1,2,H,0
11/03/18,1718,Ath Bilbao,Leganes,Home,5,2,0,H,0
11/04/10,910,Ath Bilbao,Almeria,Home,11,4,1,H,0
11/04/12,1112,Ath Bilbao,Granada,Away,5,2,2,D,0
11/05/08,708,Ath Bilbao,Santander,Home,2,0,0,D,0
11/05/13,1213,Ath Bilbao,Mallorca,Home,4,2,1,H,0
11/05/14,1314,Ath Bilbao,Sociedad,Home,6,1,1,D,0
11/05/2024,2324,Ath Bilbao,Osasuna,Home,6,2,2,D,0
11/05/2025,2425,Ath Bilbao,Alaves,Home,3,1,0,H,0
11/09/05,506,Ath Bilbao,Getafe,Away,2,1,1,D,0
11/09/10,1011,Ath Bilbao,Ath Madrid,Home,3,1,2,A,0
11/09/11,1112,Ath Bilbao,Espanol,Away,7,1,2,H,0
11/09/16,1617,Ath Bilbao,La Coruna,Away,2,1,0,A,0
11/09/2021,2122,Ath Bilbao,Mallorca,Home,5,2,0,H,0
11/09/2022,2223,Ath Bilbao,Elche,Away,8,4,1,A,0
11/11/06,607,Ath Bilbao,Valencia,Away,2,1,1,D,0
11/11/07,708,Ath Bilbao,Espanol,Away,1,1,2,H,0
11/11/12,1213,Ath Bilbao,Sevilla,Home,2,2,1,H,1
11/12/11,1112,Ath Bilbao,Santander,Home,2,1,1,D,0
11/12/16,1617,Ath Bilbao,Betis,Away,4,0,1,H,0
11/12/2021,2122,Ath Bilbao,Sevilla,Home,2,0,1,A,0
11/12/2023,2324,Ath Bilbao,Granada,Away,4,1,1,D,0
12/01/08,708,Ath Bilbao,Sevilla,Home,6,2,0,H,0
12/02/2024,2324,Ath Bilbao,Almeria,Away,4,0,0,D,0
12/03/06,506,Ath Bilbao,Cadiz,Home,1,1,0,H,1
12/03/17,1617,Ath Bilbao,Sociedad,Away,5,2,0,A,0
12/03/2023,2223,Ath Bilbao,Barcelona,Home,5,0,1,A,0
12/04/09,809,Ath Bilbao,Osasuna,Away,5,1,2,H,1
12/04/15,1415,Ath Bilbao,Espanol,Away,2,0,1,H,0
12/04/2026,2526,Ath Bilbao,Villarreal,Home,6,1,2,A,0
12/05/18,1718,Ath Bilbao,Alaves,Away,4,1,3,H,0
12/05/2019,1819,Ath Bilbao,Celta,Home,4,3,1,H,0
12/05/2021,2021,Ath Bilbao,Huesca,Away,3,0,1,H,0
12/07/2020,1920,Ath Bilbao,Levante,Away,5,2,1,A,0
12/08/2023,2324,Ath Bilbao,Real Madrid,Home,1,0,2,A,0
12/09/2020,2021,Ath Bilbao,Granada,Away,2,0,2,H,0
12/12/09,910,Ath Bilbao,Zaragoza,Away,4,2,1,A,0
12/12/10,1011,Ath Bilbao,Espanol,Home,7,2,1,H,0
12/12/2020,2021,Ath Bilbao,Valencia,Away,5,2,2,D,0
13/01/2019,1819,Ath Bilbao,Sevilla,Home,3,2,0,H,0
13/01/2024,2324,Ath Bilbao,Sociedad,Home,3,2,1,H,0
13/02/10,910,Ath Bilbao,Villarreal,Away,2,1,2,H,2
13/02/16,1516,Ath Bilbao,Real Madrid,Away,3,2,4,H,0
13/03/10,910,Ath Bilbao,Sp Gijon,Away,6,0,0,D,0
13/03/16,1516,Ath Bilbao,Betis,Home,9,3,1,H,0
13/03/2022,2122,Ath Bilbao,Betis,Away,2,0,1,H,0
13/04/08,708,Ath Bilbao,La Coruna,Away,4,0,3,H,0
13/04/2025,2425,Ath Bilbao,Vallecano,Home,4,3,1,H,0
13/05/07,607,Ath Bilbao,La Coruna,Home,2,1,1,D,1
13/05/12,1112,Ath Bilbao,Levante,Away,5,0,3,H,0
13/05/2023,2223,Ath Bilbao,Villarreal,Away,5,1,5,H,0
13/05/2026,2526,Ath Bilbao,Espanol,Away,4,0,2,H,0
13/09/09,910,Ath Bilbao,Xerez,Away,5,1,0,A,0
13/09/14,1415,Ath Bilbao,Barcelona,Away,2,0,2,H,0
13/09/15,1516,Ath Bilbao,Getafe,Home,6,3,1,H,0
13/09/2019,1920,Ath Bilbao,Mallorca,Away,5,0,0,D,0
13/09/2025,2526,Ath Bilbao,Alaves,Home,3,0,1,A,0
13/11/10,1011,Ath Bilbao,Almeria,Home,4,1,0,H,2
13/12/15,1516,Ath Bilbao,Ath Madrid,Away,5,1,2,H,0
14/01/07,607,Ath Bilbao,Villarreal,Home,3,0,1,A,0
14/01/17,1617,Ath Bilbao,Leganes,Away,2,0,0,D,0
14/01/18,1718,Ath Bilbao,Espanol,Away,3,1,1,D,0
14/01/2023,2223,Ath Bilbao,Sociedad,Away,2,1,3,H,1
14/02/11,1011,Ath Bilbao,Mallorca,Away,3,0,1,H,0
14/02/15,1415,Ath Bilbao,Granada,Away,0,0,0,D,0
14/02/2022,2122,Ath Bilbao,Mallorca,Away,2,2,3,H,0
14/03/09,809,Ath Bilbao,Real Madrid,Home,8,2,5,A,2
14/03/11,1011,Ath Bilbao,Getafe,Away,5,2,2,D,0
14/03/15,1415,Ath Bilbao,Celta,Away,4,2,1,A,1
14/03/2021,2021,Ath Bilbao,Celta,Away,1,0,0,D,0
14/03/2026,2526,Ath Bilbao,Girona,Away,9,0,3,H,0
14/04/13,1213,Ath Bilbao,Real Madrid,Home,2,0,3,A,0
14/04/14,1314,Ath Bilbao,Malaga,Home,6,3,0,H,0
14/04/17,1617,Ath Bilbao,Las Palmas,Home,7,5,1,H,0
14/04/18,1718,Ath Bilbao,La Coruna,Home,4,2,3,A,0
14/04/2019,1819,Ath Bilbao,Vallecano,Home,9,3,2,H,0
14/04/2024,2324,Ath Bilbao,Villarreal,Home,6,1,1,D,0
14/05/16,1516,Ath Bilbao,Sevilla,Home,6,3,1,H,1
14/05/17,1617,Ath Bilbao,Leganes,Home,6,1,1,D,0
14/06/2020,1920,Ath Bilbao,Ath Madrid,Home,3,1,1,D,0
14/09/08,809,Ath Bilbao,Malaga,Away,4,0,0,D,0
14/10/17,1718,Ath Bilbao,Sevilla,Home,2,1,0,H,0
14/12/08,809,Ath Bilbao,Sp Gijon,Home,7,3,0,H,0
14/12/14,1415,Ath Bilbao,Sociedad,Away,5,1,1,D,1
14/12/2019,1920,Ath Bilbao,Eibar,Home,3,0,0,D,0
14/12/2025,2526,Ath Bilbao,Celta,Away,2,0,2,H,0
15/01/06,506,Ath Bilbao,Barcelona,Away,2,1,2,H,0
15/01/11,1011,Ath Bilbao,Santander,Home,4,2,1,H,0
15/01/12,1112,Ath Bilbao,Levante,Home,9,3,0,H,0
15/02/09,809,Ath Bilbao,Recreativo,Home,2,1,1,D,0
15/02/2021,2021,Ath Bilbao,Cadiz,Away,8,4,0,A,0
15/02/2026,2526,Ath Bilbao,Oviedo,Away,4,2,1,A,0
15/03/08,708,Ath Bilbao,Betis,Away,3,2,1,A,0
15/04/07,607,Ath Bilbao,Espanol,Home,5,2,1,H,0
15/04/10,910,Ath Bilbao,Valencia,Away,3,0,2,H,0
15/04/12,1112,Ath Bilbao,Mallorca,Home,2,1,0,H,0
15/04/2023,2223,Ath Bilbao,Sociedad,Home,5,2,0,H,0
15/05/10,910,Ath Bilbao,La Coruna,Home,5,2,0,H,0
15/05/11,1011,Ath Bilbao,Malaga,Home,7,1,1,D,0
15/05/2022,2122,Ath Bilbao,Osasuna,Home,8,2,0,H,0
15/05/2024,2324,Ath Bilbao,Celta,Away,2,1,2,H,0
15/05/2025,2425,Ath Bilbao,Getafe,Away,2,2,0,A,0
15/08/2022,2223,Ath Bilbao,Mallorca,Home,6,0,0,D,0
15/08/2024,2425,Ath Bilbao,Getafe,Home,4,1,1,D,0
15/09/07,708,Ath Bilbao,Zaragoza,Home,5,1,1,D,0
15/09/2018,1819,Ath Bilbao,Real Madrid,Home,3,1,1,D,0
15/09/2024,2425,Ath Bilbao,Las Palmas,Away,4,3,2,A,1
15/10/06,607,Ath Bilbao,Gimnastic,Away,3,3,2,A,0
15/10/2022,2223,Ath Bilbao,Ath Madrid,Home,3,0,1,A,0
15/12/12,1213,Ath Bilbao,Mallorca,Away,2,1,0,A,0
15/12/13,1314,Ath Bilbao,Sevilla,Away,4,1,1,D,0
15/12/2020,2021,Ath Bilbao,Real Madrid,Away,4,1,3,H,1
15/12/2024,2425,Ath Bilbao,Alaves,Away,2,1,1,D,0
16/01/10,910,Ath Bilbao,Real Madrid,Home,3,1,0,H,1
16/02/13,1213,Ath Bilbao,Malaga,Away,6,0,1,H,0
16/02/14,1314,Ath Bilbao,Espanol,Home,3,1,2,A,1
16/02/2020,1920,Ath Bilbao,Osasuna,Home,2,0,1,A,0
16/02/2025,2425,Ath Bilbao,Espanol,Away,4,1,1,D,0
16/03/13,1213,Ath Bilbao,Getafe,Away,1,0,1,H,0
16/03/2019,1819,Ath Bilbao,Ath Madrid,Home,5,2,0,H,0
16/03/2024,2324,Ath Bilbao,Alaves,Home,4,2,0,H,0
16/03/2025,2425,Ath Bilbao,Sevilla,Away,4,1,0,A,0
16/04/06,506,Ath Bilbao,Ath Madrid,Away,2,0,1,H,0
16/05/2021,2021,Ath Bilbao,Real Madrid,Home,1,0,1,A,1
16/07/2020,1920,Ath Bilbao,Leganes,Home,3,0,2,A,1
16/08/2019,1920,Ath Bilbao,Barcelona,Home,5,1,0,H,0
16/08/2021,2122,Ath Bilbao,Elche,Away,3,0,0,D,0
16/09/12,1213,Ath Bilbao,Espanol,Away,7,3,3,D,0
16/09/13,1314,Ath Bilbao,Celta,Home,6,3,2,H,0
16/09/2023,2324,Ath Bilbao,Cadiz,Home,9,3,0,H,0
16/10/05,506,Ath Bilbao,Sevilla,Home,3,0,1,A,1
16/10/16,1617,Ath Bilbao,Sociedad,Home,11,3,2,H,0
16/11/08,809,Ath Bilbao,Osasuna,Home,8,2,0,H,0
16/12/06,607,Ath Bilbao,La Coruna,Away,3,2,0,A,0
16/12/07,708,Ath Bilbao,Mallorca,Away,4,0,0,D,0
16/12/17,1718,Ath Bilbao,Sociedad,Home,1,0,0,D,0
16/12/2023,2324,Ath Bilbao,Ath Madrid,Home,7,2,0,H,0
17/01/15,1415,Ath Bilbao,Villarreal,Away,5,0,2,H,0
17/01/16,1516,Ath Bilbao,Barcelona,Away,3,0,6,H,1
17/01/2026,2526,Ath Bilbao,Mallorca,Away,11,2,3,H,2
17/02/08,708,Ath Bilbao,Ath Madrid,Away,5,2,1,A,0
17/03/07,607,Ath Bilbao,Osasuna,Home,5,0,3,A,1
17/03/14,1314,Ath Bilbao,Villarreal,Away,4,1,1,D,0
17/03/2023,2223,Ath Bilbao,Valladolid,Away,6,3,1,A,0
17/04/11,1011,Ath Bilbao,Osasuna,Away,2,2,1,A,1
17/04/16,1516,Ath Bilbao,Malaga,Away,3,1,0,A,0
17/04/2022,2122,Ath Bilbao,Celta,Home,2,0,2,A,0
17/05/09,809,Ath Bilbao,Espanol,Away,4,0,1,H,0
17/05/15,1415,Ath Bilbao,Elche,Away,5,3,2,A,0
17/05/2026,2526,Ath Bilbao,Celta,Home,9,1,1,D,0
17/06/07,607,Ath Bilbao,Levante,Home,6,2,0,H,0
17/06/2020,1920,Ath Bilbao,Eibar,Away,3,2,2,D,0
17/08/13,1314,Ath Bilbao,Valladolid,Away,3,2,1,A,0
17/08/2025,2526,Ath Bilbao,Sevilla,Home,3,3,2,H,0
17/09/06,607,Ath Bilbao,Ath Madrid,Home,0,1,4,A,0
17/09/17,1718,Ath Bilbao,Las Palmas,Away,5,0,1,H,0
17/09/2022,2223,Ath Bilbao,Vallecano,Home,7,3,2,H,0
17/10/10,1011,Ath Bilbao,Zaragoza,Home,7,2,1,H,0
17/10/11,1112,Ath Bilbao,Osasuna,Home,6,3,1,H,0
17/11/12,1213,Ath Bilbao,Real Madrid,Away,1,1,5,H,0
17/12/05,506,Ath Bilbao,Betis,Home,2,2,0,H,0
17/12/11,1112,Ath Bilbao,Zaragoza,Home,5,2,1,H,1
17/12/2018,1819,Ath Bilbao,Alaves,Away,3,0,0,D,0
18/01/09,809,Ath Bilbao,Valencia,Home,7,3,2,H,0
18/02/07,607,Ath Bilbao,Getafe,Home,4,2,0,H,0
18/02/18,1718,Ath Bilbao,Ath Madrid,Away,0,0,2,H,0
18/02/2019,1819,Ath Bilbao,Huesca,Away,4,1,0,A,0
18/03/12,1112,Ath Bilbao,Valencia,Home,3,0,3,A,1
18/03/17,1617,Ath Bilbao,Real Madrid,Home,5,1,2,A,0
18/03/18,1718,Ath Bilbao,Barcelona,Away,3,0,2,H,0
18/03/2022,2122,Ath Bilbao,Getafe,Home,11,1,1,D,0
18/04/09,809,Ath Bilbao,La Coruna,Home,5,0,1,A,1
18/04/10,910,Ath Bilbao,Zaragoza,Home,6,0,0,D,0
18/04/15,1415,Ath Bilbao,Getafe,Home,8,4,0,H,0
18/04/18,1718,Ath Bilbao,Real Madrid,Away,2,1,1,D,0
18/05/08,708,Ath Bilbao,Sevilla,Away,1,1,4,H,0
18/05/14,1314,Ath Bilbao,Almeria,Away,1,0,0,D,0
18/05/2019,1819,Ath Bilbao,Sevilla,Away,1,0,2,H,0
18/05/2025,2425,Ath Bilbao,Valencia,Away,4,1,0,A,0
18/09/05,506,Ath Bilbao,Malaga,Home,6,1,2,A,0
18/09/10,1011,Ath Bilbao,Sp Gijon,Away,7,2,2,D,0
18/09/11,1112,Ath Bilbao,Betis,Home,9,2,3,A,1
18/09/16,1617,Ath Bilbao,Valencia,Home,4,2,1,H,0
18/09/2021,2122,Ath Bilbao,Ath Madrid,Away,0,0,0,D,0
18/10/09,910,Ath Bilbao,Sp Gijon,Home,2,1,2,A,0
18/10/14,1415,Ath Bilbao,Celta,Home,4,1,1,D,0
18/10/15,1516,Ath Bilbao,La Coruna,Away,2,2,2,D,0
18/10/2020,2021,Ath Bilbao,Levante,Home,5,2,0,H,0
18/10/2022,2223,Ath Bilbao,Getafe,Away,4,2,2,D,0
18/12/10,1011,Ath Bilbao,Levante,Away,6,2,1,A,0
18/12/2020,2021,Ath Bilbao,Huesca,Home,3,2,0,H,0
19/01/18,1718,Ath Bilbao,Getafe,Away,6,2,2,D,0
19/01/2020,1920,Ath Bilbao,Celta,Home,6,1,1,D,0
19/01/2025,2425,Ath Bilbao,Celta,Away,6,2,1,A,0
19/02/06,506,Ath Bilbao,Santander,Away,2,1,0,A,0
19/02/12,1112,Ath Bilbao,Malaga,Home,4,3,0,H,0
19/02/17,1617,Ath Bilbao,Valencia,Away,5,0,2,H,0
19/02/2023,2223,Ath Bilbao,Ath Madrid,Away,2,0,1,H,0
19/02/2024,2324,Ath Bilbao,Girona,Home,7,3,2,H,0
19/03/06,506,Ath Bilbao,Celta,Away,4,1,0,A,1
19/04/2024,2324,Ath Bilbao,Granada,Home,6,1,1,D,0
19/05/07,607,Ath Bilbao,Zaragoza,Away,7,3,4,H,0
19/05/13,1213,Ath Bilbao,Zaragoza,Away,4,2,1,A,0
19/05/2024,2324,Ath Bilbao,Sevilla,Home,6,2,0,H,0
19/07/2020,1920,Ath Bilbao,Granada,Away,3,0,4,H,0
19/08/12,1213,Ath Bilbao,Betis,Home,8,3,5,A,0
19/08/2023,2324,Ath Bilbao,Osasuna,Away,2,2,0,A,1
19/09/2024,2425,Ath Bilbao,Leganes,Away,4,2,0,A,0
19/10/08,809,Ath Bilbao,Barcelona,Home,3,0,1,A,0
19/10/2024,2425,Ath Bilbao,Espanol,Home,6,4,1,H,0
19/10/2025,2526,Ath Bilbao,Elche,Away,1,0,0,D,0
19/11/06,607,Ath Bilbao,Espanol,Away,5,2,3,H,0
19/11/17,1718,Ath Bilbao,Villarreal,Home,3,1,1,D,0
19/11/2021,2122,Ath Bilbao,Levante,Away,2,0,0,D,0
19/12/06,607,Ath Bilbao,Zaragoza,Home,2,0,0,D,0
19/12/09,910,Ath Bilbao,Osasuna,Home,3,2,0,H,0
19/12/16,1617,Ath Bilbao,Celta,Home,7,2,1,H,0
19/12/2021,2122,Ath Bilbao,Betis,Home,6,3,2,H,0
20/01/08,708,Ath Bilbao,Osasuna,Away,1,0,2,H,1
20/01/14,1314,Ath Bilbao,Valladolid,Home,14,4,2,H,0
20/01/2019,1819,Ath Bilbao,Villarreal,Away,2,1,1,D,0
20/01/2024,2324,Ath Bilbao,Valencia,Away,3,0,1,H,0
20/02/11,1011,Ath Bilbao,Barcelona,Away,4,1,2,H,0
20/02/2022,2122,Ath Bilbao,Sociedad,Home,8,4,0,H,0
20/02/2026,2526,Ath Bilbao,Elche,Home,8,2,1,H,0
20/03/10,910,Ath Bilbao,Getafe,Home,3,2,2,D,1
20/03/11,1011,Ath Bilbao,Villarreal,Home,6,0,1,A,0
20/03/16,1516,Ath Bilbao,Espanol,Away,4,1,2,H,0
20/03/2021,2021,Ath Bilbao,Eibar,Home,4,1,1,D,0
20/04/08,708,Ath Bilbao,Valencia,Home,6,5,1,H,0
20/04/14,1314,Ath Bilbao,Barcelona,Away,4,1,2,H,0
20/04/16,1516,Ath Bilbao,Ath Madrid,Home,6,0,1,A,0
20/04/2025,2425,Ath Bilbao,Real Madrid,Away,1,0,1,H,0
20/05/06,506,Ath Bilbao,Barcelona,Home,6,3,1,H,0
20/05/18,1718,Ath Bilbao,Espanol,Home,3,0,1,A,0
20/05/2023,2223,Ath Bilbao,Celta,Home,3,2,1,H,0
20/06/2020,1920,Ath Bilbao,Betis,Home,3,1,0,H,0
20/08/17,1718,Ath Bilbao,Getafe,Home,2,0,0,D,0
20/08/2018,1819,Ath Bilbao,Leganes,Home,5,2,1,H,0
20/09/09,910,Ath Bilbao,Villarreal,Home,9,3,2,H,0
20/09/14,1415,Ath Bilbao,Granada,Home,5,0,1,A,0
20/09/15,1516,Ath Bilbao,Villarreal,Away,2,1,3,H,0
20/09/17,1718,Ath Bilbao,Ath Madrid,Home,7,1,2,A,0
20/09/2025,2526,Ath Bilbao,Valencia,Away,5,0,2,H,1
20/10/12,1213,Ath Bilbao,Valencia,Away,3,2,3,H,1
20/10/2019,1920,Ath Bilbao,Valladolid,Home,7,1,1,D,0
20/11/05,506,Ath Bilbao,Alaves,Home,5,0,2,A,0
20/11/10,1011,Ath Bilbao,Real Madrid,Away,6,1,5,H,0
20/11/11,1112,Ath Bilbao,Sevilla,Away,5,2,1,A,0
20/11/16,1617,Ath Bilbao,Villarreal,Home,5,1,0,H,0
20/12/15,1516,Ath Bilbao,Levante,Home,7,2,0,H,0
20/12/2023,2324,Ath Bilbao,Las Palmas,Home,10,1,0,H,0
21/01/07,607,Ath Bilbao,Levante,Away,3,0,0,D,0
21/01/13,1213,Ath Bilbao,Betis,Away,5,1,1,D,0
21/02/10,910,Ath Bilbao,Tenerife,Home,9,4,1,H,0
21/02/16,1516,Ath Bilbao,Sociedad,Home,2,0,1,A,0
21/02/2021,2021,Ath Bilbao,Villarreal,Home,8,1,1,D,0
21/03/09,809,Ath Bilbao,Villarreal,Away,5,0,2,H,1
21/03/12,1112,Ath Bilbao,Ath Madrid,Away,2,1,2,H,0
21/03/15,1415,Ath Bilbao,Almeria,Home,6,2,1,H,0
21/04/09,809,Ath Bilbao,Numancia,Away,4,2,1,A,1
21/04/13,1213,Ath Bilbao,La Coruna,Away,3,1,1,D,1
21/04/2019,1819,Ath Bilbao,Real Madrid,Away,3,0,3,H,0
21/04/2021,2021,Ath Bilbao,Betis,Away,4,0,0,D,0
21/04/2022,2122,Ath Bilbao,Cadiz,Away,7,3,2,A,1
21/04/2026,2526,Ath Bilbao,Osasuna,Home,2,1,0,H,1
21/05/11,1011,Ath Bilbao,Santander,Away,7,2,1,A,0
21/05/17,1617,Ath Bilbao,Ath Madrid,Away,1,1,3,H,0
21/08/16,1617,Ath Bilbao,Sp Gijon,Away,4,1,2,H,0
21/08/2021,2122,Ath Bilbao,Barcelona,Home,7,1,1,D,0
21/08/2022,2223,Ath Bilbao,Valencia,Home,2,1,0,H,0
21/09/08,809,Ath Bilbao,Valladolid,Home,6,2,0,H,0
21/09/10,1011,Ath Bilbao,Mallorca,Home,6,3,0,H,0
21/09/11,1112,Ath Bilbao,Malaga,Away,3,0,1,H,0
21/09/16,1617,Ath Bilbao,Granada,Away,8,2,1,A,0
21/09/2021,2122,Ath Bilbao,Vallecano,Home,1,1,2,A,0
21/10/07,708,Ath Bilbao,Valladolid,Away,2,2,1,A,0
21/10/13,1314,Ath Bilbao,Villarreal,Home,3,2,0,H,0
21/10/2018,1819,Ath Bilbao,Eibar,Away,3,1,1,D,0
21/11/09,910,Ath Bilbao,Barcelona,Home,1,1,1,D,0
21/11/14,1415,Ath Bilbao,Espanol,Home,5,3,1,H,0
21/12/05,506,Ath Bilbao,Zaragoza,Away,4,2,3,H,0
21/12/08,809,Ath Bilbao,Betis,Away,4,1,0,A,0
21/12/14,1415,Ath Bilbao,Ath Madrid,Home,2,1,4,A,0
21/12/2024,2425,Ath Bilbao,Osasuna,Away,8,2,1,A,0
22/01/06,506,Ath Bilbao,Sociedad,Away,8,3,3,D,0
22/01/12,1112,Ath Bilbao,Real Madrid,Away,2,1,4,H,1
22/01/17,1617,Ath Bilbao,Ath Madrid,Home,5,2,2,D,0
22/01/2023,2223,Ath Bilbao,Real Madrid,Home,3,0,2,A,0
22/02/09,809,Ath Bilbao,Getafe,Away,2,1,1,D,0
22/02/13,1213,Ath Bilbao,Sociedad,Home,5,1,3,A,0
22/02/15,1415,Ath Bilbao,Vallecano,Home,6,1,0,H,0
22/03/06,506,Ath Bilbao,Espanol,Home,5,1,1,D,0
22/03/14,1314,Ath Bilbao,Getafe,Home,8,1,0,H,0
22/03/2026,2526,Ath Bilbao,Betis,Home,6,2,1,H,0
22/04/07,607,Ath Bilbao,Sevilla,Away,4,1,4,H,0
22/04/12,1112,Ath Bilbao,Santander,Away,2,1,0,A,0
22/04/2023,2223,Ath Bilbao,Almeria,Away,3,2,1,A,0
22/05/2021,2021,Ath Bilbao,Elche,Away,2,0,2,H,0
22/05/2022,2122,Ath Bilbao,Sevilla,Away,1,0,1,H,0
22/09/05,506,Ath Bilbao,Real Madrid,Away,5,1,3,H,0
22/09/2019,1920,Ath Bilbao,Alaves,Home,4,2,0,H,0
22/09/2023,2324,Ath Bilbao,Alaves,Away,3,2,0,A,0
22/09/2024,2425,Ath Bilbao,Celta,Home,7,3,1,H,0
22/10/06,607,Ath Bilbao,Celta,Home,6,0,1,A,0
22/10/17,1718,Ath Bilbao,Leganes,Away,1,0,1,H,0
22/10/2023,2324,Ath Bilbao,Barcelona,Away,3,0,1,H,0
22/11/15,1516,Ath Bilbao,Granada,Away,6,0,2,H,0
22/11/2025,2526,Ath Bilbao,Barcelona,Away,2,0,4,H,1
22/12/12,1213,Ath Bilbao,Zaragoza,Home,3,0,2,A,0
22/12/13,1314,Ath Bilbao,Vallecano,Home,9,2,1,H,0
22/12/17,1718,Ath Bilbao,Betis,Away,7,2,0,A,0
22/12/2018,1819,Ath Bilbao,Valladolid,Home,3,1,1,D,0
22/12/2019,1920,Ath Bilbao,Real Madrid,Away,2,0,0,D,0
22/12/2020,2021,Ath Bilbao,Villarreal,Away,3,1,1,D,0
22/12/2021,2122,Ath Bilbao,Real Madrid,Home,2,1,2,A,0
22/12/2025,2526,Ath Bilbao,Espanol,Home,7,1,2,A,0
23/01/10,910,Ath Bilbao,La Coruna,Away,4,1,3,H,0
23/01/2022,2122,Ath Bilbao,Vallecano,Away,3,1,0,A,0
23/02/14,1314,Ath Bilbao,Betis,Away,7,2,0,A,0
23/02/2019,1819,Ath Bilbao,Eibar,Home,4,1,0,H,0
23/02/2020,1920,Ath Bilbao,Alaves,Away,5,1,2,H,0
23/02/2025,2425,Ath Bilbao,Valladolid,Home,16,7,1,H,0
23/03/08,708,Ath Bilbao,Getafe,Home,7,1,0,H,0
23/04/06,506,Ath Bilbao,Valencia,Home,4,0,3,A,0
23/04/11,1011,Ath Bilbao,Sociedad,Home,6,2,1,H,0
23/04/18,1718,Ath Bilbao,Levante,Home,5,1,3,A,0
23/04/2025,2425,Ath Bilbao,Las Palmas,Home,4,1,0,H,0
23/05/09,809,Ath Bilbao,Ath Madrid,Home,6,1,4,A,0
23/05/15,1415,Ath Bilbao,Villarreal,Home,8,4,0,H,0
23/05/2026,2526,Ath Bilbao,Real Madrid,Away,2,2,4,H,0
23/06/2020,1920,Ath Bilbao,Barcelona,Away,0,0,1,H,0
23/08/13,1314,Ath Bilbao,Osasuna,Home,2,2,0,H,0
23/08/14,1415,Ath Bilbao,Malaga,Away,5,0,1,H,0
23/08/15,1516,Ath Bilbao,Barcelona,Home,2,0,1,A,0
23/09/07,708,Ath Bilbao,Levante,Away,6,2,1,A,1
23/09/09,910,Ath Bilbao,Tenerife,Away,3,0,1,H,0
23/09/12,1213,Ath Bilbao,Malaga,Home,1,0,0,D,0
23/09/13,1314,Ath Bilbao,Espanol,Away,3,2,3,H,0
23/09/15,1516,Ath Bilbao,Real Madrid,Home,5,1,2,A,0
23/09/17,1718,Ath Bilbao,Malaga,Away,7,3,3,D,0
23/09/2018,1819,Ath Bilbao,Betis,Away,4,2,2,D,1
23/09/2025,2526,Ath Bilbao,Girona,Home,5,1,1,D,0
23/10/05,506,Ath Bilbao,Cadiz,Away,0,0,1,H,0
23/10/11,1112,Ath Bilbao,Valencia,Away,3,1,1,D,0
23/10/16,1617,Ath Bilbao,Real Madrid,Away,3,1,2,H,0
23/10/2021,2122,Ath Bilbao,Villarreal,Home,7,2,1,H,0
23/10/2022,2223,Ath Bilbao,Barcelona,Away,3,0,4,H,0
23/11/08,809,Ath Bilbao,La Coruna,Away,6,1,3,H,0
23/11/2020,2021,Ath Bilbao,Betis,Home,9,4,0,H,0
23/12/07,708,Ath Bilbao,Murcia,Home,4,1,1,D,1
24/01/11,1011,Ath Bilbao,Hercules,Home,4,3,0,H,0
24/01/16,1516,Ath Bilbao,Eibar,Home,5,5,2,H,0
24/01/2026,2526,Ath Bilbao,Sevilla,Away,3,1,2,H,0
24/02/08,708,Ath Bilbao,Villarreal,Home,2,1,2,A,0
24/04/15,1415,Ath Bilbao,Cordoba,Away,4,1,0,A,0
24/04/16,1516,Ath Bilbao,Levante,Away,8,2,2,D,0
24/04/17,1617,Ath Bilbao,Eibar,Away,3,1,0,A,0
24/04/2019,1819,Ath Bilbao,Leganes,Away,2,1,0,A,0
24/08/2019,1920,Ath Bilbao,Getafe,Away,2,1,1,D,0
24/08/2024,2425,Ath Bilbao,Barcelona,Away,2,1,2,H,0
24/09/06,607,Ath Bilbao,Getafe,Away,2,0,0,D,2
24/09/11,1112,Ath Bilbao,Villarreal,Home,6,1,1,D,1
24/09/14,1415,Ath Bilbao,Vallecano,Away,3,1,2,H,0
24/09/16,1617,Ath Bilbao,Sevilla,Home,7,3,1,H,0
24/10/10,1011,Ath Bilbao,Sevilla,Away,9,3,4,H,0
24/10/2018,1819,Ath Bilbao,Vallecano,Away,4,1,1,D,0
24/10/2020,2021,Ath Bilbao,Osasuna,Away,5,0,1,H,0
24/11/2019,1920,Ath Bilbao,Osasuna,Away,4,2,1,A,0
24/11/2024,2425,Ath Bilbao,Sociedad,Home,4,1,0,H,0
25/01/09,809,Ath Bilbao,Almeria,Away,4,1,2,H,0
25/01/15,1415,Ath Bilbao,Malaga,Home,5,1,1,D,0
25/01/2020,1920,Ath Bilbao,Espanol,Away,3,1,1,D,0
25/01/2021,2021,Ath Bilbao,Getafe,Home,8,5,1,H,0
25/02/07,607,Ath Bilbao,Barcelona,Away,1,0,3,H,0
25/02/18,1718,Ath Bilbao,Malaga,Home,6,2,1,H,0
25/02/2024,2324,Ath Bilbao,Betis,Away,1,1,3,H,1
25/03/06,506,Ath Bilbao,Osasuna,Home,2,1,0,H,1
25/03/10,910,Ath Bilbao,Ath Madrid,Away,5,0,2,H,0
25/03/12,1112,Ath Bilbao,Sp Gijon,Home,4,1,1,D,0
25/03/14,1314,Ath Bilbao,Elche,Away,1,0,0,D,0
25/04/2021,2021,Ath Bilbao,Ath Madrid,Home,3,2,1,H,0
25/04/2026,2526,Ath Bilbao,Ath Madrid,Away,4,2,3,H,0
25/05/2023,2223,Ath Bilbao,Osasuna,Away,5,0,2,H,0
25/05/2024,2324,Ath Bilbao,Vallecano,Away,1,1,0,A,0
25/05/2025,2425,Ath Bilbao,Barcelona,Home,1,0,3,A,0
25/08/2025,2526,Ath Bilbao,Vallecano,Home,4,1,0,H,0
25/09/05,506,Ath Bilbao,Santander,Home,3,0,0,D,0
25/09/08,809,Ath Bilbao,Recreativo,Away,3,1,1,D,0
25/09/10,1011,Ath Bilbao,Barcelona,Home,4,1,3,A,1
25/09/2019,1920,Ath Bilbao,Leganes,Away,2,1,1,D,0
25/09/2021,2122,Ath Bilbao,Valencia,Away,4,1,1,D,0
25/10/09,910,Ath Bilbao,Getafe,Away,4,0,2,H,2
25/10/14,1415,Ath Bilbao,Almeria,Away,1,1,0,A,0
25/10/2025,2526,Ath Bilbao,Getafe,Home,4,0,1,A,0
25/11/07,708,Ath Bilbao,La Coruna,Home,3,2,2,D,0
25/11/12,1213,Ath Bilbao,La Coruna,Home,6,1,1,D,0
25/11/13,1314,Ath Bilbao,Malaga,Away,6,2,1,A,0
25/11/2018,1819,Ath Bilbao,Getafe,Home,4,1,1,D,0
26/01/14,1314,Ath Bilbao,Osasuna,Away,9,5,1,A,0
26/01/18,1718,Ath Bilbao,Eibar,Home,1,1,1,D,0
26/01/2025,2425,Ath Bilbao,Leganes,Home,3,0,0,D,0
26/02/06,506,Ath Bilbao,Villarreal,Home,4,1,1,D,0
26/02/12,1112,Ath Bilbao,Villarreal,Away,6,2,2,D,0
26/02/17,1617,Ath Bilbao,Granada,Home,7,3,1,H,0
26/02/2021,2021,Ath Bilbao,Levante,Away,5,1,1,D,1
26/02/2023,2223,Ath Bilbao,Girona,Home,3,2,3,A,0
26/04/09,809,Ath Bilbao,Santander,Home,5,2,1,H,2
26/04/10,910,Ath Bilbao,Osasuna,Away,5,0,0,D,0
26/05/13,1213,Ath Bilbao,Levante,Home,4,0,1,A,1
26/08/07,708,Ath Bilbao,Osasuna,Home,2,0,0,D,1
26/09/07,708,Ath Bilbao,Ath Madrid,Home,4,0,2,A,0
26/09/09,910,Ath Bilbao,Sevilla,Home,3,0,4,A,1
26/09/13,1314,Ath Bilbao,Betis,Home,8,2,1,H,0
26/09/2018,1819,Ath Bilbao,Villarreal,Home,2,0,3,A,0
26/10/05,506,Ath Bilbao,Osasuna,Away,2,2,3,H,0
26/10/08,809,Ath Bilbao,Real Madrid,Away,5,2,3,H,1
26/10/15,1516,Ath Bilbao,Sp Gijon,Home,6,3,0,H,0
26/10/2019,1920,Ath Bilbao,Ath Madrid,Away,2,0,2,H,0
26/10/2021,2122,Ath Bilbao,Espanol,Away,7,1,1,D,0
26/11/05,506,Ath Bilbao,Mallorca,Away,1,1,0,A,0
26/11/06,607,Ath Bilbao,Sevilla,Home,6,1,3,A,0
26/11/17,1718,Ath Bilbao,La Coruna,Away,3,2,2,D,0
26/11/2021,2122,Ath Bilbao,Granada,Home,5,2,2,D,1
27/01/08,708,Ath Bilbao,Barcelona,Home,6,1,1,D,0
27/01/13,1213,Ath Bilbao,Ath Madrid,Home,10,3,0,H,0
27/01/2019,1819,Ath Bilbao,Betis,Home,2,1,0,H,1
27/02/11,1011,Ath Bilbao,Valencia,Home,6,1,2,A,0
27/02/2022,2122,Ath Bilbao,Barcelona,Away,3,0,4,H,0
27/04/08,708,Ath Bilbao,Real Madrid,Away,7,0,3,H,0
27/04/13,1213,Ath Bilbao,Barcelona,Home,3,2,2,D,0
27/04/14,1314,Ath Bilbao,Sevilla,Home,4,3,1,H,0
27/04/17,1617,Ath Bilbao,Betis,Home,9,2,1,H,0
27/04/2019,1819,Ath Bilbao,Alaves,Home,1,1,1,D,0
27/04/2023,2223,Ath Bilbao,Sevilla,Home,2,0,1,A,0
27/04/2024,2324,Ath Bilbao,Ath Madrid,Away,1,1,3,H,0
27/05/07,607,Ath Bilbao,Mallorca,Home,2,1,0,H,0
27/06/2020,1920,Ath Bilbao,Mallorca,Home,6,3,1,H,0
27/08/05,506,Ath Bilbao,Sociedad,Home,6,3,0,H,0
27/08/06,607,Ath Bilbao,Sociedad,Home,2,1,1,D,0
27/08/12,1213,Ath Bilbao,Ath Madrid,Away,0,0,4,H,0
27/08/17,1718,Ath Bilbao,Eibar,Away,4,1,0,A,0
27/08/2018,1819,Ath Bilbao,Huesca,Home,4,2,2,D,0
27/08/2023,2324,Ath Bilbao,Betis,Home,6,4,2,H,0
27/09/14,1415,Ath Bilbao,Eibar,Home,1,0,0,D,0
27/09/15,1516,Ath Bilbao,Sociedad,Away,2,0,0,D,0
27/09/2020,2021,Ath Bilbao,Eibar,Away,5,2,1,A,0
27/09/2023,2324,Ath Bilbao,Getafe,Home,4,2,2,D,1
27/09/2025,2526,Ath Bilbao,Villarreal,Away,4,0,1,H,0
27/10/07,708,Ath Bilbao,Betis,Home,4,0,0,D,0
27/10/11,1112,Ath Bilbao,Ath Madrid,Home,4,3,0,H,0
27/10/2018,1819,Ath Bilbao,Valencia,Home,2,0,0,D,0
27/11/11,1112,Ath Bilbao,Granada,Home,4,0,1,A,0
27/11/2023,2324,Ath Bilbao,Girona,Away,6,1,1,D,0
28/01/06,506,Ath Bilbao,Getafe,Home,3,1,0,H,0
28/01/07,607,Ath Bilbao,Sociedad,Away,4,2,0,A,0
28/01/12,1112,Ath Bilbao,Vallecano,Away,4,3,2,A,0
28/01/2024,2324,Ath Bilbao,Cadiz,Away,0,0,0,D,0
28/02/09,809,Ath Bilbao,Sevilla,Home,5,1,2,A,0
28/02/10,910,Ath Bilbao,Sevilla,Away,6,0,0,D,0
28/02/14,1314,Ath Bilbao,Granada,Home,10,4,0,H,0
28/02/16,1516,Ath Bilbao,Valencia,Away,4,3,0,A,0
28/02/18,1718,Ath Bilbao,Valencia,Home,4,1,1,D,0
28/02/2026,2526,Ath Bilbao,Vallecano,Away,2,1,1,D,0
28/04/15,1415,Ath Bilbao,Sociedad,Home,3,1,1,D,0
28/04/18,1718,Ath Bilbao,Sociedad,Away,3,1,3,H,0
28/04/2021,2021,Ath Bilbao,Valladolid,Home,7,2,2,D,0
28/05/2023,2223,Ath Bilbao,Elche,Home,8,0,1,A,0
28/08/10,1011,Ath Bilbao,Hercules,Away,5,1,0,A,0
28/08/11,1112,Ath Bilbao,Vallecano,Home,4,1,1,D,0
28/08/16,1617,Ath Bilbao,Barcelona,Home,4,0,1,A,0
28/08/2021,2122,Ath Bilbao,Celta,Away,2,1,0,A,0
28/08/2024,2425,Ath Bilbao,Valencia,Home,4,1,0,H,0
28/09/08,809,Ath Bilbao,Getafe,Home,6,0,1,A,0
28/09/2019,1920,Ath Bilbao,Valencia,Home,3,0,1,A,0
28/10/12,1213,Ath Bilbao,Getafe,Home,10,1,2,A,0
28/10/13,1314,Ath Bilbao,Getafe,Away,5,1,0,A,0
28/10/17,1718,Ath Bilbao,Barcelona,Home,5,0,2,A,0
28/10/2024,2425,Ath Bilbao,Mallorca,Away,1,0,0,D,0
28/11/10,1011,Ath Bilbao,Osasuna,Home,5,1,0,H,0
28/11/16,1617,Ath Bilbao,Las Palmas,Away,3,1,3,H,1
29/01/17,1617,Ath Bilbao,Sp Gijon,Home,6,2,1,H,0
29/01/2023,2223,Ath Bilbao,Celta,Away,0,0,1,H,0
29/03/10,910,Ath Bilbao,Santander,Home,5,4,3,H,0
29/03/14,1314,Ath Bilbao,Ath Madrid,Home,2,1,2,A,1
29/03/2019,1819,Ath Bilbao,Girona,Away,5,2,1,A,0
29/04/06,506,Ath Bilbao,Betis,Away,5,1,1,D,0
29/04/07,607,Ath Bilbao,Real Madrid,Home,8,1,4,A,0
29/04/12,1112,Ath Bilbao,Zaragoza,Away,3,0,2,H,0
29/08/2022,2223,Ath Bilbao,Cadiz,Away,8,4,0,A,0
29/09/12,1213,Ath Bilbao,Sociedad,Away,1,0,2,H,1
29/09/2018,1819,Ath Bilbao,Barcelona,Away,2,1,1,D,0
29/09/2024,2425,Ath Bilbao,Sevilla,Home,3,1,1,D,1
29/10/05,506,Ath Bilbao,Celta,Home,3,1,1,D,0
29/10/06,607,Ath Bilbao,Osasuna,Away,5,1,1,D,0
29/10/2023,2324,Ath Bilbao,Valencia,Home,7,2,2,D,0
29/11/09,910,Ath Bilbao,Almeria,Away,7,4,1,A,0
29/11/14,1415,Ath Bilbao,Getafe,Away,3,2,1,A,0
29/11/15,1516,Ath Bilbao,Vallecano,Away,4,3,0,A,1
29/11/2020,2021,Ath Bilbao,Getafe,Away,2,1,1,D,0
29/11/2025,2526,Ath Bilbao,Levante,Away,4,2,0,A,0
29/12/2022,2223,Ath Bilbao,Betis,Away,0,0,0,D,0
30/01/10,910,Ath Bilbao,Espanol,Away,2,0,1,H,0
30/01/11,1011,Ath Bilbao,Ath Madrid,Away,7,2,0,A,0
30/01/16,1516,Ath Bilbao,Getafe,Away,3,1,0,A,0
30/03/08,708,Ath Bilbao,Recreativo,Away,2,1,1,D,0
30/03/2025,2425,Ath Bilbao,Osasuna,Home,5,0,0,D,0
30/04/17,1617,Ath Bilbao,Celta,Away,12,3,0,A,0
30/04/2022,2122,Ath Bilbao,Ath Madrid,Home,4,2,0,H,0
30/05/09,809,Ath Bilbao,Valencia,Away,3,0,2,H,1
30/08/09,910,Ath Bilbao,Espanol,Home,4,1,0,H,0
30/08/14,1415,Ath Bilbao,Levante,Home,5,3,0,H,0
30/08/15,1516,Ath Bilbao,Eibar,Away,1,0,2,H,0
30/08/2019,1920,Ath Bilbao,Sociedad,Home,5,2,0,H,0
30/09/06,607,Ath Bilbao,Barcelona,Home,2,1,3,A,1
30/09/07,708,Ath Bilbao,Villarreal,Away,5,0,1,H,0
30/09/13,1314,Ath Bilbao,Granada,Away,4,0,2,H,0
30/09/2022,2223,Ath Bilbao,Almeria,Home,4,4,0,H,0
30/09/2023,2324,Ath Bilbao,Sociedad,Away,3,0,3,H,0
30/10/11,1112,Ath Bilbao,Sp Gijon,Away,3,1,1,D,0
30/10/16,1617,Ath Bilbao,Osasuna,Home,4,1,1,D,0
30/10/2019,1920,Ath Bilbao,Espanol,Home,5,3,0,H,0
30/10/2022,2223,Ath Bilbao,Villarreal,Home,7,1,0,H,0
30/11/08,809,Ath Bilbao,Numancia,Home,8,2,0,H,1
30/12/15,1516,Ath Bilbao,Celta,Away,5,1,0,A,0
31/01/09,809,Ath Bilbao,Malaga,Home,6,3,2,H,0
31/01/2021,2021,Ath Bilbao,Barcelona,Away,2,1,2,H,0
31/03/12,1112,Ath Bilbao,Barcelona,Away,1,0,2,H,0
31/03/18,1718,Ath Bilbao,Celta,Home,2,1,1,D,0
31/03/2024,2324,Ath Bilbao,Real Madrid,Away,3,0,2,H,0
31/08/08,809,Ath Bilbao,Almeria,Home,4,1,3,A,0
31/08/2024,2425,Ath Bilbao,Ath Madrid,Home,1,0,1,A,0
31/08/2025,2526,Ath Bilbao,Betis,Away,6,2,1,A,1
31/10/07,708,Ath Bilbao,Getafe,Away,4,0,2,H,1
31/10/09,910,Ath Bilbao,Ath Madrid,Home,6,1,0,H,0
31/10/10,1011,Ath Bilbao,Getafe,Home,7,3,0,H,0
31/10/13,1314,Ath Bilbao,Elche,Home,5,2,2,D,0
31/10/2020,2021,Ath Bilbao,Sevilla,Home,5,2,1,H,0
31/10/2021,2122,Ath Bilbao,Sociedad,Away,5,1,1,D,1
31/12/2020,2021,Ath Bilbao,Sociedad,Home,0,0,1,A,0
01/02/09,809,Ath Madrid,Valladolid,Home,2,1,2,A,0
01/02/2020,1920,Ath Madrid,Real Madrid,Away,1,0,1,H,0
01/02/2025,2425,Ath Madrid,Mallorca,Home,5,2,0,H,0
01/03/08,708,Ath Madrid,Barcelona,Home,6,4,2,H,0
01/03/09,809,Ath Madrid,Barcelona,Home,9,4,3,H,0
01/03/15,1415,Ath Madrid,Sevilla,Away,2,0,0,D,0
01/03/16,1516,Ath Madrid,Sociedad,Home,5,3,0,H,0
01/03/2020,1920,Ath Madrid,Espanol,Away,2,1,1,D,0
01/03/2025,2425,Ath Madrid,Ath Bilbao,Home,4,1,0,H,0
01/04/07,607,Ath Madrid,Mallorca,Home,3,1,1,D,1
01/04/12,1112,Ath Madrid,Getafe,Home,4,3,0,H,0
01/04/17,1617,Ath Madrid,Malaga,Away,6,2,0,A,0
01/04/18,1718,Ath Madrid,La Coruna,Home,3,1,0,H,0
01/04/2024,2324,Ath Madrid,Villarreal,Away,8,2,1,A,0
01/05/2021,2021,Ath Madrid,Elche,Away,4,1,0,A,0
01/06/13,1213,Ath Madrid,Zaragoza,Away,4,3,1,A,0
01/09/13,1314,Ath Madrid,Sociedad,Away,9,2,1,A,0
01/09/2018,1819,Ath Madrid,Celta,Away,0,0,2,H,1
01/09/2019,1920,Ath Madrid,Eibar,Home,3,3,2,H,0
01/10/06,607,Ath Madrid,Real Madrid,Away,6,1,1,D,0
01/10/2022,2223,Ath Madrid,Sevilla,Away,6,2,0,A,0
01/10/2023,2324,Ath Madrid,Cadiz,Home,9,3,2,H,0
01/11/08,809,Ath Madrid,Mallorca,Home,3,2,0,H,0
01/11/14,1415,Ath Madrid,Cordoba,Home,8,4,2,H,0
01/11/2025,2526,Ath Madrid,Sevilla,Home,6,3,0,H,0
01/12/12,1213,Ath Madrid,Real Madrid,Away,2,0,2,H,0
01/12/2019,1920,Ath Madrid,Barcelona,Home,2,0,1,A,0
02/01/10,910,Ath Madrid,Sevilla,Home,3,2,1,H,0
02/01/16,1516,Ath Madrid,Levante,Home,2,1,0,H,0
02/01/2022,2122,Ath Madrid,Vallecano,Home,5,2,0,H,0
02/02/14,1314,Ath Madrid,Sociedad,Home,6,4,0,H,0
02/03/11,1011,Ath Madrid,Getafe,Away,3,1,1,D,0
02/03/14,1314,Ath Madrid,Real Madrid,Home,4,2,2,D,0
02/03/17,1617,Ath Madrid,La Coruna,Away,4,1,1,D,0
02/04/06,506,Ath Madrid,Celta,Home,7,0,3,A,0
02/04/16,1516,Ath Madrid,Betis,Home,12,5,1,H,0
02/04/2019,1819,Ath Madrid,Girona,Home,7,2,0,H,0
02/04/2022,2122,Ath Madrid,Alaves,Home,8,4,1,H,0
02/04/2023,2223,Ath Madrid,Betis,Home,7,1,0,H,0
02/05/10,910,Ath Madrid,Sevilla,Away,3,1,3,H,0
02/05/12,1112,Ath Madrid,Sociedad,Home,1,1,1,D,1
02/05/15,1415,Ath Madrid,Ath Bilbao,Home,3,0,0,D,0
02/05/2026,2526,Ath Madrid,Valencia,Away,5,2,0,A,0
02/09/07,708,Ath Madrid,Mallorca,Home,5,1,1,D,0
02/10/05,506,Ath Madrid,Malaga,Away,7,2,0,A,0
02/10/11,1112,Ath Madrid,Sevilla,Home,4,0,0,D,0
02/10/16,1617,Ath Madrid,Valencia,Away,10,2,0,A,0
02/10/2021,2122,Ath Madrid,Barcelona,Home,3,2,0,H,0
02/11/2019,1920,Ath Madrid,Sevilla,Away,5,1,1,D,0
02/12/06,607,Ath Madrid,Betis,Away,5,1,0,A,0
02/12/07,708,Ath Madrid,Betis,Away,4,2,0,A,0
02/12/17,1718,Ath Madrid,Sociedad,Home,10,2,1,H,0
02/12/2018,1819,Ath Madrid,Girona,Away,3,1,1,D,0
02/12/2025,2526,Ath Madrid,Barcelona,Away,2,1,3,H,0
03/01/09,809,Ath Madrid,Valencia,Away,5,1,3,H,0
03/01/11,1011,Ath Madrid,Santander,Home,5,0,0,D,0
03/01/15,1415,Ath Madrid,Levante,Home,5,3,1,H,0
03/01/2021,2021,Ath Madrid,Alaves,Away,4,2,1,A,0
03/01/2024,2324,Ath Madrid,Girona,Away,12,3,4,H,0
03/02/07,607,Ath Madrid,Valencia,Away,4,1,3,H,0
03/02/08,708,Ath Madrid,Murcia,Home,4,1,1,D,0
03/02/13,1213,Ath Madrid,Betis,Home,6,1,0,H,0
03/02/2019,1819,Ath Madrid,Betis,Away,1,0,1,H,0
03/03/12,1112,Ath Madrid,Sevilla,Away,6,1,1,D,0
03/03/13,1213,Ath Madrid,Malaga,Away,2,0,0,D,0
03/03/2019,1819,Ath Madrid,Sociedad,Away,3,2,0,A,1
03/03/2024,2324,Ath Madrid,Betis,Home,12,2,1,H,0
03/04/11,1011,Ath Madrid,Osasuna,Away,6,3,2,A,0
03/05/06,506,Ath Madrid,Osasuna,Home,5,0,1,A,1
03/05/08,708,Ath Madrid,Recreativo,Home,8,3,0,H,0
03/05/09,809,Ath Madrid,Betis,Away,3,2,0,A,0
03/05/2023,2223,Ath Madrid,Cadiz,Home,8,5,1,H,0
03/05/2025,2425,Ath Madrid,Alaves,Away,2,0,0,D,0
03/07/2020,1920,Ath Madrid,Mallorca,Home,3,3,0,H,0
03/09/2022,2223,Ath Madrid,Sociedad,Away,7,1,1,D,0
03/10/09,910,Ath Madrid,Zaragoza,Home,6,2,1,H,0
03/10/10,1011,Ath Madrid,Sevilla,Away,4,1,3,H,0
03/10/2020,2021,Ath Madrid,Villarreal,Home,1,0,0,D,0
03/11/12,1213,Ath Madrid,Valencia,Away,2,0,2,H,0
03/11/13,1314,Ath Madrid,Ath Bilbao,Home,8,2,0,H,0
03/11/2018,1819,Ath Madrid,Leganes,Away,4,1,1,D,0
03/11/2023,2324,Ath Madrid,Las Palmas,Away,5,1,2,H,0
03/11/2024,2425,Ath Madrid,Las Palmas,Home,3,2,0,H,0
03/12/05,506,Ath Madrid,Ath Bilbao,Away,1,1,1,D,0
03/12/16,1617,Ath Madrid,Espanol,Home,3,0,0,D,0
03/12/2023,2324,Ath Madrid,Barcelona,Away,4,0,1,H,0
04/01/14,1314,Ath Madrid,Malaga,Away,6,1,0,A,0
04/01/2020,1920,Ath Madrid,Levante,Home,8,2,1,H,0
04/01/2026,2526,Ath Madrid,Sociedad,Away,2,1,1,D,0
04/02/17,1617,Ath Madrid,Leganes,Home,4,2,0,H,0
04/02/18,1718,Ath Madrid,Valencia,Home,4,1,0,H,0
04/02/2023,2223,Ath Madrid,Getafe,Home,4,1,1,D,0
04/02/2024,2324,Ath Madrid,Real Madrid,Away,5,1,1,D,0
04/03/06,506,Ath Madrid,Real Madrid,Away,6,1,2,H,0
04/03/07,607,Ath Madrid,Recreativo,Away,3,0,1,H,0
04/03/18,1718,Ath Madrid,Barcelona,Away,1,0,1,H,0
04/03/2023,2223,Ath Madrid,Sevilla,Home,8,6,1,H,0
04/04/10,910,Ath Madrid,La Coruna,Home,10,3,0,H,0
04/04/15,1415,Ath Madrid,Cordoba,Away,4,2,0,A,0
04/04/17,1617,Ath Madrid,Sociedad,Home,8,1,0,H,0
04/04/2021,2021,Ath Madrid,Sevilla,Away,4,0,1,H,0
04/04/2026,2526,Ath Madrid,Barcelona,Home,2,1,2,A,1
04/05/13,1213,Ath Madrid,La Coruna,Away,0,0,0,D,0
04/05/14,1314,Ath Madrid,Levante,Away,7,0,2,H,0
04/05/2019,1819,Ath Madrid,Espanol,Away,3,0,3,H,0
04/05/2024,2324,Ath Madrid,Mallorca,Away,4,1,0,A,0
04/06/2023,2223,Ath Madrid,Villarreal,Away,3,2,2,D,1
04/10/08,809,Ath Madrid,Barcelona,Away,2,1,6,H,0
04/10/14,1415,Ath Madrid,Valencia,Away,5,1,3,H,1
04/10/15,1516,Ath Madrid,Real Madrid,Home,4,1,1,D,0
04/11/06,607,Ath Madrid,Mallorca,Away,3,0,0,D,0
04/11/07,708,Ath Madrid,Villarreal,Home,6,3,4,A,0
04/11/17,1718,Ath Madrid,La Coruna,Away,3,1,0,A,0
04/12/10,1011,Ath Madrid,Levante,Away,5,0,2,H,0
04/12/11,1112,Ath Madrid,Vallecano,Home,8,3,1,H,0
04/12/2021,2122,Ath Madrid,Mallorca,Home,6,1,2,A,0
05/02/06,506,Ath Madrid,Barcelona,Away,5,3,1,A,0
05/02/11,1011,Ath Madrid,Barcelona,Away,4,0,3,H,0
05/02/12,1112,Ath Madrid,Valencia,Home,3,0,0,D,0
05/03/11,1011,Ath Madrid,Villarreal,Home,6,3,1,H,0
05/03/17,1617,Ath Madrid,Valencia,Home,8,3,0,H,0
05/04/09,809,Ath Madrid,Osasuna,Home,6,2,4,A,0
05/04/14,1314,Ath Madrid,Villarreal,Home,3,1,0,H,0
05/05/10,910,Ath Madrid,Valladolid,Home,8,3,1,H,0
05/05/12,1112,Ath Madrid,Malaga,Home,2,2,1,H,0
05/10/2025,2526,Ath Madrid,Celta,Away,1,1,1,D,1
05/11/16,1617,Ath Madrid,Sociedad,Away,2,0,2,H,0
05/12/09,910,Ath Madrid,Xerez,Away,6,2,0,A,1
05/12/15,1516,Ath Madrid,Granada,Away,4,2,0,A,0
05/12/2020,2021,Ath Madrid,Valladolid,Home,4,2,0,H,0
06/01/07,607,Ath Madrid,Gimnastic,Home,6,0,0,D,1
06/01/08,708,Ath Madrid,La Coruna,Away,4,3,0,A,0
06/01/13,1213,Ath Madrid,Mallorca,Away,6,1,1,D,0
06/01/18,1718,Ath Madrid,Getafe,Home,5,2,0,H,1
06/01/2019,1819,Ath Madrid,Sevilla,Away,7,1,1,D,0
06/02/16,1516,Ath Madrid,Eibar,Home,4,3,1,H,0
06/02/2022,2122,Ath Madrid,Barcelona,Away,4,2,4,H,0
06/03/16,1516,Ath Madrid,Valencia,Away,5,3,1,A,0
06/03/2022,2122,Ath Madrid,Betis,Away,6,3,1,A,0
06/04/08,708,Ath Madrid,Almeria,Home,11,6,3,H,0
06/04/2019,1819,Ath Madrid,Barcelona,Away,2,0,2,H,1
06/04/2025,2425,Ath Madrid,Sevilla,Away,5,2,1,A,0
06/05/06,506,Ath Madrid,Valencia,Away,4,1,1,D,0
06/05/07,607,Ath Madrid,Espanol,Away,4,1,2,H,0
06/05/17,1617,Ath Madrid,Eibar,Home,5,1,0,H,1
06/05/18,1718,Ath Madrid,Espanol,Home,3,0,2,A,0
06/10/13,1314,Ath Madrid,Celta,Home,12,2,1,H,0
06/10/2019,1920,Ath Madrid,Valladolid,Away,1,0,0,D,0
06/10/2024,2425,Ath Madrid,Sociedad,Away,1,1,1,D,0
06/11/05,506,Ath Madrid,Sevilla,Away,3,0,0,D,0
06/11/11,1112,Ath Madrid,Getafe,Away,6,2,3,H,0
06/11/2022,2223,Ath Madrid,Espanol,Home,7,1,1,D,0
06/12/08,809,Ath Madrid,Sp Gijon,Away,9,5,2,A,0
06/12/14,1415,Ath Madrid,Elche,Away,3,2,0,A,0
06/12/2019,1920,Ath Madrid,Villarreal,Away,3,0,0,D,0
06/12/2025,2526,Ath Madrid,Ath Bilbao,Away,3,0,1,H,0
07/01/12,1112,Ath Madrid,Malaga,Away,3,0,0,D,0
07/01/17,1617,Ath Madrid,Eibar,Away,4,2,0,A,0
07/02/10,910,Ath Madrid,Santander,Away,1,1,1,D,0
07/02/15,1415,Ath Madrid,Real Madrid,Home,8,4,0,H,0
07/03/09,809,Ath Madrid,Real Madrid,Away,4,1,1,D,0
07/03/10,910,Ath Madrid,Zaragoza,Away,2,1,1,D,1
07/03/2020,1920,Ath Madrid,Sevilla,Home,3,2,2,D,0
07/03/2021,2021,Ath Madrid,Real Madrid,Home,5,1,1,D,0
07/03/2026,2526,Ath Madrid,Sociedad,Home,9,3,2,H,0
07/04/13,1213,Ath Madrid,Getafe,Away,5,0,0,D,2
07/04/15,1415,Ath Madrid,Sociedad,Home,3,2,0,H,0
07/05/11,1011,Ath Madrid,Malaga,Home,6,0,3,A,0
07/07/2020,1920,Ath Madrid,Celta,Away,2,1,1,D,0
07/10/07,708,Ath Madrid,Barcelona,Away,3,0,3,H,0
07/10/12,1213,Ath Madrid,Malaga,Home,3,2,1,H,0
07/10/2018,1819,Ath Madrid,Betis,Home,5,1,0,H,0
07/11/09,910,Ath Madrid,Real Madrid,Home,8,2,3,A,0
07/11/10,1011,Ath Madrid,Real Madrid,Away,3,0,2,H,0
07/11/2020,2021,Ath Madrid,Cadiz,Home,7,4,0,H,0
07/11/2021,2122,Ath Madrid,Valencia,Away,7,3,3,D,0
08/01/06,506,Ath Madrid,Valencia,Home,2,0,0,D,0
08/01/2023,2223,Ath Madrid,Barcelona,Home,5,0,1,A,1
08/02/09,809,Ath Madrid,Recreativo,Away,4,3,0,A,0
08/02/14,1314,Ath Madrid,Almeria,Away,1,0,2,H,1
08/02/2020,1920,Ath Madrid,Granada,Home,3,1,0,H,0
08/02/2021,2021,Ath Madrid,Celta,Home,2,2,2,D,0
08/02/2025,2425,Ath Madrid,Real Madrid,Away,1,1,1,D,0
08/02/2026,2526,Ath Madrid,Betis,Home,5,0,1,A,0
08/03/08,708,Ath Madrid,Zaragoza,Away,8,1,2,H,0
08/03/14,1314,Ath Madrid,Celta,Away,7,2,0,A,0
08/03/15,1415,Ath Madrid,Valencia,Home,3,1,1,D,0
08/04/07,607,Ath Madrid,Villarreal,Away,7,1,0,A,0
08/04/12,1112,Ath Madrid,Levante,Away,6,0,2,H,1
08/04/17,1617,Ath Madrid,Real Madrid,Away,4,1,1,D,0
08/04/18,1718,Ath Madrid,Real Madrid,Away,5,1,1,D,0
08/05/08,708,Ath Madrid,Espanol,Away,5,2,0,A,0
08/05/10,910,Ath Madrid,Sp Gijon,Away,1,1,1,D,0
08/05/13,1213,Ath Madrid,Celta,Away,5,3,1,A,0
08/05/16,1516,Ath Madrid,Levante,Away,5,1,2,H,0
08/05/2021,2021,Ath Madrid,Barcelona,Away,6,0,0,D,0
08/05/2022,2122,Ath Madrid,Real Madrid,Home,2,1,0,H,0
08/10/2022,2223,Ath Madrid,Girona,Home,7,2,1,H,0
08/10/2023,2324,Ath Madrid,Sociedad,Home,5,2,1,H,0
08/11/15,1516,Ath Madrid,Sp Gijon,Home,3,1,0,H,0
08/11/2025,2526,Ath Madrid,Levante,Home,10,3,1,H,0
08/12/2018,1819,Ath Madrid,Alaves,Home,5,3,0,H,0
08/12/2024,2425,Ath Madrid,Sevilla,Home,9,4,3,H,0
09/01/10,910,Ath Madrid,Valladolid,Away,6,4,0,A,0
09/01/2022,2122,Ath Madrid,Villarreal,Away,5,2,2,D,1
09/02/2019,1819,Ath Madrid,Real Madrid,Home,2,1,3,A,1
09/03/2019,1819,Ath Madrid,Leganes,Home,4,1,0,H,0
09/03/2024,2324,Ath Madrid,Cadiz,Away,4,0,2,H,0
09/03/2025,2425,Ath Madrid,Getafe,Away,2,1,2,H,1
09/04/06,506,Ath Madrid,Espanol,Away,1,1,1,D,0
09/04/16,1516,Ath Madrid,Espanol,Away,5,3,1,A,0
09/04/2022,2122,Ath Madrid,Mallorca,Away,1,0,1,H,0
09/04/2023,2223,Ath Madrid,Vallecano,Away,4,2,1,A,0
09/05/2026,2526,Ath Madrid,Celta,Home,4,0,1,A,0
09/06/07,607,Ath Madrid,Celta,Home,4,2,3,A,1
09/09/06,607,Ath Madrid,Valencia,Home,2,0,1,A,1
09/09/17,1718,Ath Madrid,Valencia,Away,4,0,0,D,0
09/11/08,809,Ath Madrid,Osasuna,Away,3,0,0,D,0
09/11/14,1415,Ath Madrid,Sociedad,Away,2,1,2,H,1
09/11/2022,2223,Ath Madrid,Mallorca,Away,5,0,1,H,0
09/12/07,708,Ath Madrid,Getafe,Home,3,1,0,H,2
09/12/12,1213,Ath Madrid,La Coruna,Home,9,6,0,H,0
10/01/11,1011,Ath Madrid,Hercules,Away,4,1,4,H,0
10/01/16,1516,Ath Madrid,Celta,Away,3,2,0,A,0
10/02/08,708,Ath Madrid,Santander,Away,12,2,0,A,0
10/02/13,1213,Ath Madrid,Vallecano,Away,7,1,2,H,0
10/02/18,1718,Ath Madrid,Malaga,Away,1,1,0,A,0
10/03/13,1213,Ath Madrid,Sociedad,Home,3,0,1,A,0
10/03/2021,2021,Ath Madrid,Ath Bilbao,Home,5,2,1,H,0
10/04/11,1011,Ath Madrid,Sociedad,Home,13,3,0,H,0
10/05/09,809,Ath Madrid,Espanol,Home,7,3,2,H,1
10/05/11,1011,Ath Madrid,Santander,Away,1,1,2,H,0
10/05/15,1415,Ath Madrid,Levante,Away,7,2,2,D,0
10/05/2025,2425,Ath Madrid,Sociedad,Home,7,4,0,H,0
10/09/05,506,Ath Madrid,La Coruna,Away,7,0,1,H,0
10/09/11,1112,Ath Madrid,Valencia,Away,2,0,1,H,0
10/09/16,1617,Ath Madrid,Celta,Away,6,4,0,A,0
10/09/2022,2223,Ath Madrid,Celta,Home,4,4,1,H,0
10/11/13,1314,Ath Madrid,Villarreal,Away,1,1,1,D,0
10/11/2018,1819,Ath Madrid,Ath Bilbao,Home,3,3,2,H,0
10/11/2019,1920,Ath Madrid,Espanol,Home,5,3,1,H,0
10/11/2024,2425,Ath Madrid,Mallorca,Away,2,1,0,A,0
10/12/06,607,Ath Madrid,Espanol,Home,5,1,2,A,0
10/12/17,1718,Ath Madrid,Betis,Away,2,1,0,A,0
10/12/2023,2324,Ath Madrid,Almeria,Home,4,2,1,H,0
11/01/09,809,Ath Madrid,Ath Bilbao,Home,2,2,3,A,1
11/01/14,1314,Ath Madrid,Barcelona,Home,2,0,0,D,0
11/01/15,1415,Ath Madrid,Barcelona,Away,3,1,3,H,0
11/02/07,607,Ath Madrid,Ath Bilbao,Home,3,1,0,H,0
11/02/12,1112,Ath Madrid,Santander,Away,9,0,0,D,0
11/02/2024,2324,Ath Madrid,Sevilla,Away,5,0,1,H,0
11/03/07,607,Ath Madrid,La Coruna,Home,5,2,0,H,0
11/03/12,1112,Ath Madrid,Granada,Home,3,2,0,H,0
11/03/17,1617,Ath Madrid,Granada,Away,6,1,0,A,0
11/03/18,1718,Ath Madrid,Celta,Home,3,3,0,H,0
11/03/2022,2122,Ath Madrid,Cadiz,Home,5,2,1,H,1
11/04/10,910,Ath Madrid,Espanol,Away,2,0,3,H,1
11/04/12,1112,Ath Madrid,Real Madrid,Home,3,1,4,A,0
11/04/15,1415,Ath Madrid,Malaga,Away,5,2,2,D,0
11/04/2021,2021,Ath Madrid,Betis,Away,4,1,1,D,0
11/04/2026,2526,Ath Madrid,Sevilla,Away,2,1,2,H,0
11/05/08,708,Ath Madrid,La Coruna,Home,7,1,0,H,0
11/05/14,1314,Ath Madrid,Malaga,Home,5,1,1,D,0
11/05/2022,2122,Ath Madrid,Elche,Away,6,2,0,A,0
11/07/2020,1920,Ath Madrid,Betis,Home,4,1,0,H,1
11/09/10,1011,Ath Madrid,Ath Bilbao,Away,5,2,1,A,0
11/11/06,607,Ath Madrid,Villarreal,Home,13,3,1,H,0
11/11/07,708,Ath Madrid,Almeria,Away,1,0,0,D,0
11/11/12,1213,Ath Madrid,Getafe,Home,4,2,0,H,0
11/12/05,506,Ath Madrid,Alaves,Home,2,1,1,D,0
11/12/10,1011,Ath Madrid,La Coruna,Home,7,2,0,H,0
11/12/11,1112,Ath Madrid,Espanol,Away,4,2,4,H,0
12/01/2021,2021,Ath Madrid,Sevilla,Home,4,2,0,H,0
12/01/2025,2425,Ath Madrid,Osasuna,Home,5,1,0,H,0
12/02/06,506,Ath Madrid,Sociedad,Home,3,1,0,H,0
12/02/11,1011,Ath Madrid,Valencia,Home,5,1,2,A,1
12/02/17,1617,Ath Madrid,Celta,Home,5,3,2,H,0
12/02/2022,2122,Ath Madrid,Getafe,Home,7,4,3,H,1
12/02/2023,2223,Ath Madrid,Celta,Away,2,1,0,A,1
12/03/06,506,Ath Madrid,Santander,Home,6,2,1,H,1
12/03/11,1011,Ath Madrid,Almeria,Away,7,2,2,D,0
12/03/16,1516,Ath Madrid,La Coruna,Home,7,3,0,H,0
12/04/09,809,Ath Madrid,La Coruna,Away,4,2,1,A,0
12/05/13,1213,Ath Madrid,Barcelona,Home,2,1,2,A,0
12/05/18,1718,Ath Madrid,Getafe,Away,3,1,0,A,0
12/05/2019,1819,Ath Madrid,Sevilla,Home,4,1,1,D,0
12/05/2021,2021,Ath Madrid,Sociedad,Home,4,2,1,H,0
12/05/2024,2324,Ath Madrid,Celta,Home,8,1,0,H,0
12/05/2026,2526,Ath Madrid,Osasuna,Away,4,2,1,A,1
12/09/09,910,Ath Madrid,Santander,Home,10,1,1,D,0
12/09/15,1516,Ath Madrid,Barcelona,Home,3,1,2,A,0
12/09/2021,2122,Ath Madrid,Espanol,Away,3,2,1,A,0
12/11/2023,2324,Ath Madrid,Villarreal,Home,10,3,1,H,0
12/12/16,1617,Ath Madrid,Villarreal,Away,3,0,3,H,0
12/12/2020,2021,Ath Madrid,Real Madrid,Away,1,0,2,H,0
12/12/2021,2122,Ath Madrid,Real Madrid,Away,6,0,2,H,0
13/01/08,708,Ath Madrid,Valencia,Home,7,1,0,H,0
13/01/13,1213,Ath Madrid,Zaragoza,Home,5,2,0,H,0
13/01/18,1718,Ath Madrid,Eibar,Away,3,1,0,A,0
13/01/2019,1819,Ath Madrid,Levante,Home,5,1,0,H,0
13/02/2021,2021,Ath Madrid,Granada,Away,4,2,1,A,0
13/03/2021,2021,Ath Madrid,Getafe,Away,7,0,0,D,0
13/03/2023,2223,Ath Madrid,Girona,Away,4,1,0,A,0
13/04/08,708,Ath Madrid,Valladolid,Away,3,1,1,D,0
13/04/14,1314,Ath Madrid,Getafe,Away,8,2,0,A,0
13/04/2019,1819,Ath Madrid,Celta,Home,5,2,0,H,0
13/04/2024,2324,Ath Madrid,Girona,Home,4,3,1,H,0
13/05/06,506,Ath Madrid,Betis,Home,7,1,1,D,0
13/05/07,607,Ath Madrid,Getafe,Away,7,4,1,A,0
13/05/12,1112,Ath Madrid,Villarreal,Away,4,1,0,A,0
13/09/08,809,Ath Madrid,Valladolid,Away,8,1,2,H,0
13/09/14,1415,Ath Madrid,Real Madrid,Away,2,2,1,A,0
13/09/2025,2526,Ath Madrid,Villarreal,Home,3,2,0,H,0
13/11/10,1011,Ath Madrid,Osasuna,Home,7,3,0,H,0
13/12/09,910,Ath Madrid,Villarreal,Home,1,1,2,A,0
13/12/15,1516,Ath Madrid,Ath Bilbao,Home,4,2,1,H,0
13/12/2025,2526,Ath Madrid,Valencia,Home,6,2,1,H,0
14/01/06,506,Ath Madrid,Betis,Away,3,0,1,H,0
14/01/07,607,Ath Madrid,Celta,Away,7,3,1,A,0
14/01/17,1617,Ath Madrid,Betis,Home,3,1,0,H,0
14/02/10,910,Ath Madrid,Barcelona,Home,6,2,1,H,0
14/02/16,1516,Ath Madrid,Getafe,Away,3,1,0,A,0
14/02/2020,1920,Ath Madrid,Valencia,Away,3,2,2,D,0
14/03/15,1415,Ath Madrid,Espanol,Away,6,0,0,D,1
14/03/2026,2526,Ath Madrid,Getafe,Home,5,1,0,H,0
14/04/10,910,Ath Madrid,Xerez,Home,5,1,2,A,0
14/04/13,1213,Ath Madrid,Granada,Home,8,5,0,H,0
14/04/2025,2425,Ath Madrid,Valladolid,Home,9,4,2,H,0
14/05/16,1516,Ath Madrid,Celta,Home,5,2,0,H,0
14/05/17,1617,Ath Madrid,Betis,Away,2,1,1,D,0
14/05/2023,2223,Ath Madrid,Elche,Away,4,0,1,H,0
14/06/2020,1920,Ath Madrid,Ath Bilbao,Away,2,1,1,D,0
14/08/2023,2324,Ath Madrid,Granada,Home,6,3,1,H,0
14/09/13,1314,Ath Madrid,Almeria,Home,8,4,2,H,0
14/09/2019,1920,Ath Madrid,Sociedad,Away,2,0,2,H,0
14/10/06,607,Ath Madrid,Recreativo,Home,4,2,1,H,1
14/10/17,1718,Ath Madrid,Barcelona,Home,4,1,1,D,0
14/12/08,809,Ath Madrid,Betis,Home,7,2,0,H,0
14/12/14,1415,Ath Madrid,Villarreal,Home,2,0,1,A,0
14/12/2019,1920,Ath Madrid,Osasuna,Home,9,2,0,H,0
15/01/12,1112,Ath Madrid,Villarreal,Home,9,3,0,H,0
15/01/2023,2223,Ath Madrid,Almeria,Away,6,1,1,D,1
15/02/09,809,Ath Madrid,Getafe,Home,6,1,1,D,0
15/02/14,1314,Ath Madrid,Valladolid,Home,5,3,0,H,0
15/02/15,1415,Ath Madrid,Celta,Away,5,0,2,H,0
15/02/2025,2425,Ath Madrid,Celta,Home,3,1,1,D,1
15/02/2026,2526,Ath Madrid,Vallecano,Away,3,0,3,H,0
15/03/09,809,Ath Madrid,Villarreal,Home,14,3,2,H,0
15/03/10,910,Ath Madrid,Osasuna,Home,6,1,0,H,1
15/03/14,1314,Ath Madrid,Espanol,Home,2,1,0,H,0
15/04/07,607,Ath Madrid,Levante,Home,5,1,0,H,0
15/04/12,1112,Ath Madrid,Vallecano,Away,4,1,0,A,0
15/04/17,1617,Ath Madrid,Osasuna,Home,8,3,0,H,0
15/04/18,1718,Ath Madrid,Levante,Home,5,3,0,H,0
15/05/10,910,Ath Madrid,Getafe,Home,4,0,3,A,0
15/05/11,1011,Ath Madrid,Hercules,Home,6,2,1,H,0
15/05/2022,2122,Ath Madrid,Sevilla,Home,3,1,1,D,0
15/05/2024,2324,Ath Madrid,Getafe,Away,3,3,0,A,0
15/05/2025,2425,Ath Madrid,Osasuna,Away,5,0,2,H,0
15/08/2021,2122,Ath Madrid,Celta,Away,4,2,1,A,1
15/08/2022,2223,Ath Madrid,Getafe,Away,5,3,0,A,0
15/09/2018,1819,Ath Madrid,Eibar,Home,9,1,1,D,0
15/09/2024,2425,Ath Madrid,Valencia,Home,5,3,0,H,0
15/10/05,506,Ath Madrid,Real Madrid,Home,3,0,3,A,1
15/10/11,1112,Ath Madrid,Granada,Away,8,0,0,D,0
15/10/16,1617,Ath Madrid,Granada,Home,11,7,1,H,0
15/10/2022,2223,Ath Madrid,Ath Bilbao,Away,1,1,0,A,0
15/12/13,1314,Ath Madrid,Valencia,Home,6,3,0,H,0
15/12/2018,1819,Ath Madrid,Valladolid,Away,5,3,2,A,0
15/12/2024,2425,Ath Madrid,Getafe,Home,3,1,0,H,0
16/02/2019,1819,Ath Madrid,Vallecano,Away,3,1,0,A,0
16/02/2022,2122,Ath Madrid,Levante,Home,1,0,1,A,0
16/03/08,708,Ath Madrid,Levante,Home,7,3,0,H,0
16/03/2019,1819,Ath Madrid,Ath Bilbao,Away,2,0,2,H,0
16/03/2025,2425,Ath Madrid,Barcelona,Home,2,2,4,A,0
16/04/06,506,Ath Madrid,Ath Bilbao,Home,1,1,0,H,0
16/04/2023,2223,Ath Madrid,Almeria,Home,7,2,1,H,0
16/05/2021,2021,Ath Madrid,Osasuna,Home,9,2,1,H,0
16/07/2020,1920,Ath Madrid,Getafe,Away,3,2,0,A,0
16/09/07,708,Ath Madrid,Murcia,Away,2,1,1,D,0
16/09/12,1213,Ath Madrid,Vallecano,Home,6,4,3,H,0
16/09/17,1718,Ath Madrid,Malaga,Home,4,1,0,H,0
16/09/2023,2324,Ath Madrid,Valencia,Away,3,0,3,H,0
16/10/10,1011,Ath Madrid,Getafe,Home,3,2,0,H,0
16/11/08,809,Ath Madrid,La Coruna,Home,7,4,1,H,0
16/12/07,708,Ath Madrid,Recreativo,Away,6,0,0,D,0
16/12/12,1213,Ath Madrid,Barcelona,Away,1,1,4,H,0
16/12/17,1718,Ath Madrid,Alaves,Home,4,1,0,H,0
16/12/2023,2324,Ath Madrid,Ath Bilbao,Away,3,0,2,H,0
17/01/10,910,Ath Madrid,Sp Gijon,Home,7,3,2,H,0
17/01/11,1011,Ath Madrid,Mallorca,Home,5,3,0,H,1
17/01/16,1516,Ath Madrid,Las Palmas,Away,5,3,0,A,0
17/02/08,708,Ath Madrid,Ath Bilbao,Home,3,1,2,A,1
17/02/13,1213,Ath Madrid,Valladolid,Away,8,3,0,A,0
17/02/2021,2021,Ath Madrid,Levante,Away,6,1,1,D,0
17/02/2024,2324,Ath Madrid,Las Palmas,Home,7,5,0,H,0
17/03/13,1213,Ath Madrid,Osasuna,Away,7,2,0,A,0
17/03/2024,2324,Ath Madrid,Barcelona,Home,3,0,3,A,1
17/04/10,910,Ath Madrid,Villarreal,Away,7,1,2,H,0
17/04/11,1011,Ath Madrid,Espanol,Away,4,2,2,D,0
17/04/16,1516,Ath Madrid,Granada,Home,3,3,0,H,0
17/04/2022,2122,Ath Madrid,Espanol,Home,3,2,1,H,1
17/05/09,809,Ath Madrid,Valencia,Home,11,1,0,H,0
17/05/14,1314,Ath Madrid,Barcelona,Away,3,1,1,D,0
17/05/15,1415,Ath Madrid,Barcelona,Home,3,0,1,A,0
17/05/2026,2526,Ath Madrid,Girona,Home,4,1,0,H,0
17/06/07,607,Ath Madrid,Osasuna,Away,5,2,1,A,0
17/06/2020,1920,Ath Madrid,Osasuna,Away,6,5,0,A,0
17/08/2025,2526,Ath Madrid,Espanol,Away,4,1,2,H,0
17/09/06,607,Ath Madrid,Ath Bilbao,Away,4,4,1,A,0
17/09/16,1617,Ath Madrid,Sp Gijon,Home,7,5,0,H,0
17/10/2020,2021,Ath Madrid,Celta,Away,4,2,0,A,0
17/12/06,607,Ath Madrid,Getafe,Home,3,1,0,H,0
17/12/16,1617,Ath Madrid,Las Palmas,Home,3,1,0,H,0
18/01/09,809,Ath Madrid,Almeria,Away,4,1,1,D,1
18/01/15,1415,Ath Madrid,Granada,Home,3,2,0,H,0
18/01/2020,1920,Ath Madrid,Eibar,Away,4,0,2,H,0
18/01/2025,2425,Ath Madrid,Leganes,Away,4,0,1,H,0
18/01/2026,2526,Ath Madrid,Alaves,Home,6,1,0,H,0
18/02/07,607,Ath Madrid,Sevilla,Away,9,1,3,H,0
18/02/17,1617,Ath Madrid,Sp Gijon,Away,6,4,1,A,0
18/02/18,1718,Ath Madrid,Ath Bilbao,Home,4,2,0,H,0
18/03/06,506,Ath Madrid,Villarreal,Away,3,1,1,D,1
18/03/07,607,Ath Madrid,Zaragoza,Away,4,0,1,H,0
18/03/12,1112,Ath Madrid,Mallorca,Away,8,1,2,H,0
18/03/18,1718,Ath Madrid,Villarreal,Away,2,1,2,H,1
18/03/2023,2223,Ath Madrid,Valencia,Home,6,3,0,H,0
18/04/09,809,Ath Madrid,Numancia,Home,9,3,0,H,0
18/04/14,1314,Ath Madrid,Elche,Home,4,2,0,H,0
18/04/15,1415,Ath Madrid,La Coruna,Away,10,2,1,A,0
18/04/2021,2021,Ath Madrid,Eibar,Home,7,5,0,H,0
18/05/08,708,Ath Madrid,Valencia,Away,6,1,3,H,0
18/05/2019,1819,Ath Madrid,Levante,Away,8,2,2,D,1
18/05/2025,2425,Ath Madrid,Betis,Home,11,4,1,H,0
18/08/13,1314,Ath Madrid,Sevilla,Away,6,3,1,A,0
18/08/2019,1920,Ath Madrid,Getafe,Home,5,1,0,H,1
18/09/05,506,Ath Madrid,Barcelona,Home,6,2,1,H,1
18/09/11,1112,Ath Madrid,Santander,Home,7,4,0,H,0
18/09/2021,2122,Ath Madrid,Ath Bilbao,Home,2,0,0,D,1
18/09/2022,2223,Ath Madrid,Real Madrid,Home,5,1,2,A,1
18/10/08,809,Ath Madrid,Real Madrid,Home,6,1,2,A,1
18/10/09,910,Ath Madrid,Osasuna,Away,5,0,3,H,0
18/10/15,1516,Ath Madrid,Sociedad,Away,3,2,0,A,0
18/10/2022,2223,Ath Madrid,Vallecano,Home,4,1,1,D,0
18/10/2025,2526,Ath Madrid,Osasuna,Home,9,1,0,H,0
18/11/12,1213,Ath Madrid,Granada,Away,6,1,0,A,1
18/11/17,1718,Ath Madrid,Real Madrid,Home,1,0,0,D,0
18/12/05,506,Ath Madrid,Mallorca,Away,4,2,2,D,1
18/12/11,1112,Ath Madrid,Betis,Home,9,0,2,A,0
18/12/2021,2122,Ath Madrid,Sevilla,Away,3,1,2,H,0
19/01/14,1314,Ath Madrid,Sevilla,Home,2,1,1,D,0
19/01/2019,1819,Ath Madrid,Huesca,Away,8,3,0,A,0
19/02/06,506,Ath Madrid,Getafe,Away,6,3,0,A,0
19/02/11,1011,Ath Madrid,Zaragoza,Away,7,1,0,A,0
19/02/12,1112,Ath Madrid,Sp Gijon,Away,9,1,1,D,0
19/02/2022,2122,Ath Madrid,Osasuna,Away,4,3,0,A,0
19/02/2023,2223,Ath Madrid,Ath Bilbao,Home,5,1,0,H,0
19/03/11,1011,Ath Madrid,Real Madrid,Home,9,1,2,A,0
19/03/16,1516,Ath Madrid,Sp Gijon,Away,1,1,2,H,0
19/03/17,1617,Ath Madrid,Sevilla,Home,8,3,1,H,0
19/03/2022,2122,Ath Madrid,Vallecano,Away,3,1,0,A,1
19/04/08,708,Ath Madrid,Betis,Home,2,1,3,A,0
19/04/18,1718,Ath Madrid,Sociedad,Away,2,0,3,H,0
19/04/2025,2425,Ath Madrid,Las Palmas,Away,2,0,1,H,0
19/05/2024,2324,Ath Madrid,Osasuna,Home,2,1,4,A,0
19/07/2020,1920,Ath Madrid,Sociedad,Home,3,1,1,D,0
19/08/12,1213,Ath Madrid,Levante,Away,3,1,1,D,0
19/08/17,1718,Ath Madrid,Girona,Away,3,2,2,D,1
19/08/2024,2425,Ath Madrid,Villarreal,Away,5,2,2,D,0
19/09/09,910,Ath Madrid,Barcelona,Away,4,2,5,H,0
19/09/10,1011,Ath Madrid,Barcelona,Home,4,1,2,A,1
19/09/15,1516,Ath Madrid,Eibar,Away,6,2,0,A,0
19/10/13,1314,Ath Madrid,Espanol,Away,0,0,1,H,0
19/10/14,1415,Ath Madrid,Espanol,Home,9,2,0,H,0
19/10/2019,1920,Ath Madrid,Valencia,Home,4,1,1,D,0
19/11/06,607,Ath Madrid,Levante,Away,4,3,0,A,0
19/11/16,1617,Ath Madrid,Real Madrid,Home,5,0,3,A,0
19/12/10,1011,Ath Madrid,Malaga,Away,6,3,0,A,0
19/12/2020,2021,Ath Madrid,Elche,Home,6,3,1,H,0
19/12/2023,2324,Ath Madrid,Getafe,Home,4,3,3,D,1
20/01/07,607,Ath Madrid,Osasuna,Home,4,1,0,H,0
20/01/08,708,Ath Madrid,Real Madrid,Home,6,0,2,A,0
20/01/13,1213,Ath Madrid,Levante,Home,4,2,0,H,0
20/01/18,1718,Ath Madrid,Girona,Home,4,1,1,D,0
20/02/2021,2021,Ath Madrid,Levante,Home,11,0,2,A,0
20/04/16,1516,Ath Madrid,Ath Bilbao,Away,2,1,0,A,0
20/04/2019,1819,Ath Madrid,Eibar,Away,4,1,0,A,0
20/04/2022,2122,Ath Madrid,Granada,Home,1,0,0,D,0
20/05/07,607,Ath Madrid,Barcelona,Home,7,0,6,A,1
20/05/18,1718,Ath Madrid,Eibar,Home,4,2,2,D,1
20/06/2020,1920,Ath Madrid,Valladolid,Home,4,1,0,H,0
20/08/2018,1819,Ath Madrid,Valencia,Away,3,1,1,D,0
20/08/2023,2324,Ath Madrid,Betis,Away,1,0,0,D,0
20/09/08,809,Ath Madrid,Recreativo,Home,7,4,0,H,0
20/09/14,1415,Ath Madrid,Celta,Home,8,2,2,D,0
20/09/17,1718,Ath Madrid,Ath Bilbao,Away,9,2,1,A,0
20/10/2018,1819,Ath Madrid,Villarreal,Away,4,1,1,D,0
20/10/2024,2425,Ath Madrid,Leganes,Home,9,3,1,H,0
20/11/05,506,Ath Madrid,Celta,Away,8,1,2,H,0
20/11/11,1112,Ath Madrid,Levante,Home,13,3,2,H,0
20/11/2021,2122,Ath Madrid,Osasuna,Home,2,1,0,H,0
20/12/08,809,Ath Madrid,Espanol,Away,5,3,2,A,0
20/12/09,910,Ath Madrid,Tenerife,Away,1,1,1,D,0
20/12/15,1516,Ath Madrid,Malaga,Away,3,0,1,H,1
21/01/06,506,Ath Madrid,Zaragoza,Away,3,2,0,A,0
21/01/12,1112,Ath Madrid,Sociedad,Away,9,4,0,A,0
21/01/2021,2021,Ath Madrid,Eibar,Away,4,2,1,A,0
21/01/2023,2223,Ath Madrid,Valladolid,Home,8,3,0,H,0
21/02/09,809,Ath Madrid,Sevilla,Away,4,0,1,H,0
21/02/10,910,Ath Madrid,Almeria,Away,9,0,1,H,0
21/02/15,1415,Ath Madrid,Almeria,Home,6,3,0,H,1
21/02/16,1516,Ath Madrid,Villarreal,Home,3,0,0,D,0
21/02/2026,2526,Ath Madrid,Espanol,Home,9,4,2,H,0
21/03/10,910,Ath Madrid,Mallorca,Away,5,1,4,H,1
21/03/12,1112,Ath Madrid,Ath Bilbao,Home,8,2,1,H,0
21/03/15,1415,Ath Madrid,Getafe,Home,6,2,0,H,0
21/03/2021,2021,Ath Madrid,Alaves,Home,4,1,0,H,0
21/04/07,607,Ath Madrid,Sociedad,Away,4,0,2,H,2
21/04/13,1213,Ath Madrid,Sevilla,Away,1,1,0,A,0
21/04/2024,2324,Ath Madrid,Alaves,Away,4,0,2,H,0
21/05/11,1011,Ath Madrid,Mallorca,Away,6,4,3,A,0
21/05/17,1617,Ath Madrid,Ath Bilbao,Home,4,3,1,H,0
21/05/2023,2223,Ath Madrid,Osasuna,Home,5,3,0,H,0
21/08/16,1617,Ath Madrid,Alaves,Home,6,1,1,D,0
21/08/2022,2223,Ath Madrid,Villarreal,Home,5,0,2,A,1
21/09/05,506,Ath Madrid,Sociedad,Away,6,2,3,H,0
21/09/11,1112,Ath Madrid,Sp Gijon,Home,11,4,0,H,0
21/09/13,1314,Ath Madrid,Valladolid,Away,6,2,0,A,0
21/09/16,1617,Ath Madrid,Barcelona,Away,4,1,1,D,0
21/09/2019,1920,Ath Madrid,Celta,Home,5,0,0,D,0
21/09/2021,2122,Ath Madrid,Getafe,Away,4,2,1,A,0
21/09/2025,2526,Ath Madrid,Mallorca,Away,7,1,1,D,1
21/10/06,607,Ath Madrid,La Coruna,Away,5,0,1,H,0
21/10/07,708,Ath Madrid,Zaragoza,Home,8,4,0,H,0
21/10/12,1213,Ath Madrid,Sociedad,Away,4,1,0,A,0
21/10/2023,2324,Ath Madrid,Celta,Away,7,3,0,A,0
21/11/09,910,Ath Madrid,La Coruna,Away,5,1,2,H,1
21/11/10,1011,Ath Madrid,Sociedad,Away,8,4,2,A,0
21/11/2020,2021,Ath Madrid,Barcelona,Home,2,1,0,H,0
21/12/06,607,Ath Madrid,Barcelona,Away,2,1,1,D,0
21/12/12,1213,Ath Madrid,Celta,Home,3,1,0,H,1
21/12/13,1314,Ath Madrid,Levante,Home,6,3,2,H,0
21/12/14,1415,Ath Madrid,Ath Bilbao,Away,4,4,1,A,0
21/12/2024,2425,Ath Madrid,Barcelona,Away,4,2,1,A,0
21/12/2025,2526,Ath Madrid,Girona,Away,6,3,0,A,0
22/01/17,1617,Ath Madrid,Ath Bilbao,Away,5,2,2,D,0
22/01/2022,2122,Ath Madrid,Valencia,Home,6,3,2,H,0
22/01/2024,2324,Ath Madrid,Granada,Away,5,1,0,A,0
22/02/2025,2425,Ath Madrid,Valencia,Away,3,3,0,A,0
22/03/08,708,Ath Madrid,Sevilla,Away,2,2,1,A,0
22/03/09,809,Ath Madrid,Mallorca,Away,0,0,2,H,0
22/03/2026,2526,Ath Madrid,Real Madrid,Away,7,2,3,H,0
22/04/06,506,Ath Madrid,Alaves,Away,4,1,0,A,0
22/04/12,1112,Ath Madrid,Espanol,Home,7,3,1,H,0
22/04/17,1617,Ath Madrid,Espanol,Away,3,1,0,A,0
22/04/18,1718,Ath Madrid,Betis,Home,2,0,0,D,0
22/04/2021,2021,Ath Madrid,Huesca,Home,12,2,0,H,0
22/04/2026,2526,Ath Madrid,Elche,Away,3,2,3,H,1
22/05/2021,2021,Ath Madrid,Valladolid,Away,3,2,1,A,0
22/05/2022,2122,Ath Madrid,Sociedad,Away,5,2,1,A,0
22/08/15,1516,Ath Madrid,Las Palmas,Home,3,1,0,H,0
22/08/2021,2122,Ath Madrid,Elche,Home,4,1,0,H,0
22/09/10,1011,Ath Madrid,Valencia,Away,2,1,1,D,0
22/09/15,1516,Ath Madrid,Getafe,Home,3,2,0,H,0
22/09/2018,1819,Ath Madrid,Getafe,Away,4,2,0,A,0
22/09/2024,2425,Ath Madrid,Vallecano,Away,5,1,1,D,0
22/10/17,1718,Ath Madrid,Celta,Away,2,1,0,A,0
22/11/14,1415,Ath Madrid,Malaga,Home,5,3,1,H,1
22/11/15,1516,Ath Madrid,Betis,Away,4,1,0,A,0
22/12/05,506,Ath Madrid,Osasuna,Away,1,1,2,H,0
22/12/17,1718,Ath Madrid,Espanol,Away,1,0,1,H,0
22/12/2018,1819,Ath Madrid,Espanol,Home,5,1,0,H,0
22/12/2019,1920,Ath Madrid,Betis,Away,5,2,1,A,0
22/12/2020,2021,Ath Madrid,Sociedad,Away,3,2,0,A,0
22/12/2021,2122,Ath Madrid,Granada,Away,3,1,2,H,0
23/01/11,1011,Ath Madrid,Sp Gijon,Away,1,0,1,H,0
23/02/14,1314,Ath Madrid,Osasuna,Away,6,0,3,H,0
23/02/2020,1920,Ath Madrid,Villarreal,Home,9,3,1,H,0
23/03/06,506,Ath Madrid,Sevilla,Home,6,0,1,A,3
23/03/14,1314,Ath Madrid,Betis,Away,2,2,0,A,0
23/04/09,809,Ath Madrid,Santander,Away,4,1,5,H,0
23/04/16,1516,Ath Madrid,Malaga,Home,4,1,0,H,0
23/04/2023,2223,Ath Madrid,Barcelona,Away,3,0,1,H,0
23/05/09,809,Ath Madrid,Ath Bilbao,Away,5,4,1,A,0
23/05/15,1415,Ath Madrid,Granada,Away,1,0,0,D,0
23/06/2020,1920,Ath Madrid,Levante,Away,7,1,0,A,0
23/08/2025,2526,Ath Madrid,Elche,Home,6,1,1,D,0
23/09/07,708,Ath Madrid,Santander,Home,9,4,0,H,0
23/09/09,910,Ath Madrid,Almeria,Home,9,2,2,D,0
23/09/12,1213,Ath Madrid,Valladolid,Home,7,2,1,H,0
23/09/17,1718,Ath Madrid,Sevilla,Home,4,2,0,H,0
23/10/05,506,Ath Madrid,Santander,Away,5,1,0,A,0
23/10/11,1112,Ath Madrid,Mallorca,Home,4,1,1,D,0
23/10/16,1617,Ath Madrid,Sevilla,Away,3,0,1,H,1
23/10/2022,2223,Ath Madrid,Betis,Away,3,2,1,A,0
23/11/08,809,Ath Madrid,Numancia,Away,4,1,1,D,0
23/11/13,1314,Ath Madrid,Getafe,Home,13,7,0,H,0
23/11/2019,1920,Ath Madrid,Granada,Away,6,1,1,D,0
23/11/2024,2425,Ath Madrid,Alaves,Home,8,2,1,H,0
23/11/2025,2526,Ath Madrid,Getafe,Away,6,1,0,A,0
23/12/07,708,Ath Madrid,Espanol,Home,4,1,2,A,2
23/12/2023,2324,Ath Madrid,Sevilla,Home,4,1,0,H,1
24/01/10,910,Ath Madrid,Getafe,Away,3,0,1,H,1
24/01/15,1415,Ath Madrid,Vallecano,Home,5,3,1,H,0
24/01/16,1516,Ath Madrid,Sevilla,Home,3,0,0,D,0
24/01/2021,2021,Ath Madrid,Valencia,Home,5,3,1,H,0
24/02/07,607,Ath Madrid,Real Madrid,Home,7,1,1,D,0
24/02/08,708,Ath Madrid,Osasuna,Away,2,1,3,H,0
24/02/13,1213,Ath Madrid,Espanol,Home,3,1,0,H,1
24/02/2019,1819,Ath Madrid,Villarreal,Home,7,2,0,H,0
24/02/2024,2324,Ath Madrid,Almeria,Away,9,2,2,D,0
24/04/11,1011,Ath Madrid,Levante,Home,6,4,1,H,0
24/04/2019,1819,Ath Madrid,Valencia,Home,6,3,2,H,0
24/04/2025,2425,Ath Madrid,Vallecano,Home,5,3,0,H,0
24/05/2023,2223,Ath Madrid,Espanol,Away,7,3,3,D,0
24/05/2026,2526,Ath Madrid,Villarreal,Away,4,1,5,H,0
24/09/05,506,Ath Madrid,Getafe,Home,4,0,1,A,0
24/09/06,607,Ath Madrid,Sevilla,Home,8,2,1,H,0
24/09/08,809,Ath Madrid,Getafe,Away,5,2,1,A,0
24/09/11,1112,Ath Madrid,Barcelona,Away,2,0,5,H,0
24/09/13,1314,Ath Madrid,Osasuna,Home,4,2,1,H,0
24/09/14,1415,Ath Madrid,Almeria,Away,9,1,0,A,0
24/09/2023,2324,Ath Madrid,Real Madrid,Home,4,3,1,H,0
24/09/2025,2526,Ath Madrid,Vallecano,Home,8,3,2,H,0
24/10/09,910,Ath Madrid,Mallorca,Home,6,1,1,D,0
24/10/10,1011,Ath Madrid,Villarreal,Away,2,0,2,H,0
24/10/2020,2021,Ath Madrid,Betis,Home,6,2,0,H,0
24/10/2021,2122,Ath Madrid,Sociedad,Home,4,2,2,D,0
24/11/2018,1819,Ath Madrid,Barcelona,Home,1,1,1,D,0
25/01/09,809,Ath Madrid,Malaga,Away,10,1,1,D,0
25/01/2025,2425,Ath Madrid,Villarreal,Home,8,1,1,D,0
25/01/2026,2526,Ath Madrid,Mallorca,Home,8,3,0,H,0
25/02/06,506,Ath Madrid,Malaga,Home,11,5,0,H,0
25/02/18,1718,Ath Madrid,Sevilla,Away,8,5,2,A,0
25/02/2023,2223,Ath Madrid,Real Madrid,Away,2,1,1,D,1
25/03/10,910,Ath Madrid,Ath Bilbao,Home,6,2,0,H,0
25/03/12,1112,Ath Madrid,Zaragoza,Away,2,0,1,H,0
25/04/10,910,Ath Madrid,Tenerife,Home,11,3,1,H,0
25/04/15,1415,Ath Madrid,Elche,Home,9,3,0,H,0
25/04/17,1617,Ath Madrid,Villarreal,Home,9,0,1,A,0
25/04/2021,2021,Ath Madrid,Ath Bilbao,Away,3,1,2,H,0
25/04/2026,2526,Ath Madrid,Ath Bilbao,Home,4,3,2,H,0
25/05/2024,2324,Ath Madrid,Sociedad,Away,4,2,0,A,1
25/05/2025,2425,Ath Madrid,Girona,Away,11,4,0,A,0
25/08/07,708,Ath Madrid,Real Madrid,Away,9,1,2,H,0
25/08/13,1314,Ath Madrid,Vallecano,Home,5,5,0,H,0
25/08/14,1415,Ath Madrid,Vallecano,Away,2,0,0,D,0
25/08/2018,1819,Ath Madrid,Vallecano,Home,2,1,0,H,0
25/08/2019,1920,Ath Madrid,Leganes,Away,4,1,0,A,0
25/08/2024,2425,Ath Madrid,Girona,Home,6,3,0,H,0
25/09/16,1617,Ath Madrid,La Coruna,Home,5,1,0,H,0
25/09/2018,1819,Ath Madrid,Huesca,Home,5,3,0,H,0
25/09/2019,1920,Ath Madrid,Mallorca,Away,3,2,0,A,1
25/09/2021,2122,Ath Madrid,Alaves,Away,1,0,1,H,0
25/10/15,1516,Ath Madrid,Valencia,Home,8,2,1,H,0
25/11/06,607,Ath Madrid,Sociedad,Home,5,1,1,D,0
25/11/07,708,Ath Madrid,Valladolid,Home,10,4,3,H,1
25/11/12,1213,Ath Madrid,Sevilla,Home,7,4,0,H,0
25/11/17,1718,Ath Madrid,Levante,Away,11,5,0,A,0
25/11/2023,2324,Ath Madrid,Mallorca,Home,3,1,0,H,0
26/01/14,1314,Ath Madrid,Vallecano,Away,7,4,2,A,0
26/01/2019,1819,Ath Madrid,Getafe,Home,6,2,0,H,0
26/01/2020,1920,Ath Madrid,Leganes,Home,3,0,0,D,0
26/02/11,1011,Ath Madrid,Sevilla,Home,11,2,2,D,0
26/02/12,1112,Ath Madrid,Barcelona,Home,5,1,2,A,0
26/02/17,1617,Ath Madrid,Barcelona,Home,4,1,2,A,0
26/02/2022,2122,Ath Madrid,Celta,Home,6,2,0,H,0
26/03/06,506,Ath Madrid,Cadiz,Away,5,1,1,D,0
26/03/14,1314,Ath Madrid,Granada,Home,5,1,0,H,0
26/04/09,809,Ath Madrid,Sp Gijon,Home,5,3,1,H,1
26/04/2023,2223,Ath Madrid,Mallorca,Home,9,3,1,H,0
26/05/13,1213,Ath Madrid,Mallorca,Home,2,0,0,D,0
26/08/17,1718,Ath Madrid,Las Palmas,Away,6,5,1,A,0
26/09/07,708,Ath Madrid,Ath Bilbao,Away,4,2,0,A,0
26/09/09,910,Ath Madrid,Valencia,Away,3,2,2,D,0
26/09/10,1011,Ath Madrid,Zaragoza,Home,4,1,0,H,1
26/09/12,1213,Ath Madrid,Betis,Away,10,4,2,A,0
26/09/15,1516,Ath Madrid,Villarreal,Away,4,0,1,H,0
26/09/2024,2425,Ath Madrid,Celta,Away,2,1,0,A,0
26/10/08,809,Ath Madrid,Villarreal,Away,5,4,4,D,1
26/10/14,1415,Ath Madrid,Getafe,Away,7,1,0,A,0
26/10/2019,1920,Ath Madrid,Ath Bilbao,Home,2,2,0,H,0
26/11/11,1112,Ath Madrid,Real Madrid,Away,1,1,4,H,2
27/01/07,607,Ath Madrid,Santander,Home,4,1,1,D,0
27/01/08,708,Ath Madrid,Mallorca,Away,2,0,1,H,1
27/01/13,1213,Ath Madrid,Ath Bilbao,Away,6,0,3,H,0
27/02/16,1516,Ath Madrid,Real Madrid,Away,5,1,0,A,0
27/04/08,708,Ath Madrid,Getafe,Away,4,1,1,D,0
27/04/13,1213,Ath Madrid,Real Madrid,Home,4,1,2,A,0
27/04/14,1314,Ath Madrid,Valencia,Away,4,1,0,A,1
27/04/2019,1819,Ath Madrid,Valladolid,Home,1,1,0,H,0
27/04/2024,2324,Ath Madrid,Ath Bilbao,Home,3,3,1,H,0
27/05/07,607,Ath Madrid,Gimnastic,Away,3,2,0,A,0
27/06/2020,1920,Ath Madrid,Alaves,Home,4,2,1,H,0
27/08/06,607,Ath Madrid,Santander,Away,4,1,0,A,1
27/08/12,1213,Ath Madrid,Ath Bilbao,Home,14,4,0,H,0
27/08/16,1617,Ath Madrid,Leganes,Away,3,0,0,D,0
27/09/14,1415,Ath Madrid,Sevilla,Home,6,4,0,H,0
27/09/2020,2021,Ath Madrid,Granada,Home,10,6,1,H,0
27/09/2025,2526,Ath Madrid,Real Madrid,Home,7,5,2,H,0
27/10/05,506,Ath Madrid,Cadiz,Home,10,3,0,H,0
27/10/11,1112,Ath Madrid,Ath Bilbao,Away,4,0,3,H,0
27/10/13,1314,Ath Madrid,Betis,Home,12,5,0,H,0
27/10/2018,1819,Ath Madrid,Sociedad,Home,4,2,0,H,0
27/10/2024,2425,Ath Madrid,Betis,Away,3,0,1,H,0
27/10/2025,2526,Ath Madrid,Betis,Away,4,2,0,A,0
27/11/05,506,Ath Madrid,Espanol,Home,5,1,1,D,0
27/11/10,1011,Ath Madrid,Espanol,Home,10,2,3,A,0
27/11/16,1617,Ath Madrid,Osasuna,Away,5,3,0,A,0
28/01/06,506,Ath Madrid,La Coruna,Home,8,3,2,H,0
28/01/17,1617,Ath Madrid,Alaves,Away,2,0,0,D,0
28/01/18,1718,Ath Madrid,Las Palmas,Home,7,3,0,H,0
28/01/2024,2324,Ath Madrid,Valencia,Home,8,2,0,H,0
28/02/10,910,Ath Madrid,Valencia,Home,13,4,1,H,0
28/02/18,1718,Ath Madrid,Leganes,Home,8,4,0,H,0
28/02/2021,2021,Ath Madrid,Villarreal,Away,5,2,0,A,0
28/02/2026,2526,Ath Madrid,Oviedo,Away,1,1,0,A,0
28/03/10,910,Ath Madrid,Real Madrid,Away,3,2,3,H,0
28/04/07,607,Ath Madrid,Betis,Home,8,0,0,D,0
28/05/2023,2223,Ath Madrid,Sociedad,Home,5,2,1,H,0
28/08/05,506,Ath Madrid,Zaragoza,Home,5,0,0,D,0
28/08/11,1112,Ath Madrid,Osasuna,Home,8,0,0,D,0
28/08/2023,2324,Ath Madrid,Vallecano,Away,10,7,0,A,0
28/08/2024,2425,Ath Madrid,Espanol,Home,7,0,0,D,0
28/09/08,809,Ath Madrid,Sevilla,Home,1,0,1,A,0
28/09/13,1314,Ath Madrid,Real Madrid,Away,4,1,0,A,0
28/09/2019,1920,Ath Madrid,Real Madrid,Home,1,0,0,D,0
28/09/2023,2324,Ath Madrid,Osasuna,Away,3,2,0,A,1
28/10/07,708,Ath Madrid,Levante,Away,5,1,0,A,0
28/10/12,1213,Ath Madrid,Osasuna,Home,9,3,1,H,0
28/10/17,1718,Ath Madrid,Villarreal,Home,6,1,1,D,0
28/10/2021,2122,Ath Madrid,Levante,Away,3,2,2,D,0
28/11/15,1516,Ath Madrid,Espanol,Home,6,1,0,H,0
28/11/2020,2021,Ath Madrid,Valencia,Away,6,1,0,A,0
28/11/2021,2122,Ath Madrid,Cadiz,Away,7,4,1,A,0
29/01/2023,2223,Ath Madrid,Osasuna,Away,5,1,0,A,0
29/03/08,708,Ath Madrid,Villarreal,Away,1,0,3,H,0
29/03/14,1314,Ath Madrid,Ath Bilbao,Away,3,2,1,A,0
29/03/2025,2425,Ath Madrid,Espanol,Away,2,1,1,D,0
29/04/12,1112,Ath Madrid,Betis,Away,6,2,2,D,0
29/04/15,1415,Ath Madrid,Villarreal,Away,3,1,0,A,0
29/04/17,1617,Ath Madrid,Las Palmas,Away,7,5,0,A,0
29/04/18,1718,Ath Madrid,Alaves,Away,6,1,0,A,1
29/08/2021,2122,Ath Madrid,Villarreal,Home,5,2,2,D,0
29/08/2022,2223,Ath Madrid,Valencia,Away,7,1,0,A,0
29/09/2018,1819,Ath Madrid,Real Madrid,Away,3,0,0,D,0
29/09/2024,2425,Ath Madrid,Real Madrid,Home,4,1,1,D,1
29/10/06,607,Ath Madrid,Zaragoza,Home,5,0,1,A,0
29/10/16,1617,Ath Madrid,Malaga,Home,7,4,2,H,1
29/10/2019,1920,Ath Madrid,Alaves,Away,3,1,1,D,0
29/10/2022,2223,Ath Madrid,Cadiz,Away,7,2,3,H,0
29/10/2023,2324,Ath Madrid,Alaves,Home,7,2,1,H,0
29/11/09,910,Ath Madrid,Espanol,Home,6,4,0,H,0
29/11/2025,2526,Ath Madrid,Oviedo,Home,8,2,0,H,0
29/12/2022,2223,Ath Madrid,Elche,Home,4,2,0,H,1
30/01/11,1011,Ath Madrid,Ath Bilbao,Home,7,0,2,A,1
30/01/12,1112,Ath Madrid,Osasuna,Away,4,1,0,A,0
30/01/16,1516,Ath Madrid,Barcelona,Away,4,1,2,H,2
30/03/2019,1819,Ath Madrid,Alaves,Away,7,4,0,A,0
30/04/06,506,Ath Madrid,Mallorca,Home,3,0,1,A,0
30/04/11,1011,Ath Madrid,La Coruna,Away,5,1,0,A,0
30/04/16,1516,Ath Madrid,Vallecano,Home,6,1,0,H,0
30/04/2022,2122,Ath Madrid,Ath Bilbao,Away,3,0,2,H,0
30/04/2023,2223,Ath Madrid,Valladolid,Away,6,5,2,A,0
30/05/09,809,Ath Madrid,Almeria,Home,6,3,0,H,0
30/06/2020,1920,Ath Madrid,Barcelona,Away,3,2,2,D,0
30/08/09,910,Ath Madrid,Malaga,Away,3,0,3,H,0
30/08/10,1011,Ath Madrid,Sp Gijon,Home,7,4,0,H,0
30/08/14,1415,Ath Madrid,Eibar,Home,6,2,1,H,0
30/08/15,1516,Ath Madrid,Sevilla,Away,7,3,0,A,0
30/08/2025,2526,Ath Madrid,Alaves,Away,6,1,1,D,0
30/09/07,708,Ath Madrid,Osasuna,Home,6,2,0,H,0
30/09/12,1213,Ath Madrid,Espanol,Away,5,1,0,A,0
30/09/17,1718,Ath Madrid,Leganes,Away,2,0,0,D,0
30/09/2020,2021,Ath Madrid,Huesca,Away,2,0,0,D,0
30/10/05,506,Ath Madrid,Villarreal,Home,5,1,1,D,1
30/10/11,1112,Ath Madrid,Zaragoza,Home,7,3,1,H,0
30/10/15,1516,Ath Madrid,La Coruna,Away,3,1,1,D,0
30/11/08,809,Ath Madrid,Santander,Home,4,4,1,H,0
30/11/13,1314,Ath Madrid,Elche,Away,4,2,0,A,0
30/11/14,1415,Ath Madrid,La Coruna,Home,4,2,0,H,0
30/11/2024,2425,Ath Madrid,Valladolid,Away,9,5,0,A,0
30/12/15,1516,Ath Madrid,Vallecano,Away,6,2,0,A,0
30/12/2020,2021,Ath Madrid,Getafe,Home,3,1,0,H,0
31/01/10,910,Ath Madrid,Malaga,Home,4,0,2,A,0
31/01/15,1415,Ath Madrid,Eibar,Away,5,3,1,A,0
31/01/2021,2021,Ath Madrid,Cadiz,Away,4,4,2,A,0
31/01/2024,2324,Ath Madrid,Vallecano,Home,3,2,1,H,0
31/01/2026,2526,Ath Madrid,Levante,Away,4,0,0,D,0
31/03/13,1213,Ath Madrid,Valencia,Home,4,1,1,D,0
31/08/08,809,Ath Madrid,Malaga,Home,9,4,0,H,0
31/08/2024,2425,Ath Madrid,Ath Bilbao,Away,2,1,0,A,0
31/10/07,708,Ath Madrid,Sevilla,Home,8,4,3,H,0
31/10/09,910,Ath Madrid,Ath Bilbao,Away,6,0,1,H,0
31/10/10,1011,Ath Madrid,Almeria,Home,11,1,1,D,0
31/10/13,1314,Ath Madrid,Granada,Away,6,2,1,A,1
31/10/2020,2021,Ath Madrid,Osasuna,Away,6,3,1,A,0
31/10/2021,2122,Ath Madrid,Betis,Home,9,3,0,H,0
01/02/09,809,Barcelona,Santander,Away,2,2,1,A,2
01/02/14,1314,Barcelona,Valencia,Home,5,2,3,A,1
01/02/15,1415,Barcelona,Villarreal,Home,7,3,2,H,0
01/02/2023,2223,Barcelona,Betis,Away,3,2,1,A,0
01/03/08,708,Barcelona,Ath Madrid,Away,5,2,4,H,0
01/03/09,809,Barcelona,Ath Madrid,Away,6,3,4,H,0
01/03/17,1617,Barcelona,Sp Gijon,Home,9,6,1,H,0
01/03/18,1718,Barcelona,Las Palmas,Away,4,1,1,D,0
01/03/2020,1920,Barcelona,Real Madrid,Away,4,0,2,H,0
01/04/06,506,Barcelona,Real Madrid,Home,11,1,1,D,0
01/04/2023,2223,Barcelona,Elche,Away,6,4,0,A,0
01/05/10,910,Barcelona,Villarreal,Away,6,4,1,A,0
01/05/2022,2122,Barcelona,Mallorca,Home,5,2,1,H,0
01/06/13,1213,Barcelona,Malaga,Home,6,4,1,H,0
01/09/13,1314,Barcelona,Valencia,Away,9,3,2,A,0
01/10/05,506,Barcelona,Zaragoza,Home,7,2,2,D,0
01/10/17,1718,Barcelona,Las Palmas,Home,10,3,0,H,0
01/10/2020,2021,Barcelona,Celta,Away,3,3,0,A,1
01/10/2022,2223,Barcelona,Mallorca,Away,3,1,0,A,0
01/11/07,708,Barcelona,Valladolid,Away,2,1,1,D,0
01/11/08,809,Barcelona,Malaga,Away,4,4,1,A,0
01/11/13,1314,Barcelona,Espanol,Home,5,1,0,H,0
01/11/14,1415,Barcelona,Celta,Home,9,0,1,A,0
01/12/07,708,Barcelona,Espanol,Away,7,1,1,D,0
01/12/12,1213,Barcelona,Ath Bilbao,Home,10,5,1,H,0
01/12/13,1314,Barcelona,Ath Bilbao,Away,2,0,1,H,0
01/12/2019,1920,Barcelona,Ath Madrid,Away,5,1,0,A,0
02/01/10,910,Barcelona,Villarreal,Home,3,1,1,D,0
02/01/11,1011,Barcelona,Levante,Home,10,2,1,H,0
02/01/16,1516,Barcelona,Espanol,Away,2,0,0,D,0
02/01/2022,2122,Barcelona,Mallorca,Away,4,1,0,A,0
02/02/2019,1819,Barcelona,Valencia,Home,8,2,2,D,0
02/02/2020,1920,Barcelona,Levante,Home,9,2,1,H,0
02/02/2025,2425,Barcelona,Alaves,Home,4,1,0,H,0
02/03/11,1011,Barcelona,Valencia,Away,8,1,0,A,0
02/03/13,1213,Barcelona,Real Madrid,Away,2,1,2,H,1
02/03/14,1314,Barcelona,Almeria,Home,11,4,1,H,0
02/03/2019,1819,Barcelona,Real Madrid,Away,4,1,0,A,0
02/03/2025,2425,Barcelona,Sociedad,Home,10,4,0,H,0
02/04/11,1011,Barcelona,Villarreal,Away,6,1,0,A,0
02/04/16,1516,Barcelona,Real Madrid,Home,3,1,2,A,0
02/04/17,1617,Barcelona,Granada,Away,13,4,1,A,0
02/04/2019,1819,Barcelona,Villarreal,Away,9,4,4,D,0
02/05/09,809,Barcelona,Real Madrid,Away,13,6,2,A,0
02/05/12,1112,Barcelona,Malaga,Home,6,4,1,H,0
02/05/15,1415,Barcelona,Cordoba,Away,11,8,0,A,0
02/05/2021,2021,Barcelona,Valencia,Away,7,3,2,A,0
02/05/2023,2223,Barcelona,Osasuna,Home,4,1,0,H,0
02/05/2026,2526,Barcelona,Osasuna,Away,4,2,1,A,0
02/09/07,708,Barcelona,Ath Bilbao,Home,6,3,1,H,1
02/09/12,1213,Barcelona,Valencia,Home,5,1,0,H,0
02/09/2018,1819,Barcelona,Huesca,Home,15,8,2,H,0
02/10/11,1112,Barcelona,Sp Gijon,Away,4,1,0,A,0
02/10/16,1617,Barcelona,Celta,Away,4,3,4,H,0
02/10/2021,2122,Barcelona,Ath Madrid,Away,2,0,2,H,0
02/11/2019,1920,Barcelona,Levante,Away,6,1,3,H,0
02/11/2025,2526,Barcelona,Elche,Home,5,3,1,H,0
02/12/06,607,Barcelona,Levante,Away,4,1,1,D,0
02/12/09,910,Barcelona,Xerez,Away,3,2,0,A,0
02/12/17,1718,Barcelona,Celta,Home,7,2,2,D,0
02/12/2018,1819,Barcelona,Villarreal,Home,7,2,0,H,0
02/12/2025,2526,Barcelona,Ath Madrid,Home,6,3,1,H,0
03/01/09,809,Barcelona,Mallorca,Home,8,3,1,H,0
03/01/2021,2021,Barcelona,Huesca,Away,7,1,0,A,0
03/01/2026,2526,Barcelona,Espanol,Away,6,2,0,A,0
03/02/08,708,Barcelona,Osasuna,Home,6,1,0,H,0
03/02/13,1213,Barcelona,Valencia,Away,2,1,1,D,0
03/02/2024,2324,Barcelona,Alaves,Away,5,3,1,A,1
03/03/07,607,Barcelona,Sevilla,Away,5,1,2,H,2
03/03/12,1112,Barcelona,Sp Gijon,Home,5,3,1,H,1
03/03/16,1516,Barcelona,Vallecano,Away,8,5,1,A,0
03/03/2024,2324,Barcelona,Ath Bilbao,Away,2,0,0,D,0
03/04/10,910,Barcelona,Ath Bilbao,Home,7,4,1,H,0
03/04/2022,2122,Barcelona,Sevilla,Home,6,1,0,H,0
03/05/06,506,Barcelona,Celta,Away,5,1,0,A,0
03/05/14,1314,Barcelona,Getafe,Home,8,2,2,D,0
03/05/2025,2425,Barcelona,Valladolid,Away,7,2,1,A,0
03/09/2022,2223,Barcelona,Sevilla,Away,7,3,0,A,0
03/09/2023,2324,Barcelona,Osasuna,Away,4,2,1,A,0
03/10/09,910,Barcelona,Almeria,Home,7,1,0,H,0
03/10/10,1011,Barcelona,Mallorca,Home,10,1,1,D,0
03/10/15,1516,Barcelona,Sevilla,Away,9,1,2,H,0
03/11/12,1213,Barcelona,Celta,Home,6,3,1,H,0
03/11/2018,1819,Barcelona,Vallecano,Away,5,3,2,A,0
03/11/2024,2425,Barcelona,Espanol,Home,9,3,1,H,0
03/12/11,1112,Barcelona,Levante,Home,9,5,0,H,0
03/12/16,1617,Barcelona,Real Madrid,Home,2,1,1,D,0
03/12/2023,2324,Barcelona,Ath Madrid,Home,2,1,0,H,0
03/12/2024,2425,Barcelona,Mallorca,Away,9,5,1,A,0
04/01/15,1415,Barcelona,Sociedad,Away,4,0,1,H,0
04/01/2020,1920,Barcelona,Espanol,Away,7,2,2,D,1
04/01/2024,2324,Barcelona,Las Palmas,Away,5,2,1,A,0
04/02/07,607,Barcelona,Osasuna,Away,3,0,0,D,0
04/02/12,1112,Barcelona,Sociedad,Home,9,2,1,H,0
04/02/17,1617,Barcelona,Ath Bilbao,Home,6,3,0,H,0
04/02/18,1718,Barcelona,Espanol,Away,2,1,1,D,0
04/03/06,506,Barcelona,La Coruna,Home,7,3,2,H,0
04/03/17,1617,Barcelona,Celta,Home,9,5,0,H,0
04/03/18,1718,Barcelona,Ath Madrid,Home,5,1,0,H,0
04/04/09,809,Barcelona,Valladolid,Away,4,1,0,A,0
04/04/2026,2526,Barcelona,Ath Madrid,Away,8,2,1,A,0
04/05/08,708,Barcelona,Valencia,Home,12,6,0,H,0
04/05/10,910,Barcelona,Tenerife,Home,8,4,1,H,0
04/05/2019,1819,Barcelona,Celta,Away,1,0,2,H,0
04/05/2024,2324,Barcelona,Girona,Away,7,2,4,H,0
04/06/2023,2223,Barcelona,Celta,Away,2,1,2,H,0
04/10/08,809,Barcelona,Ath Madrid,Home,8,6,1,H,0
04/10/14,1415,Barcelona,Vallecano,Away,7,2,0,A,0
04/10/2020,2021,Barcelona,Sevilla,Home,5,1,1,D,0
04/11/06,607,Barcelona,La Coruna,Away,2,1,1,D,0
04/11/07,708,Barcelona,Betis,Home,7,3,0,H,0
04/11/17,1718,Barcelona,Sevilla,Home,6,2,1,H,0
04/11/2023,2324,Barcelona,Sociedad,Away,4,1,0,A,0
04/12/05,506,Barcelona,Villarreal,Away,4,2,0,A,1
04/12/10,1011,Barcelona,Osasuna,Away,8,3,0,A,0
04/12/2021,2122,Barcelona,Betis,Home,3,0,1,A,0
05/01/08,708,Barcelona,Mallorca,Away,4,2,0,A,0
05/01/14,1314,Barcelona,Elche,Home,6,4,0,H,0
05/02/06,506,Barcelona,Ath Madrid,Home,6,1,3,A,0
05/02/11,1011,Barcelona,Ath Madrid,Home,8,3,0,H,0
05/02/2023,2223,Barcelona,Sevilla,Home,7,3,0,H,0
05/03/11,1011,Barcelona,Zaragoza,Home,12,1,0,H,0
05/03/2023,2223,Barcelona,Valencia,Home,4,1,0,H,1
05/04/14,1314,Barcelona,Betis,Home,4,3,1,H,0
05/04/15,1415,Barcelona,Celta,Away,3,1,0,A,0
05/04/17,1617,Barcelona,Sevilla,Home,7,3,0,H,0
05/04/2021,2021,Barcelona,Valladolid,Home,10,1,0,H,0
05/04/2025,2425,Barcelona,Betis,Home,5,1,1,D,0
05/05/07,607,Barcelona,Sociedad,Away,6,2,0,A,0
05/05/12,1112,Barcelona,Espanol,Home,6,4,0,H,0
05/05/13,1213,Barcelona,Betis,Home,10,4,2,H,0
05/07/2020,1920,Barcelona,Villarreal,Away,12,4,1,A,0
05/10/13,1314,Barcelona,Valladolid,Home,8,4,1,H,0
05/10/2025,2526,Barcelona,Sevilla,Away,8,1,4,H,0
05/11/2022,2223,Barcelona,Almeria,Home,13,2,0,H,0
05/12/09,910,Barcelona,La Coruna,Away,9,3,1,A,0
05/12/15,1516,Barcelona,Valencia,Away,5,1,1,D,0
05/12/2020,2021,Barcelona,Cadiz,Away,8,1,2,H,0
06/01/13,1213,Barcelona,Espanol,Home,8,4,0,H,0
06/01/2019,1819,Barcelona,Getafe,Away,8,2,1,A,0
06/01/2021,2021,Barcelona,Ath Bilbao,Away,9,3,2,A,0
06/02/10,910,Barcelona,Getafe,Home,8,2,1,H,2
06/02/2022,2122,Barcelona,Ath Madrid,Home,4,4,2,H,1
06/03/10,910,Barcelona,Almeria,Away,8,2,2,D,1
06/03/16,1516,Barcelona,Eibar,Away,7,4,0,A,0
06/03/2021,2021,Barcelona,Osasuna,Away,6,2,0,A,0
06/03/2022,2122,Barcelona,Elche,Away,9,2,1,A,0
06/04/08,708,Barcelona,Getafe,Home,2,0,0,D,0
06/04/13,1213,Barcelona,Mallorca,Home,9,5,0,H,0
06/04/2019,1819,Barcelona,Ath Madrid,Home,10,2,0,H,0
06/05/06,506,Barcelona,Espanol,Home,5,2,0,H,0
06/05/17,1617,Barcelona,Villarreal,Home,8,4,1,H,0
06/05/18,1718,Barcelona,Real Madrid,Home,4,2,2,D,1
06/10/2019,1920,Barcelona,Sevilla,Home,8,4,0,H,2
06/10/2024,2425,Barcelona,Alaves,Away,8,3,0,A,0
06/11/05,506,Barcelona,Getafe,Away,7,3,1,A,0
06/11/11,1112,Barcelona,Ath Bilbao,Away,9,2,2,D,0
06/11/16,1617,Barcelona,Sevilla,Away,7,2,1,A,0
06/11/2021,2122,Barcelona,Celta,Away,6,3,3,D,0
06/12/08,809,Barcelona,Valencia,Home,7,4,0,H,0
06/12/2025,2526,Barcelona,Betis,Away,8,5,3,A,0
07/01/06,506,Barcelona,Espanol,Away,7,2,1,A,0
07/01/07,607,Barcelona,Getafe,Away,3,1,1,D,0
07/01/18,1718,Barcelona,Levante,Home,8,3,0,H,0
07/02/16,1516,Barcelona,Levante,Away,4,2,0,A,0
07/02/2021,2021,Barcelona,Betis,Away,4,3,2,A,0
07/02/2026,2526,Barcelona,Mallorca,Home,7,3,0,H,0
07/03/09,809,Barcelona,Ath Bilbao,Home,10,2,0,H,0
07/03/2020,1920,Barcelona,Sociedad,Home,6,1,0,H,0
07/03/2026,2526,Barcelona,Ath Bilbao,Away,2,1,0,A,0
07/04/07,607,Barcelona,Zaragoza,Away,4,0,1,H,0
07/04/12,1112,Barcelona,Zaragoza,Away,7,4,1,A,0
07/04/18,1718,Barcelona,Leganes,Home,6,3,1,H,0
07/05/08,708,Barcelona,Real Madrid,Away,4,1,4,H,1
07/05/2022,2122,Barcelona,Betis,Away,5,2,1,A,0
07/10/07,708,Barcelona,Ath Madrid,Home,10,3,0,H,0
07/10/12,1213,Barcelona,Real Madrid,Home,2,2,2,D,0
07/10/2018,1819,Barcelona,Valencia,Away,5,1,1,D,0
07/11/09,910,Barcelona,Mallorca,Home,10,4,2,H,0
07/11/10,1011,Barcelona,Getafe,Away,8,3,1,A,1
07/11/2020,2021,Barcelona,Betis,Home,9,5,2,H,0
07/12/14,1415,Barcelona,Espanol,Home,7,5,1,H,0
07/12/2019,1920,Barcelona,Mallorca,Home,17,5,2,H,0
07/12/2024,2425,Barcelona,Betis,Away,3,2,2,D,0
08/01/11,1011,Barcelona,La Coruna,Away,5,4,0,A,0
08/01/12,1112,Barcelona,Espanol,Away,3,1,1,D,0
08/01/17,1617,Barcelona,Villarreal,Away,7,1,1,D,0
08/01/2022,2122,Barcelona,Granada,Away,1,1,1,D,1
08/01/2023,2223,Barcelona,Ath Madrid,Away,2,1,0,A,1
08/02/09,809,Barcelona,Sp Gijon,Home,7,3,1,H,0
08/02/15,1415,Barcelona,Ath Bilbao,Away,11,5,2,A,0
08/03/14,1314,Barcelona,Valladolid,Away,6,0,1,H,0
08/03/15,1415,Barcelona,Vallecano,Home,12,6,1,H,1
08/03/2024,2324,Barcelona,Mallorca,Home,6,1,0,H,0
08/04/15,1415,Barcelona,Almeria,Home,12,4,0,H,0
08/04/17,1617,Barcelona,Malaga,Away,3,0,2,H,1
08/05/10,910,Barcelona,Sevilla,Away,7,3,2,A,0
08/05/11,1011,Barcelona,Espanol,Home,6,2,0,H,0
08/05/16,1516,Barcelona,Espanol,Home,7,5,0,H,0
08/05/2021,2021,Barcelona,Ath Madrid,Home,7,0,0,D,0
08/07/2020,1920,Barcelona,Espanol,Home,2,1,0,H,1
08/10/2023,2324,Barcelona,Granada,Away,10,2,2,D,0
08/11/08,809,Barcelona,Valladolid,Home,13,6,0,H,0
08/11/14,1415,Barcelona,Almeria,Away,6,2,1,A,0
08/11/15,1516,Barcelona,Villarreal,Home,9,3,0,H,0
08/11/2022,2223,Barcelona,Osasuna,Away,3,2,1,A,2
08/12/2018,1819,Barcelona,Espanol,Away,9,4,0,A,0
09/01/16,1516,Barcelona,Granada,Home,8,4,0,H,0
09/01/2021,2021,Barcelona,Granada,Away,4,4,0,A,0
09/02/08,708,Barcelona,Sevilla,Away,5,1,1,D,0
09/02/14,1314,Barcelona,Sevilla,Away,5,4,1,A,0
09/02/2020,1920,Barcelona,Betis,Away,6,3,2,A,1
09/02/2025,2425,Barcelona,Sevilla,Away,6,4,1,A,1
09/03/08,708,Barcelona,Villarreal,Home,4,1,2,A,0
09/03/13,1213,Barcelona,La Coruna,Home,7,2,0,H,0
09/03/2019,1819,Barcelona,Vallecano,Home,6,3,1,H,0
09/04/06,506,Barcelona,Santander,Away,3,2,2,D,1
09/04/11,1011,Barcelona,Almeria,Home,4,3,1,H,0
09/04/16,1516,Barcelona,Sociedad,Away,6,0,1,H,0
09/05/15,1415,Barcelona,Sociedad,Home,8,2,0,H,0
09/05/18,1718,Barcelona,Villarreal,Home,6,5,1,H,0
09/06/07,607,Barcelona,Espanol,Home,6,2,2,D,0
09/09/06,607,Barcelona,Osasuna,Home,6,3,0,H,0
09/09/17,1718,Barcelona,Espanol,Home,9,5,0,H,0
09/10/2022,2223,Barcelona,Celta,Home,5,1,0,H,0
09/11/2019,1920,Barcelona,Celta,Home,7,4,1,H,0
09/11/2025,2526,Barcelona,Celta,Away,9,4,2,A,1
09/12/06,607,Barcelona,Sociedad,Home,5,1,0,H,1
09/12/07,708,Barcelona,La Coruna,Home,12,2,1,H,0
09/12/12,1213,Barcelona,Betis,Away,8,2,1,A,0
10/01/10,910,Barcelona,Tenerife,Away,5,5,0,A,0
10/02/13,1213,Barcelona,Getafe,Home,9,6,1,H,0
10/02/2019,1819,Barcelona,Ath Bilbao,Away,2,0,0,D,0
10/03/07,607,Barcelona,Real Madrid,Home,9,3,3,D,1
10/03/18,1718,Barcelona,Malaga,Away,9,2,0,A,0
10/04/10,910,Barcelona,Real Madrid,Away,4,2,0,A,0
10/04/12,1112,Barcelona,Getafe,Home,7,4,0,H,0
10/04/2021,2021,Barcelona,Real Madrid,Away,4,1,2,H,0
10/04/2022,2122,Barcelona,Levante,Away,7,3,2,A,0
10/04/2023,2223,Barcelona,Girona,Home,3,0,0,D,0
10/05/09,809,Barcelona,Villarreal,Home,3,3,3,D,1
10/05/2022,2122,Barcelona,Celta,Home,4,3,1,H,0
10/05/2026,2526,Barcelona,Real Madrid,Home,7,2,0,H,0
10/09/11,1112,Barcelona,Sociedad,Away,6,2,2,D,0
10/09/16,1617,Barcelona,Alaves,Home,2,1,2,A,0
10/09/2022,2223,Barcelona,Cadiz,Away,8,4,0,A,0
10/11/07,708,Barcelona,Getafe,Away,2,0,2,H,1
10/11/13,1314,Barcelona,Betis,Away,8,4,1,A,0
10/11/2024,2425,Barcelona,Sociedad,Away,0,0,1,H,0
10/12/11,1112,Barcelona,Real Madrid,Away,7,3,1,A,0
10/12/16,1617,Barcelona,Osasuna,Away,6,3,0,A,0
10/12/17,1718,Barcelona,Villarreal,Away,6,2,0,A,0
10/12/2023,2324,Barcelona,Girona,Home,11,2,4,A,0
11/01/09,809,Barcelona,Osasuna,Away,9,3,2,A,0
11/01/14,1314,Barcelona,Ath Madrid,Away,2,0,0,D,0
11/01/15,1415,Barcelona,Ath Madrid,Home,7,3,1,H,0
11/02/07,607,Barcelona,Santander,Home,7,2,0,H,0
11/02/12,1112,Barcelona,Osasuna,Away,8,2,3,H,0
11/02/17,1617,Barcelona,Alaves,Away,9,6,0,A,0
11/02/18,1718,Barcelona,Getafe,Home,6,0,0,D,0
11/02/2024,2324,Barcelona,Granada,Home,6,3,3,D,0
11/03/12,1112,Barcelona,Santander,Away,8,2,0,A,0
11/04/09,809,Barcelona,Recreativo,Home,6,2,0,H,0
11/04/15,1415,Barcelona,Sevilla,Away,7,2,2,D,0
11/04/2026,2526,Barcelona,Espanol,Home,10,4,1,H,0
11/05/08,708,Barcelona,Mallorca,Home,4,2,3,A,1
11/05/11,1011,Barcelona,Levante,Away,2,1,1,D,0
11/05/14,1314,Barcelona,Elche,Away,6,0,0,D,0
11/05/2021,2021,Barcelona,Levante,Away,5,3,3,D,0
11/05/2025,2425,Barcelona,Real Madrid,Home,9,4,3,H,0
11/07/2020,1920,Barcelona,Valladolid,Away,6,1,0,A,0
11/09/05,506,Barcelona,Mallorca,Home,7,2,0,H,0
11/09/10,1011,Barcelona,Hercules,Home,9,0,2,A,0
11/11/12,1213,Barcelona,Mallorca,Away,5,4,2,A,0
11/11/2018,1819,Barcelona,Betis,Home,5,3,4,A,1
11/12/05,506,Barcelona,Sevilla,Home,3,2,1,H,0
12/01/08,708,Barcelona,Murcia,Home,10,4,0,H,0
12/02/06,506,Barcelona,Valencia,Away,5,0,1,H,0
12/02/11,1011,Barcelona,Sp Gijon,Away,6,1,1,D,0
12/02/2023,2223,Barcelona,Villarreal,Away,4,1,0,A,0
12/03/06,506,Barcelona,Osasuna,Away,4,1,2,H,2
12/03/16,1516,Barcelona,Getafe,Home,9,6,0,H,0
12/03/17,1617,Barcelona,La Coruna,Away,5,1,2,H,0
12/03/2023,2223,Barcelona,Ath Bilbao,Away,2,1,0,A,0
12/04/08,708,Barcelona,Recreativo,Away,3,2,2,D,0
12/04/14,1314,Barcelona,Granada,Away,9,0,1,H,0
12/04/2025,2425,Barcelona,Leganes,Away,3,1,0,A,0
12/05/12,1112,Barcelona,Betis,Away,6,2,2,D,1
12/05/13,1213,Barcelona,Ath Madrid,Away,3,2,1,A,0
12/05/2019,1819,Barcelona,Getafe,Home,8,2,0,H,0
12/09/09,910,Barcelona,Getafe,Away,9,2,0,A,0
12/09/15,1516,Barcelona,Ath Madrid,Away,5,2,1,A,0
12/11/06,607,Barcelona,Zaragoza,Home,4,3,1,H,1
12/11/2023,2324,Barcelona,Alaves,Home,6,2,1,H,0
12/12/09,910,Barcelona,Espanol,Home,3,1,0,H,0
12/12/10,1011,Barcelona,Sociedad,Home,9,5,0,H,0
12/12/15,1516,Barcelona,La Coruna,Home,7,2,2,D,0
12/12/2021,2122,Barcelona,Osasuna,Away,2,2,2,D,0
13/01/07,607,Barcelona,Espanol,Away,6,1,3,H,0
13/01/13,1213,Barcelona,Malaga,Away,4,3,1,A,0
13/01/2019,1819,Barcelona,Eibar,Home,6,3,0,H,0
13/02/2021,2021,Barcelona,Alaves,Home,9,5,1,H,0
13/02/2022,2122,Barcelona,Espanol,Away,4,2,2,D,1
13/03/11,1011,Barcelona,Sevilla,Away,6,1,1,D,0
13/03/2022,2122,Barcelona,Osasuna,Home,9,4,0,H,0
13/04/2019,1819,Barcelona,Huesca,Away,2,0,0,D,0
13/04/2024,2324,Barcelona,Cadiz,Away,2,1,0,A,0
13/05/06,506,Barcelona,Sevilla,Away,4,2,3,H,1
13/05/07,607,Barcelona,Betis,Home,3,1,1,D,0
13/05/18,1718,Barcelona,Levante,Away,7,4,5,H,0
13/05/2024,2324,Barcelona,Sociedad,Home,5,2,0,H,0
13/05/2026,2526,Barcelona,Alaves,Away,0,0,1,H,0
13/06/2020,1920,Barcelona,Mallorca,Away,7,4,0,A,0
13/08/2022,2223,Barcelona,Vallecano,Home,6,0,0,D,1
13/08/2023,2324,Barcelona,Getafe,Away,4,0,0,D,1
13/09/08,809,Barcelona,Santander,Home,7,1,1,D,0
13/09/14,1415,Barcelona,Ath Bilbao,Home,8,2,0,H,0
13/11/10,1011,Barcelona,Villarreal,Home,5,3,1,H,0
13/12/08,809,Barcelona,Real Madrid,Home,8,2,0,H,0
13/12/14,1415,Barcelona,Getafe,Away,2,0,0,D,0
13/12/2020,2021,Barcelona,Levante,Home,13,1,0,H,0
13/12/2025,2526,Barcelona,Osasuna,Home,7,2,0,H,0
14/01/17,1617,Barcelona,Las Palmas,Home,10,5,0,H,0
14/01/18,1718,Barcelona,Sociedad,Away,5,4,2,A,0
14/02/09,809,Barcelona,Betis,Away,12,2,2,D,0
14/02/10,910,Barcelona,Ath Madrid,Away,7,1,2,H,0
14/02/16,1516,Barcelona,Celta,Home,11,6,1,H,0
14/03/10,910,Barcelona,Valencia,Home,8,3,0,H,0
14/03/15,1415,Barcelona,Eibar,Away,4,2,0,A,0
14/04/06,506,Barcelona,Villarreal,Home,4,1,0,H,0
14/04/10,910,Barcelona,La Coruna,Home,11,3,0,H,0
14/04/12,1112,Barcelona,Levante,Away,8,2,1,A,0
14/04/13,1213,Barcelona,Zaragoza,Away,6,3,0,A,0
14/04/18,1718,Barcelona,Valencia,Home,7,2,1,H,0
14/05/16,1516,Barcelona,Granada,Away,10,3,0,A,0
14/05/17,1617,Barcelona,Las Palmas,Away,5,4,1,A,0
14/05/2023,2223,Barcelona,Espanol,Away,5,4,2,A,0
14/09/13,1314,Barcelona,Sevilla,Home,10,3,2,H,0
14/09/2019,1920,Barcelona,Valencia,Home,10,5,2,H,0
14/09/2025,2526,Barcelona,Valencia,Home,10,6,0,H,0
14/10/17,1718,Barcelona,Ath Madrid,Away,7,1,1,D,0
14/12/13,1314,Barcelona,Villarreal,Home,7,2,1,H,0
14/12/2019,1920,Barcelona,Sociedad,Away,5,2,2,D,0
15/01/06,506,Barcelona,Ath Bilbao,Home,9,2,1,H,1
15/01/12,1112,Barcelona,Betis,Home,9,4,2,H,0
15/02/14,1314,Barcelona,Vallecano,Home,10,6,0,H,0
15/02/15,1415,Barcelona,Levante,Home,10,5,0,H,0
15/02/2020,1920,Barcelona,Getafe,Home,5,2,1,H,0
15/03/09,809,Barcelona,Almeria,Away,7,2,0,A,0
15/03/2021,2021,Barcelona,Huesca,Home,5,4,1,H,0
15/03/2026,2526,Barcelona,Sevilla,Home,8,5,2,H,0
15/04/07,607,Barcelona,Mallorca,Home,4,1,0,H,0
15/04/17,1617,Barcelona,Sociedad,Home,9,3,2,H,0
15/05/11,1011,Barcelona,La Coruna,Home,2,0,0,D,0
15/05/2022,2122,Barcelona,Getafe,Away,1,0,0,D,0
15/05/2025,2425,Barcelona,Espanol,Away,4,2,0,A,0
15/08/2021,2122,Barcelona,Sociedad,Home,8,4,2,H,0
15/09/12,1213,Barcelona,Getafe,Away,9,4,1,A,0
15/09/2018,1819,Barcelona,Sociedad,Away,6,2,1,A,0
15/09/2024,2425,Barcelona,Girona,Away,9,4,1,A,1
15/10/05,506,Barcelona,La Coruna,Away,6,3,3,D,0
15/10/06,607,Barcelona,Sevilla,Home,5,3,1,H,0
15/10/11,1112,Barcelona,Santander,Home,6,3,0,H,0
15/10/16,1617,Barcelona,La Coruna,Home,8,4,0,H,0
15/12/07,708,Barcelona,Valencia,Away,11,3,0,A,0
15/12/2024,2425,Barcelona,Leganes,Home,4,0,1,A,0
16/01/10,910,Barcelona,Sevilla,Home,12,4,0,H,0
16/01/11,1011,Barcelona,Malaga,Home,9,4,1,H,0
16/02/08,708,Barcelona,Zaragoza,Away,5,2,1,A,0
16/02/13,1213,Barcelona,Granada,Away,8,2,1,A,0
16/02/2019,1819,Barcelona,Valladolid,Home,8,1,0,H,0
16/02/2026,2526,Barcelona,Girona,Away,4,1,2,H,0
16/03/08,708,Barcelona,Almeria,Away,5,2,2,D,1
16/03/14,1314,Barcelona,Osasuna,Home,11,7,0,H,0
16/03/2025,2425,Barcelona,Ath Madrid,Away,6,4,2,A,0
16/04/11,1011,Barcelona,Real Madrid,Away,6,1,1,D,0
16/04/2023,2223,Barcelona,Getafe,Away,3,0,0,D,0
16/05/10,910,Barcelona,Valladolid,Home,7,4,0,H,0
16/05/2021,2021,Barcelona,Celta,Home,4,1,2,A,1
16/05/2024,2324,Barcelona,Almeria,Away,7,2,0,A,0
16/06/2020,1920,Barcelona,Leganes,Home,5,2,0,H,0
16/07/2020,1920,Barcelona,Osasuna,Home,3,1,2,A,0
16/08/2019,1920,Barcelona,Ath Bilbao,Away,2,0,1,H,0
16/08/2025,2526,Barcelona,Mallorca,Away,8,3,0,A,0
16/09/07,708,Barcelona,Osasuna,Away,3,0,0,D,0
16/09/17,1718,Barcelona,Getafe,Away,5,2,1,A,0
16/09/2023,2324,Barcelona,Betis,Home,9,5,0,H,0
16/10/10,1011,Barcelona,Valencia,Home,8,2,1,H,0
16/10/2022,2223,Barcelona,Real Madrid,Away,5,1,3,H,0
16/11/08,809,Barcelona,Recreativo,Away,8,2,0,A,0
16/12/12,1213,Barcelona,Ath Madrid,Home,6,4,1,H,0
16/12/2018,1819,Barcelona,Levante,Away,9,5,0,A,0
16/12/2020,2021,Barcelona,Sociedad,Home,4,2,1,H,0
16/12/2023,2324,Barcelona,Valencia,Away,8,1,1,D,0
17/01/09,809,Barcelona,La Coruna,Home,10,5,0,H,0
17/01/16,1516,Barcelona,Ath Bilbao,Home,8,6,0,H,0
17/02/16,1516,Barcelona,Sp Gijon,Away,8,3,1,A,0
17/02/18,1718,Barcelona,Eibar,Away,6,2,0,A,0
17/02/2024,2324,Barcelona,Celta,Away,4,2,1,A,0
17/02/2025,2425,Barcelona,Vallecano,Home,5,1,0,H,0
17/03/07,607,Barcelona,Recreativo,Away,6,4,0,A,0
17/03/12,1112,Barcelona,Sevilla,Away,9,2,0,A,0
17/03/13,1213,Barcelona,Vallecano,Home,7,3,1,H,0
17/03/2019,1819,Barcelona,Betis,Away,9,4,1,A,0
17/03/2024,2324,Barcelona,Ath Madrid,Away,5,3,0,A,0
17/04/10,910,Barcelona,Espanol,Away,1,0,0,D,1
17/04/16,1516,Barcelona,Valencia,Home,7,1,2,A,0
17/04/18,1718,Barcelona,Celta,Away,6,2,2,D,1
17/05/08,708,Barcelona,Murcia,Away,9,5,3,A,0
17/05/09,809,Barcelona,Mallorca,Away,10,1,2,H,0
17/05/14,1314,Barcelona,Ath Madrid,Home,4,1,1,D,0
17/05/15,1415,Barcelona,Ath Madrid,Away,5,1,0,A,0
17/05/2026,2526,Barcelona,Betis,Home,9,3,1,H,0
17/06/07,607,Barcelona,Gimnastic,Away,12,5,1,A,0
17/08/2024,2425,Barcelona,Valencia,Away,8,2,1,A,0
17/09/06,607,Barcelona,Santander,Away,7,3,0,A,0
17/09/11,1112,Barcelona,Osasuna,Home,14,8,0,H,0
17/09/16,1617,Barcelona,Leganes,Away,7,5,1,A,0
17/09/2022,2223,Barcelona,Elche,Home,9,3,0,H,0
17/10/09,910,Barcelona,Valencia,Away,3,0,0,D,0
17/10/15,1516,Barcelona,Vallecano,Home,9,5,2,H,0
17/10/2020,2021,Barcelona,Getafe,Away,1,0,1,H,0
17/10/2021,2122,Barcelona,Valencia,Home,5,3,1,H,0
17/11/12,1213,Barcelona,Zaragoza,Home,3,3,1,H,0
17/12/05,506,Barcelona,Cadiz,Away,9,3,1,A,0
17/12/17,1718,Barcelona,La Coruna,Home,11,4,0,H,0
18/01/15,1415,Barcelona,La Coruna,Away,6,4,0,A,0
18/01/2025,2425,Barcelona,Getafe,Away,5,1,1,D,0
18/01/2026,2526,Barcelona,Sociedad,Away,9,1,2,H,0
18/02/06,506,Barcelona,Betis,Home,8,5,1,H,0
18/02/07,607,Barcelona,Valencia,Away,3,1,2,H,1
18/03/06,506,Barcelona,Sociedad,Away,6,2,0,A,0
18/03/18,1718,Barcelona,Ath Bilbao,Home,9,2,0,H,0
18/04/09,809,Barcelona,Getafe,Away,8,1,0,A,0
18/04/15,1415,Barcelona,Valencia,Home,5,2,0,H,0
18/04/2022,2122,Barcelona,Cadiz,Home,6,0,1,A,0
18/05/2025,2425,Barcelona,Villarreal,Home,9,2,3,A,0
18/08/13,1314,Barcelona,Levante,Home,13,7,0,H,0
18/08/2018,1819,Barcelona,Alaves,Home,9,3,0,H,0
18/09/05,506,Barcelona,Ath Madrid,Away,4,1,2,H,0
18/10/14,1415,Barcelona,Eibar,Home,12,3,0,H,0
18/10/2025,2526,Barcelona,Girona,Home,9,2,1,H,0
18/11/17,1718,Barcelona,Leganes,Away,7,3,0,A,0
18/12/10,1011,Barcelona,Espanol,Away,10,5,1,A,0
18/12/16,1617,Barcelona,Espanol,Home,7,4,1,H,0
18/12/2019,1920,Barcelona,Real Madrid,Home,2,0,0,D,0
18/12/2021,2122,Barcelona,Elche,Home,8,3,2,H,0
19/01/13,1213,Barcelona,Sociedad,Away,3,2,3,H,1
19/01/14,1314,Barcelona,Levante,Away,6,1,1,D,0
19/01/2020,1920,Barcelona,Granada,Home,6,1,0,H,0
19/02/12,1112,Barcelona,Valencia,Home,15,5,1,H,0
19/02/17,1617,Barcelona,Leganes,Home,6,2,1,H,0
19/02/2023,2223,Barcelona,Cadiz,Home,5,2,0,H,0
19/03/11,1011,Barcelona,Getafe,Home,6,2,1,H,0
19/03/17,1617,Barcelona,Valencia,Home,12,4,2,H,0
19/03/2023,2223,Barcelona,Real Madrid,Home,7,2,1,H,0
19/04/08,708,Barcelona,Espanol,Home,6,0,0,D,0
19/04/2025,2425,Barcelona,Celta,Home,6,4,3,H,0
19/05/13,1213,Barcelona,Valladolid,Home,4,2,1,H,0
19/05/2019,1819,Barcelona,Eibar,Away,3,2,2,D,0
19/05/2024,2324,Barcelona,Vallecano,Home,6,3,0,H,0
19/06/2020,1920,Barcelona,Sevilla,Away,4,0,0,D,0
19/07/2020,1920,Barcelona,Alaves,Away,8,5,0,A,0
19/08/12,1213,Barcelona,Sociedad,Home,10,5,1,H,0
19/09/09,910,Barcelona,Ath Madrid,Home,6,5,2,H,0
19/09/10,1011,Barcelona,Ath Madrid,Away,8,2,1,A,0
19/09/17,1718,Barcelona,Eibar,Home,10,6,1,H,0
19/10/08,809,Barcelona,Ath Bilbao,Away,3,1,0,A,0
19/10/13,1314,Barcelona,Osasuna,Away,3,0,0,D,0
19/10/2019,1920,Barcelona,Eibar,Away,4,3,0,A,0
19/11/05,506,Barcelona,Real Madrid,Away,7,3,0,A,0
19/11/06,607,Barcelona,Mallorca,Away,5,4,1,A,0
19/11/11,1112,Barcelona,Zaragoza,Home,11,4,0,H,0
19/11/16,1617,Barcelona,Malaga,Home,8,0,0,D,0
19/12/2020,2021,Barcelona,Valencia,Home,9,2,2,D,0
20/01/08,708,Barcelona,Santander,Home,2,1,0,H,0
20/01/2019,1819,Barcelona,Leganes,Home,7,3,1,H,0
20/02/10,910,Barcelona,Santander,Home,9,4,0,H,0
20/02/11,1011,Barcelona,Ath Bilbao,Home,5,2,1,H,0
20/02/16,1516,Barcelona,Las Palmas,Away,8,2,1,A,0
20/02/2022,2122,Barcelona,Valencia,Away,6,4,1,A,0
20/03/12,1112,Barcelona,Granada,Home,8,5,3,H,1
20/03/16,1516,Barcelona,Villarreal,Away,6,2,2,D,0
20/03/2022,2122,Barcelona,Real Madrid,Away,10,4,0,A,0
20/04/13,1213,Barcelona,Levante,Home,9,1,0,H,0
20/04/14,1314,Barcelona,Ath Bilbao,Home,8,2,1,H,0
20/04/16,1516,Barcelona,La Coruna,Away,10,8,0,A,0
20/04/2019,1819,Barcelona,Sociedad,Home,4,2,1,H,0
20/05/06,506,Barcelona,Ath Bilbao,Away,4,1,3,H,0
20/05/07,607,Barcelona,Ath Madrid,Away,11,6,0,A,0
20/05/18,1718,Barcelona,Sociedad,Home,4,1,0,H,0
20/05/2023,2223,Barcelona,Sociedad,Home,4,1,2,A,0
20/08/16,1617,Barcelona,Betis,Home,12,6,2,H,0
20/08/17,1718,Barcelona,Betis,Home,2,2,0,H,0
20/08/2023,2324,Barcelona,Cadiz,Home,10,2,0,H,0
20/09/15,1516,Barcelona,Levante,Home,8,4,1,H,0
20/09/2021,2122,Barcelona,Granada,Home,6,1,1,D,0
20/10/07,708,Barcelona,Villarreal,Away,6,1,3,H,0
20/10/12,1213,Barcelona,La Coruna,Away,6,5,4,A,1
20/10/2018,1819,Barcelona,Sevilla,Home,9,4,2,H,0
20/10/2022,2223,Barcelona,Villarreal,Home,5,3,0,H,0
20/10/2024,2425,Barcelona,Sevilla,Home,9,5,1,H,0
20/11/10,1011,Barcelona,Almeria,Away,13,8,0,A,0
20/11/2021,2122,Barcelona,Espanol,Home,6,1,0,H,0
20/12/05,506,Barcelona,Celta,Home,7,2,0,H,0
20/12/14,1415,Barcelona,Cordoba,Home,9,5,0,H,0
20/12/2023,2324,Barcelona,Almeria,Home,11,3,2,H,0
21/01/07,607,Barcelona,Gimnastic,Home,5,3,0,H,0
21/01/18,1718,Barcelona,Betis,Away,10,5,0,A,0
21/01/2024,2324,Barcelona,Betis,Away,4,4,2,A,0
21/02/09,809,Barcelona,Espanol,Home,2,1,2,A,1
21/02/15,1415,Barcelona,Malaga,Home,5,0,1,A,0
21/02/2021,2021,Barcelona,Cadiz,Home,4,1,1,D,0
21/03/06,506,Barcelona,Getafe,Home,4,3,1,H,0
21/03/10,910,Barcelona,Zaragoza,Away,6,4,2,A,0
21/03/2021,2021,Barcelona,Sociedad,Away,10,6,1,A,0
21/04/12,1112,Barcelona,Real Madrid,Home,3,1,2,A,0
21/04/2022,2122,Barcelona,Sociedad,Away,1,1,0,A,0
21/04/2024,2324,Barcelona,Real Madrid,Away,6,2,3,H,0
21/05/11,1011,Barcelona,Malaga,Away,8,3,1,A,0
21/05/17,1617,Barcelona,Eibar,Home,11,4,2,H,0
21/08/2021,2122,Barcelona,Ath Bilbao,Away,3,1,1,D,1
21/08/2022,2223,Barcelona,Sociedad,Away,7,4,1,A,0
21/09/05,506,Barcelona,Valencia,Home,5,2,2,D,0
21/09/08,809,Barcelona,Sp Gijon,Away,8,6,1,A,0
21/09/11,1112,Barcelona,Valencia,Away,7,2,2,D,0
21/09/13,1314,Barcelona,Vallecano,Away,8,4,0,A,0
21/09/14,1415,Barcelona,Levante,Away,8,5,0,A,0
21/09/16,1617,Barcelona,Ath Madrid,Home,7,1,1,D,0
21/09/2019,1920,Barcelona,Granada,Away,1,0,2,H,0
21/09/2025,2526,Barcelona,Getafe,Home,7,3,0,H,0
21/10/17,1718,Barcelona,Malaga,Home,4,2,0,H,0
21/11/09,910,Barcelona,Ath Bilbao,Away,3,1,1,D,0
21/11/15,1516,Barcelona,Real Madrid,Away,7,4,0,A,0
21/11/2020,2021,Barcelona,Ath Madrid,Away,4,0,1,H,0
21/12/06,607,Barcelona,Ath Madrid,Home,4,1,1,D,0
21/12/08,809,Barcelona,Villarreal,Away,7,2,1,A,1
21/12/2019,1920,Barcelona,Alaves,Home,4,4,1,H,0
21/12/2021,2122,Barcelona,Sevilla,Away,7,1,1,D,0
21/12/2024,2425,Barcelona,Ath Madrid,Home,7,1,2,A,0
21/12/2025,2526,Barcelona,Villarreal,Away,5,2,0,A,0
22/01/06,506,Barcelona,Alaves,Home,7,2,0,H,0
22/01/11,1011,Barcelona,Santander,Home,11,3,0,H,0
22/01/12,1112,Barcelona,Malaga,Away,11,4,1,A,0
22/01/17,1617,Barcelona,Eibar,Away,7,4,0,A,0
22/01/2023,2223,Barcelona,Getafe,Home,4,1,0,H,0
22/02/14,1314,Barcelona,Sociedad,Away,3,1,3,H,0
22/02/2020,1920,Barcelona,Eibar,Home,11,5,0,H,0
22/02/2025,2425,Barcelona,Las Palmas,Away,5,2,0,A,0
22/02/2026,2526,Barcelona,Levante,Home,9,3,0,H,0
22/03/09,809,Barcelona,Malaga,Home,14,6,0,H,0
22/03/15,1415,Barcelona,Real Madrid,Home,5,2,1,H,0
22/03/2026,2526,Barcelona,Vallecano,Home,4,1,0,H,0
22/04/07,607,Barcelona,Villarreal,Away,7,0,2,H,0
22/04/09,809,Barcelona,Sevilla,Home,7,4,0,H,0
22/04/2021,2021,Barcelona,Getafe,Home,6,5,2,H,0
22/04/2025,2425,Barcelona,Mallorca,Home,13,1,0,H,0
22/04/2026,2526,Barcelona,Celta,Home,3,1,0,H,0
22/05/2021,2021,Barcelona,Eibar,Away,3,1,0,A,0
22/05/2022,2122,Barcelona,Villarreal,Home,3,0,2,A,0
22/09/07,708,Barcelona,Sevilla,Home,6,2,1,H,0
22/09/09,910,Barcelona,Santander,Away,6,4,1,A,0
22/09/10,1011,Barcelona,Sp Gijon,Home,5,1,0,H,0
22/09/12,1213,Barcelona,Granada,Home,11,2,0,H,0
22/09/2024,2425,Barcelona,Villarreal,Away,10,5,1,A,0
22/10/05,506,Barcelona,Osasuna,Home,10,3,0,H,0
22/10/06,607,Barcelona,Real Madrid,Away,2,0,2,H,0
22/10/11,1112,Barcelona,Sevilla,Home,6,0,0,D,0
22/10/16,1617,Barcelona,Valencia,Away,8,3,2,A,0
22/10/2023,2324,Barcelona,Ath Bilbao,Home,7,1,0,H,0
22/11/14,1415,Barcelona,Sevilla,Home,10,5,1,H,0
22/11/2025,2526,Barcelona,Ath Bilbao,Home,7,4,0,H,0
22/12/12,1213,Barcelona,Valladolid,Away,5,3,1,A,0
22/12/13,1314,Barcelona,Getafe,Away,7,5,2,A,0
22/12/2018,1819,Barcelona,Celta,Home,5,2,0,H,0
22/12/2020,2021,Barcelona,Valladolid,Away,10,3,0,A,0
23/01/10,910,Barcelona,Valladolid,Away,8,3,0,A,0
23/01/16,1516,Barcelona,Malaga,Away,6,2,1,A,0
23/01/2022,2122,Barcelona,Alaves,Away,4,1,0,A,0
23/02/13,1213,Barcelona,Sevilla,Home,3,2,1,H,0
23/02/2019,1819,Barcelona,Sevilla,Away,8,4,2,A,0
23/03/08,708,Barcelona,Valladolid,Home,11,4,1,H,0
23/03/14,1314,Barcelona,Real Madrid,Away,6,4,3,A,0
23/04/11,1011,Barcelona,Osasuna,Home,2,2,0,H,0
23/04/16,1516,Barcelona,Sp Gijon,Home,10,6,0,H,0
23/04/17,1617,Barcelona,Real Madrid,Away,9,3,2,A,0
23/04/2019,1819,Barcelona,Alaves,Away,6,2,0,A,0
23/04/2023,2223,Barcelona,Ath Madrid,Home,4,1,0,H,0
23/05/09,809,Barcelona,Osasuna,Home,3,0,1,A,1
23/05/15,1415,Barcelona,La Coruna,Home,7,2,2,D,0
23/05/2023,2223,Barcelona,Valladolid,Away,6,1,3,H,0
23/05/2026,2526,Barcelona,Valencia,Away,4,1,3,H,0
23/06/2020,1920,Barcelona,Ath Bilbao,Home,4,1,0,H,0
23/08/15,1516,Barcelona,Ath Bilbao,Away,4,1,0,A,0
23/08/2025,2526,Barcelona,Levante,Away,10,3,2,A,0
23/09/15,1516,Barcelona,Celta,Away,7,1,4,H,0
23/09/17,1718,Barcelona,Girona,Away,5,3,0,A,0
23/09/2018,1819,Barcelona,Girona,Home,11,2,2,D,1
23/09/2021,2122,Barcelona,Cadiz,Away,2,0,0,D,1
23/09/2023,2324,Barcelona,Celta,Home,6,3,2,H,0
23/10/10,1011,Barcelona,Zaragoza,Away,10,2,0,A,0
23/10/2022,2223,Barcelona,Ath Bilbao,Home,7,4,0,H,0
23/11/08,809,Barcelona,Getafe,Home,4,1,1,D,0
23/11/13,1314,Barcelona,Granada,Home,8,4,0,H,0
23/11/2019,1920,Barcelona,Leganes,Away,6,2,1,A,0
23/11/2024,2425,Barcelona,Celta,Away,4,2,2,D,1
23/12/07,708,Barcelona,Real Madrid,Home,6,0,1,A,0
23/12/17,1718,Barcelona,Real Madrid,Away,11,3,0,A,0
24/01/07,607,Barcelona,Betis,Away,5,1,1,D,0
24/01/09,809,Barcelona,Numancia,Home,8,4,1,H,0
24/01/15,1415,Barcelona,Elche,Away,8,6,0,A,0
24/01/2021,2021,Barcelona,Elche,Away,8,2,0,A,0
24/02/08,708,Barcelona,Levante,Home,8,5,1,H,0
24/02/18,1718,Barcelona,Girona,Home,14,6,1,H,0
24/02/2021,2021,Barcelona,Elche,Home,5,3,0,H,0
24/02/2024,2324,Barcelona,Getafe,Home,9,4,0,H,0
24/03/10,910,Barcelona,Osasuna,Home,5,2,0,H,0
24/03/12,1112,Barcelona,Mallorca,Away,6,2,0,A,1
24/04/10,910,Barcelona,Xerez,Home,7,3,1,H,0
24/04/2022,2122,Barcelona,Vallecano,Home,5,0,1,A,0
24/08/14,1415,Barcelona,Elche,Home,6,3,0,H,1
24/08/2024,2425,Barcelona,Ath Bilbao,Home,5,2,1,H,0
24/09/05,506,Barcelona,Betis,Away,10,4,1,A,0
24/09/06,607,Barcelona,Valencia,Home,6,1,1,D,0
24/09/08,809,Barcelona,Betis,Home,8,3,2,H,0
24/09/11,1112,Barcelona,Ath Madrid,Home,8,5,0,H,0
24/09/13,1314,Barcelona,Sociedad,Home,9,4,1,H,0
24/09/14,1415,Barcelona,Malaga,Away,0,0,0,D,0
24/09/16,1617,Barcelona,Sp Gijon,Away,7,5,0,A,0
24/09/2019,1920,Barcelona,Villarreal,Home,4,2,1,H,0
24/10/2020,2021,Barcelona,Real Madrid,Home,4,1,3,A,0
24/10/2021,2122,Barcelona,Real Madrid,Home,2,1,2,A,0
24/11/07,708,Barcelona,Recreativo,Home,7,3,0,H,0
24/11/2018,1819,Barcelona,Ath Madrid,Away,2,1,1,D,0
25/01/2020,1920,Barcelona,Valencia,Away,5,0,2,H,0
25/01/2026,2526,Barcelona,Oviedo,Home,7,3,0,H,0
25/02/06,506,Barcelona,Zaragoza,Away,2,2,0,A,0
25/02/07,607,Barcelona,Ath Bilbao,Home,8,3,0,H,0
25/03/06,506,Barcelona,Malaga,Away,10,0,0,D,0
25/04/09,809,Barcelona,Valencia,Away,6,2,2,D,0
25/04/15,1415,Barcelona,Espanol,Away,5,2,0,A,1
25/04/2021,2021,Barcelona,Villarreal,Away,5,2,1,A,0
25/04/2026,2526,Barcelona,Getafe,Away,4,2,0,A,0
25/05/2025,2425,Barcelona,Ath Bilbao,Away,4,3,0,A,0
25/08/13,1314,Barcelona,Malaga,Away,11,1,0,A,0
25/08/2018,1819,Barcelona,Valladolid,Away,5,1,0,A,0
25/08/2019,1920,Barcelona,Betis,Home,7,5,2,H,0
25/09/10,1011,Barcelona,Ath Bilbao,Away,10,3,1,A,1
25/09/2024,2425,Barcelona,Getafe,Home,4,1,0,H,0
25/09/2025,2526,Barcelona,Oviedo,Away,10,3,1,A,0
25/10/08,809,Barcelona,Almeria,Home,9,5,0,H,0
25/10/09,910,Barcelona,Zaragoza,Home,13,6,1,H,0
25/10/11,1112,Barcelona,Granada,Away,7,1,0,A,0
25/10/14,1415,Barcelona,Real Madrid,Away,5,1,3,H,0
25/10/15,1516,Barcelona,Eibar,Home,5,3,1,H,1
25/11/06,607,Barcelona,Villarreal,Home,12,4,0,H,0
25/11/12,1213,Barcelona,Levante,Away,7,4,0,A,0
25/11/2023,2324,Barcelona,Vallecano,Away,4,1,1,D,0
26/01/14,1314,Barcelona,Malaga,Home,10,3,0,H,0
26/01/2025,2425,Barcelona,Valencia,Home,11,7,1,H,0
26/02/11,1011,Barcelona,Mallorca,Away,4,3,0,A,0
26/02/12,1112,Barcelona,Ath Madrid,Away,3,2,1,A,0
26/02/17,1617,Barcelona,Ath Madrid,Away,6,2,1,A,0
26/02/2023,2223,Barcelona,Almeria,Away,1,0,1,H,0
26/03/14,1314,Barcelona,Celta,Home,6,3,0,H,0
26/04/08,708,Barcelona,La Coruna,Away,1,0,2,H,0
26/04/17,1617,Barcelona,Osasuna,Home,9,7,1,H,0
26/04/2023,2223,Barcelona,Vallecano,Away,5,1,2,H,0
26/05/07,607,Barcelona,Getafe,Home,5,1,0,H,1
26/05/13,1213,Barcelona,Espanol,Away,4,2,0,A,0
26/05/2024,2324,Barcelona,Sevilla,Away,6,2,1,A,0
26/08/07,708,Barcelona,Santander,Away,3,0,0,D,0
26/08/12,1213,Barcelona,Osasuna,Away,10,2,1,A,0
26/08/17,1718,Barcelona,Alaves,Away,11,2,0,A,0
26/09/07,708,Barcelona,Zaragoza,Home,13,4,1,H,0
26/09/09,910,Barcelona,Malaga,Away,6,2,0,A,0
26/09/15,1516,Barcelona,Las Palmas,Home,6,2,1,H,0
26/09/2018,1819,Barcelona,Leganes,Away,5,1,2,H,0
26/09/2021,2122,Barcelona,Levante,Home,12,3,0,H,0
26/09/2023,2324,Barcelona,Mallorca,Away,4,2,2,D,0
26/10/05,506,Barcelona,Malaga,Home,20,2,0,H,0
26/10/13,1314,Barcelona,Real Madrid,Home,5,2,1,H,0
26/10/2024,2425,Barcelona,Real Madrid,Away,7,4,0,A,0
26/10/2025,2526,Barcelona,Real Madrid,Away,6,1,2,H,1
26/11/11,1112,Barcelona,Getafe,Away,7,0,1,H,0
26/11/17,1718,Barcelona,Valencia,Away,8,1,1,D,0
27/01/08,708,Barcelona,Ath Bilbao,Away,2,1,1,D,0
27/01/13,1213,Barcelona,Osasuna,Home,9,5,1,H,0
27/01/2019,1819,Barcelona,Girona,Away,7,2,0,A,0
27/01/2024,2324,Barcelona,Villarreal,Home,10,3,5,A,0
27/02/10,910,Barcelona,Malaga,Home,8,2,1,H,0
27/02/2021,2021,Barcelona,Sevilla,Away,5,2,0,A,0
27/02/2022,2122,Barcelona,Ath Bilbao,Home,7,4,0,H,0
27/03/10,910,Barcelona,Mallorca,Away,5,1,0,A,0
27/03/2025,2425,Barcelona,Osasuna,Home,5,3,0,H,0
27/04/13,1213,Barcelona,Ath Bilbao,Away,6,2,2,D,0
27/04/14,1314,Barcelona,Villarreal,Away,7,3,2,A,0
27/04/2019,1819,Barcelona,Levante,Home,12,1,0,H,0
27/06/2020,1920,Barcelona,Celta,Away,2,2,2,D,0
27/08/05,506,Barcelona,Alaves,Away,10,0,0,D,0
27/08/2023,2324,Barcelona,Villarreal,Away,11,4,3,A,0
27/08/2024,2425,Barcelona,Vallecano,Away,5,2,1,A,0
27/09/08,809,Barcelona,Espanol,Away,8,2,1,A,0
27/09/14,1415,Barcelona,Granada,Home,12,6,0,H,0
27/09/2020,2021,Barcelona,Villarreal,Home,9,4,0,H,0
27/10/12,1213,Barcelona,Vallecano,Away,10,5,0,A,0
27/10/2021,2122,Barcelona,Vallecano,Away,1,0,1,H,0
27/11/05,506,Barcelona,Santander,Home,7,4,1,H,0
27/11/16,1617,Barcelona,Sociedad,Away,2,1,1,D,0
27/11/2021,2122,Barcelona,Villarreal,Away,6,3,1,A,0
28/01/07,607,Barcelona,Celta,Home,9,3,1,H,0
28/01/12,1112,Barcelona,Villarreal,Away,2,0,0,D,0
28/01/18,1718,Barcelona,Alaves,Home,12,2,1,H,0
28/01/2023,2223,Barcelona,Girona,Away,3,1,0,A,0
28/02/15,1415,Barcelona,Granada,Away,9,3,1,A,0
28/02/16,1516,Barcelona,Sevilla,Home,8,2,1,H,0
28/02/2026,2526,Barcelona,Villarreal,Home,8,4,1,H,0
28/04/15,1415,Barcelona,Getafe,Home,12,6,0,H,0
28/05/2023,2223,Barcelona,Mallorca,Home,9,3,0,H,0
28/08/06,607,Barcelona,Celta,Away,6,3,2,A,0
28/08/16,1617,Barcelona,Ath Bilbao,Away,3,1,0,A,0
28/08/2022,2223,Barcelona,Valladolid,Home,9,4,0,H,0
28/09/13,1314,Barcelona,Almeria,Away,4,2,0,A,0
28/09/2019,1920,Barcelona,Getafe,Away,6,2,0,A,1
28/09/2024,2425,Barcelona,Osasuna,Away,5,2,4,H,0
28/09/2025,2526,Barcelona,Sociedad,Home,12,2,1,H,0
28/10/06,607,Barcelona,Recreativo,Home,8,3,0,H,0
28/10/07,708,Barcelona,Almeria,Home,6,2,0,H,0
28/10/17,1718,Barcelona,Ath Bilbao,Away,5,2,0,A,0
28/10/2018,1819,Barcelona,Real Madrid,Home,8,5,1,H,0
28/10/2023,2324,Barcelona,Real Madrid,Home,3,1,2,A,0
28/11/15,1516,Barcelona,Sociedad,Home,6,4,0,H,0
29/01/06,506,Barcelona,Mallorca,Away,4,3,0,A,0
29/01/11,1011,Barcelona,Hercules,Away,8,3,0,A,0
29/01/17,1617,Barcelona,Betis,Away,4,1,1,D,0
29/03/08,708,Barcelona,Betis,Away,5,2,3,H,0
29/03/14,1314,Barcelona,Espanol,Away,8,1,0,A,0
29/04/06,506,Barcelona,Cadiz,Home,4,1,0,H,0
29/04/07,607,Barcelona,Levante,Home,8,1,0,H,0
29/04/12,1112,Barcelona,Vallecano,Away,8,7,0,A,0
29/04/17,1617,Barcelona,Espanol,Away,9,3,0,A,0
29/04/18,1718,Barcelona,La Coruna,Away,9,4,2,A,0
29/04/2021,2021,Barcelona,Granada,Home,4,1,2,A,0
29/04/2023,2223,Barcelona,Betis,Home,8,4,0,H,0
29/04/2024,2324,Barcelona,Valencia,Home,13,4,2,H,0
29/08/10,1011,Barcelona,Santander,Away,5,3,0,A,0
29/08/11,1112,Barcelona,Villarreal,Home,9,5,0,H,0
29/08/15,1516,Barcelona,Malaga,Home,13,1,0,H,0
29/08/2021,2122,Barcelona,Getafe,Home,3,2,1,H,0
29/09/07,708,Barcelona,Levante,Away,9,4,1,A,0
29/09/12,1213,Barcelona,Sevilla,Away,7,3,2,A,0
29/09/2018,1819,Barcelona,Ath Bilbao,Home,8,1,1,D,0
29/09/2023,2324,Barcelona,Sevilla,Home,5,1,0,H,0
29/10/11,1112,Barcelona,Mallorca,Home,10,5,0,H,0
29/10/13,1314,Barcelona,Celta,Away,8,3,0,A,0
29/10/16,1617,Barcelona,Granada,Home,5,1,0,H,0
29/10/2019,1920,Barcelona,Valladolid,Home,9,5,1,H,0
29/10/2022,2223,Barcelona,Valencia,Away,2,1,0,A,0
29/11/08,809,Barcelona,Sevilla,Away,9,3,0,A,0
29/11/09,910,Barcelona,Real Madrid,Home,4,1,0,H,1
29/11/10,1011,Barcelona,Real Madrid,Home,6,5,0,H,0
29/11/11,1112,Barcelona,Vallecano,Home,6,4,0,H,0
29/11/2020,2021,Barcelona,Osasuna,Home,11,4,0,H,0
29/11/2025,2526,Barcelona,Alaves,Home,6,3,1,H,0
29/12/2020,2021,Barcelona,Eibar,Home,5,1,1,D,0
30/01/10,910,Barcelona,Sp Gijon,Away,5,1,0,A,0
30/01/16,1516,Barcelona,Ath Madrid,Home,4,2,1,H,0
30/03/13,1213,Barcelona,Celta,Away,3,2,2,D,0
30/03/2019,1819,Barcelona,Espanol,Home,3,2,0,H,0
30/03/2024,2324,Barcelona,Las Palmas,Home,2,1,0,H,0
30/03/2025,2425,Barcelona,Girona,Home,9,4,1,H,0
30/04/11,1011,Barcelona,Sociedad,Away,7,1,2,H,0
30/04/16,1516,Barcelona,Betis,Away,4,2,0,A,0
30/05/09,809,Barcelona,La Coruna,Away,5,1,1,D,0
30/06/2020,1920,Barcelona,Ath Madrid,Home,5,2,2,D,0
30/09/06,607,Barcelona,Ath Bilbao,Away,4,3,1,A,0
30/10/05,506,Barcelona,Sociedad,Home,8,5,0,H,0
30/10/10,1011,Barcelona,Sevilla,Home,9,5,0,H,0
30/10/2021,2122,Barcelona,Alaves,Home,5,1,1,D,0
30/11/14,1415,Barcelona,Valencia,Away,1,1,0,A,0
30/11/2024,2425,Barcelona,Las Palmas,Home,8,1,2,A,0
30/12/15,1516,Barcelona,Betis,Home,7,4,0,H,0
31/01/2021,2021,Barcelona,Ath Bilbao,Home,6,2,1,H,0
31/01/2024,2324,Barcelona,Osasuna,Home,4,1,0,H,0
31/01/2026,2526,Barcelona,Elche,Away,8,3,1,A,0
31/03/07,607,Barcelona,La Coruna,Home,6,2,1,H,0
31/03/12,1112,Barcelona,Ath Bilbao,Home,14,2,0,H,0
31/03/18,1718,Barcelona,Sevilla,Away,9,2,2,D,0
31/08/08,809,Barcelona,Numancia,Away,5,0,1,H,0
31/08/09,910,Barcelona,Sp Gijon,Home,9,3,0,H,0
31/08/14,1415,Barcelona,Villarreal,Away,8,1,0,A,0
31/08/2019,1920,Barcelona,Osasuna,Away,4,2,2,D,0
31/08/2024,2425,Barcelona,Valladolid,Home,10,7,0,H,0
31/08/2025,2526,Barcelona,Vallecano,Away,3,1,1,D,0
31/10/09,910,Barcelona,Osasuna,Away,7,1,1,D,0
31/10/15,1516,Barcelona,Getafe,Away,6,2,0,A,0
31/10/2020,2021,Barcelona,Alaves,Away,9,1,1,D,0
31/12/2022,2223,Barcelona,Espanol,Home,6,1,1,D,1
01/02/09,809,Betis,Getafe,Home,2,2,2,D,1
01/02/2021,2021,Betis,Osasuna,Home,4,1,0,H,0
01/02/2023,2223,Betis,Barcelona,Home,1,1,2,A,1
01/02/2026,2526,Betis,Valencia,Home,2,2,1,H,0
01/03/09,809,Betis,Villarreal,Home,5,2,2,D,0
01/03/18,1718,Betis,Sociedad,Home,4,0,0,D,0
01/03/2025,2425,Betis,Real Madrid,Home,3,2,1,H,0
01/03/2026,2526,Betis,Sevilla,Home,2,2,2,D,0
01/04/13,1213,Betis,Getafe,Home,4,0,0,D,0
01/06/13,1213,Betis,Levante,Away,2,1,1,D,0
01/07/2020,1920,Betis,Villarreal,Home,1,0,2,A,1
01/09/13,1314,Betis,Espanol,Away,3,0,0,D,0
01/09/2024,2425,Betis,Real Madrid,Away,2,0,2,H,0
01/10/06,607,Betis,Recreativo,Away,1,0,2,H,0
01/10/17,1718,Betis,Sociedad,Away,6,4,4,D,0
01/10/2023,2324,Betis,Valencia,Home,7,3,0,H,0
01/11/15,1516,Betis,Ath Bilbao,Home,3,1,3,A,0
01/11/2020,2021,Betis,Elche,Home,10,3,1,H,0
01/12/13,1314,Betis,Vallecano,Home,4,2,2,D,0
01/12/2024,2425,Betis,Sociedad,Away,2,0,2,H,0
02/01/2021,2021,Betis,Sevilla,Home,3,1,1,D,0
02/01/2022,2122,Betis,Celta,Home,7,0,2,A,0
02/02/08,708,Betis,La Coruna,Home,0,0,1,A,0
02/02/14,1314,Betis,Espanol,Home,3,2,0,H,0
02/02/2020,1920,Betis,Eibar,Away,6,1,1,D,0
02/02/2025,2425,Betis,Ath Bilbao,Home,6,2,2,D,0
02/03/08,708,Betis,Murcia,Home,9,4,0,H,0
02/03/14,1314,Betis,Villarreal,Away,3,1,1,D,0
02/04/06,506,Betis,Sevilla,Home,6,2,1,H,0
02/04/16,1516,Betis,Ath Madrid,Away,5,1,5,H,0
02/04/18,1718,Betis,Getafe,Away,4,1,0,A,0
02/04/2023,2223,Betis,Ath Madrid,Away,2,0,1,H,0
02/05/12,1112,Betis,Sevilla,Away,3,2,1,A,0
02/05/2021,2021,Betis,Valladolid,Away,4,1,1,D,0
02/05/2022,2122,Betis,Getafe,Away,4,0,0,D,0
02/09/07,708,Betis,Espanol,Home,8,2,2,D,0
02/09/2018,1819,Betis,Sevilla,Home,3,1,0,H,0
02/09/2023,2324,Betis,Vallecano,Home,5,1,0,H,0
02/10/05,506,Betis,Sociedad,Away,3,1,1,D,0
02/10/11,1112,Betis,Levante,Home,4,0,1,A,0
02/10/2022,2223,Betis,Celta,Away,4,0,1,H,1
02/11/08,809,Betis,La Coruna,Home,7,0,3,A,1
02/11/2019,1920,Betis,Real Madrid,Away,3,0,0,D,0
02/11/2025,2526,Betis,Mallorca,Home,8,3,0,H,0
02/12/06,607,Betis,Ath Madrid,Home,3,0,1,A,0
02/12/07,708,Betis,Ath Madrid,Home,2,0,2,A,0
02/12/12,1213,Betis,La Coruna,Away,7,3,2,A,0
02/12/2018,1819,Betis,Sociedad,Home,4,1,0,H,0
03/01/16,1516,Betis,Eibar,Home,5,0,4,A,0
03/01/2024,2324,Betis,Celta,Away,3,1,2,H,0
03/02/13,1213,Betis,Ath Madrid,Away,2,0,1,H,0
03/02/18,1718,Betis,Villarreal,Home,4,2,1,H,0
03/02/2019,1819,Betis,Ath Madrid,Home,3,1,0,H,0
03/03/13,1213,Betis,Sociedad,Away,4,3,3,D,0
03/03/16,1516,Betis,Espanol,Away,6,3,0,A,0
03/03/17,1617,Betis,Sociedad,Home,5,2,3,A,0
03/03/2019,1819,Betis,Getafe,Home,2,1,2,A,0
03/03/2024,2324,Betis,Ath Madrid,Away,6,1,2,H,0
03/04/2022,2122,Betis,Osasuna,Home,8,4,1,H,0
03/05/06,506,Betis,Alaves,Away,2,0,2,H,0
03/05/09,809,Betis,Ath Madrid,Home,2,0,2,A,0
03/05/2026,2526,Betis,Oviedo,Home,5,3,0,H,0
03/09/2022,2223,Betis,Real Madrid,Away,4,1,2,H,0
03/10/2020,2021,Betis,Valencia,Away,8,2,0,A,0
03/10/2021,2122,Betis,Villarreal,Away,3,0,2,H,0
03/11/13,1314,Betis,Malaga,Away,3,2,3,H,0
03/11/17,1718,Betis,Getafe,Home,4,2,2,D,0
03/11/2024,2425,Betis,Ath Bilbao,Away,4,1,1,D,0
03/12/05,506,Betis,Celta,Away,4,1,2,H,1
03/12/17,1718,Betis,Las Palmas,Away,2,0,1,H,1
03/12/2023,2324,Betis,Almeria,Away,2,0,0,D,1
04/01/09,809,Betis,Almeria,Away,5,0,1,H,1
04/01/13,1213,Betis,Zaragoza,Away,6,2,1,A,0
04/01/14,1314,Betis,Valladolid,Away,3,0,0,D,0
04/01/2026,2526,Betis,Real Madrid,Away,5,1,5,H,0
04/02/07,607,Betis,Ath Bilbao,Away,2,2,1,A,0
04/02/12,1112,Betis,Mallorca,Away,0,0,1,H,1
04/02/2023,2223,Betis,Celta,Home,7,3,4,A,1
04/02/2024,2324,Betis,Getafe,Home,3,1,1,D,0
04/03/07,607,Betis,La Coruna,Away,3,1,0,A,0
04/03/18,1718,Betis,Valencia,Away,4,0,2,H,0
04/04/09,809,Betis,Numancia,Home,9,3,3,D,2
04/04/17,1617,Betis,Villarreal,Home,3,0,1,A,0
04/04/2019,1819,Betis,Sociedad,Away,6,1,2,H,0
04/04/2021,2021,Betis,Elche,Away,3,1,1,D,0
04/04/2026,2526,Betis,Espanol,Home,6,0,0,D,0
04/05/08,708,Betis,Almeria,Away,4,1,1,D,0
04/05/14,1314,Betis,Almeria,Away,3,2,3,H,0
04/05/2023,2223,Betis,Ath Bilbao,Away,2,1,0,A,0
04/05/2025,2425,Betis,Espanol,Away,10,2,1,A,0
04/06/2023,2223,Betis,Valencia,Home,3,1,1,D,0
04/07/2020,1920,Betis,Celta,Away,3,1,1,D,0
04/10/08,809,Betis,Villarreal,Away,7,1,2,H,0
04/10/15,1516,Betis,Vallecano,Away,6,2,0,A,0
04/10/2019,1920,Betis,Eibar,Home,3,1,1,D,0
04/11/07,708,Betis,Barcelona,Away,2,0,3,H,0
04/11/2018,1819,Betis,Celta,Home,6,3,3,D,0
04/11/2023,2324,Betis,Mallorca,Home,3,2,0,H,0
04/12/11,1112,Betis,Osasuna,Away,8,1,2,H,0
04/12/16,1617,Betis,Celta,Home,5,3,3,D,1
04/12/2021,2122,Betis,Barcelona,Away,2,1,0,A,0
05/01/2019,1819,Betis,Huesca,Away,1,1,2,H,0
05/01/2020,1920,Betis,Alaves,Away,3,1,1,D,1
05/02/06,506,Betis,Zaragoza,Away,5,3,4,H,1
05/03/06,506,Betis,Getafe,Away,2,0,1,H,0
05/03/12,1112,Betis,Levante,Away,5,1,3,H,0
05/03/2023,2223,Betis,Real Madrid,Home,4,0,0,D,0
05/04/13,1213,Betis,Granada,Away,6,5,1,A,0
05/04/14,1314,Betis,Barcelona,Away,4,1,3,H,0
05/04/2025,2425,Betis,Barcelona,Away,2,1,1,D,0
05/05/12,1112,Betis,Sp Gijon,Away,8,1,2,H,0
05/05/13,1213,Betis,Barcelona,Away,3,2,4,H,0
05/05/18,1718,Betis,Ath Bilbao,Away,3,0,2,H,0
05/05/2019,1819,Betis,Eibar,Away,6,0,1,H,0
05/05/2024,2324,Betis,Osasuna,Away,4,2,0,A,0
05/10/2025,2526,Betis,Espanol,Away,3,2,1,A,0
05/11/06,607,Betis,Villarreal,Away,2,2,3,H,0
05/11/11,1112,Betis,Malaga,Home,0,0,0,D,0
05/11/12,1213,Betis,Getafe,Away,5,4,2,A,0
05/12/15,1516,Betis,Celta,Home,6,1,1,D,0
06/01/08,708,Betis,Sevilla,Away,1,0,3,H,0
06/01/18,1718,Betis,Sevilla,Away,5,5,3,A,0
06/02/2022,2122,Betis,Villarreal,Home,3,0,2,A,0
06/03/16,1516,Betis,Granada,Home,4,2,0,H,1
06/03/2022,2122,Betis,Ath Madrid,Home,6,1,3,A,0
06/04/08,708,Betis,Zaragoza,Away,5,3,0,A,0
06/05/07,607,Betis,Getafe,Home,1,0,2,A,0
06/10/12,1213,Betis,Sociedad,Home,4,2,0,H,1
06/10/13,1314,Betis,Getafe,Away,4,1,3,H,0
06/10/2024,2425,Betis,Sevilla,Away,3,0,1,H,0
06/11/05,506,Betis,Santander,Away,2,1,1,D,0
06/11/16,1617,Betis,Villarreal,Away,3,0,2,H,0
06/11/2022,2223,Betis,Sevilla,Home,4,1,1,D,2
06/12/2020,2021,Betis,Osasuna,Away,5,2,0,A,0
06/12/2025,2526,Betis,Barcelona,Home,5,3,5,A,0
07/01/07,607,Betis,Celta,Home,4,1,0,H,0
07/02/09,809,Betis,Sevilla,Away,7,2,1,A,0
07/02/16,1516,Betis,Valencia,Home,2,1,0,H,0
07/02/2021,2021,Betis,Barcelona,Home,5,2,3,A,0
07/04/12,1112,Betis,Villarreal,Home,8,3,1,H,0
07/04/18,1718,Betis,Eibar,Home,4,2,0,H,0
07/04/2019,1819,Betis,Villarreal,Home,7,2,1,H,0
07/05/06,506,Betis,Mallorca,Home,3,2,1,H,0
07/05/08,708,Betis,Valladolid,Home,5,1,1,D,0
07/05/2022,2122,Betis,Barcelona,Home,5,1,2,A,0
07/10/07,708,Betis,Murcia,Away,2,0,0,D,0
07/10/2018,1819,Betis,Ath Madrid,Away,0,0,1,H,0
07/11/15,1516,Betis,Malaga,Away,2,1,0,A,0
07/11/2020,2021,Betis,Barcelona,Away,6,2,5,H,1
07/11/2021,2122,Betis,Sevilla,Home,1,0,2,A,1
07/12/08,809,Betis,Espanol,Home,4,1,1,D,0
07/12/2024,2425,Betis,Barcelona,Home,6,2,2,D,0
08/01/06,506,Betis,Mallorca,Away,5,1,1,D,0
08/01/12,1112,Betis,Sp Gijon,Home,8,2,0,H,0
08/01/17,1617,Betis,Leganes,Home,3,2,0,H,0
08/01/2023,2223,Betis,Vallecano,Away,3,2,1,A,0
08/02/14,1314,Betis,Valencia,Away,2,0,5,H,0
08/02/2025,2425,Betis,Celta,Away,5,2,3,H,0
08/02/2026,2526,Betis,Ath Madrid,Away,4,1,0,A,0
08/03/09,809,Betis,Mallorca,Away,4,3,3,D,0
08/03/13,1213,Betis,Osasuna,Home,5,2,1,H,0
08/03/14,1314,Betis,Getafe,Home,5,2,0,H,0
08/03/17,1617,Betis,La Coruna,Away,3,1,1,D,0
08/03/2020,1920,Betis,Real Madrid,Home,3,2,1,H,0
08/03/2021,2021,Betis,Alaves,Home,8,3,2,H,0
08/03/2026,2526,Betis,Getafe,Away,5,0,2,H,0
08/04/06,506,Betis,Cadiz,Away,4,1,1,D,0
08/04/07,607,Betis,Levante,Away,6,1,1,D,0
08/05/16,1516,Betis,Eibar,Away,3,1,1,D,0
08/05/17,1617,Betis,Leganes,Away,3,0,4,H,0
08/07/2020,1920,Betis,Osasuna,Home,8,3,0,H,0
08/10/2023,2324,Betis,Alaves,Away,2,1,1,D,1
08/12/2019,1920,Betis,Ath Bilbao,Home,6,3,2,H,0
09/01/16,1516,Betis,Getafe,Away,2,0,1,H,0
09/01/2022,2122,Betis,Vallecano,Away,5,1,1,D,1
09/02/2020,1920,Betis,Barcelona,Home,3,2,3,A,1
09/02/2024,2324,Betis,Cadiz,Away,5,2,0,A,0
09/03/08,708,Betis,Santander,Away,4,0,3,H,1
09/03/2025,2425,Betis,Las Palmas,Home,6,1,0,H,0
09/04/16,1516,Betis,Levante,Home,2,1,0,H,0
09/04/17,1617,Betis,Las Palmas,Away,5,1,4,H,0
09/04/2022,2122,Betis,Cadiz,Away,3,2,1,A,0
09/04/2023,2223,Betis,Cadiz,Home,3,0,2,A,2
09/05/09,809,Betis,Ath Bilbao,Away,4,0,1,H,0
09/05/2026,2526,Betis,Sociedad,Away,6,2,2,D,1
09/06/07,607,Betis,Osasuna,Home,4,0,5,A,0
09/10/2022,2223,Betis,Valladolid,Away,1,0,0,D,1
09/11/08,809,Betis,Numancia,Away,6,4,2,A,0
09/11/12,1213,Betis,Granada,Home,3,1,2,A,0
09/11/2025,2526,Betis,Valencia,Away,2,1,1,D,0
09/12/07,708,Betis,Villarreal,Away,1,1,0,A,0
09/12/12,1213,Betis,Barcelona,Home,3,1,2,A,0
09/12/2018,1819,Betis,Vallecano,Home,3,2,0,H,0
09/12/2023,2324,Betis,Real Madrid,Home,6,1,1,D,0
10/01/2026,2526,Betis,Oviedo,Away,6,1,1,D,0
10/02/07,607,Betis,Sevilla,Home,6,0,0,D,0
10/02/08,708,Betis,Valencia,Away,4,1,3,H,0
10/02/2019,1819,Betis,Leganes,Away,1,0,3,H,1
10/03/12,1112,Betis,Real Madrid,Home,6,2,3,A,0
10/03/2019,1819,Betis,Celta,Away,4,1,0,A,0
10/03/2024,2324,Betis,Villarreal,Home,4,2,3,A,1
10/04/12,1112,Betis,Sociedad,Away,6,1,1,D,0
10/05/2021,2021,Betis,Granada,Home,6,2,1,H,0
10/05/2022,2122,Betis,Valencia,Away,5,3,0,A,0
10/09/05,506,Betis,Osasuna,Home,4,1,0,H,0
10/09/06,607,Betis,Ath Bilbao,Home,8,3,0,H,0
10/09/17,1718,Betis,Villarreal,Away,3,1,3,H,0
10/11/13,1314,Betis,Barcelona,Home,5,1,4,A,0
10/11/2019,1920,Betis,Sevilla,Home,5,1,2,A,0
10/11/2022,2223,Betis,Valencia,Away,1,0,3,H,1
10/11/2024,2425,Betis,Celta,Home,6,2,2,D,0
10/12/06,607,Betis,Getafe,Away,7,1,1,D,0
10/12/11,1112,Betis,Valencia,Home,4,2,1,H,0
10/12/17,1718,Betis,Ath Madrid,Home,4,0,1,A,0
11/01/09,809,Betis,Malaga,Home,9,1,2,A,2
11/01/2021,2021,Betis,Huesca,Away,5,2,0,A,1
11/01/2025,2425,Betis,Valladolid,Away,3,0,1,H,0
11/02/12,1112,Betis,Ath Bilbao,Home,5,2,1,H,0
11/02/13,1213,Betis,Valladolid,Home,3,0,0,D,1
11/02/17,1617,Betis,Valencia,Home,2,0,0,D,0
11/02/2023,2223,Betis,Almeria,Away,7,3,2,A,0
11/03/07,607,Betis,Zaragoza,Home,4,1,1,D,1
11/04/2021,2021,Betis,Ath Madrid,Home,4,1,1,D,0
11/05/08,708,Betis,Sevilla,Home,1,0,2,A,1
11/05/14,1314,Betis,Valladolid,Home,7,4,3,H,0
11/05/2025,2425,Betis,Osasuna,Home,5,1,1,D,0
11/06/2020,1920,Betis,Sevilla,Away,1,0,2,H,0
11/07/2020,1920,Betis,Ath Madrid,Away,3,0,1,H,0
11/09/11,1112,Betis,Mallorca,Home,7,1,0,H,0
11/09/16,1617,Betis,Valencia,Away,5,3,2,A,0
11/09/2022,2223,Betis,Villarreal,Home,5,1,0,H,0
11/11/07,708,Betis,Zaragoza,Home,5,2,1,H,0
11/11/2018,1819,Betis,Barcelona,Away,8,4,3,A,0
11/12/05,506,Betis,Espanol,Home,3,0,0,D,0
11/12/16,1617,Betis,Ath Bilbao,Home,1,1,0,H,0
12/01/14,1314,Betis,Osasuna,Home,8,1,2,A,1
12/02/06,506,Betis,La Coruna,Home,3,0,1,A,0
12/02/18,1718,Betis,La Coruna,Away,4,1,0,A,0
12/03/06,506,Betis,Malaga,Home,5,1,1,D,0
12/03/17,1617,Betis,Real Madrid,Away,4,1,2,H,1
12/03/18,1718,Betis,Alaves,Away,4,3,1,A,0
12/03/2023,2223,Betis,Villarreal,Away,3,1,1,D,0
12/04/09,809,Betis,Santander,Away,5,3,2,A,0
12/04/13,1213,Betis,Sevilla,Home,4,3,3,D,0
12/04/2024,2324,Betis,Celta,Home,3,2,1,H,0
12/04/2026,2526,Betis,Osasuna,Away,3,1,1,D,0
12/05/12,1112,Betis,Barcelona,Home,3,2,2,D,0
12/05/13,1213,Betis,Celta,Home,5,1,0,H,0
12/05/18,1718,Betis,Sevilla,Home,5,2,2,D,0
12/05/2019,1819,Betis,Huesca,Home,8,2,1,H,0
12/05/2024,2324,Betis,Almeria,Home,7,3,2,H,0
12/05/2026,2526,Betis,Elche,Home,7,2,1,H,0
12/09/15,1516,Betis,Sociedad,Home,2,1,0,H,1
12/11/06,607,Betis,Levante,Home,4,2,1,H,0
12/11/2023,2324,Betis,Sevilla,Away,6,1,1,D,0
12/12/15,1516,Betis,Las Palmas,Away,2,0,1,H,0
12/12/2021,2122,Betis,Sociedad,Home,5,4,0,H,0
13/01/08,708,Betis,Getafe,Home,3,3,2,H,0
13/01/13,1213,Betis,Levante,Home,4,2,0,H,0
13/01/2019,1819,Betis,Real Madrid,Home,2,1,2,A,0
13/01/2024,2324,Betis,Granada,Home,6,1,0,H,0
13/02/16,1516,Betis,La Coruna,Away,2,2,2,D,0
13/02/2022,2122,Betis,Levante,Away,11,4,2,A,0
13/03/16,1516,Betis,Ath Bilbao,Away,1,1,3,H,0
13/03/2022,2122,Betis,Ath Bilbao,Home,5,1,0,H,1
13/04/08,708,Betis,Levante,Home,2,0,1,A,0
13/04/14,1314,Betis,Sevilla,Home,4,0,2,A,1
13/04/18,1718,Betis,Girona,Away,2,1,0,A,0
13/04/2019,1819,Betis,Sevilla,Away,7,2,3,H,0
13/04/2025,2425,Betis,Villarreal,Home,5,1,2,A,0
13/05/06,506,Betis,Ath Madrid,Away,4,1,1,D,0
13/05/07,607,Betis,Barcelona,Away,3,1,1,D,0
13/05/2021,2021,Betis,Eibar,Away,4,1,1,D,0
13/08/2023,2324,Betis,Villarreal,Away,5,2,1,A,0
13/09/2020,2021,Betis,Alaves,Away,4,1,0,A,0
13/09/2021,2122,Betis,Granada,Away,9,2,1,A,0
13/09/2024,2425,Betis,Leganes,Home,5,2,0,H,0
13/12/2020,2021,Betis,Villarreal,Home,5,1,1,D,0
14/01/06,506,Betis,Ath Madrid,Home,6,1,0,H,0
14/01/07,607,Betis,Osasuna,Away,5,1,5,H,0
14/01/17,1617,Betis,Ath Madrid,Away,6,0,1,H,0
14/02/09,809,Betis,Barcelona,Home,5,2,2,D,0
14/02/2021,2021,Betis,Villarreal,Away,4,2,1,A,0
14/03/2021,2021,Betis,Sevilla,Away,3,0,1,H,0
14/04/07,607,Betis,Sociedad,Home,6,0,1,A,0
14/05/17,1617,Betis,Ath Madrid,Home,5,1,1,D,0
14/08/2021,2122,Betis,Mallorca,Away,1,1,1,D,0
14/09/08,809,Betis,Getafe,Away,4,0,0,D,0
14/09/2025,2526,Betis,Levante,Away,9,2,2,D,0
14/12/08,809,Betis,Ath Madrid,Away,3,0,2,H,0
15/01/12,1112,Betis,Barcelona,Away,5,2,4,H,1
15/01/18,1718,Betis,Leganes,Home,9,3,2,H,0
15/02/2026,2526,Betis,Mallorca,Away,8,2,1,A,0
15/03/08,708,Betis,Ath Bilbao,Home,7,1,2,A,0
15/03/09,809,Betis,Osasuna,Home,5,0,0,D,0
15/03/2026,2526,Betis,Celta,Home,6,1,1,D,0
15/04/12,1112,Betis,Osasuna,Home,4,1,0,H,0
15/04/2022,2122,Betis,Sociedad,Away,2,0,0,D,0
15/04/2023,2223,Betis,Espanol,Home,8,3,1,H,0
15/05/16,1516,Betis,Getafe,Home,4,2,1,H,0
15/05/2022,2122,Betis,Granada,Home,4,2,0,H,0
15/05/2023,2223,Betis,Vallecano,Home,5,3,1,H,0
15/05/2025,2425,Betis,Vallecano,Away,3,2,2,D,0
15/06/2020,1920,Betis,Granada,Home,6,2,2,D,0
15/08/2022,2223,Betis,Elche,Home,8,3,0,H,0
15/08/2024,2425,Betis,Girona,Home,4,1,1,D,0
15/09/13,1314,Betis,Valencia,Home,9,3,1,H,0
15/09/2018,1819,Betis,Valencia,Away,6,0,0,D,0
15/09/2019,1920,Betis,Getafe,Home,2,1,1,D,2
15/10/06,607,Betis,La Coruna,Home,0,1,1,D,1
15/10/11,1112,Betis,Real Madrid,Away,3,1,4,H,0
15/10/16,1617,Betis,Real Madrid,Home,2,1,6,A,0
15/10/17,1718,Betis,Valencia,Home,6,3,6,A,0
15/12/13,1314,Betis,Sociedad,Away,4,1,5,H,0
15/12/2019,1920,Betis,Espanol,Away,5,2,2,D,0
15/12/2024,2425,Betis,Villarreal,Away,4,2,1,A,1
15/12/2025,2526,Betis,Vallecano,Away,6,0,0,D,0
16/01/16,1516,Betis,Villarreal,Away,2,0,0,D,0
16/02/08,708,Betis,Real Madrid,Home,4,2,1,H,0
16/02/14,1314,Betis,Granada,Away,6,0,1,H,1
16/02/2020,1920,Betis,Leganes,Away,2,0,0,D,1
16/02/2025,2425,Betis,Sociedad,Home,8,3,0,H,0
16/03/13,1213,Betis,Valencia,Away,4,0,3,H,1
16/03/14,1314,Betis,Elche,Away,3,0,0,D,0
16/03/2025,2425,Betis,Leganes,Away,6,3,2,A,0
16/04/06,506,Betis,Celta,Home,6,0,2,A,0
16/04/16,1516,Betis,Celta,Away,4,1,1,D,0
16/04/17,1617,Betis,Eibar,Home,4,2,0,H,0
16/05/2021,2021,Betis,Huesca,Home,2,1,0,H,0
16/05/2024,2324,Betis,Las Palmas,Away,4,2,2,D,0
16/07/2020,1920,Betis,Alaves,Home,7,1,2,A,1
16/09/07,708,Betis,La Coruna,Away,4,0,1,H,0
16/09/16,1617,Betis,Granada,Home,7,2,2,D,1
16/09/17,1718,Betis,La Coruna,Home,7,2,1,H,0
16/09/2023,2324,Betis,Barcelona,Away,2,0,5,H,0
16/10/05,506,Betis,Getafe,Home,3,1,0,H,0
16/10/2022,2223,Betis,Almeria,Home,6,3,1,H,0
16/11/08,809,Betis,Santander,Home,6,3,1,H,0
16/12/07,708,Betis,Almeria,Home,4,3,1,H,0
16/12/16,1617,Betis,Alaves,Away,3,0,1,H,0
16/12/2018,1819,Betis,Espanol,Away,5,3,1,A,0
17/01/2026,2526,Betis,Villarreal,Home,6,2,0,H,0
17/02/07,607,Betis,Real Madrid,Away,5,0,0,D,0
17/02/13,1213,Betis,Espanol,Away,2,0,1,H,0
17/02/17,1617,Betis,Granada,Away,2,1,4,H,1
17/02/2019,1819,Betis,Alaves,Home,10,1,1,D,0
17/03/07,607,Betis,Mallorca,Away,2,0,2,H,0
17/03/12,1112,Betis,Vallecano,Away,2,0,3,H,0
17/03/18,1718,Betis,Espanol,Home,4,3,0,H,0
17/03/2019,1819,Betis,Barcelona,Home,3,1,4,A,0
17/03/2024,2324,Betis,Vallecano,Away,1,0,2,H,0
17/05/09,809,Betis,Almeria,Home,7,2,0,H,0
17/05/2026,2526,Betis,Barcelona,Away,2,1,3,H,0
17/06/07,607,Betis,Santander,Away,3,2,0,A,0
17/08/2018,1819,Betis,Levante,Home,8,0,3,A,0
17/09/06,607,Betis,Sevilla,Away,4,2,3,H,0
17/09/12,1213,Betis,Valladolid,Away,2,1,0,A,0
17/10/15,1516,Betis,Espanol,Home,6,1,3,A,0
17/12/05,506,Betis,Ath Bilbao,Away,3,0,2,H,1
17/12/12,1213,Betis,Celta,Away,5,1,0,A,0
17/12/2023,2324,Betis,Sociedad,Away,3,0,0,D,0
18/01/09,809,Betis,Valladolid,Away,9,3,1,A,0
18/01/14,1314,Betis,Real Madrid,Home,1,0,5,A,0
18/01/2022,2122,Betis,Alaves,Home,5,4,0,H,0
18/01/2025,2425,Betis,Alaves,Home,2,1,3,A,1
18/02/06,506,Betis,Barcelona,Away,8,1,5,H,0
18/02/18,1718,Betis,Real Madrid,Home,5,3,5,A,0
18/02/2023,2223,Betis,Valladolid,Home,10,2,1,H,0
18/02/2024,2324,Betis,Alaves,Home,2,0,0,D,0
18/03/17,1617,Betis,Osasuna,Home,5,2,0,H,0
18/04/2021,2021,Betis,Valencia,Home,5,2,2,D,0
18/05/08,708,Betis,Getafe,Away,5,1,1,D,0
18/05/14,1314,Betis,Osasuna,Away,8,1,2,H,0
18/05/2025,2425,Betis,Ath Madrid,Away,7,1,4,H,0
18/08/13,1314,Betis,Real Madrid,Away,4,1,2,H,0
18/08/2019,1920,Betis,Valladolid,Home,4,1,2,A,1
18/08/2025,2526,Betis,Elche,Away,4,1,1,D,0
18/09/05,506,Betis,Zaragoza,Home,4,0,0,D,0
18/09/11,1112,Betis,Ath Bilbao,Away,6,3,2,A,1
18/09/2022,2223,Betis,Girona,Home,3,2,1,H,0
18/09/2024,2425,Betis,Getafe,Home,8,2,1,H,0
18/10/2020,2021,Betis,Sociedad,Home,1,0,3,A,0
18/10/2021,2122,Betis,Alaves,Away,4,1,0,A,0
18/10/2025,2526,Betis,Villarreal,Away,3,2,2,D,0
18/11/12,1213,Betis,Sevilla,Away,3,1,5,H,1
18/11/16,1617,Betis,Las Palmas,Home,3,2,0,H,0
18/12/11,1112,Betis,Ath Madrid,Away,4,2,0,A,1
18/12/17,1718,Betis,Malaga,Away,4,2,0,A,0
19/01/2020,1920,Betis,Sociedad,Home,6,3,0,H,0
19/02/2021,2021,Betis,Getafe,Home,5,1,0,H,1
19/03/06,506,Betis,Real Madrid,Away,2,0,0,D,0
19/03/16,1516,Betis,Malaga,Home,5,0,1,A,0
19/03/2021,2021,Betis,Levante,Home,6,2,0,H,0
19/03/2023,2223,Betis,Mallorca,Home,3,1,0,H,0
19/04/08,708,Betis,Ath Madrid,Away,5,3,1,A,0
19/04/09,809,Betis,Sp Gijon,Home,6,2,0,H,1
19/04/16,1516,Betis,Las Palmas,Home,6,1,0,H,0
19/04/18,1718,Betis,Las Palmas,Home,8,1,0,H,0
19/04/2022,2122,Betis,Elche,Home,3,0,1,A,1
19/05/07,607,Betis,Gimnastic,Home,8,1,1,D,1
19/05/18,1718,Betis,Leganes,Away,8,2,3,H,0
19/05/2019,1819,Betis,Real Madrid,Away,7,2,0,A,0
19/05/2024,2324,Betis,Sociedad,Home,9,0,2,A,0
19/07/2020,1920,Betis,Valladolid,Away,3,0,2,H,0
19/08/12,1213,Betis,Ath Bilbao,Away,9,5,3,A,0
19/09/15,1516,Betis,Valencia,Away,1,0,0,D,1
19/09/2021,2122,Betis,Espanol,Home,9,2,2,D,1
19/09/2025,2526,Betis,Sociedad,Home,6,3,1,H,0
19/10/08,809,Betis,Mallorca,Home,6,3,0,H,0
19/10/2022,2223,Betis,Cadiz,Away,3,0,0,D,1
19/10/2024,2425,Betis,Osasuna,Away,7,2,1,A,1
19/11/05,506,Betis,Sevilla,Away,3,0,1,H,0
19/11/06,607,Betis,Sociedad,Away,0,0,0,D,0
19/11/11,1112,Betis,Villarreal,Away,4,0,1,H,0
19/12/15,1516,Betis,Sevilla,Home,0,0,0,D,0
19/12/2021,2122,Betis,Ath Bilbao,Away,8,2,3,H,0
20/01/08,708,Betis,Recreativo,Home,4,1,1,D,0
20/01/2019,1819,Betis,Girona,Home,5,3,2,H,0
20/01/2021,2021,Betis,Celta,Home,4,2,1,H,0
20/02/12,1112,Betis,Zaragoza,Away,6,2,0,A,0
20/02/16,1516,Betis,Sp Gijon,Home,6,1,1,D,0
20/02/2022,2122,Betis,Mallorca,Home,5,2,1,H,0
20/03/2022,2122,Betis,Celta,Away,1,0,0,D,0
20/04/13,1213,Betis,Real Madrid,Away,7,1,3,H,0
20/04/14,1314,Betis,Vallecano,Away,3,1,3,H,0
20/04/2024,2324,Betis,Valencia,Away,6,2,1,A,0
20/05/13,1213,Betis,Mallorca,Away,2,0,1,H,0
20/05/17,1617,Betis,Sp Gijon,Away,9,2,2,D,0
20/05/2022,2122,Betis,Real Madrid,Away,2,0,0,D,0
20/06/2020,1920,Betis,Ath Bilbao,Away,5,0,1,H,0
20/08/16,1617,Betis,Barcelona,Away,2,2,6,H,0
20/08/17,1718,Betis,Barcelona,Away,0,0,2,H,0
20/08/2021,2122,Betis,Cadiz,Home,7,1,1,D,0
20/08/2022,2223,Betis,Mallorca,Away,3,2,1,A,0
20/08/2023,2324,Betis,Ath Madrid,Home,0,0,0,D,0
20/09/16,1617,Betis,Sevilla,Away,3,0,1,H,0
20/09/17,1718,Betis,Real Madrid,Away,4,1,0,A,0
20/09/2019,1920,Betis,Osasuna,Away,2,0,0,D,0
20/09/2020,2021,Betis,Valladolid,Home,6,2,0,H,0
20/10/13,1314,Betis,Elche,Home,7,1,2,A,0
20/10/2019,1920,Betis,Sociedad,Away,5,1,3,H,0
20/11/17,1718,Betis,Eibar,Away,0,0,5,H,1
20/12/06,607,Betis,Gimnastic,Away,5,1,0,A,0
20/12/2020,2021,Betis,Granada,Away,1,0,2,H,0
21/01/07,607,Betis,Santander,Home,2,1,1,D,0
21/01/12,1112,Betis,Sevilla,Home,2,1,1,D,0
21/01/13,1213,Betis,Ath Bilbao,Home,2,1,1,D,0
21/01/18,1718,Betis,Barcelona,Home,2,0,5,A,0
21/01/2022,2122,Betis,Espanol,Away,8,4,1,A,0
21/01/2023,2223,Betis,Espanol,Away,4,0,1,H,0
21/01/2024,2324,Betis,Barcelona,Home,5,2,4,A,0
21/02/09,809,Betis,Real Madrid,Away,1,1,6,H,0
21/02/2020,1920,Betis,Mallorca,Home,6,3,3,D,0
21/02/2026,2526,Betis,Vallecano,Home,3,1,1,D,0
21/04/2019,1819,Betis,Valencia,Home,7,1,2,A,0
21/04/2021,2021,Betis,Ath Bilbao,Home,2,0,0,D,1
21/04/2025,2425,Betis,Girona,Away,9,3,1,A,0
21/04/2026,2526,Betis,Girona,Away,3,3,2,A,0
21/05/2023,2223,Betis,Sevilla,Away,0,0,0,D,1
21/09/05,506,Betis,La Coruna,Away,3,1,1,D,0
21/09/08,809,Betis,Sevilla,Home,3,0,0,D,0
21/10/06,607,Betis,Zaragoza,Away,2,1,2,H,1
21/10/07,708,Betis,Santander,Home,1,1,1,D,1
21/10/12,1213,Betis,Osasuna,Away,2,0,0,D,0
21/10/16,1617,Betis,Osasuna,Away,6,2,1,A,0
21/10/17,1718,Betis,Alaves,Home,5,2,0,H,0
21/10/2018,1819,Betis,Valladolid,Home,4,0,1,A,0
21/10/2023,2324,Betis,Getafe,Away,3,1,1,D,0
21/11/2021,2122,Betis,Elche,Away,4,3,0,A,1
21/12/05,506,Betis,Alaves,Home,8,3,0,H,0
21/12/08,809,Betis,Ath Bilbao,Home,1,0,1,A,0
21/12/13,1314,Betis,Almeria,Home,8,0,1,A,0
21/12/2023,2324,Betis,Girona,Home,4,1,1,D,0
21/12/2025,2526,Betis,Getafe,Home,8,4,0,H,0
22/01/06,506,Betis,Valencia,Home,4,0,2,A,0
22/01/17,1617,Betis,Sp Gijon,Home,4,0,0,D,0
22/03/06,506,Betis,Santander,Home,5,1,0,H,0
22/03/09,809,Betis,La Coruna,Away,7,1,1,D,0
22/03/12,1112,Betis,Espanol,Home,2,1,1,D,0
22/03/2026,2526,Betis,Ath Bilbao,Away,3,1,2,H,0
22/04/07,607,Betis,Espanol,Away,7,2,2,D,3
22/04/09,809,Betis,Valencia,Home,2,1,2,A,0
22/04/12,1112,Betis,Valencia,Away,2,0,4,H,2
22/04/18,1718,Betis,Ath Madrid,Away,4,0,0,D,0
22/04/2023,2223,Betis,Osasuna,Away,6,2,3,H,0
22/05/2021,2021,Betis,Celta,Away,5,3,2,A,1
22/08/2025,2526,Betis,Alaves,Home,5,1,0,H,0
22/09/11,1112,Betis,Zaragoza,Home,6,4,3,H,1
22/09/12,1213,Betis,Espanol,Home,3,1,0,H,0
22/09/13,1314,Betis,Granada,Home,6,0,0,D,0
22/11/15,1516,Betis,Ath Madrid,Home,3,0,1,A,0
22/12/12,1213,Betis,Mallorca,Home,7,1,2,A,0
22/12/17,1718,Betis,Ath Bilbao,Home,6,0,2,A,1
22/12/2018,1819,Betis,Eibar,Home,2,1,1,D,0
22/12/2019,1920,Betis,Ath Madrid,Home,2,1,2,A,0
22/12/2024,2425,Betis,Vallecano,Home,5,1,1,D,0
23/01/2021,2021,Betis,Sociedad,Away,4,2,2,D,0
23/02/14,1314,Betis,Ath Bilbao,Home,4,0,2,A,2
23/02/2025,2425,Betis,Getafe,Away,6,2,1,A,1
23/03/08,708,Betis,Osasuna,Away,3,1,0,A,0
23/03/14,1314,Betis,Ath Madrid,Home,1,0,2,A,1
23/04/06,506,Betis,Espanol,Away,5,0,2,H,1
23/04/17,1617,Betis,Celta,Away,6,1,0,A,0
23/05/09,809,Betis,Malaga,Away,4,1,1,D,0
23/05/2025,2425,Betis,Valencia,Home,4,1,1,D,0
23/05/2026,2526,Betis,Levante,Home,8,2,1,H,0
23/08/15,1516,Betis,Villarreal,Home,6,1,1,D,0
23/09/06,607,Betis,Real Madrid,Home,1,0,1,A,1
23/09/07,708,Betis,Valencia,Home,1,1,2,A,0
23/09/16,1617,Betis,Malaga,Home,4,1,0,H,0
23/09/2018,1819,Betis,Ath Bilbao,Home,3,2,2,D,0
23/09/2021,2122,Betis,Osasuna,Away,9,3,1,A,0
23/09/2024,2425,Betis,Mallorca,Home,6,1,2,A,0
23/10/05,506,Betis,Malaga,Away,4,0,5,H,0
23/10/11,1112,Betis,Vallecano,Home,4,0,2,A,0
23/10/2022,2223,Betis,Ath Madrid,Home,4,1,2,A,0
23/11/08,809,Betis,Sp Gijon,Away,7,2,1,A,0
23/11/2019,1920,Betis,Valencia,Home,8,2,1,H,0
23/11/2020,2021,Betis,Ath Bilbao,Away,1,0,4,H,0
23/11/2024,2425,Betis,Valencia,Away,3,2,4,H,0
23/11/2025,2526,Betis,Girona,Home,7,1,1,D,1
23/12/07,708,Betis,Valladolid,Away,3,0,0,D,0
23/12/2020,2021,Betis,Cadiz,Home,1,1,0,H,0
24/01/07,607,Betis,Barcelona,Home,4,1,1,D,0
24/01/14,1314,Betis,Celta,Away,5,2,4,H,1
24/01/16,1516,Betis,Real Madrid,Home,2,1,1,D,0
24/02/08,708,Betis,Mallorca,Away,2,1,1,D,0
24/02/13,1213,Betis,Malaga,Home,8,3,0,H,0
24/02/2019,1819,Betis,Valladolid,Away,3,2,0,A,0
24/02/2023,2223,Betis,Elche,Away,9,3,2,A,0
24/04/16,1516,Betis,Sevilla,Away,2,0,2,H,0
24/04/2019,1819,Betis,Levante,Away,2,0,4,H,0
24/04/2021,2021,Betis,Real Madrid,Away,2,0,0,D,0
24/04/2025,2425,Betis,Valladolid,Home,6,5,1,H,0
24/04/2026,2526,Betis,Real Madrid,Home,4,1,1,D,0
24/05/2023,2223,Betis,Getafe,Home,4,0,1,A,1
24/09/05,506,Betis,Barcelona,Home,5,1,4,A,1
24/09/08,809,Betis,Barcelona,Away,3,2,3,H,0
24/09/15,1516,Betis,La Coruna,Home,2,1,2,A,0
24/09/2019,1920,Betis,Levante,Home,5,3,1,H,0
24/09/2023,2324,Betis,Cadiz,Home,7,1,1,D,0
24/10/15,1516,Betis,Granada,Away,2,1,1,D,0
24/10/2020,2021,Betis,Ath Madrid,Away,3,0,2,H,1
24/10/2021,2122,Betis,Vallecano,Home,5,3,2,H,0
24/11/12,1213,Betis,Real Madrid,Home,3,1,0,H,0
24/11/13,1314,Betis,Sevilla,Away,1,0,4,H,1
25/01/09,809,Betis,Recreativo,Away,4,0,1,H,0
25/01/2025,2425,Betis,Mallorca,Away,3,1,0,A,0
25/01/2026,2526,Betis,Alaves,Away,4,1,2,H,0
25/02/07,607,Betis,Recreativo,Home,8,0,0,D,0
25/02/12,1112,Betis,Getafe,Home,4,1,1,D,0
25/02/17,1617,Betis,Sevilla,Home,4,1,2,A,0
25/02/2024,2324,Betis,Ath Bilbao,Home,5,3,1,H,0
25/03/06,506,Betis,Villarreal,Away,4,2,1,A,0
25/03/12,1112,Betis,Santander,Home,7,1,1,D,0
25/04/2023,2223,Betis,Sociedad,Home,1,0,0,D,0
25/05/2024,2324,Betis,Real Madrid,Away,3,0,0,D,0
25/06/2020,1920,Betis,Espanol,Home,6,1,0,H,0
25/08/12,1213,Betis,Vallecano,Home,4,1,2,A,0
25/08/13,1314,Betis,Celta,Home,6,1,2,A,0
25/08/17,1718,Betis,Celta,Home,3,2,1,H,0
25/08/2018,1819,Betis,Alaves,Away,5,0,0,D,0
25/08/2019,1920,Betis,Barcelona,Away,3,2,5,H,0
25/08/2024,2425,Betis,Alaves,Away,3,0,0,D,0
25/09/17,1718,Betis,Levante,Home,6,4,0,H,0
25/10/08,809,Betis,Osasuna,Away,5,2,0,A,0
25/11/07,708,Betis,Levante,Away,6,3,4,H,1
25/11/16,1617,Betis,Eibar,Away,2,1,3,H,1
25/11/17,1718,Betis,Girona,Home,6,2,2,D,0
25/11/2018,1819,Betis,Villarreal,Away,6,1,2,H,0
26/01/2020,1920,Betis,Getafe,Away,1,0,1,H,1
26/02/06,506,Betis,Sociedad,Home,6,2,0,H,0
26/02/18,1718,Betis,Levante,Away,6,2,0,A,0
26/04/09,809,Betis,Espanol,Away,3,0,2,H,0
26/04/14,1314,Betis,Sociedad,Home,2,0,1,A,0
26/05/13,1213,Betis,Zaragoza,Home,5,4,0,H,0
26/08/06,607,Betis,Valencia,Away,5,1,2,H,0
26/08/07,708,Betis,Recreativo,Away,4,1,1,D,0
26/08/16,1617,Betis,La Coruna,Home,5,0,0,D,0
26/08/2022,2223,Betis,Osasuna,Home,1,1,0,H,1
26/09/11,1112,Betis,Getafe,Away,3,0,1,H,0
26/09/12,1213,Betis,Ath Madrid,Home,3,2,4,A,2
26/09/13,1314,Betis,Ath Bilbao,Away,5,1,2,H,0
26/09/2020,2021,Betis,Real Madrid,Home,5,2,3,A,1
26/09/2021,2122,Betis,Getafe,Home,5,2,0,H,0
26/09/2024,2425,Betis,Las Palmas,Away,5,1,1,D,0
26/10/05,506,Betis,Villarreal,Home,4,2,3,A,1
26/11/06,607,Betis,Espanol,Home,4,1,1,D,0
26/11/2023,2324,Betis,Las Palmas,Home,6,1,0,H,0
27/01/08,708,Betis,Espanol,Away,5,2,1,A,0
27/01/13,1213,Betis,Vallecano,Away,5,0,3,H,0
27/01/2019,1819,Betis,Ath Bilbao,Away,2,0,1,H,0
27/01/2024,2324,Betis,Mallorca,Away,2,1,0,A,0
27/02/16,1516,Betis,Vallecano,Home,4,2,2,D,0
27/02/2022,2122,Betis,Sevilla,Away,2,1,2,H,0
27/03/14,1314,Betis,Levante,Away,5,3,1,A,0
27/04/08,708,Betis,Villarreal,Home,6,0,1,A,0
27/04/17,1617,Betis,Ath Bilbao,Away,3,1,2,H,0
27/05/07,607,Betis,Celta,Away,2,1,2,H,1
27/08/05,506,Betis,Valencia,Away,3,0,1,H,0
27/08/11,1112,Betis,Granada,Away,3,1,0,A,0
27/08/2023,2324,Betis,Ath Bilbao,Away,3,2,4,H,0
27/08/2025,2526,Betis,Celta,Away,2,1,1,D,0
27/09/07,708,Betis,Real Madrid,Away,3,0,2,H,0
27/09/08,809,Betis,Real Madrid,Home,7,1,2,A,1
27/09/15,1516,Betis,Sp Gijon,Away,5,2,1,A,0
27/09/2018,1819,Betis,Girona,Away,6,1,0,A,0
27/09/2019,1920,Betis,Villarreal,Away,6,1,5,H,0
27/10/07,708,Betis,Ath Bilbao,Away,4,0,0,D,0
27/10/11,1112,Betis,Espanol,Away,5,0,1,H,0
27/10/12,1213,Betis,Valencia,Home,3,1,0,H,0
27/10/13,1314,Betis,Ath Madrid,Away,1,0,5,H,0
27/10/2019,1920,Betis,Granada,Away,0,0,1,H,0
27/10/2021,2122,Betis,Valencia,Home,9,4,1,H,0
27/10/2024,2425,Betis,Ath Madrid,Home,3,1,0,H,0
27/10/2025,2526,Betis,Ath Madrid,Home,5,0,2,A,0
27/11/05,506,Betis,Cadiz,Home,5,1,1,D,1
27/11/11,1112,Betis,Sociedad,Home,5,2,3,A,0
27/11/15,1516,Betis,Levante,Away,5,1,0,A,1
28/01/07,607,Betis,Valencia,Home,4,2,1,H,0
28/01/2023,2223,Betis,Getafe,Away,2,1,0,A,0
28/02/17,1617,Betis,Malaga,Away,5,2,1,A,0
28/02/2021,2021,Betis,Cadiz,Away,4,1,0,A,0
28/04/07,607,Betis,Ath Madrid,Away,0,0,0,D,0
28/04/2024,2324,Betis,Sevilla,Home,5,1,1,D,0
28/05/2023,2223,Betis,Girona,Away,7,2,1,A,0
28/06/2020,1920,Betis,Levante,Away,8,2,4,H,0
28/08/2021,2122,Betis,Real Madrid,Home,6,0,1,A,0
28/09/2023,2324,Betis,Granada,Away,3,1,1,D,0
28/09/2025,2526,Betis,Osasuna,Home,6,2,0,H,0
28/10/2018,1819,Betis,Getafe,Away,3,0,2,H,0
28/11/2021,2122,Betis,Levante,Home,8,3,1,H,0
29/01/06,506,Betis,Osasuna,Away,3,2,0,A,0
29/01/12,1112,Betis,Granada,Home,6,1,2,A,0
29/01/17,1617,Betis,Barcelona,Home,7,1,1,D,0
29/01/18,1718,Betis,Celta,Away,3,2,3,H,0
29/02/2020,1920,Betis,Valencia,Away,5,1,2,H,0
29/03/08,708,Betis,Barcelona,Home,8,3,2,H,0
29/04/06,506,Betis,Ath Bilbao,Home,2,1,1,D,0
29/04/12,1112,Betis,Ath Madrid,Home,3,2,2,D,0
29/04/13,1213,Betis,La Coruna,Home,4,1,1,D,0
29/04/2019,1819,Betis,Espanol,Home,5,1,1,D,0
29/04/2023,2223,Betis,Barcelona,Away,1,0,4,H,1
29/08/15,1516,Betis,Real Madrid,Away,1,0,5,H,0
29/09/12,1213,Betis,Malaga,Away,2,0,4,H,1
29/09/13,1314,Betis,Villarreal,Home,5,1,0,H,0
29/09/2020,2021,Betis,Getafe,Away,2,0,3,H,1
29/09/2024,2425,Betis,Espanol,Home,12,1,0,H,0
29/10/05,506,Betis,Real Madrid,Home,1,0,2,A,0
29/10/06,607,Betis,Mallorca,Home,1,0,1,A,1
29/10/2023,2324,Betis,Osasuna,Home,2,2,1,H,0
29/12/2020,2021,Betis,Levante,Away,7,3,4,H,0
29/12/2022,2223,Betis,Ath Bilbao,Home,5,0,0,D,1
30/01/16,1516,Betis,Sociedad,Away,1,1,2,H,0
30/03/2025,2425,Betis,Sevilla,Home,3,2,1,H,0
30/04/16,1516,Betis,Barcelona,Home,1,0,2,A,1
30/04/17,1617,Betis,Alaves,Home,3,1,4,A,0
30/04/18,1718,Betis,Malaga,Home,3,2,1,H,0
30/09/07,708,Betis,Mallorca,Home,11,3,0,H,0
30/09/16,1617,Betis,Sociedad,Away,2,0,1,H,0
30/09/2018,1819,Betis,Leganes,Home,4,1,0,H,0
30/10/11,1112,Betis,Santander,Away,5,0,1,H,0
30/10/16,1617,Betis,Espanol,Home,5,0,1,A,0
30/10/17,1718,Betis,Espanol,Away,4,0,1,H,0
30/10/2019,1920,Betis,Celta,Home,7,2,1,H,0
30/10/2022,2223,Betis,Sociedad,Away,4,2,0,A,0
30/11/08,809,Betis,Valencia,Away,5,2,3,H,0
30/11/2019,1920,Betis,Mallorca,Away,3,2,1,A,0
30/11/2020,2021,Betis,Eibar,Home,3,0,2,A,0
30/11/2025,2526,Betis,Sevilla,Away,4,2,0,A,0
30/12/15,1516,Betis,Barcelona,Away,4,0,4,H,0
31/03/07,607,Betis,Villarreal,Home,7,3,3,D,0
31/03/12,1112,Betis,Malaga,Away,2,2,0,A,0
31/03/14,1314,Betis,Malaga,Home,2,1,2,A,0
31/03/17,1617,Betis,Espanol,Away,3,1,2,H,0
31/03/2019,1819,Betis,Vallecano,Away,2,1,1,D,0
31/03/2024,2324,Betis,Girona,Away,4,2,3,H,0
31/05/09,809,Betis,Valladolid,Home,8,1,1,D,0
31/08/08,809,Betis,Recreativo,Home,2,0,1,A,0
31/08/2019,1920,Betis,Leganes,Home,5,2,1,H,0
31/08/2025,2526,Betis,Ath Bilbao,Home,2,1,2,A,0
31/10/07,708,Betis,Osasuna,Home,2,0,3,A,1
31/10/13,1314,Betis,Levante,Home,5,0,0,D,1
31/10/2021,2122,Betis,Ath Madrid,Away,1,0,3,H,0
01/04/2023,2223,Cadiz,Sevilla,Home,3,0,2,A,0
01/09/2023,2324,Cadiz,Villarreal,Home,4,3,1,H,0
01/10/2020,2021,Cadiz,Ath Bilbao,Away,1,1,0,A,2
01/10/2022,2223,Cadiz,Villarreal,Home,2,0,0,D,1
01/10/2023,2324,Cadiz,Ath Madrid,Away,4,2,3,H,0
02/03/2024,2324,Cadiz,Vallecano,Away,5,1,1,D,0
02/04/06,506,Cadiz,Valencia,Away,5,3,5,H,0
02/05/2021,2021,Cadiz,Granada,Away,4,1,0,A,0
02/09/2022,2223,Cadiz,Celta,Away,0,0,3,H,0
02/10/05,506,Cadiz,Celta,Home,6,1,1,D,0
02/10/2021,2122,Cadiz,Valencia,Home,1,0,0,D,0
03/01/2022,2122,Cadiz,Sevilla,Home,2,0,1,A,0
03/01/2024,2324,Cadiz,Granada,Away,2,0,2,H,1
03/02/2023,2223,Cadiz,Ath Bilbao,Away,3,1,4,H,0
03/03/2023,2223,Cadiz,Sociedad,Away,2,0,0,D,0
03/04/2022,2122,Cadiz,Valencia,Away,3,0,0,D,1
03/05/06,506,Cadiz,Sociedad,Home,5,2,2,D,0
03/05/2023,2223,Cadiz,Ath Madrid,Away,1,1,5,H,0
04/01/2021,2021,Cadiz,Valencia,Away,2,1,1,D,0
04/02/2024,2324,Cadiz,Villarreal,Away,2,0,0,D,0
04/03/06,506,Cadiz,Espanol,Home,3,2,0,H,0
04/04/2021,2021,Cadiz,Valencia,Home,2,2,1,H,0
04/05/2024,2324,Cadiz,Real Madrid,Away,2,0,3,H,0
04/06/2023,2223,Cadiz,Elche,Away,3,1,1,D,0
04/10/2020,2021,Cadiz,Granada,Home,4,1,1,D,0
04/12/05,506,Cadiz,Zaragoza,Home,1,1,2,A,0
04/12/2023,2324,Cadiz,Celta,Away,1,1,1,D,1
05/02/06,506,Cadiz,Villarreal,Away,4,1,1,D,0
05/02/2022,2122,Cadiz,Mallorca,Away,5,1,2,H,0
05/11/2021,2122,Cadiz,Ath Bilbao,Away,4,1,0,A,0
05/11/2022,2223,Cadiz,Getafe,Away,4,0,0,D,1
05/12/2020,2021,Cadiz,Barcelona,Home,3,2,1,H,0
05/12/2021,2122,Cadiz,Elche,Away,6,1,3,H,0
06/01/2023,2223,Cadiz,Valencia,Away,2,1,0,A,0
06/03/2021,2021,Cadiz,Eibar,Home,2,1,0,H,0
06/03/2022,2122,Cadiz,Vallecano,Home,7,2,0,H,0
06/11/05,506,Cadiz,Mallorca,Home,4,1,2,A,0
06/11/2023,2324,Cadiz,Getafe,Away,2,0,1,H,0
07/02/2021,2021,Cadiz,Sociedad,Away,1,1,4,H,1
07/05/06,506,Cadiz,Getafe,Away,3,1,3,H,0
07/05/2022,2122,Cadiz,Elche,Home,7,3,0,H,0
07/10/2023,2324,Cadiz,Girona,Home,2,0,1,A,1
07/11/2020,2021,Cadiz,Ath Madrid,Away,3,0,4,H,0
08/01/06,506,Cadiz,Getafe,Home,6,1,0,H,1
08/04/06,506,Cadiz,Betis,Home,2,1,1,D,0
08/05/2021,2021,Cadiz,Huesca,Home,1,2,1,H,0
09/01/2022,2122,Cadiz,Osasuna,Away,1,0,2,H,0
09/02/2024,2324,Cadiz,Betis,Home,5,0,2,A,0
09/03/2024,2324,Cadiz,Ath Madrid,Home,3,2,0,H,0
09/04/2022,2122,Cadiz,Betis,Home,4,1,2,A,0
09/04/2023,2223,Cadiz,Betis,Away,4,2,0,A,0
09/10/2022,2223,Cadiz,Espanol,Home,3,2,2,D,0
10/01/2021,2021,Cadiz,Alaves,Home,7,3,1,H,0
10/02/2023,2223,Cadiz,Girona,Home,3,2,0,H,0
10/03/2023,2223,Cadiz,Getafe,Home,4,2,2,D,1
10/04/2021,2021,Cadiz,Getafe,Away,3,1,0,A,0
10/09/2022,2223,Cadiz,Barcelona,Home,0,0,4,A,0
10/11/2022,2223,Cadiz,Real Madrid,Away,5,1,2,H,0
10/12/2023,2324,Cadiz,Osasuna,Home,5,1,1,D,0
11/02/06,506,Cadiz,Sevilla,Home,1,0,4,A,0
11/03/2022,2122,Cadiz,Ath Madrid,Away,3,1,2,H,0
11/05/2021,2021,Cadiz,Osasuna,Away,4,2,3,H,0
11/09/05,506,Cadiz,Santander,Away,5,1,0,A,0
11/12/05,506,Cadiz,La Coruna,Away,4,0,1,H,0
12/02/2022,2122,Cadiz,Celta,Home,2,0,0,D,0
12/03/06,506,Cadiz,Ath Bilbao,Away,1,0,1,H,1
12/05/2022,2122,Cadiz,Sociedad,Away,1,0,3,H,0
12/05/2023,2223,Cadiz,Mallorca,Away,4,0,1,H,0
12/05/2024,2324,Cadiz,Getafe,Home,6,1,0,H,0
12/09/2020,2021,Cadiz,Osasuna,Home,3,0,2,A,0
12/09/2021,2122,Cadiz,Sociedad,Home,1,0,2,A,1
13/03/2021,2021,Cadiz,Alaves,Away,1,1,1,D,0
13/04/2024,2324,Cadiz,Barcelona,Home,3,0,1,A,0
13/05/06,506,Cadiz,Malaga,Home,7,5,0,H,0
13/12/2021,2122,Cadiz,Granada,Home,3,1,1,D,1
14/01/2024,2324,Cadiz,Valencia,Home,2,1,4,A,0
14/08/2021,2122,Cadiz,Levante,Home,2,1,1,D,0
14/08/2022,2223,Cadiz,Sociedad,Home,2,0,1,A,0
14/08/2023,2324,Cadiz,Alaves,Home,3,1,0,H,1
14/12/2020,2021,Cadiz,Celta,Away,2,0,4,H,0
15/01/06,506,Cadiz,Malaga,Away,2,2,0,A,0
15/02/2021,2021,Cadiz,Ath Bilbao,Home,2,0,4,A,0
15/03/2024,2324,Cadiz,Sociedad,Away,2,0,2,H,0
15/04/2023,2223,Cadiz,Real Madrid,Home,3,0,2,A,0
15/05/2022,2122,Cadiz,Real Madrid,Home,7,1,1,D,0
15/05/2024,2324,Cadiz,Sevilla,Away,7,1,0,A,0
15/10/2022,2223,Cadiz,Girona,Away,2,1,1,D,0
16/01/2023,2223,Cadiz,Elche,Home,3,1,1,D,0
16/04/06,506,Cadiz,Zaragoza,Away,4,2,1,A,0
16/05/2021,2021,Cadiz,Elche,Home,3,1,3,A,0
16/09/2022,2223,Cadiz,Valladolid,Away,1,1,0,A,0
16/09/2023,2324,Cadiz,Ath Bilbao,Away,4,0,3,H,0
16/10/05,506,Cadiz,Espanol,Away,4,2,0,A,0
17/02/2024,2324,Cadiz,Osasuna,Away,1,0,2,H,0
17/09/2021,2122,Cadiz,Celta,Away,3,2,1,A,0
17/10/2020,2021,Cadiz,Real Madrid,Away,5,1,0,A,0
17/12/05,506,Cadiz,Barcelona,Home,1,1,3,A,0
17/12/2023,2324,Cadiz,Las Palmas,Away,5,1,1,D,0
18/01/2022,2122,Cadiz,Espanol,Home,4,2,2,D,0
18/03/2023,2223,Cadiz,Almeria,Away,4,1,1,D,0
18/04/2021,2021,Cadiz,Celta,Home,2,0,0,D,0
18/04/2022,2122,Cadiz,Barcelona,Away,4,1,0,A,0
18/09/05,506,Cadiz,Villarreal,Home,6,1,1,D,0
18/10/2021,2122,Cadiz,Espanol,Away,2,0,2,H,0
19/01/2021,2021,Cadiz,Levante,Home,2,2,2,D,0
19/01/2024,2324,Cadiz,Alaves,Away,1,0,1,H,0
19/02/06,506,Cadiz,Osasuna,Home,3,1,3,A,1
19/02/2022,2122,Cadiz,Getafe,Home,2,1,1,D,0
19/02/2023,2223,Cadiz,Barcelona,Away,4,0,2,H,0
19/03/06,506,Cadiz,Alaves,Home,5,0,0,D,0
19/05/2023,2223,Cadiz,Valladolid,Home,4,2,0,H,0
19/05/2024,2324,Cadiz,Las Palmas,Home,3,0,0,D,1
19/10/2022,2223,Cadiz,Betis,Home,3,0,0,D,0
19/12/2021,2122,Cadiz,Real Madrid,Away,0,0,0,D,0
20/03/2022,2122,Cadiz,Villarreal,Home,7,1,0,H,0
20/04/2024,2324,Cadiz,Girona,Away,5,1,4,H,0
20/08/2021,2122,Cadiz,Betis,Away,3,1,1,D,0
20/08/2022,2223,Cadiz,Osasuna,Away,2,0,2,H,1
20/08/2023,2324,Cadiz,Barcelona,Away,1,0,2,H,0
20/09/2020,2021,Cadiz,Huesca,Away,4,2,0,A,0
20/11/05,506,Cadiz,Valencia,Home,4,0,1,A,1
20/12/2020,2021,Cadiz,Getafe,Home,1,0,2,A,0
21/01/06,506,Cadiz,Real Madrid,Away,4,1,3,H,0
21/01/2023,2223,Cadiz,Sevilla,Away,1,0,1,H,1
21/02/2021,2021,Cadiz,Barcelona,Away,1,1,1,D,0
21/03/2021,2021,Cadiz,Villarreal,Away,3,1,2,H,0
21/04/2021,2021,Cadiz,Real Madrid,Home,3,0,3,A,0
21/04/2022,2122,Cadiz,Ath Bilbao,Home,8,2,3,A,0
21/04/2023,2223,Cadiz,Espanol,Away,2,0,0,D,0
21/05/2021,2021,Cadiz,Levante,Away,2,2,2,D,0
21/09/05,506,Cadiz,Sevilla,Away,1,0,0,D,0
21/11/2021,2122,Cadiz,Getafe,Away,2,0,4,H,0
21/12/05,506,Cadiz,Sociedad,Away,5,0,2,H,1
21/12/2023,2324,Cadiz,Sociedad,Home,2,0,0,D,0
22/01/2022,2122,Cadiz,Levante,Away,2,2,0,A,0
22/03/06,506,Cadiz,Mallorca,Away,1,0,1,H,0
22/05/2022,2122,Cadiz,Alaves,Away,6,1,0,A,0
22/10/2022,2223,Cadiz,Vallecano,Away,0,1,5,H,2
22/11/2020,2021,Cadiz,Sociedad,Home,0,0,1,A,0
23/01/2021,2021,Cadiz,Sevilla,Away,3,0,3,H,0
23/04/06,506,Cadiz,La Coruna,Home,3,1,1,D,0
23/09/2021,2122,Cadiz,Barcelona,Home,3,0,0,D,0
23/10/05,506,Cadiz,Ath Bilbao,Home,2,1,0,H,0
23/10/2021,2122,Cadiz,Alaves,Home,4,0,2,A,0
23/10/2023,2324,Cadiz,Valencia,Away,4,0,2,H,1
23/12/2020,2021,Cadiz,Betis,Away,3,0,1,H,0
24/04/2021,2021,Cadiz,Valladolid,Away,2,1,1,D,0
24/05/2023,2223,Cadiz,Villarreal,Away,8,0,2,H,0
24/09/2023,2324,Cadiz,Betis,Away,1,1,1,D,0
25/02/2023,2223,Cadiz,Vallecano,Home,3,1,0,H,0
25/02/2024,2324,Cadiz,Celta,Home,6,2,2,D,0
25/04/2023,2223,Cadiz,Osasuna,Home,4,0,1,A,0
25/05/2024,2324,Cadiz,Almeria,Away,4,1,6,H,0
25/09/05,506,Cadiz,Osasuna,Away,0,0,2,H,0
25/10/2020,2021,Cadiz,Villarreal,Home,0,0,0,D,0
26/02/06,506,Cadiz,Celta,Away,3,0,2,H,0
26/03/06,506,Cadiz,Ath Madrid,Home,4,1,1,D,0
26/08/2023,2324,Cadiz,Almeria,Home,3,1,1,D,1
26/09/2021,2122,Cadiz,Vallecano,Away,1,1,3,H,0
26/10/2021,2122,Cadiz,Villarreal,Away,4,3,3,D,0
26/11/2023,2324,Cadiz,Real Madrid,Home,4,0,3,A,0
27/09/2020,2021,Cadiz,Sevilla,Home,5,1,3,A,0
27/09/2023,2324,Cadiz,Vallecano,Home,2,0,0,D,0
27/10/05,506,Cadiz,Ath Madrid,Away,2,0,3,H,0
27/11/05,506,Cadiz,Betis,Away,5,1,1,D,0
28/01/06,506,Cadiz,Santander,Home,1,1,1,D,0
28/01/2023,2223,Cadiz,Mallorca,Home,4,2,0,H,0
28/01/2024,2324,Cadiz,Ath Bilbao,Home,2,0,0,D,0
28/02/2021,2021,Cadiz,Betis,Home,3,0,1,A,0
28/02/2022,2122,Cadiz,Granada,Away,4,0,0,D,0
28/04/2024,2324,Cadiz,Mallorca,Home,2,1,1,D,0
28/05/2023,2223,Cadiz,Celta,Home,3,1,0,H,0
28/08/05,506,Cadiz,Real Madrid,Home,5,1,2,A,0
28/10/2023,2324,Cadiz,Sevilla,Home,5,2,2,D,0
28/11/2020,2021,Cadiz,Elche,Away,2,1,1,D,0
28/11/2021,2122,Cadiz,Ath Madrid,Home,0,1,4,A,0
29/03/2024,2324,Cadiz,Granada,Home,5,1,0,H,0
29/04/06,506,Cadiz,Barcelona,Away,4,0,1,H,0
29/04/2022,2122,Cadiz,Sevilla,Away,4,1,1,D,0
29/08/2021,2122,Cadiz,Osasuna,Home,3,2,3,A,0
29/08/2022,2223,Cadiz,Ath Bilbao,Home,3,0,4,A,0
29/10/2022,2223,Cadiz,Ath Madrid,Home,7,3,2,H,0
29/11/2023,2324,Cadiz,Mallorca,Away,3,1,1,D,0
29/12/2020,2021,Cadiz,Valladolid,Home,3,0,0,D,0
30/04/2023,2223,Cadiz,Valencia,Home,4,2,1,H,0
30/10/05,506,Cadiz,Alaves,Away,3,0,0,D,0
30/10/2020,2021,Cadiz,Eibar,Away,4,2,0,A,0
30/12/2022,2223,Cadiz,Almeria,Home,6,1,1,D,0
31/01/2021,2021,Cadiz,Ath Madrid,Home,6,2,4,A,0
31/10/2021,2122,Cadiz,Mallorca,Home,2,1,1,D,0
01/02/2020,1920,Celta,Valencia,Away,4,0,1,H,0
01/02/2026,2526,Celta,Getafe,Away,1,0,0,D,0
01/03/14,1314,Celta,Elche,Away,3,0,1,H,0
01/03/17,1617,Celta,Espanol,Home,4,2,2,D,1
01/03/2024,2324,Celta,Almeria,Home,6,1,0,H,0
01/03/2025,2425,Celta,Girona,Away,6,2,2,D,0
01/03/2026,2526,Celta,Girona,Away,5,2,1,A,0
01/04/07,607,Celta,Real Madrid,Home,5,1,2,A,0
01/05/16,1516,Celta,Ath Bilbao,Away,2,1,2,H,1
01/05/2022,2122,Celta,Granada,Away,6,1,1,D,0
01/06/13,1213,Celta,Espanol,Home,5,1,0,H,0
01/09/12,1213,Celta,Osasuna,Home,4,2,0,H,0
01/09/2018,1819,Celta,Ath Madrid,Home,4,2,0,H,0
01/09/2023,2324,Celta,Almeria,Away,8,3,2,A,0
01/09/2024,2425,Celta,Osasuna,Away,3,2,3,H,1
01/10/06,607,Celta,Santander,Away,6,1,1,D,0
01/10/2018,1819,Celta,Getafe,Home,2,1,1,D,0
01/10/2020,2021,Celta,Barcelona,Home,3,0,3,A,0
01/11/14,1415,Celta,Barcelona,Away,4,1,0,A,0
01/11/2020,2021,Celta,Sociedad,Home,2,1,4,A,1
01/11/2021,2122,Celta,Vallecano,Away,4,0,0,D,0
01/12/2018,1819,Celta,Huesca,Home,5,2,0,H,0
02/01/16,1516,Celta,Malaga,Away,1,0,2,H,1
02/01/2021,2021,Celta,Real Madrid,Away,1,0,2,H,0
02/01/2022,2122,Celta,Betis,Away,5,2,0,A,0
02/02/13,1213,Celta,Osasuna,Away,2,0,1,H,0
02/02/2019,1819,Celta,Sevilla,Home,4,1,0,H,0
02/02/2025,2425,Celta,Valencia,Away,2,1,2,H,0
02/03/15,1415,Celta,Elche,Home,5,1,1,D,0
02/03/16,1516,Celta,Villarreal,Home,4,0,0,D,0
02/04/06,506,Celta,Ath Madrid,Away,6,3,0,A,0
02/04/16,1516,Celta,La Coruna,Home,2,1,1,D,0
02/04/2022,2122,Celta,Real Madrid,Home,4,1,2,A,0
02/04/2023,2223,Celta,Almeria,Home,5,2,2,D,0
02/09/2022,2223,Celta,Cadiz,Home,5,3,0,H,0
02/10/05,506,Celta,Cadiz,Away,5,1,1,D,0
02/10/15,1516,Celta,Getafe,Home,7,0,0,D,0
02/10/16,1617,Celta,Barcelona,Home,9,4,3,H,0
02/10/2022,2223,Celta,Betis,Home,4,1,0,H,0
02/10/2023,2324,Celta,Las Palmas,Away,3,1,2,H,0
02/11/13,1314,Celta,Sevilla,Away,4,1,0,A,0
02/11/2025,2526,Celta,Levante,Away,6,2,1,A,0
02/12/12,1213,Celta,Levante,Home,8,1,1,D,0
02/12/17,1718,Celta,Barcelona,Away,5,2,2,D,0
03/01/15,1415,Celta,Sevilla,Away,2,0,1,H,1
03/01/2024,2324,Celta,Betis,Home,6,2,1,H,0
03/01/2026,2526,Celta,Valencia,Home,6,4,1,H,0
03/02/18,1718,Celta,Alaves,Away,4,1,2,H,0
03/03/07,607,Celta,Valencia,Away,4,0,1,H,0
03/03/2019,1819,Celta,Eibar,Away,1,0,1,H,0
03/04/17,1617,Celta,Las Palmas,Home,6,3,1,H,0
03/04/2019,1819,Celta,Huesca,Away,5,3,3,D,0
03/05/06,506,Celta,Barcelona,Home,1,0,1,A,0
03/05/13,1213,Celta,Ath Bilbao,Home,6,1,1,D,0
03/05/14,1314,Celta,Osasuna,Away,4,2,0,A,0
03/05/2023,2223,Celta,Getafe,Away,1,0,1,H,1
03/05/2026,2526,Celta,Elche,Home,4,3,1,H,0
03/10/2021,2122,Celta,Elche,Away,1,0,1,H,0
03/11/12,1213,Celta,Barcelona,Away,4,1,3,H,0
03/11/2019,1920,Celta,Getafe,Home,2,0,1,A,0
03/12/05,506,Celta,Betis,Home,4,2,1,H,0
03/12/06,607,Celta,Mallorca,Away,7,2,2,D,0
04/02/07,607,Celta,Gimnastic,Home,5,1,1,D,0
04/02/2023,2223,Celta,Betis,Away,7,4,3,A,0
04/02/2024,2324,Celta,Osasuna,Away,5,3,0,A,0
04/03/13,1213,Celta,Sevilla,Away,4,1,4,H,0
04/03/17,1617,Celta,Barcelona,Away,2,0,5,H,0
04/04/2021,2021,Celta,Alaves,Away,6,3,1,A,1
04/05/15,1415,Celta,Almeria,Away,3,2,2,D,1
04/05/2019,1819,Celta,Barcelona,Home,6,2,0,H,0
04/05/2025,2425,Celta,Real Madrid,Away,7,2,3,H,0
04/06/2023,2223,Celta,Barcelona,Home,9,2,1,H,0
04/07/2020,1920,Celta,Betis,Home,1,1,1,D,0
04/10/2020,2021,Celta,Osasuna,Away,3,0,2,H,0
04/11/2018,1819,Celta,Betis,Away,7,3,3,D,0
04/11/2023,2324,Celta,Sevilla,Home,3,1,1,D,1
04/11/2024,2425,Celta,Getafe,Home,3,1,0,H,0
04/12/16,1617,Celta,Betis,Away,6,3,3,D,0
04/12/2020,2021,Celta,Ath Bilbao,Away,4,2,0,A,0
04/12/2023,2324,Celta,Cadiz,Home,7,1,1,D,0
05/01/2020,1920,Celta,Osasuna,Home,7,1,1,D,0
05/02/06,506,Celta,Santander,Away,6,1,0,A,0
05/02/2022,2122,Celta,Vallecano,Home,3,2,0,H,0
05/03/06,506,Celta,Osasuna,Home,5,2,0,H,0
05/03/16,1516,Celta,Real Madrid,Away,3,1,7,H,0
05/03/18,1718,Celta,Las Palmas,Home,6,2,1,H,0
05/04/14,1314,Celta,Vallecano,Away,7,0,3,H,0
05/04/15,1415,Celta,Barcelona,Home,1,0,1,A,1
05/04/2025,2425,Celta,Mallorca,Away,4,2,1,A,0
05/04/2026,2526,Celta,Valencia,Away,5,3,2,A,0
05/05/18,1718,Celta,La Coruna,Home,4,1,1,D,0
05/05/2024,2324,Celta,Villarreal,Home,7,3,2,H,0
05/10/12,1213,Celta,Sevilla,Home,5,2,0,H,0
05/10/14,1415,Celta,Villarreal,Home,6,1,3,A,1
05/10/2024,2425,Celta,Las Palmas,Away,1,1,0,A,2
05/10/2025,2526,Celta,Ath Madrid,Home,4,1,1,D,0
05/11/06,607,Celta,Real Madrid,Away,3,2,1,A,0
05/11/17,1718,Celta,Ath Bilbao,Home,5,3,1,H,0
05/11/2022,2223,Celta,Osasuna,Home,5,1,2,A,0
05/12/15,1516,Celta,Betis,Away,1,1,1,D,1
05/12/2021,2122,Celta,Valencia,Home,5,1,2,A,0
06/01/13,1213,Celta,Valladolid,Home,6,3,1,H,0
06/01/14,1314,Celta,Real Madrid,Away,1,0,3,H,0
06/01/2023,2223,Celta,Elche,Away,7,1,0,A,0
06/02/2026,2526,Celta,Osasuna,Home,4,1,2,A,0
06/03/2022,2122,Celta,Mallorca,Home,8,4,3,H,1
06/03/2023,2223,Celta,Osasuna,Away,0,0,0,D,0
06/03/2026,2526,Celta,Real Madrid,Home,4,1,2,A,0
06/04/17,1617,Celta,Valencia,Away,3,2,3,H,0
06/05/07,607,Celta,Villarreal,Away,3,0,1,H,0
06/10/13,1314,Celta,Ath Madrid,Away,2,1,2,H,0
06/10/2019,1920,Celta,Ath Bilbao,Home,2,1,0,H,0
06/11/05,506,Celta,Alaves,Home,9,2,1,H,0
06/11/16,1617,Celta,Valencia,Home,4,2,1,H,0
06/11/2020,2021,Celta,Elche,Away,6,1,1,D,0
06/11/2021,2122,Celta,Barcelona,Home,4,3,3,D,0
06/12/14,1415,Celta,Real Madrid,Away,0,0,3,H,0
06/12/2024,2425,Celta,Mallorca,Home,5,2,0,H,0
07/01/07,607,Celta,Betis,Away,0,0,1,H,1
07/01/18,1718,Celta,Real Madrid,Home,5,2,2,D,0
07/01/2019,1819,Celta,Ath Bilbao,Home,3,1,2,A,0
07/02/15,1415,Celta,Sociedad,Away,3,1,1,D,0
07/02/16,1516,Celta,Sevilla,Home,5,1,1,D,0
07/03/2020,1920,Celta,Getafe,Away,2,0,0,D,0
07/03/2021,2021,Celta,Huesca,Away,7,4,3,A,0
07/04/13,1213,Celta,Vallecano,Home,2,0,2,A,0
07/04/18,1718,Celta,Sevilla,Home,6,4,0,H,0
07/04/2019,1819,Celta,Sociedad,Home,4,3,1,H,0
07/04/2023,2223,Celta,Sevilla,Away,4,2,2,D,0
07/05/06,506,Celta,Sociedad,Away,3,2,2,D,0
07/05/17,1617,Celta,Malaga,Away,2,0,3,H,0
07/05/2022,2122,Celta,Alaves,Home,7,4,0,H,0
07/07/2020,1920,Celta,Ath Madrid,Home,4,1,1,D,0
07/10/2018,1819,Celta,Sevilla,Away,5,1,2,H,1
07/11/15,1516,Celta,Valencia,Home,3,1,5,A,0
07/12/2025,2526,Celta,Real Madrid,Away,5,2,0,A,0
08/01/06,506,Celta,Sociedad,Home,3,1,0,H,0
08/01/17,1617,Celta,Malaga,Home,3,3,1,H,0
08/01/2021,2021,Celta,Villarreal,Home,3,0,4,A,0
08/01/2022,2122,Celta,Sociedad,Away,0,0,1,H,0
08/02/2021,2021,Celta,Ath Madrid,Away,2,2,2,D,0
08/02/2025,2425,Celta,Betis,Home,6,3,2,H,0
08/03/14,1314,Celta,Ath Madrid,Home,2,0,2,A,0
08/03/15,1415,Celta,Villarreal,Away,4,1,4,H,0
08/03/2025,2425,Celta,Leganes,Home,4,2,1,H,0
08/04/06,506,Celta,Valencia,Home,2,0,1,A,0
08/04/07,607,Celta,Recreativo,Away,6,2,4,H,0
08/04/15,1415,Celta,Granada,Away,4,1,1,D,0
08/05/13,1213,Celta,Ath Madrid,Home,4,1,3,A,0
08/05/16,1516,Celta,Malaga,Home,3,1,0,H,0
08/10/2023,2324,Celta,Getafe,Home,11,2,2,D,0
08/11/14,1415,Celta,Granada,Home,5,0,0,D,0
08/12/2018,1819,Celta,Villarreal,Away,7,3,2,A,0
08/12/2019,1920,Celta,Leganes,Away,4,2,3,H,1
09/02/13,1213,Celta,Valencia,Home,2,0,1,A,0
09/02/2019,1819,Celta,Getafe,Away,3,1,3,H,1
09/02/2020,1920,Celta,Sevilla,Home,7,2,1,H,0
09/04/17,1617,Celta,Eibar,Home,3,0,2,A,0
09/05/2021,2021,Celta,Villarreal,Away,6,4,2,A,1
09/05/2026,2526,Celta,Ath Madrid,Away,1,1,0,A,0
09/06/07,607,Celta,Ath Madrid,Away,10,3,2,A,0
09/10/2022,2223,Celta,Barcelona,Away,3,0,1,H,0
09/11/13,1314,Celta,Vallecano,Home,4,0,2,A,0
09/11/2019,1920,Celta,Barcelona,Away,5,1,4,H,0
09/11/2025,2526,Celta,Barcelona,Home,3,2,4,A,0
09/12/12,1213,Celta,Ath Bilbao,Away,1,0,1,H,0
09/12/17,1718,Celta,Valencia,Away,5,1,2,H,0
10/01/15,1415,Celta,Valencia,Home,4,1,1,D,0
10/01/16,1516,Celta,Ath Madrid,Home,1,0,2,A,0
10/01/2025,2425,Celta,Vallecano,Away,7,1,2,H,1
10/02/14,1314,Celta,Ath Bilbao,Home,1,0,0,D,0
10/03/13,1213,Celta,Real Madrid,Home,10,1,2,A,0
10/03/2019,1819,Celta,Betis,Home,1,0,1,A,0
10/03/2024,2324,Celta,Real Madrid,Away,1,0,4,H,0
10/04/16,1516,Celta,Sp Gijon,Away,5,1,0,A,0
10/04/2022,2122,Celta,Espanol,Away,5,0,1,H,0
10/05/15,1415,Celta,Sevilla,Home,2,1,1,D,0
10/05/2022,2122,Celta,Barcelona,Away,5,1,3,H,1
10/05/2025,2425,Celta,Sevilla,Home,4,3,2,H,1
10/09/05,506,Celta,Real Madrid,Away,5,3,2,A,0
10/09/06,607,Celta,Gimnastic,Away,2,2,1,A,0
10/09/16,1617,Celta,Ath Madrid,Home,1,0,4,A,0
10/09/17,1718,Celta,Alaves,Home,3,1,0,H,0
10/09/2022,2223,Celta,Ath Madrid,Away,3,1,4,H,0
10/11/12,1213,Celta,Vallecano,Away,2,2,3,H,1
10/11/2022,2223,Celta,Vallecano,Away,3,0,0,D,0
10/11/2023,2324,Celta,Ath Bilbao,Away,5,3,4,H,0
10/11/2024,2425,Celta,Betis,Away,2,2,2,D,0
10/12/06,607,Celta,Villarreal,Home,4,1,1,D,0
10/12/2021,2122,Celta,Mallorca,Away,5,0,0,D,0
11/01/14,1314,Celta,Valencia,Home,8,2,1,H,0
11/01/2019,1819,Celta,Vallecano,Away,4,2,4,H,0
11/02/07,607,Celta,Espanol,Home,8,0,2,A,1
11/02/18,1718,Celta,Espanol,Home,7,2,2,D,0
11/02/2024,2324,Celta,Getafe,Away,4,2,3,H,0
11/03/06,506,Celta,Espanol,Away,4,0,2,H,0
11/03/07,607,Celta,Ath Bilbao,Home,6,1,1,D,1
11/03/18,1718,Celta,Ath Madrid,Away,2,0,3,H,0
11/03/2023,2223,Celta,Vallecano,Home,6,3,0,H,0
11/04/15,1415,Celta,Vallecano,Home,10,6,1,H,0
11/05/14,1314,Celta,Real Madrid,Home,6,2,0,H,0
11/07/2020,1920,Celta,Osasuna,Away,3,1,2,H,0
11/11/2018,1819,Celta,Real Madrid,Home,4,2,4,A,1
11/12/05,506,Celta,Zaragoza,Away,4,0,1,H,0
11/12/16,1617,Celta,Sevilla,Home,6,0,3,A,0
11/12/2023,2324,Celta,Vallecano,Away,2,0,0,D,0
12/01/13,1213,Celta,Espanol,Away,1,0,1,H,0
12/01/2026,2526,Celta,Sevilla,Away,7,1,0,A,0
12/02/06,506,Celta,Villarreal,Home,3,1,0,H,0
12/02/17,1617,Celta,Ath Madrid,Away,6,2,3,H,0
12/02/2021,2021,Celta,Elche,Home,6,3,1,H,0
12/02/2022,2122,Celta,Cadiz,Away,1,0,0,D,0
12/02/2023,2223,Celta,Ath Madrid,Home,3,0,1,A,0
12/03/16,1516,Celta,Sociedad,Home,1,1,0,H,0
12/03/17,1617,Celta,Villarreal,Home,1,0,1,A,0
12/03/2022,2122,Celta,Villarreal,Away,2,0,1,H,0
12/04/14,1314,Celta,Sociedad,Home,7,2,2,D,1
12/04/2021,2021,Celta,Sevilla,Home,5,3,4,A,0
12/04/2024,2324,Celta,Betis,Away,5,1,2,H,0
12/04/2025,2425,Celta,Espanol,Home,6,0,2,A,0
12/04/2026,2526,Celta,Oviedo,Home,6,0,3,A,0
12/05/13,1213,Celta,Betis,Away,2,0,1,H,0
12/05/18,1718,Celta,Real Madrid,Away,1,0,6,H,0
12/05/2019,1819,Celta,Ath Bilbao,Away,2,1,3,H,0
12/05/2021,2021,Celta,Getafe,Home,1,1,0,H,0
12/05/2024,2324,Celta,Ath Madrid,Away,2,0,1,H,0
12/05/2026,2526,Celta,Levante,Home,6,2,3,A,0
12/09/2020,2021,Celta,Eibar,Away,3,0,0,D,0
12/09/2021,2122,Celta,Real Madrid,Away,4,2,5,H,0
12/11/06,607,Celta,Recreativo,Home,4,1,2,A,1
12/12/15,1516,Celta,Espanol,Home,3,1,0,H,1
13/01/2023,2223,Celta,Villarreal,Home,8,1,1,D,0
13/01/2024,2324,Celta,Mallorca,Away,2,1,1,D,0
13/04/2019,1819,Celta,Ath Madrid,Away,3,0,2,H,0
13/05/06,506,Celta,Getafe,Home,5,1,0,H,0
13/05/07,607,Celta,Levante,Home,6,1,2,A,0
13/05/2025,2425,Celta,Sociedad,Away,2,1,0,A,0
13/06/2020,1920,Celta,Villarreal,Home,0,0,1,A,0
13/08/2022,2223,Celta,Espanol,Home,3,2,2,D,0
13/08/2023,2324,Celta,Osasuna,Home,1,0,2,A,0
13/09/14,1415,Celta,Sociedad,Home,6,2,2,D,0
13/09/15,1516,Celta,Las Palmas,Home,12,3,3,D,0
13/12/14,1415,Celta,Malaga,Away,8,0,1,H,0
14/01/07,607,Celta,Ath Madrid,Home,4,1,3,A,0
14/01/18,1718,Celta,Levante,Away,2,1,0,A,0
14/02/16,1516,Celta,Barcelona,Away,4,1,6,H,0
14/02/2026,2526,Celta,Espanol,Away,5,2,2,D,0
14/03/15,1415,Celta,Ath Bilbao,Home,5,1,2,A,0
14/03/2021,2021,Celta,Ath Bilbao,Home,3,0,0,D,0
14/04/18,1718,Celta,Leganes,Away,2,0,1,H,0
14/05/16,1516,Celta,Ath Madrid,Away,4,0,2,H,0
14/05/17,1617,Celta,Alaves,Away,4,1,3,H,0
14/05/2023,2223,Celta,Valencia,Home,6,1,2,A,0
14/09/2025,2526,Celta,Girona,Home,7,1,1,D,0
14/12/2018,1819,Celta,Leganes,Home,2,0,0,D,0
14/12/2020,2021,Celta,Cadiz,Home,5,4,0,H,0
14/12/2024,2425,Celta,Sevilla,Away,2,0,1,H,0
14/12/2025,2526,Celta,Ath Bilbao,Home,2,2,0,H,0
15/01/06,506,Celta,Getafe,Away,3,1,1,D,0
15/01/17,1617,Celta,Alaves,Home,4,1,0,H,0
15/02/14,1314,Celta,Villarreal,Away,2,2,0,A,0
15/02/15,1415,Celta,Ath Madrid,Home,3,2,0,H,0
15/02/2025,2425,Celta,Ath Madrid,Away,4,1,1,D,0
15/03/13,1213,Celta,La Coruna,Away,1,1,3,H,1
15/03/14,1314,Celta,Levante,Away,8,1,0,A,0
15/03/2025,2425,Celta,Valladolid,Away,1,1,0,A,0
15/03/2026,2526,Celta,Betis,Away,3,1,1,D,0
15/04/07,607,Celta,La Coruna,Home,5,1,0,H,0
15/04/13,1213,Celta,Mallorca,Away,2,0,1,H,0
15/05/2022,2122,Celta,Elche,Home,5,1,0,H,0
15/05/2024,2324,Celta,Ath Bilbao,Home,4,2,1,H,0
15/08/2021,2122,Celta,Ath Madrid,Home,2,1,2,A,1
15/09/12,1213,Celta,Valencia,Away,4,1,2,H,0
15/09/2019,1920,Celta,Granada,Home,0,0,2,A,2
15/09/2024,2425,Celta,Valladolid,Home,7,3,1,H,0
15/10/06,607,Celta,Valencia,Home,5,3,2,H,0
15/12/2019,1920,Celta,Mallorca,Home,7,2,2,D,0
16/01/16,1516,Celta,Levante,Home,6,4,3,H,0
16/02/13,1213,Celta,Getafe,Away,2,1,3,H,0
16/02/2019,1819,Celta,Levante,Home,7,1,4,A,1
16/02/2020,1920,Celta,Real Madrid,Away,3,2,2,D,0
16/03/2019,1819,Celta,Real Madrid,Away,1,0,2,H,0
16/04/06,506,Celta,Betis,Away,6,2,0,A,0
16/04/16,1516,Celta,Betis,Home,5,1,1,D,0
16/04/17,1617,Celta,Granada,Away,4,3,0,A,0
16/05/2021,2021,Celta,Barcelona,Away,4,2,1,A,0
16/07/2020,1920,Celta,Levante,Home,6,2,3,A,1
16/08/2024,2425,Celta,Alaves,Home,4,2,1,H,0
16/09/13,1314,Celta,Ath Bilbao,Away,3,2,3,H,0
16/09/2023,2324,Celta,Mallorca,Home,4,0,1,A,0
16/10/05,506,Celta,Osasuna,Away,3,0,2,H,0
16/10/16,1617,Celta,Villarreal,Away,1,0,5,H,1
16/10/17,1718,Celta,Las Palmas,Away,7,5,2,A,1
16/10/2022,2223,Celta,Sociedad,Home,3,1,2,A,1
16/12/13,1314,Celta,Valladolid,Away,3,0,3,H,1
16/12/2023,2324,Celta,Granada,Home,4,1,0,H,1
17/01/15,1415,Celta,Espanol,Away,2,0,1,H,0
17/02/2024,2324,Celta,Barcelona,Home,4,1,2,A,0
17/03/2024,2324,Celta,Sevilla,Away,5,2,1,A,0
17/04/18,1718,Celta,Barcelona,Home,8,2,2,D,0
17/04/2022,2122,Celta,Ath Bilbao,Away,4,2,0,A,0
17/04/2023,2223,Celta,Mallorca,Home,3,0,1,A,1
17/05/14,1314,Celta,Valencia,Away,4,1,2,H,0
17/05/15,1415,Celta,Valencia,Away,3,1,1,D,0
17/05/17,1617,Celta,Real Madrid,Home,6,1,4,A,1
17/05/2026,2526,Celta,Ath Bilbao,Away,2,1,1,D,0
17/06/07,607,Celta,Getafe,Home,3,2,1,H,0
17/06/2020,1920,Celta,Valladolid,Away,4,0,0,D,0
17/08/2019,1920,Celta,Real Madrid,Home,4,1,3,A,0
17/08/2025,2526,Celta,Getafe,Home,3,0,2,A,0
17/09/06,607,Celta,Espanol,Away,5,1,2,H,0
17/09/2018,1819,Celta,Girona,Away,7,2,3,H,1
17/09/2021,2122,Celta,Cadiz,Home,4,1,2,A,0
17/09/2022,2223,Celta,Valencia,Away,2,0,3,H,1
17/10/2020,2021,Celta,Ath Madrid,Home,5,0,2,A,0
17/10/2021,2122,Celta,Sevilla,Home,3,0,1,A,0
17/12/05,506,Celta,La Coruna,Home,1,0,3,A,1
17/12/06,607,Celta,Levante,Away,3,1,1,D,0
17/12/12,1213,Celta,Betis,Home,2,0,1,A,0
17/12/17,1718,Celta,Villarreal,Home,3,0,1,A,0
17/12/2021,2122,Celta,Espanol,Home,5,3,1,H,0
18/01/14,1314,Celta,Espanol,Away,2,0,1,H,0
18/01/2026,2526,Celta,Vallecano,Home,7,3,0,H,0
18/02/06,506,Celta,Sevilla,Away,5,0,1,H,0
18/02/07,607,Celta,Osasuna,Away,3,1,0,A,1
18/02/2023,2223,Celta,Sociedad,Away,4,1,1,D,1
18/03/07,607,Celta,Sevilla,Away,2,0,2,H,1
18/03/18,1718,Celta,Malaga,Home,3,0,0,D,0
18/03/2023,2223,Celta,Espanol,Away,4,3,1,A,0
18/04/2021,2021,Celta,Cadiz,Away,4,0,0,D,0
18/05/2019,1819,Celta,Vallecano,Home,5,2,2,D,0
18/05/2025,2425,Celta,Vallecano,Home,7,1,2,A,0
18/08/12,1213,Celta,Malaga,Home,3,0,1,A,0
18/08/2018,1819,Celta,Espanol,Home,2,1,1,D,0
18/09/05,506,Celta,Santander,Home,2,0,1,A,0
18/09/16,1617,Celta,Osasuna,Away,5,0,0,D,0
18/09/17,1718,Celta,Espanol,Away,1,1,2,H,0
18/10/14,1415,Celta,Ath Bilbao,Away,1,1,1,D,0
18/10/15,1516,Celta,Villarreal,Away,2,2,1,A,0
18/11/12,1213,Celta,Mallorca,Home,2,1,1,D,0
18/11/17,1718,Celta,Sevilla,Away,5,1,2,H,0
19/01/13,1213,Celta,Malaga,Away,5,1,1,D,0
19/01/2019,1819,Celta,Valencia,Home,4,1,2,A,0
19/01/2020,1920,Celta,Ath Bilbao,Away,3,1,1,D,0
19/01/2022,2122,Celta,Osasuna,Home,3,2,0,H,0
19/01/2025,2425,Celta,Ath Bilbao,Home,1,1,2,A,0
19/02/17,1617,Celta,Osasuna,Home,4,3,0,H,0
19/02/18,1718,Celta,Getafe,Away,1,0,3,H,0
19/03/06,506,Celta,Ath Bilbao,Home,6,0,1,A,0
19/03/17,1617,Celta,La Coruna,Away,2,1,0,A,0
19/04/15,1415,Celta,Eibar,Away,5,1,0,A,0
19/04/16,1516,Celta,Espanol,Away,1,1,1,D,0
19/04/2025,2425,Celta,Barcelona,Away,8,3,4,H,0
19/05/18,1718,Celta,Levante,Home,9,4,2,H,0
19/05/2024,2324,Celta,Granada,Away,5,2,1,A,0
19/07/2020,1920,Celta,Espanol,Away,3,0,0,D,0
19/08/13,1314,Celta,Espanol,Home,10,2,2,D,0
19/08/17,1718,Celta,Sociedad,Home,5,2,3,A,0
19/08/2023,2324,Celta,Sociedad,Away,6,1,1,D,0
19/09/2020,2021,Celta,Valencia,Home,6,2,1,H,0
19/10/2018,1819,Celta,Alaves,Home,9,0,1,A,0
19/10/2022,2223,Celta,Valladolid,Away,5,1,4,H,0
19/10/2024,2425,Celta,Real Madrid,Home,5,1,2,A,0
19/10/2025,2526,Celta,Sociedad,Home,1,1,1,D,1
19/11/06,607,Celta,La Coruna,Away,2,1,0,A,0
19/11/16,1617,Celta,Eibar,Away,2,0,1,H,2
19/12/14,1415,Celta,Almeria,Home,4,0,1,A,0
19/12/16,1617,Celta,Ath Bilbao,Away,4,1,2,H,1
20/01/2021,2021,Celta,Betis,Away,3,1,2,H,0
20/01/2023,2223,Celta,Mallorca,Away,3,0,1,H,0
20/01/2024,2324,Celta,Sociedad,Home,2,0,1,A,0
20/02/16,1516,Celta,Eibar,Home,9,3,2,H,0
20/02/2021,2021,Celta,Valencia,Away,2,0,2,H,1
20/03/16,1516,Celta,Valencia,Away,6,2,0,A,0
20/03/2021,2021,Celta,Real Madrid,Home,3,1,3,A,0
20/03/2022,2122,Celta,Betis,Home,3,0,0,D,0
20/04/14,1314,Celta,Almeria,Away,8,4,2,A,0
20/04/2019,1819,Celta,Girona,Home,8,2,1,H,0
20/04/2022,2122,Celta,Getafe,Home,2,0,2,A,0
20/04/2024,2324,Celta,Las Palmas,Home,13,4,1,H,0
20/05/07,607,Celta,Sociedad,Away,7,1,3,H,0
20/05/2023,2223,Celta,Ath Bilbao,Away,3,1,2,H,0
20/08/2022,2223,Celta,Real Madrid,Home,2,1,4,A,0
20/09/14,1415,Celta,Ath Madrid,Away,5,2,2,D,0
20/09/15,1516,Celta,Sevilla,Away,5,2,1,A,1
20/10/12,1213,Celta,Real Madrid,Away,3,0,2,H,0
20/10/2019,1920,Celta,Alaves,Away,2,0,2,H,0
20/11/05,506,Celta,Ath Madrid,Home,4,2,1,H,0
20/11/2021,2122,Celta,Villarreal,Home,3,1,1,D,0
20/12/05,506,Celta,Barcelona,Away,2,0,2,H,0
20/12/06,607,Celta,Sociedad,Home,4,0,0,D,0
20/12/15,1516,Celta,Granada,Away,4,2,0,A,0
20/12/2020,2021,Celta,Alaves,Home,3,2,0,H,0
20/12/2023,2324,Celta,Villarreal,Away,5,2,3,H,0
20/12/2025,2526,Celta,Oviedo,Away,2,0,0,D,0
21/01/07,607,Celta,Getafe,Away,3,0,1,H,1
21/01/18,1718,Celta,Sociedad,Away,3,2,1,A,0
21/02/15,1415,Celta,La Coruna,Away,5,2,0,A,0
21/02/2022,2122,Celta,Levante,Home,4,1,1,D,0
21/02/2025,2425,Celta,Osasuna,Home,5,1,0,H,0
21/03/14,1314,Celta,Malaga,Home,3,0,2,A,0
21/03/15,1415,Celta,Levante,Away,5,1,0,A,0
21/04/18,1718,Celta,Valencia,Home,3,1,1,D,0
21/05/17,1617,Celta,Sociedad,Home,5,2,2,D,0
21/05/2022,2122,Celta,Valencia,Away,3,0,2,H,0
21/06/2020,1920,Celta,Alaves,Home,10,6,0,H,0
21/09/05,506,Celta,Villarreal,Away,5,2,1,A,0
21/09/16,1617,Celta,Sp Gijon,Home,5,2,1,H,0
21/09/17,1718,Celta,Getafe,Home,4,1,1,D,0
21/09/2019,1920,Celta,Ath Madrid,Away,3,0,0,D,0
21/09/2021,2122,Celta,Levante,Away,2,2,0,A,0
21/09/2025,2526,Celta,Vallecano,Away,5,1,1,D,0
21/10/13,1314,Celta,Levante,Home,4,0,1,A,0
21/10/2023,2324,Celta,Ath Madrid,Home,3,0,3,A,1
21/11/15,1516,Celta,La Coruna,Away,4,0,2,H,0
21/11/2020,2021,Celta,Sevilla,Away,7,2,4,H,0
21/12/12,1213,Celta,Ath Madrid,Away,0,0,1,H,0
21/12/2024,2425,Celta,Sociedad,Home,7,2,0,H,0
22/01/06,506,Celta,Malaga,Away,5,2,0,A,0
22/01/17,1617,Celta,Sociedad,Away,5,0,1,H,0
22/01/2022,2122,Celta,Sevilla,Away,4,2,2,D,0
22/02/14,1314,Celta,Getafe,Home,8,1,1,D,0
22/02/2020,1920,Celta,Leganes,Home,1,1,0,H,1
22/02/2026,2526,Celta,Mallorca,Home,7,2,0,H,0
22/03/06,506,Celta,Alaves,Away,2,0,1,H,0
22/03/2026,2526,Celta,Alaves,Home,5,3,4,A,0
22/04/06,506,Celta,Zaragoza,Home,7,4,0,H,0
22/04/07,607,Celta,Zaragoza,Away,3,0,2,H,0
22/04/13,1213,Celta,Zaragoza,Home,3,2,1,H,0
22/04/2021,2021,Celta,Sociedad,Away,3,1,2,H,0
22/04/2023,2223,Celta,Real Madrid,Away,2,0,2,H,0
22/04/2026,2526,Celta,Barcelona,Away,3,0,1,H,0
22/05/2021,2021,Celta,Betis,Home,4,2,3,A,0
22/08/16,1617,Celta,Leganes,Home,2,0,1,A,0
22/09/12,1213,Celta,Getafe,Home,6,2,1,H,0
22/09/13,1314,Celta,Villarreal,Home,1,0,0,D,0
22/09/2018,1819,Celta,Valladolid,Home,5,3,3,D,0
22/09/2024,2425,Celta,Ath Bilbao,Away,4,1,3,H,0
22/10/06,607,Celta,Ath Bilbao,Away,4,1,0,A,0
22/10/17,1718,Celta,Ath Madrid,Home,8,0,1,A,0
22/11/2025,2526,Celta,Alaves,Away,4,1,0,A,0
22/12/13,1314,Celta,Osasuna,Home,6,1,1,D,0
22/12/2018,1819,Celta,Barcelona,Away,1,0,2,H,0
22/12/2019,1920,Celta,Levante,Away,5,1,3,H,0
23/01/16,1516,Celta,Vallecano,Away,1,0,3,H,0
23/02/2019,1819,Celta,Alaves,Away,2,0,0,D,0
23/04/17,1617,Celta,Betis,Home,4,0,1,A,0
23/04/2025,2425,Celta,Villarreal,Home,9,3,0,H,0
23/05/15,1415,Celta,Espanol,Home,7,3,2,H,1
23/05/2023,2223,Celta,Girona,Home,7,1,1,D,0
23/05/2026,2526,Celta,Sevilla,Home,3,1,0,H,0
23/08/15,1516,Celta,Levante,Away,6,2,1,A,0
23/08/2021,2122,Celta,Osasuna,Away,0,0,0,D,0
23/08/2024,2425,Celta,Valencia,Home,5,3,1,H,0
23/08/2025,2526,Celta,Mallorca,Away,2,1,1,D,0
23/09/14,1415,Celta,La Coruna,Home,4,2,1,H,0
23/09/15,1516,Celta,Barcelona,Home,5,4,1,H,0
23/09/2023,2324,Celta,Barcelona,Away,7,2,3,H,0
23/10/05,506,Celta,Espanol,Home,5,1,0,H,0
23/10/16,1617,Celta,La Coruna,Home,7,4,1,H,0
23/11/13,1314,Celta,Sociedad,Away,5,3,4,H,1
23/11/14,1415,Celta,Vallecano,Away,4,0,1,H,0
23/11/2024,2425,Celta,Barcelona,Home,8,2,2,D,0
23/12/17,1718,Celta,La Coruna,Away,3,3,1,A,0
23/12/2020,2021,Celta,Getafe,Away,1,1,1,D,0
24/01/14,1314,Celta,Betis,Home,5,4,2,H,0
24/01/2021,2021,Celta,Eibar,Home,4,1,1,D,0
24/02/13,1213,Celta,Granada,Home,4,2,1,H,0
24/02/18,1718,Celta,Eibar,Home,3,2,0,H,0
24/04/2019,1819,Celta,Espanol,Away,6,1,1,D,0
24/05/2025,2425,Celta,Getafe,Away,8,2,1,A,0
24/06/2020,1920,Celta,Sociedad,Away,1,1,0,A,0
24/08/14,1415,Celta,Getafe,Home,8,3,1,H,0
24/08/2019,1920,Celta,Valencia,Home,6,1,0,H,0
24/09/06,607,Celta,Osasuna,Home,4,0,2,A,1
24/09/17,1718,Celta,Eibar,Away,6,4,0,A,0
24/10/14,1415,Celta,Levante,Home,4,3,0,H,0
24/10/15,1516,Celta,Real Madrid,Home,7,1,3,A,1
24/10/2022,2223,Celta,Getafe,Home,5,1,1,D,0
24/11/17,1718,Celta,Leganes,Home,7,1,0,H,0
24/11/2019,1920,Celta,Villarreal,Away,7,3,1,A,0
25/01/2026,2526,Celta,Sociedad,Away,4,1,3,H,0
25/02/07,607,Celta,Santander,Home,4,2,2,D,0
25/02/2024,2324,Celta,Cadiz,Away,3,2,2,D,0
25/04/16,1516,Celta,Granada,Home,4,2,1,H,0
25/04/2021,2021,Celta,Osasuna,Home,2,2,1,H,0
25/08/12,1213,Celta,Sociedad,Away,4,1,2,H,0
25/08/13,1314,Celta,Betis,Away,4,2,1,A,1
25/08/17,1718,Celta,Betis,Away,2,1,2,H,0
25/08/2023,2324,Celta,Real Madrid,Home,4,0,1,A,0
25/09/05,506,Celta,Sevilla,Home,5,2,1,H,0
25/09/16,1617,Celta,Espanol,Away,4,2,0,A,0
25/10/2021,2122,Celta,Getafe,Away,8,3,0,A,0
25/11/2023,2324,Celta,Valencia,Away,1,0,0,D,0
26/01/13,1213,Celta,Sociedad,Home,4,1,1,D,1
26/01/15,1415,Celta,Getafe,Away,2,1,2,H,0
26/01/2020,1920,Celta,Eibar,Home,5,0,0,D,0
26/02/06,506,Celta,Cadiz,Home,8,2,0,H,0
26/02/17,1617,Celta,Sp Gijon,Away,5,1,1,D,0
26/02/2022,2122,Celta,Ath Madrid,Away,2,0,2,H,0
26/02/2023,2223,Celta,Valladolid,Home,4,3,0,H,0
26/03/06,506,Celta,Mallorca,Home,6,2,0,H,0
26/03/14,1314,Celta,Barcelona,Away,6,0,3,H,0
26/04/15,1415,Celta,Real Madrid,Home,4,2,4,A,0
26/04/2023,2223,Celta,Elche,Home,9,1,0,H,0
26/04/2026,2526,Celta,Villarreal,Away,3,1,2,H,0
26/05/13,1213,Celta,Valladolid,Away,10,2,0,A,0
26/05/2024,2324,Celta,Valencia,Home,4,2,2,D,0
26/08/2022,2223,Celta,Girona,Away,6,1,0,A,0
26/08/2024,2425,Celta,Villarreal,Away,8,3,4,H,0
26/09/13,1314,Celta,Getafe,Away,2,0,2,H,0
26/09/14,1415,Celta,Elche,Away,4,1,0,A,0
26/09/15,1516,Celta,Eibar,Away,2,1,1,D,0
26/09/2018,1819,Celta,Valencia,Away,3,1,1,D,0
26/09/2019,1920,Celta,Espanol,Home,3,1,1,D,0
26/09/2024,2425,Celta,Ath Madrid,Home,4,0,1,A,0
26/10/05,506,Celta,Mallorca,Away,2,0,1,H,1
26/10/13,1314,Celta,Malaga,Away,9,5,0,A,0
26/10/2020,2021,Celta,Levante,Away,3,1,1,D,0
26/10/2025,2526,Celta,Osasuna,Away,5,3,2,A,0
26/11/05,506,Celta,Valencia,Away,3,0,2,H,0
26/11/06,607,Celta,Zaragoza,Home,4,1,1,D,1
26/11/12,1213,Celta,Zaragoza,Away,4,1,0,A,0
26/11/2018,1819,Celta,Sociedad,Away,2,1,2,H,0
27/01/2019,1819,Celta,Valladolid,Away,3,1,2,H,1
27/01/2025,2425,Celta,Alaves,Away,2,1,1,D,0
27/02/16,1516,Celta,Getafe,Away,3,1,0,A,0
27/02/18,1718,Celta,Girona,Away,2,0,1,H,0
27/04/13,1213,Celta,Levante,Away,4,1,0,A,0
27/04/17,1617,Celta,Sevilla,Away,1,1,2,H,1
27/04/2019,1819,Celta,Leganes,Away,2,0,0,D,0
27/04/2024,2324,Celta,Alaves,Away,0,0,3,H,0
27/05/07,607,Celta,Betis,Home,4,2,1,H,0
27/06/2020,1920,Celta,Barcelona,Home,6,2,2,D,0
27/08/16,1617,Celta,Real Madrid,Away,3,1,2,H,0
27/08/2018,1819,Celta,Levante,Away,9,2,1,A,0
27/08/2025,2526,Celta,Betis,Home,5,1,1,D,0
27/09/2020,2021,Celta,Valladolid,Away,1,1,1,D,0
27/09/2021,2122,Celta,Granada,Home,5,1,0,H,0
27/10/12,1213,Celta,La Coruna,Home,2,1,1,D,1
27/10/2018,1819,Celta,Eibar,Home,6,4,0,H,0
27/10/2019,1920,Celta,Sociedad,Home,1,0,1,A,1
27/10/2023,2324,Celta,Girona,Away,2,0,1,H,0
27/10/2024,2425,Celta,Leganes,Away,5,0,3,H,0
27/11/16,1617,Celta,Granada,Home,6,3,1,H,0
27/11/2021,2122,Celta,Alaves,Away,5,2,1,A,0
28/01/07,607,Celta,Barcelona,Away,2,1,3,H,1
28/01/17,1617,Celta,Leganes,Away,3,2,0,A,0
28/01/2024,2324,Celta,Girona,Home,5,0,1,A,0
28/02/2021,2021,Celta,Valladolid,Home,2,1,1,D,0
28/04/14,1314,Celta,Valladolid,Home,7,4,1,H,0
28/04/18,1718,Celta,Villarreal,Away,4,1,4,H,0
28/05/2023,2223,Celta,Cadiz,Away,4,0,1,H,0
28/08/05,506,Celta,Malaga,Home,5,2,0,H,0
28/08/06,607,Celta,Barcelona,Home,3,2,3,A,1
28/08/2021,2122,Celta,Ath Bilbao,Home,0,0,1,A,0
28/09/2023,2324,Celta,Alaves,Home,0,1,1,D,1
28/09/2025,2526,Celta,Elche,Away,2,1,2,H,0
28/10/2021,2122,Celta,Sociedad,Home,6,0,2,A,0
28/11/15,1516,Celta,Sp Gijon,Home,4,2,1,H,0
29/01/06,506,Celta,Real Madrid,Home,6,1,2,A,0
29/01/18,1718,Celta,Betis,Home,5,3,2,H,0
29/01/2023,2223,Celta,Ath Bilbao,Home,3,1,0,H,0
29/02/2020,1920,Celta,Granada,Away,2,0,0,D,0
29/03/14,1314,Celta,Sevilla,Home,4,1,0,H,0
29/04/06,506,Celta,La Coruna,Away,6,2,0,A,0
29/04/07,607,Celta,Mallorca,Home,7,0,3,A,0
29/04/15,1415,Celta,Malaga,Home,2,1,0,H,0
29/08/15,1516,Celta,Vallecano,Home,7,3,0,H,0
29/09/13,1314,Celta,Elche,Home,1,0,1,A,0
29/09/17,1718,Celta,Girona,Home,9,3,3,D,0
29/09/2019,1920,Celta,Eibar,Away,2,0,2,H,0
29/09/2024,2425,Celta,Girona,Home,2,1,1,D,0
29/10/05,506,Celta,Ath Bilbao,Away,4,1,1,D,0
29/10/06,607,Celta,Sevilla,Home,5,1,2,A,0
29/10/13,1314,Celta,Barcelona,Home,4,0,3,A,0
29/10/17,1718,Celta,Malaga,Away,2,1,2,H,0
29/10/2022,2223,Celta,Almeria,Away,3,1,3,H,1
29/11/14,1415,Celta,Eibar,Home,9,0,1,A,0
29/11/2019,1920,Celta,Valladolid,Home,5,0,0,D,0
29/11/2020,2021,Celta,Granada,Home,8,3,1,H,1
30/03/13,1213,Celta,Barcelona,Home,3,2,2,D,0
30/03/2019,1819,Celta,Villarreal,Home,6,3,2,H,0
30/04/17,1617,Celta,Ath Bilbao,Home,0,0,3,A,0
30/04/2021,2021,Celta,Levante,Home,5,2,0,H,0
30/04/2023,2223,Celta,Villarreal,Away,5,1,3,H,0
30/06/2020,1920,Celta,Mallorca,Away,8,1,5,H,0
30/08/14,1415,Celta,Cordoba,Away,4,1,1,D,0
30/08/2019,1920,Celta,Sevilla,Away,1,1,1,D,0
30/09/12,1213,Celta,Granada,Away,9,1,2,H,0
30/10/16,1617,Celta,Las Palmas,Away,6,3,3,D,1
30/10/2019,1920,Celta,Betis,Away,5,1,2,H,0
30/11/13,1314,Celta,Almeria,Home,6,3,1,H,0
30/11/2024,2425,Celta,Espanol,Away,2,1,3,H,0
30/11/2025,2526,Celta,Espanol,Home,4,0,1,A,0
30/12/15,1516,Celta,Ath Bilbao,Home,3,0,1,A,0
30/12/2020,2021,Celta,Huesca,Home,6,2,1,H,0
30/12/2022,2223,Celta,Sevilla,Home,5,1,1,D,0
31/01/14,1314,Celta,Granada,Away,3,2,1,A,0
31/01/15,1415,Celta,Cordoba,Home,9,1,0,H,0
31/01/16,1516,Celta,Las Palmas,Away,2,1,2,H,1
31/01/2021,2021,Celta,Granada,Away,1,0,0,D,0
31/03/18,1718,Celta,Ath Bilbao,Away,3,1,1,D,0
31/03/2024,2324,Celta,Vallecano,Home,0,0,0,D,0
31/03/2025,2425,Celta,Las Palmas,Home,7,1,1,D,0
31/08/13,1314,Celta,Granada,Home,4,1,1,D,0
31/08/2025,2526,Celta,Villarreal,Home,2,1,1,D,0
31/10/15,1516,Celta,Sociedad,Away,8,3,2,A,0
01/11/14,1415,Cordoba,Ath Madrid,Away,4,2,4,H,0
02/05/15,1415,Cordoba,Barcelona,Home,1,0,8,A,0
03/10/14,1415,Cordoba,Getafe,Away,3,1,1,D,0
04/04/15,1415,Cordoba,Ath Madrid,Home,2,0,2,A,0
05/01/15,1415,Cordoba,Granada,Home,3,2,0,H,0
06/12/14,1415,Cordoba,Ath Bilbao,Away,3,1,0,A,0
07/11/14,1415,Cordoba,La Coruna,Home,6,0,0,D,0
08/02/15,1415,Cordoba,Almeria,Home,7,1,2,A,0
08/04/15,1415,Cordoba,La Coruna,Away,7,1,1,D,0
09/03/15,1415,Cordoba,Getafe,Home,4,1,2,A,0
09/05/15,1415,Cordoba,Granada,Away,1,0,2,H,2
12/01/15,1415,Cordoba,Vallecano,Away,3,1,0,A,0
12/04/15,1415,Cordoba,Elche,Home,2,0,2,A,1
12/09/14,1415,Cordoba,Almeria,Away,4,1,1,D,0
13/12/14,1415,Cordoba,Levante,Home,4,0,0,D,0
14/02/15,1415,Cordoba,Sevilla,Away,3,0,3,H,1
15/03/15,1415,Cordoba,Malaga,Away,2,0,2,H,0
16/01/15,1415,Cordoba,Eibar,Home,5,1,1,D,1
17/05/15,1415,Cordoba,Vallecano,Home,2,1,2,A,0
18/10/14,1415,Cordoba,Malaga,Home,2,1,2,A,0
19/04/15,1415,Cordoba,Villarreal,Away,4,0,0,D,0
20/12/14,1415,Cordoba,Barcelona,Away,2,0,5,H,0
21/02/15,1415,Cordoba,Valencia,Home,4,1,2,A,0
21/09/14,1415,Cordoba,Sevilla,Home,3,1,3,A,0
22/03/15,1415,Cordoba,Sociedad,Away,6,1,3,H,3
23/05/15,1415,Cordoba,Eibar,Away,5,0,3,H,0
23/11/14,1415,Cordoba,Elche,Away,3,2,2,D,0
24/01/15,1415,Cordoba,Real Madrid,Home,4,1,2,A,1
24/04/15,1415,Cordoba,Ath Bilbao,Home,2,0,1,A,0
25/08/14,1415,Cordoba,Real Madrid,Away,2,0,2,H,0
25/09/14,1415,Cordoba,Valencia,Away,1,0,3,H,0
25/10/14,1415,Cordoba,Sociedad,Home,3,1,1,D,0
27/02/15,1415,Cordoba,Espanol,Away,4,0,1,H,0
28/04/15,1415,Cordoba,Levante,Away,1,0,1,H,0
28/09/14,1415,Cordoba,Espanol,Home,4,0,0,D,0
30/08/14,1415,Cordoba,Celta,Home,1,1,1,D,0
30/11/14,1415,Cordoba,Villarreal,Home,2,0,2,A,0
31/01/15,1415,Cordoba,Celta,Away,3,0,1,H,0
01/03/15,1415,Eibar,Ath Bilbao,Home,2,0,1,A,0
01/04/17,1617,Eibar,Villarreal,Away,4,3,2,A,0
01/04/18,1718,Eibar,Sociedad,Home,3,0,0,D,0
01/05/2021,2021,Eibar,Alaves,Home,4,3,0,H,0
01/09/2019,1920,Eibar,Ath Madrid,Away,2,2,3,H,0
01/10/17,1718,Eibar,Villarreal,Away,1,0,3,H,0
01/11/15,1516,Eibar,Vallecano,Home,1,1,0,H,0
02/02/2020,1920,Eibar,Betis,Home,3,1,1,D,0
02/03/16,1516,Eibar,Sevilla,Away,6,0,1,H,1
02/07/2020,1920,Eibar,Osasuna,Home,4,0,2,A,0
02/10/16,1617,Eibar,Real Madrid,Away,4,1,1,D,0
03/01/16,1516,Eibar,Betis,Away,5,4,0,A,0
03/01/2021,2021,Eibar,Granada,Home,7,2,0,H,0
03/02/18,1718,Eibar,Sevilla,Home,7,5,1,H,0
03/02/2019,1819,Eibar,Girona,Home,5,3,0,H,0
03/03/18,1718,Eibar,La Coruna,Away,3,1,1,D,0
03/03/2019,1819,Eibar,Celta,Home,4,1,0,H,0
03/04/15,1415,Eibar,Vallecano,Home,4,1,2,A,1
03/04/16,1516,Eibar,Villarreal,Home,3,1,2,A,0
03/04/2019,1819,Eibar,Vallecano,Home,6,2,1,H,0
03/04/2021,2021,Eibar,Real Madrid,Away,4,0,2,H,0
03/05/15,1415,Eibar,Valencia,Away,1,1,3,H,0
03/10/15,1516,Eibar,Las Palmas,Away,4,2,0,A,0
03/10/2020,2021,Eibar,Valladolid,Away,5,2,1,A,1
03/11/14,1415,Eibar,Vallecano,Away,5,3,2,A,0
03/11/2019,1920,Eibar,Leganes,Away,4,2,1,A,0
03/12/17,1718,Eibar,Espanol,Home,5,3,1,H,0
04/01/15,1415,Eibar,Espanol,Away,6,2,1,A,0
04/01/2020,1920,Eibar,Valencia,Away,3,0,1,H,1
04/02/17,1617,Eibar,Valencia,Away,7,4,0,A,0
04/03/17,1617,Eibar,Real Madrid,Home,2,1,4,A,0
04/10/14,1415,Eibar,Levante,Home,6,3,3,D,0
04/10/2019,1920,Eibar,Betis,Away,2,1,1,D,1
04/11/2018,1819,Eibar,Alaves,Home,8,2,1,H,1
04/12/16,1617,Eibar,Ath Bilbao,Away,4,1,3,H,0
05/05/18,1718,Eibar,Girona,Away,6,4,1,A,0
05/05/2019,1819,Eibar,Betis,Home,6,1,0,H,0
05/11/16,1617,Eibar,Las Palmas,Away,5,0,1,H,0
05/11/17,1718,Eibar,Sociedad,Away,5,1,3,H,0
06/01/18,1718,Eibar,Las Palmas,Away,5,2,1,A,0
06/01/2019,1819,Eibar,Villarreal,Home,6,0,0,D,0
06/02/15,1415,Eibar,La Coruna,Away,2,0,2,H,0
06/02/16,1516,Eibar,Ath Madrid,Away,2,1,3,H,0
06/03/15,1415,Eibar,Levante,Away,3,1,2,H,1
06/03/16,1516,Eibar,Barcelona,Home,0,0,4,A,0
06/03/2021,2021,Eibar,Cadiz,Away,1,0,1,H,0
06/04/17,1617,Eibar,Las Palmas,Home,6,3,1,H,0
06/04/2019,1819,Eibar,Real Madrid,Away,1,1,2,H,0
06/05/17,1617,Eibar,Ath Madrid,Away,3,0,1,H,0
06/07/2020,1920,Eibar,Sevilla,Away,3,0,1,H,0
06/10/2018,1819,Eibar,Girona,Away,4,3,2,A,0
06/12/15,1516,Eibar,Sociedad,Away,1,1,2,H,0
07/01/17,1617,Eibar,Ath Madrid,Home,2,0,2,A,0
07/02/2020,1920,Eibar,Alaves,Away,1,1,2,H,0
07/02/2021,2021,Eibar,Osasuna,Away,3,1,2,H,0
07/03/2020,1920,Eibar,Mallorca,Home,2,1,2,A,0
07/04/15,1415,Eibar,Malaga,Home,5,1,0,H,0
07/04/18,1718,Eibar,Betis,Away,2,0,2,H,0
07/11/15,1516,Eibar,Getafe,Home,7,3,1,H,0
07/11/2020,2021,Eibar,Huesca,Away,3,1,1,D,0
07/12/2020,2021,Eibar,Valencia,Home,3,0,0,D,0
08/05/15,1415,Eibar,Espanol,Home,4,0,2,A,0
08/05/16,1516,Eibar,Betis,Home,10,1,1,D,0
08/11/14,1415,Eibar,Malaga,Away,3,1,2,H,1
08/12/14,1415,Eibar,Almeria,Home,8,5,2,H,0
08/12/2019,1920,Eibar,Getafe,Home,3,0,1,A,1
09/03/2019,1819,Eibar,Alaves,Away,3,1,1,D,0
09/04/16,1516,Eibar,Real Madrid,Away,2,0,4,H,0
09/04/17,1617,Eibar,Celta,Away,6,2,0,A,0
09/05/2021,2021,Eibar,Getafe,Away,3,1,0,A,0
09/07/2020,1920,Eibar,Leganes,Home,1,0,0,D,0
09/09/17,1718,Eibar,Sevilla,Away,2,0,3,H,0
09/11/2019,1920,Eibar,Real Madrid,Home,1,0,4,A,0
09/12/17,1718,Eibar,Getafe,Away,2,0,0,D,0
09/12/2018,1819,Eibar,Levante,Home,7,4,4,D,0
10/01/15,1415,Eibar,Getafe,Home,5,2,1,H,0
10/01/16,1516,Eibar,Espanol,Home,6,2,1,H,0
10/01/2021,2021,Eibar,Levante,Away,4,1,2,H,0
10/02/18,1718,Eibar,Leganes,Away,6,1,0,A,0
10/02/2019,1819,Eibar,Sevilla,Away,4,2,2,D,0
10/03/18,1718,Eibar,Real Madrid,Home,3,1,2,A,0
10/03/2020,1920,Eibar,Sociedad,Home,4,1,2,A,0
10/04/2021,2021,Eibar,Levante,Home,4,0,1,A,0
10/11/2018,1819,Eibar,Valladolid,Away,6,0,0,D,1
11/04/15,1415,Eibar,Real Madrid,Away,2,0,3,H,0
11/09/16,1617,Eibar,Granada,Away,8,2,1,A,1
11/12/16,1617,Eibar,Alaves,Home,1,0,0,D,0
12/03/16,1516,Eibar,Vallecano,Away,1,1,1,D,1
12/05/18,1718,Eibar,Las Palmas,Home,5,1,0,H,0
12/05/2019,1819,Eibar,Villarreal,Away,0,0,1,H,0
12/07/2020,1920,Eibar,Espanol,Away,6,2,0,A,0
12/09/2020,2021,Eibar,Celta,Home,1,0,0,D,1
13/01/18,1718,Eibar,Ath Madrid,Home,4,0,1,A,0
13/01/2019,1819,Eibar,Barcelona,Away,2,0,3,H,0
13/02/17,1617,Eibar,Granada,Home,9,4,0,H,0
13/02/2021,2021,Eibar,Valladolid,Home,2,1,1,D,0
13/03/17,1617,Eibar,Osasuna,Away,7,1,1,D,0
13/05/2021,2021,Eibar,Betis,Home,4,1,1,D,0
13/09/15,1516,Eibar,Malaga,Away,0,0,0,D,0
13/12/15,1516,Eibar,Valencia,Home,5,1,1,D,1
13/12/2020,2021,Eibar,Sociedad,Away,4,1,1,D,0
14/02/16,1516,Eibar,Levante,Home,6,2,0,H,0
14/03/15,1415,Eibar,Barcelona,Home,2,0,2,A,0
14/03/2021,2021,Eibar,Villarreal,Home,7,1,3,A,0
14/04/2019,1819,Eibar,Sociedad,Away,2,1,1,D,0
14/05/17,1617,Eibar,Sp Gijon,Home,2,0,1,A,0
14/06/2020,1920,Eibar,Real Madrid,Away,5,1,3,H,0
14/12/14,1415,Eibar,Sevilla,Away,2,0,0,D,0
14/12/2019,1920,Eibar,Ath Bilbao,Away,2,0,0,D,0
15/01/17,1617,Eibar,Sp Gijon,Away,7,3,2,A,0
15/02/2019,1819,Eibar,Getafe,Home,6,2,2,D,0
15/04/18,1718,Eibar,Alaves,Home,4,0,1,A,0
15/05/16,1516,Eibar,Espanol,Away,8,2,4,H,0
15/09/14,1415,Eibar,La Coruna,Home,2,0,1,A,0
15/09/17,1718,Eibar,Leganes,Home,4,1,0,H,0
15/09/2018,1819,Eibar,Ath Madrid,Away,3,1,1,D,0
15/09/2019,1920,Eibar,Espanol,Home,1,1,2,A,0
15/10/17,1718,Eibar,La Coruna,Home,6,0,0,D,0
15/12/2018,1819,Eibar,Valencia,Home,6,1,1,D,0
16/01/15,1415,Eibar,Cordoba,Away,1,1,1,D,1
16/02/15,1415,Eibar,Elche,Home,7,0,1,A,1
16/03/18,1718,Eibar,Levante,Away,4,1,2,H,0
16/04/16,1516,Eibar,Sociedad,Home,4,2,1,H,0
16/04/17,1617,Eibar,Betis,Away,3,0,2,H,0
16/05/2021,2021,Eibar,Valencia,Away,8,1,4,H,0
16/07/2020,1920,Eibar,Valladolid,Home,7,3,1,H,0
16/12/17,1718,Eibar,Valencia,Home,3,2,1,H,0
17/02/18,1718,Eibar,Barcelona,Home,3,0,2,A,1
17/03/2019,1819,Eibar,Valladolid,Home,3,1,2,A,0
17/05/15,1415,Eibar,Getafe,Away,1,1,1,D,0
17/06/2020,1920,Eibar,Ath Bilbao,Home,6,2,2,D,0
17/08/2019,1920,Eibar,Mallorca,Away,5,1,2,H,0
17/09/16,1617,Eibar,Sevilla,Home,2,1,1,D,2
17/10/15,1516,Eibar,Sevilla,Home,4,1,1,D,0
17/10/16,1617,Eibar,Osasuna,Home,5,2,3,A,0
18/01/16,1516,Eibar,Granada,Home,7,5,1,H,0
18/01/2020,1920,Eibar,Ath Madrid,Home,4,2,0,H,0
18/02/17,1617,Eibar,Sevilla,Away,3,0,2,H,0
18/03/16,1516,Eibar,Getafe,Away,6,1,1,D,0
18/03/17,1617,Eibar,Espanol,Home,4,1,1,D,0
18/04/18,1718,Eibar,Espanol,Away,1,1,0,A,0
18/04/2021,2021,Eibar,Ath Madrid,Away,0,0,5,H,0
18/10/14,1415,Eibar,Barcelona,Away,2,0,3,H,0
18/10/2020,2021,Eibar,Osasuna,Home,6,0,0,D,0
18/12/16,1617,Eibar,Leganes,Away,4,1,1,D,0
19/04/15,1415,Eibar,Celta,Home,3,0,1,A,0
19/05/2019,1819,Eibar,Barcelona,Home,8,2,2,D,0
19/07/2020,1920,Eibar,Villarreal,Away,3,0,4,H,0
19/08/16,1617,Eibar,La Coruna,Away,6,1,2,H,0
19/08/2018,1819,Eibar,Huesca,Home,6,1,2,A,0
19/09/14,1415,Eibar,Elche,Away,4,2,0,A,0
19/09/15,1516,Eibar,Ath Madrid,Home,3,0,2,A,0
19/09/17,1718,Eibar,Barcelona,Away,4,1,6,H,0
19/09/2020,2021,Eibar,Villarreal,Away,4,1,2,H,0
19/10/2019,1920,Eibar,Barcelona,Home,0,0,3,A,0
19/11/16,1617,Eibar,Celta,Home,5,1,0,H,0
19/12/15,1516,Eibar,La Coruna,Away,1,0,2,H,0
20/02/16,1516,Eibar,Celta,Away,3,2,3,H,0
20/02/2021,2021,Eibar,Elche,Away,3,0,1,H,0
20/03/2021,2021,Eibar,Ath Bilbao,Away,2,1,1,D,0
20/04/16,1516,Eibar,Valencia,Away,2,0,4,H,0
20/04/2019,1819,Eibar,Ath Madrid,Home,2,0,1,A,0
20/05/18,1718,Eibar,Ath Madrid,Away,3,2,2,D,0
20/06/2020,1920,Eibar,Getafe,Away,2,1,1,D,0
20/09/16,1617,Eibar,Malaga,Away,3,1,2,H,0
20/11/17,1718,Eibar,Betis,Home,7,5,0,H,0
20/12/14,1415,Eibar,Valencia,Home,2,0,1,A,0
20/12/2019,1920,Eibar,Granada,Home,7,3,0,H,0
20/12/2020,2021,Eibar,Real Madrid,Home,3,1,3,A,0
21/01/2019,1819,Eibar,Espanol,Home,9,3,0,H,0
21/01/2021,2021,Eibar,Ath Madrid,Home,2,1,2,A,0
21/03/15,1415,Eibar,Granada,Away,1,0,0,D,0
21/04/18,1718,Eibar,Getafe,Home,2,0,1,A,0
21/05/17,1617,Eibar,Barcelona,Away,4,2,4,H,1
21/08/17,1718,Eibar,Malaga,Away,6,1,0,A,0
21/09/2019,1920,Eibar,Levante,Away,4,0,0,D,0
21/10/2018,1819,Eibar,Ath Bilbao,Home,6,1,1,D,0
21/12/17,1718,Eibar,Girona,Home,6,4,1,H,0
22/01/17,1617,Eibar,Barcelona,Home,6,0,4,A,0
22/01/18,1718,Eibar,Malaga,Home,4,1,1,D,0
22/02/15,1415,Eibar,Villarreal,Away,1,0,1,H,0
22/02/2020,1920,Eibar,Barcelona,Away,5,0,5,H,0
22/04/2021,2021,Eibar,Granada,Away,3,1,4,H,0
22/05/2021,2021,Eibar,Barcelona,Home,3,0,1,A,0
22/09/2018,1819,Eibar,Leganes,Home,3,1,0,H,0
22/10/16,1617,Eibar,Espanol,Away,3,3,3,D,0
22/10/17,1718,Eibar,Real Madrid,Away,2,0,3,H,0
22/11/14,1415,Eibar,Real Madrid,Home,2,0,4,A,0
22/11/15,1516,Eibar,Villarreal,Away,7,1,1,D,1
22/11/2020,2021,Eibar,Getafe,Home,5,0,0,D,1
22/12/2018,1819,Eibar,Betis,Away,4,1,1,D,0
23/02/2019,1819,Eibar,Ath Bilbao,Away,2,0,1,H,0
23/04/16,1516,Eibar,La Coruna,Home,2,1,1,D,0
23/04/2019,1819,Eibar,Huesca,Away,4,0,2,H,0
23/05/15,1415,Eibar,Cordoba,Home,6,3,0,H,0
23/09/15,1516,Eibar,Levante,Away,4,2,2,D,0
23/12/2020,2021,Eibar,Alaves,Away,4,1,2,H,0
24/01/15,1415,Eibar,Sociedad,Away,4,0,1,H,0
24/01/16,1516,Eibar,Ath Bilbao,Away,2,2,5,H,0
24/01/2021,2021,Eibar,Celta,Away,2,1,1,D,0
24/02/18,1718,Eibar,Celta,Away,2,0,2,H,0
24/04/17,1617,Eibar,Ath Bilbao,Home,2,0,1,A,1
24/08/14,1415,Eibar,Sociedad,Home,5,1,0,H,0
24/08/15,1516,Eibar,Granada,Away,4,3,1,A,0
24/08/2018,1819,Eibar,Getafe,Away,0,0,2,H,0
24/08/2019,1920,Eibar,Osasuna,Away,0,0,0,D,0
24/09/14,1415,Eibar,Villarreal,Home,3,1,1,D,0
24/09/16,1617,Eibar,Sociedad,Home,3,2,0,H,0
24/09/17,1718,Eibar,Celta,Home,0,0,4,A,0
24/10/2020,2021,Eibar,Sevilla,Away,1,1,0,A,0
24/11/2018,1819,Eibar,Real Madrid,Home,8,3,0,H,0
24/11/2019,1920,Eibar,Alaves,Home,7,0,2,A,0
25/02/17,1617,Eibar,Malaga,Home,4,3,0,H,0
25/06/2020,1920,Eibar,Valencia,Home,5,1,0,H,0
25/09/2018,1819,Eibar,Espanol,Away,1,0,1,H,0
25/10/14,1415,Eibar,Granada,Home,3,1,1,D,0
25/10/15,1516,Eibar,Barcelona,Away,5,1,3,H,0
25/11/16,1617,Eibar,Betis,Home,9,3,1,H,0
25/11/17,1718,Eibar,Alaves,Away,6,2,1,A,1
26/01/18,1718,Eibar,Ath Bilbao,Away,2,1,1,D,0
26/01/2019,1819,Eibar,Leganes,Away,2,2,2,D,0
26/01/2020,1920,Eibar,Celta,Away,3,0,0,D,0
26/02/16,1516,Eibar,Las Palmas,Home,4,0,1,A,0
26/04/15,1415,Eibar,Almeria,Away,5,0,2,H,0
26/04/2021,2021,Eibar,Sociedad,Home,5,0,1,A,0
26/09/15,1516,Eibar,Celta,Home,3,1,1,D,0
26/09/2019,1920,Eibar,Sevilla,Home,4,3,2,H,0
26/10/2019,1920,Eibar,Valladolid,Away,3,0,2,H,0
27/02/2021,2021,Eibar,Huesca,Home,3,1,1,D,0
27/04/17,1617,Eibar,Alaves,Away,4,0,0,D,1
27/08/16,1617,Eibar,Valencia,Home,6,1,0,H,0
27/08/17,1718,Eibar,Ath Bilbao,Home,5,0,1,A,1
27/09/14,1415,Eibar,Ath Bilbao,Away,2,0,0,D,0
27/09/2020,2021,Eibar,Ath Bilbao,Home,1,1,2,A,0
27/10/2018,1819,Eibar,Celta,Away,5,0,4,H,0
28/01/17,1617,Eibar,La Coruna,Home,6,3,1,H,0
28/02/17,1617,Eibar,Sociedad,Away,4,2,2,D,1
28/02/18,1718,Eibar,Villarreal,Home,1,1,0,H,0
28/04/2019,1819,Eibar,Valencia,Away,3,1,0,A,0
28/06/2020,1920,Eibar,Granada,Away,6,2,1,A,0
29/02/2020,1920,Eibar,Levante,Home,9,3,0,H,0
29/04/15,1415,Eibar,Sevilla,Home,3,1,3,A,0
29/04/16,1516,Eibar,Sp Gijon,Away,6,0,2,H,0
29/04/18,1718,Eibar,Valencia,Away,2,0,0,D,0
29/09/2018,1819,Eibar,Sevilla,Home,2,1,3,A,0
29/09/2019,1920,Eibar,Celta,Home,3,2,0,H,0
29/10/17,1718,Eibar,Levante,Home,6,2,2,D,0
29/11/14,1415,Eibar,Celta,Away,2,1,0,A,0
29/11/15,1516,Eibar,Real Madrid,Home,3,0,2,A,0
29/12/2020,2021,Eibar,Barcelona,Away,3,1,1,D,0
30/01/16,1516,Eibar,Malaga,Home,3,1,2,A,0
30/01/2021,2021,Eibar,Sevilla,Home,6,0,2,A,0
30/04/17,1617,Eibar,Leganes,Home,5,2,0,H,0
30/08/14,1415,Eibar,Ath Madrid,Away,2,1,2,H,0
30/08/15,1516,Eibar,Ath Bilbao,Home,8,2,0,H,0
30/09/2020,2021,Eibar,Elche,Home,4,0,1,A,0
30/10/16,1617,Eibar,Villarreal,Home,9,2,1,H,0
30/10/2020,2021,Eibar,Cadiz,Home,3,0,2,A,0
30/11/2018,1819,Eibar,Vallecano,Away,5,0,1,H,0
30/11/2019,1920,Eibar,Sociedad,Away,4,1,4,H,0
30/11/2020,2021,Eibar,Betis,Away,6,2,0,A,0
30/12/15,1516,Eibar,Sp Gijon,Home,5,2,0,H,0
31/01/15,1415,Eibar,Ath Madrid,Home,3,1,3,A,0
31/03/2019,1819,Eibar,Levante,Away,3,2,2,D,0
31/08/2018,1819,Eibar,Sociedad,Home,2,2,1,H,0
31/10/2019,1920,Eibar,Villarreal,Home,8,2,1,H,0
01/03/14,1314,Elche,Celta,Home,1,1,0,H,0
01/03/2026,2526,Elche,Espanol,Home,9,2,2,D,0
01/04/2023,2223,Elche,Barcelona,Home,2,0,4,A,0
01/05/2021,2021,Elche,Ath Madrid,Home,1,0,1,A,0
01/05/2022,2122,Elche,Osasuna,Home,4,1,1,D,0
01/11/2020,2021,Elche,Betis,Away,2,1,3,H,0
02/01/2022,2122,Elche,Granada,Home,2,0,0,D,1
02/02/14,1314,Elche,Almeria,Home,5,1,0,H,1
02/03/15,1415,Elche,Celta,Away,1,1,1,D,0
02/05/2023,2223,Elche,Almeria,Away,1,1,2,H,0
02/11/14,1415,Elche,Espanol,Home,5,2,1,H,2
02/11/2025,2526,Elche,Barcelona,Away,3,1,3,H,0
03/01/15,1415,Elche,Villarreal,Home,8,2,2,D,0
03/01/2021,2021,Elche,Ath Bilbao,Away,2,0,1,H,0
03/01/2026,2526,Elche,Villarreal,Home,2,1,3,A,0
03/04/2022,2122,Elche,Ath Bilbao,Away,2,1,2,H,0
03/04/2026,2526,Elche,Vallecano,Away,4,0,1,H,1
03/05/14,1314,Elche,Malaga,Away,3,1,0,A,2
03/05/15,1415,Elche,Malaga,Away,3,2,1,A,1
03/05/2026,2526,Elche,Celta,Away,4,1,3,H,0
03/10/2020,2021,Elche,Huesca,Home,0,0,0,D,0
03/10/2021,2122,Elche,Celta,Home,5,1,0,H,0
03/10/2022,2223,Elche,Vallecano,Away,2,1,2,H,0
04/02/2023,2223,Elche,Villarreal,Home,7,3,1,H,0
04/03/2023,2223,Elche,Mallorca,Away,6,1,0,A,0
04/04/2021,2021,Elche,Betis,Home,3,1,1,D,0
04/06/2023,2223,Elche,Cadiz,Home,5,1,1,D,0
04/09/2022,2223,Elche,Villarreal,Away,0,0,4,H,0
04/10/14,1415,Elche,Almeria,Away,3,2,2,D,1
04/11/13,1314,Elche,Villarreal,Home,0,0,1,A,0
05/01/14,1314,Elche,Barcelona,Away,0,0,4,H,0
05/02/2022,2122,Elche,Alaves,Home,4,3,1,H,0
05/10/13,1314,Elche,Espanol,Home,6,2,1,H,0
05/10/2025,2526,Elche,Alaves,Away,3,1,3,H,1
05/11/2022,2223,Elche,Valladolid,Away,2,1,2,H,0
05/12/2021,2122,Elche,Cadiz,Home,3,3,1,H,0
06/01/2023,2223,Elche,Celta,Home,5,0,1,A,1
06/02/2021,2021,Elche,Villarreal,Home,2,2,2,D,0
06/03/2021,2021,Elche,Sevilla,Home,3,2,1,H,0
06/03/2022,2122,Elche,Barcelona,Home,3,1,2,A,1
06/04/14,1314,Elche,Getafe,Home,3,1,0,H,0
06/04/15,1415,Elche,Espanol,Away,2,1,1,D,0
06/11/2020,2021,Elche,Celta,Home,1,1,1,D,0
06/12/14,1415,Elche,Ath Madrid,Home,1,0,2,A,0
06/12/2020,2021,Elche,Villarreal,Away,0,0,0,D,0
07/02/2026,2526,Elche,Sociedad,Away,5,1,3,H,0
07/03/15,1415,Elche,Almeria,Home,4,1,0,H,0
07/05/2021,2021,Elche,Sociedad,Away,0,0,2,H,1
07/05/2022,2122,Elche,Cadiz,Away,2,0,3,H,1
07/11/2021,2122,Elche,Mallorca,Away,2,2,2,D,0
07/11/2025,2526,Elche,Sociedad,Home,3,1,1,D,0
07/12/2025,2526,Elche,Girona,Home,6,3,0,H,0
08/03/2026,2526,Elche,Villarreal,Away,6,1,2,H,0
08/04/2023,2223,Elche,Osasuna,Away,1,1,2,H,0
08/11/14,1415,Elche,Getafe,Away,5,0,0,D,0
08/11/2022,2223,Elche,Girona,Home,2,1,2,A,0
09/02/14,1314,Elche,Valladolid,Away,4,2,2,D,0
09/02/15,1415,Elche,Vallecano,Home,5,2,0,H,0
09/03/14,1314,Elche,Espanol,Away,3,1,3,H,0
09/04/15,1415,Elche,Getafe,Home,2,0,1,A,0
09/04/2021,2021,Elche,Huesca,Away,2,1,3,H,0
09/05/2026,2526,Elche,Alaves,Home,5,1,1,D,0
09/11/13,1314,Elche,Getafe,Away,5,1,1,D,0
10/01/2022,2122,Elche,Espanol,Away,2,2,1,A,0
10/01/2026,2526,Elche,Valencia,Away,1,1,1,D,0
10/04/2022,2122,Elche,Sociedad,Home,1,1,2,A,0
10/05/15,1415,Elche,Villarreal,Away,2,0,1,H,0
10/10/2022,2223,Elche,Mallorca,Home,2,1,1,D,1
11/01/14,1314,Elche,Sevilla,Home,3,1,1,D,0
11/01/15,1415,Elche,Ath Bilbao,Away,5,2,1,A,0
11/01/2021,2021,Elche,Getafe,Home,4,1,3,A,1
11/02/2022,2122,Elche,Sevilla,Away,1,0,2,H,0
11/03/2023,2223,Elche,Valladolid,Home,10,1,1,D,0
11/04/2026,2526,Elche,Valencia,Home,2,1,0,H,0
11/05/14,1314,Elche,Barcelona,Home,0,0,0,D,0
11/05/2021,2021,Elche,Alaves,Home,4,0,2,A,0
11/05/2022,2122,Elche,Ath Madrid,Home,0,0,2,A,0
11/09/2022,2223,Elche,Ath Bilbao,Home,2,1,4,A,0
11/12/2021,2122,Elche,Valencia,Away,4,1,2,H,0
12/02/2021,2021,Elche,Celta,Away,2,1,3,H,0
12/03/2022,2122,Elche,Granada,Away,2,1,0,A,0
12/04/15,1415,Elche,Cordoba,Away,3,2,0,A,0
12/05/2026,2526,Elche,Betis,Away,2,1,2,H,1
12/09/2025,2526,Elche,Sevilla,Away,2,2,2,D,0
13/02/2026,2526,Elche,Osasuna,Home,5,0,0,D,0
13/03/2021,2021,Elche,Real Madrid,Away,2,1,2,H,0
13/04/14,1314,Elche,Valencia,Away,5,1,2,H,0
13/09/2021,2122,Elche,Getafe,Away,3,1,0,A,0
13/12/13,1314,Elche,Levante,Away,2,1,2,H,0
13/12/2020,2021,Elche,Granada,Home,1,0,1,A,0
13/12/2025,2526,Elche,Mallorca,Away,0,1,3,H,0
14/02/14,1314,Elche,Osasuna,Home,2,0,0,D,0
14/03/2026,2526,Elche,Real Madrid,Away,1,1,4,H,0
14/05/2023,2223,Elche,Ath Madrid,Home,4,1,0,H,0
14/09/14,1415,Elche,Vallecano,Away,5,3,2,A,0
15/02/2023,2223,Elche,Real Madrid,Away,0,0,4,H,0
15/03/15,1415,Elche,Sevilla,Away,3,0,3,H,0
15/05/2022,2122,Elche,Celta,Away,1,0,1,H,0
15/08/2022,2223,Elche,Betis,Away,2,0,3,H,1
15/10/2022,2223,Elche,Valencia,Away,6,2,2,D,0
15/12/14,1415,Elche,La Coruna,Away,4,0,1,H,0
16/01/2022,2122,Elche,Villarreal,Home,2,1,0,H,0
16/01/2023,2223,Elche,Cadiz,Away,5,1,1,D,0
16/02/15,1415,Elche,Eibar,Away,2,1,0,A,0
16/03/14,1314,Elche,Betis,Home,1,0,0,D,0
16/04/2022,2122,Elche,Mallorca,Home,2,3,0,H,0
16/04/2023,2223,Elche,Girona,Away,5,0,2,H,1
16/05/2021,2021,Elche,Cadiz,Away,5,3,1,A,0
16/08/2021,2122,Elche,Ath Bilbao,Home,2,0,0,D,0
16/09/13,1314,Elche,Valladolid,Home,5,0,0,D,0
17/03/2021,2021,Elche,Sevilla,Away,5,0,2,H,0
17/05/15,1415,Elche,Ath Bilbao,Home,3,2,3,A,0
17/05/2026,2526,Elche,Getafe,Home,3,1,0,H,0
17/09/2022,2223,Elche,Barcelona,Away,1,0,3,H,1
17/10/2021,2122,Elche,Vallecano,Away,3,1,2,H,0
18/01/14,1314,Elche,Vallecano,Home,10,2,0,H,0
18/01/15,1415,Elche,Levante,Home,6,1,0,H,0
18/02/2022,2122,Elche,Vallecano,Home,5,2,1,H,0
18/04/14,1314,Elche,Ath Madrid,Away,3,0,2,H,1
18/04/2021,2021,Elche,Osasuna,Away,2,0,2,H,0
18/05/14,1314,Elche,Sevilla,Away,4,1,3,H,0
18/08/2025,2526,Elche,Betis,Home,2,1,1,D,0
18/09/2021,2122,Elche,Levante,Home,2,1,1,D,0
18/10/2020,2021,Elche,Alaves,Away,3,2,0,A,0
18/12/2021,2122,Elche,Barcelona,Away,3,2,3,H,0
19/01/2021,2021,Elche,Valladolid,Away,3,2,2,D,0
19/01/2026,2526,Elche,Sevilla,Home,5,2,2,D,0
19/02/2023,2223,Elche,Espanol,Home,5,0,1,A,1
19/03/2022,2122,Elche,Valencia,Home,2,0,1,A,1
19/03/2023,2223,Elche,Sociedad,Away,3,0,2,H,0
19/04/2022,2122,Elche,Betis,Away,1,1,0,A,0
19/08/13,1314,Elche,Vallecano,Away,1,0,3,H,0
19/09/14,1415,Elche,Eibar,Home,6,0,2,A,0
19/10/14,1415,Elche,Sevilla,Home,1,0,2,A,0
19/10/2022,2223,Elche,Real Madrid,Home,3,0,3,A,0
19/10/2025,2526,Elche,Ath Bilbao,Home,5,0,0,D,0
19/12/2020,2021,Elche,Ath Madrid,Away,3,1,3,H,0
20/02/2021,2021,Elche,Eibar,Home,2,1,0,H,0
20/02/2026,2526,Elche,Ath Bilbao,Away,2,1,2,H,0
20/03/15,1415,Elche,Valencia,Home,1,0,4,A,0
20/04/15,1415,Elche,Sociedad,Home,2,1,0,H,0
20/05/2023,2223,Elche,Getafe,Away,4,1,1,D,0
20/09/13,1314,Elche,Osasuna,Away,4,1,2,H,0
20/10/13,1314,Elche,Betis,Away,4,2,1,A,1
20/12/13,1314,Elche,Malaga,Home,2,0,1,A,1
21/03/2021,2021,Elche,Getafe,Away,2,1,1,D,0
21/03/2026,2526,Elche,Mallorca,Home,4,2,1,H,0
21/04/2021,2021,Elche,Valladolid,Home,3,1,1,D,0
21/09/2025,2526,Elche,Oviedo,Home,5,1,0,H,0
21/11/2020,2021,Elche,Levante,Away,5,1,1,D,0
21/11/2021,2122,Elche,Betis,Home,4,0,3,A,0
21/12/14,1415,Elche,Malaga,Home,3,1,2,A,0
21/12/2025,2526,Elche,Vallecano,Home,6,4,0,H,0
22/01/2023,2223,Elche,Osasuna,Home,4,1,1,D,0
22/02/14,1314,Elche,Real Madrid,Away,2,0,3,H,0
22/02/15,1415,Elche,Real Madrid,Home,1,0,2,A,0
22/03/14,1314,Elche,Granada,Away,4,0,1,H,1
22/04/2026,2526,Elche,Ath Madrid,Home,6,3,2,H,0
22/05/2021,2021,Elche,Ath Bilbao,Home,3,2,0,H,0
22/05/2022,2122,Elche,Getafe,Home,9,3,1,H,0
22/08/2021,2122,Elche,Ath Madrid,Away,2,0,1,H,0
22/08/2022,2223,Elche,Almeria,Home,3,1,1,D,0
22/09/2021,2122,Elche,Villarreal,Away,3,1,4,H,0
22/12/2020,2021,Elche,Osasuna,Home,2,2,2,D,0
23/01/2022,2122,Elche,Real Madrid,Away,2,2,2,D,0
23/01/2026,2526,Elche,Levante,Away,3,2,3,H,0
23/04/2023,2223,Elche,Valencia,Home,1,0,2,A,0
23/05/15,1415,Elche,Levante,Away,6,0,0,D,0
23/05/2026,2526,Elche,Girona,Away,1,1,1,D,0
23/08/2025,2526,Elche,Ath Madrid,Away,2,1,1,D,0
23/09/14,1415,Elche,Real Madrid,Away,3,1,5,H,0
23/10/2020,2021,Elche,Valencia,Home,2,2,1,H,0
23/10/2021,2122,Elche,Espanol,Home,7,2,2,D,0
23/10/2022,2223,Elche,Espanol,Away,4,2,2,D,0
23/11/14,1415,Elche,Cordoba,Home,6,2,2,D,0
23/11/2025,2526,Elche,Real Madrid,Home,6,2,2,D,1
24/01/15,1415,Elche,Barcelona,Home,3,0,6,A,1
24/01/2021,2021,Elche,Barcelona,Home,2,0,2,A,0
24/02/2021,2021,Elche,Barcelona,Away,1,0,3,H,0
24/02/2023,2223,Elche,Betis,Home,2,2,3,A,2
24/04/2021,2021,Elche,Levante,Home,3,1,0,H,0
24/05/2023,2223,Elche,Sevilla,Home,7,1,1,D,0
24/08/13,1314,Elche,Sociedad,Home,2,1,1,D,0
24/08/14,1415,Elche,Barcelona,Away,0,0,3,H,0
24/11/13,1314,Elche,Valencia,Home,3,2,1,H,0
25/02/2022,2122,Elche,Levante,Away,3,0,3,H,1
25/03/14,1314,Elche,Ath Bilbao,Home,2,0,0,D,0
25/04/14,1314,Elche,Levante,Home,3,1,1,D,0
25/04/15,1415,Elche,Ath Madrid,Away,3,0,3,H,0
25/09/13,1314,Elche,Real Madrid,Home,3,1,2,A,1
25/09/2025,2526,Elche,Osasuna,Away,4,1,1,D,0
25/10/14,1415,Elche,Valencia,Away,3,1,3,H,0
25/10/2025,2526,Elche,Espanol,Away,4,0,1,H,0
26/04/2023,2223,Elche,Celta,Away,1,0,1,H,0
26/04/2026,2526,Elche,Oviedo,Away,4,2,1,A,1
26/09/14,1415,Elche,Celta,Home,3,0,1,A,0
26/09/2020,2021,Elche,Sociedad,Home,2,0,3,A,0
26/09/2021,2122,Elche,Sociedad,Away,2,0,1,H,0
26/10/13,1314,Elche,Granada,Home,1,0,1,A,0
26/10/2021,2122,Elche,Alaves,Away,1,0,1,H,0
27/01/14,1314,Elche,Sociedad,Away,6,0,4,H,0
27/08/2022,2223,Elche,Sociedad,Home,5,0,1,A,0
28/01/2023,2223,Elche,Sevilla,Away,1,0,3,H,1
28/02/2021,2021,Elche,Granada,Away,4,1,2,H,0
28/05/2023,2223,Elche,Ath Bilbao,Away,2,1,0,A,0
28/08/2021,2122,Elche,Sevilla,Home,4,1,1,D,0
28/09/2025,2526,Elche,Celta,Home,8,2,1,H,0
28/11/14,1415,Elche,Sociedad,Away,5,0,3,H,0
28/11/2020,2021,Elche,Cadiz,Home,3,1,1,D,1
28/11/2025,2526,Elche,Getafe,Away,4,0,1,H,0
29/04/15,1415,Elche,La Coruna,Home,7,4,0,H,0
29/04/2023,2223,Elche,Vallecano,Home,9,4,0,H,0
29/08/2025,2526,Elche,Levante,Home,5,2,0,H,0
29/09/13,1314,Elche,Celta,Away,4,1,0,A,0
29/11/2021,2122,Elche,Osasuna,Away,4,1,1,D,0
29/12/2022,2223,Elche,Ath Madrid,Away,1,0,2,H,2
30/01/2021,2021,Elche,Valencia,Away,1,0,1,H,0
30/03/14,1314,Elche,Villarreal,Away,2,1,1,D,0
30/08/13,1314,Elche,Almeria,Away,9,2,2,D,0
30/09/2020,2021,Elche,Eibar,Away,2,1,0,A,0
30/10/2021,2122,Elche,Real Madrid,Home,4,1,2,A,1
30/11/13,1314,Elche,Ath Madrid,Home,2,0,2,A,0
30/12/2020,2021,Elche,Real Madrid,Home,3,1,1,D,0
31/01/15,1415,Elche,Granada,Away,1,0,1,H,1
31/01/2026,2526,Elche,Barcelona,Home,3,1,3,A,0
31/08/14,1415,Elche,Granada,Home,3,1,1,D,0
31/10/13,1314,Elche,Ath Bilbao,Away,6,2,2,D,0
31/10/2022,2223,Elche,Getafe,Home,5,0,1,A,0
01/02/09,809,Espanol,Recreativo,Home,5,1,1,D,1
01/02/15,1415,Espanol,Sevilla,Away,2,2,3,H,1
01/02/2020,1920,Espanol,Granada,Away,4,1,2,H,0
01/02/2025,2425,Espanol,Real Madrid,Home,2,1,0,H,0
01/03/08,708,Espanol,Valencia,Home,4,2,0,H,0
01/03/11,1011,Espanol,Mallorca,Home,3,1,2,A,0
01/03/14,1314,Espanol,Getafe,Away,3,0,0,D,0
01/03/17,1617,Espanol,Celta,Away,2,2,2,D,0
01/03/2020,1920,Espanol,Ath Madrid,Home,3,1,1,D,0
01/03/2026,2526,Espanol,Elche,Away,4,2,2,D,1
01/04/12,1112,Espanol,Villarreal,Away,2,0,0,D,0
01/04/18,1718,Espanol,Alaves,Home,3,0,0,D,0
01/04/2023,2223,Espanol,Girona,Away,1,1,2,H,1
01/05/10,910,Espanol,Valencia,Home,2,0,2,A,0
01/05/12,1112,Espanol,Granada,Away,3,1,2,H,0
01/05/16,1516,Espanol,Sevilla,Home,7,1,0,H,0
01/06/13,1213,Espanol,Celta,Away,1,0,1,H,1
01/09/13,1314,Espanol,Betis,Home,3,0,0,D,0
01/09/2019,1920,Espanol,Granada,Home,3,0,3,A,0
01/10/06,607,Espanol,Osasuna,Home,3,0,0,D,0
01/10/17,1718,Espanol,Real Madrid,Away,3,0,2,H,0
01/11/07,708,Espanol,Murcia,Home,3,0,0,D,0
01/11/09,910,Espanol,Valladolid,Home,4,1,1,D,0
01/11/13,1314,Espanol,Barcelona,Away,2,0,1,H,0
01/11/15,1516,Espanol,Granada,Home,4,1,1,D,1
01/12/07,708,Espanol,Barcelona,Home,2,1,1,D,0
01/12/2018,1819,Espanol,Getafe,Away,2,0,3,H,0
01/12/2019,1920,Espanol,Osasuna,Home,5,2,4,A,0
02/01/10,910,Espanol,Valencia,Away,3,0,1,H,0
02/01/11,1011,Espanol,Valencia,Away,2,1,2,H,0
02/01/16,1516,Espanol,Barcelona,Home,1,0,0,D,0
02/02/13,1213,Espanol,Levante,Home,5,3,2,H,0
02/02/14,1314,Espanol,Betis,Away,1,0,2,H,0
02/03/2019,1819,Espanol,Valladolid,Home,6,3,1,H,0
02/04/06,506,Espanol,Mallorca,Away,2,0,0,D,0
02/04/2019,1819,Espanol,Getafe,Home,3,1,1,D,0
02/05/11,1011,Espanol,Ath Bilbao,Home,6,2,1,H,0
02/07/2020,1920,Espanol,Sociedad,Away,3,1,2,H,0
02/09/07,708,Espanol,Betis,Away,5,2,2,D,0
02/09/12,1213,Espanol,Levante,Away,2,2,3,H,0
02/09/2018,1819,Espanol,Alaves,Away,7,1,2,H,0
02/10/05,506,Espanol,Sevilla,Away,3,1,1,D,0
02/10/10,1011,Espanol,Sociedad,Away,9,0,1,H,0
02/10/11,1112,Espanol,Real Madrid,Home,3,0,4,A,0
02/10/16,1617,Espanol,Villarreal,Home,1,0,0,D,0
02/10/2022,2223,Espanol,Valencia,Home,5,2,2,D,1
02/11/08,809,Espanol,Osasuna,Home,3,1,0,H,0
02/11/14,1415,Espanol,Elche,Away,5,1,2,H,0
02/11/2019,1920,Espanol,Valencia,Home,4,1,2,A,0
02/11/2025,2526,Espanol,Alaves,Away,2,1,2,H,0
02/12/12,1213,Espanol,Granada,Away,2,0,0,D,0
03/01/2026,2526,Espanol,Barcelona,Home,7,0,2,A,0
03/02/07,607,Espanol,Zaragoza,Home,2,1,2,A,0
03/02/08,708,Espanol,Getafe,Away,3,1,0,A,0
03/02/2019,1819,Espanol,Villarreal,Away,2,2,2,D,0
03/03/13,1213,Espanol,Valladolid,Home,0,0,0,D,0
03/03/16,1516,Espanol,Betis,Home,3,0,3,A,0
03/04/11,1011,Espanol,Santander,Home,4,1,2,A,0
03/04/16,1516,Espanol,Malaga,Away,1,1,1,D,0
03/05/06,506,Espanol,La Coruna,Home,2,1,2,A,0
03/05/09,809,Espanol,Valencia,Home,7,3,0,H,0
03/05/14,1314,Espanol,Valladolid,Away,3,0,1,H,1
03/05/15,1415,Espanol,Vallecano,Home,5,1,1,D,1
03/05/2026,2526,Espanol,Real Madrid,Home,3,0,2,A,0
03/10/15,1516,Espanol,Sp Gijon,Home,9,1,2,A,0
03/10/2021,2122,Espanol,Real Madrid,Home,4,2,1,H,0
03/11/2024,2425,Espanol,Barcelona,Away,3,1,3,H,0
03/12/06,607,Espanol,Sevilla,Home,7,2,1,H,1
03/12/11,1112,Espanol,Valencia,Away,4,1,2,H,0
03/12/16,1617,Espanol,Ath Madrid,Away,3,0,0,D,0
03/12/17,1718,Espanol,Eibar,Away,3,1,3,H,0
04/01/09,809,Espanol,Ath Bilbao,Away,5,1,1,D,0
04/01/15,1415,Espanol,Eibar,Home,6,1,2,A,0
04/01/2019,1819,Espanol,Leganes,Home,1,1,0,H,0
04/01/2020,1920,Espanol,Barcelona,Home,3,2,2,D,0
04/02/06,506,Espanol,Real Madrid,Away,1,0,4,H,0
04/02/12,1112,Espanol,Ath Bilbao,Away,6,3,3,D,0
04/02/17,1617,Espanol,Malaga,Away,3,1,0,A,0
04/02/18,1718,Espanol,Barcelona,Home,2,1,1,D,0
04/02/2023,2223,Espanol,Osasuna,Home,4,1,1,D,1
04/03/06,506,Espanol,Cadiz,Away,6,0,2,H,0
04/03/07,607,Espanol,Villarreal,Home,3,1,1,D,0
04/03/12,1112,Espanol,Real Madrid,Away,1,0,5,H,0
04/03/17,1617,Espanol,Villarreal,Away,2,0,2,H,0
04/03/18,1718,Espanol,Levante,Away,3,1,1,D,0
04/04/10,910,Espanol,Getafe,Away,3,1,1,D,0
04/04/17,1617,Espanol,Ath Bilbao,Away,2,0,2,H,0
04/04/2022,2122,Espanol,Sociedad,Away,2,0,1,H,0
04/04/2025,2425,Espanol,Vallecano,Away,7,4,0,A,0
04/04/2026,2526,Espanol,Betis,Away,1,0,0,D,0
04/05/08,708,Espanol,Levante,Away,10,1,1,D,1
04/05/2019,1819,Espanol,Ath Madrid,Home,5,3,0,H,0
04/05/2023,2223,Espanol,Sevilla,Away,3,2,3,H,0
04/05/2025,2425,Espanol,Betis,Home,5,1,2,A,0
04/06/2023,2223,Espanol,Almeria,Home,8,3,3,D,0
04/09/2022,2223,Espanol,Ath Bilbao,Away,2,1,0,A,0
04/10/09,910,Espanol,Villarreal,Away,0,0,0,D,1
04/11/07,708,Espanol,Santander,Away,4,1,1,D,1
04/11/12,1213,Espanol,Sociedad,Away,2,1,0,A,0
04/11/17,1718,Espanol,Alaves,Away,3,0,1,H,1
04/12/05,506,Espanol,Valencia,Home,2,1,3,A,0
05/01/08,708,Espanol,Villarreal,Home,7,3,0,H,0
05/01/14,1314,Espanol,Osasuna,Away,3,0,1,H,0
05/02/11,1011,Espanol,Almeria,Away,5,2,3,H,0
05/03/2022,2122,Espanol,Getafe,Home,1,2,0,H,0
05/03/2023,2223,Espanol,Valladolid,Away,2,1,2,H,0
05/04/09,809,Espanol,La Coruna,Home,6,3,1,H,0
05/05/10,910,Espanol,Zaragoza,Away,3,0,1,H,1
05/05/12,1112,Espanol,Barcelona,Away,3,0,4,H,0
05/05/13,1213,Espanol,Sevilla,Away,4,0,3,H,0
05/07/2020,1920,Espanol,Leganes,Home,2,0,1,A,1
05/10/08,809,Espanol,Real Madrid,Away,4,2,2,D,0
05/10/13,1314,Espanol,Elche,Away,3,1,2,H,1
05/10/14,1415,Espanol,Sociedad,Home,4,2,0,H,0
05/10/2024,2425,Espanol,Mallorca,Home,3,2,1,H,0
05/10/2025,2526,Espanol,Betis,Home,5,1,2,A,0
05/11/05,506,Espanol,Ath Bilbao,Home,6,1,1,D,0
05/11/06,607,Espanol,Valencia,Home,5,1,1,D,1
05/11/2018,1819,Espanol,Ath Bilbao,Home,3,1,0,H,0
05/12/10,1011,Espanol,Sp Gijon,Home,2,1,0,H,1
05/12/2021,2122,Espanol,Vallecano,Away,3,0,1,H,1
06/01/13,1213,Espanol,Barcelona,Away,1,0,4,H,0
06/01/17,1617,Espanol,La Coruna,Home,4,1,1,D,0
06/02/10,910,Espanol,Real Madrid,Away,3,0,3,H,0
06/03/11,1011,Espanol,Levante,Away,2,0,1,H,0
06/04/08,708,Espanol,Ath Bilbao,Away,3,0,1,H,0
06/04/14,1314,Espanol,Sevilla,Away,5,1,4,H,0
06/04/15,1415,Espanol,Elche,Home,3,1,1,D,0
06/04/2019,1819,Espanol,Girona,Away,2,2,1,A,0
06/05/06,506,Espanol,Barcelona,Away,9,0,2,H,0
06/05/07,607,Espanol,Ath Madrid,Home,3,2,1,H,1
06/05/18,1718,Espanol,Ath Madrid,Away,6,2,0,A,0
06/10/07,708,Espanol,Valencia,Away,6,2,1,A,0
06/10/12,1213,Espanol,Valladolid,Away,6,1,1,D,1
06/10/2019,1920,Espanol,Mallorca,Away,3,0,2,H,0
06/11/10,1011,Espanol,Malaga,Home,6,1,0,H,0
06/11/11,1112,Espanol,Villarreal,Home,2,0,0,D,1
06/11/16,1617,Espanol,Ath Bilbao,Home,3,0,0,D,0
06/11/2021,2122,Espanol,Granada,Home,6,2,0,H,0
06/11/2022,2223,Espanol,Ath Madrid,Away,2,1,1,D,1
06/12/09,910,Espanol,Santander,Home,1,0,4,A,0
07/01/06,506,Espanol,Barcelona,Home,3,1,2,A,0
07/01/07,607,Espanol,Recreativo,Home,0,0,1,A,0
07/01/2023,2223,Espanol,Girona,Home,6,2,2,D,0
07/02/14,1314,Espanol,Granada,Home,5,1,0,H,1
07/02/2022,2122,Espanol,Ath Bilbao,Away,3,1,2,H,0
07/03/09,809,Espanol,Villarreal,Away,5,0,1,H,0
07/03/10,910,Espanol,Villarreal,Home,6,0,0,D,1
07/03/16,1516,Espanol,Vallecano,Home,8,2,1,H,1
07/04/12,1112,Espanol,Sociedad,Home,12,2,2,D,0
07/04/13,1213,Espanol,Osasuna,Away,4,2,0,A,0
07/05/17,1617,Espanol,La Coruna,Away,3,2,1,A,0
07/10/2018,1819,Espanol,Villarreal,Home,12,3,1,H,0
07/12/08,809,Espanol,Betis,Away,5,1,1,D,0
07/12/12,1213,Espanol,Sevilla,Home,3,2,2,D,0
07/12/14,1415,Espanol,Barcelona,Away,2,1,5,H,0
07/12/15,1516,Espanol,Levante,Home,1,1,1,D,0
07/12/2019,1920,Espanol,Real Madrid,Away,2,0,2,H,0
07/12/2025,2526,Espanol,Vallecano,Home,2,1,0,H,1
08/01/12,1112,Espanol,Barcelona,Home,4,1,1,D,0
08/01/18,1718,Espanol,Malaga,Away,3,1,0,A,0
08/02/09,809,Espanol,Getafe,Away,3,1,1,D,1
08/02/15,1415,Espanol,Valencia,Home,3,1,2,A,0
08/02/16,1516,Espanol,Sociedad,Home,1,0,5,A,0
08/03/08,708,Espanol,Real Madrid,Away,2,1,2,H,1
08/03/15,1415,Espanol,Sociedad,Away,4,0,1,H,0
08/03/2019,1819,Espanol,Ath Bilbao,Away,2,1,1,D,0
08/03/2020,1920,Espanol,Osasuna,Away,2,0,1,H,1
08/04/07,607,Espanol,Sociedad,Home,5,1,0,H,0
08/04/17,1617,Espanol,Alaves,Home,6,1,0,H,0
08/04/18,1718,Espanol,Valencia,Away,6,0,1,H,0
08/04/2023,2223,Espanol,Ath Bilbao,Home,2,1,2,A,1
08/05/08,708,Espanol,Ath Madrid,Home,1,0,2,A,0
08/05/10,910,Espanol,Osasuna,Home,8,2,1,H,0
08/05/11,1011,Espanol,Barcelona,Away,2,0,2,H,0
08/05/15,1415,Espanol,Eibar,Away,6,2,0,A,0
08/05/16,1516,Espanol,Barcelona,Away,1,0,5,H,0
08/05/2022,2122,Espanol,Osasuna,Home,3,1,1,D,0
08/07/2020,1920,Espanol,Barcelona,Away,2,0,1,H,1
08/11/09,910,Espanol,Sp Gijon,Away,2,0,1,H,0
08/11/15,1516,Espanol,Ath Bilbao,Away,1,1,2,H,0
08/11/2025,2526,Espanol,Villarreal,Home,3,0,2,A,0
08/12/2018,1819,Espanol,Barcelona,Home,3,0,4,A,0
09/01/11,1011,Espanol,Zaragoza,Home,6,4,0,H,0
09/02/2019,1819,Espanol,Vallecano,Home,5,2,1,H,0
09/02/2020,1920,Espanol,Mallorca,Home,7,1,0,H,0
09/02/2025,2425,Espanol,Sociedad,Away,1,1,2,H,0
09/02/2026,2526,Espanol,Villarreal,Away,2,1,4,H,0
09/03/13,1213,Espanol,Vallecano,Away,3,0,2,H,0
09/03/14,1314,Espanol,Elche,Home,6,3,1,H,0
09/03/2026,2526,Espanol,Oviedo,Home,9,1,1,D,0
09/04/06,506,Espanol,Ath Madrid,Home,4,1,1,D,0
09/04/15,1415,Espanol,Villarreal,Away,4,3,0,A,0
09/04/16,1516,Espanol,Ath Madrid,Home,3,1,3,A,0
09/05/2026,2526,Espanol,Sevilla,Away,5,1,2,H,0
09/06/07,607,Espanol,Barcelona,Away,5,2,2,D,0
09/09/16,1617,Espanol,Sociedad,Away,1,1,1,D,1
09/09/17,1718,Espanol,Barcelona,Away,1,0,5,H,0
09/10/2022,2223,Espanol,Cadiz,Away,6,2,2,D,0
09/11/08,809,Espanol,La Coruna,Away,4,0,1,H,0
09/11/14,1415,Espanol,Villarreal,Home,4,1,1,D,0
09/11/2022,2223,Espanol,Villarreal,Home,6,0,1,A,0
09/12/07,708,Espanol,Zaragoza,Away,4,3,3,D,0
09/12/2024,2425,Espanol,Getafe,Away,1,0,1,H,0
10/01/10,910,Espanol,Zaragoza,Home,6,2,1,H,0
10/01/15,1415,Espanol,Real Madrid,Away,4,0,3,H,0
10/01/16,1516,Espanol,Eibar,Away,4,1,2,H,0
10/01/2022,2122,Espanol,Elche,Home,3,1,2,A,0
10/02/08,708,Espanol,Recreativo,Home,3,1,2,A,0
10/02/13,1213,Espanol,Ath Bilbao,Away,5,4,0,A,0
10/02/17,1617,Espanol,Sociedad,Home,2,1,2,A,0
10/03/17,1617,Espanol,Las Palmas,Home,6,4,3,H,0
10/03/2025,2425,Espanol,Girona,Home,4,1,1,D,0
10/04/11,1011,Espanol,Hercules,Away,1,0,0,D,0
10/04/12,1112,Espanol,Osasuna,Away,0,0,2,H,2
10/04/2022,2122,Espanol,Celta,Home,2,1,0,H,0
10/05/09,809,Espanol,Ath Madrid,Away,6,2,3,H,0
10/09/06,607,Espanol,Zaragoza,Away,1,0,3,H,1
10/09/2022,2223,Espanol,Sevilla,Home,5,2,3,A,0
10/11/12,1213,Espanol,Osasuna,Home,5,0,3,A,0
10/11/13,1314,Espanol,Sevilla,Home,2,1,3,A,1
10/11/2019,1920,Espanol,Ath Madrid,Away,1,1,3,H,0
10/12/06,607,Espanol,Ath Madrid,Away,3,2,1,A,0
11/01/09,809,Espanol,Almeria,Home,9,2,2,D,0
11/01/2025,2425,Espanol,Leganes,Home,5,1,1,D,0
11/01/2026,2526,Espanol,Levante,Away,3,1,1,D,0
11/02/07,607,Espanol,Celta,Away,6,2,0,A,0
11/02/18,1718,Espanol,Celta,Away,2,2,2,D,0
11/03/06,506,Espanol,Celta,Home,4,2,0,H,1
11/03/07,607,Espanol,Santander,Away,5,1,1,D,0
11/03/12,1112,Espanol,Vallecano,Home,10,5,1,H,0
11/03/18,1718,Espanol,Sociedad,Home,7,2,1,H,0
11/03/2023,2223,Espanol,Real Madrid,Away,3,1,3,H,0
11/04/10,910,Espanol,Ath Madrid,Home,7,3,0,H,0
11/04/2026,2526,Espanol,Barcelona,Away,2,1,4,H,0
11/05/08,708,Espanol,Villarreal,Away,7,0,2,H,0
11/05/11,1011,Espanol,Valencia,Home,7,2,2,D,0
11/05/13,1213,Espanol,Real Madrid,Home,5,1,1,D,1
11/05/14,1314,Espanol,Osasuna,Home,2,1,1,D,0
11/05/2022,2122,Espanol,Alaves,Away,3,1,2,H,1
11/05/2025,2425,Espanol,Leganes,Away,6,2,3,H,0
11/09/05,506,Espanol,Malaga,Away,5,2,1,A,0
11/09/11,1112,Espanol,Ath Bilbao,Home,6,2,1,H,0
11/11/07,708,Espanol,Ath Bilbao,Home,5,2,1,H,1
11/11/2018,1819,Espanol,Sevilla,Away,7,1,2,H,0
11/12/05,506,Espanol,Betis,Away,1,0,0,D,0
11/12/11,1112,Espanol,Ath Madrid,Home,11,4,2,H,0
11/12/16,1617,Espanol,Sp Gijon,Home,6,2,1,H,0
11/12/17,1718,Espanol,Girona,Home,3,0,1,A,0
11/12/2021,2122,Espanol,Levante,Home,8,4,3,H,0
12/01/13,1213,Espanol,Celta,Home,4,1,0,H,0
12/01/14,1314,Espanol,Real Madrid,Home,1,0,1,A,0
12/02/06,506,Espanol,Santander,Home,0,0,2,A,0
12/02/12,1112,Espanol,Zaragoza,Home,4,0,2,A,0
12/03/2022,2122,Espanol,Levante,Away,1,1,1,D,0
12/04/09,809,Espanol,Numancia,Away,7,0,0,D,0
12/04/15,1415,Espanol,Ath Bilbao,Home,1,1,0,H,0
12/04/2025,2425,Espanol,Celta,Away,3,2,0,A,0
12/05/07,607,Espanol,Real Madrid,Away,5,3,4,H,0
12/05/2019,1819,Espanol,Leganes,Away,7,2,0,A,0
12/07/2020,1920,Espanol,Eibar,Home,3,0,2,A,0
12/09/09,910,Espanol,Real Madrid,Home,3,0,3,A,0
12/09/10,1011,Espanol,Villarreal,Away,5,0,4,H,1
12/09/15,1516,Espanol,Real Madrid,Home,3,0,6,A,0
12/09/2021,2122,Espanol,Ath Madrid,Home,3,1,2,A,0
12/11/06,607,Espanol,Sociedad,Away,4,1,1,D,0
12/12/09,910,Espanol,Barcelona,Away,2,0,1,H,0
12/12/10,1011,Espanol,Ath Bilbao,Away,6,1,2,H,0
12/12/15,1516,Espanol,Celta,Away,2,0,1,H,0
13/01/07,607,Espanol,Barcelona,Home,9,3,1,H,0
13/01/08,708,Espanol,Almeria,Away,2,0,1,H,0
13/02/11,1011,Espanol,Real Madrid,Home,5,0,1,A,0
13/02/16,1516,Espanol,Valencia,Away,6,1,2,H,0
13/02/2022,2122,Espanol,Barcelona,Home,4,2,2,D,1
13/02/2023,2223,Espanol,Sociedad,Home,6,2,3,A,1
13/03/11,1011,Espanol,La Coruna,Home,6,2,0,H,0
13/04/08,708,Espanol,Osasuna,Home,3,0,1,A,0
13/04/13,1213,Espanol,Valencia,Home,7,3,3,D,1
13/04/14,1314,Espanol,Vallecano,Home,2,2,2,D,0
13/04/2019,1819,Espanol,Alaves,Home,2,2,1,H,0
13/05/06,506,Espanol,Sociedad,Home,4,1,0,H,0
13/05/12,1112,Espanol,Sevilla,Home,4,1,1,D,0
13/05/17,1617,Espanol,Valencia,Home,3,0,1,A,0
13/05/18,1718,Espanol,Malaga,Home,7,4,1,H,0
13/05/2026,2526,Espanol,Ath Bilbao,Home,5,2,0,H,0
13/06/2020,1920,Espanol,Alaves,Home,9,2,0,H,0
13/08/2022,2223,Espanol,Celta,Away,2,2,2,D,0
13/10/17,1718,Espanol,Levante,Home,6,0,0,D,0
13/12/08,809,Espanol,Valencia,Away,3,1,2,H,1
13/12/2025,2526,Espanol,Getafe,Away,4,1,0,A,0
14/01/12,1112,Espanol,Sevilla,Away,1,0,0,D,0
14/01/18,1718,Espanol,Ath Bilbao,Home,3,1,1,D,0
14/01/2019,1819,Espanol,Sociedad,Away,2,2,3,H,0
14/02/10,910,Espanol,La Coruna,Home,9,2,0,H,0
14/02/15,1415,Espanol,Malaga,Away,2,2,0,A,1
14/02/2026,2526,Espanol,Celta,Home,3,2,2,D,0
14/03/10,910,Espanol,Tenerife,Away,3,1,4,H,0
14/03/15,1415,Espanol,Ath Madrid,Home,1,0,0,D,0
14/03/16,1516,Espanol,Granada,Away,2,1,1,D,0
14/04/10,910,Espanol,Santander,Away,2,1,3,H,1
14/05/2022,2122,Espanol,Valencia,Home,3,1,1,D,0
14/05/2023,2223,Espanol,Barcelona,Home,7,2,4,A,0
14/08/2021,2122,Espanol,Osasuna,Away,3,0,0,D,0
14/09/08,809,Espanol,Recreativo,Away,1,1,0,A,0
14/09/14,1415,Espanol,Valencia,Away,3,1,3,H,0
14/09/2024,2425,Espanol,Alaves,Home,4,3,2,H,0
14/10/16,1617,Espanol,Las Palmas,Away,2,0,0,D,0
14/11/10,1011,Espanol,Santander,Away,3,0,0,D,0
14/12/14,1415,Espanol,Granada,Home,4,2,1,H,0
14/12/2024,2425,Espanol,Osasuna,Home,3,0,0,D,0
15/01/06,506,Espanol,Sociedad,Away,5,1,0,A,1
15/01/11,1011,Espanol,Sevilla,Away,4,2,1,A,0
15/01/17,1617,Espanol,Valencia,Away,3,1,2,H,0
15/01/2023,2223,Espanol,Getafe,Away,4,2,1,A,0
15/02/09,809,Espanol,Sevilla,Home,4,0,2,A,1
15/03/09,809,Espanol,Mallorca,Home,3,3,3,D,1
15/03/14,1314,Espanol,Ath Madrid,Away,4,0,1,H,0
15/03/2025,2425,Espanol,Mallorca,Away,0,1,2,H,0
15/03/2026,2526,Espanol,Mallorca,Away,2,1,2,H,1
15/04/07,607,Espanol,Ath Bilbao,Away,6,1,2,H,0
15/04/12,1112,Espanol,Valencia,Home,5,4,0,H,0
15/04/16,1516,Espanol,Levante,Away,2,1,2,H,0
15/04/18,1718,Espanol,Getafe,Away,0,0,1,H,0
15/04/2023,2223,Espanol,Betis,Away,4,1,3,H,0
15/05/10,910,Espanol,Mallorca,Away,3,0,2,H,0
15/05/11,1011,Espanol,Zaragoza,Away,5,0,1,H,0
15/05/16,1516,Espanol,Eibar,Home,7,4,2,H,0
15/05/2025,2425,Espanol,Barcelona,Home,1,0,2,A,1
15/09/13,1314,Espanol,Granada,Away,3,1,0,A,0
15/09/2019,1920,Espanol,Eibar,Away,2,2,1,A,1
15/09/2025,2526,Espanol,Mallorca,Home,3,3,2,H,1
15/10/06,607,Espanol,Villarreal,Away,2,0,0,D,0
15/12/07,708,Espanol,Levante,Home,8,1,0,H,0
15/12/13,1314,Espanol,Almeria,Away,6,0,0,D,0
15/12/2019,1920,Espanol,Betis,Home,4,2,2,D,0
16/01/10,910,Espanol,Osasuna,Away,2,0,2,H,1
16/01/2026,2526,Espanol,Girona,Home,2,0,2,A,0
16/02/08,708,Espanol,Sevilla,Home,8,2,4,A,1
16/02/14,1314,Espanol,Ath Bilbao,Away,7,2,1,A,0
16/02/2020,1920,Espanol,Sevilla,Away,3,2,2,D,1
16/02/2025,2425,Espanol,Ath Bilbao,Home,4,1,1,D,0
16/03/08,708,Espanol,Mallorca,Home,6,2,1,H,0
16/04/06,506,Espanol,Valencia,Away,6,0,4,H,1
16/04/17,1617,Espanol,Leganes,Away,2,1,0,A,0
16/06/2020,1920,Espanol,Getafe,Away,3,0,0,D,1
16/07/2020,1920,Espanol,Valencia,Away,6,0,1,H,0
16/09/07,708,Espanol,Getafe,Home,7,1,0,H,0
16/09/12,1213,Espanol,Ath Bilbao,Home,5,3,3,D,1
16/09/2018,1819,Espanol,Levante,Home,9,1,0,H,0
16/10/05,506,Espanol,Cadiz,Home,1,0,2,A,1
16/10/11,1112,Espanol,Vallecano,Away,4,1,0,A,0
16/10/2022,2223,Espanol,Valladolid,Home,3,1,0,H,0
16/11/08,809,Espanol,Numancia,Home,5,3,4,A,0
16/12/12,1213,Espanol,Real Madrid,Away,3,2,2,D,0
16/12/2018,1819,Espanol,Betis,Home,3,1,3,A,0
17/01/15,1415,Espanol,Celta,Home,3,1,0,H,0
17/01/16,1516,Espanol,Getafe,Away,6,1,3,H,0
17/01/2025,2425,Espanol,Valladolid,Home,4,2,1,H,0
17/02/13,1213,Espanol,Betis,Home,2,1,0,H,0
17/02/2019,1819,Espanol,Valencia,Away,1,0,0,D,1
17/03/13,1213,Espanol,Malaga,Away,5,2,0,A,0
17/03/18,1718,Espanol,Betis,Away,1,0,3,H,0
17/03/2019,1819,Espanol,Sevilla,Home,3,0,1,A,1
17/04/10,910,Espanol,Barcelona,Home,3,0,0,D,0
17/04/11,1011,Espanol,Ath Madrid,Home,3,2,2,D,0
17/04/15,1415,Espanol,Levante,Away,6,2,2,D,0
17/04/2022,2122,Espanol,Ath Madrid,Away,5,1,2,H,0
17/05/09,809,Espanol,Ath Bilbao,Home,2,1,0,H,0
17/05/14,1314,Espanol,Real Madrid,Away,2,1,3,H,0
17/05/15,1415,Espanol,Real Madrid,Home,3,1,4,A,0
17/05/2026,2526,Espanol,Osasuna,Away,3,2,1,A,0
17/06/07,607,Espanol,La Coruna,Home,6,1,3,A,0
17/08/2025,2526,Espanol,Ath Madrid,Home,5,2,1,H,0
17/09/06,607,Espanol,Celta,Home,3,2,1,H,0
17/10/10,1011,Espanol,Mallorca,Away,7,1,0,A,1
17/10/15,1516,Espanol,Betis,Away,4,3,1,A,0
17/10/2025,2526,Espanol,Oviedo,Away,10,2,0,A,0
17/11/12,1213,Espanol,Valencia,Away,5,1,2,H,2
17/12/06,607,Espanol,Real Madrid,Home,4,0,1,A,0
17/12/11,1112,Espanol,Sp Gijon,Away,9,2,1,A,0
17/12/17,1718,Espanol,Las Palmas,Away,3,2,2,D,0
17/12/2021,2122,Espanol,Celta,Away,3,1,3,H,0
18/01/09,809,Espanol,Malaga,Away,5,0,4,H,0
18/01/13,1213,Espanol,Mallorca,Home,7,3,2,H,0
18/01/14,1314,Espanol,Celta,Home,3,1,0,H,0
18/01/2022,2122,Espanol,Cadiz,Away,7,2,2,D,0
18/02/06,506,Espanol,Villarreal,Away,3,0,4,H,0
18/02/07,607,Espanol,Mallorca,Home,3,3,1,H,0
18/02/12,1112,Espanol,Getafe,Away,3,1,1,D,1
18/02/17,1617,Espanol,Real Madrid,Away,1,0,2,H,0
18/02/18,1718,Espanol,Villarreal,Home,3,1,1,D,0
18/03/07,607,Espanol,Levante,Home,1,1,1,D,0
18/03/17,1617,Espanol,Eibar,Away,1,1,1,D,0
18/03/2023,2223,Espanol,Celta,Home,3,1,3,A,0
18/04/18,1718,Espanol,Eibar,Home,4,0,1,A,0
18/04/2025,2425,Espanol,Getafe,Home,3,1,0,H,0
18/05/08,708,Espanol,Almeria,Home,4,1,3,A,0
18/05/2019,1819,Espanol,Sociedad,Home,4,2,0,H,0
18/05/2025,2425,Espanol,Osasuna,Away,6,0,2,H,0
18/08/12,1213,Espanol,Mallorca,Away,5,1,2,H,0
18/08/2018,1819,Espanol,Celta,Away,5,1,1,D,0
18/08/2019,1920,Espanol,Sevilla,Home,2,0,2,A,0
18/09/05,506,Espanol,Real Madrid,Home,2,1,0,H,0
18/09/10,1011,Espanol,Almeria,Home,4,1,0,H,0
18/09/11,1112,Espanol,Zaragoza,Away,4,1,2,H,1
18/09/16,1617,Espanol,Real Madrid,Home,2,0,2,A,0
18/09/17,1718,Espanol,Celta,Home,3,2,1,H,0
18/09/2022,2223,Espanol,Sociedad,Away,4,1,2,H,0
18/10/08,809,Espanol,Villarreal,Home,3,0,0,D,0
18/10/09,910,Espanol,Tenerife,Home,7,2,1,H,0
18/10/2021,2122,Espanol,Cadiz,Home,6,2,0,H,0
18/12/05,506,Espanol,Zaragoza,Home,4,2,2,D,0
18/12/10,1011,Espanol,Barcelona,Home,5,1,5,A,0
18/12/16,1617,Espanol,Barcelona,Away,1,1,4,H,0
18/12/2024,2425,Espanol,Valencia,Home,3,1,1,D,0
19/01/2020,1920,Espanol,Villarreal,Away,5,2,1,A,1
19/02/2023,2223,Espanol,Elche,Away,4,1,0,A,0
19/03/06,506,Espanol,Osasuna,Home,3,2,4,A,0
19/03/12,1112,Espanol,Santander,Home,7,3,1,H,0
19/04/08,708,Espanol,Barcelona,Away,1,0,0,D,0
19/04/09,809,Espanol,Santander,Home,2,1,0,H,0
19/04/14,1314,Espanol,Sociedad,Away,3,1,2,H,0
19/04/16,1516,Espanol,Celta,Home,3,1,1,D,0
19/05/13,1213,Espanol,La Coruna,Away,2,0,2,H,0
19/05/17,1617,Espanol,Granada,Away,3,2,1,A,0
19/07/2020,1920,Espanol,Celta,Home,1,0,0,D,0
19/08/13,1314,Espanol,Celta,Away,5,2,2,D,0
19/08/17,1718,Espanol,Sevilla,Away,6,1,1,D,0
19/08/2022,2223,Espanol,Vallecano,Home,1,0,2,A,1
19/08/2024,2425,Espanol,Valladolid,Away,2,0,1,H,0
19/09/09,910,Espanol,La Coruna,Away,6,3,2,A,0
19/09/15,1516,Espanol,Sociedad,Away,6,3,2,A,0
19/09/2021,2122,Espanol,Betis,Away,4,2,2,D,0
19/10/13,1314,Espanol,Ath Madrid,Home,3,1,0,H,0
19/10/14,1415,Espanol,Ath Madrid,Away,1,0,2,H,0
19/10/2024,2425,Espanol,Ath Bilbao,Away,2,1,4,H,0
19/11/06,607,Espanol,Ath Bilbao,Home,4,3,2,H,0
19/11/17,1718,Espanol,Valencia,Home,4,0,2,A,0
19/12/15,1516,Espanol,Las Palmas,Home,2,1,0,H,0
20/01/08,708,Espanol,Valladolid,Away,6,1,2,H,0
20/01/18,1718,Espanol,Sevilla,Home,0,0,3,A,0
20/02/11,1011,Espanol,Osasuna,Away,0,0,4,H,0
20/02/15,1415,Espanol,Getafe,Away,7,1,2,H,0
20/02/16,1516,Espanol,La Coruna,Home,9,1,0,H,0
20/02/2022,2122,Espanol,Sevilla,Home,4,1,1,D,0
20/03/10,910,Espanol,Sevilla,Home,7,2,0,H,0
20/03/11,1011,Espanol,Malaga,Away,2,0,2,H,0
20/03/16,1516,Espanol,Ath Bilbao,Home,7,2,1,H,0
20/03/2022,2122,Espanol,Mallorca,Home,3,1,0,H,0
20/05/07,607,Espanol,Getafe,Home,5,1,5,A,0
20/05/18,1718,Espanol,Ath Bilbao,Away,4,1,0,A,0
20/06/2020,1920,Espanol,Levante,Home,3,1,3,A,0
20/08/16,1617,Espanol,Sevilla,Away,7,4,6,H,0
20/09/08,809,Espanol,Getafe,Home,2,1,1,D,0
20/09/14,1415,Espanol,Malaga,Home,8,2,2,D,0
20/09/2025,2526,Espanol,Real Madrid,Away,1,0,2,H,0
20/10/07,708,Espanol,Real Madrid,Home,5,2,1,H,0
20/10/2019,1920,Espanol,Villarreal,Home,3,0,1,A,0
20/10/2022,2223,Espanol,Osasuna,Away,3,0,1,H,0
20/11/05,506,Espanol,Mallorca,Home,6,2,0,H,0
20/11/11,1112,Espanol,Sociedad,Away,5,0,0,D,0
20/11/16,1617,Espanol,Alaves,Away,3,1,0,A,0
20/11/2021,2122,Espanol,Barcelona,Away,2,0,1,H,0
20/12/06,607,Espanol,Getafe,Away,6,1,0,A,1
20/12/08,809,Espanol,Ath Madrid,Home,8,2,3,A,0
20/12/09,910,Espanol,Almeria,Home,4,2,0,H,0
20/12/12,1213,Espanol,La Coruna,Home,5,2,0,H,0
20/12/14,1415,Espanol,Vallecano,Away,4,3,1,A,1
21/01/07,607,Espanol,La Coruna,Away,1,0,0,D,0
21/01/12,1112,Espanol,Granada,Home,8,3,0,H,0
21/01/17,1617,Espanol,Granada,Home,8,3,1,H,0
21/01/2019,1819,Espanol,Eibar,Away,0,0,3,H,0
21/01/2022,2122,Espanol,Betis,Home,4,1,4,A,1
21/01/2023,2223,Espanol,Betis,Home,2,1,0,H,0
21/02/09,809,Espanol,Barcelona,Away,2,2,1,A,0
21/02/10,910,Espanol,Malaga,Away,4,1,2,H,0
21/02/2026,2526,Espanol,Ath Madrid,Away,2,2,4,H,0
21/03/2026,2526,Espanol,Getafe,Home,5,1,2,A,0
21/04/13,1213,Espanol,Getafe,Away,7,2,0,A,0
21/04/2019,1819,Espanol,Levante,Away,7,2,2,D,0
21/04/2022,2122,Espanol,Vallecano,Home,2,0,1,A,0
21/04/2023,2223,Espanol,Cadiz,Home,5,0,0,D,0
21/05/11,1011,Espanol,Sevilla,Home,7,2,3,A,0
21/05/2023,2223,Espanol,Vallecano,Away,6,2,1,A,0
21/08/2021,2122,Espanol,Villarreal,Home,3,0,0,D,0
21/09/05,506,Espanol,Santander,Away,3,0,1,H,1
21/09/10,1011,Espanol,Real Madrid,Away,3,0,3,H,2
21/09/17,1718,Espanol,Villarreal,Away,3,0,0,D,0
21/09/2024,2425,Espanol,Real Madrid,Away,2,1,4,H,0
21/10/12,1213,Espanol,Vallecano,Home,7,3,2,H,1
21/10/2018,1819,Espanol,Huesca,Away,2,2,0,A,0
21/11/10,1011,Espanol,Hercules,Home,5,3,0,H,0
21/11/14,1415,Espanol,Ath Bilbao,Away,3,1,3,H,0
21/11/15,1516,Espanol,Malaga,Home,3,2,0,H,0
21/12/05,506,Espanol,La Coruna,Away,3,2,1,A,1
22/01/06,506,Espanol,Getafe,Away,3,0,5,H,0
22/02/2019,1819,Espanol,Huesca,Home,2,1,1,D,0
22/02/2025,2425,Espanol,Alaves,Away,2,1,0,A,0
22/03/06,506,Espanol,Ath Bilbao,Away,2,1,1,D,0
22/03/09,809,Espanol,Osasuna,Away,4,0,1,H,0
22/03/12,1112,Espanol,Betis,Away,4,1,1,D,0
22/03/14,1314,Espanol,Levante,Home,3,0,0,D,0
22/03/15,1415,Espanol,La Coruna,Away,2,0,0,D,0
22/04/07,607,Espanol,Betis,Home,4,2,2,D,1
22/04/12,1112,Espanol,Ath Madrid,Away,1,1,3,H,0
22/04/16,1516,Espanol,Las Palmas,Away,5,0,4,H,0
22/04/17,1617,Espanol,Ath Madrid,Home,2,0,1,A,0
22/04/18,1718,Espanol,Girona,Away,4,2,0,A,0
22/04/2025,2425,Espanol,Valencia,Away,3,1,1,D,0
22/05/2022,2122,Espanol,Granada,Away,5,0,0,D,0
22/08/15,1516,Espanol,Getafe,Home,2,1,0,H,0
22/09/07,708,Espanol,Recreativo,Away,4,1,2,H,0
22/09/11,1112,Espanol,Getafe,Home,6,1,0,H,0
22/09/12,1213,Espanol,Betis,Away,2,0,1,H,1
22/09/15,1516,Espanol,Valencia,Home,5,1,0,H,0
22/09/16,1617,Espanol,Osasuna,Away,2,2,1,A,0
22/09/2018,1819,Espanol,Real Madrid,Away,3,0,1,H,0
22/09/2019,1920,Espanol,Sociedad,Home,3,1,3,A,0
22/09/2021,2122,Espanol,Alaves,Home,2,1,0,H,0
22/10/06,607,Espanol,Santander,Home,4,2,2,D,0
22/10/11,1112,Espanol,Santander,Away,4,1,0,A,0
22/10/16,1617,Espanol,Eibar,Home,5,3,3,D,1
22/11/09,910,Espanol,Getafe,Home,3,0,2,A,0
22/12/13,1314,Espanol,Valladolid,Home,7,4,2,H,0
22/12/17,1718,Espanol,Ath Madrid,Home,4,1,0,H,0
22/12/2018,1819,Espanol,Ath Madrid,Away,4,0,1,H,0
22/12/2019,1920,Espanol,Leganes,Away,3,0,2,H,0
22/12/2024,2425,Espanol,Las Palmas,Away,2,0,1,H,0
22/12/2025,2526,Espanol,Ath Bilbao,Away,5,2,1,A,0
23/01/11,1011,Espanol,Getafe,Away,6,3,1,A,0
23/01/16,1516,Espanol,Villarreal,Home,5,2,2,D,1
23/02/18,1718,Espanol,La Coruna,Away,1,0,0,D,0
23/02/2020,1920,Espanol,Valladolid,Away,2,1,2,H,1
23/03/08,708,Espanol,Murcia,Away,1,0,4,H,0
23/04/06,506,Espanol,Betis,Home,7,2,0,H,0
23/04/09,809,Espanol,Sp Gijon,Away,3,3,0,A,0
23/04/2026,2526,Espanol,Vallecano,Away,4,0,1,H,0
23/05/09,809,Espanol,Almeria,Away,8,3,0,A,0
23/05/15,1415,Espanol,Celta,Away,3,2,3,H,0
23/05/2026,2526,Espanol,Sociedad,Home,8,1,1,D,0
23/08/14,1415,Espanol,Almeria,Away,2,1,1,D,1
23/09/09,910,Espanol,Malaga,Home,5,2,1,H,0
23/09/13,1314,Espanol,Ath Bilbao,Home,6,3,2,H,0
23/09/2025,2526,Espanol,Valencia,Home,10,2,2,D,0
23/10/05,506,Espanol,Celta,Away,4,0,1,H,1
23/10/15,1516,Espanol,Vallecano,Away,3,0,3,H,1
23/10/17,1718,Espanol,Sociedad,Away,1,1,1,D,0
23/10/2021,2122,Espanol,Elche,Away,7,2,2,D,0
23/10/2022,2223,Espanol,Elche,Home,5,2,2,D,0
23/11/08,809,Espanol,Santander,Away,3,0,3,H,0
23/11/2024,2425,Espanol,Girona,Away,1,1,4,H,0
23/12/07,708,Espanol,Ath Madrid,Away,5,2,1,A,0
24/01/10,910,Espanol,Mallorca,Home,2,1,1,D,0
24/01/2026,2526,Espanol,Valencia,Away,6,2,3,H,0
24/02/08,708,Espanol,La Coruna,Away,2,0,2,H,0
24/02/13,1213,Espanol,Ath Madrid,Away,1,0,1,H,0
24/02/14,1314,Espanol,Villarreal,Home,6,1,2,A,0
24/03/10,910,Espanol,Valladolid,Away,1,0,0,D,1
24/04/11,1011,Espanol,Sp Gijon,Away,4,0,1,H,0
24/04/2019,1819,Espanol,Celta,Home,2,1,1,D,0
24/05/2023,2223,Espanol,Ath Madrid,Home,13,3,3,D,0
24/05/2025,2425,Espanol,Las Palmas,Home,3,2,0,H,0
24/08/13,1314,Espanol,Valencia,Home,3,3,1,H,0
24/08/2024,2425,Espanol,Sociedad,Home,3,0,1,A,0
24/08/2025,2526,Espanol,Sociedad,Away,3,2,2,D,0
24/09/05,506,Espanol,Villarreal,Home,3,1,2,A,0
24/09/06,607,Espanol,Mallorca,Away,2,0,1,H,1
24/09/08,809,Espanol,Sevilla,Away,1,0,2,H,0
24/09/17,1718,Espanol,La Coruna,Home,5,4,1,H,0
24/10/09,910,Espanol,Sevilla,Away,1,0,0,D,1
24/10/10,1011,Espanol,Levante,Home,3,2,1,H,0
24/11/13,1314,Espanol,Vallecano,Away,5,4,1,A,0
24/11/2019,1920,Espanol,Getafe,Home,2,1,1,D,0
24/11/2025,2526,Espanol,Sevilla,Home,5,2,1,H,0
25/01/09,809,Espanol,Valladolid,Away,4,1,1,D,0
25/01/14,1314,Espanol,Valencia,Away,2,2,2,D,0
25/01/15,1415,Espanol,Almeria,Home,9,3,0,H,0
25/01/2020,1920,Espanol,Ath Bilbao,Home,3,1,1,D,0
25/01/2025,2425,Espanol,Sevilla,Away,1,1,1,D,0
25/02/07,607,Espanol,Osasuna,Away,5,2,0,A,1
25/02/12,1112,Espanol,Levante,Home,1,1,2,A,0
25/02/2023,2223,Espanol,Mallorca,Home,3,2,1,H,0
25/03/12,1112,Espanol,Malaga,Home,3,1,2,A,0
25/03/14,1314,Espanol,Malaga,Away,4,2,1,A,0
25/04/10,910,Espanol,Almeria,Away,6,1,0,A,1
25/04/15,1415,Espanol,Barcelona,Home,2,0,2,A,1
25/04/17,1617,Espanol,Sp Gijon,Away,5,1,1,D,0
25/06/2020,1920,Espanol,Betis,Away,2,0,1,H,0
25/08/12,1213,Espanol,Zaragoza,Home,1,1,2,A,1
25/08/2019,1920,Espanol,Alaves,Away,1,0,0,D,0
25/09/07,708,Espanol,Sevilla,Away,5,3,2,A,0
25/09/11,1112,Espanol,Levante,Away,6,1,3,H,2
25/09/14,1415,Espanol,Getafe,Home,4,2,0,H,0
25/09/16,1617,Espanol,Celta,Home,2,0,2,A,0
25/09/2018,1819,Espanol,Eibar,Home,5,1,0,H,0
25/09/2021,2122,Espanol,Sevilla,Away,2,0,2,H,0
25/10/2024,2425,Espanol,Sevilla,Home,1,0,2,A,0
25/10/2025,2526,Espanol,Elche,Home,7,1,0,H,0
25/11/07,708,Espanol,Osasuna,Away,6,2,1,A,0
25/11/12,1213,Espanol,Getafe,Home,4,0,2,A,0
25/11/2018,1819,Espanol,Girona,Home,10,1,3,A,0
26/01/13,1213,Espanol,Zaragoza,Away,2,0,0,D,1
26/02/06,506,Espanol,Sevilla,Home,9,5,0,H,0
26/02/11,1011,Espanol,Sociedad,Home,4,4,1,H,0
26/02/17,1617,Espanol,Osasuna,Home,6,3,0,H,0
26/03/06,506,Espanol,Alaves,Home,2,0,0,D,0
26/04/09,809,Espanol,Betis,Home,6,2,0,H,0
26/05/13,1213,Espanol,Barcelona,Home,2,0,2,A,1
26/08/07,708,Espanol,Valladolid,Home,3,0,1,A,0
26/08/16,1617,Espanol,Malaga,Home,2,2,2,D,0
26/08/2018,1819,Espanol,Valencia,Home,9,2,0,H,0
26/09/10,1011,Espanol,Osasuna,Home,7,1,0,H,0
26/09/13,1314,Espanol,Villarreal,Away,3,1,2,H,0
26/09/2019,1920,Espanol,Celta,Away,4,1,1,D,0
26/09/2024,2425,Espanol,Villarreal,Home,2,1,2,A,0
26/09/2025,2526,Espanol,Girona,Away,5,0,0,D,0
26/10/08,809,Espanol,Mallorca,Away,3,0,3,H,0
26/10/13,1314,Espanol,Levante,Away,6,0,3,H,0
26/10/14,1415,Espanol,La Coruna,Home,5,0,0,D,0
26/10/2018,1819,Espanol,Valladolid,Away,4,1,1,D,0
26/10/2021,2122,Espanol,Ath Bilbao,Home,3,1,1,D,1
26/11/06,607,Espanol,Betis,Away,2,1,1,D,0
26/11/16,1617,Espanol,Leganes,Home,4,3,0,H,0
27/01/08,708,Espanol,Betis,Home,5,1,2,A,0
27/01/2019,1819,Espanol,Real Madrid,Home,6,2,4,A,0
27/01/2023,2223,Espanol,Almeria,Away,3,1,3,H,0
27/02/15,1415,Espanol,Cordoba,Home,4,1,0,H,0
27/02/16,1516,Espanol,Sp Gijon,Away,7,4,2,A,0
27/02/18,1718,Espanol,Real Madrid,Home,7,1,0,H,0
27/02/2022,2122,Espanol,Villarreal,Away,2,1,5,H,0
27/04/08,708,Espanol,Zaragoza,Home,2,1,1,D,0
27/04/14,1314,Espanol,Almeria,Home,3,1,2,A,2
27/04/2023,2223,Espanol,Villarreal,Away,4,2,4,H,1
27/04/2025,2425,Espanol,Villarreal,Away,1,0,1,H,0
27/04/2026,2526,Espanol,Levante,Home,3,0,0,D,1
27/05/07,607,Espanol,Recreativo,Away,2,1,0,A,0
27/08/06,607,Espanol,Gimnastic,Home,6,0,1,A,0
27/08/17,1718,Espanol,Leganes,Home,2,0,1,A,0
27/08/2021,2122,Espanol,Mallorca,Away,3,0,1,H,1
27/09/08,809,Espanol,Barcelona,Home,3,1,2,A,1
27/09/09,910,Espanol,Xerez,Home,3,0,0,D,0
27/09/15,1516,Espanol,La Coruna,Away,3,0,3,H,1
27/10/05,506,Espanol,Alaves,Away,6,1,1,D,0
27/10/07,708,Espanol,Mallorca,Away,1,2,2,D,1
27/10/11,1112,Espanol,Betis,Home,5,1,0,H,0
27/10/12,1213,Espanol,Malaga,Home,3,0,0,D,0
27/10/2019,1920,Espanol,Levante,Away,3,1,0,A,0
27/11/05,506,Espanol,Ath Madrid,Away,7,1,1,D,0
27/11/10,1011,Espanol,Ath Madrid,Away,6,3,2,A,0
27/11/11,1112,Espanol,Osasuna,Home,3,1,2,A,0
27/11/17,1718,Espanol,Getafe,Home,5,1,0,H,0
28/01/07,607,Espanol,Gimnastic,Away,4,0,4,H,0
28/01/12,1112,Espanol,Mallorca,Home,6,1,0,H,0
28/01/18,1718,Espanol,Leganes,Away,4,2,3,H,0
28/02/09,809,Espanol,Real Madrid,Home,2,0,2,A,0
28/02/10,910,Espanol,Xerez,Away,1,1,1,D,0
28/03/10,910,Espanol,Sp Gijon,Home,1,0,0,D,0
28/04/12,1112,Espanol,Sp Gijon,Home,5,0,3,A,0
28/04/13,1213,Espanol,Granada,Home,2,0,1,A,0
28/04/18,1718,Espanol,Las Palmas,Home,7,1,1,D,0
28/05/2023,2223,Espanol,Valencia,Away,5,2,2,D,0
28/06/2020,1920,Espanol,Real Madrid,Home,5,0,1,A,0
28/08/05,506,Espanol,Getafe,Home,3,0,2,A,0
28/08/11,1112,Espanol,Mallorca,Away,3,0,1,H,0
28/08/15,1516,Espanol,Villarreal,Away,2,1,3,H,0
28/08/2022,2223,Espanol,Real Madrid,Home,4,1,3,A,1
28/08/2024,2425,Espanol,Ath Madrid,Away,1,0,0,D,0
28/09/14,1415,Espanol,Cordoba,Away,2,0,0,D,0
28/09/2018,1819,Espanol,Vallecano,Away,5,2,2,D,0
28/10/2022,2223,Espanol,Mallorca,Away,2,1,1,D,0
28/11/15,1516,Espanol,Ath Madrid,Away,0,0,1,H,0
28/11/2021,2122,Espanol,Sociedad,Home,2,1,0,H,0
29/01/06,506,Espanol,Malaga,Home,7,3,1,H,0
29/01/17,1617,Espanol,Sevilla,Home,8,3,1,H,0
29/03/14,1314,Espanol,Barcelona,Home,1,0,1,A,1
29/03/2025,2425,Espanol,Ath Madrid,Home,1,1,1,D,0
29/04/07,607,Espanol,Sevilla,Away,2,1,3,H,0
29/04/17,1617,Espanol,Barcelona,Home,3,0,3,A,0
29/04/2019,1819,Espanol,Betis,Away,4,1,1,D,0
29/08/10,1011,Espanol,Getafe,Home,8,3,1,H,0
29/09/13,1314,Espanol,Getafe,Home,3,0,2,A,0
29/09/2019,1920,Espanol,Valladolid,Home,2,0,2,A,1
29/09/2024,2425,Espanol,Betis,Away,1,0,1,H,0
29/10/06,607,Espanol,Levante,Away,0,0,0,D,0
29/10/13,1314,Espanol,Malaga,Home,3,0,0,D,0
29/11/09,910,Espanol,Ath Madrid,Away,1,0,4,H,1
29/11/14,1415,Espanol,Levante,Home,4,2,1,H,0
30/01/10,910,Espanol,Ath Bilbao,Home,4,1,0,H,0
30/01/11,1011,Espanol,Villarreal,Home,5,0,1,A,0
30/01/2026,2526,Espanol,Alaves,Home,3,1,2,A,0
30/03/08,708,Espanol,Santander,Home,5,0,3,A,0
30/03/2019,1819,Espanol,Barcelona,Away,2,0,2,H,0
30/04/06,506,Espanol,Zaragoza,Away,4,1,1,D,1
30/04/15,1415,Espanol,Granada,Away,3,2,1,A,0
30/04/2022,2122,Espanol,Real Madrid,Away,6,0,4,H,0
30/04/2023,2223,Espanol,Getafe,Home,8,1,0,H,0
30/08/08,809,Espanol,Valladolid,Home,2,1,0,H,0
30/08/09,910,Espanol,Ath Bilbao,Away,1,0,1,H,0
30/08/14,1415,Espanol,Sevilla,Home,2,1,2,A,0
30/09/07,708,Espanol,La Coruna,Home,2,1,0,H,0
30/09/12,1213,Espanol,Ath Madrid,Home,3,0,1,A,0
30/10/05,506,Espanol,Osasuna,Away,0,0,2,H,1
30/10/11,1112,Espanol,Malaga,Away,3,1,2,H,0
30/10/16,1617,Espanol,Betis,Away,5,1,0,A,0
30/10/17,1718,Espanol,Betis,Home,4,1,0,H,0
30/10/2019,1920,Espanol,Ath Bilbao,Away,5,0,3,H,0
30/11/08,809,Espanol,Sp Gijon,Home,2,0,1,A,0
30/11/13,1314,Espanol,Sociedad,Home,4,1,2,A,0
30/11/2024,2425,Espanol,Celta,Home,5,3,1,H,0
30/11/2025,2526,Espanol,Celta,Away,2,1,0,A,0
30/12/15,1516,Espanol,Sevilla,Away,1,0,2,H,0
31/01/16,1516,Espanol,Real Madrid,Away,5,0,6,H,0
31/03/07,607,Espanol,Valencia,Away,4,2,3,H,0
31/03/13,1213,Espanol,Sociedad,Home,4,2,2,D,0
31/03/17,1617,Espanol,Betis,Home,5,2,1,H,0
31/05/09,809,Espanol,Malaga,Home,8,3,0,H,0
31/08/2024,2425,Espanol,Vallecano,Home,5,2,1,H,0
31/08/2025,2526,Espanol,Osasuna,Home,4,1,0,H,0
31/10/10,1011,Espanol,La Coruna,Away,4,0,3,H,0
31/10/2021,2122,Espanol,Getafe,Away,3,1,2,H,0
31/12/2021,2122,Espanol,Valencia,Away,4,2,1,A,0
31/12/2022,2223,Espanol,Barcelona,Away,1,1,1,D,1
01/02/09,809,Getafe,Betis,Away,10,2,2,D,0
01/02/14,1314,Getafe,Valladolid,Home,1,0,0,D,0
01/02/15,1415,Getafe,Almeria,Away,7,0,1,H,1
01/02/2024,2324,Getafe,Real Madrid,Home,2,0,2,A,0
01/02/2025,2425,Getafe,Sevilla,Home,1,0,0,D,0
01/02/2026,2526,Getafe,Celta,Home,2,0,0,D,0
01/03/09,809,Getafe,Almeria,Away,5,1,2,H,0
01/03/13,1213,Getafe,Zaragoza,Home,4,2,0,H,1
01/03/14,1314,Getafe,Espanol,Home,7,0,0,D,0
01/03/16,1516,Getafe,Las Palmas,Away,2,0,4,H,1
01/03/2020,1920,Getafe,Mallorca,Away,5,1,0,A,0
01/04/07,607,Getafe,Zaragoza,Home,8,2,2,D,1
01/04/12,1112,Getafe,Ath Madrid,Away,3,0,3,H,0
01/04/13,1213,Getafe,Betis,Away,7,0,0,D,0
01/04/16,1516,Getafe,Vallecano,Away,3,0,2,H,0
01/04/2023,2223,Getafe,Ath Bilbao,Away,1,0,0,D,0
01/05/10,910,Getafe,Valladolid,Away,2,0,0,D,1
01/05/11,1011,Getafe,Villarreal,Away,6,1,2,H,0
01/05/12,1112,Getafe,Santander,Home,4,1,1,D,0
01/05/16,1516,Getafe,La Coruna,Away,5,2,0,A,0
01/06/13,1213,Getafe,Granada,Away,0,0,2,H,0
01/09/12,1213,Getafe,La Coruna,Away,4,1,1,D,0
01/09/2024,2425,Getafe,Sociedad,Home,1,0,0,D,0
01/10/05,506,Getafe,Valencia,Home,6,2,1,H,0
01/10/06,607,Getafe,Sevilla,Away,1,0,1,H,0
01/10/11,1112,Getafe,Malaga,Away,2,2,3,H,1
01/10/12,1213,Getafe,Mallorca,Home,6,1,0,H,0
01/10/2018,1819,Getafe,Celta,Away,4,1,1,D,0
01/10/2022,2223,Getafe,Valladolid,Home,6,2,3,A,0
01/11/2020,2021,Getafe,Valencia,Away,5,2,2,D,1
01/12/12,1213,Getafe,Malaga,Home,3,1,0,H,1
01/12/2018,1819,Getafe,Espanol,Home,5,3,0,H,0
01/12/2019,1920,Getafe,Levante,Home,9,4,0,H,0
01/12/2023,2324,Getafe,Las Palmas,Away,4,0,2,H,1
01/12/2024,2425,Getafe,Real Madrid,Away,3,0,2,H,0
02/01/2021,2021,Getafe,Valladolid,Home,4,0,1,A,0
02/01/2022,2122,Getafe,Real Madrid,Home,3,1,0,H,0
02/01/2024,2324,Getafe,Vallecano,Home,0,0,2,A,2
02/01/2026,2526,Getafe,Vallecano,Away,4,1,1,D,0
02/02/13,1213,Getafe,La Coruna,Home,4,3,1,H,1
02/02/2019,1819,Getafe,Levante,Away,2,0,0,D,0
02/02/2020,1920,Getafe,Ath Bilbao,Away,3,2,0,A,0
02/03/08,708,Getafe,Mallorca,Home,6,3,3,D,0
02/03/11,1011,Getafe,Ath Madrid,Home,3,1,1,D,0
02/03/2024,2324,Getafe,Las Palmas,Home,5,3,3,D,0
02/03/2025,2425,Getafe,Leganes,Away,0,0,1,H,0
02/03/2026,2526,Getafe,Real Madrid,Away,3,1,0,A,1
02/04/06,506,Getafe,Osasuna,Away,5,4,0,A,0
02/04/11,1011,Getafe,Valencia,Home,6,2,4,A,0
02/04/18,1718,Getafe,Betis,Home,4,0,1,A,0
02/04/2019,1819,Getafe,Espanol,Away,3,1,1,D,0
02/04/2022,2122,Getafe,Mallorca,Home,3,1,0,H,0
02/05/2021,2021,Getafe,Villarreal,Away,3,0,1,H,0
02/05/2022,2122,Getafe,Betis,Home,2,0,0,D,0
02/05/2025,2425,Getafe,Vallecano,Away,1,0,1,H,1
02/07/2020,1920,Getafe,Real Madrid,Away,3,0,1,H,0
02/09/07,708,Getafe,Recreativo,Home,4,1,1,D,1
02/09/2023,2324,Getafe,Real Madrid,Away,2,1,2,H,0
02/10/15,1516,Getafe,Celta,Away,2,0,0,D,0
02/11/08,809,Getafe,Recreativo,Away,3,1,1,D,0
02/12/07,708,Getafe,Levante,Home,4,2,1,H,0
03/01/10,910,Getafe,Valladolid,Home,7,1,0,H,0
03/01/11,1011,Getafe,Real Madrid,Home,5,2,3,A,0
03/02/08,708,Getafe,Espanol,Home,5,0,1,A,0
03/03/12,1112,Getafe,Malaga,Home,6,1,3,A,0
03/03/18,1718,Getafe,Real Madrid,Away,4,1,3,H,1
03/03/2019,1819,Getafe,Betis,Away,5,2,1,A,0
03/04/2021,2021,Getafe,Osasuna,Away,2,0,0,D,0
03/05/06,506,Getafe,Sevilla,Away,0,0,3,H,0
03/05/09,809,Getafe,Mallorca,Away,3,1,2,H,0
03/05/14,1314,Getafe,Barcelona,Away,5,2,2,D,0
03/05/15,1415,Getafe,Granada,Home,5,1,2,A,0
03/05/2023,2223,Getafe,Celta,Home,4,1,0,H,0
03/05/2024,2324,Getafe,Ath Bilbao,Home,9,0,2,A,0
03/05/2026,2526,Getafe,Vallecano,Home,3,0,2,A,0
03/10/10,1011,Getafe,Hercules,Home,7,3,0,H,0
03/10/14,1415,Getafe,Cordoba,Home,5,1,1,D,0
03/10/2020,2021,Getafe,Sociedad,Away,1,0,3,H,0
03/10/2021,2122,Getafe,Sociedad,Home,2,1,1,D,0
03/10/2025,2526,Getafe,Osasuna,Away,2,1,2,H,0
03/11/13,1314,Getafe,Valencia,Home,5,0,1,A,0
03/11/17,1718,Getafe,Betis,Away,2,2,2,D,0
03/11/2019,1920,Getafe,Celta,Away,5,1,0,A,0
03/12/05,506,Getafe,Real Madrid,Away,4,0,1,H,0
03/12/06,607,Getafe,Sociedad,Away,3,0,0,D,0
03/12/17,1718,Getafe,Valencia,Home,3,1,0,H,1
04/01/09,809,Getafe,La Coruna,Home,4,1,2,A,0
04/01/15,1415,Getafe,Vallecano,Home,4,1,2,A,0
04/01/16,1516,Getafe,Sp Gijon,Away,2,2,1,A,0
04/01/2020,1920,Getafe,Real Madrid,Home,4,0,3,A,0
04/02/07,607,Getafe,Santander,Away,1,0,1,H,0
04/02/12,1112,Getafe,Real Madrid,Home,0,0,1,A,0
04/02/18,1718,Getafe,Leganes,Home,1,0,0,D,0
04/02/2022,2122,Getafe,Levante,Home,8,3,0,H,0
04/02/2023,2223,Getafe,Ath Madrid,Away,1,1,1,D,0
04/02/2024,2324,Getafe,Betis,Away,2,1,1,D,0
04/03/07,607,Getafe,Real Madrid,Away,2,1,1,D,0
04/03/2023,2223,Getafe,Girona,Home,6,3,2,H,0
04/04/10,910,Getafe,Espanol,Home,2,1,1,D,0
04/05/08,708,Getafe,Villarreal,Away,4,0,2,H,0
04/05/10,910,Getafe,Sp Gijon,Home,8,1,1,D,0
04/06/2023,2223,Getafe,Valladolid,Away,1,0,0,D,0
04/09/2022,2223,Getafe,Valencia,Away,4,1,5,H,1
04/10/09,910,Getafe,Osasuna,Home,7,2,1,H,0
04/11/07,708,Getafe,Osasuna,Away,4,2,0,A,0
04/11/2018,1819,Getafe,Huesca,Away,2,1,1,D,0
04/11/2024,2425,Getafe,Celta,Away,2,0,1,H,1
05/01/14,1314,Getafe,Sevilla,Away,1,0,3,H,0
05/02/06,506,Getafe,Alaves,Home,7,2,2,D,0
05/02/11,1011,Getafe,La Coruna,Home,10,4,1,H,0
05/02/16,1516,Getafe,Malaga,Away,2,0,3,H,0
05/03/06,506,Getafe,Betis,Home,4,1,0,H,0
05/03/16,1516,Getafe,Sevilla,Home,3,1,1,D,0
05/03/2022,2122,Getafe,Espanol,Away,3,0,2,H,0
05/04/09,809,Getafe,Valencia,Away,5,1,4,H,1
05/04/15,1415,Getafe,La Coruna,Home,4,2,1,H,0
05/04/2026,2526,Getafe,Ath Bilbao,Home,6,2,0,H,0
05/05/12,1112,Getafe,Ath Bilbao,Away,1,0,0,D,0
05/05/2019,1819,Getafe,Girona,Home,8,2,0,H,0
05/07/2020,1920,Getafe,Osasuna,Away,1,0,0,D,0
05/10/08,809,Getafe,Almeria,Home,7,2,2,D,0
05/10/2024,2425,Getafe,Osasuna,Home,3,1,1,D,0
05/11/06,607,Getafe,Zaragoza,Away,3,1,3,H,1
05/11/12,1213,Getafe,Betis,Home,3,2,4,A,0
05/11/2022,2223,Getafe,Cadiz,Home,2,0,0,D,2
05/12/10,1011,Getafe,Mallorca,Home,7,3,0,H,0
05/12/11,1112,Getafe,Sevilla,Away,1,0,3,H,0
05/12/15,1516,Getafe,Real Madrid,Away,3,1,4,H,0
05/12/2020,2021,Getafe,Levante,Away,0,0,3,H,2
06/01/08,708,Getafe,Valladolid,Home,5,0,3,A,0
06/01/18,1718,Getafe,Ath Madrid,Away,5,0,2,H,0
06/01/2019,1819,Getafe,Barcelona,Home,2,1,2,A,0
06/02/10,910,Getafe,Barcelona,Away,6,1,2,H,0
06/02/2021,2021,Getafe,Sevilla,Away,1,0,3,H,1
06/03/11,1011,Getafe,Sp Gijon,Away,0,0,2,H,0
06/03/2021,2021,Getafe,Valladolid,Away,2,1,2,H,1
06/04/08,708,Getafe,Barcelona,Away,4,0,0,D,0
06/04/14,1314,Getafe,Elche,Away,3,0,1,H,0
06/04/2025,2425,Getafe,Valladolid,Away,9,4,0,A,0
06/05/07,607,Getafe,Betis,Away,7,2,0,A,0
06/05/13,1213,Getafe,Sociedad,Home,6,2,1,H,0
06/05/18,1718,Getafe,Las Palmas,Away,1,1,0,A,0
06/10/12,1213,Getafe,Zaragoza,Away,9,1,0,A,1
06/10/13,1314,Getafe,Betis,Home,5,3,1,H,0
06/10/2018,1819,Getafe,Levante,Home,4,0,1,A,1
06/10/2019,1920,Getafe,Sociedad,Away,4,2,1,A,0
06/11/05,506,Getafe,Barcelona,Home,3,1,3,A,0
06/11/11,1112,Getafe,Ath Madrid,Home,5,3,2,H,1
06/11/2023,2324,Getafe,Cadiz,Home,3,1,0,H,1
06/12/08,809,Getafe,Villarreal,Away,3,3,3,D,0
06/12/09,910,Getafe,Villarreal,Away,3,2,3,H,0
06/12/2021,2122,Getafe,Ath Bilbao,Home,5,0,0,D,0
06/12/2025,2526,Getafe,Villarreal,Away,0,0,2,H,1
07/01/07,607,Getafe,Barcelona,Home,3,1,1,D,1
07/01/13,1213,Getafe,Vallecano,Away,4,1,3,H,1
07/03/10,910,Getafe,Osasuna,Away,3,0,0,D,0
07/03/2020,1920,Getafe,Celta,Home,6,0,0,D,1
07/04/12,1112,Getafe,Sp Gijon,Home,4,2,0,H,0
07/04/13,1213,Getafe,Ath Madrid,Home,4,0,0,D,0
07/04/18,1718,Getafe,Alaves,Away,1,0,2,H,0
07/04/2019,1819,Getafe,Ath Bilbao,Home,2,1,0,H,0
07/05/06,506,Getafe,Cadiz,Home,3,3,1,H,0
07/05/08,708,Getafe,Almeria,Home,8,4,2,H,0
07/05/11,1011,Getafe,Almeria,Home,8,2,0,H,0
07/10/07,708,Getafe,Mallorca,Away,6,2,4,H,0
07/11/09,910,Getafe,La Coruna,Home,3,0,2,A,0
07/11/10,1011,Getafe,Barcelona,Home,5,1,3,A,1
07/11/15,1516,Getafe,Eibar,Away,4,1,3,H,1
07/11/2021,2122,Getafe,Villarreal,Away,2,0,1,H,0
07/12/2018,1819,Getafe,Leganes,Away,2,1,1,D,0
08/01/06,506,Getafe,Cadiz,Away,1,0,1,H,1
08/01/12,1112,Getafe,Ath Bilbao,Home,2,0,0,D,0
08/01/2023,2223,Getafe,Sevilla,Away,2,1,2,H,0
08/02/09,809,Getafe,Espanol,Home,9,1,1,D,0
08/02/15,1415,Getafe,Sevilla,Home,8,2,1,H,0
08/02/2020,1920,Getafe,Valencia,Home,10,3,0,H,0
08/02/2026,2526,Getafe,Alaves,Away,5,2,0,A,0
08/03/09,809,Getafe,Malaga,Home,3,1,2,A,1
08/03/14,1314,Getafe,Betis,Away,2,0,2,H,0
08/03/2026,2526,Getafe,Betis,Home,5,2,0,H,0
08/04/06,506,Getafe,Malaga,Away,6,2,1,A,0
08/04/07,607,Getafe,Mallorca,Away,2,0,2,H,0
08/04/2023,2223,Getafe,Sociedad,Away,4,0,2,H,0
08/05/10,910,Getafe,Malaga,Home,5,2,1,H,0
08/05/16,1516,Getafe,Sp Gijon,Home,9,1,1,D,0
08/05/2022,2122,Getafe,Vallecano,Home,6,0,0,D,0
08/07/2020,1920,Getafe,Villarreal,Home,2,1,3,A,0
08/09/17,1718,Getafe,Leganes,Away,3,2,1,A,0
08/10/2022,2223,Getafe,Real Madrid,Home,2,0,1,A,0
08/10/2023,2324,Getafe,Celta,Away,2,2,2,D,1
08/11/14,1415,Getafe,Elche,Home,3,0,0,D,0
08/11/2020,2021,Getafe,Villarreal,Home,5,1,3,A,0
08/12/12,1213,Getafe,Sociedad,Away,2,1,1,D,0
08/12/14,1415,Getafe,Levante,Away,1,1,1,D,0
08/12/2019,1920,Getafe,Eibar,Away,3,1,0,A,0
08/12/2023,2324,Getafe,Valencia,Home,6,1,0,H,1
09/01/11,1011,Getafe,Osasuna,Away,7,0,0,D,0
09/01/16,1516,Getafe,Betis,Home,3,1,0,H,0
09/01/2022,2122,Getafe,Sevilla,Away,2,0,1,H,0
09/01/2026,2526,Getafe,Sociedad,Home,3,1,2,A,0
09/02/08,708,Getafe,La Coruna,Away,3,1,1,D,0
09/02/14,1314,Getafe,Osasuna,Away,4,0,2,H,0
09/02/2019,1819,Getafe,Celta,Home,6,3,1,H,0
09/02/2021,2021,Getafe,Real Madrid,Away,0,0,2,H,0
09/02/2025,2425,Getafe,Alaves,Away,3,1,0,A,0
09/03/08,708,Getafe,Murcia,Away,3,3,0,A,0
09/03/15,1415,Getafe,Cordoba,Away,7,2,1,A,0
09/03/2019,1819,Getafe,Huesca,Home,6,2,1,H,0
09/03/2024,2324,Getafe,Valencia,Away,5,0,1,H,0
09/03/2025,2425,Getafe,Ath Madrid,Home,3,2,1,H,0
09/04/15,1415,Getafe,Elche,Away,4,1,0,A,0
09/04/2022,2122,Getafe,Real Madrid,Away,0,0,2,H,0
09/05/2021,2021,Getafe,Eibar,Home,2,0,1,A,0
09/11/08,809,Getafe,Valencia,Home,2,0,3,A,1
09/11/13,1314,Getafe,Elche,Home,2,1,1,D,0
09/11/2022,2223,Getafe,Almeria,Away,3,0,1,H,0
09/11/2025,2526,Getafe,Mallorca,Away,3,0,1,H,0
09/12/07,708,Getafe,Ath Madrid,Away,4,0,1,H,2
09/12/17,1718,Getafe,Eibar,Home,3,0,0,D,0
09/12/2024,2425,Getafe,Espanol,Home,6,1,0,H,0
10/01/10,910,Getafe,Sp Gijon,Away,4,0,1,H,0
10/01/15,1415,Getafe,Eibar,Away,3,1,2,H,0
10/02/13,1213,Getafe,Barcelona,Away,1,1,6,H,0
10/03/13,1213,Getafe,Levante,Away,3,0,0,D,0
10/03/18,1718,Getafe,Levante,Home,4,0,1,A,0
10/03/2023,2223,Getafe,Cadiz,Away,10,2,2,D,1
10/04/10,910,Getafe,Xerez,Away,2,1,0,A,1
10/04/12,1112,Getafe,Barcelona,Away,0,0,4,H,0
10/04/16,1516,Getafe,Villarreal,Away,3,0,2,H,0
10/04/2021,2021,Getafe,Cadiz,Home,4,0,1,A,0
10/05/09,809,Getafe,Osasuna,Home,7,3,0,H,1
10/05/11,1011,Getafe,Real Madrid,Away,1,0,4,H,0
10/05/2025,2425,Getafe,Valencia,Away,3,0,3,H,0
10/05/2026,2526,Getafe,Oviedo,Away,4,0,0,D,0
10/06/07,607,Getafe,Gimnastic,Home,6,0,1,A,0
10/09/06,607,Getafe,Santander,Home,3,1,0,H,0
10/09/11,1112,Getafe,Real Madrid,Away,6,2,4,H,0
10/11/07,708,Getafe,Barcelona,Home,5,2,0,H,0
10/11/2018,1819,Getafe,Valencia,Home,3,0,1,A,1
10/11/2019,1920,Getafe,Osasuna,Home,5,0,0,D,0
10/11/2024,2425,Getafe,Girona,Home,0,0,1,A,0
10/12/06,607,Getafe,Betis,Home,3,1,1,D,1
11/01/09,809,Getafe,Numancia,Away,3,0,2,H,1
11/01/2021,2021,Getafe,Elche,Away,7,3,1,A,0
11/02/07,607,Getafe,Valencia,Home,5,3,0,H,0
11/02/18,1718,Getafe,Barcelona,Away,1,0,0,D,0
11/02/2024,2324,Getafe,Celta,Home,4,3,2,H,0
11/03/07,607,Getafe,Recreativo,Home,3,1,1,D,0
11/04/11,1011,Getafe,Zaragoza,Away,5,1,2,H,0
11/05/08,708,Getafe,Valladolid,Away,4,0,0,D,0
11/05/13,1213,Getafe,Osasuna,Away,2,0,1,H,0
11/05/14,1314,Getafe,Sevilla,Home,6,1,0,H,0
11/05/15,1415,Getafe,Vallecano,Away,3,0,2,H,1
11/05/2022,2122,Getafe,Osasuna,Away,0,1,1,D,1
11/09/05,506,Getafe,Ath Bilbao,Home,4,1,1,D,1
11/09/2022,2223,Getafe,Sociedad,Home,3,2,1,H,0
11/11/12,1213,Getafe,Ath Madrid,Away,3,0,2,H,0
11/11/2023,2324,Getafe,Granada,Away,6,1,1,D,0
11/12/05,506,Getafe,Santander,Home,3,1,2,A,0
11/12/10,1011,Getafe,Villarreal,Home,3,1,0,H,2
11/12/11,1112,Getafe,Granada,Home,7,1,0,H,0
11/12/15,1516,Getafe,Sociedad,Home,5,1,1,D,0
11/12/2021,2122,Getafe,Alaves,Away,2,1,1,D,0
12/01/14,1314,Getafe,Vallecano,Home,5,0,1,A,0
12/01/18,1718,Getafe,Malaga,Home,3,1,0,H,0
12/01/2019,1819,Getafe,Villarreal,Away,4,2,1,A,0
12/01/2025,2425,Getafe,Las Palmas,Away,3,2,1,A,0
12/02/06,506,Getafe,Mallorca,Away,3,1,1,D,0
12/02/12,1112,Getafe,Vallecano,Away,0,0,2,H,1
12/02/2022,2122,Getafe,Ath Madrid,Away,4,3,4,H,0
12/02/2023,2223,Getafe,Vallecano,Home,4,1,1,D,1
12/03/06,506,Getafe,Zaragoza,Away,6,2,1,A,0
12/03/12,1112,Getafe,Villarreal,Away,4,2,1,A,0
12/03/16,1516,Getafe,Barcelona,Away,1,0,6,H,0
12/03/2022,2122,Getafe,Valencia,Home,6,0,0,D,0
12/04/09,809,Getafe,Sevilla,Away,2,1,0,A,0
12/04/15,1415,Getafe,Villarreal,Home,2,1,1,D,0
12/04/2025,2425,Getafe,Las Palmas,Home,6,1,3,A,1
12/05/18,1718,Getafe,Ath Madrid,Home,4,0,1,A,0
12/05/2019,1819,Getafe,Barcelona,Away,0,0,2,H,0
12/05/2021,2021,Getafe,Celta,Away,4,0,1,H,0
12/05/2024,2324,Getafe,Cadiz,Away,4,0,1,H,0
12/06/2020,1920,Getafe,Granada,Away,2,1,2,H,0
12/09/09,910,Getafe,Barcelona,Home,3,0,2,A,0
12/09/10,1011,Getafe,Levante,Home,10,4,1,H,0
12/11/06,607,Getafe,Mallorca,Home,2,1,0,H,0
12/12/2020,2021,Getafe,Sevilla,Home,2,0,1,A,0
13/01/08,708,Getafe,Betis,Away,10,2,3,H,0
13/02/11,1011,Getafe,Malaga,Away,5,2,2,D,0
13/03/10,910,Getafe,Mallorca,Home,9,3,0,H,0
13/03/2021,2021,Getafe,Ath Madrid,Home,2,0,0,D,1
13/04/08,708,Getafe,Zaragoza,Home,4,0,0,D,0
13/04/10,910,Getafe,Villarreal,Home,5,3,0,H,0
13/04/13,1213,Getafe,Valladolid,Away,2,1,2,H,1
13/04/14,1314,Getafe,Ath Madrid,Home,2,0,2,A,1
13/04/2024,2324,Getafe,Vallecano,Away,0,0,0,D,0
13/04/2026,2526,Getafe,Levante,Away,1,0,1,H,1
13/05/06,506,Getafe,Celta,Away,1,0,1,H,1
13/05/07,607,Getafe,Ath Madrid,Home,6,1,4,A,0
13/05/12,1112,Getafe,Zaragoza,Home,0,0,2,A,3
13/05/2023,2223,Getafe,Real Madrid,Away,2,0,1,H,0
13/05/2026,2526,Getafe,Mallorca,Home,4,3,1,H,0
13/07/2020,1920,Getafe,Alaves,Away,4,0,0,D,0
13/08/2021,2122,Getafe,Valencia,Away,4,0,1,H,1
13/08/2023,2324,Getafe,Barcelona,Home,2,0,0,D,1
13/09/15,1516,Getafe,Ath Bilbao,Away,3,1,3,H,0
13/09/2021,2122,Getafe,Elche,Home,1,0,1,A,0
13/09/2025,2526,Getafe,Oviedo,Home,3,2,0,H,0
13/12/09,910,Getafe,Tenerife,Home,5,2,1,H,0
13/12/14,1415,Getafe,Barcelona,Home,2,0,0,D,0
13/12/2025,2526,Getafe,Espanol,Home,1,0,1,A,0
14/01/07,607,Getafe,Gimnastic,Away,7,3,1,A,0
14/01/12,1112,Getafe,Zaragoza,Away,5,1,1,D,0
14/01/13,1213,Getafe,Granada,Home,5,2,2,D,0
14/02/10,910,Getafe,Almeria,Home,8,2,2,D,0
14/02/16,1516,Getafe,Ath Madrid,Home,0,0,1,A,0
14/02/2021,2021,Getafe,Sociedad,Home,0,0,1,A,1
14/02/2025,2425,Getafe,Girona,Away,6,2,1,A,0
14/02/2026,2526,Getafe,Villarreal,Home,2,2,1,H,0
14/03/11,1011,Getafe,Ath Bilbao,Home,3,2,2,D,0
14/03/14,1314,Getafe,Granada,Home,5,3,3,D,1
14/03/2026,2526,Getafe,Ath Madrid,Away,3,0,1,H,1
14/04/2019,1819,Getafe,Valladolid,Away,3,2,2,D,1
14/09/08,809,Getafe,Betis,Home,7,0,0,D,0
14/09/14,1415,Getafe,Sevilla,Away,1,0,2,H,0
14/09/2024,2425,Getafe,Sevilla,Away,4,0,1,H,0
14/10/06,607,Getafe,Real Madrid,Home,6,1,0,H,0
14/10/17,1718,Getafe,Real Madrid,Home,3,1,2,A,0
14/10/2022,2223,Getafe,Vallecano,Away,3,0,0,D,0
14/11/10,1011,Getafe,Valencia,Away,3,0,2,H,0
14/12/08,809,Getafe,Mallorca,Home,5,4,1,H,0
14/12/13,1314,Getafe,Malaga,Away,3,0,1,H,0
15/01/06,506,Getafe,Celta,Home,6,1,1,D,0
15/01/11,1011,Getafe,Sociedad,Home,3,0,4,A,0
15/01/2023,2223,Getafe,Espanol,Home,2,1,2,A,0
15/02/09,809,Getafe,Ath Madrid,Away,4,1,1,D,0
15/02/15,1415,Getafe,Valencia,Away,1,0,1,H,0
15/02/2019,1819,Getafe,Eibar,Away,4,2,2,D,0
15/02/2020,1920,Getafe,Barcelona,Away,2,1,2,H,0
15/03/09,809,Getafe,Valladolid,Away,1,0,1,H,1
15/04/07,607,Getafe,Villarreal,Home,5,3,0,H,0
15/04/18,1718,Getafe,Espanol,Home,4,1,0,H,1
15/05/10,910,Getafe,Ath Madrid,Away,8,3,0,A,0
15/05/11,1011,Getafe,Osasuna,Home,4,2,0,H,0
15/05/16,1516,Getafe,Betis,Away,5,1,2,H,1
15/05/2022,2122,Getafe,Barcelona,Home,3,0,0,D,0
15/05/2024,2324,Getafe,Ath Madrid,Home,3,0,3,A,0
15/05/2025,2425,Getafe,Ath Bilbao,Home,1,0,2,A,0
15/08/2022,2223,Getafe,Ath Madrid,Home,0,0,3,A,0
15/08/2024,2425,Getafe,Ath Bilbao,Away,2,1,1,D,0
15/09/12,1213,Getafe,Barcelona,Home,3,1,4,A,0
15/09/13,1314,Getafe,Osasuna,Home,5,2,1,H,0
15/09/2019,1920,Getafe,Betis,Away,4,1,1,D,0
15/10/11,1112,Getafe,Villarreal,Home,3,0,0,D,0
15/12/12,1213,Getafe,Osasuna,Home,2,1,1,D,0
15/12/2018,1819,Getafe,Sociedad,Home,2,1,0,H,0
15/12/2019,1920,Getafe,Valladolid,Home,3,2,0,H,0
15/12/2024,2425,Getafe,Ath Madrid,Away,1,0,1,H,0
16/02/13,1213,Getafe,Celta,Home,10,3,1,H,0
16/02/14,1314,Getafe,Real Madrid,Home,1,0,3,A,0
16/02/2024,2324,Getafe,Villarreal,Away,2,1,1,D,0
16/03/08,708,Getafe,Santander,Home,7,2,1,H,1
16/03/13,1213,Getafe,Ath Bilbao,Home,8,1,0,H,0
16/03/15,1415,Getafe,Sociedad,Home,5,0,1,A,0
16/03/2024,2324,Getafe,Girona,Home,3,1,0,H,0
16/03/2025,2425,Getafe,Osasuna,Away,4,2,1,A,1
16/04/06,506,Getafe,Real Madrid,Home,9,1,1,D,0
16/04/11,1011,Getafe,Sevilla,Home,6,1,0,H,0
16/04/12,1112,Getafe,Sevilla,Home,7,5,1,H,0
16/04/16,1516,Getafe,Real Madrid,Home,5,1,5,A,0
16/04/2022,2122,Getafe,Villarreal,Home,5,1,2,A,0
16/04/2023,2223,Getafe,Barcelona,Home,1,0,0,D,0
16/05/09,809,Getafe,La Coruna,Away,6,1,1,D,0
16/05/2021,2021,Getafe,Levante,Home,3,2,1,H,1
16/06/2020,1920,Getafe,Espanol,Home,4,0,0,D,0
16/07/2020,1920,Getafe,Ath Madrid,Home,6,0,2,A,1
16/09/07,708,Getafe,Espanol,Away,3,0,1,H,1
16/09/17,1718,Getafe,Barcelona,Home,4,1,2,A,0
16/09/2018,1819,Getafe,Sevilla,Away,5,2,0,A,0
16/10/05,506,Getafe,Betis,Away,6,0,1,H,1
16/10/10,1011,Getafe,Ath Madrid,Away,8,0,2,H,0
16/10/2021,2122,Getafe,Levante,Away,4,0,0,D,0
16/11/08,809,Getafe,Sevilla,Home,3,0,2,A,0
16/12/07,708,Getafe,Villarreal,Home,4,1,3,A,0
16/12/2023,2324,Getafe,Sevilla,Away,7,3,0,A,0
17/01/10,910,Getafe,Malaga,Away,4,0,1,H,1
17/01/16,1516,Getafe,Espanol,Home,4,3,1,H,0
17/01/2020,1920,Getafe,Leganes,Away,4,3,0,A,0
17/02/08,708,Getafe,Valencia,Home,4,0,0,D,0
17/03/12,1112,Getafe,Sociedad,Home,1,1,0,H,0
17/03/18,1718,Getafe,Sociedad,Away,5,2,1,A,0
17/03/2019,1819,Getafe,Valencia,Away,1,0,0,D,0
17/05/15,1415,Getafe,Eibar,Home,3,1,1,D,0
17/05/2026,2526,Getafe,Elche,Away,0,0,1,H,1
17/06/07,607,Getafe,Celta,Away,3,1,2,H,0
17/08/13,1314,Getafe,Sociedad,Away,2,0,2,H,0
17/08/2025,2526,Getafe,Celta,Away,3,2,0,A,0
17/09/06,607,Getafe,Valencia,Away,6,0,2,H,0
17/09/2023,2324,Getafe,Osasuna,Home,6,3,2,H,0
17/10/2020,2021,Getafe,Barcelona,Home,4,1,0,H,0
17/12/06,607,Getafe,Ath Madrid,Away,3,0,1,H,0
17/12/11,1112,Getafe,Mallorca,Away,2,2,1,A,0
17/12/17,1718,Getafe,Girona,Away,0,0,1,H,0
18/01/09,809,Getafe,Santander,Home,3,0,1,A,0
18/01/15,1415,Getafe,Real Madrid,Home,0,0,3,A,0
18/01/2019,1819,Getafe,Alaves,Home,5,4,0,H,0
18/01/2025,2425,Getafe,Barcelona,Home,4,1,1,D,0
18/01/2026,2526,Getafe,Valencia,Home,3,0,1,A,0
18/02/07,607,Getafe,Ath Bilbao,Away,3,0,2,H,0
18/02/12,1112,Getafe,Espanol,Home,8,1,1,D,0
18/03/06,506,Getafe,La Coruna,Home,4,1,2,A,1
18/03/07,607,Getafe,La Coruna,Away,3,0,1,H,0
18/03/16,1516,Getafe,Eibar,Home,4,1,1,D,0
18/03/2022,2122,Getafe,Ath Bilbao,Away,2,1,1,D,2
18/04/09,809,Getafe,Barcelona,Home,0,0,1,A,0
18/04/10,910,Getafe,Tenerife,Away,7,2,3,H,0
18/04/15,1415,Getafe,Ath Bilbao,Away,1,0,4,H,1
18/04/18,1718,Getafe,Valencia,Away,3,2,1,A,0
18/04/2021,2021,Getafe,Real Madrid,Home,6,0,0,D,0
18/04/2025,2425,Getafe,Espanol,Away,4,0,1,H,1
18/05/08,708,Getafe,Betis,Home,7,1,1,D,0
18/05/13,1213,Getafe,Valencia,Home,1,0,1,A,0
18/05/14,1314,Getafe,Vallecano,Away,4,2,1,A,0
18/05/2019,1819,Getafe,Villarreal,Home,5,2,2,D,0
18/05/2024,2324,Getafe,Alaves,Away,4,0,1,H,1
18/05/2025,2425,Getafe,Mallorca,Away,4,2,1,A,0
18/08/12,1213,Getafe,Sevilla,Away,3,1,2,H,0
18/08/2019,1920,Getafe,Ath Madrid,Away,0,0,1,H,1
18/09/05,506,Getafe,Alaves,Away,6,4,3,A,0
18/09/11,1112,Getafe,Vallecano,Home,2,0,1,A,0
18/09/15,1516,Getafe,Malaga,Home,4,1,0,H,0
18/09/2021,2122,Getafe,Vallecano,Away,3,0,3,H,0
18/09/2022,2223,Getafe,Osasuna,Away,4,2,0,A,1
18/09/2024,2425,Getafe,Betis,Away,5,1,2,H,0
18/10/09,910,Getafe,Mallorca,Away,4,1,3,H,0
18/10/15,1516,Getafe,Las Palmas,Home,7,4,0,H,0
18/10/2022,2223,Getafe,Ath Bilbao,Home,4,2,2,D,0
18/11/12,1213,Getafe,Valladolid,Home,8,2,1,H,0
18/11/17,1718,Getafe,Alaves,Home,8,4,1,H,0
18/12/05,506,Getafe,Villarreal,Away,5,1,2,H,0
19/01/08,708,Getafe,Sevilla,Home,8,3,2,H,0
19/01/13,1213,Getafe,Sevilla,Home,3,1,1,D,0
19/01/14,1314,Getafe,Sociedad,Home,5,2,2,D,1
19/01/18,1718,Getafe,Ath Bilbao,Home,6,2,2,D,0
19/02/06,506,Getafe,Ath Madrid,Home,9,0,3,A,0
19/02/16,1516,Getafe,Levante,Away,6,0,3,H,0
19/02/18,1718,Getafe,Celta,Home,5,3,0,H,0
19/02/2021,2021,Getafe,Betis,Away,1,0,1,H,0
19/02/2022,2122,Getafe,Cadiz,Away,1,1,1,D,0
19/03/11,1011,Getafe,Barcelona,Away,3,1,2,H,0
19/03/2023,2223,Getafe,Sevilla,Home,4,2,0,H,0
19/04/14,1314,Getafe,Levante,Away,4,0,0,D,1
19/05/18,1718,Getafe,Malaga,Away,3,1,0,A,0
19/07/2020,1920,Getafe,Levante,Away,4,0,1,H,0
19/08/2018,1819,Getafe,Real Madrid,Away,1,0,2,H,0
19/09/2020,2021,Getafe,Osasuna,Home,1,1,0,H,0
19/10/08,809,Getafe,Malaga,Away,7,1,2,H,0
19/10/2019,1920,Getafe,Leganes,Home,2,2,0,H,0
19/10/2025,2526,Getafe,Real Madrid,Home,1,0,1,A,2
19/11/05,506,Getafe,Osasuna,Home,4,0,0,D,0
19/11/06,607,Getafe,Villarreal,Away,2,0,1,H,0
19/12/09,910,Getafe,Sevilla,Away,5,2,1,A,0
19/12/10,1011,Getafe,Almeria,Away,9,3,2,A,0
19/12/15,1516,Getafe,Valencia,Away,3,2,2,D,0
19/12/2021,2122,Getafe,Osasuna,Home,4,1,0,H,0
19/12/2023,2324,Getafe,Ath Madrid,Away,9,3,3,D,0
20/01/2021,2021,Getafe,Huesca,Home,5,1,0,H,0
20/01/2022,2122,Getafe,Granada,Home,4,4,2,H,0
20/02/11,1011,Getafe,Santander,Home,1,0,1,A,1
20/02/15,1415,Getafe,Espanol,Home,4,2,1,H,0
20/02/2023,2223,Getafe,Valencia,Home,6,1,0,H,0
20/03/10,910,Getafe,Ath Bilbao,Away,8,2,2,D,1
20/03/12,1112,Getafe,Osasuna,Away,2,0,0,D,0
20/04/08,708,Getafe,Levante,Away,2,1,3,H,0
20/04/2022,2122,Getafe,Celta,Away,3,2,0,A,0
20/05/07,607,Getafe,Espanol,Away,6,5,1,A,0
20/05/2023,2223,Getafe,Elche,Home,5,1,1,D,0
20/06/2020,1920,Getafe,Eibar,Home,2,1,1,D,0
20/08/17,1718,Getafe,Ath Bilbao,Away,2,0,0,D,1
20/08/2023,2324,Getafe,Girona,Away,2,0,3,H,0
20/09/08,809,Getafe,Espanol,Away,7,1,1,D,0
20/09/09,910,Getafe,Almeria,Away,11,0,1,H,0
20/09/10,1011,Getafe,La Coruna,Away,2,2,2,D,1
20/10/13,1314,Getafe,Granada,Away,7,2,0,A,0
20/10/14,1415,Getafe,Sociedad,Away,7,2,1,A,0
20/10/2024,2425,Getafe,Villarreal,Away,4,1,1,D,0
20/11/11,1112,Getafe,Sp Gijon,Away,1,1,2,H,1
20/12/06,607,Getafe,Espanol,Home,2,0,1,A,1
20/12/17,1718,Getafe,Las Palmas,Home,7,2,0,H,0
20/12/2020,2021,Getafe,Cadiz,Away,4,2,0,A,0
21/01/07,607,Getafe,Celta,Home,2,1,0,H,0
21/01/12,1112,Getafe,Santander,Away,5,2,1,A,0
21/01/2024,2324,Getafe,Osasuna,Away,7,2,3,H,0
21/03/06,506,Getafe,Barcelona,Away,4,1,3,H,0
21/03/15,1415,Getafe,Ath Madrid,Away,1,0,2,H,0
21/03/2021,2021,Getafe,Elche,Home,5,1,1,D,0
21/03/2026,2526,Getafe,Espanol,Away,5,2,1,A,0
21/04/09,809,Getafe,Real Madrid,Away,4,2,3,H,0
21/04/13,1213,Getafe,Espanol,Home,3,0,2,A,2
21/04/16,1516,Getafe,Sociedad,Away,3,2,1,A,0
21/04/18,1718,Getafe,Eibar,Away,4,1,0,A,0
21/04/2019,1819,Getafe,Sevilla,Home,3,3,0,H,1
21/04/2024,2324,Getafe,Sociedad,Home,4,1,1,D,0
21/05/11,1011,Getafe,Sociedad,Away,1,1,1,D,0
21/09/05,506,Getafe,Mallorca,Home,5,1,1,D,0
21/09/17,1718,Getafe,Celta,Away,3,1,1,D,0
21/09/2021,2122,Getafe,Ath Madrid,Home,2,1,2,A,1
21/09/2025,2526,Getafe,Barcelona,Away,2,0,3,H,0
21/10/07,708,Getafe,Murcia,Home,2,2,0,H,1
21/10/12,1213,Getafe,Levante,Home,6,0,1,A,0
21/10/17,1718,Getafe,Levante,Away,5,1,1,D,0
21/10/2018,1819,Getafe,Vallecano,Away,2,2,1,A,0
21/10/2023,2324,Getafe,Betis,Home,4,1,1,D,0
21/11/2021,2122,Getafe,Cadiz,Home,8,4,0,H,0
21/12/05,506,Getafe,Sevilla,Home,3,1,0,H,1
21/12/08,809,Getafe,Osasuna,Away,7,2,5,H,0
21/12/12,1213,Getafe,Valencia,Away,6,2,4,H,0
21/12/14,1415,Getafe,Granada,Away,4,1,1,D,0
21/12/2018,1819,Getafe,Girona,Away,2,1,1,D,0
21/12/2019,1920,Getafe,Villarreal,Away,0,0,1,H,1
21/12/2024,2425,Getafe,Mallorca,Home,5,0,1,A,0
21/12/2025,2526,Getafe,Betis,Away,3,0,4,H,0
22/01/06,506,Getafe,Espanol,Home,6,5,0,H,0
22/01/2023,2223,Getafe,Barcelona,Away,3,0,1,H,0
22/02/09,809,Getafe,Ath Bilbao,Home,8,1,1,D,0
22/02/10,910,Getafe,Valencia,Away,3,1,2,H,0
22/02/14,1314,Getafe,Celta,Away,4,1,1,D,1
22/02/2026,2526,Getafe,Sevilla,Home,3,0,1,A,1
22/03/09,809,Getafe,Recreativo,Home,13,2,1,H,0
22/03/14,1314,Getafe,Ath Bilbao,Away,3,0,1,H,0
22/04/07,607,Getafe,Levante,Away,2,1,1,D,0
22/04/12,1112,Getafe,Granada,Away,2,0,1,H,0
22/04/2021,2021,Getafe,Barcelona,Away,1,2,5,H,0
22/04/2026,2526,Getafe,Sociedad,Away,0,1,0,A,0
22/05/2022,2122,Getafe,Elche,Away,2,1,3,H,0
22/08/15,1516,Getafe,Espanol,Away,3,0,1,H,1
22/08/2022,2223,Getafe,Girona,Away,3,1,3,H,1
22/09/11,1112,Getafe,Espanol,Away,0,0,1,H,0
22/09/12,1213,Getafe,Celta,Away,4,1,2,H,1
22/09/13,1314,Getafe,Real Madrid,Away,4,1,4,H,1
22/09/14,1415,Getafe,Valencia,Home,5,0,3,A,0
22/09/15,1516,Getafe,Ath Madrid,Away,2,0,2,H,0
22/09/2018,1819,Getafe,Ath Madrid,Home,2,0,2,A,1
22/09/2019,1920,Getafe,Mallorca,Home,5,4,2,H,0
22/09/2024,2425,Getafe,Leganes,Home,3,1,1,D,0
22/10/06,607,Getafe,Recreativo,Away,7,2,1,A,0
22/11/09,910,Getafe,Espanol,Away,4,2,0,A,0
22/11/10,1011,Getafe,Zaragoza,Home,3,1,1,D,0
22/11/2020,2021,Getafe,Eibar,Away,3,0,0,D,0
22/11/2024,2425,Getafe,Valladolid,Home,5,2,0,H,0
22/12/07,708,Getafe,Almeria,Away,3,2,0,A,0
22/12/13,1314,Getafe,Barcelona,Home,2,2,5,A,0
23/01/11,1011,Getafe,Espanol,Home,5,1,3,A,0
23/01/16,1516,Getafe,Granada,Away,2,2,3,H,0
23/01/2022,2122,Getafe,Sociedad,Away,2,0,0,D,0
23/02/13,1213,Getafe,Mallorca,Away,4,3,1,A,0
23/02/2019,1819,Getafe,Vallecano,Home,2,2,1,H,0
23/02/2020,1920,Getafe,Sevilla,Home,2,0,3,A,0
23/02/2025,2425,Getafe,Betis,Home,4,1,2,A,1
23/03/08,708,Getafe,Ath Bilbao,Away,1,0,1,H,0
23/04/06,506,Getafe,Santander,Away,13,3,1,A,0
23/04/2023,2223,Getafe,Mallorca,Away,1,1,3,H,0
23/04/2025,2425,Getafe,Real Madrid,Home,6,0,1,A,0
23/05/09,809,Getafe,Numancia,Home,7,1,0,H,0
23/05/15,1415,Getafe,Real Madrid,Away,6,3,7,H,0
23/05/2021,2021,Getafe,Granada,Away,2,0,0,D,0
23/05/2026,2526,Getafe,Osasuna,Home,3,1,0,H,0
23/06/2020,1920,Getafe,Valladolid,Away,1,1,1,D,0
23/08/13,1314,Getafe,Almeria,Home,5,2,2,D,0
23/08/2021,2122,Getafe,Sevilla,Home,0,0,1,A,0
23/09/07,708,Getafe,La Coruna,Home,3,0,0,D,0
23/09/09,910,Getafe,Valencia,Home,6,3,1,H,0
23/09/10,1011,Getafe,Malaga,Home,7,0,2,A,1
23/10/05,506,Getafe,Zaragoza,Home,8,5,2,H,0
23/10/11,1112,Getafe,Sociedad,Away,2,0,0,D,0
23/11/08,809,Getafe,Barcelona,Away,4,1,1,D,0
23/11/13,1314,Getafe,Ath Madrid,Away,1,0,7,H,1
23/11/14,1415,Getafe,Villarreal,Away,5,1,2,H,0
23/11/15,1516,Getafe,Vallecano,Home,8,1,1,D,0
23/11/2025,2526,Getafe,Ath Madrid,Home,1,0,1,A,0
23/12/2020,2021,Getafe,Celta,Home,3,1,1,D,0
24/01/10,910,Getafe,Ath Madrid,Home,5,1,0,H,0
24/02/08,708,Getafe,Real Madrid,Away,4,1,0,A,0
24/02/2024,2324,Getafe,Barcelona,Away,4,0,4,H,0
24/03/12,1112,Getafe,Valencia,Home,4,3,1,H,0
24/04/11,1011,Getafe,Mallorca,Away,3,0,2,H,0
24/04/16,1516,Getafe,Valencia,Home,11,2,2,D,0
24/05/2023,2223,Getafe,Betis,Away,2,1,0,A,0
24/05/2025,2425,Getafe,Celta,Home,1,1,2,A,1
24/08/14,1415,Getafe,Celta,Away,3,1,3,H,0
24/08/2018,1819,Getafe,Eibar,Home,4,2,0,H,0
24/08/2019,1920,Getafe,Ath Bilbao,Home,2,1,1,D,0
24/08/2024,2425,Getafe,Vallecano,Home,0,0,0,D,0
24/09/05,506,Getafe,Ath Madrid,Away,4,1,0,A,1
24/09/06,607,Getafe,Ath Bilbao,Home,2,0,0,D,1
24/09/08,809,Getafe,Ath Madrid,Home,6,1,2,A,0
24/09/17,1718,Getafe,Villarreal,Home,8,4,0,H,0
24/09/2023,2324,Getafe,Sociedad,Away,7,3,4,H,0
24/09/2025,2526,Getafe,Alaves,Home,1,1,1,D,0
24/10/10,1011,Getafe,Sp Gijon,Home,6,3,0,H,0
24/10/15,1516,Getafe,Sevilla,Away,0,0,5,H,1
24/10/2022,2223,Getafe,Celta,Away,1,1,1,D,0
24/11/2019,1920,Getafe,Espanol,Away,2,1,1,D,0
25/01/09,809,Getafe,Sp Gijon,Home,10,5,1,H,0
25/01/2021,2021,Getafe,Ath Bilbao,Away,2,1,5,H,0
25/02/07,607,Getafe,Sevilla,Home,5,0,0,D,0
25/02/12,1112,Getafe,Betis,Away,3,1,1,D,0
25/02/18,1718,Getafe,Villarreal,Away,2,0,1,H,0
25/03/10,910,Getafe,Real Madrid,Home,4,2,4,A,0
25/04/10,910,Getafe,Sevilla,Home,9,4,3,H,0
25/04/15,1415,Getafe,Levante,Home,2,0,1,A,0
25/04/2019,1819,Getafe,Real Madrid,Home,5,0,0,D,0
25/04/2021,2021,Getafe,Huesca,Away,4,2,0,A,0
25/04/2026,2526,Getafe,Barcelona,Home,0,0,2,A,0
25/08/07,708,Getafe,Sevilla,Away,3,1,4,H,2
25/08/2025,2526,Getafe,Sevilla,Away,6,2,1,A,0
25/09/14,1415,Getafe,Espanol,Away,2,0,2,H,0
25/09/2019,1920,Getafe,Valencia,Away,5,3,3,D,0
25/09/2024,2425,Getafe,Barcelona,Away,1,0,1,H,0
25/10/09,910,Getafe,Ath Bilbao,Home,10,2,0,H,0
25/10/2020,2021,Getafe,Granada,Home,1,0,1,A,0
25/10/2021,2122,Getafe,Celta,Home,2,0,3,A,2
25/10/2025,2526,Getafe,Ath Bilbao,Away,3,1,0,A,0
25/11/07,708,Getafe,Zaragoza,Away,9,1,1,D,0
25/11/12,1213,Getafe,Espanol,Away,7,2,0,A,0
25/11/2018,1819,Getafe,Ath Bilbao,Away,2,1,1,D,0
25/11/2023,2324,Getafe,Almeria,Home,5,2,1,H,0
26/01/14,1314,Getafe,Almeria,Away,5,0,1,H,0
26/01/15,1415,Getafe,Celta,Home,6,2,1,H,0
26/01/2019,1819,Getafe,Ath Madrid,Away,2,0,2,H,2
26/01/2020,1920,Getafe,Betis,Home,3,1,0,H,0
26/01/2025,2425,Getafe,Sociedad,Away,4,3,0,A,0
26/01/2026,2526,Getafe,Girona,Away,2,1,1,D,0
26/02/06,506,Getafe,Valencia,Away,4,1,1,D,1
26/02/2022,2122,Getafe,Alaves,Home,3,2,2,D,1
26/03/06,506,Getafe,Sociedad,Home,3,2,1,H,0
26/04/09,809,Getafe,Villarreal,Home,5,1,2,A,1
26/04/14,1314,Getafe,Malaga,Home,3,1,0,H,1
26/04/2023,2223,Getafe,Almeria,Home,9,1,2,A,1
26/05/07,607,Getafe,Barcelona,Away,3,0,1,H,0
26/05/13,1213,Getafe,Vallecano,Home,6,1,2,A,0
26/05/2024,2324,Getafe,Mallorca,Home,6,1,2,A,0
26/08/12,1213,Getafe,Real Madrid,Home,3,2,1,H,0
26/09/07,708,Getafe,Valencia,Away,7,1,2,H,0
26/09/10,1011,Getafe,Santander,Away,2,1,0,A,0
26/09/11,1112,Getafe,Betis,Home,5,1,0,H,0
26/09/13,1314,Getafe,Celta,Home,3,2,0,H,0
26/09/2020,2021,Getafe,Alaves,Away,4,0,0,D,0
26/09/2021,2122,Getafe,Betis,Away,3,0,2,H,0
26/10/08,809,Getafe,Valladolid,Home,6,1,0,H,0
26/10/11,1112,Getafe,Osasuna,Home,4,2,2,D,0
26/10/14,1415,Getafe,Ath Madrid,Home,4,0,1,A,1
26/11/06,607,Getafe,Levante,Home,2,0,0,D,0
26/11/11,1112,Getafe,Barcelona,Home,1,1,0,H,0
27/01/08,708,Getafe,Recreativo,Away,5,3,1,A,0
27/01/13,1213,Getafe,Real Madrid,Away,3,0,4,H,0
27/02/10,910,Getafe,Zaragoza,Home,5,0,2,A,0
27/02/11,1011,Getafe,Hercules,Away,7,0,0,D,0
27/02/16,1516,Getafe,Celta,Home,2,0,1,A,0
27/02/2021,2021,Getafe,Valencia,Home,4,3,0,H,0
27/02/2023,2223,Getafe,Villarreal,Away,3,1,2,H,0
27/03/14,1314,Getafe,Villarreal,Home,1,0,1,A,0
27/04/08,708,Getafe,Ath Madrid,Home,2,1,1,D,0
27/04/2024,2324,Getafe,Almeria,Away,5,3,1,A,0
27/08/06,607,Getafe,Osasuna,Away,2,2,0,A,0
27/08/17,1718,Getafe,Sevilla,Home,3,0,1,A,0
27/09/09,910,Getafe,Zaragoza,Away,4,0,3,H,0
27/09/15,1516,Getafe,Levante,Home,8,3,0,H,0
27/09/2018,1819,Getafe,Alaves,Away,5,1,1,D,0
27/09/2023,2324,Getafe,Ath Bilbao,Away,5,2,2,D,0
27/09/2025,2526,Getafe,Levante,Home,4,1,1,D,0
27/10/05,506,Getafe,Sociedad,Away,8,0,3,H,0
27/10/2019,1920,Getafe,Sevilla,Away,4,0,2,H,0
27/10/2024,2425,Getafe,Valencia,Home,4,1,1,D,0
27/11/05,506,Getafe,Malaga,Home,6,3,2,H,0
27/11/10,1011,Getafe,Sevilla,Away,6,3,1,A,0
27/11/17,1718,Getafe,Espanol,Away,4,0,1,H,0
27/11/2021,2122,Getafe,Mallorca,Away,0,0,0,D,0
28/01/06,506,Getafe,Ath Bilbao,Away,4,0,1,H,0
28/01/07,607,Getafe,Osasuna,Home,7,2,0,H,0
28/01/18,1718,Getafe,Sevilla,Away,2,1,1,D,0
28/01/2023,2223,Getafe,Betis,Home,1,0,1,A,0
28/02/15,1415,Getafe,Malaga,Away,6,2,3,H,0
28/02/18,1718,Getafe,La Coruna,Home,5,3,0,H,0
28/03/10,910,Getafe,La Coruna,Away,9,3,1,A,0
28/04/12,1112,Getafe,Mallorca,Home,3,1,3,A,0
28/04/13,1213,Getafe,Malaga,Away,4,1,2,H,0
28/04/15,1415,Getafe,Barcelona,Away,3,0,6,H,0
28/04/2019,1819,Getafe,Sociedad,Away,3,1,2,H,0
28/05/2023,2223,Getafe,Osasuna,Home,6,2,1,H,0
28/08/05,506,Getafe,Espanol,Away,9,2,0,A,0
28/08/11,1112,Getafe,Levante,Home,2,1,1,D,0
28/08/2022,2223,Getafe,Villarreal,Home,2,0,0,D,0
28/08/2023,2324,Getafe,Alaves,Home,4,1,0,H,0
28/09/08,809,Getafe,Ath Bilbao,Away,3,1,0,A,0
28/09/14,1415,Getafe,Malaga,Home,3,1,0,H,0
28/09/2019,1920,Getafe,Barcelona,Home,1,0,2,A,0
28/09/2024,2425,Getafe,Alaves,Home,8,2,0,H,0
28/10/07,708,Getafe,Santander,Away,2,0,2,H,0
28/10/12,1213,Getafe,Ath Bilbao,Away,8,2,1,A,0
28/10/13,1314,Getafe,Ath Bilbao,Home,3,0,1,A,0
28/10/2018,1819,Getafe,Betis,Home,7,2,0,H,0
28/10/2021,2122,Getafe,Granada,Away,4,1,1,D,0
28/10/2023,2324,Getafe,Mallorca,Away,0,0,0,D,0
28/11/2025,2526,Getafe,Elche,Home,6,1,0,H,0
29/01/11,1011,Getafe,Levante,Away,0,0,2,H,1
29/01/12,1112,Getafe,Levante,Away,6,2,1,A,1
29/01/2024,2324,Getafe,Granada,Home,4,2,0,H,0
29/04/07,607,Getafe,Sociedad,Home,4,1,0,H,0
29/04/18,1718,Getafe,Girona,Home,2,1,1,D,1
29/06/2020,1920,Getafe,Sociedad,Home,4,2,1,H,0
29/08/10,1011,Getafe,Espanol,Away,1,1,3,H,0
29/08/14,1415,Getafe,Almeria,Home,3,1,0,H,0
29/08/2021,2122,Getafe,Barcelona,Away,3,1,2,H,0
29/08/2025,2526,Getafe,Valencia,Away,1,0,3,H,0
29/09/13,1314,Getafe,Espanol,Away,3,2,0,A,0
29/09/2020,2021,Getafe,Betis,Home,4,3,0,H,0
29/10/06,607,Getafe,La Coruna,Home,5,2,0,H,0
29/10/11,1112,Getafe,Valencia,Away,3,1,3,H,0
29/10/17,1718,Getafe,Sociedad,Home,5,2,1,H,0
29/11/08,809,Getafe,Real Madrid,Home,3,3,1,H,0
29/11/09,910,Getafe,Xerez,Home,6,5,1,H,0
29/11/13,1314,Getafe,Levante,Home,2,1,0,H,0
29/11/14,1415,Getafe,Ath Bilbao,Home,7,1,2,A,0
29/11/15,1516,Getafe,Villarreal,Home,5,2,0,H,0
29/11/2020,2021,Getafe,Ath Bilbao,Home,3,1,1,D,0
30/01/16,1516,Getafe,Ath Bilbao,Home,3,0,1,A,1
30/03/08,708,Getafe,Osasuna,Home,2,0,2,A,1
30/03/14,1314,Getafe,Valencia,Away,6,3,1,A,0
30/03/2019,1819,Getafe,Leganes,Home,2,0,2,A,0
30/03/2024,2324,Getafe,Sevilla,Home,5,0,1,A,0
30/03/2025,2425,Getafe,Villarreal,Home,4,1,2,A,0
30/04/06,506,Getafe,Villarreal,Home,8,1,1,D,0
30/04/2023,2223,Getafe,Espanol,Away,2,0,1,H,0
30/08/09,910,Getafe,Santander,Away,6,4,1,A,0
30/08/15,1516,Getafe,Granada,Home,4,1,2,A,0
30/09/07,708,Getafe,Real Madrid,Home,6,0,1,A,0
30/09/17,1718,Getafe,La Coruna,Away,3,1,2,H,0
30/09/2023,2324,Getafe,Villarreal,Home,9,0,0,D,0
30/10/05,506,Getafe,La Coruna,Away,3,0,1,H,0
30/12/15,1516,Getafe,La Coruna,Home,5,0,0,D,0
30/12/2020,2021,Getafe,Ath Madrid,Away,2,0,1,H,0
30/12/2022,2223,Getafe,Mallorca,Home,6,2,0,H,0
31/01/10,910,Getafe,Santander,Home,2,0,0,D,0
31/01/2021,2021,Getafe,Alaves,Home,1,0,0,D,0
31/05/09,809,Getafe,Santander,Away,4,1,1,D,0
31/08/08,809,Getafe,Sp Gijon,Away,9,2,1,A,0
31/08/13,1314,Getafe,Valladolid,Away,0,0,1,H,0
31/08/2018,1819,Getafe,Valladolid,Home,3,0,0,D,0
31/08/2019,1920,Getafe,Alaves,Home,1,1,1,D,0
31/10/07,708,Getafe,Ath Bilbao,Home,6,2,0,H,0
31/10/09,910,Getafe,Real Madrid,Away,7,0,2,H,0
31/10/10,1011,Getafe,Ath Bilbao,Away,2,0,3,H,0
31/10/13,1314,Getafe,Villarreal,Away,4,2,0,A,0
31/10/14,1415,Getafe,La Coruna,Away,4,2,1,A,0
31/10/15,1516,Getafe,Barcelona,Home,0,0,2,A,0
31/10/2019,1920,Getafe,Granada,Home,3,3,1,H,0
31/10/2021,2122,Getafe,Espanol,Home,7,2,1,H,0
31/10/2022,2223,Getafe,Elche,Away,3,1,0,A,1
31/10/2025,2526,Getafe,Girona,Home,4,2,1,H,0
01/04/07,607,Gimnastic,Recreativo,Home,3,1,1,D,1
01/10/06,607,Gimnastic,Valencia,Away,1,0,4,H,0
03/12/06,607,Gimnastic,Villarreal,Away,2,0,2,H,0
04/02/07,607,Gimnastic,Celta,Away,3,1,1,D,0
04/03/07,607,Gimnastic,Ath Bilbao,Away,2,2,0,A,1
05/11/06,607,Gimnastic,Recreativo,Away,2,1,2,H,1
06/01/07,607,Gimnastic,Ath Madrid,Away,2,0,0,D,0
06/05/07,607,Gimnastic,Levante,Away,2,0,2,H,0
08/04/07,607,Gimnastic,La Coruna,Away,0,0,1,H,0
10/06/07,607,Gimnastic,Getafe,Away,1,1,0,A,0
10/09/06,607,Gimnastic,Celta,Home,2,1,2,A,0
10/12/06,607,Gimnastic,Levante,Home,3,2,1,H,0
11/02/07,607,Gimnastic,Osasuna,Home,8,2,3,A,0
11/03/07,607,Gimnastic,Sevilla,Home,3,1,0,H,0
12/11/06,607,Gimnastic,La Coruna,Home,2,0,0,D,0
13/05/07,607,Gimnastic,Sociedad,Home,5,1,3,A,0
14/01/07,607,Gimnastic,Getafe,Home,4,1,3,A,0
15/04/07,607,Gimnastic,Zaragoza,Home,4,1,0,H,0
15/10/06,607,Gimnastic,Ath Bilbao,Home,5,2,3,A,1
17/06/07,607,Gimnastic,Barcelona,Home,2,1,5,A,0
17/09/06,607,Gimnastic,Osasuna,Away,1,0,2,H,0
17/12/06,607,Gimnastic,Sociedad,Away,3,2,3,H,0
18/02/07,607,Gimnastic,Santander,Away,2,1,4,H,0
18/03/07,607,Gimnastic,Real Madrid,Away,0,0,2,H,1
19/05/07,607,Gimnastic,Betis,Away,3,1,1,D,0
19/11/06,607,Gimnastic,Zaragoza,Away,4,0,3,H,0
20/12/06,607,Gimnastic,Betis,Home,2,0,1,A,0
21/01/07,607,Gimnastic,Barcelona,Away,0,0,3,H,0
22/04/07,607,Gimnastic,Mallorca,Away,2,0,1,H,0
22/10/06,607,Gimnastic,Sevilla,Away,5,1,2,H,0
24/09/06,607,Gimnastic,Santander,Home,5,2,2,D,0
25/02/07,607,Gimnastic,Valencia,Home,3,1,1,D,0
26/11/06,607,Gimnastic,Mallorca,Home,5,2,3,A,0
27/05/07,607,Gimnastic,Ath Madrid,Home,5,0,2,A,1
27/08/06,607,Gimnastic,Espanol,Away,7,1,0,A,0
28/01/07,607,Gimnastic,Espanol,Home,6,4,0,H,0
28/10/06,607,Gimnastic,Real Madrid,Home,4,1,3,A,0
29/04/07,607,Gimnastic,Villarreal,Home,2,0,3,A,0
01/03/2019,1819,Girona,Vallecano,Away,4,2,0,A,0
01/03/2025,2425,Girona,Celta,Home,6,2,2,D,0
01/03/2026,2526,Girona,Celta,Home,7,1,2,A,0
01/04/2023,2223,Girona,Espanol,Home,4,2,1,H,0
01/05/2023,2223,Girona,Sevilla,Away,3,2,0,A,0
01/05/2026,2526,Girona,Mallorca,Home,4,0,1,A,0
01/09/2024,2425,Girona,Sevilla,Away,4,2,0,A,0
01/12/2024,2425,Girona,Villarreal,Away,6,2,2,D,0
02/04/2019,1819,Girona,Ath Madrid,Away,4,0,2,H,0
02/10/2022,2223,Girona,Sociedad,Home,8,3,5,A,0
02/11/2024,2425,Girona,Leganes,Home,6,4,3,H,0
02/12/2018,1819,Girona,Ath Madrid,Home,3,1,1,D,0
02/12/2023,2324,Girona,Valencia,Home,5,2,1,H,0
03/01/2024,2324,Girona,Ath Madrid,Home,9,4,3,H,0
03/02/2019,1819,Girona,Eibar,Away,2,0,3,H,0
03/02/2024,2324,Girona,Sociedad,Home,3,0,0,D,0
03/02/2025,2425,Girona,Las Palmas,Home,4,2,1,H,0
03/03/18,1718,Girona,Villarreal,Away,3,2,0,A,0
03/03/2024,2324,Girona,Mallorca,Away,4,0,1,H,0
03/09/2022,2223,Girona,Mallorca,Away,4,1,1,D,0
03/09/2023,2324,Girona,Las Palmas,Home,6,1,0,H,0
03/11/2018,1819,Girona,Valencia,Away,3,1,0,A,0
04/01/2019,1819,Girona,Levante,Away,2,2,2,D,0
04/01/2026,2526,Girona,Mallorca,Away,4,2,1,A,0
04/02/18,1718,Girona,Ath Bilbao,Home,3,2,0,H,0
04/03/2023,2223,Girona,Getafe,Away,7,2,3,H,0
04/05/2023,2223,Girona,Mallorca,Home,7,2,1,H,0
04/05/2024,2324,Girona,Barcelona,Home,7,4,2,H,0
04/06/2023,2223,Girona,Osasuna,Away,6,1,2,H,0
04/10/2025,2526,Girona,Valencia,Home,4,2,1,H,2
04/11/2022,2223,Girona,Ath Bilbao,Home,10,2,1,H,0
04/11/2023,2324,Girona,Osasuna,Away,4,4,2,A,0
04/12/17,1718,Girona,Alaves,Home,3,2,3,A,0
05/02/2023,2223,Girona,Valencia,Home,8,1,0,H,0
05/04/2025,2425,Girona,Alaves,Home,6,0,1,A,0
05/05/18,1718,Girona,Eibar,Home,5,1,4,A,0
05/05/2019,1819,Girona,Getafe,Away,2,0,2,H,1
05/05/2025,2425,Girona,Mallorca,Home,6,1,0,H,0
05/11/17,1718,Girona,Levante,Away,5,2,1,A,0
06/01/18,1718,Girona,Valencia,Away,5,1,2,H,0
06/04/2019,1819,Girona,Espanol,Home,5,1,2,A,0
06/04/2026,2526,Girona,Villarreal,Home,2,1,0,H,0
06/10/2018,1819,Girona,Eibar,Home,3,2,3,A,0
06/10/2024,2425,Girona,Ath Bilbao,Home,6,2,1,H,0
07/01/2023,2223,Girona,Espanol,Away,5,2,2,D,0
07/03/2026,2526,Girona,Levante,Away,5,1,1,D,0
07/10/2023,2324,Girona,Cadiz,Away,5,1,0,A,0
07/12/2024,2425,Girona,Real Madrid,Home,4,0,3,A,0
07/12/2025,2526,Girona,Elche,Away,4,0,3,H,0
08/02/2025,2425,Girona,Ath Bilbao,Away,1,0,3,H,0
08/02/2026,2526,Girona,Sevilla,Away,6,1,1,D,0
08/04/18,1718,Girona,Sociedad,Away,1,0,5,H,0
08/10/2022,2223,Girona,Ath Madrid,Away,4,1,2,H,0
08/11/2022,2223,Girona,Elche,Away,3,2,1,A,0
08/11/2025,2526,Girona,Alaves,Home,2,1,0,H,0
09/02/2019,1819,Girona,Huesca,Home,7,0,2,A,1
09/03/18,1718,Girona,La Coruna,Home,6,2,0,H,0
09/03/2024,2324,Girona,Osasuna,Home,6,2,0,H,0
09/09/2022,2223,Girona,Valladolid,Home,5,2,1,H,0
10/01/2026,2526,Girona,Osasuna,Home,4,1,0,H,1
10/02/2023,2223,Girona,Cadiz,Away,1,0,2,H,0
10/02/2024,2324,Girona,Real Madrid,Away,0,0,4,H,0
10/03/2019,1819,Girona,Valencia,Home,8,2,3,A,0
10/03/2025,2425,Girona,Espanol,Away,4,1,1,D,0
10/04/2023,2223,Girona,Barcelona,Away,0,0,0,D,0
10/04/2026,2526,Girona,Real Madrid,Away,2,1,1,D,0
10/05/2024,2324,Girona,Alaves,Away,5,2,2,D,0
10/05/2025,2425,Girona,Villarreal,Home,0,0,1,A,0
10/09/17,1718,Girona,Ath Bilbao,Away,7,0,2,H,0
10/11/2018,1819,Girona,Leganes,Home,0,0,0,D,0
10/11/2024,2425,Girona,Getafe,Away,2,1,0,A,0
10/12/2018,1819,Girona,Ath Bilbao,Away,1,0,1,H,0
10/12/2023,2324,Girona,Barcelona,Away,7,4,2,A,0
11/01/2025,2425,Girona,Alaves,Away,1,1,0,A,0
11/02/18,1718,Girona,Sevilla,Away,6,0,1,H,0
11/05/2026,2526,Girona,Vallecano,Away,5,1,1,D,0
11/11/2023,2324,Girona,Vallecano,Away,7,2,1,A,0
11/12/17,1718,Girona,Espanol,Away,5,1,0,A,0
12/01/2019,1819,Girona,Alaves,Home,4,1,1,D,0
12/05/18,1718,Girona,Valencia,Home,4,0,1,A,0
12/05/2019,1819,Girona,Levante,Home,6,1,2,A,0
12/08/2023,2324,Girona,Sociedad,Away,1,1,1,D,0
12/12/2025,2526,Girona,Sociedad,Away,3,2,1,A,0
13/01/18,1718,Girona,Las Palmas,Home,8,6,0,H,0
13/03/2023,2223,Girona,Ath Madrid,Home,4,0,1,A,0
13/04/18,1718,Girona,Betis,Home,4,0,1,A,0
13/04/2024,2324,Girona,Ath Madrid,Away,5,1,3,H,0
13/04/2025,2425,Girona,Osasuna,Away,8,1,2,H,0
13/05/2023,2223,Girona,Sociedad,Away,6,2,2,D,1
13/05/2025,2425,Girona,Valladolid,Away,5,1,0,A,0
14/01/2023,2223,Girona,Sevilla,Home,7,2,1,H,0
14/01/2024,2324,Girona,Almeria,Away,1,0,0,D,1
14/02/2025,2425,Girona,Getafe,Home,4,1,2,A,1
14/03/2026,2526,Girona,Ath Bilbao,Home,6,3,0,H,0
14/04/2019,1819,Girona,Villarreal,Home,5,0,1,A,0
14/05/2024,2324,Girona,Villarreal,Home,5,0,1,A,0
14/05/2026,2526,Girona,Sociedad,Home,4,1,1,D,0
14/08/2022,2223,Girona,Valencia,Away,1,0,1,H,0
14/09/2025,2526,Girona,Celta,Away,8,1,1,D,0
14/12/2024,2425,Girona,Mallorca,Away,1,1,2,H,0
15/03/2025,2425,Girona,Valencia,Home,4,1,1,D,0
15/08/2024,2425,Girona,Betis,Away,2,1,1,D,0
15/08/2025,2526,Girona,Vallecano,Home,2,1,3,A,1
15/09/2024,2425,Girona,Barcelona,Home,4,1,4,A,0
15/10/17,1718,Girona,Villarreal,Home,3,1,2,A,0
15/10/2022,2223,Girona,Cadiz,Home,6,1,1,D,0
16/01/2026,2526,Girona,Espanol,Away,4,2,0,A,0
16/02/18,1718,Girona,Leganes,Home,5,3,0,H,0
16/02/2026,2526,Girona,Barcelona,Home,9,2,1,H,1
16/03/2019,1819,Girona,Leganes,Away,4,2,0,A,0
16/03/2024,2324,Girona,Getafe,Away,3,0,1,H,0
16/04/2023,2223,Girona,Elche,Home,4,2,0,H,0
16/12/2018,1819,Girona,Sevilla,Away,2,0,2,H,0
17/02/2019,1819,Girona,Real Madrid,Away,6,2,1,A,0
17/02/2023,2223,Girona,Almeria,Home,8,6,2,H,0
17/05/2026,2526,Girona,Ath Madrid,Away,11,0,1,H,0
17/08/2018,1819,Girona,Valladolid,Home,1,0,0,D,0
17/09/17,1718,Girona,Sevilla,Home,0,0,1,A,0
17/09/2018,1819,Girona,Celta,Home,6,3,2,H,0
17/11/17,1718,Girona,Sociedad,Home,4,1,1,D,0
17/12/17,1718,Girona,Getafe,Home,2,1,0,H,0
18/01/2025,2425,Girona,Sevilla,Home,4,1,2,A,0
18/03/18,1718,Girona,Real Madrid,Away,6,3,6,H,0
18/03/2023,2223,Girona,Vallecano,Away,4,2,2,D,0
18/05/2019,1819,Girona,Alaves,Away,4,1,2,H,0
18/05/2025,2425,Girona,Sociedad,Away,5,2,3,H,0
18/09/2022,2223,Girona,Betis,Away,3,1,2,H,0
18/09/2023,2324,Girona,Granada,Away,7,4,2,A,0
18/10/2025,2526,Girona,Barcelona,Away,4,1,2,H,0
18/12/2023,2324,Girona,Alaves,Home,4,3,0,H,0
19/02/2024,2324,Girona,Ath Bilbao,Away,6,2,3,H,0
19/04/18,1718,Girona,Alaves,Away,5,2,1,A,0
19/05/18,1718,Girona,Las Palmas,Away,6,2,1,A,0
19/05/2024,2324,Girona,Valencia,Away,5,3,1,A,0
19/08/17,1718,Girona,Ath Madrid,Home,6,2,2,D,0
19/10/2024,2425,Girona,Sociedad,Home,3,0,1,A,0
20/01/18,1718,Girona,Ath Madrid,Away,3,1,1,D,0
20/01/2019,1819,Girona,Betis,Away,5,2,3,H,0
20/04/2019,1819,Girona,Celta,Away,1,1,2,H,0
20/04/2024,2324,Girona,Cadiz,Home,5,4,1,H,0
20/05/2023,2223,Girona,Villarreal,Home,3,1,2,A,0
20/08/2023,2324,Girona,Getafe,Home,6,3,0,H,0
20/09/17,1718,Girona,Leganes,Away,0,0,0,D,0
20/09/2025,2526,Girona,Levante,Home,1,0,4,A,2
20/10/2022,2223,Girona,Almeria,Away,5,2,3,H,0
20/12/2024,2425,Girona,Valladolid,Home,7,3,0,H,0
21/01/2024,2324,Girona,Sevilla,Home,8,5,1,H,0
21/03/2026,2526,Girona,Osasuna,Away,0,0,1,H,0
21/04/2025,2425,Girona,Betis,Home,5,1,3,A,0
21/04/2026,2526,Girona,Betis,Home,2,2,3,A,0
21/09/2024,2425,Girona,Valencia,Away,3,0,2,H,0
21/12/17,1718,Girona,Eibar,Away,1,1,4,H,0
21/12/2018,1819,Girona,Getafe,Home,4,1,1,D,0
21/12/2023,2324,Girona,Betis,Away,4,1,1,D,0
21/12/2025,2526,Girona,Ath Madrid,Home,2,0,3,A,0
22/01/2023,2223,Girona,Villarreal,Away,1,0,1,H,1
22/04/18,1718,Girona,Espanol,Home,6,0,2,A,0
22/04/2023,2223,Girona,Valladolid,Away,6,0,1,H,0
22/08/2022,2223,Girona,Getafe,Home,6,3,1,H,0
22/10/2018,1819,Girona,Sociedad,Away,2,0,0,D,0
22/10/2023,2324,Girona,Almeria,Home,8,5,2,H,0
23/02/2025,2425,Girona,Real Madrid,Away,2,0,2,H,0
23/02/2026,2526,Girona,Alaves,Away,5,2,2,D,0
23/04/2019,1819,Girona,Valladolid,Away,0,0,1,H,0
23/05/2023,2223,Girona,Celta,Away,4,1,1,D,0
23/05/2026,2526,Girona,Elche,Home,7,1,1,D,0
23/09/17,1718,Girona,Barcelona,Home,2,0,3,A,0
23/09/2018,1819,Girona,Barcelona,Away,6,2,2,D,0
23/09/2023,2324,Girona,Mallorca,Home,10,5,3,H,0
23/09/2025,2526,Girona,Ath Bilbao,Away,3,1,1,D,0
23/10/17,1718,Girona,La Coruna,Away,6,2,1,A,0
23/10/2022,2223,Girona,Osasuna,Home,1,1,1,D,0
23/11/2024,2425,Girona,Espanol,Home,5,4,1,H,0
23/11/2025,2526,Girona,Betis,Away,4,1,1,D,0
24/02/18,1718,Girona,Barcelona,Away,4,1,6,H,0
24/04/2025,2425,Girona,Leganes,Away,3,1,1,D,0
24/05/2024,2324,Girona,Granada,Home,9,7,0,H,0
24/08/2025,2526,Girona,Villarreal,Away,2,0,5,H,0
25/02/2019,1819,Girona,Sociedad,Home,3,0,0,D,0
25/04/2023,2223,Girona,Real Madrid,Home,5,4,2,H,0
25/04/2026,2526,Girona,Valencia,Away,4,1,2,H,0
25/05/2025,2425,Girona,Ath Madrid,Home,1,0,4,A,0
25/08/2024,2425,Girona,Ath Madrid,Away,5,0,3,H,0
25/09/2024,2425,Girona,Vallecano,Home,0,0,0,D,0
25/10/2025,2526,Girona,Oviedo,Home,6,3,3,D,0
25/11/17,1718,Girona,Betis,Away,7,2,2,D,0
25/11/2018,1819,Girona,Espanol,Away,11,3,1,A,0
26/01/2025,2425,Girona,Vallecano,Away,5,1,2,H,0
26/01/2026,2526,Girona,Getafe,Home,4,1,1,D,0
26/02/2023,2223,Girona,Ath Bilbao,Away,4,3,2,A,0
26/02/2024,2324,Girona,Vallecano,Home,8,3,0,H,0
26/08/17,1718,Girona,Malaga,Home,4,1,0,H,0
26/08/2018,1819,Girona,Real Madrid,Home,5,1,4,A,0
26/08/2022,2223,Girona,Celta,Home,3,0,1,A,0
26/08/2023,2324,Girona,Sevilla,Away,3,2,1,A,0
26/09/2025,2526,Girona,Espanol,Home,3,0,0,D,0
26/10/2024,2425,Girona,Las Palmas,Away,3,0,1,H,1
27/01/18,1718,Girona,Malaga,Away,2,0,0,D,0
27/01/2019,1819,Girona,Barcelona,Home,5,0,2,A,1
27/02/18,1718,Girona,Celta,Home,2,1,0,H,0
27/04/2024,2324,Girona,Las Palmas,Away,3,2,0,A,0
27/09/2018,1819,Girona,Betis,Home,2,0,1,A,0
27/09/2023,2324,Girona,Villarreal,Away,5,2,1,A,0
27/10/2018,1819,Girona,Vallecano,Home,6,2,1,H,1
27/10/2023,2324,Girona,Celta,Home,2,1,0,H,0
27/11/2023,2324,Girona,Ath Bilbao,Home,2,1,1,D,0
28/01/2023,2223,Girona,Barcelona,Home,2,0,1,A,1
28/01/2024,2324,Girona,Celta,Away,6,1,0,A,0
28/04/2019,1819,Girona,Sevilla,Home,4,1,0,H,0
28/05/2023,2223,Girona,Betis,Home,3,1,2,A,0
29/03/2019,1819,Girona,Ath Bilbao,Home,2,1,2,A,0
29/04/18,1718,Girona,Getafe,Away,2,1,1,D,0
29/08/2024,2425,Girona,Osasuna,Home,5,4,0,H,0
29/09/17,1718,Girona,Celta,Away,6,3,3,D,0
29/09/2024,2425,Girona,Celta,Away,4,1,1,D,0
29/10/17,1718,Girona,Real Madrid,Home,4,2,1,H,0
29/12/2022,2223,Girona,Vallecano,Home,7,2,2,D,0
30/03/2025,2425,Girona,Barcelona,Away,2,1,4,H,0
30/08/2025,2526,Girona,Sevilla,Home,5,0,2,A,0
30/09/2018,1819,Girona,Huesca,Away,4,1,1,D,0
30/09/2023,2324,Girona,Real Madrid,Home,3,0,3,A,0
30/10/2022,2223,Girona,Real Madrid,Away,2,1,1,D,0
30/11/2025,2526,Girona,Real Madrid,Home,4,1,1,D,0
31/01/2026,2526,Girona,Oviedo,Away,1,0,1,H,0
31/03/18,1718,Girona,Levante,Home,5,1,1,D,0
31/03/2024,2324,Girona,Betis,Home,5,3,2,H,0
31/08/2018,1819,Girona,Villarreal,Away,6,1,0,A,0
31/10/2025,2526,Girona,Getafe,Away,4,1,2,H,0
01/02/2020,1920,Granada,Espanol,Home,2,2,1,H,0
01/03/17,1617,Granada,Alaves,Home,6,2,1,H,0
01/04/13,1213,Granada,Ath Bilbao,Away,3,0,1,H,0
01/05/12,1112,Granada,Espanol,Home,9,2,1,H,0
01/05/2022,2122,Granada,Celta,Home,6,1,1,D,0
01/06/13,1213,Granada,Getafe,Home,5,2,0,H,0
01/07/2020,1920,Granada,Alaves,Away,4,2,0,A,0
01/09/2019,1920,Granada,Espanol,Away,6,3,0,A,0
01/10/11,1112,Granada,Valencia,Away,5,0,1,H,0
01/10/16,1617,Granada,Leganes,Home,1,0,1,A,0
01/10/2023,2324,Granada,Almeria,Away,4,3,3,D,0
01/11/14,1415,Granada,Real Madrid,Home,5,0,4,A,0
01/11/15,1516,Granada,Espanol,Away,5,1,1,D,0
01/11/2020,2021,Granada,Levante,Home,2,1,1,D,1
01/11/2021,2122,Granada,Levante,Away,6,3,0,A,0
01/12/13,1314,Granada,Sevilla,Home,8,1,2,A,0
01/12/2019,1920,Granada,Ath Bilbao,Away,1,0,2,H,0
02/01/2022,2122,Granada,Elche,Away,5,0,0,D,0
02/02/13,1213,Granada,Real Madrid,Home,0,1,0,H,0
02/04/17,1617,Granada,Barcelona,Home,5,1,4,A,1
02/05/2021,2021,Granada,Cadiz,Home,2,0,1,A,1
02/09/12,1213,Granada,Real Madrid,Away,0,0,3,H,1
02/09/2023,2324,Granada,Sociedad,Away,5,3,5,H,0
02/12/12,1213,Granada,Espanol,Home,7,0,0,D,0
02/12/2023,2324,Granada,Real Madrid,Away,0,0,2,H,0
03/01/16,1516,Granada,Sevilla,Home,4,2,1,H,0
03/01/2021,2021,Granada,Eibar,Away,3,0,2,H,0
03/01/2024,2324,Granada,Cadiz,Home,8,2,0,H,0
03/02/2024,2324,Granada,Las Palmas,Home,1,1,1,D,1
03/03/13,1213,Granada,Mallorca,Home,5,1,2,A,0
03/03/16,1516,Granada,Sp Gijon,Home,8,2,0,H,0
03/03/2024,2324,Granada,Villarreal,Away,3,1,5,H,0
03/04/16,1516,Granada,Ath Bilbao,Away,2,1,1,D,0
03/04/2021,2021,Granada,Villarreal,Home,2,0,3,A,0
03/04/2022,2122,Granada,Vallecano,Home,9,2,2,D,0
03/05/15,1415,Granada,Getafe,Away,6,2,1,A,0
03/10/15,1516,Granada,La Coruna,Home,3,1,1,D,0
03/10/2021,2122,Granada,Sevilla,Home,1,1,0,H,0
03/11/13,1314,Granada,Levante,Away,5,1,0,A,0
03/11/2019,1920,Granada,Sociedad,Home,3,1,2,A,0
03/12/16,1617,Granada,Sevilla,Home,6,2,1,H,0
03/12/2021,2122,Granada,Alaves,Home,2,2,1,H,0
04/01/14,1314,Granada,Almeria,Away,3,0,3,H,0
04/03/12,1112,Granada,Valencia,Home,3,0,1,A,0
04/03/17,1617,Granada,Leganes,Away,1,0,1,H,0
04/04/2024,2324,Granada,Valencia,Home,3,0,1,A,0
04/05/13,1213,Granada,Malaga,Home,4,1,0,H,0
04/07/2020,1920,Granada,Valencia,Home,4,2,2,D,0
04/10/13,1314,Granada,Villarreal,Away,1,0,3,H,0
04/10/14,1415,Granada,Malaga,Away,5,1,2,H,0
04/10/2020,2021,Granada,Cadiz,Away,5,1,1,D,0
04/11/12,1213,Granada,Ath Bilbao,Home,9,1,2,A,0
04/12/11,1112,Granada,Zaragoza,Home,5,1,0,H,0
05/01/13,1213,Granada,Valencia,Home,2,1,2,A,1
05/01/15,1415,Granada,Cordoba,Away,1,0,2,H,0
05/01/2020,1920,Granada,Mallorca,Home,4,1,0,H,0
05/03/2022,2122,Granada,Valencia,Away,0,1,3,H,0
05/04/13,1213,Granada,Betis,Home,5,1,5,A,1
05/04/15,1415,Granada,Real Madrid,Away,6,1,9,H,0
05/04/17,1617,Granada,La Coruna,Away,2,0,0,D,0
05/05/12,1112,Granada,Real Madrid,Home,5,1,2,A,2
05/05/14,1314,Granada,Sociedad,Away,3,1,1,D,1
05/05/2024,2324,Granada,Sevilla,Away,3,0,3,H,0
05/10/2019,1920,Granada,Real Madrid,Away,5,2,4,H,0
05/11/16,1617,Granada,La Coruna,Home,6,1,1,D,0
05/11/2023,2324,Granada,Valencia,Away,1,0,1,H,0
05/12/15,1516,Granada,Ath Madrid,Home,3,0,2,A,0
06/02/12,1112,Granada,Malaga,Home,8,2,1,H,0
06/02/17,1617,Granada,Las Palmas,Home,4,1,0,H,0
06/02/2021,2021,Granada,Levante,Away,5,2,2,D,0
06/02/2022,2122,Granada,Real Madrid,Away,3,0,1,H,0
06/03/16,1516,Granada,Betis,Away,4,0,2,H,1
06/04/14,1314,Granada,Malaga,Away,5,1,4,H,0
06/05/17,1617,Granada,Real Madrid,Home,3,0,4,A,0
06/11/11,1112,Granada,Santander,Home,3,0,0,D,0
06/11/2021,2122,Granada,Espanol,Away,5,0,2,H,0
06/12/2020,2021,Granada,Huesca,Home,6,3,3,D,0
07/01/12,1112,Granada,Real Madrid,Away,4,1,5,H,0
07/01/17,1617,Granada,Real Madrid,Away,1,0,5,H,0
07/02/14,1314,Granada,Espanol,Away,1,0,1,H,0
07/02/15,1415,Granada,Villarreal,Away,3,0,2,H,0
07/02/16,1516,Granada,Real Madrid,Home,2,1,2,A,0
07/03/15,1415,Granada,Malaga,Home,4,1,0,H,0
07/03/2021,2021,Granada,Ath Bilbao,Away,3,1,2,H,0
07/05/2022,2122,Granada,Mallorca,Away,7,6,2,A,0
07/10/12,1213,Granada,Mallorca,Away,5,2,1,A,1
07/11/15,1516,Granada,Vallecano,Away,2,1,2,H,0
07/12/11,1112,Granada,Mallorca,Home,6,2,2,D,0
07/12/14,1415,Granada,Valencia,Home,2,1,1,D,0
07/12/2019,1920,Granada,Alaves,Home,3,3,0,H,0
08/01/2022,2122,Granada,Barcelona,Home,4,1,1,D,0
08/02/2020,1920,Granada,Ath Madrid,Away,2,0,1,H,0
08/03/14,1314,Granada,Villarreal,Home,4,2,0,H,0
08/03/2020,1920,Granada,Levante,Away,7,1,1,D,0
08/04/12,1112,Granada,Mallorca,Away,7,0,0,D,0
08/04/15,1415,Granada,Celta,Home,3,1,1,D,1
08/04/16,1516,Granada,Malaga,Home,1,0,0,D,0
08/04/2022,2122,Granada,Sevilla,Away,5,2,4,H,0
08/05/16,1516,Granada,Sevilla,Away,6,4,1,A,0
08/10/2023,2324,Granada,Barcelona,Home,2,2,2,D,0
08/11/13,1314,Granada,Malaga,Home,10,3,1,H,0
08/11/14,1415,Granada,Celta,Away,1,0,0,D,0
08/11/2020,2021,Granada,Sociedad,Away,1,0,2,H,0
08/12/12,1213,Granada,Malaga,Away,8,0,4,H,0
09/01/16,1516,Granada,Barcelona,Away,4,0,4,H,0
09/01/2021,2021,Granada,Barcelona,Home,4,0,4,A,1
09/02/13,1213,Granada,La Coruna,Away,4,3,0,A,0
09/03/2024,2324,Granada,Sociedad,Home,6,2,3,A,0
09/04/17,1617,Granada,Valencia,Home,5,1,3,A,0
09/05/15,1415,Granada,Cordoba,Home,8,2,0,H,0
09/11/12,1213,Granada,Betis,Away,3,2,1,A,0
09/11/2019,1920,Granada,Valencia,Away,1,0,2,H,0
09/12/16,1617,Granada,Malaga,Away,2,1,1,D,0
10/01/14,1314,Granada,Valladolid,Home,8,4,0,H,0
10/05/2021,2021,Granada,Betis,Away,5,1,2,H,0
10/05/2022,2122,Granada,Ath Bilbao,Home,2,1,0,H,0
10/07/2020,1920,Granada,Sociedad,Away,3,3,2,A,0
11/01/15,1415,Granada,Sociedad,Home,3,1,1,D,0
11/02/2024,2324,Granada,Barcelona,Away,5,3,3,D,0
11/03/12,1112,Granada,Ath Madrid,Away,3,0,2,H,1
11/03/13,1213,Granada,Zaragoza,Away,1,0,0,D,0
11/03/17,1617,Granada,Ath Madrid,Home,2,0,1,A,1
11/04/12,1112,Granada,Ath Bilbao,Home,4,2,2,D,1
11/04/15,1415,Granada,Almeria,Away,3,0,3,H,0
11/04/2021,2021,Granada,Valladolid,Away,6,2,1,A,0
11/05/14,1314,Granada,Almeria,Home,3,0,2,A,1
11/05/2024,2324,Granada,Real Madrid,Home,1,0,4,A,0
11/09/16,1617,Granada,Eibar,Home,5,1,2,A,0
11/11/2023,2324,Granada,Getafe,Home,6,1,1,D,0
11/12/11,1112,Granada,Getafe,Away,2,0,1,H,0
11/12/2023,2324,Granada,Ath Bilbao,Home,4,1,1,D,0
12/01/2021,2021,Granada,Osasuna,Home,2,2,0,H,0
12/02/12,1112,Granada,Villarreal,Away,4,1,3,H,1
12/03/2022,2122,Granada,Elche,Home,4,0,1,A,0
12/04/14,1314,Granada,Barcelona,Home,4,1,0,H,0
12/06/2020,1920,Granada,Getafe,Home,4,2,1,H,0
12/09/11,1112,Granada,Malaga,Away,4,0,4,H,0
12/09/2020,2021,Granada,Ath Bilbao,Home,2,2,0,H,0
12/12/15,1516,Granada,Levante,Away,3,2,1,A,0
13/01/2024,2324,Granada,Betis,Away,2,0,1,H,0
13/02/17,1617,Granada,Eibar,Away,3,0,4,H,0
13/02/2021,2021,Granada,Ath Madrid,Home,1,1,2,A,0
13/02/2022,2122,Granada,Sociedad,Away,2,0,2,H,0
13/05/12,1112,Granada,Vallecano,Away,5,0,1,H,0
13/05/13,1213,Granada,Sociedad,Away,5,2,2,D,0
13/05/17,1617,Granada,Osasuna,Away,3,1,2,H,0
13/05/2021,2021,Granada,Real Madrid,Home,5,1,4,A,0
13/07/2020,1920,Granada,Real Madrid,Home,4,1,2,A,0
13/09/15,1516,Granada,Villarreal,Home,2,1,3,A,0
13/09/2021,2122,Granada,Betis,Home,2,1,2,A,0
13/12/2020,2021,Granada,Elche,Away,5,1,0,A,0
13/12/2021,2122,Granada,Cadiz,Away,5,1,1,D,0
14/01/12,1112,Granada,Vallecano,Home,6,1,2,A,1
14/01/13,1213,Granada,Getafe,Away,3,2,2,D,0
14/02/15,1415,Granada,Ath Bilbao,Home,4,0,0,D,1
14/02/16,1516,Granada,Sociedad,Away,2,0,3,H,0
14/03/14,1314,Granada,Getafe,Away,5,3,3,D,1
14/03/15,1415,Granada,Vallecano,Away,3,1,3,H,0
14/03/16,1516,Granada,Espanol,Home,1,1,1,D,1
14/03/2021,2021,Granada,Sociedad,Home,2,1,0,H,0
14/04/13,1213,Granada,Ath Madrid,Away,5,0,5,H,0
14/04/2024,2324,Granada,Alaves,Home,3,2,0,H,0
14/05/16,1516,Granada,Barcelona,Home,2,0,3,A,0
14/08/2023,2324,Granada,Ath Madrid,Away,4,1,3,H,0
14/09/14,1415,Granada,Villarreal,Home,3,0,0,D,0
14/12/13,1314,Granada,Vallecano,Away,3,2,0,A,0
14/12/14,1415,Granada,Espanol,Away,6,1,2,H,1
14/12/2019,1920,Granada,Levante,Home,4,1,2,A,0
15/01/17,1617,Granada,Osasuna,Home,4,1,1,D,2
15/02/2020,1920,Granada,Valladolid,Home,5,2,1,H,0
15/04/12,1112,Granada,Zaragoza,Away,0,0,1,H,0
15/05/2022,2122,Granada,Betis,Away,4,0,2,H,0
15/05/2024,2324,Granada,Vallecano,Away,1,1,2,H,0
15/06/2020,1920,Granada,Betis,Away,5,2,2,D,0
15/09/13,1314,Granada,Espanol,Home,1,0,1,A,1
15/09/2019,1920,Granada,Celta,Away,3,2,0,A,0
15/10/11,1112,Granada,Ath Madrid,Home,3,0,0,D,0
15/10/16,1617,Granada,Ath Madrid,Away,2,1,7,H,0
15/12/12,1213,Granada,Sociedad,Home,4,0,0,D,0
16/02/13,1213,Granada,Barcelona,Home,5,1,2,A,0
16/02/14,1314,Granada,Betis,Home,4,1,0,H,1
16/03/2024,2324,Granada,Mallorca,Away,3,0,1,H,0
16/04/17,1617,Granada,Celta,Home,4,0,3,A,0
16/05/2021,2021,Granada,Alaves,Away,2,2,4,H,0
16/07/2020,1920,Granada,Mallorca,Away,6,2,1,A,0
16/08/2021,2122,Granada,Villarreal,Away,1,0,0,D,0
16/09/12,1213,Granada,La Coruna,Home,2,1,1,D,0
16/09/16,1617,Granada,Betis,Away,8,2,2,D,1
16/12/2023,2324,Granada,Celta,Away,2,0,1,H,0
17/02/17,1617,Granada,Betis,Home,8,4,1,H,1
17/03/12,1112,Granada,Sp Gijon,Home,4,2,1,H,1
17/03/13,1213,Granada,Levante,Home,5,1,1,D,0
17/04/16,1516,Granada,Ath Madrid,Away,0,0,3,H,0
17/04/2022,2122,Granada,Levante,Home,4,1,4,A,1
17/05/15,1415,Granada,Sociedad,Away,6,3,0,A,0
17/08/2019,1920,Granada,Villarreal,Away,7,4,4,D,0
17/09/11,1112,Granada,Villarreal,Home,2,1,0,H,0
17/10/14,1415,Granada,Vallecano,Home,1,0,1,A,0
17/10/2020,2021,Granada,Sevilla,Home,3,1,0,H,0
17/12/16,1617,Granada,Sociedad,Home,4,0,2,A,0
18/01/14,1314,Granada,Osasuna,Home,3,0,0,D,0
18/01/15,1415,Granada,Ath Madrid,Away,1,0,2,H,0
18/01/16,1516,Granada,Eibar,Away,1,1,5,H,0
18/02/2024,2324,Granada,Almeria,Home,7,1,1,D,0
18/05/13,1213,Granada,Osasuna,Home,4,3,0,H,0
18/05/14,1314,Granada,Valladolid,Away,3,1,0,A,0
18/08/13,1314,Granada,Osasuna,Away,4,2,1,A,0
18/09/2023,2324,Granada,Girona,Home,5,2,4,A,0
18/10/2019,1920,Granada,Osasuna,Home,2,1,0,H,0
18/11/12,1213,Granada,Ath Madrid,Home,2,0,1,A,0
18/12/11,1112,Granada,Levante,Home,6,2,1,H,0
19/01/13,1213,Granada,Vallecano,Home,5,2,0,H,0
19/01/2020,1920,Granada,Barcelona,Away,1,0,1,H,1
19/02/12,1112,Granada,Sociedad,Home,8,4,1,H,1
19/02/2022,2122,Granada,Villarreal,Home,5,1,4,A,0
19/03/16,1516,Granada,Vallecano,Home,2,2,2,D,1
19/03/17,1617,Granada,Sp Gijon,Away,5,1,3,H,0
19/03/2022,2122,Granada,Alaves,Away,3,3,2,A,1
19/04/15,1415,Granada,Sevilla,Home,2,1,1,D,0
19/04/2024,2324,Granada,Ath Bilbao,Away,0,1,1,D,0
19/05/17,1617,Granada,Espanol,Home,7,1,2,A,0
19/05/2024,2324,Granada,Celta,Home,3,1,2,A,0
19/06/2020,1920,Granada,Villarreal,Home,4,0,1,A,0
19/07/2020,1920,Granada,Ath Bilbao,Home,6,4,0,H,0
19/09/15,1516,Granada,Real Madrid,Away,3,0,1,H,0
19/10/15,1516,Granada,Sp Gijon,Away,7,3,3,D,2
19/12/2021,2122,Granada,Mallorca,Home,6,4,1,H,0
19/12/2023,2324,Granada,Sevilla,Home,3,0,3,A,0
20/01/2021,2021,Granada,Villarreal,Away,2,2,2,D,1
20/01/2022,2122,Granada,Getafe,Away,4,2,4,H,0
20/03/12,1112,Granada,Barcelona,Away,3,3,5,H,0
20/04/13,1213,Granada,Valladolid,Home,10,1,1,D,0
20/04/14,1314,Granada,Sevilla,Away,2,0,4,H,0
20/04/2022,2122,Granada,Ath Madrid,Away,2,0,0,D,0
20/08/12,1213,Granada,Vallecano,Away,3,0,1,H,0
20/08/16,1617,Granada,Villarreal,Home,1,1,1,D,0
20/09/11,1112,Granada,Sociedad,Away,4,0,1,H,0
20/09/14,1415,Granada,Ath Bilbao,Away,2,1,0,A,0
20/09/2020,2021,Granada,Alaves,Home,3,2,1,H,0
20/09/2021,2122,Granada,Barcelona,Away,2,1,1,D,0
20/10/13,1314,Granada,Getafe,Home,5,0,2,A,1
20/10/2023,2324,Granada,Osasuna,Away,3,0,2,H,1
20/11/16,1617,Granada,Valencia,Away,5,1,1,D,0
20/12/15,1516,Granada,Celta,Home,1,0,2,A,0
20/12/2019,1920,Granada,Eibar,Away,1,0,3,H,0
20/12/2020,2021,Granada,Betis,Home,3,2,0,H,0
21/01/12,1112,Granada,Espanol,Away,6,0,3,H,0
21/01/17,1617,Granada,Espanol,Away,4,1,3,H,0
21/02/16,1516,Granada,Valencia,Home,4,1,2,A,0
21/02/2021,2021,Granada,Huesca,Away,5,2,3,H,1
21/03/15,1415,Granada,Eibar,Home,4,0,0,D,0
21/03/2021,2021,Granada,Valencia,Away,3,1,2,H,0
21/04/16,1516,Granada,Levante,Home,6,5,1,H,0
21/04/17,1617,Granada,Sevilla,Away,2,0,2,H,0
21/08/2021,2122,Granada,Valencia,Home,2,1,1,D,0
21/08/2023,2324,Granada,Vallecano,Home,7,0,2,A,1
21/09/16,1617,Granada,Ath Bilbao,Home,2,1,2,A,0
21/09/2019,1920,Granada,Barcelona,Home,4,2,0,H,0
21/10/12,1213,Granada,Zaragoza,Home,3,1,2,A,1
21/11/2021,2122,Granada,Real Madrid,Home,3,1,4,A,1
21/12/13,1314,Granada,Sociedad,Home,8,1,3,A,0
21/12/14,1415,Granada,Getafe,Home,3,1,1,D,0
22/01/2024,2324,Granada,Ath Madrid,Home,2,0,1,A,1
22/03/14,1314,Granada,Elche,Home,4,1,0,H,0
22/04/12,1112,Granada,Getafe,Home,6,1,0,H,0
22/04/2021,2021,Granada,Eibar,Home,4,4,1,H,0
22/05/2022,2122,Granada,Espanol,Home,5,0,0,D,0
22/06/2020,1920,Granada,Leganes,Away,1,0,0,D,0
22/09/12,1213,Granada,Barcelona,Away,3,0,2,H,0
22/09/13,1314,Granada,Betis,Away,1,0,0,D,0
22/09/15,1516,Granada,Sociedad,Home,1,0,3,A,0
22/10/11,1112,Granada,Sp Gijon,Away,5,0,2,H,0
22/10/16,1617,Granada,Sp Gijon,Home,1,0,0,D,0
22/10/2021,2122,Granada,Osasuna,Away,4,1,1,D,0
22/11/15,1516,Granada,Ath Bilbao,Home,1,2,0,H,0
22/11/2020,2021,Granada,Valladolid,Home,6,1,3,A,0
22/12/12,1213,Granada,Osasuna,Away,4,2,1,A,0
22/12/2021,2122,Granada,Ath Madrid,Home,4,2,1,H,0
23/01/16,1516,Granada,Getafe,Home,9,3,2,H,0
23/01/2022,2122,Granada,Osasuna,Home,2,0,2,A,0
23/02/14,1314,Granada,Valencia,Away,3,1,2,H,0
23/02/15,1415,Granada,Levante,Away,4,1,2,H,2
23/02/2020,1920,Granada,Osasuna,Away,4,3,0,A,0
23/05/15,1415,Granada,Ath Madrid,Home,0,0,0,D,0
23/05/2021,2021,Granada,Getafe,Home,3,0,0,D,0
23/08/14,1415,Granada,La Coruna,Home,3,2,1,H,0
23/08/2019,1920,Granada,Sevilla,Home,0,0,1,A,0
23/09/2021,2122,Granada,Sociedad,Home,2,2,3,A,0
23/11/13,1314,Granada,Barcelona,Away,3,0,4,H,1
23/11/2019,1920,Granada,Ath Madrid,Home,3,1,1,D,0
23/12/2020,2021,Granada,Real Madrid,Away,1,0,2,H,0
24/01/2021,2021,Granada,Osasuna,Away,1,1,3,H,0
24/02/13,1213,Granada,Celta,Away,2,1,2,H,0
24/05/2024,2324,Granada,Girona,Away,2,0,7,H,1
24/08/15,1516,Granada,Eibar,Home,6,1,3,A,1
24/09/14,1415,Granada,Levante,Home,0,0,1,A,0
24/09/2019,1920,Granada,Valladolid,Away,4,1,1,D,0
24/09/2023,2324,Granada,Las Palmas,Away,1,0,1,H,0
24/10/15,1516,Granada,Betis,Home,7,1,1,D,0
24/11/12,1213,Granada,Valladolid,Away,1,0,1,H,0
24/11/14,1415,Granada,Almeria,Home,11,0,0,D,0
24/11/2023,2324,Granada,Alaves,Away,4,1,3,H,0
25/01/14,1314,Granada,Real Madrid,Away,2,0,2,H,0
25/01/15,1415,Granada,La Coruna,Away,2,2,2,D,0
25/01/2020,1920,Granada,Sevilla,Away,1,0,2,H,0
25/04/16,1516,Granada,Celta,Away,3,1,2,H,0
25/04/17,1617,Granada,Malaga,Home,1,0,2,A,0
25/04/2021,2021,Granada,Sevilla,Away,2,1,2,H,0
25/09/11,1112,Granada,Osasuna,Home,2,1,1,D,0
25/09/13,1314,Granada,Valencia,Home,4,0,1,A,0
25/09/15,1516,Granada,Valencia,Away,3,0,1,H,0
25/10/11,1112,Granada,Barcelona,Home,0,0,1,A,2
25/10/14,1415,Granada,Eibar,Away,3,1,1,D,0
25/10/2020,2021,Granada,Getafe,Away,2,1,0,A,0
26/02/12,1112,Granada,Osasuna,Away,7,1,2,H,0
26/02/17,1617,Granada,Ath Bilbao,Away,2,1,3,H,0
26/03/12,1112,Granada,Sevilla,Home,4,0,3,A,0
26/03/14,1314,Granada,Ath Madrid,Away,0,0,1,H,0
26/04/14,1314,Granada,Vallecano,Home,1,0,3,A,1
26/05/13,1213,Granada,Valencia,Away,0,0,1,H,0
26/08/12,1213,Granada,Sevilla,Home,7,1,1,D,0
26/08/13,1314,Granada,Real Madrid,Home,3,0,1,A,0
26/08/2023,2324,Granada,Mallorca,Home,4,3,2,H,0
26/09/16,1617,Granada,Alaves,Away,3,1,3,H,0
26/10/13,1314,Granada,Elche,Away,3,1,0,A,0
26/11/2021,2122,Granada,Ath Bilbao,Away,4,2,2,D,0
27/04/15,1415,Granada,Valencia,Away,0,0,4,H,0
27/08/11,1112,Granada,Betis,Home,2,0,1,A,0
27/09/14,1415,Granada,Barcelona,Away,1,0,6,H,0
27/09/2020,2021,Granada,Ath Madrid,Away,6,1,6,H,0
27/09/2021,2122,Granada,Celta,Away,4,0,1,H,0
27/10/2019,1920,Granada,Betis,Home,3,1,0,H,0
27/11/11,1112,Granada,Ath Bilbao,Away,5,1,0,A,0
27/11/16,1617,Granada,Celta,Away,1,1,3,H,0
28/01/13,1213,Granada,Sevilla,Away,3,0,3,H,0
28/01/17,1617,Granada,Villarreal,Away,0,0,2,H,0
28/02/14,1314,Granada,Ath Bilbao,Away,1,0,4,H,1
28/02/15,1415,Granada,Barcelona,Home,4,1,3,A,0
28/02/16,1516,Granada,La Coruna,Away,3,1,0,A,0
28/02/2021,2021,Granada,Elche,Home,4,2,1,H,0
28/02/2022,2122,Granada,Cadiz,Home,1,0,0,D,1
28/04/12,1112,Granada,Levante,Away,3,1,3,H,0
28/04/13,1213,Granada,Espanol,Away,4,1,0,A,0
28/04/2024,2324,Granada,Osasuna,Home,4,3,0,H,0
28/06/2020,1920,Granada,Eibar,Home,5,1,2,A,0
28/08/16,1617,Granada,Las Palmas,Away,2,1,5,H,0
28/09/2019,1920,Granada,Leganes,Home,4,1,0,H,0
28/09/2023,2324,Granada,Betis,Home,7,1,1,D,0
28/10/12,1213,Granada,Levante,Away,2,1,3,H,0
28/10/2021,2122,Granada,Getafe,Home,3,1,1,D,0
28/11/15,1516,Granada,Malaga,Away,4,2,2,D,0
29/01/12,1112,Granada,Betis,Away,5,2,1,A,0
29/01/2024,2324,Granada,Getafe,Away,3,0,2,H,0
29/02/2020,1920,Granada,Celta,Home,0,0,0,D,0
29/03/2024,2324,Granada,Cadiz,Away,2,0,1,H,0
29/04/17,1617,Granada,Sociedad,Away,3,1,2,H,0
29/04/2021,2021,Granada,Barcelona,Away,2,2,1,A,0
29/08/2021,2122,Granada,Vallecano,Away,3,0,4,H,0
29/10/16,1617,Granada,Barcelona,Away,0,0,1,H,0
29/11/2020,2021,Granada,Celta,Away,2,1,3,H,0
30/01/16,1516,Granada,Villarreal,Away,2,0,1,H,0
30/04/15,1415,Granada,Espanol,Home,4,1,2,A,0
30/04/16,1516,Granada,Las Palmas,Home,5,3,2,H,0
30/08/15,1516,Granada,Getafe,Away,4,2,1,A,0
30/09/12,1213,Granada,Celta,Home,4,2,1,H,0
30/09/13,1314,Granada,Ath Bilbao,Home,5,2,0,H,0
30/10/2023,2324,Granada,Villarreal,Home,8,2,3,A,0
30/11/14,1415,Granada,Sevilla,Away,4,1,5,H,0
30/12/15,1516,Granada,Las Palmas,Away,4,1,4,H,1
30/12/2020,2021,Granada,Valencia,Home,5,2,1,H,1
31/01/14,1314,Granada,Celta,Home,3,1,2,A,0
31/01/15,1415,Granada,Elche,Home,2,1,0,H,0
31/01/2021,2021,Granada,Celta,Home,5,0,0,D,0
31/03/12,1112,Granada,Santander,Away,6,1,0,A,0
31/03/14,1314,Granada,Levante,Home,1,0,2,A,0
31/08/13,1314,Granada,Celta,Away,1,1,1,D,0
31/08/14,1415,Granada,Elche,Away,4,1,1,D,0
31/10/11,1112,Granada,Sevilla,Away,4,2,1,A,0
31/10/13,1314,Granada,Ath Madrid,Home,1,1,2,A,0
31/10/2019,1920,Granada,Getafe,Away,2,1,3,H,0
01/05/11,1011,Hercules,Malaga,Away,4,1,3,H,1
02/03/11,1011,Hercules,Villarreal,Away,3,0,1,H,0
03/01/11,1011,Hercules,Mallorca,Away,3,0,3,H,0
03/04/11,1011,Hercules,Sociedad,Away,8,3,1,A,0
03/10/10,1011,Hercules,Getafe,Away,1,0,3,H,1
06/02/11,1011,Hercules,Valencia,Away,3,0,2,H,0
06/03/11,1011,Hercules,Almeria,Home,3,1,2,A,0
06/12/10,1011,Hercules,La Coruna,Away,1,0,1,H,0
07/05/11,1011,Hercules,Santander,Home,9,2,3,A,1
07/11/10,1011,Hercules,Osasuna,Away,1,0,3,H,0
10/01/11,1011,Hercules,Ath Madrid,Home,6,4,1,H,0
10/04/11,1011,Hercules,Espanol,Home,3,0,0,D,0
11/05/11,1011,Hercules,Mallorca,Home,2,2,2,D,0
11/09/10,1011,Hercules,Barcelona,Away,7,2,0,A,0
12/03/11,1011,Hercules,Real Madrid,Away,4,0,2,H,0
12/12/10,1011,Hercules,Malaga,Home,7,4,1,H,0
13/02/11,1011,Hercules,Zaragoza,Home,5,2,1,H,0
14/11/10,1011,Hercules,Sociedad,Home,5,2,1,H,0
15/01/11,1011,Hercules,Sp Gijon,Away,2,0,2,H,0
15/05/11,1011,Hercules,Ath Madrid,Away,2,1,2,H,0
17/04/11,1011,Hercules,Levante,Away,3,1,2,H,0
18/10/10,1011,Hercules,Villarreal,Home,5,2,2,D,1
19/09/10,1011,Hercules,Valencia,Home,7,1,2,A,0
20/02/11,1011,Hercules,Sevilla,Away,3,0,1,H,0
20/03/11,1011,Hercules,Osasuna,Home,6,0,4,A,0
20/12/10,1011,Hercules,Santander,Away,3,0,0,D,0
21/05/11,1011,Hercules,Sp Gijon,Home,4,0,0,D,0
21/11/10,1011,Hercules,Espanol,Away,5,0,3,H,1
22/09/10,1011,Hercules,Zaragoza,Away,4,0,0,D,0
24/01/11,1011,Hercules,Ath Bilbao,Away,3,0,3,H,0
24/04/11,1011,Hercules,La Coruna,Home,3,1,0,H,0
24/10/10,1011,Hercules,Almeria,Away,4,1,1,D,0
26/09/10,1011,Hercules,Sevilla,Home,3,2,0,H,0
27/02/11,1011,Hercules,Getafe,Home,5,0,0,D,1
28/08/10,1011,Hercules,Ath Bilbao,Home,3,0,1,A,1
28/11/10,1011,Hercules,Levante,Home,10,3,1,H,0
29/01/11,1011,Hercules,Barcelona,Home,2,0,3,A,1
30/10/10,1011,Hercules,Real Madrid,Home,2,1,3,A,0
01/02/2019,1819,Huesca,Valladolid,Home,7,4,0,H,0
01/05/2021,2021,Huesca,Sociedad,Home,3,1,0,H,0
01/12/2018,1819,Huesca,Celta,Away,3,0,2,H,0
02/03/2019,1819,Huesca,Sevilla,Home,3,2,1,H,0
02/04/2021,2021,Huesca,Levante,Away,2,2,0,A,0
02/09/2018,1819,Huesca,Barcelona,Away,3,2,8,H,0
03/01/2021,2021,Huesca,Barcelona,Home,4,0,1,A,0
03/04/2019,1819,Huesca,Celta,Home,7,3,3,D,0
03/10/2020,2021,Huesca,Elche,Away,4,0,0,D,0
04/11/2018,1819,Huesca,Getafe,Home,7,1,1,D,0
05/01/2019,1819,Huesca,Betis,Home,6,2,1,H,0
05/05/2019,1819,Huesca,Valencia,Home,4,2,6,A,0
06/02/2021,2021,Huesca,Real Madrid,Home,2,1,2,A,0
06/12/2020,2021,Huesca,Granada,Away,7,3,3,D,0
07/03/2021,2021,Huesca,Celta,Home,7,3,4,A,0
07/04/2019,1819,Huesca,Levante,Away,4,2,2,D,0
07/10/2018,1819,Huesca,Valladolid,Away,1,0,1,H,0
07/11/2020,2021,Huesca,Eibar,Home,6,1,1,D,0
08/05/2021,2021,Huesca,Cadiz,Away,5,1,2,H,0
09/02/2019,1819,Huesca,Girona,Away,6,2,0,A,0
09/03/2019,1819,Huesca,Getafe,Away,1,1,2,H,0
09/04/2021,2021,Huesca,Elche,Home,5,3,1,H,0
09/12/2018,1819,Huesca,Real Madrid,Home,4,0,1,A,0
11/01/2021,2021,Huesca,Betis,Home,3,0,2,A,0
11/11/2018,1819,Huesca,Alaves,Away,2,1,2,H,0
12/01/2019,1819,Huesca,Leganes,Away,3,0,1,H,0
12/05/2019,1819,Huesca,Betis,Away,2,1,2,H,1
12/05/2021,2021,Huesca,Ath Bilbao,Home,6,1,0,H,0
12/12/2020,2021,Huesca,Alaves,Home,3,1,0,H,0
13/02/2021,2021,Huesca,Sevilla,Away,5,0,1,H,0
13/04/2019,1819,Huesca,Barcelona,Home,1,0,0,D,0
13/09/2020,2021,Huesca,Villarreal,Away,3,1,1,D,0
14/09/2018,1819,Huesca,Vallecano,Home,4,0,1,A,0
15/03/2021,2021,Huesca,Barcelona,Away,4,1,4,H,0
16/03/2019,1819,Huesca,Alaves,Home,2,1,3,A,0
16/05/2021,2021,Huesca,Betis,Away,0,0,1,H,1
16/12/2018,1819,Huesca,Villarreal,Home,13,2,2,D,0
18/02/2019,1819,Huesca,Ath Bilbao,Home,2,0,1,A,0
18/04/2021,2021,Huesca,Alaves,Away,1,0,1,H,0
18/05/2019,1819,Huesca,Leganes,Home,6,2,1,H,0
18/10/2020,2021,Huesca,Valladolid,Home,7,2,2,D,0
18/12/2020,2021,Huesca,Ath Bilbao,Away,1,0,2,H,1
19/01/2019,1819,Huesca,Ath Madrid,Home,3,0,3,A,0
19/08/2018,1819,Huesca,Eibar,Away,6,2,1,A,0
20/01/2021,2021,Huesca,Getafe,Away,3,0,1,H,0
20/03/2021,2021,Huesca,Osasuna,Home,3,0,0,D,0
20/04/2019,1819,Huesca,Vallecano,Away,3,0,0,D,0
20/09/2020,2021,Huesca,Cadiz,Home,0,0,2,A,0
20/11/2020,2021,Huesca,Osasuna,Away,5,1,1,D,0
21/02/2021,2021,Huesca,Granada,Home,6,3,2,H,0
21/09/2018,1819,Huesca,Sociedad,Home,3,0,1,A,0
21/10/2018,1819,Huesca,Espanol,Home,2,0,2,A,0
22/02/2019,1819,Huesca,Espanol,Away,4,1,1,D,0
22/04/2021,2021,Huesca,Ath Madrid,Away,2,0,2,H,0
22/05/2021,2021,Huesca,Valencia,Home,8,0,0,D,0
22/12/2020,2021,Huesca,Levante,Home,2,1,1,D,0
23/01/2021,2021,Huesca,Villarreal,Home,1,0,0,D,0
23/04/2019,1819,Huesca,Eibar,Home,3,2,0,H,0
23/12/2018,1819,Huesca,Valencia,Away,4,1,2,H,0
24/11/2018,1819,Huesca,Levante,Home,12,2,2,D,1
25/04/2021,2021,Huesca,Getafe,Home,1,0,2,A,0
25/09/2018,1819,Huesca,Ath Madrid,Away,1,0,3,H,0
25/10/2020,2021,Huesca,Sociedad,Away,4,1,4,H,0
26/09/2020,2021,Huesca,Valencia,Away,4,1,1,D,0
27/01/2019,1819,Huesca,Sociedad,Away,1,0,0,D,0
27/02/2021,2021,Huesca,Eibar,Away,1,1,1,D,0
27/08/2018,1819,Huesca,Ath Bilbao,Away,4,2,2,D,0
28/04/2019,1819,Huesca,Villarreal,Away,3,1,1,D,1
28/10/2018,1819,Huesca,Sevilla,Away,2,1,2,H,0
28/11/2020,2021,Huesca,Sevilla,Home,1,0,1,A,0
29/01/2021,2021,Huesca,Valladolid,Away,5,3,1,A,0
30/09/2018,1819,Huesca,Girona,Home,6,1,1,D,0
30/09/2020,2021,Huesca,Ath Madrid,Home,3,0,0,D,0
30/12/2020,2021,Huesca,Celta,Away,6,1,2,H,0
31/03/2019,1819,Huesca,Real Madrid,Away,3,2,3,H,0
31/10/2020,2021,Huesca,Real Madrid,Away,2,1,4,H,0
01/02/09,809,La Coruna,Villarreal,Home,12,3,0,H,0
01/02/16,1516,La Coruna,Vallecano,Home,5,2,2,D,0
01/03/08,708,La Coruna,Sevilla,Home,4,2,1,H,0
01/03/09,809,La Coruna,Numancia,Away,5,1,0,A,0
01/04/18,1718,La Coruna,Ath Madrid,Away,2,0,1,H,0
01/05/10,910,La Coruna,Zaragoza,Home,4,0,1,A,0
01/05/16,1516,La Coruna,Getafe,Home,5,0,2,A,1
01/06/13,1213,La Coruna,Sociedad,Home,5,0,1,A,0
01/09/12,1213,La Coruna,Getafe,Home,5,1,1,D,0
01/10/06,607,La Coruna,Sociedad,Home,5,2,0,H,0
01/10/16,1617,La Coruna,Sp Gijon,Home,6,2,1,H,0
01/11/09,910,La Coruna,Sp Gijon,Home,4,1,1,D,0
02/01/11,1011,La Coruna,Ath Bilbao,Away,3,2,1,A,1
02/02/08,708,La Coruna,Betis,Away,5,1,0,A,0
02/02/13,1213,La Coruna,Getafe,Away,3,1,3,H,1
02/02/18,1718,La Coruna,Sociedad,Away,1,0,5,H,0
02/03/11,1011,La Coruna,Osasuna,Away,3,0,0,D,0
02/03/13,1213,La Coruna,Vallecano,Home,4,0,0,D,1
02/03/16,1516,La Coruna,Ath Bilbao,Away,4,1,4,H,0
02/03/17,1617,La Coruna,Ath Madrid,Home,2,1,1,D,0
02/04/06,506,La Coruna,Santander,Home,7,2,0,H,0
02/04/16,1516,La Coruna,Celta,Away,3,1,1,D,1
02/04/17,1617,La Coruna,Valencia,Away,5,0,3,H,0
02/05/15,1415,La Coruna,Villarreal,Home,3,1,1,D,0
02/09/07,708,La Coruna,Valladolid,Away,3,2,2,D,0
02/10/05,506,La Coruna,Osasuna,Home,1,0,1,A,0
02/11/08,809,La Coruna,Betis,Away,7,3,0,A,0
02/12/07,708,La Coruna,Osasuna,Home,6,1,2,A,0
02/12/12,1213,La Coruna,Betis,Home,7,2,3,A,0
02/12/17,1718,La Coruna,Sevilla,Away,3,0,2,H,0
03/01/10,910,La Coruna,Zaragoza,Away,3,0,0,D,0
03/01/15,1415,La Coruna,Ath Bilbao,Home,4,1,0,H,0
03/01/16,1516,La Coruna,Villarreal,Home,4,1,2,A,0
03/02/07,607,La Coruna,Mallorca,Home,3,1,0,H,0
03/03/18,1718,La Coruna,Eibar,Home,2,1,1,D,1
03/04/11,1011,La Coruna,Mallorca,Home,5,2,1,H,0
03/05/06,506,La Coruna,Espanol,Away,4,2,1,A,0
03/05/08,708,La Coruna,Zaragoza,Away,0,0,1,H,0
03/05/09,809,La Coruna,Valladolid,Home,5,1,0,H,0
03/10/09,910,La Coruna,Tenerife,Away,5,1,0,A,0
03/10/10,1011,La Coruna,Real Madrid,Away,3,1,6,H,0
03/10/15,1516,La Coruna,Granada,Away,3,1,1,D,0
03/12/06,607,La Coruna,Santander,Home,1,0,0,D,1
04/01/09,809,La Coruna,Getafe,Away,3,2,1,A,0
04/02/06,506,La Coruna,Valencia,Home,4,0,1,A,0
04/03/06,506,La Coruna,Barcelona,Away,2,2,3,H,0
04/03/07,607,La Coruna,Betis,Home,1,0,1,A,0
04/04/10,910,La Coruna,Ath Madrid,Away,2,0,3,H,0
04/05/13,1213,La Coruna,Ath Madrid,Home,3,0,0,D,0
04/11/06,607,La Coruna,Barcelona,Home,4,1,1,D,0
04/11/07,708,La Coruna,Murcia,Away,3,2,0,A,0
04/11/12,1213,La Coruna,Mallorca,Home,3,1,0,H,0
04/11/17,1718,La Coruna,Ath Madrid,Home,1,0,1,A,0
04/12/05,506,La Coruna,Sevilla,Away,6,2,0,A,0
05/01/13,1213,La Coruna,Malaga,Home,4,1,0,H,0
05/02/11,1011,La Coruna,Getafe,Away,8,1,4,H,0
05/03/16,1516,La Coruna,Malaga,Home,7,3,3,D,0
05/03/17,1617,La Coruna,Sp Gijon,Away,3,1,0,A,0
05/04/09,809,La Coruna,Espanol,Away,5,1,3,H,0
05/04/15,1415,La Coruna,Getafe,Away,2,1,2,H,0
05/04/17,1617,La Coruna,Granada,Home,3,0,0,D,0
05/05/07,607,La Coruna,Valencia,Home,2,1,2,A,0
05/05/10,910,La Coruna,Osasuna,Away,3,1,3,H,0
05/05/18,1718,La Coruna,Celta,Away,2,1,1,D,0
05/10/08,809,La Coruna,Numancia,Home,1,1,0,H,0
05/10/14,1415,La Coruna,Sevilla,Away,5,1,4,H,0
05/11/16,1617,La Coruna,Granada,Away,5,1,1,D,0
05/12/09,910,La Coruna,Barcelona,Home,1,1,3,A,0
05/12/15,1516,La Coruna,Sevilla,Home,4,1,1,D,0
05/12/16,1617,La Coruna,Sociedad,Home,10,5,1,H,0
06/01/08,708,La Coruna,Ath Madrid,Home,4,0,3,A,0
06/01/17,1617,La Coruna,Espanol,Away,3,1,1,D,1
06/02/15,1415,La Coruna,Eibar,Home,5,2,0,H,0
06/02/16,1516,La Coruna,Sp Gijon,Away,4,1,1,D,0
06/03/10,910,La Coruna,Tenerife,Home,3,3,1,H,0
06/04/08,708,La Coruna,Santander,Away,3,3,1,A,0
06/04/13,1213,La Coruna,Zaragoza,Home,6,3,2,H,0
06/04/18,1718,La Coruna,Malaga,Home,6,3,2,H,0
06/10/12,1213,La Coruna,Vallecano,Away,2,1,2,H,0
06/11/05,506,La Coruna,Malaga,Away,4,1,1,D,0
06/12/10,1011,La Coruna,Hercules,Home,4,1,0,H,0
06/12/14,1415,La Coruna,Malaga,Home,6,0,1,A,0
07/01/06,506,La Coruna,Ath Bilbao,Away,3,2,1,A,0
07/01/07,607,La Coruna,Real Madrid,Home,3,2,0,H,0
07/01/18,1718,La Coruna,Villarreal,Away,3,1,1,D,0
07/02/10,910,La Coruna,Malaga,Away,0,0,0,D,1
07/03/11,1011,La Coruna,Sociedad,Home,3,2,1,H,0
07/03/15,1415,La Coruna,Sevilla,Home,5,3,4,A,0
07/05/06,506,La Coruna,Ath Bilbao,Home,6,1,2,A,0
07/05/08,708,La Coruna,Levante,Home,4,1,0,H,0
07/05/11,1011,La Coruna,Sp Gijon,Away,5,2,2,D,0
07/05/17,1617,La Coruna,Espanol,Home,5,1,2,A,0
07/10/07,708,La Coruna,Sevilla,Away,3,1,0,A,0
07/11/09,910,La Coruna,Getafe,Away,3,2,0,A,2
07/11/10,1011,La Coruna,Levante,Away,6,2,1,A,0
07/11/14,1415,La Coruna,Cordoba,Away,2,0,0,D,1
07/11/15,1516,La Coruna,Levante,Away,5,1,1,D,0
07/12/08,809,La Coruna,Malaga,Home,5,2,0,H,0
08/01/11,1011,La Coruna,Barcelona,Home,1,0,4,A,0
08/02/09,809,La Coruna,Mallorca,Away,5,1,1,D,0
08/03/09,809,La Coruna,Santander,Home,6,5,3,H,0
08/03/17,1617,La Coruna,Betis,Home,5,1,1,D,0
08/04/07,607,La Coruna,Gimnastic,Home,2,1,0,H,1
08/04/15,1415,La Coruna,Cordoba,Home,2,1,1,D,1
08/04/17,1617,La Coruna,Sevilla,Away,4,2,4,H,0
08/05/10,910,La Coruna,Mallorca,Home,2,1,0,H,0
08/05/16,1516,La Coruna,Villarreal,Away,4,2,0,A,0
09/01/15,1415,La Coruna,Levante,Away,6,0,0,D,0
09/01/16,1516,La Coruna,Real Madrid,Away,4,0,5,H,0
09/02/08,708,La Coruna,Getafe,Home,0,1,1,D,0
09/02/13,1213,La Coruna,Granada,Home,1,0,3,A,1
09/03/08,708,La Coruna,Valencia,Away,5,2,2,D,0
09/03/13,1213,La Coruna,Barcelona,Away,0,0,2,H,0
09/03/18,1718,La Coruna,Girona,Away,4,0,2,H,0
09/04/06,506,La Coruna,Villarreal,Away,3,1,1,D,0
09/05/15,1415,La Coruna,Ath Bilbao,Away,2,1,1,D,0
09/11/08,809,La Coruna,Espanol,Home,3,1,0,H,0
09/12/07,708,La Coruna,Barcelona,Away,5,1,2,H,0
09/12/12,1213,La Coruna,Ath Madrid,Away,1,0,6,H,0
09/12/17,1718,La Coruna,Leganes,Home,4,1,0,H,0
10/01/09,809,La Coruna,Sevilla,Home,4,1,3,A,0
10/01/10,910,La Coruna,Osasuna,Home,1,1,0,H,0
10/04/11,1011,La Coruna,Malaga,Away,2,0,0,D,1
10/05/09,809,La Coruna,Recreativo,Away,3,2,1,A,0
10/05/11,1011,La Coruna,Ath Bilbao,Home,3,2,1,H,0
10/06/07,607,La Coruna,Recreativo,Home,5,2,5,A,0
10/09/05,506,La Coruna,Ath Madrid,Home,5,1,0,H,0
10/09/06,607,La Coruna,Mallorca,Away,2,0,0,D,0
10/09/17,1718,La Coruna,Sociedad,Home,4,2,4,A,0
10/11/12,1213,La Coruna,Zaragoza,Away,5,3,5,H,1
10/12/06,607,La Coruna,Valencia,Away,1,0,4,H,1
10/12/16,1617,La Coruna,Real Madrid,Away,2,2,3,H,0
11/02/07,607,La Coruna,Villarreal,Away,4,2,0,A,0
11/02/17,1617,La Coruna,Ath Bilbao,Away,3,1,2,H,0
11/03/06,506,La Coruna,Sociedad,Home,4,0,1,A,0
11/03/07,607,La Coruna,Ath Madrid,Away,5,0,2,H,0
11/04/10,910,La Coruna,Santander,Home,3,1,1,D,0
11/04/16,1516,La Coruna,Las Palmas,Home,5,1,3,A,0
11/05/08,708,La Coruna,Ath Madrid,Away,2,0,1,H,0
11/05/13,1213,La Coruna,Valladolid,Away,3,0,1,H,0
11/09/16,1617,La Coruna,Ath Bilbao,Home,3,0,1,A,0
11/11/07,708,La Coruna,Santander,Home,5,0,1,A,1
11/12/05,506,La Coruna,Cadiz,Home,6,1,0,H,0
11/12/10,1011,La Coruna,Ath Madrid,Away,0,0,2,H,0
12/02/06,506,La Coruna,Betis,Away,3,1,0,A,0
12/02/18,1718,La Coruna,Betis,Home,2,0,1,A,0
12/03/16,1516,La Coruna,Ath Madrid,Away,2,0,3,H,0
12/03/17,1617,La Coruna,Barcelona,Home,9,2,1,H,0
12/04/09,809,La Coruna,Ath Madrid,Home,4,1,2,A,0
12/04/15,1415,La Coruna,Sociedad,Away,5,2,2,D,0
12/05/18,1718,La Coruna,Villarreal,Home,7,2,4,A,0
12/09/10,1011,La Coruna,Sevilla,Away,2,0,0,D,0
12/11/06,607,La Coruna,Gimnastic,Away,4,0,0,D,0
12/12/15,1516,La Coruna,Barcelona,Away,4,2,2,D,0
13/01/08,708,La Coruna,Villarreal,Away,4,3,4,H,1
13/01/13,1213,La Coruna,Sociedad,Away,7,1,1,D,1
13/01/18,1718,La Coruna,Valencia,Home,2,1,2,A,0
13/02/11,1011,La Coruna,Villarreal,Home,3,1,0,H,0
13/02/16,1516,La Coruna,Betis,Home,11,2,2,D,0
13/03/10,910,La Coruna,Sevilla,Away,4,1,1,D,0
13/03/11,1011,La Coruna,Espanol,Away,2,0,2,H,1
13/03/15,1415,La Coruna,Valencia,Away,2,0,2,H,0
13/04/08,708,La Coruna,Ath Bilbao,Home,7,3,0,H,0
13/04/13,1213,La Coruna,Levante,Away,9,4,0,A,0
13/05/06,506,La Coruna,Alaves,Away,0,0,1,H,0
13/05/07,607,La Coruna,Ath Bilbao,Away,2,1,1,D,1
13/09/09,910,La Coruna,Malaga,Home,4,1,0,H,0
13/12/09,910,La Coruna,Almeria,Away,4,1,1,D,0
14/01/07,607,La Coruna,Recreativo,Away,4,1,1,D,0
14/01/17,1617,La Coruna,Villarreal,Home,3,0,0,D,0
14/02/09,809,La Coruna,Osasuna,Home,2,0,0,D,0
14/02/10,910,La Coruna,Espanol,Away,1,0,2,H,1
14/02/15,1415,La Coruna,Real Madrid,Away,4,0,2,H,0
14/04/10,910,La Coruna,Barcelona,Away,3,0,3,H,0
14/04/18,1718,La Coruna,Ath Bilbao,Away,3,3,2,A,0
14/05/16,1516,La Coruna,Real Madrid,Home,2,0,2,A,0
14/05/17,1617,La Coruna,Villarreal,Away,1,0,0,D,0
14/09/08,809,La Coruna,Villarreal,Away,2,0,1,H,0
14/09/15,1516,La Coruna,Vallecano,Away,8,3,1,A,0
14/11/10,1011,La Coruna,Mallorca,Away,4,0,0,D,0
14/12/08,809,La Coruna,Valladolid,Away,3,0,3,H,0
15/01/06,506,La Coruna,Alaves,Home,6,0,2,A,0
15/02/13,1213,La Coruna,Sevilla,Away,6,1,3,H,0
15/03/08,708,La Coruna,Real Madrid,Home,2,1,0,H,0
15/03/09,809,La Coruna,Sp Gijon,Away,5,2,3,H,0
15/03/13,1213,La Coruna,Celta,Home,8,3,1,H,0
15/04/06,506,La Coruna,Sevilla,Home,5,0,0,D,0
15/04/07,607,La Coruna,Celta,Away,3,0,1,H,0
15/04/17,1617,La Coruna,Malaga,Home,4,2,0,H,0
15/05/10,910,La Coruna,Ath Bilbao,Away,5,0,2,H,0
15/05/11,1011,La Coruna,Barcelona,Away,4,0,0,D,0
15/09/14,1415,La Coruna,Eibar,Away,1,1,0,A,0
15/10/05,506,La Coruna,Barcelona,Home,4,3,3,D,0
15/10/06,607,La Coruna,Betis,Away,5,1,1,D,1
15/10/16,1617,La Coruna,Barcelona,Away,0,0,4,H,1
15/10/17,1718,La Coruna,Eibar,Away,3,0,0,D,0
15/12/14,1415,La Coruna,Elche,Home,3,1,0,H,0
16/01/11,1011,La Coruna,Valencia,Away,1,0,2,H,0
16/01/16,1516,La Coruna,Sociedad,Away,4,1,1,D,0
16/05/09,809,La Coruna,Getafe,Home,5,1,1,D,0
16/09/06,607,La Coruna,Villarreal,Home,7,2,0,H,0
16/09/07,708,La Coruna,Betis,Home,4,1,0,H,0
16/09/12,1213,La Coruna,Granada,Away,5,1,1,D,0
16/09/17,1718,La Coruna,Betis,Away,3,1,2,H,0
16/11/08,809,La Coruna,Ath Madrid,Away,6,1,4,H,0
16/12/06,607,La Coruna,Ath Bilbao,Home,4,0,2,A,1
16/12/07,708,La Coruna,Zaragoza,Home,1,1,1,D,1
17/01/09,809,La Coruna,Barcelona,Away,0,0,5,H,1
17/01/10,910,La Coruna,Mallorca,Away,1,0,2,H,0
17/02/08,708,La Coruna,Recreativo,Away,4,2,3,H,0
17/02/18,1718,La Coruna,Alaves,Away,0,0,1,H,0
17/03/18,1718,La Coruna,Las Palmas,Home,3,1,1,D,0
17/04/11,1011,La Coruna,Santander,Home,4,2,0,H,0
17/04/16,1516,La Coruna,Sevilla,Away,4,1,1,D,0
17/04/18,1718,La Coruna,Sevilla,Home,6,0,0,D,0
17/05/15,1415,La Coruna,Levante,Home,3,2,0,H,0
17/06/07,607,La Coruna,Espanol,Away,5,3,1,A,1
17/09/05,506,La Coruna,Valencia,Away,5,2,2,D,1
17/10/09,910,La Coruna,Sevilla,Home,2,1,0,H,0
17/10/10,1011,La Coruna,Osasuna,Home,10,0,0,D,0
17/12/05,506,La Coruna,Celta,Away,5,3,0,A,0
17/12/12,1213,La Coruna,Valladolid,Home,3,0,0,D,0
17/12/17,1718,La Coruna,Barcelona,Away,3,0,4,H,0
18/01/15,1415,La Coruna,Barcelona,Home,2,0,4,A,0
18/02/07,607,La Coruna,Levante,Home,0,0,0,D,0
18/02/17,1617,La Coruna,Alaves,Home,4,0,1,A,0
18/03/06,506,La Coruna,Getafe,Away,5,2,1,A,0
18/03/07,607,La Coruna,Getafe,Home,3,1,0,H,1
18/04/09,809,La Coruna,Ath Bilbao,Away,1,1,0,A,0
18/04/10,910,La Coruna,Almeria,Home,4,0,0,D,0
18/04/15,1415,La Coruna,Ath Madrid,Home,2,1,2,A,0
18/05/08,708,La Coruna,Villarreal,Home,2,0,2,A,0
18/10/15,1516,La Coruna,Ath Bilbao,Home,3,2,2,D,0
18/11/12,1213,La Coruna,Levante,Home,4,0,2,A,1
18/12/10,1011,La Coruna,Sp Gijon,Home,6,1,1,D,0
18/12/16,1617,La Coruna,Osasuna,Home,4,2,0,H,0
19/02/06,506,La Coruna,Zaragoza,Home,4,1,1,D,1
19/03/16,1516,La Coruna,Levante,Home,6,2,1,H,0
19/03/17,1617,La Coruna,Celta,Home,2,0,1,A,0
19/05/13,1213,La Coruna,Espanol,Home,5,2,0,H,0
19/08/16,1617,La Coruna,Eibar,Home,6,2,1,H,0
19/09/09,910,La Coruna,Espanol,Home,4,2,3,A,0
19/09/16,1617,La Coruna,Alaves,Away,1,0,0,D,0
19/10/08,809,La Coruna,Santander,Away,2,0,0,D,0
19/10/14,1415,La Coruna,Valencia,Home,5,3,0,H,0
19/11/06,607,La Coruna,Celta,Home,11,0,1,A,1
19/11/16,1617,La Coruna,Sevilla,Home,3,2,3,A,0
19/11/17,1718,La Coruna,Malaga,Away,4,2,3,H,0
19/12/15,1516,La Coruna,Eibar,Home,3,2,0,H,1
20/01/08,708,La Coruna,Almeria,Away,2,0,1,H,0
20/01/13,1213,La Coruna,Osasuna,Away,5,1,2,H,0
20/01/17,1617,La Coruna,Las Palmas,Away,1,1,1,D,0
20/02/10,910,La Coruna,Xerez,Home,5,2,1,H,0
20/02/11,1011,La Coruna,Almeria,Away,4,1,1,D,0
20/02/16,1516,La Coruna,Espanol,Away,3,0,1,H,0
20/03/10,910,La Coruna,Valladolid,Home,1,0,2,A,0
20/03/11,1011,La Coruna,Levante,Home,3,0,1,A,0
20/04/08,708,La Coruna,Osasuna,Away,2,1,0,A,0
20/04/16,1516,La Coruna,Barcelona,Home,5,0,8,A,0
20/04/18,1718,La Coruna,Leganes,Away,3,0,0,D,0
20/05/07,607,La Coruna,Sevilla,Home,4,1,2,A,0
20/05/17,1617,La Coruna,Las Palmas,Home,5,3,0,H,0
20/05/18,1718,La Coruna,Valencia,Away,7,1,2,H,0
20/08/12,1213,La Coruna,Osasuna,Home,3,2,0,H,0
20/08/17,1718,La Coruna,Real Madrid,Home,6,0,3,A,0
20/09/10,1011,La Coruna,Getafe,Home,11,2,2,D,0
20/09/14,1415,La Coruna,Real Madrid,Home,5,2,8,A,0
20/09/15,1516,La Coruna,Sp Gijon,Home,9,2,3,A,0
20/09/17,1718,La Coruna,Alaves,Home,3,1,0,H,0
20/10/07,708,La Coruna,Valencia,Home,3,2,4,A,0
20/10/12,1213,La Coruna,Barcelona,Home,8,4,5,A,0
20/11/05,506,La Coruna,Santander,Away,3,3,0,A,0
20/12/06,607,La Coruna,Sevilla,Away,3,0,4,H,0
20/12/09,910,La Coruna,Valencia,Home,3,0,0,D,0
20/12/12,1213,La Coruna,Espanol,Away,4,0,2,H,0
21/01/07,607,La Coruna,Espanol,Home,2,0,0,D,0
21/01/18,1718,La Coruna,Real Madrid,Away,2,1,7,H,0
21/02/15,1415,La Coruna,Celta,Home,4,0,2,A,1
21/04/13,1213,La Coruna,Ath Bilbao,Home,4,1,1,D,0
21/05/11,1011,La Coruna,Valencia,Home,6,0,2,A,0
21/09/05,506,La Coruna,Betis,Home,6,1,1,D,0
21/09/08,809,La Coruna,Mallorca,Home,6,0,0,D,1
21/10/06,607,La Coruna,Ath Madrid,Home,2,1,0,H,0
21/11/09,910,La Coruna,Ath Madrid,Home,11,2,1,H,0
21/11/10,1011,La Coruna,Malaga,Home,3,3,0,H,0
21/11/15,1516,La Coruna,Celta,Home,2,2,0,H,0
21/12/05,506,La Coruna,Espanol,Home,6,1,2,A,0
21/12/08,809,La Coruna,Recreativo,Home,7,4,1,H,0
21/12/14,1415,La Coruna,Villarreal,Away,2,0,3,H,0
22/01/06,506,La Coruna,Mallorca,Home,2,2,2,D,0
22/02/09,809,La Coruna,Valencia,Home,7,1,1,D,0
22/03/06,506,La Coruna,Malaga,Home,6,2,1,H,0
22/03/08,708,La Coruna,Mallorca,Away,1,0,1,H,1
22/03/09,809,La Coruna,Betis,Home,4,1,1,D,0
22/03/15,1415,La Coruna,Espanol,Home,1,0,0,D,0
22/04/07,607,La Coruna,Osasuna,Home,2,1,0,H,0
22/04/09,809,La Coruna,Almeria,Home,5,2,0,H,0
22/08/15,1516,La Coruna,Sociedad,Home,5,0,0,D,0
22/09/16,1617,La Coruna,Leganes,Home,5,1,2,A,0
22/11/14,1415,La Coruna,Sociedad,Home,4,0,0,D,0
23/01/10,910,La Coruna,Ath Bilbao,Home,4,3,1,H,0
23/01/11,1011,La Coruna,Zaragoza,Away,0,0,1,H,0
23/02/13,1213,La Coruna,Real Madrid,Home,5,1,2,A,0
23/02/18,1718,La Coruna,Espanol,Home,4,0,0,D,0
23/03/10,910,La Coruna,Sp Gijon,Away,3,1,2,H,2
23/04/06,506,La Coruna,Cadiz,Away,4,1,1,D,2
23/04/16,1516,La Coruna,Eibar,Away,1,1,1,D,0
23/04/17,1617,La Coruna,Sociedad,Away,1,0,1,H,0
23/05/09,809,La Coruna,Sevilla,Away,2,0,1,H,0
23/05/15,1415,La Coruna,Barcelona,Away,2,2,2,D,0
23/08/14,1415,La Coruna,Granada,Away,1,1,2,H,0
23/09/07,708,La Coruna,Getafe,Away,4,0,0,D,0
23/09/09,910,La Coruna,Xerez,Away,3,3,0,A,0
23/09/10,1011,La Coruna,Villarreal,Away,4,0,1,H,0
23/09/14,1415,La Coruna,Celta,Away,3,1,2,H,0
23/10/05,506,La Coruna,Sociedad,Away,1,0,2,H,0
23/10/16,1617,La Coruna,Celta,Away,1,1,4,H,0
23/10/17,1718,La Coruna,Girona,Home,6,1,2,A,0
23/11/08,809,La Coruna,Ath Bilbao,Home,9,3,1,H,0
23/12/07,708,La Coruna,Levante,Away,3,1,0,A,0
23/12/17,1718,La Coruna,Celta,Home,4,1,3,A,0
24/01/16,1516,La Coruna,Valencia,Home,2,1,1,D,0
24/02/07,607,La Coruna,Sociedad,Away,1,1,0,A,0
24/02/08,708,La Coruna,Espanol,Home,9,2,0,H,0
24/04/10,910,La Coruna,Valencia,Away,1,0,1,H,0
24/04/11,1011,La Coruna,Hercules,Away,2,0,1,H,0
24/09/05,506,La Coruna,Zaragoza,Away,5,1,1,D,0
24/09/06,607,La Coruna,Levante,Away,2,0,2,H,1
24/09/08,809,La Coruna,Osasuna,Away,1,0,0,D,1
24/09/12,1213,La Coruna,Sevilla,Home,4,0,2,A,0
24/09/15,1516,La Coruna,Betis,Away,3,2,1,A,0
24/09/17,1718,La Coruna,Espanol,Away,6,1,4,H,0
24/10/15,1516,La Coruna,Malaga,Away,1,0,2,H,0
25/01/09,809,La Coruna,Real Madrid,Away,2,0,1,H,0
25/01/15,1415,La Coruna,Granada,Home,7,2,2,D,1
25/02/17,1617,La Coruna,Leganes,Away,3,0,4,H,1
25/04/09,809,La Coruna,Malaga,Away,6,1,1,D,0
25/09/16,1617,La Coruna,Ath Madrid,Away,1,0,1,H,1
25/10/09,910,La Coruna,Valladolid,Away,3,0,4,H,0
25/10/10,1011,La Coruna,Sociedad,Away,2,0,3,H,0
25/11/07,708,La Coruna,Ath Bilbao,Away,2,2,2,D,0
25/11/12,1213,La Coruna,Ath Bilbao,Away,5,1,1,D,0
26/01/13,1213,La Coruna,Valencia,Home,7,2,3,A,2
26/02/06,506,La Coruna,Osasuna,Away,3,2,1,A,0
26/02/11,1011,La Coruna,Real Madrid,Home,1,0,0,D,0
26/03/06,506,La Coruna,Real Madrid,Away,0,0,4,H,0
26/04/08,708,La Coruna,Barcelona,Home,6,2,0,H,0
26/04/15,1415,La Coruna,Malaga,Away,3,1,1,D,0
26/04/17,1617,La Coruna,Real Madrid,Home,7,2,6,A,0
26/05/07,607,La Coruna,Real Madrid,Away,8,1,3,H,0
26/05/13,1213,La Coruna,Malaga,Away,4,1,3,H,0
26/08/07,708,La Coruna,Almeria,Home,0,0,3,A,0
26/08/12,1213,La Coruna,Valencia,Away,8,3,3,D,0
26/08/16,1617,La Coruna,Betis,Away,1,0,0,D,0
26/08/17,1718,La Coruna,Levante,Away,4,2,2,D,0
26/09/07,708,La Coruna,Recreativo,Home,3,0,2,A,0
26/09/10,1011,La Coruna,Almeria,Home,7,0,2,A,1
26/10/05,506,La Coruna,Real Madrid,Home,5,3,1,H,0
26/10/08,809,La Coruna,Sp Gijon,Home,5,0,3,A,1
26/10/14,1415,La Coruna,Espanol,Away,1,0,0,D,0
26/11/06,607,La Coruna,Osasuna,Away,3,1,4,H,0
26/11/16,1617,La Coruna,Malaga,Away,8,3,4,H,0
26/11/17,1718,La Coruna,Ath Bilbao,Home,4,2,2,D,0
27/01/08,708,La Coruna,Valladolid,Home,8,3,1,H,0
27/01/18,1718,La Coruna,Levante,Home,2,2,2,D,1
27/08/06,607,La Coruna,Zaragoza,Home,6,3,2,H,0
27/09/09,910,La Coruna,Villarreal,Home,7,1,0,H,0
27/09/15,1516,La Coruna,Espanol,Home,5,3,0,H,0
27/10/07,708,La Coruna,Real Madrid,Away,2,1,3,H,1
27/10/12,1213,La Coruna,Celta,Away,4,1,1,D,0
27/11/05,506,La Coruna,Villarreal,Home,3,0,2,A,0
28/01/06,506,La Coruna,Ath Madrid,Away,5,2,3,H,0
28/01/07,607,La Coruna,Zaragoza,Away,2,1,1,D,1
28/01/17,1617,La Coruna,Eibar,Away,7,1,3,H,0
28/02/10,910,La Coruna,Villarreal,Away,2,0,1,H,0
28/02/15,1415,La Coruna,Almeria,Away,9,0,0,D,0
28/02/16,1516,La Coruna,Granada,Home,2,0,1,A,1
28/02/18,1718,La Coruna,Getafe,Away,1,0,3,H,0
28/03/10,910,La Coruna,Getafe,Home,6,1,3,A,0
28/08/05,506,La Coruna,Mallorca,Away,3,1,0,A,0
28/09/08,809,La Coruna,Valencia,Away,3,2,4,H,0
28/09/14,1415,La Coruna,Almeria,Home,1,0,1,A,0
28/11/10,1011,La Coruna,Santander,Away,0,0,1,H,0
28/11/15,1516,La Coruna,Las Palmas,Away,5,2,0,A,0
29/01/11,1011,La Coruna,Sevilla,Home,5,3,3,D,0
29/04/06,506,La Coruna,Celta,Home,3,0,2,A,1
29/04/07,607,La Coruna,Santander,Away,4,0,0,D,0
29/04/13,1213,La Coruna,Betis,Away,6,1,1,D,0
29/04/15,1415,La Coruna,Elche,Away,5,0,4,H,0
29/04/18,1718,La Coruna,Barcelona,Home,5,2,4,A,0
29/08/09,910,La Coruna,Real Madrid,Away,3,2,3,H,0
29/08/10,1011,La Coruna,Zaragoza,Home,2,0,0,D,0
29/10/06,607,La Coruna,Getafe,Away,4,0,2,H,0
29/11/09,910,La Coruna,Santander,Away,6,1,0,A,0
30/01/10,910,La Coruna,Real Madrid,Home,2,1,3,A,0
30/01/15,1415,La Coruna,Vallecano,Away,6,2,1,A,0
30/03/08,708,La Coruna,Murcia,Home,7,3,1,H,0
30/04/11,1011,La Coruna,Ath Madrid,Home,3,0,1,A,1
30/04/17,1617,La Coruna,Osasuna,Away,5,2,2,D,0
30/05/09,809,La Coruna,Barcelona,Home,6,1,1,D,0
30/08/15,1516,La Coruna,Valencia,Away,3,1,1,D,0
30/09/07,708,La Coruna,Espanol,Away,5,0,1,H,0
30/09/12,1213,La Coruna,Real Madrid,Away,2,1,5,H,0
30/09/17,1718,La Coruna,Getafe,Home,9,2,1,H,0
30/10/05,506,La Coruna,Getafe,Home,5,1,0,H,0
30/10/15,1516,La Coruna,Ath Madrid,Home,3,1,1,D,0
30/10/17,1718,La Coruna,Las Palmas,Away,5,3,1,A,0
30/11/08,809,La Coruna,Almeria,Away,4,1,0,A,0
30/11/14,1415,La Coruna,Ath Madrid,Away,1,0,2,H,0
30/12/15,1516,La Coruna,Getafe,Away,3,0,0,D,0
31/03/07,607,La Coruna,Barcelona,Away,3,1,2,H,0
31/03/13,1213,La Coruna,Mallorca,Away,9,3,2,A,0
31/08/08,809,La Coruna,Real Madrid,Home,3,2,1,H,0
31/08/14,1415,La Coruna,Vallecano,Home,5,2,2,D,0
31/10/07,708,La Coruna,Mallorca,Home,7,1,1,D,0
31/10/10,1011,La Coruna,Espanol,Home,4,3,0,H,0
31/10/14,1415,La Coruna,Getafe,Home,2,1,2,A,0
31/10/16,1617,La Coruna,Valencia,Home,4,1,1,D,0
01/03/16,1516,Las Palmas,Getafe,Home,5,4,0,H,0
01/03/17,1617,Las Palmas,Real Madrid,Away,8,3,3,D,0
01/03/18,1718,Las Palmas,Barcelona,Home,1,1,1,D,0
01/09/2024,2425,Las Palmas,Alaves,Away,7,0,2,H,0
01/10/16,1617,Las Palmas,Osasuna,Away,5,2,2,D,0
01/10/17,1718,Las Palmas,Barcelona,Away,1,0,3,H,0
01/12/2023,2324,Las Palmas,Getafe,Home,6,2,0,H,0
02/03/2024,2324,Las Palmas,Getafe,Away,5,3,3,D,0
02/04/16,1516,Las Palmas,Valencia,Home,6,2,1,H,0
02/10/2023,2324,Las Palmas,Celta,Home,5,2,1,H,0
03/01/16,1516,Las Palmas,Ath Bilbao,Away,5,2,2,D,0
03/02/2024,2324,Las Palmas,Granada,Away,6,1,1,D,1
03/02/2025,2425,Las Palmas,Girona,Away,2,1,2,H,0
03/04/17,1617,Las Palmas,Celta,Away,5,1,3,H,0
03/05/2025,2425,Las Palmas,Valencia,Home,3,2,3,A,0
03/09/2023,2324,Las Palmas,Girona,Away,5,0,1,H,0
03/10/15,1516,Las Palmas,Eibar,Home,4,0,2,A,0
03/11/2023,2324,Las Palmas,Ath Madrid,Home,3,2,1,H,0
03/11/2024,2425,Las Palmas,Ath Madrid,Away,1,0,2,H,0
03/12/17,1718,Las Palmas,Betis,Home,7,1,0,H,0
04/01/2024,2324,Las Palmas,Barcelona,Home,3,1,2,A,1
04/05/2024,2324,Las Palmas,Sociedad,Away,1,0,2,H,0
04/12/16,1617,Las Palmas,Alaves,Away,3,1,1,D,0
05/02/18,1718,Las Palmas,Malaga,Home,4,1,0,H,0
05/03/16,1516,Las Palmas,Villarreal,Away,3,1,0,A,0
05/03/17,1617,Las Palmas,Osasuna,Home,8,5,2,H,0
05/03/18,1718,Las Palmas,Celta,Away,3,1,2,H,0
05/10/2024,2425,Las Palmas,Celta,Home,5,0,1,A,0
05/11/16,1617,Las Palmas,Eibar,Home,6,1,0,H,0
05/11/17,1718,Las Palmas,Real Madrid,Away,1,0,3,H,0
06/01/18,1718,Las Palmas,Eibar,Home,2,1,2,A,0
06/02/16,1516,Las Palmas,Vallecano,Away,4,0,2,H,0
06/02/17,1617,Las Palmas,Granada,Away,5,0,1,H,0
06/04/17,1617,Las Palmas,Eibar,Away,6,1,3,H,0
06/04/2025,2425,Las Palmas,Sociedad,Home,5,1,3,A,0
06/05/17,1617,Las Palmas,Sp Gijon,Away,2,0,1,H,0
06/05/18,1718,Las Palmas,Getafe,Home,4,0,1,A,0
06/11/15,1516,Las Palmas,Sociedad,Home,4,2,0,H,0
06/12/15,1516,Las Palmas,Sp Gijon,Away,7,1,3,H,1
07/01/17,1617,Las Palmas,Sp Gijon,Home,10,1,0,H,0
07/12/2024,2425,Las Palmas,Valladolid,Home,5,2,1,H,0
08/02/2025,2425,Las Palmas,Villarreal,Home,4,1,2,A,0
08/04/18,1718,Las Palmas,Levante,Away,5,1,2,H,0
08/05/16,1516,Las Palmas,Ath Bilbao,Home,2,0,0,D,0
08/10/2023,2324,Las Palmas,Villarreal,Away,5,2,1,A,0
08/11/2024,2425,Las Palmas,Vallecano,Away,3,3,1,A,0
08/12/17,1718,Las Palmas,Alaves,Away,1,0,2,H,0
09/02/18,1718,Las Palmas,Ath Bilbao,Away,2,0,0,D,0
09/03/2025,2425,Las Palmas,Betis,Away,1,0,1,H,1
09/04/17,1617,Las Palmas,Betis,Home,6,4,1,H,0
09/05/2025,2425,Las Palmas,Vallecano,Home,2,0,1,A,0
09/12/2023,2324,Las Palmas,Alaves,Away,2,1,0,A,0
10/01/16,1516,Las Palmas,Malaga,Home,3,1,1,D,0
10/02/2024,2324,Las Palmas,Valencia,Home,3,2,0,H,0
10/03/17,1617,Las Palmas,Espanol,Away,5,3,4,H,0
10/03/2024,2324,Las Palmas,Ath Bilbao,Home,2,0,2,A,0
10/09/16,1617,Las Palmas,Sevilla,Away,4,1,2,H,1
10/12/16,1617,Las Palmas,Leganes,Home,1,1,1,D,0
11/03/18,1718,Las Palmas,Villarreal,Home,3,0,2,A,1
11/04/16,1516,Las Palmas,La Coruna,Away,6,3,1,A,0
11/05/2024,2324,Las Palmas,Mallorca,Away,1,0,1,H,0
11/09/17,1718,Las Palmas,Malaga,Away,8,3,1,A,0
11/11/2023,2324,Las Palmas,Osasuna,Away,1,1,1,D,0
12/01/2025,2425,Las Palmas,Getafe,Home,7,1,2,A,0
12/02/17,1617,Las Palmas,Sevilla,Home,7,0,1,A,0
12/04/2025,2425,Las Palmas,Getafe,Away,5,3,1,A,0
12/05/18,1718,Las Palmas,Eibar,Away,2,0,1,H,0
12/08/2023,2324,Las Palmas,Mallorca,Home,2,1,1,D,0
12/12/15,1516,Las Palmas,Betis,Home,4,1,0,H,0
13/01/18,1718,Las Palmas,Girona,Away,1,0,6,H,0
13/01/2024,2324,Las Palmas,Villarreal,Home,3,3,0,H,0
13/03/16,1516,Las Palmas,Real Madrid,Home,6,1,2,A,0
13/05/2025,2425,Las Palmas,Sevilla,Away,3,0,1,H,0
13/09/15,1516,Las Palmas,Celta,Away,5,3,3,D,1
14/01/17,1617,Las Palmas,Barcelona,Away,1,0,5,H,0
14/02/16,1516,Las Palmas,Sevilla,Away,3,0,2,H,0
14/03/2025,2425,Las Palmas,Alaves,Home,7,2,2,D,0
14/04/17,1617,Las Palmas,Ath Bilbao,Away,2,1,5,H,0
14/04/18,1718,Las Palmas,Sociedad,Home,0,0,1,A,0
14/04/2024,2324,Las Palmas,Sevilla,Home,2,0,2,A,1
14/05/17,1617,Las Palmas,Barcelona,Home,5,1,4,A,0
14/10/16,1617,Las Palmas,Espanol,Home,8,0,0,D,0
15/05/16,1516,Las Palmas,Malaga,Away,7,1,4,H,0
15/09/2024,2425,Las Palmas,Ath Bilbao,Home,6,2,3,A,0
15/12/2024,2425,Las Palmas,Sociedad,Away,3,0,0,D,0
16/02/2025,2425,Las Palmas,Mallorca,Away,4,1,3,H,0
16/04/16,1516,Las Palmas,Sp Gijon,Home,4,1,1,D,0
16/05/2024,2324,Las Palmas,Betis,Home,9,2,2,D,0
16/08/2024,2425,Las Palmas,Sevilla,Home,5,2,2,D,0
16/10/17,1718,Las Palmas,Celta,Home,11,2,5,A,0
17/01/16,1516,Las Palmas,Ath Madrid,Home,3,0,3,A,0
17/02/18,1718,Las Palmas,Sevilla,Home,3,1,2,A,0
17/02/2024,2324,Las Palmas,Ath Madrid,Away,2,0,5,H,0
17/03/17,1617,Las Palmas,Villarreal,Home,10,1,0,H,0
17/03/18,1718,Las Palmas,La Coruna,Away,1,1,1,D,0
17/03/2024,2324,Las Palmas,Almeria,Home,6,0,1,A,0
17/09/16,1617,Las Palmas,Malaga,Home,2,1,0,H,0
17/09/17,1718,Las Palmas,Ath Bilbao,Home,3,1,0,H,0
17/09/2023,2324,Las Palmas,Sevilla,Away,2,0,1,H,0
17/12/16,1617,Las Palmas,Ath Madrid,Away,3,0,1,H,0
17/12/17,1718,Las Palmas,Espanol,Home,5,2,2,D,0
17/12/2023,2324,Las Palmas,Cadiz,Home,2,1,1,D,0
18/05/2025,2425,Las Palmas,Leganes,Home,3,0,1,A,0
18/08/17,1718,Las Palmas,Valencia,Away,4,0,1,H,1
18/08/2023,2324,Las Palmas,Valencia,Away,1,0,1,H,0
18/10/15,1516,Las Palmas,Getafe,Away,3,0,4,H,1
18/11/16,1617,Las Palmas,Betis,Away,3,0,2,H,0
19/01/2025,2425,Las Palmas,Real Madrid,Away,2,1,4,H,1
19/03/16,1516,Las Palmas,Sociedad,Away,7,1,0,A,0
19/04/16,1516,Las Palmas,Betis,Away,0,0,1,H,1
19/04/18,1718,Las Palmas,Betis,Away,0,0,1,H,1
19/04/2025,2425,Las Palmas,Ath Madrid,Home,2,1,0,H,0
19/05/18,1718,Las Palmas,Girona,Home,7,1,2,A,0
19/05/2024,2324,Las Palmas,Cadiz,Away,1,0,0,D,0
19/11/17,1718,Las Palmas,Levante,Home,5,0,2,A,0
19/12/15,1516,Las Palmas,Espanol,Away,4,0,1,H,0
20/01/17,1617,Las Palmas,La Coruna,Home,3,1,1,D,1
20/01/18,1718,Las Palmas,Valencia,Home,6,2,1,H,0
20/01/2024,2324,Las Palmas,Vallecano,Away,5,2,0,A,0
20/02/16,1516,Las Palmas,Barcelona,Home,3,1,2,A,0
20/02/17,1617,Las Palmas,Malaga,Away,4,1,2,H,0
20/04/2024,2324,Las Palmas,Celta,Away,4,1,4,H,0
20/05/17,1617,Las Palmas,La Coruna,Away,4,0,3,H,1
20/09/15,1516,Las Palmas,Vallecano,Home,2,0,1,A,0
20/09/17,1718,Las Palmas,Sevilla,Away,0,0,1,H,0
20/12/17,1718,Las Palmas,Getafe,Away,6,0,2,H,0
20/12/2023,2324,Las Palmas,Ath Bilbao,Away,1,0,1,H,0
21/09/16,1617,Las Palmas,Sociedad,Away,3,1,4,H,1
21/09/2024,2425,Las Palmas,Osasuna,Away,4,1,2,H,0
21/10/2024,2425,Las Palmas,Valencia,Away,6,3,2,A,0
21/11/15,1516,Las Palmas,Valencia,Away,7,1,1,D,0
22/02/2025,2425,Las Palmas,Barcelona,Home,2,0,2,A,0
22/04/16,1516,Las Palmas,Espanol,Home,9,4,0,H,0
22/04/18,1718,Las Palmas,Alaves,Home,1,0,4,A,0
22/08/15,1516,Las Palmas,Ath Madrid,Away,1,0,1,H,0
22/08/16,1617,Las Palmas,Valencia,Away,4,4,2,A,0
22/10/17,1718,Las Palmas,Villarreal,Away,5,0,4,H,0
22/10/2023,2324,Las Palmas,Vallecano,Home,6,0,1,A,0
22/12/2024,2425,Las Palmas,Espanol,Home,4,1,0,H,0
23/04/17,1617,Las Palmas,Alaves,Home,3,1,1,D,1
23/04/2025,2425,Las Palmas,Ath Bilbao,Away,2,0,1,H,0
23/09/15,1516,Las Palmas,Sevilla,Home,4,2,0,H,0
23/10/16,1617,Las Palmas,Villarreal,Away,4,1,2,H,0
23/11/2024,2425,Las Palmas,Mallorca,Home,3,2,3,A,0
24/01/2025,2425,Las Palmas,Osasuna,Home,7,1,1,D,1
24/02/17,1617,Las Palmas,Sociedad,Home,7,0,1,A,0
24/02/18,1718,Las Palmas,Leganes,Away,1,0,0,D,0
24/05/2025,2425,Las Palmas,Espanol,Away,4,0,2,H,0
24/09/16,1617,Las Palmas,Real Madrid,Home,6,2,2,D,0
24/09/17,1718,Las Palmas,Leganes,Home,3,0,2,A,0
24/09/2023,2324,Las Palmas,Granada,Home,3,1,0,H,1
25/01/16,1516,Las Palmas,Levante,Away,4,2,3,H,0
25/02/2024,2324,Las Palmas,Osasuna,Home,3,1,1,D,0
25/08/2023,2324,Las Palmas,Sociedad,Home,5,0,0,D,0
25/08/2024,2425,Las Palmas,Leganes,Away,5,1,2,H,0
25/10/15,1516,Las Palmas,Villarreal,Home,2,0,0,D,0
26/02/16,1516,Las Palmas,Eibar,Away,4,1,0,A,0
26/04/17,1617,Las Palmas,Leganes,Away,0,0,3,H,0
26/05/2024,2324,Las Palmas,Alaves,Home,4,1,1,D,0
26/08/17,1718,Las Palmas,Ath Madrid,Home,4,1,5,A,0
26/09/15,1516,Las Palmas,Barcelona,Away,6,1,2,H,0
26/09/2024,2425,Las Palmas,Betis,Home,2,1,1,D,0
26/10/2024,2425,Las Palmas,Girona,Home,3,1,0,H,0
26/11/17,1718,Las Palmas,Sociedad,Away,7,2,2,D,0
26/11/2023,2324,Las Palmas,Betis,Away,4,0,1,H,0
27/01/2024,2324,Las Palmas,Real Madrid,Home,2,1,2,A,0
27/04/2024,2324,Las Palmas,Girona,Home,5,0,2,A,0
27/09/2023,2324,Las Palmas,Real Madrid,Away,2,0,2,H,0
28/01/18,1718,Las Palmas,Ath Madrid,Away,1,0,3,H,0
28/02/2025,2425,Las Palmas,Valladolid,Away,3,1,1,D,1
28/04/18,1718,Las Palmas,Espanol,Away,2,1,1,D,0
28/08/16,1617,Las Palmas,Granada,Home,10,5,1,H,0
28/10/2023,2324,Las Palmas,Almeria,Away,3,2,1,A,0
28/11/15,1516,Las Palmas,La Coruna,Home,5,0,2,A,0
28/11/16,1617,Las Palmas,Ath Bilbao,Home,4,3,1,H,0
29/04/17,1617,Las Palmas,Ath Madrid,Home,3,0,5,A,1
29/08/2024,2425,Las Palmas,Real Madrid,Home,3,1,1,D,0
30/01/17,1617,Las Palmas,Valencia,Home,4,3,1,H,0
30/03/2024,2324,Las Palmas,Barcelona,Away,0,0,1,H,1
30/04/16,1516,Las Palmas,Granada,Away,6,2,3,H,0
30/08/15,1516,Las Palmas,Levante,Home,2,0,0,D,0
30/09/2024,2425,Las Palmas,Villarreal,Away,3,1,3,H,0
30/10/16,1617,Las Palmas,Celta,Home,8,3,3,D,0
30/10/17,1718,Las Palmas,La Coruna,Home,5,1,3,A,0
30/11/2024,2425,Las Palmas,Barcelona,Away,3,2,1,A,0
30/12/15,1516,Las Palmas,Granada,Home,4,4,1,H,0
31/01/16,1516,Las Palmas,Celta,Home,5,2,1,H,0
31/03/18,1718,Las Palmas,Real Madrid,Home,3,0,3,A,0
31/03/2025,2425,Las Palmas,Celta,Away,2,1,1,D,0
31/10/15,1516,Las Palmas,Real Madrid,Away,5,1,3,H,0
01/04/17,1617,Leganes,Sociedad,Away,3,1,1,D,0
01/04/18,1718,Leganes,Valencia,Home,1,0,1,A,0
01/09/2018,1819,Leganes,Real Madrid,Away,3,1,4,H,0
01/10/16,1617,Leganes,Granada,Away,3,1,0,A,0
01/12/2018,1819,Leganes,Valladolid,Away,5,4,2,A,0
01/12/2019,1920,Leganes,Sevilla,Away,4,0,1,H,0
02/02/2020,1920,Leganes,Sociedad,Home,5,2,1,H,0
02/03/2025,2425,Leganes,Getafe,Home,1,1,0,H,0
02/11/2024,2425,Leganes,Girona,Away,5,3,4,H,0
03/01/2020,1920,Leganes,Valladolid,Away,5,2,2,D,0
03/03/18,1718,Leganes,Malaga,Home,3,2,0,H,0
03/05/2019,1819,Leganes,Sevilla,Away,5,3,0,A,0
03/11/2018,1819,Leganes,Ath Madrid,Home,3,1,1,D,0
03/11/2019,1920,Leganes,Eibar,Home,5,1,2,A,0
03/12/16,1617,Leganes,Villarreal,Home,4,0,0,D,0
03/12/17,1718,Leganes,Villarreal,Home,5,3,1,H,0
04/01/2019,1819,Leganes,Espanol,Away,2,0,1,H,1
04/02/17,1617,Leganes,Ath Madrid,Away,2,0,2,H,0
04/02/18,1718,Leganes,Getafe,Away,1,0,0,D,0
04/02/2019,1819,Leganes,Vallecano,Away,4,2,1,A,1
04/03/17,1617,Leganes,Granada,Home,4,1,0,H,0
04/03/2019,1819,Leganes,Levante,Home,3,1,0,H,0
04/04/2019,1819,Leganes,Valladolid,Home,2,1,0,H,0
04/05/2025,2425,Leganes,Sevilla,Away,3,2,2,D,0
04/10/2024,2425,Leganes,Valencia,Home,0,0,0,D,0
04/11/17,1718,Leganes,Valencia,Away,6,0,3,H,0
05/04/17,1617,Leganes,Real Madrid,Home,3,2,4,A,0
05/07/2020,1920,Leganes,Espanol,Away,2,1,0,A,0
05/10/2019,1920,Leganes,Levante,Home,10,1,2,A,0
06/10/2018,1819,Leganes,Vallecano,Home,4,1,0,H,0
06/11/16,1617,Leganes,Real Madrid,Away,3,0,3,H,0
07/01/18,1718,Leganes,Sociedad,Home,4,1,0,H,0
07/04/18,1718,Leganes,Barcelona,Away,1,1,3,H,0
07/04/2019,1819,Leganes,Alaves,Away,5,1,1,D,0
07/04/2025,2425,Leganes,Osasuna,Home,7,1,1,D,0
07/05/18,1718,Leganes,Levante,Home,2,0,3,A,1
07/12/2018,1819,Leganes,Getafe,Home,5,1,1,D,1
08/01/17,1617,Leganes,Betis,Away,3,0,2,H,0
08/02/2020,1920,Leganes,Levante,Away,4,0,2,H,0
08/03/2020,1920,Leganes,Villarreal,Away,7,2,1,A,0
08/03/2025,2425,Leganes,Celta,Away,6,1,2,H,0
08/05/17,1617,Leganes,Betis,Home,4,4,0,H,0
08/09/17,1718,Leganes,Getafe,Home,7,1,2,A,0
08/11/2019,1920,Leganes,Sociedad,Away,2,1,1,D,1
08/12/2019,1920,Leganes,Celta,Home,8,3,2,H,0
08/12/2024,2425,Leganes,Sociedad,Home,2,0,3,A,0
09/02/2025,2425,Leganes,Valencia,Away,4,0,2,H,0
09/03/2019,1819,Leganes,Ath Madrid,Away,2,0,1,H,0
09/04/17,1617,Leganes,Osasuna,Away,2,1,2,H,0
09/07/2020,1920,Leganes,Eibar,Away,1,0,0,D,0
09/11/2024,2425,Leganes,Sevilla,Home,4,1,0,H,0
09/12/17,1718,Leganes,La Coruna,Away,0,0,1,H,0
10/02/18,1718,Leganes,Eibar,Home,0,0,1,A,1
10/02/2019,1819,Leganes,Betis,Home,4,3,0,H,0
10/11/2018,1819,Leganes,Girona,Away,1,0,0,D,0
10/12/16,1617,Leganes,Las Palmas,Away,6,1,1,D,0
11/01/2025,2425,Leganes,Espanol,Away,6,1,1,D,1
11/03/17,1617,Leganes,Sevilla,Away,4,1,1,D,0
11/03/18,1718,Leganes,Ath Bilbao,Away,1,0,2,H,0
11/05/2025,2425,Leganes,Espanol,Home,5,3,2,H,0
11/09/16,1617,Leganes,Sp Gijon,Away,2,1,2,H,0
12/01/2019,1819,Leganes,Huesca,Home,7,1,0,H,0
12/02/17,1617,Leganes,Sp Gijon,Home,3,0,2,A,0
12/04/2025,2425,Leganes,Barcelona,Home,1,0,1,A,0
12/05/18,1718,Leganes,Sociedad,Away,3,2,3,H,0
12/05/2019,1819,Leganes,Espanol,Home,4,0,2,A,1
12/07/2020,1920,Leganes,Valencia,Home,1,1,0,H,1
13/06/2020,1920,Leganes,Valladolid,Home,2,1,2,A,0
13/09/2024,2425,Leganes,Betis,Away,0,0,2,H,0
13/12/2019,1920,Leganes,Alaves,Away,1,1,1,D,0
14/01/17,1617,Leganes,Ath Bilbao,Home,5,0,0,D,0
14/04/18,1718,Leganes,Celta,Home,7,1,0,H,0
14/05/17,1617,Leganes,Ath Bilbao,Away,2,1,1,D,0
14/05/2025,2425,Leganes,Villarreal,Away,6,0,3,H,0
14/09/2019,1920,Leganes,Villarreal,Home,4,0,3,A,0
14/12/2018,1819,Leganes,Celta,Away,2,0,0,D,0
15/01/18,1718,Leganes,Betis,Away,6,2,3,H,0
15/02/2025,2425,Leganes,Alaves,Home,3,3,3,D,1
15/04/2019,1819,Leganes,Real Madrid,Home,2,1,1,D,0
15/09/17,1718,Leganes,Eibar,Away,2,0,1,H,0
15/10/16,1617,Leganes,Sevilla,Home,6,2,3,A,0
15/10/17,1718,Leganes,Malaga,Away,9,2,0,A,0
15/12/2024,2425,Leganes,Barcelona,Away,4,1,0,A,0
16/02/18,1718,Leganes,Girona,Away,5,0,3,H,0
16/02/2019,1819,Leganes,Sociedad,Away,3,0,3,H,0
16/02/2020,1920,Leganes,Betis,Home,1,0,0,D,0
16/03/2019,1819,Leganes,Girona,Home,3,0,2,A,0
16/03/2025,2425,Leganes,Betis,Home,4,2,3,A,0
16/04/17,1617,Leganes,Espanol,Home,5,0,1,A,0
16/06/2020,1920,Leganes,Barcelona,Away,2,0,2,H,0
16/07/2020,1920,Leganes,Ath Bilbao,Away,4,2,0,A,0
16/09/2018,1819,Leganes,Villarreal,Home,3,0,1,A,0
17/01/2020,1920,Leganes,Getafe,Home,2,0,3,A,0
17/04/18,1718,Leganes,Villarreal,Away,1,1,2,H,0
17/08/2019,1920,Leganes,Osasuna,Home,2,0,1,A,1
17/08/2024,2425,Leganes,Osasuna,Away,4,1,1,D,0
17/09/16,1617,Leganes,Barcelona,Home,6,1,5,A,0
18/01/2025,2425,Leganes,Ath Madrid,Home,3,1,0,H,0
18/03/18,1718,Leganes,Sevilla,Home,6,2,1,H,0
18/05/2019,1819,Leganes,Huesca,Away,1,1,2,H,0
18/05/2025,2425,Leganes,Las Palmas,Away,4,1,0,A,0
18/08/17,1718,Leganes,Alaves,Home,9,1,0,H,0
18/11/17,1718,Leganes,Barcelona,Home,7,0,3,A,0
18/12/16,1617,Leganes,Eibar,Home,2,1,1,D,1
19/02/17,1617,Leganes,Barcelona,Away,6,1,2,H,0
19/03/17,1617,Leganes,Malaga,Home,2,0,0,D,0
19/04/2025,2425,Leganes,Mallorca,Away,1,0,0,D,0
19/05/18,1718,Leganes,Betis,Home,3,3,2,H,1
19/06/2020,1920,Leganes,Mallorca,Away,4,1,1,D,0
19/07/2020,1920,Leganes,Real Madrid,Home,7,2,2,D,0
19/09/2024,2425,Leganes,Ath Bilbao,Home,3,0,2,A,0
19/10/2019,1920,Leganes,Getafe,Away,3,0,2,H,0
19/12/17,1718,Leganes,Levante,Away,2,0,0,D,1
20/01/2019,1819,Leganes,Barcelona,Away,2,1,3,H,0
20/04/18,1718,Leganes,La Coruna,Home,0,0,0,D,0
20/05/17,1617,Leganes,Alaves,Home,4,1,1,D,0
20/08/2018,1819,Leganes,Ath Bilbao,Away,2,1,2,H,0
20/09/17,1718,Leganes,Girona,Home,1,0,0,D,0
20/10/2018,1819,Leganes,Valencia,Away,5,1,1,D,0
20/10/2024,2425,Leganes,Ath Madrid,Away,2,1,3,H,0
21/01/17,1617,Leganes,Alaves,Away,4,2,2,D,0
21/01/18,1718,Leganes,Alaves,Away,4,2,2,D,0
21/02/18,1718,Leganes,Real Madrid,Home,3,1,3,A,0
21/04/2019,1819,Leganes,Villarreal,Away,2,1,2,H,0
21/11/16,1617,Leganes,Osasuna,Home,5,2,0,H,0
22/02/2020,1920,Leganes,Celta,Away,2,0,1,H,0
22/04/17,1617,Leganes,Villarreal,Away,4,1,2,H,0
22/06/2020,1920,Leganes,Granada,Home,3,0,0,D,0
22/08/16,1617,Leganes,Celta,Away,6,1,0,A,1
22/09/16,1617,Leganes,La Coruna,Away,2,2,1,A,0
22/09/2018,1819,Leganes,Eibar,Away,2,0,1,H,0
22/09/2019,1920,Leganes,Valencia,Away,4,1,1,D,0
22/09/2024,2425,Leganes,Getafe,Away,3,1,1,D,0
22/10/17,1718,Leganes,Ath Bilbao,Home,4,1,0,H,0
22/12/2019,1920,Leganes,Espanol,Home,5,2,0,H,0
22/12/2024,2425,Leganes,Villarreal,Home,3,2,5,A,2
23/02/2025,2425,Leganes,Sociedad,Away,2,0,3,H,0
23/10/16,1617,Leganes,Malaga,Away,5,0,4,H,0
23/11/2018,1819,Leganes,Alaves,Home,6,1,0,H,0
23/11/2019,1920,Leganes,Barcelona,Home,4,1,2,A,0
23/12/2018,1819,Leganes,Sevilla,Home,4,1,1,D,0
24/02/18,1718,Leganes,Las Palmas,Home,2,0,0,D,0
24/02/2019,1819,Leganes,Valencia,Home,6,1,1,D,0
24/04/2019,1819,Leganes,Ath Bilbao,Home,1,0,1,A,0
24/04/2025,2425,Leganes,Girona,Home,1,1,1,D,1
24/05/2025,2425,Leganes,Valladolid,Home,6,3,0,H,0
24/08/2018,1819,Leganes,Sociedad,Home,5,2,2,D,0
24/09/17,1718,Leganes,Las Palmas,Away,3,2,0,A,0
24/11/17,1718,Leganes,Celta,Away,2,0,1,H,0
24/11/2024,2425,Leganes,Real Madrid,Home,0,0,3,A,0
25/02/17,1617,Leganes,La Coruna,Home,5,4,0,H,0
25/08/2019,1920,Leganes,Ath Madrid,Home,4,0,1,A,0
25/08/2024,2425,Leganes,Las Palmas,Home,5,2,1,H,0
25/09/16,1617,Leganes,Valencia,Home,3,1,2,A,0
25/09/2019,1920,Leganes,Ath Bilbao,Home,3,1,1,D,0
26/01/2019,1819,Leganes,Eibar,Home,3,2,2,D,0
26/01/2020,1920,Leganes,Ath Madrid,Away,4,0,0,D,1
26/01/2025,2425,Leganes,Ath Bilbao,Away,2,0,0,D,0
26/04/17,1617,Leganes,Las Palmas,Home,5,3,0,H,0
26/09/2018,1819,Leganes,Barcelona,Home,6,2,1,H,0
26/10/2019,1920,Leganes,Mallorca,Home,3,1,0,H,0
26/11/16,1617,Leganes,Espanol,Away,3,0,3,H,0
27/04/2019,1819,Leganes,Celta,Home,1,0,0,D,0
27/06/2020,1920,Leganes,Osasuna,Away,7,1,2,H,0
27/08/16,1617,Leganes,Ath Madrid,Home,1,0,0,D,0
27/08/17,1718,Leganes,Espanol,Away,8,1,0,A,0
27/10/2018,1819,Leganes,Levante,Away,6,0,2,H,0
27/10/2024,2425,Leganes,Celta,Home,4,3,0,H,0
28/01/17,1617,Leganes,Celta,Home,0,0,2,A,0
28/01/18,1718,Leganes,Espanol,Home,6,3,2,H,0
28/02/17,1617,Leganes,Valencia,Away,0,0,1,H,1
28/02/18,1718,Leganes,Ath Madrid,Away,3,0,4,H,0
28/04/18,1718,Leganes,Real Madrid,Away,6,1,2,H,1
28/08/2024,2425,Leganes,Valladolid,Away,1,0,0,D,0
28/09/2019,1920,Leganes,Granada,Away,6,0,1,H,0
28/09/2024,2425,Leganes,Vallecano,Away,3,1,1,D,0
28/10/16,1617,Leganes,Sociedad,Home,4,0,2,A,0
28/10/17,1718,Leganes,Sevilla,Away,1,1,2,H,0
29/02/2020,1920,Leganes,Alaves,Home,6,1,1,D,0
29/03/2025,2425,Leganes,Real Madrid,Away,4,2,3,H,0
30/03/2019,1819,Leganes,Getafe,Away,3,2,0,A,0
30/04/17,1617,Leganes,Eibar,Away,1,0,2,H,0
30/06/2020,1920,Leganes,Sevilla,Home,3,0,3,A,0
30/09/17,1718,Leganes,Ath Madrid,Home,3,0,0,D,0
30/09/2018,1819,Leganes,Betis,Away,5,0,1,H,0
30/10/2019,1920,Leganes,Real Madrid,Away,3,0,5,H,0
30/11/2024,2425,Leganes,Alaves,Away,3,1,1,D,0
31/01/2025,2425,Leganes,Vallecano,Home,1,0,1,A,1
31/08/2019,1920,Leganes,Betis,Away,7,1,2,H,0
31/08/2024,2425,Leganes,Mallorca,Home,2,0,1,A,0
01/02/14,1314,Levante,Vallecano,Home,2,0,0,D,0
01/02/15,1415,Levante,Ath Bilbao,Home,4,0,2,A,0
01/03/14,1314,Levante,Osasuna,Home,3,2,0,H,1
01/03/18,1718,Levante,Alaves,Away,1,0,1,H,1
01/04/12,1112,Levante,Valencia,Away,2,1,1,D,0
01/05/11,1011,Levante,Sp Gijon,Home,2,0,0,D,0
01/05/15,1415,Levante,Sociedad,Away,1,0,3,H,0
01/06/13,1213,Levante,Betis,Home,4,1,1,D,0
01/07/2020,1920,Levante,Valladolid,Away,3,0,0,D,0
01/09/07,708,Levante,Murcia,Home,0,0,0,D,0
01/10/06,607,Levante,Zaragoza,Away,5,2,2,D,0
01/10/2020,2021,Levante,Sevilla,Away,1,0,1,H,0
01/11/10,1011,Levante,Mallorca,Away,3,1,2,H,0
01/11/2020,2021,Levante,Granada,Away,4,1,1,D,0
01/11/2021,2122,Levante,Granada,Home,3,0,3,A,0
01/12/17,1718,Levante,Malaga,Away,3,0,0,D,0
01/12/2019,1920,Levante,Getafe,Away,2,0,4,H,0
02/01/11,1011,Levante,Barcelona,Away,2,1,2,H,0
02/01/16,1516,Levante,Ath Madrid,Away,1,0,1,H,0
02/01/2021,2021,Levante,Villarreal,Away,2,1,2,H,0
02/02/13,1213,Levante,Espanol,Away,4,2,3,H,0
02/02/2019,1819,Levante,Getafe,Home,4,0,0,D,0
02/02/2020,1920,Levante,Barcelona,Away,5,1,2,H,0
02/03/08,708,Levante,Zaragoza,Home,5,2,1,H,0
02/03/11,1011,Levante,Sociedad,Away,1,1,1,D,0
02/03/13,1213,Levante,Valencia,Away,4,2,2,D,0
02/03/16,1516,Levante,Real Madrid,Home,4,1,3,A,0
02/04/2021,2021,Levante,Huesca,Home,3,0,2,A,0
02/04/2022,2122,Levante,Villarreal,Home,4,2,0,H,0
02/05/12,1112,Levante,Zaragoza,Away,4,0,1,H,0
02/05/16,1516,Levante,Malaga,Away,5,1,3,H,0
02/05/2026,2526,Levante,Villarreal,Away,3,1,5,H,0
02/09/12,1213,Levante,Espanol,Home,4,3,2,H,1
02/09/2018,1819,Levante,Valencia,Home,4,2,2,D,1
02/10/11,1112,Levante,Betis,Away,3,1,0,A,0
02/10/2021,2122,Levante,Mallorca,Away,2,0,1,H,0
02/11/14,1415,Levante,Almeria,Home,5,2,1,H,0
02/11/2019,1920,Levante,Barcelona,Home,3,3,1,H,0
02/11/2025,2526,Levante,Celta,Home,3,1,2,A,1
02/12/06,607,Levante,Barcelona,Home,8,1,1,D,0
02/12/07,708,Levante,Getafe,Away,4,1,2,H,0
02/12/12,1213,Levante,Celta,Away,2,1,1,D,0
03/01/15,1415,Levante,Ath Madrid,Away,4,1,3,H,0
03/01/2022,2122,Levante,Villarreal,Away,3,0,5,H,0
03/02/08,708,Levante,Santander,Home,2,1,1,D,0
03/02/18,1718,Levante,Real Madrid,Home,4,2,2,D,0
03/04/11,1011,Levante,Malaga,Home,5,3,1,H,0
03/04/2019,1819,Levante,Ath Bilbao,Away,6,2,3,H,1
03/10/10,1011,Levante,Osasuna,Away,2,1,1,D,0
03/11/13,1314,Levante,Granada,Home,7,0,1,A,0
03/12/11,1112,Levante,Barcelona,Away,3,0,5,H,0
03/12/2018,1819,Levante,Ath Bilbao,Home,7,3,0,H,0
04/01/14,1314,Levante,Valencia,Away,2,0,2,H,0
04/01/2019,1819,Levante,Girona,Home,8,2,2,D,1
04/01/2020,1920,Levante,Ath Madrid,Away,3,1,2,H,0
04/01/2026,2526,Levante,Sevilla,Away,4,3,0,A,0
04/02/07,607,Levante,Real Madrid,Away,2,1,0,A,0
04/02/12,1112,Levante,Santander,Home,6,1,1,D,0
04/02/2022,2122,Levante,Getafe,Away,2,0,3,H,0
04/03/07,607,Levante,Mallorca,Away,1,1,3,H,0
04/03/18,1718,Levante,Espanol,Home,4,1,1,D,0
04/03/2019,1819,Levante,Leganes,Away,4,0,1,H,0
04/04/15,1415,Levante,Almeria,Away,5,4,1,A,0
04/04/16,1516,Levante,Sp Gijon,Home,4,0,0,D,1
04/04/2026,2526,Levante,Sociedad,Away,4,0,2,H,0
04/05/08,708,Levante,Espanol,Home,5,1,1,D,2
04/05/14,1314,Levante,Ath Madrid,Home,2,2,0,H,0
04/05/2019,1819,Levante,Vallecano,Home,7,4,1,H,0
04/10/14,1415,Levante,Eibar,Away,5,3,3,D,0
04/10/15,1516,Levante,Villarreal,Home,5,1,0,H,0
04/10/2020,2021,Levante,Real Madrid,Home,4,0,2,A,0
04/10/2025,2526,Levante,Oviedo,Away,5,2,0,A,0
04/11/06,607,Levante,Sociedad,Home,3,2,0,H,0
04/11/07,708,Levante,Almeria,Home,5,3,0,H,0
04/11/12,1213,Levante,Sevilla,Away,1,0,0,D,0
04/11/2018,1819,Levante,Villarreal,Away,2,1,1,D,0
04/12/10,1011,Levante,Ath Madrid,Home,8,2,0,H,0
05/01/13,1213,Levante,Ath Bilbao,Home,6,3,1,H,0
05/02/11,1011,Levante,Villarreal,Away,4,1,0,A,0
05/03/12,1112,Levante,Betis,Home,4,3,1,H,0
05/05/12,1112,Levante,Mallorca,Away,2,0,1,H,0
05/05/13,1213,Levante,Mallorca,Away,1,1,1,D,0
05/10/13,1314,Levante,Real Madrid,Home,5,2,3,A,0
05/10/2019,1920,Levante,Leganes,Away,2,2,1,A,0
05/11/11,1112,Levante,Valencia,Home,3,0,2,A,0
05/11/17,1718,Levante,Girona,Home,4,1,2,A,0
05/12/2020,2021,Levante,Getafe,Home,8,3,0,H,0
05/12/2021,2122,Levante,Osasuna,Home,3,0,0,D,0
06/01/08,708,Levante,Valencia,Away,2,0,0,D,0
06/02/2021,2021,Levante,Granada,Home,7,2,2,D,0
06/03/11,1011,Levante,Espanol,Home,5,1,0,H,0
06/03/15,1415,Levante,Eibar,Home,4,2,1,H,0
06/03/16,1516,Levante,Sociedad,Away,3,1,1,D,0
06/04/08,708,Levante,Valladolid,Home,3,0,3,A,0
06/04/13,1213,Levante,Real Madrid,Away,3,1,5,H,0
06/05/07,607,Levante,Gimnastic,Home,4,2,0,H,0
06/05/2022,2122,Levante,Sociedad,Home,7,2,1,H,0
06/07/2020,1920,Levante,Sociedad,Home,4,1,1,D,0
06/10/2018,1819,Levante,Getafe,Away,3,1,0,A,0
06/11/2021,2122,Levante,Alaves,Away,7,1,2,H,0
07/01/07,607,Levante,Santander,Home,6,2,0,H,0
07/01/12,1112,Levante,Mallorca,Home,2,0,0,D,0
07/01/18,1718,Levante,Barcelona,Away,2,0,3,H,0
07/02/15,1415,Levante,Malaga,Home,6,4,1,H,0
07/02/16,1516,Levante,Barcelona,Home,3,0,2,A,0
07/03/2021,2021,Levante,Sociedad,Away,1,0,1,H,0
07/03/2022,2122,Levante,Ath Bilbao,Away,2,1,3,H,0
07/03/2026,2526,Levante,Girona,Home,4,1,1,D,1
07/04/14,1314,Levante,Ath Bilbao,Home,2,1,2,A,1
07/04/15,1415,Levante,Sevilla,Home,6,1,2,A,0
07/04/2019,1819,Levante,Huesca,Home,8,2,2,D,0
07/05/08,708,Levante,La Coruna,Away,0,0,1,H,0
07/05/11,1011,Levante,Ath Bilbao,Away,4,2,3,H,0
07/05/18,1718,Levante,Leganes,Away,3,3,0,A,0
07/10/07,708,Levante,Zaragoza,Away,3,0,3,H,0
07/10/12,1213,Levante,Valencia,Home,4,1,0,H,0
07/11/10,1011,Levante,La Coruna,Home,2,1,2,A,0
07/11/15,1516,Levante,La Coruna,Home,5,1,1,D,0
07/12/15,1516,Levante,Espanol,Away,5,1,1,D,0
07/12/2019,1920,Levante,Valencia,Home,6,2,4,A,1
08/01/2022,2122,Levante,Mallorca,Home,8,2,0,H,1
08/02/2020,1920,Levante,Leganes,Home,5,2,0,H,0
08/02/2026,2526,Levante,Ath Bilbao,Away,3,2,4,H,1
08/03/2020,1920,Levante,Granada,Home,3,1,1,D,0
08/04/07,607,Levante,Betis,Home,4,1,1,D,0
08/04/12,1112,Levante,Ath Madrid,Home,4,2,0,H,0
08/04/18,1718,Levante,Las Palmas,Home,4,2,1,H,2
08/05/16,1516,Levante,Ath Madrid,Home,5,2,1,H,0
08/05/2021,2021,Levante,Alaves,Away,3,2,2,D,0
08/05/2026,2526,Levante,Osasuna,Home,12,3,2,H,0
08/11/2020,2021,Levante,Alaves,Home,5,1,1,D,0
08/11/2025,2526,Levante,Ath Madrid,Away,3,1,3,H,0
08/12/14,1415,Levante,Getafe,Home,3,1,1,D,0
08/12/2025,2526,Levante,Osasuna,Away,5,0,2,H,0
09/01/11,1011,Levante,Valencia,Home,2,0,1,A,0
09/01/15,1415,Levante,La Coruna,Home,0,0,0,D,0
09/01/16,1516,Levante,Vallecano,Home,4,2,1,H,0
09/02/13,1213,Levante,Malaga,Home,4,1,2,A,0
09/02/14,1314,Levante,Sociedad,Away,0,0,0,D,0
09/03/08,708,Levante,Sevilla,Away,4,1,2,H,0
09/03/14,1314,Levante,Real Madrid,Away,1,0,3,H,1
09/04/16,1516,Levante,Betis,Away,3,0,1,H,0
09/06/07,607,Levante,Valencia,Home,9,4,2,H,1
09/07/2020,1920,Levante,Mallorca,Away,2,0,2,H,0
09/09/17,1718,Levante,Real Madrid,Away,2,1,1,D,0
09/11/13,1314,Levante,Ath Bilbao,Away,3,1,2,H,0
09/11/14,1415,Levante,Sevilla,Away,5,1,1,D,0
09/11/2018,1819,Levante,Sociedad,Home,2,1,3,A,0
09/12/07,708,Levante,Recreativo,Home,4,0,2,A,0
09/12/12,1213,Levante,Mallorca,Home,9,4,0,H,0
09/12/2018,1819,Levante,Eibar,Away,5,4,4,D,0
10/01/2021,2021,Levante,Eibar,Home,2,2,1,H,0
10/02/08,708,Levante,Ath Bilbao,Away,4,0,1,H,0
10/03/07,607,Levante,Villarreal,Home,6,0,2,A,0
10/03/12,1112,Levante,Malaga,Away,3,0,1,H,0
10/03/13,1213,Levante,Getafe,Home,5,0,0,D,0
10/03/18,1718,Levante,Getafe,Away,4,1,0,A,1
10/03/2019,1819,Levante,Villarreal,Home,3,0,2,A,0
10/04/11,1011,Levante,Santander,Away,2,1,1,D,0
10/04/2021,2021,Levante,Eibar,Away,1,1,0,A,0
10/04/2022,2122,Levante,Barcelona,Home,6,2,3,A,0
10/05/13,1213,Levante,Zaragoza,Home,3,0,0,D,2
10/05/14,1314,Levante,Valencia,Home,3,2,0,H,1
10/05/15,1415,Levante,Ath Madrid,Home,5,2,2,D,0
10/09/06,607,Levante,Real Madrid,Home,2,1,4,A,2
10/11/2019,1920,Levante,Ath Bilbao,Away,2,1,2,H,0
10/12/06,607,Levante,Gimnastic,Away,3,1,2,H,0
10/12/11,1112,Levante,Sevilla,Home,3,1,0,H,0
10/12/17,1718,Levante,Ath Bilbao,Home,3,1,2,A,0
11/01/2026,2526,Levante,Espanol,Home,2,1,1,D,0
11/02/07,607,Levante,Recreativo,Home,3,2,1,H,1
11/02/18,1718,Levante,Valencia,Away,1,1,3,H,0
11/02/2019,1819,Levante,Alaves,Away,0,0,2,H,0
11/04/12,1112,Levante,Sp Gijon,Away,7,2,3,H,0
11/05/08,708,Levante,Valencia,Home,7,1,5,A,0
11/05/11,1011,Levante,Barcelona,Home,2,1,1,D,0
11/05/2021,2021,Levante,Barcelona,Home,6,3,3,D,0
11/09/11,1112,Levante,Santander,Away,2,0,0,D,0
11/09/15,1516,Levante,Sevilla,Home,4,1,1,D,0
11/09/2021,2122,Levante,Vallecano,Home,2,1,1,D,0
11/11/07,708,Levante,Valladolid,Away,1,0,1,H,0
11/11/12,1213,Levante,Real Madrid,Home,4,1,2,A,0
11/12/2021,2122,Levante,Espanol,Away,5,3,4,H,1
12/01/14,1314,Levante,Malaga,Home,5,1,0,H,0
12/02/12,1112,Levante,Real Madrid,Away,3,2,4,H,1
12/03/2021,2021,Levante,Valencia,Home,3,1,0,H,0
12/03/2022,2122,Levante,Espanol,Home,3,1,1,D,0
12/04/14,1314,Levante,Villarreal,Away,2,0,1,H,0
12/05/2019,1819,Levante,Girona,Away,2,2,1,A,0
12/05/2022,2122,Levante,Real Madrid,Away,1,0,6,H,0
12/05/2026,2526,Levante,Celta,Away,6,3,2,A,0
12/06/2020,1920,Levante,Valencia,Away,4,1,1,D,1
12/07/2020,1920,Levante,Ath Bilbao,Home,1,1,2,A,0
12/09/10,1011,Levante,Getafe,Away,2,1,4,H,0
12/11/06,607,Levante,Betis,Away,6,1,2,H,1
12/12/10,1011,Levante,Sp Gijon,Away,1,1,1,D,0
12/12/15,1516,Levante,Granada,Home,5,1,2,A,0
13/01/07,607,Levante,Valencia,Away,3,0,3,H,0
13/01/08,708,Levante,Real Madrid,Home,1,0,2,A,0
13/01/13,1213,Levante,Betis,Away,3,0,2,H,0
13/01/2019,1819,Levante,Ath Madrid,Away,2,0,1,H,0
13/02/11,1011,Levante,Almeria,Home,4,1,0,H,0
13/02/2022,2122,Levante,Betis,Home,4,2,4,A,1
13/03/11,1011,Levante,Mallorca,Home,2,1,1,D,0
13/03/16,1516,Levante,Valencia,Home,6,1,0,H,0
13/04/08,708,Levante,Betis,Away,5,1,0,A,0
13/04/13,1213,Levante,La Coruna,Home,5,0,4,A,0
13/04/15,1415,Levante,Valencia,Away,1,0,3,H,0
13/04/2026,2526,Levante,Getafe,Home,4,1,0,H,0
13/05/07,607,Levante,Celta,Away,3,2,1,A,0
13/05/12,1112,Levante,Ath Bilbao,Home,4,3,0,H,0
13/05/18,1718,Levante,Barcelona,Home,7,5,4,H,0
13/09/14,1415,Levante,Malaga,Away,0,0,0,D,0
13/09/2020,2021,Levante,Valencia,Away,8,2,4,H,0
13/10/17,1718,Levante,Espanol,Away,3,0,0,D,0
13/12/13,1314,Levante,Elche,Home,3,2,1,H,0
13/12/14,1415,Levante,Cordoba,Away,3,0,0,D,0
13/12/2020,2021,Levante,Barcelona,Away,3,0,1,H,0
14/01/18,1718,Levante,Celta,Home,5,0,1,A,0
14/02/16,1516,Levante,Eibar,Away,3,0,2,H,0
14/02/2021,2021,Levante,Osasuna,Home,4,0,1,A,0
14/04/12,1112,Levante,Barcelona,Home,2,1,2,A,0
14/04/2019,1819,Levante,Valencia,Away,3,1,3,H,0
14/08/2021,2122,Levante,Cadiz,Away,3,1,1,D,0
14/09/13,1314,Levante,Sociedad,Home,5,0,0,D,0
14/09/2019,1920,Levante,Real Madrid,Away,3,2,3,H,0
14/09/2025,2526,Levante,Betis,Home,2,2,2,D,0
14/11/10,1011,Levante,Malaga,Away,2,0,1,H,0
14/12/2019,1920,Levante,Granada,Away,6,2,1,A,0
15/01/11,1011,Levante,Zaragoza,Away,3,0,1,H,0
15/01/12,1112,Levante,Ath Bilbao,Away,4,0,3,H,1
15/02/14,1314,Levante,Almeria,Home,3,1,0,H,0
15/02/15,1415,Levante,Barcelona,Away,1,0,5,H,0
15/02/2020,1920,Levante,Villarreal,Away,2,1,2,H,0
15/02/2026,2526,Levante,Valencia,Home,1,0,2,A,1
15/03/14,1314,Levante,Celta,Home,8,0,1,A,0
15/03/15,1415,Levante,Real Madrid,Away,0,0,2,H,0
15/03/2019,1819,Levante,Sociedad,Away,3,1,1,D,0
15/04/07,607,Levante,Ath Madrid,Away,1,0,1,H,0
15/04/16,1516,Levante,Espanol,Home,4,2,1,H,0
15/04/18,1718,Levante,Ath Madrid,Away,3,0,3,H,0
15/05/11,1011,Levante,Valencia,Away,1,0,0,D,1
15/05/16,1516,Levante,Vallecano,Away,2,1,3,H,0
15/05/2022,2122,Levante,Alaves,Home,5,3,1,H,0
15/06/2020,1920,Levante,Sevilla,Home,5,1,1,D,0
15/09/12,1213,Levante,Malaga,Away,1,1,3,H,0
15/10/06,607,Levante,Mallorca,Home,1,0,1,A,1
15/12/07,708,Levante,Espanol,Away,1,0,1,H,0
15/12/17,1718,Levante,Sevilla,Away,2,0,0,D,0
16/01/16,1516,Levante,Celta,Away,7,3,4,H,0
16/02/2019,1819,Levante,Celta,Away,8,4,1,A,0
16/02/2022,2122,Levante,Ath Madrid,Away,5,1,0,A,0
16/03/08,708,Levante,Ath Madrid,Away,9,0,3,H,0
16/03/18,1718,Levante,Eibar,Home,3,2,1,H,0
16/03/2026,2526,Levante,Vallecano,Away,5,1,1,D,0
16/05/14,1314,Levante,Malaga,Away,0,0,1,H,1
16/05/2021,2021,Levante,Getafe,Away,1,1,2,H,0
16/07/2020,1920,Levante,Celta,Away,4,3,2,A,1
16/08/2025,2526,Levante,Alaves,Away,3,1,2,H,0
16/09/07,708,Levante,Santander,Away,5,0,1,H,0
16/09/17,1718,Levante,Valencia,Home,2,1,1,D,0
16/09/2018,1819,Levante,Espanol,Away,4,0,1,H,0
16/10/11,1112,Levante,Malaga,Home,4,3,0,H,0
16/10/2021,2122,Levante,Getafe,Home,2,0,0,D,0
16/12/12,1213,Levante,Zaragoza,Away,3,1,0,A,1
16/12/2018,1819,Levante,Barcelona,Home,6,0,5,A,1
17/01/2026,2526,Levante,Real Madrid,Away,0,0,2,H,0
17/02/08,708,Levante,Osasuna,Home,4,2,1,H,0
17/02/13,1213,Levante,Sociedad,Away,7,1,1,D,1
17/02/2021,2021,Levante,Ath Madrid,Home,4,1,1,D,0
17/03/13,1213,Levante,Granada,Away,1,1,1,D,0
17/04/11,1011,Levante,Hercules,Home,5,2,1,H,0
17/04/15,1415,Levante,Espanol,Home,3,2,2,D,0
17/04/2022,2122,Levante,Granada,Away,8,4,1,A,0
17/05/15,1415,Levante,La Coruna,Away,1,0,2,H,0
17/05/2026,2526,Levante,Mallorca,Home,3,2,0,H,1
17/06/07,607,Levante,Ath Bilbao,Away,2,0,2,H,0
17/08/2018,1819,Levante,Betis,Away,4,3,0,A,0
17/09/06,607,Levante,Recreativo,Away,2,1,0,A,0
17/10/10,1011,Levante,Sociedad,Home,3,2,1,H,0
17/10/15,1516,Levante,Real Madrid,Away,5,0,3,H,0
17/12/06,607,Levante,Celta,Home,2,1,1,D,0
18/01/15,1415,Levante,Elche,Away,2,0,1,H,1
18/01/2020,1920,Levante,Alaves,Home,3,0,1,A,0
18/02/07,607,Levante,La Coruna,Away,4,0,0,D,0
18/02/18,1718,Levante,Sociedad,Away,1,0,3,H,0
18/02/2026,2526,Levante,Villarreal,Home,4,0,1,A,0
18/03/07,607,Levante,Espanol,Away,2,1,1,D,0
18/03/12,1112,Levante,Villarreal,Home,4,1,0,H,0
18/04/2021,2021,Levante,Villarreal,Home,3,1,5,A,0
18/05/08,708,Levante,Real Madrid,Away,7,2,5,H,0
18/05/2019,1819,Levante,Ath Madrid,Home,7,2,2,D,0
18/08/13,1314,Levante,Barcelona,Away,1,0,7,H,0
18/08/2019,1920,Levante,Alaves,Away,4,0,1,H,0
18/09/11,1112,Levante,Real Madrid,Home,4,1,0,H,0
18/09/2021,2122,Levante,Elche,Away,6,1,1,D,0
18/10/14,1415,Levante,Real Madrid,Home,1,0,5,A,0
18/10/2020,2021,Levante,Ath Bilbao,Away,1,0,2,H,0
18/11/12,1213,Levante,La Coruna,Away,3,2,0,A,1
18/12/10,1011,Levante,Ath Bilbao,Home,2,1,2,A,0
18/12/11,1112,Levante,Granada,Away,4,1,2,H,0
19/01/14,1314,Levante,Barcelona,Home,4,1,1,D,0
19/01/2021,2021,Levante,Cadiz,Away,5,2,2,D,0
19/02/11,1011,Levante,Real Madrid,Away,1,0,2,H,0
19/02/12,1112,Levante,Vallecano,Home,8,3,5,A,0
19/02/16,1516,Levante,Getafe,Home,6,3,0,H,0
19/03/16,1516,Levante,La Coruna,Away,1,1,2,H,0
19/03/2021,2021,Levante,Betis,Away,1,0,2,H,0
19/03/2022,2122,Levante,Osasuna,Away,4,1,3,H,0
19/04/14,1314,Levante,Getafe,Home,2,0,0,D,0
19/04/18,1718,Levante,Malaga,Home,2,1,0,H,0
19/05/13,1213,Levante,Vallecano,Home,4,2,3,A,0
19/05/18,1718,Levante,Celta,Away,3,2,4,H,1
19/07/2020,1920,Levante,Getafe,Home,4,1,0,H,0
19/08/12,1213,Levante,Ath Madrid,Home,1,1,1,D,0
19/09/10,1011,Levante,Villarreal,Home,2,1,2,A,0
19/10/2025,2526,Levante,Vallecano,Home,4,0,3,A,0
19/11/06,607,Levante,Ath Madrid,Home,0,0,3,A,1
19/11/17,1718,Levante,Las Palmas,Away,6,2,0,A,0
19/11/2021,2122,Levante,Ath Bilbao,Home,2,0,0,D,0
19/12/17,1718,Levante,Leganes,Home,3,0,0,D,1
19/12/2020,2021,Levante,Sociedad,Home,5,2,1,H,0
20/01/08,708,Levante,Mallorca,Home,6,2,2,D,0
20/01/13,1213,Levante,Ath Madrid,Away,2,0,2,H,0
20/01/18,1718,Levante,Villarreal,Away,4,1,2,H,0
20/01/2019,1819,Levante,Valladolid,Home,4,2,0,H,0
20/02/2021,2021,Levante,Ath Madrid,Away,1,2,0,A,0
20/03/11,1011,Levante,La Coruna,Away,6,1,0,A,0
20/04/08,708,Levante,Getafe,Home,7,3,1,H,0
20/04/13,1213,Levante,Barcelona,Away,0,0,1,H,0
20/05/07,607,Levante,Osasuna,Home,5,1,4,A,1
20/05/2022,2122,Levante,Vallecano,Away,7,4,2,A,0
20/06/2020,1920,Levante,Espanol,Away,8,3,1,A,0
20/09/15,1516,Levante,Barcelona,Away,4,1,4,H,0
20/09/2025,2526,Levante,Girona,Away,7,4,0,A,0
20/10/07,708,Levante,Sevilla,Home,1,0,2,A,0
20/10/2018,1819,Levante,Real Madrid,Away,2,2,1,A,0
20/10/2019,1920,Levante,Sevilla,Away,5,0,1,H,0
20/11/11,1112,Levante,Ath Madrid,Away,5,2,3,H,0
20/12/06,607,Levante,Osasuna,Away,2,1,2,H,1
20/12/12,1213,Levante,Vallecano,Away,3,0,3,H,0
20/12/14,1415,Levante,Sociedad,Home,2,1,1,D,0
20/12/15,1516,Levante,Ath Bilbao,Away,1,0,2,H,0
20/12/2021,2122,Levante,Valencia,Home,9,3,4,A,0
20/12/2025,2526,Levante,Sociedad,Home,3,1,1,D,0
21/01/07,607,Levante,Ath Bilbao,Home,2,0,0,D,0
21/02/14,1314,Levante,Valladolid,Away,1,1,1,D,0
21/02/2022,2122,Levante,Celta,Away,3,1,1,D,0
21/03/12,1112,Levante,Sociedad,Away,6,3,1,A,0
21/03/15,1415,Levante,Celta,Home,3,0,1,A,0
21/03/2026,2526,Levante,Oviedo,Home,8,4,2,H,0
21/04/12,1112,Levante,Sevilla,Away,2,1,1,D,0
21/04/16,1516,Levante,Granada,Away,5,1,5,H,1
21/04/2019,1819,Levante,Espanol,Home,5,2,2,D,1
21/04/2021,2021,Levante,Sevilla,Home,1,0,1,A,0
21/04/2022,2122,Levante,Sevilla,Home,6,2,3,A,0
21/05/11,1011,Levante,Zaragoza,Home,2,1,2,A,0
21/05/2021,2021,Levante,Cadiz,Home,4,2,2,D,0
21/08/17,1718,Levante,Villarreal,Home,3,1,0,H,0
21/09/11,1112,Levante,Vallecano,Away,5,2,1,A,0
21/09/13,1314,Levante,Almeria,Away,7,2,2,D,0
21/09/14,1415,Levante,Barcelona,Home,2,0,5,A,1
21/09/17,1718,Levante,Sociedad,Home,9,3,0,H,0
21/09/2019,1920,Levante,Eibar,Home,4,0,0,D,0
21/09/2021,2122,Levante,Celta,Home,2,0,2,A,0
21/10/06,607,Levante,Villarreal,Away,3,1,1,D,0
21/10/12,1213,Levante,Getafe,Away,4,1,0,A,0
21/10/13,1314,Levante,Celta,Away,3,1,0,A,0
21/10/17,1718,Levante,Getafe,Home,1,1,1,D,0
21/11/10,1011,Levante,Santander,Home,10,3,1,H,0
21/11/2020,2021,Levante,Elche,Home,5,1,1,D,0
21/11/2025,2526,Levante,Valencia,Away,1,0,1,H,0
21/12/13,1314,Levante,Ath Madrid,Away,4,2,3,H,1
22/01/11,1011,Levante,Sevilla,Away,2,1,4,H,0
22/01/12,1112,Levante,Zaragoza,Home,0,0,0,D,0
22/01/2021,2021,Levante,Valladolid,Home,3,2,2,D,0
22/01/2022,2122,Levante,Cadiz,Home,8,0,2,A,0
22/02/2020,1920,Levante,Real Madrid,Home,2,1,0,H,0
22/02/2026,2526,Levante,Barcelona,Away,2,0,3,H,0
22/03/14,1314,Levante,Espanol,Away,3,0,0,D,1
22/04/07,607,Levante,Getafe,Home,5,1,1,D,1
22/08/2021,2122,Levante,Real Madrid,Home,4,3,3,D,1
22/09/10,1011,Levante,Almeria,Away,2,1,0,A,0
22/11/15,1516,Levante,Sp Gijon,Away,6,3,0,A,0
22/11/2019,1920,Levante,Mallorca,Home,6,2,1,H,1
22/12/2019,1920,Levante,Celta,Home,7,3,1,H,0
22/12/2020,2021,Levante,Huesca,Away,1,1,1,D,0
23/01/2026,2526,Levante,Elche,Home,6,3,2,H,0
23/02/15,1415,Levante,Granada,Home,4,2,1,H,1
23/03/08,708,Levante,Villarreal,Home,2,1,2,A,0
23/04/18,1718,Levante,Ath Bilbao,Away,7,3,1,A,0
23/04/2026,2526,Levante,Sevilla,Home,3,2,0,H,0
23/05/15,1415,Levante,Elche,Home,0,0,0,D,0
23/05/2026,2526,Levante,Betis,Away,7,1,2,H,0
23/06/2020,1920,Levante,Ath Madrid,Home,0,0,1,A,0
23/08/15,1516,Levante,Celta,Home,2,1,2,A,1
23/08/2019,1920,Levante,Villarreal,Home,4,2,1,H,0
23/08/2025,2526,Levante,Barcelona,Home,5,2,3,A,0
23/09/07,708,Levante,Ath Bilbao,Home,3,1,2,A,0
23/09/12,1213,Levante,Sociedad,Home,6,2,1,H,0
23/09/15,1516,Levante,Eibar,Home,2,2,2,D,0
23/09/2018,1819,Levante,Sevilla,Home,10,2,6,A,0
23/09/2025,2526,Levante,Real Madrid,Home,2,1,4,A,0
23/10/11,1112,Levante,Villarreal,Away,3,3,0,A,0
23/11/14,1415,Levante,Valencia,Home,5,2,1,H,0
23/12/07,708,Levante,La Coruna,Home,4,0,1,A,0
23/12/2018,1819,Levante,Vallecano,Away,7,1,2,H,0
24/01/15,1415,Levante,Villarreal,Away,1,0,1,H,0
24/01/2020,1920,Levante,Osasuna,Away,2,0,2,H,0
24/02/08,708,Levante,Barcelona,Away,4,1,5,H,0
24/02/2019,1819,Levante,Real Madrid,Home,2,1,2,A,1
24/04/11,1011,Levante,Ath Madrid,Away,3,1,4,H,0
24/04/16,1516,Levante,Ath Bilbao,Home,5,2,2,D,0
24/04/2019,1819,Levante,Betis,Home,4,4,0,H,0
24/04/2021,2021,Levante,Elche,Away,1,0,1,H,0
24/08/14,1415,Levante,Villarreal,Home,2,0,2,A,0
24/09/06,607,Levante,La Coruna,Home,5,2,0,H,1
24/09/13,1314,Levante,Valladolid,Home,4,1,1,D,0
24/09/14,1415,Levante,Granada,Away,4,1,0,A,0
24/09/2019,1920,Levante,Betis,Away,3,1,3,H,0
24/10/10,1011,Levante,Espanol,Away,2,1,2,H,1
24/10/14,1415,Levante,Celta,Away,0,0,3,H,0
24/10/2021,2122,Levante,Sevilla,Away,7,3,5,H,0
24/11/13,1314,Levante,Villarreal,Home,1,0,3,A,1
24/11/2018,1819,Levante,Huesca,Away,3,2,2,D,0
25/01/14,1314,Levante,Sevilla,Away,6,3,2,A,1
25/01/16,1516,Levante,Las Palmas,Home,8,3,2,H,1
25/02/07,607,Levante,Zaragoza,Home,3,0,0,D,1
25/02/12,1112,Levante,Espanol,Away,4,2,1,A,0
25/02/13,1213,Levante,Osasuna,Home,3,0,2,A,0
25/02/2022,2122,Levante,Elche,Home,4,3,0,H,0
25/03/12,1112,Levante,Osasuna,Home,7,0,2,A,0
25/04/14,1314,Levante,Elche,Away,6,1,1,D,0
25/04/15,1415,Levante,Getafe,Away,3,1,0,A,0
25/08/13,1314,Levante,Sevilla,Home,3,0,0,D,0
25/09/10,1011,Levante,Real Madrid,Home,0,0,0,D,0
25/09/11,1112,Levante,Espanol,Home,5,3,1,H,0
25/09/17,1718,Levante,Betis,Away,1,0,4,H,0
25/10/15,1516,Levante,Sociedad,Home,3,0,4,A,1
25/11/07,708,Levante,Betis,Home,8,4,3,H,0
25/11/12,1213,Levante,Barcelona,Home,3,0,4,A,0
25/11/17,1718,Levante,Ath Madrid,Home,2,0,5,A,0
26/01/13,1213,Levante,Valladolid,Home,7,2,1,H,0
26/01/2019,1819,Levante,Sevilla,Away,0,0,5,H,0
26/02/18,1718,Levante,Betis,Home,2,0,2,A,0
26/02/2021,2021,Levante,Ath Bilbao,Home,4,1,1,D,0
26/05/13,1213,Levante,Ath Bilbao,Away,4,1,0,A,0
26/08/07,708,Levante,Mallorca,Away,1,0,3,H,0
26/08/17,1718,Levante,La Coruna,Home,5,2,2,D,1
26/09/07,708,Levante,Osasuna,Away,5,1,4,H,0
26/09/2021,2122,Levante,Barcelona,Away,2,0,3,H,0
26/10/11,1112,Levante,Sociedad,Home,4,3,2,H,1
26/10/13,1314,Levante,Espanol,Home,3,3,0,H,0
26/10/2020,2021,Levante,Celta,Home,3,1,1,D,0
26/10/2025,2526,Levante,Mallorca,Away,5,1,1,D,0
26/11/06,607,Levante,Getafe,Away,7,0,0,D,0
27/01/08,708,Levante,Murcia,Away,7,3,2,A,0
27/01/18,1718,Levante,La Coruna,Away,4,2,2,D,0
27/02/11,1011,Levante,Osasuna,Home,7,2,1,H,0
27/02/2026,2526,Levante,Alaves,Home,5,2,0,H,0
27/03/14,1314,Levante,Betis,Home,4,1,3,A,0
27/04/08,708,Levante,Recreativo,Away,0,0,2,H,0
27/04/13,1213,Levante,Celta,Home,2,0,1,A,0
27/04/18,1718,Levante,Sevilla,Home,5,2,1,H,0
27/04/2019,1819,Levante,Barcelona,Away,2,0,1,H,0
27/04/2026,2526,Levante,Espanol,Away,4,0,0,D,0
27/05/07,607,Levante,Santander,Away,5,3,2,A,0
27/08/12,1213,Levante,Valladolid,Away,1,0,2,H,1
27/08/2018,1819,Levante,Celta,Home,6,1,2,A,0
27/09/14,1415,Levante,Vallecano,Home,0,0,2,A,0
27/09/15,1516,Levante,Getafe,Away,3,0,3,H,0
27/09/2018,1819,Levante,Valladolid,Away,4,1,2,H,1
27/09/2020,2021,Levante,Osasuna,Away,5,3,1,A,0
27/09/2025,2526,Levante,Getafe,Away,3,1,1,D,0
27/10/2018,1819,Levante,Leganes,Home,4,2,0,H,0
27/10/2019,1920,Levante,Espanol,Home,3,0,1,A,0
27/11/11,1112,Levante,Sp Gijon,Home,6,4,0,H,0
27/11/15,1516,Levante,Betis,Home,1,0,1,A,1
27/11/2020,2021,Levante,Valladolid,Away,3,1,1,D,0
28/01/07,607,Levante,Sevilla,Home,4,2,4,A,0
28/02/15,1415,Levante,Vallecano,Away,3,2,4,H,0
28/02/16,1516,Levante,Villarreal,Away,1,0,3,H,1
28/04/12,1112,Levante,Granada,Home,5,3,1,H,0
28/04/15,1415,Levante,Cordoba,Home,3,1,0,H,0
28/06/2020,1920,Levante,Betis,Home,4,4,2,H,0
28/08/10,1011,Levante,Sevilla,Home,4,1,4,A,0
28/08/11,1112,Levante,Getafe,Away,1,1,1,D,0
28/08/2021,2122,Levante,Sociedad,Away,0,0,1,H,0
28/10/07,708,Levante,Ath Madrid,Home,2,0,1,A,0
28/10/12,1213,Levante,Granada,Home,6,3,1,H,0
28/10/2021,2122,Levante,Ath Madrid,Home,3,2,2,D,1
28/11/10,1011,Levante,Hercules,Away,5,1,3,H,0
28/11/2021,2122,Levante,Betis,Away,2,1,3,H,0
29/01/11,1011,Levante,Getafe,Home,6,2,0,H,1
29/01/12,1112,Levante,Getafe,Home,5,1,2,A,0
29/02/2020,1920,Levante,Eibar,Away,4,0,3,H,0
29/04/07,607,Levante,Barcelona,Away,2,0,1,H,0
29/08/06,607,Levante,Sevilla,Away,3,0,4,H,0
29/08/2025,2526,Levante,Elche,Away,1,0,2,H,0
29/09/07,708,Levante,Barcelona,Home,3,1,4,A,0
29/09/13,1314,Levante,Osasuna,Away,5,1,0,A,0
29/09/2019,1920,Levante,Osasuna,Home,5,1,1,D,1
29/10/06,607,Levante,Espanol,Home,4,0,0,D,0
29/10/17,1718,Levante,Eibar,Away,2,2,2,D,0
29/11/13,1314,Levante,Getafe,Away,1,0,1,H,0
29/11/14,1415,Levante,Espanol,Away,3,1,2,H,0
29/11/2025,2526,Levante,Ath Bilbao,Home,4,0,2,A,0
29/12/2020,2021,Levante,Betis,Home,5,4,3,H,1
30/01/2021,2021,Levante,Real Madrid,Away,8,2,1,A,0
30/03/08,708,Levante,Almeria,Away,7,1,2,H,0
30/03/13,1213,Levante,Sevilla,Home,4,1,0,H,0
30/04/2021,2021,Levante,Celta,Away,2,0,2,H,0
30/04/2022,2122,Levante,Valencia,Away,6,1,1,D,0
30/08/13,1314,Levante,Vallecano,Away,2,2,1,A,0
30/08/14,1415,Levante,Ath Bilbao,Away,2,0,3,H,0
30/08/15,1516,Levante,Las Palmas,Away,2,0,0,D,0
30/09/12,1213,Levante,Osasuna,Away,1,0,4,H,0
30/09/17,1718,Levante,Alaves,Home,0,0,2,A,0
30/09/2018,1819,Levante,Alaves,Home,4,2,1,H,0
30/10/11,1112,Levante,Osasuna,Away,1,0,2,H,0
30/10/2019,1920,Levante,Sociedad,Away,4,2,1,A,0
30/12/15,1516,Levante,Malaga,Home,1,0,1,A,0
31/01/16,1516,Levante,Sevilla,Away,4,1,3,H,0
31/01/2026,2526,Levante,Ath Madrid,Home,2,0,0,D,0
31/03/07,607,Levante,Sociedad,Away,1,0,1,H,1
31/03/14,1314,Levante,Granada,Away,5,2,0,A,0
31/03/18,1718,Levante,Girona,Away,6,1,1,D,0
31/03/2019,1819,Levante,Eibar,Home,2,2,2,D,0
31/08/2019,1920,Levante,Valladolid,Home,3,2,0,H,0
31/10/07,708,Levante,Villarreal,Away,4,0,3,H,0
31/10/13,1314,Levante,Betis,Away,4,0,0,D,0
31/10/15,1516,Levante,Valencia,Away,5,0,3,H,0
01/02/14,1314,Malaga,Sevilla,Home,7,3,2,H,0
01/03/09,809,Malaga,Recreativo,Home,4,0,2,A,1
01/03/14,1314,Malaga,Valladolid,Home,5,1,1,D,0
01/04/06,506,Malaga,Sociedad,Away,3,0,3,H,2
01/04/17,1617,Malaga,Ath Madrid,Home,5,0,2,A,0
01/04/18,1718,Malaga,Villarreal,Home,3,1,0,H,0
01/05/10,910,Malaga,Sp Gijon,Home,6,1,1,D,0
01/05/11,1011,Malaga,Hercules,Home,3,3,1,H,0
01/05/17,1617,Malaga,Sevilla,Home,5,4,2,H,0
01/06/13,1213,Malaga,Barcelona,Away,5,1,4,H,0
01/09/12,1213,Malaga,Zaragoza,Away,3,1,0,A,0
01/09/13,1314,Malaga,Sevilla,Away,6,2,2,D,1
01/10/11,1112,Malaga,Getafe,Home,8,3,2,H,0
01/11/08,809,Malaga,Barcelona,Home,2,1,4,A,0
01/11/09,910,Malaga,Valencia,Home,5,0,1,A,0
01/11/14,1415,Malaga,Sociedad,Away,2,1,0,A,0
01/11/15,1516,Malaga,Sp Gijon,Away,5,0,1,H,0
01/12/12,1213,Malaga,Getafe,Away,5,0,1,H,0
01/12/17,1718,Malaga,Levante,Home,2,0,0,D,0
02/01/11,1011,Malaga,Sp Gijon,Away,5,2,1,A,0
02/01/16,1516,Malaga,Celta,Home,4,2,0,H,0
02/02/15,1415,Malaga,Valencia,Home,6,1,0,H,0
02/03/16,1516,Malaga,Valencia,Home,1,1,2,A,0
02/05/09,809,Malaga,Numancia,Away,3,0,2,H,0
02/05/12,1112,Malaga,Barcelona,Away,3,1,4,H,0
02/05/16,1516,Malaga,Levante,Home,11,3,1,H,0
02/10/05,506,Malaga,Ath Madrid,Home,2,0,2,A,0
02/10/16,1617,Malaga,Ath Bilbao,Home,3,2,1,H,1
03/01/10,910,Malaga,Sp Gijon,Away,3,2,2,D,0
03/01/15,1415,Malaga,Almeria,Home,6,1,2,A,0
03/02/13,1213,Malaga,Zaragoza,Home,3,1,1,D,0
03/03/11,1011,Malaga,Real Madrid,Away,1,0,7,H,1
03/03/12,1112,Malaga,Getafe,Away,7,3,1,A,0
03/03/13,1213,Malaga,Ath Madrid,Home,2,0,0,D,0
03/03/18,1718,Malaga,Leganes,Away,1,0,2,H,0
03/04/10,910,Malaga,Zaragoza,Away,3,0,2,H,0
03/04/11,1011,Malaga,Levante,Away,4,1,3,H,0
03/04/16,1516,Malaga,Espanol,Home,5,1,1,D,0
03/05/06,506,Malaga,Villarreal,Away,5,1,2,H,0
03/05/14,1314,Malaga,Elche,Home,2,0,1,A,0
03/05/15,1415,Malaga,Elche,Home,9,1,2,A,0
03/10/10,1011,Malaga,Almeria,Away,4,1,1,D,1
03/10/15,1516,Malaga,Sociedad,Home,7,3,1,H,1
03/11/12,1213,Malaga,Vallecano,Home,4,1,2,A,0
03/11/13,1314,Malaga,Betis,Home,4,3,2,H,0
04/01/09,809,Malaga,Sp Gijon,Home,8,1,0,H,0
04/01/14,1314,Malaga,Ath Madrid,Home,3,0,1,A,0
04/02/06,506,Malaga,Ath Bilbao,Home,5,2,1,H,1
04/02/17,1617,Malaga,Espanol,Home,5,0,1,A,0
04/04/09,809,Malaga,Real Madrid,Home,7,0,1,A,0
04/04/15,1415,Malaga,Sociedad,Home,6,1,1,D,0
04/05/13,1213,Malaga,Granada,Away,4,0,1,H,0
04/10/09,910,Malaga,Xerez,Away,4,1,1,D,1
04/10/13,1314,Malaga,Osasuna,Home,3,0,1,A,0
04/10/14,1415,Malaga,Granada,Home,3,2,1,H,1
04/11/16,1617,Malaga,Sp Gijon,Home,7,3,2,H,0
04/12/05,506,Malaga,Osasuna,Home,2,1,2,A,0
04/12/11,1112,Malaga,Sociedad,Away,6,2,3,H,0
04/12/16,1617,Malaga,Valencia,Away,6,2,2,D,0
05/01/13,1213,Malaga,La Coruna,Away,3,0,1,H,0
05/02/16,1516,Malaga,Getafe,Home,4,3,0,H,0
05/02/18,1718,Malaga,Las Palmas,Away,3,0,1,H,0
05/03/06,506,Malaga,Valencia,Home,2,0,0,D,0
05/03/16,1516,Malaga,La Coruna,Away,2,3,3,D,1
05/03/17,1617,Malaga,Ath Bilbao,Away,2,0,1,H,0
05/04/17,1617,Malaga,Sp Gijon,Away,3,1,0,A,0
05/05/10,910,Malaga,Ath Bilbao,Away,5,1,1,D,0
05/05/12,1112,Malaga,Ath Madrid,Away,4,1,2,H,0
05/10/08,809,Malaga,Recreativo,Away,8,4,0,A,0
05/11/11,1112,Malaga,Betis,Away,4,0,0,D,0
05/11/17,1718,Malaga,Villarreal,Away,2,0,2,H,0
05/12/10,1011,Malaga,Santander,Home,6,4,1,H,0
06/02/11,1011,Malaga,Sevilla,Away,1,0,0,D,0
06/02/12,1112,Malaga,Granada,Away,4,1,2,H,1
06/03/11,1011,Malaga,Osasuna,Home,4,0,1,A,0
06/04/13,1213,Malaga,Sociedad,Away,3,2,4,H,0
06/04/14,1314,Malaga,Granada,Home,5,4,1,H,0
06/04/18,1718,Malaga,La Coruna,Away,4,2,3,H,0
06/05/06,506,Malaga,Sevilla,Home,3,0,2,A,0
06/05/18,1718,Malaga,Alaves,Home,4,0,3,A,0
06/11/05,506,Malaga,La Coruna,Home,1,1,1,D,0
06/11/10,1011,Malaga,Espanol,Away,3,0,1,H,0
06/12/09,910,Malaga,Osasuna,Home,2,1,1,D,0
06/12/14,1415,Malaga,La Coruna,Away,3,1,0,A,0
06/12/15,1516,Malaga,Ath Bilbao,Away,2,0,0,D,0
07/01/12,1112,Malaga,Ath Madrid,Home,2,0,0,D,0
07/02/10,910,Malaga,La Coruna,Home,9,0,0,D,0
07/02/15,1415,Malaga,Levante,Away,3,1,4,H,0
07/03/10,910,Malaga,Xerez,Home,6,2,4,A,1
07/03/15,1415,Malaga,Granada,Away,1,0,1,H,0
07/04/15,1415,Malaga,Eibar,Away,4,0,1,H,0
07/05/11,1011,Malaga,Ath Madrid,Away,5,3,0,A,0
07/05/17,1617,Malaga,Celta,Home,8,3,0,H,0
07/10/12,1213,Malaga,Ath Madrid,Away,2,1,2,H,0
07/11/09,910,Malaga,Tenerife,Away,7,2,2,D,0
07/11/15,1516,Malaga,Betis,Home,5,0,1,A,0
07/12/08,809,Malaga,La Coruna,Away,3,0,2,H,0
08/01/06,506,Malaga,Sevilla,Away,3,1,3,H,1
08/01/11,1011,Malaga,Ath Bilbao,Home,3,1,1,D,0
08/01/17,1617,Malaga,Celta,Away,4,1,3,H,0
08/01/18,1718,Malaga,Espanol,Home,2,0,1,A,0
08/02/09,809,Malaga,Almeria,Home,11,3,2,H,0
08/02/14,1314,Malaga,Vallecano,Away,5,1,4,H,1
08/03/09,809,Malaga,Getafe,Away,3,2,1,A,1
08/04/06,506,Malaga,Getafe,Home,5,1,2,A,1
08/04/16,1516,Malaga,Granada,Away,2,0,0,D,0
08/04/17,1617,Malaga,Barcelona,Home,4,2,0,H,0
08/05/10,910,Malaga,Getafe,Away,2,1,2,H,0
08/05/13,1213,Malaga,Real Madrid,Away,3,2,6,H,2
08/05/16,1516,Malaga,Celta,Away,5,0,1,H,0
08/11/08,809,Malaga,Real Madrid,Away,9,3,4,H,0
08/11/13,1314,Malaga,Granada,Away,6,1,3,H,0
08/11/14,1415,Malaga,Eibar,Home,8,2,1,H,0
08/12/12,1213,Malaga,Granada,Home,9,4,0,H,0
09/02/13,1213,Malaga,Levante,Away,4,2,1,A,0
09/03/13,1213,Malaga,Valladolid,Away,1,1,1,D,0
09/04/12,1112,Malaga,Santander,Home,13,3,0,H,0
09/12/16,1617,Malaga,Granada,Home,7,1,1,D,0
10/01/10,910,Malaga,Ath Bilbao,Home,2,1,1,D,0
10/01/15,1415,Malaga,Villarreal,Home,6,1,1,D,0
10/01/16,1516,Malaga,Las Palmas,Away,3,1,1,D,0
10/02/18,1718,Malaga,Ath Madrid,Home,3,0,1,A,0
10/03/12,1112,Malaga,Levante,Home,4,1,0,H,0
10/03/14,1314,Malaga,Osasuna,Away,4,2,0,A,1
10/03/18,1718,Malaga,Barcelona,Home,2,0,2,A,1
10/04/10,910,Malaga,Sevilla,Home,4,1,2,A,0
10/04/11,1011,Malaga,La Coruna,Home,1,0,0,D,0
10/05/09,809,Malaga,Santander,Home,5,1,0,H,0
10/05/11,1011,Malaga,Sp Gijon,Home,3,2,0,H,0
10/05/15,1415,Malaga,Almeria,Away,5,2,1,A,0
10/09/16,1617,Malaga,Villarreal,Home,2,0,2,A,0
10/11/12,1213,Malaga,Sociedad,Home,4,1,2,A,0
10/12/17,1718,Malaga,Sociedad,Away,5,2,0,A,0
11/01/09,809,Malaga,Betis,Away,7,2,1,A,0
11/03/16,1516,Malaga,Sp Gijon,Home,3,1,0,H,0
11/03/17,1617,Malaga,Alaves,Home,9,1,2,A,0
11/04/09,809,Malaga,Villarreal,Away,2,2,0,A,0
11/04/15,1415,Malaga,Ath Madrid,Home,3,2,2,D,0
11/05/14,1314,Malaga,Ath Madrid,Away,4,1,1,D,1
11/09/05,506,Malaga,Espanol,Home,6,1,2,A,0
11/09/17,1718,Malaga,Las Palmas,Home,6,1,3,A,0
11/12/05,506,Malaga,Real Madrid,Home,8,0,2,A,0
11/12/11,1112,Malaga,Osasuna,Home,5,1,1,D,0
12/01/14,1314,Malaga,Levante,Away,6,0,1,H,0
12/01/18,1718,Malaga,Getafe,Away,2,0,1,H,0
12/02/06,506,Malaga,Alaves,Away,3,2,3,H,0
12/02/12,1112,Malaga,Mallorca,Home,8,3,1,H,0
12/02/17,1617,Malaga,Villarreal,Away,5,1,1,D,0
12/03/06,506,Malaga,Betis,Away,2,1,1,D,0
12/04/12,1112,Malaga,Villarreal,Away,4,1,2,H,1
12/05/13,1213,Malaga,Sevilla,Home,0,0,0,D,0
12/09/10,1011,Malaga,Zaragoza,Away,8,5,3,A,0
12/09/11,1112,Malaga,Granada,Home,9,4,0,H,0
12/12/10,1011,Malaga,Hercules,Away,5,1,4,H,0
13/01/13,1213,Malaga,Barcelona,Home,2,1,3,A,0
13/02/11,1011,Malaga,Getafe,Home,6,2,2,D,0
13/02/16,1516,Malaga,Villarreal,Away,2,0,1,H,0
13/03/11,1011,Malaga,Sociedad,Away,5,2,0,A,0
13/04/13,1213,Malaga,Osasuna,Home,8,1,0,H,0
13/05/06,506,Malaga,Cadiz,Away,3,0,5,H,0
13/05/12,1112,Malaga,Sp Gijon,Home,12,1,0,H,1
13/05/18,1718,Malaga,Espanol,Away,3,1,4,H,0
13/09/09,910,Malaga,La Coruna,Away,2,0,1,H,0
13/09/14,1415,Malaga,Levante,Home,7,0,0,D,0
13/09/15,1516,Malaga,Eibar,Home,4,0,0,D,0
13/12/09,910,Malaga,Valladolid,Away,1,1,1,D,0
13/12/14,1415,Malaga,Celta,Home,4,1,0,H,0
13/12/15,1516,Malaga,Vallecano,Away,5,2,1,A,0
14/02/09,809,Malaga,Valencia,Away,5,1,1,D,0
14/02/10,910,Malaga,Santander,Away,5,3,0,A,0
14/02/15,1415,Malaga,Espanol,Home,5,0,2,A,0
14/03/10,910,Malaga,Almeria,Away,3,0,1,H,0
14/04/10,910,Malaga,Osasuna,Away,6,2,2,D,1
14/04/14,1314,Malaga,Ath Bilbao,Away,1,0,3,H,0
14/05/17,1617,Malaga,Sociedad,Away,4,2,2,D,0
14/09/08,809,Malaga,Ath Bilbao,Home,2,0,0,D,0
14/11/10,1011,Malaga,Levante,Home,7,1,0,H,0
14/12/08,809,Malaga,Numancia,Home,5,2,0,H,0
14/12/13,1314,Malaga,Getafe,Home,4,1,0,H,0
15/01/06,506,Malaga,Cadiz,Home,1,0,2,A,1
15/01/12,1112,Malaga,Sp Gijon,Away,4,1,2,H,0
15/03/09,809,Malaga,Sevilla,Home,2,2,2,D,1
15/03/14,1314,Malaga,Real Madrid,Home,4,0,1,A,0
15/03/15,1415,Malaga,Cordoba,Home,6,2,0,H,0
15/04/12,1112,Malaga,Sociedad,Home,6,1,1,D,0
15/04/17,1617,Malaga,La Coruna,Away,3,0,2,H,0
15/04/18,1718,Malaga,Real Madrid,Home,3,1,2,A,0
15/05/11,1011,Malaga,Ath Bilbao,Away,3,1,1,D,1
15/05/16,1516,Malaga,Las Palmas,Home,8,4,1,H,0
15/09/12,1213,Malaga,Levante,Home,5,3,1,H,1
15/09/13,1314,Malaga,Vallecano,Home,9,5,0,H,0
15/10/17,1718,Malaga,Leganes,Home,5,0,2,A,1
15/12/12,1213,Malaga,Sevilla,Away,2,2,0,A,0
16/01/11,1011,Malaga,Barcelona,Away,2,1,4,H,0
16/01/16,1516,Malaga,Sevilla,Away,3,1,2,H,1
16/01/17,1617,Malaga,Sociedad,Home,1,0,2,A,0
16/02/13,1213,Malaga,Ath Bilbao,Home,7,1,0,H,0
16/04/06,506,Malaga,Osasuna,Away,4,1,1,D,1
16/04/11,1011,Malaga,Mallorca,Home,8,3,0,H,0
16/05/10,910,Malaga,Real Madrid,Home,3,1,1,D,1
16/05/14,1314,Malaga,Levante,Home,11,1,0,H,0
16/09/17,1718,Malaga,Ath Madrid,Away,4,0,1,H,0
16/10/05,506,Malaga,Valencia,Away,4,1,2,H,0
16/10/10,1011,Malaga,Real Madrid,Home,1,1,4,A,0
16/10/11,1112,Malaga,Levante,Away,3,0,3,H,1
16/10/16,1617,Malaga,Alaves,Away,5,1,1,D,1
16/11/08,809,Malaga,Villarreal,Home,4,2,2,D,0
17/01/10,910,Malaga,Getafe,Home,4,1,0,H,0
17/01/14,1314,Malaga,Valencia,Home,6,0,0,D,0
17/02/14,1314,Malaga,Sociedad,Home,5,0,1,A,0
17/02/18,1718,Malaga,Valencia,Home,3,1,2,A,1
17/03/13,1213,Malaga,Espanol,Home,2,0,2,A,0
17/04/16,1516,Malaga,Ath Bilbao,Home,7,0,1,A,0
17/05/09,809,Malaga,Sp Gijon,Away,2,1,2,H,0
17/05/15,1415,Malaga,Villarreal,Away,4,1,2,H,0
17/08/13,1314,Malaga,Valencia,Away,2,0,1,H,0
17/09/11,1112,Malaga,Mallorca,Away,4,1,0,A,0
17/09/16,1617,Malaga,Las Palmas,Away,2,0,1,H,0
17/10/15,1516,Malaga,Valencia,Away,3,0,3,H,0
17/11/12,1213,Malaga,Osasuna,Away,3,0,0,D,0
17/12/16,1617,Malaga,Sevilla,Away,3,1,4,H,0
18/01/09,809,Malaga,Espanol,Home,9,4,0,H,0
18/01/15,1415,Malaga,Sevilla,Away,1,0,2,H,0
18/03/12,1112,Malaga,Real Madrid,Away,2,1,1,D,0
18/03/18,1718,Malaga,Celta,Away,0,0,0,D,0
18/04/09,809,Malaga,Mallorca,Home,3,1,1,D,0
18/04/10,910,Malaga,Valladolid,Home,4,0,0,D,0
18/04/15,1415,Malaga,Real Madrid,Away,2,1,3,H,0
18/08/12,1213,Malaga,Celta,Away,6,1,0,A,0
18/09/05,506,Malaga,Ath Bilbao,Away,4,2,1,A,0
18/09/15,1516,Malaga,Getafe,Away,3,0,1,H,0
18/10/09,910,Malaga,Almeria,Home,5,1,2,A,0
18/10/14,1415,Malaga,Cordoba,Away,4,2,1,A,0
18/12/05,506,Malaga,Santander,Away,5,1,1,D,2
18/12/11,1112,Malaga,Valencia,Away,6,0,2,H,0
18/12/17,1718,Malaga,Betis,Home,2,0,2,A,1
19/01/13,1213,Malaga,Celta,Home,7,1,1,D,0
19/02/06,506,Malaga,Mallorca,Home,4,0,2,A,0
19/02/12,1112,Malaga,Ath Bilbao,Away,7,0,3,H,0
19/03/06,506,Malaga,Zaragoza,Home,2,0,1,A,0
19/03/16,1516,Malaga,Betis,Away,5,1,0,A,0
19/03/17,1617,Malaga,Leganes,Away,1,0,0,D,0
19/04/18,1718,Malaga,Levante,Away,2,0,1,H,0
19/05/18,1718,Malaga,Getafe,Home,2,0,1,A,0
19/08/16,1617,Malaga,Osasuna,Home,4,1,1,D,0
19/09/09,910,Malaga,Santander,Home,6,1,2,A,0
19/09/10,1011,Malaga,Sevilla,Home,5,1,2,A,0
19/09/17,1718,Malaga,Valencia,Away,2,0,5,H,0
19/10/08,809,Malaga,Getafe,Home,5,2,1,H,0
19/10/13,1314,Malaga,Real Madrid,Away,1,0,2,H,0
19/11/16,1617,Malaga,Barcelona,Away,1,0,0,D,2
19/11/17,1718,Malaga,La Coruna,Home,5,3,2,H,0
19/12/10,1011,Malaga,Ath Madrid,Home,3,0,3,A,0
20/02/11,1011,Malaga,Villarreal,Away,2,1,1,D,0
20/02/17,1617,Malaga,Las Palmas,Home,6,2,1,H,1
20/03/11,1011,Malaga,Espanol,Home,7,2,0,H,0
20/04/13,1213,Malaga,Valencia,Away,3,1,5,H,0
20/04/16,1516,Malaga,Vallecano,Home,4,1,1,D,0
20/09/14,1415,Malaga,Espanol,Away,3,2,2,D,0
20/09/16,1617,Malaga,Eibar,Home,6,2,1,H,0
20/10/12,1213,Malaga,Valladolid,Home,6,2,1,H,0
20/11/05,506,Malaga,Sociedad,Home,7,3,1,H,0
20/12/09,910,Malaga,Mallorca,Home,4,2,1,H,0
20/12/13,1314,Malaga,Elche,Away,2,1,0,A,0
20/12/15,1516,Malaga,Ath Madrid,Home,4,1,0,H,0
21/01/17,1617,Malaga,Real Madrid,Away,6,1,2,H,0
21/02/10,910,Malaga,Espanol,Home,2,2,1,H,1
21/02/15,1415,Malaga,Barcelona,Away,3,1,0,A,0
21/02/16,1516,Malaga,Real Madrid,Home,5,1,1,D,0
21/03/10,910,Malaga,Villarreal,Home,6,2,0,H,0
21/03/14,1314,Malaga,Celta,Away,4,2,0,A,1
21/03/15,1415,Malaga,Vallecano,Away,2,0,1,H,1
21/04/14,1314,Malaga,Villarreal,Home,4,2,0,H,1
21/05/11,1011,Malaga,Barcelona,Home,4,1,3,A,0
21/05/17,1617,Malaga,Real Madrid,Home,6,0,2,A,0
21/08/15,1516,Malaga,Sevilla,Home,5,0,0,D,0
21/08/17,1718,Malaga,Eibar,Home,4,0,1,A,0
21/09/05,506,Malaga,Alaves,Home,4,0,0,D,1
21/09/08,809,Malaga,Almeria,Away,0,0,1,H,1
21/09/11,1112,Malaga,Ath Bilbao,Home,4,1,0,H,0
21/09/13,1314,Malaga,Sociedad,Away,4,0,0,D,0
21/10/17,1718,Malaga,Barcelona,Away,5,0,2,H,0
21/11/10,1011,Malaga,La Coruna,Away,4,0,3,H,0
21/11/11,1112,Malaga,Santander,Away,7,3,1,A,0
21/11/15,1516,Malaga,Espanol,Away,5,0,2,H,0
21/12/05,506,Malaga,Villarreal,Home,4,0,0,D,0
21/12/08,809,Malaga,Santander,Away,5,1,1,D,0
21/12/14,1415,Malaga,Elche,Away,10,2,1,A,0
21/12/17,1718,Malaga,Alaves,Away,3,0,1,H,0
22/01/06,506,Malaga,Celta,Home,3,0,2,A,0
22/01/11,1011,Malaga,Valencia,Away,6,3,4,H,2
22/01/12,1112,Malaga,Barcelona,Home,6,1,4,A,0
22/01/18,1718,Malaga,Eibar,Away,4,1,1,D,1
22/02/09,809,Malaga,Valladolid,Away,5,3,1,A,0
22/02/14,1314,Malaga,Almeria,Away,2,0,0,D,0
22/03/06,506,Malaga,La Coruna,Away,3,1,2,H,1
22/03/09,809,Malaga,Barcelona,Away,3,0,6,H,0
22/03/12,1112,Malaga,Vallecano,Home,6,4,2,H,0
22/04/09,809,Malaga,Osasuna,Away,5,3,2,A,1
22/04/17,1617,Malaga,Valencia,Home,4,2,0,H,0
22/04/18,1718,Malaga,Sociedad,Home,3,2,0,H,0
22/10/11,1112,Malaga,Real Madrid,Home,6,0,4,A,0
22/11/09,910,Malaga,Zaragoza,Home,4,1,1,D,1
22/11/14,1415,Malaga,Ath Madrid,Away,1,1,3,H,1
22/12/12,1213,Malaga,Real Madrid,Home,6,3,2,H,0
23/01/16,1516,Malaga,Barcelona,Home,9,1,2,A,0
23/04/06,506,Malaga,Real Madrid,Away,3,1,2,H,0
23/04/12,1112,Malaga,Osasuna,Away,4,1,1,D,0
23/04/16,1516,Malaga,Ath Madrid,Away,4,0,1,H,0
23/05/09,809,Malaga,Betis,Home,6,1,1,D,0
23/05/15,1415,Malaga,Sevilla,Home,8,2,3,A,1
23/08/14,1415,Malaga,Ath Bilbao,Home,3,1,0,H,2
23/09/09,910,Malaga,Espanol,Away,9,1,2,H,0
23/09/10,1011,Malaga,Getafe,Away,5,2,0,A,1
23/09/12,1213,Malaga,Ath Bilbao,Away,4,0,0,D,0
23/09/15,1516,Malaga,Villarreal,Home,4,0,1,A,0
23/09/16,1617,Malaga,Betis,Away,6,0,1,H,0
23/09/17,1718,Malaga,Ath Bilbao,Home,7,3,3,D,1
23/10/05,506,Malaga,Betis,Home,9,5,0,H,0
23/10/16,1617,Malaga,Leganes,Home,8,4,0,H,0
23/11/08,809,Malaga,Mallorca,Away,5,2,2,D,0
24/01/10,910,Malaga,Real Madrid,Away,1,0,2,H,0
24/02/13,1213,Malaga,Betis,Away,1,0,3,H,1
24/03/10,910,Malaga,Valencia,Away,0,0,1,H,0
24/04/11,1011,Malaga,Santander,Away,4,2,1,A,0
24/09/13,1314,Malaga,Almeria,Home,7,2,0,H,0
24/09/14,1415,Malaga,Barcelona,Home,2,0,0,D,0
24/10/10,1011,Malaga,Osasuna,Away,0,0,3,H,0
24/10/15,1516,Malaga,La Coruna,Home,4,2,0,H,0
24/11/12,1213,Malaga,Valencia,Home,6,4,0,H,0
25/01/09,809,Malaga,Ath Madrid,Home,5,1,1,D,0
25/01/15,1415,Malaga,Ath Bilbao,Away,3,1,1,D,0
25/02/06,506,Malaga,Ath Madrid,Away,0,0,5,H,1
25/02/12,1112,Malaga,Zaragoza,Home,9,5,1,H,0
25/02/17,1617,Malaga,Eibar,Away,2,0,3,H,1
25/02/18,1718,Malaga,Ath Bilbao,Away,4,1,2,H,1
25/03/06,506,Malaga,Barcelona,Home,5,0,0,D,0
25/03/12,1112,Malaga,Espanol,Away,6,2,1,A,0
25/03/14,1314,Malaga,Espanol,Home,5,1,2,A,1
25/04/09,809,Malaga,La Coruna,Home,9,1,1,D,0
25/04/10,910,Malaga,Mallorca,Away,8,1,1,D,1
25/04/17,1617,Malaga,Granada,Away,6,2,0,A,0
25/08/12,1213,Malaga,Mallorca,Home,6,1,1,D,1
25/08/13,1314,Malaga,Barcelona,Home,3,0,1,A,0
25/09/05,506,Malaga,Mallorca,Away,5,4,1,A,0
25/09/08,809,Malaga,Valencia,Home,3,0,2,A,1
25/09/11,1112,Malaga,Zaragoza,Away,4,0,0,D,0
25/10/09,910,Malaga,Villarreal,Away,2,1,2,H,0
25/11/13,1314,Malaga,Ath Bilbao,Home,1,1,2,A,1
25/11/17,1718,Malaga,Real Madrid,Away,3,2,3,H,0
26/01/14,1314,Malaga,Barcelona,Away,2,0,3,H,0
26/04/14,1314,Malaga,Getafe,Away,2,0,1,H,1
26/04/15,1415,Malaga,La Coruna,Home,5,1,1,D,0
26/05/13,1213,Malaga,La Coruna,Home,9,3,1,H,0
26/08/16,1617,Malaga,Espanol,Away,3,2,2,D,0
26/08/17,1718,Malaga,Girona,Away,2,0,1,H,0
26/09/09,910,Malaga,Barcelona,Home,0,0,2,A,1
26/09/15,1516,Malaga,Real Madrid,Away,3,0,0,D,1
26/10/05,506,Malaga,Barcelona,Away,1,0,2,H,0
26/10/08,809,Malaga,Sevilla,Away,6,1,0,A,0
26/10/11,1112,Malaga,Vallecano,Away,0,0,2,H,1
26/10/13,1314,Malaga,Celta,Home,1,0,5,A,0
26/10/14,1415,Malaga,Vallecano,Home,8,4,0,H,0
26/11/16,1617,Malaga,La Coruna,Home,4,4,3,H,0
27/01/13,1213,Malaga,Mallorca,Away,3,3,2,A,1
27/01/17,1617,Malaga,Osasuna,Away,5,1,1,D,0
27/01/18,1718,Malaga,Girona,Home,1,0,0,D,1
27/02/10,910,Malaga,Barcelona,Away,2,1,2,H,0
27/02/16,1516,Malaga,Sociedad,Away,3,1,1,D,0
27/03/10,910,Malaga,Tenerife,Home,1,1,1,D,1
27/09/10,1011,Malaga,Villarreal,Home,3,2,3,A,1
27/09/13,1314,Malaga,Valladolid,Away,4,2,2,D,0
27/10/12,1213,Malaga,Espanol,Away,4,0,0,D,0
27/11/05,506,Malaga,Getafe,Away,4,2,3,H,0
28/02/11,1011,Malaga,Almeria,Home,8,3,1,H,0
28/02/15,1415,Malaga,Getafe,Home,6,3,2,H,0
28/02/17,1617,Malaga,Betis,Home,4,1,2,A,0
28/02/18,1718,Malaga,Sevilla,Home,0,0,1,A,0
28/04/13,1213,Malaga,Getafe,Home,7,2,1,H,0
28/08/05,506,Malaga,Celta,Away,4,0,2,H,0
28/08/10,1011,Malaga,Valencia,Home,5,1,3,A,0
28/08/11,1112,Malaga,Sevilla,Away,1,1,2,H,0
28/09/08,809,Malaga,Valladolid,Home,4,2,1,H,0
28/09/14,1415,Malaga,Getafe,Away,0,0,1,H,1
28/11/09,910,Malaga,Sevilla,Away,4,2,2,D,1
28/11/10,1011,Malaga,Mallorca,Away,5,0,2,H,0
28/11/11,1112,Malaga,Villarreal,Home,5,2,1,H,1
28/11/15,1516,Malaga,Granada,Home,7,2,2,D,1
29/01/06,506,Malaga,Espanol,Away,3,1,3,H,0
29/01/11,1011,Malaga,Zaragoza,Home,6,1,2,A,0
29/01/12,1112,Malaga,Sevilla,Home,5,2,1,H,1
29/04/12,1112,Malaga,Valencia,Home,7,1,0,H,0
29/04/15,1415,Malaga,Celta,Away,2,0,1,H,0
29/08/14,1415,Malaga,Valencia,Away,4,0,3,H,1
29/08/15,1516,Malaga,Barcelona,Away,1,0,1,H,0
29/09/12,1213,Malaga,Betis,Home,11,4,0,H,0
29/10/13,1314,Malaga,Espanol,Away,5,0,0,D,0
29/10/16,1617,Malaga,Ath Madrid,Away,3,2,4,H,1
29/10/17,1718,Malaga,Celta,Home,4,2,1,H,0
29/11/13,1314,Malaga,Villarreal,Away,3,1,1,D,0
29/11/14,1415,Malaga,Real Madrid,Home,7,1,2,A,0
30/01/16,1516,Malaga,Eibar,Away,4,2,1,A,0
30/03/13,1213,Malaga,Vallecano,Away,4,3,1,A,0
30/04/06,506,Malaga,Santander,Home,4,2,3,A,0
30/04/18,1718,Malaga,Betis,Away,3,1,2,H,0
30/08/09,910,Malaga,Ath Madrid,Home,4,3,0,H,0
30/09/17,1718,Malaga,Sevilla,Away,4,0,2,H,0
30/10/05,506,Malaga,Zaragoza,Away,2,1,1,D,0
30/10/11,1112,Malaga,Espanol,Home,8,2,1,H,0
30/11/08,809,Malaga,Osasuna,Home,6,4,2,H,0
30/12/15,1516,Malaga,Levante,Away,5,1,0,A,0
31/01/09,809,Malaga,Ath Bilbao,Away,4,2,3,H,0
31/01/10,910,Malaga,Ath Madrid,Away,4,2,0,A,0
31/03/12,1112,Malaga,Betis,Home,6,0,2,A,0
31/03/14,1314,Malaga,Betis,Away,4,2,1,A,0
31/05/09,809,Malaga,Espanol,Away,1,0,3,H,1
31/08/08,809,Malaga,Ath Madrid,Away,2,0,4,H,0
31/10/10,1011,Malaga,Sociedad,Home,6,1,2,A,0
01/02/09,809,Mallorca,Osasuna,Away,2,0,1,H,2
01/02/2020,1920,Mallorca,Valladolid,Home,4,0,1,A,0
01/02/2025,2425,Mallorca,Ath Madrid,Away,1,0,2,H,0
01/03/09,809,Mallorca,Sp Gijon,Away,7,1,0,A,0
01/03/11,1011,Mallorca,Espanol,Away,6,2,1,A,0
01/03/2020,1920,Mallorca,Getafe,Home,1,0,1,A,1
01/04/07,607,Mallorca,Ath Madrid,Away,1,1,1,D,0
01/05/11,1011,Mallorca,Santander,Away,8,0,2,H,0
01/05/2022,2122,Mallorca,Barcelona,Away,2,1,2,H,0
01/05/2023,2223,Mallorca,Ath Bilbao,Home,2,1,1,D,0
01/05/2026,2526,Mallorca,Girona,Away,4,1,0,A,0
01/06/13,1213,Mallorca,Valladolid,Home,10,4,2,H,0
01/09/12,1213,Mallorca,Sociedad,Home,5,1,0,H,0
01/09/2019,1920,Mallorca,Valencia,Away,1,0,2,H,0
01/10/06,607,Mallorca,Villarreal,Home,5,1,2,A,0
01/10/11,1112,Mallorca,Osasuna,Away,6,2,2,D,1
01/10/12,1213,Mallorca,Getafe,Away,4,0,1,H,1
01/10/2022,2223,Mallorca,Barcelona,Home,3,0,1,A,0
01/11/08,809,Mallorca,Ath Madrid,Away,8,0,2,H,0
01/11/09,910,Mallorca,Santander,Home,6,1,0,H,0
01/11/10,1011,Mallorca,Levante,Home,6,2,1,H,0
01/11/2024,2425,Mallorca,Alaves,Away,2,0,1,H,0
02/01/2022,2122,Mallorca,Barcelona,Home,3,0,1,A,0
02/02/2024,2324,Mallorca,Ath Bilbao,Away,2,0,4,H,0
02/02/2026,2526,Mallorca,Sevilla,Home,7,4,1,H,0
02/03/08,708,Mallorca,Getafe,Away,8,3,3,D,1
02/03/2022,2122,Mallorca,Sociedad,Home,1,0,2,A,0
02/03/2025,2425,Mallorca,Alaves,Home,4,1,1,D,0
02/04/06,506,Mallorca,Espanol,Home,2,0,0,D,0
02/04/12,1112,Mallorca,Sevilla,Away,3,1,3,H,0
02/04/2022,2122,Mallorca,Getafe,Away,1,0,1,H,1
02/05/10,910,Mallorca,Ath Bilbao,Away,6,3,1,A,0
02/05/12,1112,Mallorca,Vallecano,Home,8,1,0,H,0
02/09/07,708,Mallorca,Ath Madrid,Away,2,1,1,D,0
02/10/05,506,Mallorca,Real Madrid,Away,3,0,4,H,1
02/10/2021,2122,Mallorca,Levante,Home,7,1,0,H,0
02/11/2025,2526,Mallorca,Betis,Away,1,0,3,H,0
02/12/07,708,Mallorca,Murcia,Home,3,1,1,D,0
02/12/12,1213,Mallorca,Zaragoza,Home,7,1,1,D,0
03/01/09,809,Mallorca,Barcelona,Away,3,1,3,H,1
03/01/10,910,Mallorca,Ath Bilbao,Home,6,2,0,H,0
03/01/11,1011,Mallorca,Hercules,Home,10,3,0,H,0
03/01/2024,2324,Mallorca,Real Madrid,Away,0,0,1,H,0
03/02/07,607,Mallorca,La Coruna,Away,2,0,1,H,0
03/02/08,708,Mallorca,Villarreal,Away,3,1,1,D,0
03/02/13,1213,Mallorca,Sociedad,Away,3,0,3,H,1
03/03/12,1112,Mallorca,Osasuna,Home,2,1,1,D,0
03/03/13,1213,Mallorca,Granada,Away,5,2,1,A,0
03/03/2024,2324,Mallorca,Girona,Home,2,1,0,H,0
03/04/11,1011,Mallorca,La Coruna,Away,2,1,2,H,1
03/05/06,506,Mallorca,Valencia,Home,7,2,1,H,0
03/05/09,809,Mallorca,Getafe,Home,6,2,1,H,0
03/07/2020,1920,Mallorca,Ath Madrid,Away,1,0,3,H,0
03/09/2022,2223,Mallorca,Girona,Home,4,1,1,D,0
03/09/2023,2324,Mallorca,Ath Bilbao,Home,2,0,0,D,0
03/10/10,1011,Mallorca,Barcelona,Away,2,1,1,D,0
03/11/07,708,Mallorca,Valencia,Home,7,0,2,A,0
03/11/2019,1920,Mallorca,Valladolid,Away,1,0,3,H,0
03/12/06,607,Mallorca,Celta,Home,5,2,2,D,1
03/12/2023,2324,Mallorca,Alaves,Home,3,0,0,D,0
03/12/2024,2425,Mallorca,Barcelona,Home,1,1,5,A,0
04/01/2026,2526,Mallorca,Girona,Home,2,1,2,A,0
04/02/12,1112,Mallorca,Betis,Home,4,1,0,H,2
04/03/07,607,Mallorca,Levante,Home,9,3,1,H,0
04/03/2023,2223,Mallorca,Elche,Home,3,0,1,A,0
04/04/09,809,Mallorca,Ath Bilbao,Away,1,1,2,H,0
04/04/10,910,Mallorca,Almeria,Away,8,1,1,D,0
04/04/2026,2526,Mallorca,Real Madrid,Home,2,2,1,H,0
04/05/08,708,Mallorca,Ath Bilbao,Away,4,2,1,A,0
04/05/2023,2223,Mallorca,Girona,Away,2,1,2,H,0
04/05/2024,2324,Mallorca,Ath Madrid,Home,4,0,1,A,0
04/06/2023,2223,Mallorca,Vallecano,Home,4,3,0,H,0
04/10/09,910,Mallorca,Sp Gijon,Away,2,1,4,H,0
04/10/2025,2526,Mallorca,Ath Bilbao,Away,2,1,2,H,1
04/11/06,607,Mallorca,Ath Madrid,Home,1,0,0,D,0
04/11/12,1213,Mallorca,La Coruna,Away,5,0,1,H,0
04/11/2023,2324,Mallorca,Betis,Away,1,0,2,H,1
04/12/05,506,Mallorca,Alaves,Away,10,3,0,A,0
04/12/11,1112,Mallorca,Ath Bilbao,Home,4,1,1,D,0
04/12/2021,2122,Mallorca,Ath Madrid,Away,3,2,1,A,0
05/01/08,708,Mallorca,Barcelona,Home,2,0,2,A,0
05/01/2020,1920,Mallorca,Granada,Away,5,0,1,H,0
05/02/06,506,Mallorca,Sociedad,Away,1,1,2,H,0
05/02/11,1011,Mallorca,Osasuna,Away,4,1,1,D,0
05/02/2022,2122,Mallorca,Cadiz,Home,5,2,1,H,0
05/02/2023,2223,Mallorca,Real Madrid,Home,1,1,0,H,0
05/03/06,506,Mallorca,Santander,Away,0,0,0,D,0
05/03/11,1011,Mallorca,Valencia,Home,4,1,2,A,0
05/04/08,708,Mallorca,Real Madrid,Home,2,1,1,D,0
05/04/2025,2425,Mallorca,Celta,Home,2,1,2,A,0
05/05/10,910,Mallorca,Real Madrid,Home,4,1,4,A,0
05/05/12,1112,Mallorca,Levante,Home,3,1,0,H,0
05/05/13,1213,Mallorca,Levante,Home,8,1,1,D,0
05/05/2025,2425,Mallorca,Girona,Away,1,0,1,H,0
05/10/08,809,Mallorca,Sp Gijon,Home,9,0,2,A,0
05/10/2024,2425,Mallorca,Espanol,Away,4,1,2,H,0
05/11/11,1112,Mallorca,Sevilla,Home,5,0,0,D,0
05/12/10,1011,Mallorca,Getafe,Away,3,0,3,H,0
05/12/2025,2526,Mallorca,Oviedo,Away,6,0,0,D,0
06/01/13,1213,Mallorca,Ath Madrid,Home,2,1,1,D,0
06/03/2022,2122,Mallorca,Celta,Away,3,3,4,H,0
06/04/13,1213,Mallorca,Barcelona,Away,3,0,5,H,0
06/05/07,607,Mallorca,Osasuna,Home,6,3,1,H,0
06/10/2019,1920,Mallorca,Espanol,Home,3,2,0,H,0
06/11/05,506,Mallorca,Cadiz,Away,4,2,1,A,1
06/11/2022,2223,Mallorca,Villarreal,Away,5,2,0,A,0
06/12/09,910,Mallorca,Zaragoza,Home,7,4,1,H,0
06/12/2024,2425,Mallorca,Celta,Away,4,0,2,H,1
07/01/07,607,Mallorca,Ath Bilbao,Home,4,1,3,A,0
07/01/12,1112,Mallorca,Levante,Away,4,0,0,D,0
07/01/2023,2223,Mallorca,Valladolid,Home,4,1,0,H,0
07/02/10,910,Mallorca,Villarreal,Home,3,1,0,H,0
07/02/2026,2526,Mallorca,Barcelona,Away,4,0,3,H,0
07/03/10,910,Mallorca,Sp Gijon,Home,4,3,0,H,0
07/03/2020,1920,Mallorca,Eibar,Away,4,2,1,A,0
07/03/2026,2526,Mallorca,Osasuna,Away,4,2,2,D,1
07/05/06,506,Mallorca,Betis,Away,2,1,2,H,0
07/05/08,708,Mallorca,Osasuna,Home,2,2,1,H,0
07/05/2022,2122,Mallorca,Granada,Home,8,2,6,A,0
07/10/07,708,Mallorca,Getafe,Home,5,4,2,H,1
07/10/12,1213,Mallorca,Granada,Home,5,1,2,A,1
07/10/2023,2324,Mallorca,Valencia,Home,5,1,1,D,0
07/11/09,910,Mallorca,Barcelona,Away,5,2,4,H,0
07/11/10,1011,Mallorca,Zaragoza,Away,4,2,3,H,0
07/11/2021,2122,Mallorca,Elche,Home,6,2,2,D,0
07/12/08,809,Mallorca,Recreativo,Home,4,2,3,A,0
07/12/11,1112,Mallorca,Granada,Away,4,2,2,D,0
07/12/2019,1920,Mallorca,Barcelona,Away,3,2,5,H,0
08/01/06,506,Mallorca,Betis,Home,7,1,1,D,0
08/01/2022,2122,Mallorca,Levante,Away,8,0,2,H,0
08/02/09,809,Mallorca,La Coruna,Home,5,1,1,D,1
08/03/09,809,Mallorca,Betis,Home,7,3,3,D,0
08/03/2024,2324,Mallorca,Barcelona,Away,3,0,1,H,0
08/04/07,607,Mallorca,Getafe,Home,5,2,0,H,0
08/04/12,1112,Mallorca,Granada,Home,3,0,0,D,0
08/05/10,910,Mallorca,La Coruna,Away,2,0,1,H,0
08/05/11,1011,Mallorca,Villarreal,Home,5,0,0,D,0
09/01/11,1011,Mallorca,Almeria,Home,9,4,1,H,0
09/02/13,1213,Mallorca,Osasuna,Home,2,1,1,D,0
09/02/2020,1920,Mallorca,Espanol,Away,3,0,1,H,0
09/03/08,708,Mallorca,Recreativo,Home,11,7,1,H,0
09/03/13,1213,Mallorca,Sevilla,Home,5,2,1,H,1
09/03/2025,2425,Mallorca,Ath Bilbao,Away,2,1,1,D,0
09/04/06,506,Mallorca,Ath Bilbao,Away,1,1,1,D,0
09/04/11,1011,Mallorca,Sevilla,Home,3,2,2,D,0
09/04/2022,2122,Mallorca,Ath Madrid,Home,3,1,0,H,0
09/04/2023,2223,Mallorca,Valladolid,Away,6,3,3,D,0
09/05/09,809,Mallorca,Sevilla,Away,3,1,3,H,0
09/06/07,607,Mallorca,Sevilla,Home,7,0,0,D,0
09/07/2020,1920,Mallorca,Levante,Home,5,2,0,H,0
09/11/08,809,Mallorca,Ath Bilbao,Home,7,3,3,D,0
09/11/2022,2223,Mallorca,Ath Madrid,Home,3,1,0,H,0
09/11/2025,2526,Mallorca,Getafe,Home,4,1,0,H,0
09/12/07,708,Mallorca,Santander,Away,3,1,3,H,1
09/12/12,1213,Mallorca,Levante,Away,2,0,4,H,0
09/12/2023,2324,Mallorca,Sevilla,Home,3,1,0,H,0
10/01/10,910,Mallorca,Real Madrid,Away,1,0,2,H,0
10/02/08,708,Mallorca,Almeria,Home,4,0,0,D,0
10/02/2025,2425,Mallorca,Osasuna,Home,2,1,1,D,0
10/05/2025,2425,Mallorca,Valladolid,Home,4,2,1,H,0
10/05/2026,2526,Mallorca,Villarreal,Home,8,1,1,D,0
10/09/06,607,Mallorca,La Coruna,Home,2,0,0,D,0
10/10/2022,2223,Mallorca,Elche,Away,4,1,1,D,1
10/11/2019,1920,Mallorca,Villarreal,Home,3,3,1,H,0
10/11/2024,2425,Mallorca,Ath Madrid,Home,6,0,1,A,0
10/12/06,607,Mallorca,Osasuna,Away,3,0,3,H,1
10/12/2021,2122,Mallorca,Celta,Home,1,0,0,D,0
11/01/09,809,Mallorca,Real Madrid,Home,3,0,3,A,0
11/01/2026,2526,Mallorca,Vallecano,Away,2,1,2,H,0
11/02/07,607,Mallorca,Zaragoza,Home,4,2,1,H,0
11/02/2023,2223,Mallorca,Sevilla,Away,0,0,2,H,0
11/02/2024,2324,Mallorca,Vallecano,Home,5,2,1,H,0
11/03/07,607,Mallorca,Sociedad,Away,4,1,3,H,0
11/03/12,1112,Mallorca,Valencia,Away,4,2,2,D,0
11/04/10,910,Mallorca,Valencia,Home,8,3,2,H,0
11/05/08,708,Mallorca,Barcelona,Away,9,3,2,A,0
11/05/11,1011,Mallorca,Hercules,Away,3,2,2,D,0
11/05/13,1213,Mallorca,Ath Bilbao,Away,5,1,2,H,2
11/05/2022,2122,Mallorca,Sevilla,Away,2,0,0,D,0
11/05/2024,2324,Mallorca,Las Palmas,Home,2,1,0,H,0
11/09/05,506,Mallorca,Barcelona,Away,0,0,2,H,2
11/09/11,1112,Mallorca,Betis,Away,2,0,1,H,0
11/09/2021,2122,Mallorca,Ath Bilbao,Away,1,0,2,H,0
11/09/2022,2223,Mallorca,Real Madrid,Away,2,1,4,H,0
11/11/07,708,Mallorca,Real Madrid,Away,4,3,4,H,0
11/11/12,1213,Mallorca,Barcelona,Home,3,2,4,A,0
11/12/05,506,Mallorca,Osasuna,Away,3,0,1,H,0
11/12/11,1112,Mallorca,Zaragoza,Away,6,1,0,A,0
12/01/13,1213,Mallorca,Valladolid,Away,4,1,3,H,0
12/02/06,506,Mallorca,Getafe,Home,1,1,1,D,0
12/02/12,1112,Mallorca,Malaga,Away,3,1,3,H,0
12/03/06,506,Mallorca,Villarreal,Home,2,1,1,D,0
12/03/2023,2223,Mallorca,Sociedad,Home,2,1,1,D,0
12/04/09,809,Mallorca,Almeria,Home,6,2,0,H,0
12/04/12,1112,Mallorca,Santander,Away,6,3,0,A,0
12/04/2025,2425,Mallorca,Sociedad,Away,3,2,0,A,0
12/04/2026,2526,Mallorca,Vallecano,Home,4,3,0,H,0
12/05/2023,2223,Mallorca,Cadiz,Home,3,1,0,H,0
12/07/2020,1920,Mallorca,Sevilla,Away,5,0,2,H,0
12/08/2023,2324,Mallorca,Las Palmas,Away,2,1,1,D,0
12/09/10,1011,Mallorca,Sp Gijon,Away,1,0,2,H,1
12/11/06,607,Mallorca,Getafe,Away,3,0,1,H,0
12/12/10,1011,Mallorca,Santander,Home,4,0,1,A,0
13/01/08,708,Mallorca,Zaragoza,Away,5,2,2,D,0
13/01/2024,2324,Mallorca,Celta,Home,6,1,1,D,0
13/03/10,910,Mallorca,Getafe,Away,3,0,3,H,1
13/03/11,1011,Mallorca,Levante,Away,7,1,1,D,0
13/04/08,708,Mallorca,Sevilla,Home,7,2,3,A,0
13/04/2024,2324,Mallorca,Real Madrid,Home,2,0,1,A,0
13/05/06,506,Mallorca,Zaragoza,Home,10,3,1,H,0
13/05/07,607,Mallorca,Santander,Away,6,2,0,A,0
13/05/12,1112,Mallorca,Real Madrid,Away,5,1,4,H,0
13/05/2026,2526,Mallorca,Getafe,Away,2,1,3,H,0
13/06/2020,1920,Mallorca,Barcelona,Home,3,0,4,A,0
13/09/09,910,Mallorca,Villarreal,Away,4,1,1,D,0
13/09/2019,1920,Mallorca,Ath Bilbao,Home,1,0,0,D,0
13/12/09,910,Mallorca,Osasuna,Away,2,1,0,A,0
13/12/2025,2526,Mallorca,Elche,Home,8,3,1,H,0
14/01/07,607,Mallorca,Sevilla,Away,5,2,1,A,0
14/01/12,1112,Mallorca,Real Madrid,Home,1,1,2,A,0
14/01/2023,2223,Mallorca,Osasuna,Away,2,0,1,H,0
14/02/11,1011,Mallorca,Ath Bilbao,Home,5,1,0,H,0
14/02/2022,2122,Mallorca,Ath Bilbao,Home,5,3,2,H,0
14/03/2022,2122,Mallorca,Real Madrid,Home,3,0,3,A,0
14/04/10,910,Mallorca,Zaragoza,Away,3,1,1,D,0
14/05/2024,2324,Mallorca,Osasuna,Away,4,1,1,D,0
14/05/2025,2425,Mallorca,Real Madrid,Away,2,1,2,H,0
14/08/2021,2122,Mallorca,Betis,Home,2,1,1,D,0
14/09/08,809,Mallorca,Osasuna,Home,3,1,1,D,1
14/09/2024,2425,Mallorca,Villarreal,Home,5,1,2,A,1
14/11/10,1011,Mallorca,La Coruna,Home,4,0,0,D,0
14/12/08,809,Mallorca,Getafe,Away,7,1,4,H,0
14/12/2024,2425,Mallorca,Girona,Home,2,2,1,H,1
15/01/06,506,Mallorca,Zaragoza,Away,5,1,3,H,0
15/02/09,809,Mallorca,Numancia,Away,5,1,0,A,0
15/02/10,910,Mallorca,Tenerife,Away,6,0,1,H,0
15/02/2020,1920,Mallorca,Alaves,Home,6,1,0,H,0
15/02/2026,2526,Mallorca,Betis,Home,3,1,2,A,0
15/03/09,809,Mallorca,Espanol,Away,7,3,3,D,0
15/03/2025,2425,Mallorca,Espanol,Home,7,2,1,H,0
15/03/2026,2526,Mallorca,Espanol,Home,12,2,1,H,0
15/04/06,506,Mallorca,Alaves,Home,2,0,0,D,0
15/04/07,607,Mallorca,Barcelona,Away,3,0,1,H,0
15/04/12,1112,Mallorca,Ath Bilbao,Away,1,0,1,H,0
15/04/13,1213,Mallorca,Celta,Home,6,1,0,H,0
15/05/10,910,Mallorca,Espanol,Home,4,2,0,H,0
15/05/11,1011,Mallorca,Almeria,Away,5,1,3,H,0
15/05/2022,2122,Mallorca,Vallecano,Home,5,2,1,H,0
15/08/2022,2223,Mallorca,Ath Bilbao,Away,2,0,0,D,0
15/09/2025,2526,Mallorca,Espanol,Away,10,2,3,H,0
15/10/06,607,Mallorca,Levante,Away,1,1,0,A,0
15/10/11,1112,Mallorca,Valencia,Home,1,1,1,D,0
15/10/2022,2223,Mallorca,Sevilla,Home,5,0,1,A,0
15/12/12,1213,Mallorca,Ath Bilbao,Home,4,0,1,A,0
15/12/2019,1920,Mallorca,Celta,Away,2,2,2,D,1
16/02/2025,2425,Mallorca,Las Palmas,Home,5,3,1,H,0
16/03/08,708,Mallorca,Espanol,Away,4,1,2,H,1
16/03/13,1213,Mallorca,Real Madrid,Away,6,2,5,H,0
16/03/2024,2324,Mallorca,Granada,Home,8,1,0,H,0
16/04/11,1011,Mallorca,Malaga,Away,8,0,3,H,0
16/04/2022,2122,Mallorca,Elche,Away,2,0,3,H,0
16/06/2020,1920,Mallorca,Villarreal,Away,5,0,1,H,0
16/07/2020,1920,Mallorca,Granada,Home,5,1,2,A,2
16/08/2025,2526,Mallorca,Barcelona,Home,1,0,3,A,2
16/09/07,708,Mallorca,Villarreal,Home,1,0,1,A,0
16/09/12,1213,Mallorca,Osasuna,Away,3,1,1,D,1
16/09/2023,2324,Mallorca,Celta,Away,4,1,0,A,0
16/10/05,506,Mallorca,Santander,Home,3,0,0,D,0
16/10/2021,2122,Mallorca,Sociedad,Away,1,0,1,H,0
16/11/08,809,Mallorca,Almeria,Away,5,1,2,H,0
16/12/06,607,Mallorca,Santander,Home,4,1,2,A,0
16/12/07,708,Mallorca,Ath Bilbao,Home,5,0,0,D,1
17/01/10,910,Mallorca,La Coruna,Home,8,2,0,H,0
17/01/11,1011,Mallorca,Ath Madrid,Away,7,0,3,H,1
17/01/2026,2526,Mallorca,Ath Bilbao,Home,9,3,2,H,0
17/02/08,708,Mallorca,Valladolid,Away,6,1,1,D,1
17/02/13,1213,Mallorca,Valencia,Away,8,0,2,H,0
17/03/07,607,Mallorca,Betis,Home,7,2,0,H,0
17/04/2023,2223,Mallorca,Celta,Away,2,1,0,A,0
17/05/09,809,Mallorca,Barcelona,Home,7,2,1,H,0
17/05/2026,2526,Mallorca,Levante,Away,3,0,2,H,1
17/06/07,607,Mallorca,Real Madrid,Away,1,1,3,H,0
17/08/2019,1920,Mallorca,Eibar,Home,4,2,1,H,0
17/09/05,506,Mallorca,Sociedad,Home,11,5,2,H,0
17/09/06,607,Mallorca,Zaragoza,Away,5,0,2,H,1
17/09/11,1112,Mallorca,Malaga,Home,1,0,1,A,0
17/09/2022,2223,Mallorca,Almeria,Home,2,1,0,H,0
17/09/2024,2425,Mallorca,Sociedad,Home,4,1,0,H,0
17/10/10,1011,Mallorca,Espanol,Home,1,0,1,A,0
17/12/11,1112,Mallorca,Getafe,Home,4,1,2,A,0
17/12/2023,2324,Mallorca,Almeria,Away,2,0,0,D,0
18/01/09,809,Mallorca,Villarreal,Away,6,0,2,H,0
18/01/13,1213,Mallorca,Espanol,Away,3,2,3,H,1
18/02/07,607,Mallorca,Espanol,Away,5,1,3,H,0
18/02/2023,2223,Mallorca,Villarreal,Home,5,4,2,H,0
18/02/2024,2324,Mallorca,Sociedad,Home,1,1,2,A,1
18/03/12,1112,Mallorca,Ath Madrid,Home,3,2,1,H,1
18/04/09,809,Mallorca,Malaga,Away,8,1,1,D,0
18/05/08,708,Mallorca,Zaragoza,Home,4,3,2,H,0
18/05/2025,2425,Mallorca,Getafe,Home,1,1,2,A,0
18/08/12,1213,Mallorca,Espanol,Home,9,2,1,H,0
18/08/2023,2324,Mallorca,Villarreal,Home,1,0,1,A,0
18/08/2024,2425,Mallorca,Real Madrid,Home,5,1,1,D,0
18/09/10,1011,Mallorca,Osasuna,Home,5,2,0,H,0
18/10/09,910,Mallorca,Getafe,Home,8,3,1,H,0
18/10/2025,2526,Mallorca,Sevilla,Away,6,3,1,A,0
18/11/12,1213,Mallorca,Celta,Away,7,1,1,D,0
18/12/05,506,Mallorca,Ath Madrid,Home,4,2,2,D,1
18/12/10,1011,Mallorca,Villarreal,Away,2,1,3,H,0
19/01/2020,1920,Mallorca,Valencia,Home,6,4,1,H,0
19/02/06,506,Mallorca,Malaga,Away,5,2,0,A,1
19/02/12,1112,Mallorca,Villarreal,Home,8,4,0,H,0
19/03/06,506,Mallorca,Sevilla,Away,4,1,1,D,0
19/03/11,1011,Mallorca,Zaragoza,Home,5,1,0,H,0
19/03/2023,2223,Mallorca,Betis,Away,1,0,1,H,0
19/04/10,910,Mallorca,Osasuna,Home,8,2,0,H,0
19/04/13,1213,Mallorca,Vallecano,Home,5,1,1,D,0
19/04/2022,2122,Mallorca,Alaves,Home,3,2,1,H,0
19/04/2025,2425,Mallorca,Leganes,Home,1,0,0,D,0
19/05/07,607,Mallorca,Valencia,Home,3,0,1,A,0
19/05/2024,2324,Mallorca,Almeria,Home,8,2,2,D,0
19/06/2020,1920,Mallorca,Leganes,Home,3,1,1,D,0
19/07/2020,1920,Mallorca,Osasuna,Away,4,2,2,D,0
19/09/09,910,Mallorca,Tenerife,Home,9,4,0,H,0
19/09/2021,2122,Mallorca,Villarreal,Home,1,0,0,D,0
19/10/08,809,Mallorca,Betis,Away,4,0,3,H,0
19/10/2019,1920,Mallorca,Real Madrid,Home,1,1,0,H,0
19/10/2022,2223,Mallorca,Sociedad,Away,3,0,1,H,0
19/11/06,607,Mallorca,Barcelona,Home,2,1,4,A,1
19/12/06,607,Mallorca,Valencia,Away,2,1,3,H,0
19/12/2021,2122,Mallorca,Granada,Away,5,1,4,H,0
19/12/2025,2526,Mallorca,Valencia,Away,2,1,1,D,0
20/01/08,708,Mallorca,Levante,Away,4,2,2,D,0
20/01/2023,2223,Mallorca,Celta,Home,3,1,0,H,0
20/01/2024,2324,Mallorca,Villarreal,Away,2,1,1,D,0
20/01/2025,2425,Mallorca,Villarreal,Away,2,0,4,H,0
20/02/10,910,Mallorca,Sevilla,Home,5,1,3,A,1
20/02/2022,2122,Mallorca,Betis,Away,1,1,2,H,0
20/03/2022,2122,Mallorca,Espanol,Away,3,0,1,H,0
20/04/08,708,Mallorca,Murcia,Away,5,4,1,A,0
20/05/13,1213,Mallorca,Betis,Home,5,1,0,H,0
20/05/2023,2223,Mallorca,Almeria,Away,3,0,3,H,0
20/08/2022,2223,Mallorca,Betis,Home,7,1,2,A,0
20/09/11,1112,Mallorca,Villarreal,Away,3,0,2,H,0
20/10/2024,2425,Mallorca,Vallecano,Home,5,1,0,H,0
20/11/05,506,Mallorca,Espanol,Away,1,0,2,H,1
20/12/09,910,Mallorca,Malaga,Away,5,1,2,H,0
21/01/07,607,Mallorca,Real Madrid,Home,4,0,1,A,0
21/02/11,1011,Mallorca,Sociedad,Away,2,0,1,H,0
21/02/2020,1920,Mallorca,Betis,Away,4,3,3,D,0
21/03/10,910,Mallorca,Ath Madrid,Home,9,4,1,H,0
21/03/12,1112,Mallorca,Sp Gijon,Away,4,3,2,A,0
21/03/2026,2526,Mallorca,Elche,Away,4,1,2,H,0
21/04/12,1112,Mallorca,Zaragoza,Home,4,1,0,H,0
21/04/2026,2526,Mallorca,Valencia,Home,8,1,1,D,0
21/05/11,1011,Mallorca,Ath Madrid,Home,14,3,4,A,0
21/08/2021,2122,Mallorca,Alaves,Away,2,1,0,A,0
21/09/05,506,Mallorca,Getafe,Away,3,1,1,D,0
21/09/08,809,Mallorca,La Coruna,Away,2,0,0,D,1
21/09/10,1011,Mallorca,Ath Bilbao,Away,3,0,3,H,0
21/09/2025,2526,Mallorca,Ath Madrid,Home,3,1,1,D,0
21/10/07,708,Mallorca,Recreativo,Away,4,2,0,A,0
21/10/2023,2324,Mallorca,Sociedad,Away,7,0,1,H,0
21/11/10,1011,Mallorca,Sevilla,Away,8,2,1,A,0
21/12/05,506,Mallorca,Valencia,Away,0,0,3,H,0
21/12/08,809,Mallorca,Sevilla,Home,2,0,0,D,0
21/12/2019,1920,Mallorca,Sevilla,Home,1,0,2,A,0
21/12/2023,2324,Mallorca,Osasuna,Home,8,3,2,H,0
21/12/2024,2425,Mallorca,Getafe,Away,2,1,0,A,0
22/01/06,506,Mallorca,La Coruna,Away,3,2,2,D,0
22/01/12,1112,Mallorca,Vallecano,Away,2,1,0,A,0
22/01/2022,2122,Mallorca,Villarreal,Away,2,0,3,H,1
22/02/09,809,Mallorca,Santander,Home,8,1,0,H,0
22/02/2026,2526,Mallorca,Celta,Away,0,0,2,H,0
22/03/06,506,Mallorca,Cadiz,Home,9,1,0,H,0
22/03/08,708,Mallorca,La Coruna,Home,6,1,0,H,0
22/03/09,809,Mallorca,Ath Madrid,Home,3,2,0,H,0
22/04/07,607,Mallorca,Gimnastic,Home,2,1,0,H,0
22/04/2024,2324,Mallorca,Sevilla,Away,6,1,2,H,0
22/04/2025,2425,Mallorca,Barcelona,Away,0,0,1,H,0
22/05/2022,2122,Mallorca,Osasuna,Away,6,2,0,A,0
22/09/09,910,Mallorca,Sevilla,Away,4,0,2,H,0
22/09/2019,1920,Mallorca,Getafe,Away,3,2,4,H,0
22/09/2021,2122,Mallorca,Real Madrid,Away,5,1,6,H,0
22/10/06,607,Mallorca,Sociedad,Home,3,0,0,D,0
22/10/12,1213,Mallorca,Sevilla,Away,2,2,3,H,0
22/10/2022,2223,Mallorca,Valencia,Away,5,2,1,A,0
22/11/09,910,Mallorca,Almeria,Home,5,3,1,H,0
22/11/2019,1920,Mallorca,Levante,Away,7,1,2,H,0
22/11/2021,2122,Mallorca,Vallecano,Away,5,1,3,H,0
22/11/2025,2526,Mallorca,Villarreal,Away,3,1,2,H,0
22/12/12,1213,Mallorca,Betis,Away,2,2,1,A,0
23/01/11,1011,Mallorca,Real Madrid,Away,2,0,1,H,0
23/02/13,1213,Mallorca,Getafe,Home,4,1,3,A,0
23/04/06,506,Mallorca,Osasuna,Home,4,0,1,A,0
23/04/09,809,Mallorca,Valladolid,Home,6,2,0,H,0
23/04/2023,2223,Mallorca,Getafe,Home,4,3,1,H,0
23/05/2026,2526,Mallorca,Oviedo,Home,7,3,0,H,0
23/08/2025,2526,Mallorca,Celta,Home,4,1,1,D,0
23/09/07,708,Mallorca,Almeria,Away,7,1,1,D,0
23/09/12,1213,Mallorca,Valencia,Home,3,2,0,H,0
23/09/2023,2324,Mallorca,Girona,Away,5,3,5,H,0
23/09/2024,2425,Mallorca,Betis,Away,6,2,1,A,0
23/10/05,506,Mallorca,Villarreal,Away,2,0,3,H,0
23/10/10,1011,Mallorca,Valencia,Away,6,2,1,A,0
23/10/11,1112,Mallorca,Ath Madrid,Away,3,1,1,D,0
23/10/2021,2122,Mallorca,Valencia,Away,4,2,2,D,2
23/11/08,809,Mallorca,Malaga,Home,11,2,2,D,0
23/11/2024,2425,Mallorca,Las Palmas,Away,3,3,2,A,1
23/12/07,708,Mallorca,Osasuna,Away,2,1,3,H,0
24/01/10,910,Mallorca,Espanol,Away,4,1,1,D,0
24/02/08,708,Mallorca,Betis,Home,4,1,1,D,0
24/02/2024,2324,Mallorca,Alaves,Away,8,1,1,D,0
24/02/2025,2425,Mallorca,Sevilla,Away,2,1,1,D,0
24/03/10,910,Mallorca,Santander,Away,4,0,0,D,0
24/03/12,1112,Mallorca,Barcelona,Home,2,0,2,A,0
24/04/11,1011,Mallorca,Getafe,Home,7,2,0,H,0
24/05/09,809,Mallorca,Real Madrid,Away,6,3,1,A,0
24/05/2025,2425,Mallorca,Vallecano,Away,2,0,0,D,0
24/06/2020,1920,Mallorca,Real Madrid,Away,4,0,2,H,0
24/08/2024,2425,Mallorca,Osasuna,Away,2,0,1,H,0
24/09/06,607,Mallorca,Espanol,Home,7,1,0,H,0
24/09/2025,2526,Mallorca,Sociedad,Away,3,0,1,H,0
24/10/09,910,Mallorca,Ath Madrid,Away,2,1,1,D,2
24/11/07,708,Mallorca,Sevilla,Away,3,2,1,A,1
24/11/12,1213,Mallorca,Vallecano,Away,5,0,2,H,0
25/01/09,809,Mallorca,Valencia,Home,10,3,1,H,0
25/01/2025,2425,Mallorca,Betis,Home,3,0,1,A,1
25/01/2026,2526,Mallorca,Ath Madrid,Away,1,0,3,H,0
25/02/07,607,Mallorca,Villarreal,Away,6,1,2,H,0
25/02/2023,2223,Mallorca,Espanol,Away,4,1,2,H,0
25/04/10,910,Mallorca,Malaga,Home,7,1,1,D,0
25/04/2026,2526,Mallorca,Alaves,Away,2,1,2,H,0
25/05/2023,2223,Mallorca,Valencia,Home,3,1,0,H,0
25/08/12,1213,Mallorca,Malaga,Away,4,1,1,D,0
25/08/2019,1920,Mallorca,Sociedad,Home,4,0,1,A,0
25/09/05,506,Mallorca,Malaga,Home,7,1,4,A,0
25/09/08,809,Mallorca,Numancia,Home,7,2,0,H,0
25/09/11,1112,Mallorca,Sociedad,Home,4,2,1,H,0
25/09/2019,1920,Mallorca,Ath Madrid,Home,3,0,2,A,0
25/11/2023,2324,Mallorca,Ath Madrid,Away,1,0,1,H,0
26/01/2020,1920,Mallorca,Sociedad,Away,4,0,3,H,0
26/02/06,506,Mallorca,Real Madrid,Home,4,2,1,H,0
26/02/11,1011,Mallorca,Barcelona,Home,3,0,3,A,0
26/02/12,1112,Mallorca,Sociedad,Away,3,0,1,H,0
26/02/2022,2122,Mallorca,Valencia,Home,3,0,1,A,0
26/03/06,506,Mallorca,Celta,Away,4,0,2,H,0
26/04/09,809,Mallorca,Recreativo,Away,7,4,2,A,1
26/04/2023,2223,Mallorca,Ath Madrid,Away,2,1,3,H,0
26/05/13,1213,Mallorca,Ath Madrid,Away,4,0,0,D,0
26/05/2024,2324,Mallorca,Getafe,Away,4,2,1,A,0
26/08/07,708,Mallorca,Levante,Home,5,3,0,H,0
26/08/2023,2324,Mallorca,Granada,Away,5,2,3,H,0
26/09/07,708,Mallorca,Valladolid,Home,8,4,2,H,0
26/09/10,1011,Mallorca,Sociedad,Home,6,2,0,H,0
26/09/2021,2122,Mallorca,Osasuna,Home,8,2,3,A,0
26/09/2023,2324,Mallorca,Barcelona,Home,5,2,2,D,1
26/10/05,506,Mallorca,Celta,Home,5,1,0,H,0
26/10/08,809,Mallorca,Espanol,Home,6,3,0,H,0
26/10/11,1112,Mallorca,Sp Gijon,Home,5,1,2,A,0
26/10/2019,1920,Mallorca,Leganes,Away,1,0,1,H,0
26/10/2025,2526,Mallorca,Levante,Home,4,1,1,D,0
26/11/05,506,Mallorca,Ath Bilbao,Home,4,0,1,A,0
26/11/06,607,Mallorca,Gimnastic,Away,9,3,2,A,0
27/01/08,708,Mallorca,Ath Madrid,Home,5,1,0,H,0
27/01/13,1213,Mallorca,Malaga,Home,3,2,3,A,0
27/01/2024,2324,Mallorca,Betis,Home,1,0,1,A,0
27/03/10,910,Mallorca,Barcelona,Home,2,0,1,A,0
27/04/08,708,Mallorca,Santander,Home,3,3,1,H,0
27/04/13,1213,Mallorca,Zaragoza,Away,4,2,3,H,0
27/05/07,607,Mallorca,Ath Bilbao,Away,2,0,1,H,0
27/06/2020,1920,Mallorca,Ath Bilbao,Away,2,1,3,H,0
27/08/06,607,Mallorca,Recreativo,Away,6,1,1,D,0
27/08/2021,2122,Mallorca,Espanol,Home,6,1,0,H,0
27/08/2022,2223,Mallorca,Vallecano,Away,4,2,0,A,0
27/08/2024,2425,Mallorca,Sevilla,Home,4,0,0,D,0
27/09/09,910,Mallorca,Valladolid,Home,8,3,0,H,0
27/09/2024,2425,Mallorca,Valladolid,Away,6,2,1,A,0
27/09/2025,2526,Mallorca,Alaves,Home,3,1,0,H,0
27/10/07,708,Mallorca,Espanol,Home,6,2,2,D,1
27/10/2021,2122,Mallorca,Sevilla,Home,4,1,1,D,1
27/11/11,1112,Mallorca,Santander,Home,6,2,1,H,1
27/11/2021,2122,Mallorca,Getafe,Home,2,0,0,D,0
28/01/07,607,Mallorca,Recreativo,Home,7,2,1,H,1
28/01/12,1112,Mallorca,Espanol,Away,5,0,1,H,1
28/01/2023,2223,Mallorca,Cadiz,Away,2,0,2,H,0
28/02/10,910,Mallorca,Valladolid,Away,3,2,1,A,0
28/02/2026,2526,Mallorca,Sociedad,Home,1,0,1,A,0
28/04/12,1112,Mallorca,Getafe,Away,9,3,1,A,0
28/04/2024,2324,Mallorca,Cadiz,Away,2,1,1,D,0
28/05/2023,2223,Mallorca,Barcelona,Away,1,0,3,H,1
28/08/05,506,Mallorca,La Coruna,Home,3,0,1,A,0
28/08/11,1112,Mallorca,Espanol,Home,4,1,0,H,0
28/09/08,809,Mallorca,Santander,Away,9,2,1,A,0
28/10/12,1213,Mallorca,Real Madrid,Home,0,0,5,A,0
28/10/2022,2223,Mallorca,Espanol,Home,5,1,1,D,0
28/10/2023,2324,Mallorca,Getafe,Home,4,0,0,D,0
28/10/2024,2425,Mallorca,Ath Bilbao,Home,1,0,0,D,1
28/11/09,910,Mallorca,Valencia,Away,2,1,1,D,0
28/11/10,1011,Mallorca,Malaga,Home,6,2,0,H,0
29/01/06,506,Mallorca,Barcelona,Home,2,0,3,A,1
29/01/11,1011,Mallorca,Sp Gijon,Home,3,0,4,A,0
29/04/07,607,Mallorca,Celta,Away,7,3,0,A,0
29/08/10,1011,Mallorca,Real Madrid,Home,2,0,0,D,0
29/09/2019,1920,Mallorca,Alaves,Away,1,0,2,H,0
29/10/06,607,Mallorca,Betis,Away,1,1,0,A,0
29/10/11,1112,Mallorca,Barcelona,Away,0,0,5,H,0
29/11/2023,2324,Mallorca,Cadiz,Home,3,1,1,D,0
29/11/2024,2425,Mallorca,Valencia,Home,3,2,1,H,0
29/11/2025,2526,Mallorca,Osasuna,Home,4,2,2,D,0
30/03/08,708,Mallorca,Valencia,Away,5,3,0,A,0
30/03/2024,2324,Mallorca,Valencia,Away,3,0,0,D,0
30/03/2025,2425,Mallorca,Valencia,Away,2,0,1,H,0
30/04/06,506,Mallorca,Ath Madrid,Away,3,1,0,A,0
30/05/09,809,Mallorca,Villarreal,Home,10,2,3,A,0
30/06/2020,1920,Mallorca,Celta,Home,7,5,1,H,0
30/08/08,809,Mallorca,Valencia,Away,2,0,3,H,0
30/08/09,910,Mallorca,Xerez,Home,3,2,0,H,0
30/08/2025,2526,Mallorca,Real Madrid,Away,5,1,2,H,0
30/09/07,708,Mallorca,Betis,Away,3,0,3,H,2
30/09/2023,2324,Mallorca,Vallecano,Away,4,2,2,D,0
30/10/05,506,Mallorca,Sevilla,Home,2,1,1,D,1
30/11/08,809,Mallorca,Valladolid,Away,4,0,3,H,0
30/11/2019,1920,Mallorca,Betis,Home,7,1,2,A,1
30/12/2022,2223,Mallorca,Getafe,Away,0,0,2,H,0
31/01/10,910,Mallorca,Xerez,Away,7,1,2,H,0
31/03/13,1213,Mallorca,La Coruna,Home,5,2,3,A,0
31/03/2023,2223,Mallorca,Osasuna,Home,1,0,0,D,1
31/08/2024,2425,Mallorca,Leganes,Away,3,1,0,A,0
31/10/07,708,Mallorca,La Coruna,Away,2,1,1,D,1
31/10/2019,1920,Mallorca,Osasuna,Home,3,2,2,D,0
31/10/2021,2122,Mallorca,Cadiz,Away,5,1,1,D,2
01/09/07,708,Murcia,Levante,Away,2,0,0,D,0
01/11/07,708,Murcia,Espanol,Away,4,0,0,D,0
02/03/08,708,Murcia,Betis,Away,6,0,4,H,0
02/12/07,708,Murcia,Mallorca,Away,3,1,1,D,0
03/02/08,708,Murcia,Ath Madrid,Away,4,1,1,D,0
04/05/08,708,Murcia,Santander,Away,2,2,3,H,2
04/11/07,708,Murcia,La Coruna,Home,5,0,2,A,0
06/01/08,708,Murcia,Osasuna,Home,6,2,0,H,0
06/04/08,708,Murcia,Valencia,Home,2,1,0,H,0
07/05/08,708,Murcia,Ath Bilbao,Home,3,1,2,A,0
07/10/07,708,Murcia,Betis,Home,5,0,0,D,0
09/02/08,708,Murcia,Villarreal,Home,2,0,1,A,0
09/03/08,708,Murcia,Getafe,Home,3,0,3,A,0
09/12/07,708,Murcia,Sevilla,Away,1,1,3,H,0
10/11/07,708,Murcia,Valencia,Away,2,0,3,H,0
11/05/08,708,Murcia,Osasuna,Away,3,1,2,H,0
12/01/08,708,Murcia,Barcelona,Away,3,0,4,H,0
13/04/08,708,Murcia,Real Madrid,Away,0,0,1,H,0
15/03/08,708,Murcia,Recreativo,Away,4,2,4,H,1
16/09/07,708,Murcia,Ath Madrid,Home,4,1,1,D,0
16/12/07,708,Murcia,Santander,Home,4,2,1,H,0
17/02/08,708,Murcia,Almeria,Away,3,0,1,H,0
17/05/08,708,Murcia,Barcelona,Home,9,3,5,A,0
20/01/08,708,Murcia,Zaragoza,Away,3,1,3,H,0
20/04/08,708,Murcia,Mallorca,Home,3,1,4,A,0
21/10/07,708,Murcia,Getafe,Away,2,0,2,H,0
23/03/08,708,Murcia,Espanol,Home,6,4,0,H,0
23/09/07,708,Murcia,Villarreal,Away,2,0,2,H,0
23/12/07,708,Murcia,Ath Bilbao,Away,4,1,1,D,0
24/02/08,708,Murcia,Valladolid,Home,1,0,1,A,0
24/11/07,708,Murcia,Real Madrid,Home,3,1,1,D,0
26/04/08,708,Murcia,Sevilla,Home,4,0,0,D,0
26/08/07,708,Murcia,Zaragoza,Home,6,2,1,H,0
26/09/07,708,Murcia,Almeria,Home,3,0,1,A,2
27/01/08,708,Murcia,Levante,Home,4,2,3,A,1
28/10/07,708,Murcia,Recreativo,Home,1,1,0,H,0
30/03/08,708,Murcia,La Coruna,Away,3,1,3,H,0
30/09/07,708,Murcia,Valladolid,Away,8,4,1,A,0
01/03/09,809,Numancia,La Coruna,Home,3,0,1,A,0
02/05/09,809,Numancia,Malaga,Home,5,2,0,H,1
02/11/08,809,Numancia,Sp Gijon,Away,3,1,3,H,0
04/01/09,809,Numancia,Recreativo,Away,4,1,3,H,0
04/04/09,809,Numancia,Betis,Away,6,3,3,D,1
05/10/08,809,Numancia,La Coruna,Away,3,0,1,H,0
07/12/08,809,Numancia,Almeria,Home,2,2,1,H,1
08/02/09,809,Numancia,Villarreal,Away,4,1,2,H,0
08/03/09,809,Numancia,Valencia,Home,5,2,1,H,0
09/11/08,809,Numancia,Betis,Home,7,2,4,A,0
10/05/09,809,Numancia,Valladolid,Away,2,0,0,D,0
11/01/09,809,Numancia,Getafe,Home,5,2,0,H,0
12/04/09,809,Numancia,Espanol,Home,4,0,0,D,0
14/09/08,809,Numancia,Real Madrid,Away,4,3,4,H,0
14/12/08,809,Numancia,Malaga,Away,2,0,2,H,0
15/02/09,809,Numancia,Mallorca,Home,4,0,1,A,0
15/03/09,809,Numancia,Santander,Away,1,0,5,H,0
16/11/08,809,Numancia,Espanol,Away,6,4,3,A,0
17/01/09,809,Numancia,Sevilla,Away,5,0,1,H,1
17/05/09,809,Numancia,Recreativo,Home,3,1,0,H,0
18/04/09,809,Numancia,Ath Madrid,Away,1,0,3,H,0
19/10/08,809,Numancia,Valencia,Away,5,0,4,H,0
21/04/09,809,Numancia,Ath Bilbao,Home,2,1,2,A,1
21/09/08,809,Numancia,Villarreal,Home,4,1,2,A,0
21/12/08,809,Numancia,Valladolid,Home,7,4,3,H,0
22/02/09,809,Numancia,Osasuna,Away,4,0,2,H,0
22/03/09,809,Numancia,Sp Gijon,Home,6,2,1,H,1
23/05/09,809,Numancia,Getafe,Away,2,0,1,H,1
23/11/08,809,Numancia,Ath Madrid,Home,5,1,1,D,0
24/01/09,809,Numancia,Barcelona,Away,2,1,4,H,1
25/04/09,809,Numancia,Almeria,Away,5,1,2,H,0
25/09/08,809,Numancia,Mallorca,Away,1,0,2,H,0
26/10/08,809,Numancia,Santander,Home,3,2,1,H,0
28/09/08,809,Numancia,Osasuna,Home,0,0,0,D,1
30/11/08,809,Numancia,Ath Bilbao,Away,1,0,2,H,0
31/01/09,809,Numancia,Real Madrid,Home,3,0,2,A,0
31/05/09,809,Numancia,Sevilla,Home,2,0,2,A,0
31/08/08,809,Numancia,Barcelona,Home,2,1,0,H,0
01/02/09,809,Osasuna,Mallorca,Home,3,1,0,H,1
01/02/2021,2021,Osasuna,Betis,Away,5,0,1,H,0
01/03/09,809,Osasuna,Santander,Away,4,1,1,D,0
01/03/14,1314,Osasuna,Levante,Away,4,0,2,H,0
01/03/17,1617,Osasuna,Villarreal,Home,3,1,4,A,0
01/03/2020,1920,Osasuna,Sevilla,Away,4,2,3,H,1
01/03/2026,2526,Osasuna,Valencia,Away,0,0,1,H,0
01/04/07,607,Osasuna,Sevilla,Home,2,0,0,D,0
01/04/17,1617,Osasuna,Ath Bilbao,Home,6,1,2,A,0
01/05/11,1011,Osasuna,Valencia,Home,6,1,0,H,0
01/05/2021,2021,Osasuna,Real Madrid,Away,2,0,2,H,0
01/05/2022,2122,Osasuna,Elche,Away,3,1,1,D,0
01/06/13,1213,Osasuna,Real Madrid,Away,13,2,4,H,0
01/09/12,1213,Osasuna,Celta,Away,2,0,2,H,1
01/09/2024,2425,Osasuna,Celta,Home,4,3,2,H,0
01/10/06,607,Osasuna,Espanol,Away,1,0,0,D,0
01/10/11,1112,Osasuna,Mallorca,Home,6,2,2,D,0
01/10/16,1617,Osasuna,Las Palmas,Home,3,2,2,D,0
01/10/2023,2324,Osasuna,Alaves,Away,3,2,0,A,0
01/12/13,1314,Osasuna,Valencia,Away,1,0,3,H,1
01/12/2019,1920,Osasuna,Espanol,Away,8,4,2,A,1
02/01/11,1011,Osasuna,Sevilla,Away,3,0,1,H,0
02/02/13,1213,Osasuna,Celta,Home,4,1,0,H,0
02/02/2020,1920,Osasuna,Villarreal,Away,5,1,3,H,0
02/02/2025,2425,Osasuna,Sociedad,Home,4,2,1,H,0
02/03/08,708,Osasuna,Villarreal,Away,1,0,0,D,0
02/03/11,1011,Osasuna,La Coruna,Home,6,0,0,D,0
02/03/13,1213,Osasuna,Ath Bilbao,Home,6,0,1,A,0
02/03/2025,2425,Osasuna,Valencia,Home,5,3,3,D,0
02/04/06,506,Osasuna,Getafe,Home,4,0,4,A,0
02/05/10,910,Osasuna,Real Madrid,Away,6,2,3,H,0
02/05/12,1112,Osasuna,Valencia,Away,3,0,4,H,1
02/05/2023,2223,Osasuna,Barcelona,Away,2,0,1,H,1
02/05/2026,2526,Osasuna,Barcelona,Home,4,1,2,A,0
02/07/2020,1920,Osasuna,Eibar,Away,6,2,0,A,0
02/10/05,506,Osasuna,La Coruna,Away,4,1,0,A,0
02/10/2021,2122,Osasuna,Vallecano,Home,3,1,0,H,0
02/10/2022,2223,Osasuna,Real Madrid,Away,2,1,1,D,1
02/11/08,809,Osasuna,Espanol,Away,3,0,1,H,0
02/11/13,1314,Osasuna,Sociedad,Away,1,0,5,H,1
02/11/2024,2425,Osasuna,Valladolid,Home,4,1,0,H,0
02/12/07,708,Osasuna,La Coruna,Away,5,2,1,A,0
02/12/2023,2324,Osasuna,Sociedad,Home,3,1,1,D,0
02/12/2024,2425,Osasuna,Sevilla,Away,3,1,1,D,0
03/01/10,910,Osasuna,Real Madrid,Home,2,0,0,D,0
03/01/2021,2021,Osasuna,Sociedad,Away,2,1,1,D,0
03/01/2022,2122,Osasuna,Ath Bilbao,Home,4,1,3,A,1
03/01/2026,2526,Osasuna,Ath Bilbao,Home,4,1,1,D,0
03/02/08,708,Osasuna,Barcelona,Away,3,0,1,H,0
03/02/14,1314,Osasuna,Villarreal,Away,2,1,3,H,0
03/03/12,1112,Osasuna,Mallorca,Away,2,1,1,D,0
03/04/11,1011,Osasuna,Ath Madrid,Home,7,2,3,A,1
03/04/2021,2021,Osasuna,Getafe,Home,1,0,0,D,0
03/04/2022,2122,Osasuna,Betis,Away,3,1,4,H,0
03/05/06,506,Osasuna,Ath Madrid,Away,5,1,0,A,1
03/05/09,809,Osasuna,Recreativo,Home,2,1,2,A,1
03/05/14,1314,Osasuna,Celta,Home,11,0,2,A,0
03/05/2025,2425,Osasuna,Villarreal,Away,4,2,4,H,0
03/09/2023,2324,Osasuna,Barcelona,Home,3,1,2,A,1
03/10/10,1011,Osasuna,Levante,Home,8,1,1,D,0
03/10/2025,2526,Osasuna,Getafe,Home,3,2,1,H,0
03/11/2019,1920,Osasuna,Alaves,Home,6,4,2,H,0
03/11/2025,2526,Osasuna,Oviedo,Away,5,0,0,D,0
03/12/06,607,Osasuna,Zaragoza,Away,2,2,1,A,0
04/01/09,809,Osasuna,Sevilla,Away,1,1,1,D,0
04/01/2024,2324,Osasuna,Almeria,Home,2,1,0,H,0
04/02/07,607,Osasuna,Barcelona,Home,3,0,0,D,0
04/02/2023,2223,Osasuna,Espanol,Away,3,1,1,D,1
04/02/2024,2324,Osasuna,Celta,Home,1,0,3,A,0
04/03/07,607,Osasuna,Santander,Away,0,0,1,H,0
04/03/2024,2324,Osasuna,Alaves,Home,4,1,0,H,0
04/04/10,910,Osasuna,Valencia,Away,5,0,3,H,0
04/04/14,1314,Osasuna,Almeria,Away,2,2,1,A,0
04/05/08,708,Osasuna,Real Madrid,Home,6,1,2,A,0
04/05/13,1213,Osasuna,Valencia,Away,3,0,4,H,2
04/06/2023,2223,Osasuna,Girona,Home,7,2,1,H,0
04/09/2022,2223,Osasuna,Vallecano,Home,6,2,1,H,0
04/10/09,910,Osasuna,Getafe,Away,2,1,2,H,0
04/10/13,1314,Osasuna,Malaga,Away,6,1,0,A,0
04/10/2020,2021,Osasuna,Celta,Home,5,2,0,H,0
04/11/07,708,Osasuna,Getafe,Home,4,0,2,A,1
04/11/12,1213,Osasuna,Valladolid,Home,4,0,1,A,1
04/11/2023,2324,Osasuna,Girona,Home,3,2,4,A,0
04/12/05,506,Osasuna,Malaga,Away,4,2,1,A,0
04/12/10,1011,Osasuna,Barcelona,Home,2,0,3,A,0
04/12/11,1112,Osasuna,Betis,Home,3,2,1,H,0
04/12/16,1617,Osasuna,Sp Gijon,Away,2,1,3,H,0
05/01/13,1213,Osasuna,Sevilla,Away,3,0,1,H,0
05/01/14,1314,Osasuna,Espanol,Home,4,1,0,H,0
05/01/2020,1920,Osasuna,Celta,Away,1,1,1,D,0
05/02/06,506,Osasuna,Sevilla,Away,2,1,0,A,0
05/02/11,1011,Osasuna,Mallorca,Home,5,1,1,D,0
05/02/12,1112,Osasuna,Sp Gijon,Away,5,1,1,D,0
05/02/17,1617,Osasuna,Sociedad,Away,5,2,3,H,0
05/02/2022,2122,Osasuna,Sevilla,Home,3,0,0,D,0
05/03/06,506,Osasuna,Celta,Away,0,0,2,H,1
05/03/17,1617,Osasuna,Las Palmas,Away,4,2,5,H,0
05/03/2022,2122,Osasuna,Villarreal,Home,3,1,0,H,0
05/04/08,708,Osasuna,Recreativo,Home,5,0,1,A,0
05/04/09,809,Osasuna,Ath Madrid,Away,5,4,2,A,0
05/04/17,1617,Osasuna,Alaves,Away,6,1,0,A,0
05/04/2026,2526,Osasuna,Alaves,Away,5,2,2,D,0
05/05/10,910,Osasuna,La Coruna,Home,5,3,1,H,0
05/05/12,1112,Osasuna,Sociedad,Home,10,1,0,H,0
05/05/2024,2324,Osasuna,Betis,Home,2,0,2,A,1
05/07/2020,1920,Osasuna,Getafe,Home,2,0,0,D,0
05/10/08,809,Osasuna,Santander,Home,4,0,1,A,1
05/10/2019,1920,Osasuna,Villarreal,Home,4,2,1,H,0
05/10/2024,2425,Osasuna,Getafe,Away,2,1,1,D,0
05/11/05,506,Osasuna,Sociedad,Away,5,2,1,A,0
05/11/06,607,Osasuna,Sevilla,Away,4,0,2,H,0
05/11/16,1617,Osasuna,Alaves,Home,4,0,1,A,0
05/11/2022,2223,Osasuna,Celta,Away,4,2,1,A,0
05/12/07,708,Osasuna,Sevilla,Home,3,1,1,D,0
05/12/2021,2122,Osasuna,Levante,Away,1,0,0,D,0
06/01/07,607,Osasuna,Sociedad,Away,6,1,2,H,0
06/01/08,708,Osasuna,Murcia,Away,2,0,2,H,0
06/02/2026,2526,Osasuna,Celta,Away,2,2,1,A,0
06/03/11,1011,Osasuna,Malaga,Away,4,1,0,A,0
06/03/2021,2021,Osasuna,Barcelona,Home,3,0,2,A,0
06/03/2023,2223,Osasuna,Celta,Home,5,0,0,D,0
06/05/07,607,Osasuna,Mallorca,Away,2,1,3,H,0
06/11/11,1112,Osasuna,Real Madrid,Away,2,1,7,H,1
06/12/09,910,Osasuna,Malaga,Away,3,1,1,D,0
06/12/2020,2021,Osasuna,Betis,Home,0,0,2,A,0
07/01/12,1112,Osasuna,Sociedad,Away,1,0,0,D,0
07/02/10,910,Osasuna,Tenerife,Home,5,1,0,H,0
07/02/2021,2021,Osasuna,Eibar,Home,4,2,1,H,0
07/03/10,910,Osasuna,Getafe,Home,8,0,0,D,0
07/03/2026,2526,Osasuna,Mallorca,Home,5,2,2,D,1
07/04/12,1112,Osasuna,Vallecano,Away,3,0,6,H,0
07/04/13,1213,Osasuna,Espanol,Home,3,0,2,A,0
07/04/2025,2425,Osasuna,Leganes,Away,6,1,1,D,0
07/05/06,506,Osasuna,Santander,Away,2,1,2,H,1
07/05/08,708,Osasuna,Mallorca,Away,5,1,2,H,1
07/05/17,1617,Osasuna,Valencia,Away,4,1,4,H,0
07/10/07,708,Osasuna,Villarreal,Home,3,3,2,H,2
07/10/12,1213,Osasuna,Ath Bilbao,Away,5,0,1,H,0
07/10/2022,2223,Osasuna,Valencia,Home,2,1,2,A,2
07/10/2023,2324,Osasuna,Real Madrid,Away,1,0,4,H,0
07/11/10,1011,Osasuna,Hercules,Home,5,3,0,H,0
07/11/2020,2021,Osasuna,Sevilla,Away,2,0,1,H,0
07/11/2021,2122,Osasuna,Sociedad,Home,2,0,2,A,0
07/12/08,809,Osasuna,Valladolid,Home,6,3,3,D,0
08/01/06,506,Osasuna,Santander,Home,3,1,1,D,0
08/02/09,809,Osasuna,Valencia,Home,2,1,0,H,0
08/03/09,809,Osasuna,Sp Gijon,Home,2,1,2,A,0
08/03/13,1213,Osasuna,Betis,Away,3,1,2,H,1
08/03/2020,1920,Osasuna,Espanol,Home,6,1,0,H,0
08/04/07,607,Osasuna,Real Madrid,Away,2,0,2,H,0
08/04/2023,2223,Osasuna,Elche,Home,6,2,1,H,0
08/05/10,910,Osasuna,Espanol,Away,2,1,2,H,0
08/05/11,1011,Osasuna,Zaragoza,Away,3,3,1,A,0
08/05/2021,2021,Osasuna,Ath Bilbao,Away,4,2,2,D,0
08/05/2022,2122,Osasuna,Espanol,Away,5,1,1,D,0
08/05/2026,2526,Osasuna,Levante,Away,3,2,3,H,1
08/07/2020,1920,Osasuna,Betis,Away,2,0,3,H,0
08/11/09,910,Osasuna,Almeria,Away,1,0,2,H,0
08/11/13,1314,Osasuna,Almeria,Home,5,0,1,A,0
08/11/2022,2223,Osasuna,Barcelona,Home,3,1,2,A,0
08/11/2025,2526,Osasuna,Sevilla,Away,3,0,1,H,0
08/12/07,708,Osasuna,Valencia,Home,5,0,0,D,0
08/12/12,1213,Osasuna,Valencia,Home,4,0,1,A,0
08/12/2019,1920,Osasuna,Sevilla,Home,1,1,1,D,1
08/12/2024,2425,Osasuna,Alaves,Home,8,2,2,D,0
08/12/2025,2526,Osasuna,Levante,Home,6,2,0,H,0
09/01/11,1011,Osasuna,Getafe,Home,3,0,0,D,0
09/01/17,1617,Osasuna,Valencia,Home,4,3,3,D,0
09/01/2021,2021,Osasuna,Real Madrid,Home,2,0,0,D,0
09/01/2022,2122,Osasuna,Cadiz,Home,5,2,0,H,0
09/01/2023,2223,Osasuna,Ath Bilbao,Away,1,0,0,D,0
09/02/13,1213,Osasuna,Mallorca,Away,3,1,1,D,0
09/02/14,1314,Osasuna,Getafe,Home,7,2,0,H,0
09/02/2020,1920,Osasuna,Real Madrid,Home,4,1,4,A,0
09/03/08,708,Osasuna,Almeria,Home,4,2,1,H,0
09/03/2024,2324,Osasuna,Girona,Away,1,0,2,H,0
09/04/06,506,Osasuna,Alaves,Away,4,2,1,A,1
09/04/17,1617,Osasuna,Leganes,Home,6,2,1,H,0
09/06/07,607,Osasuna,Betis,Away,5,5,0,A,0
09/09/06,607,Osasuna,Barcelona,Away,2,0,3,H,0
09/11/08,809,Osasuna,Ath Madrid,Home,4,0,0,D,0
09/11/2024,2425,Osasuna,Real Madrid,Away,0,0,4,H,0
10/01/10,910,Osasuna,La Coruna,Away,1,0,1,H,1
10/01/2026,2526,Osasuna,Girona,Away,1,0,1,H,0
10/02/08,708,Osasuna,Zaragoza,Home,5,1,0,H,0
10/02/2024,2324,Osasuna,Sociedad,Away,2,1,0,A,0
10/02/2025,2425,Osasuna,Mallorca,Away,4,1,1,D,0
10/03/14,1314,Osasuna,Malaga,Home,7,0,2,A,0
10/04/11,1011,Osasuna,Sp Gijon,Away,4,0,1,H,0
10/04/12,1112,Osasuna,Espanol,Home,4,2,0,H,0
10/04/2022,2122,Osasuna,Alaves,Home,4,1,0,H,0
10/05/09,809,Osasuna,Getafe,Away,2,0,3,H,1
10/09/05,506,Osasuna,Betis,Away,3,0,1,H,0
10/09/16,1617,Osasuna,Real Madrid,Away,3,2,5,H,1
10/11/12,1213,Osasuna,Espanol,Away,6,3,0,A,0
10/11/2019,1920,Osasuna,Getafe,Away,1,0,0,D,0
10/12/06,607,Osasuna,Mallorca,Home,5,3,0,H,0
10/12/16,1617,Osasuna,Barcelona,Home,1,0,3,A,0
10/12/2023,2324,Osasuna,Cadiz,Away,5,1,1,D,0
11/01/09,809,Osasuna,Barcelona,Home,5,2,3,A,0
11/02/06,506,Osasuna,Zaragoza,Home,4,1,1,D,0
11/02/07,607,Osasuna,Gimnastic,Away,4,3,2,A,0
11/02/12,1112,Osasuna,Barcelona,Home,3,3,2,H,0
11/02/17,1617,Osasuna,Real Madrid,Home,8,1,3,A,0
11/03/07,607,Osasuna,Valencia,Home,5,1,1,D,0
11/03/12,1112,Osasuna,Ath Bilbao,Home,6,2,1,H,0
11/03/2023,2223,Osasuna,Valencia,Away,0,0,1,H,0
11/04/10,910,Osasuna,Zaragoza,Home,6,2,0,H,1
11/04/14,1314,Osasuna,Valladolid,Home,1,0,0,D,0
11/04/2021,2021,Osasuna,Villarreal,Away,4,2,1,A,0
11/05/08,708,Osasuna,Murcia,Home,6,2,1,H,0
11/05/11,1011,Osasuna,Sevilla,Home,7,3,2,H,0
11/05/13,1213,Osasuna,Getafe,Home,4,1,0,H,0
11/05/14,1314,Osasuna,Espanol,Away,2,1,1,D,0
11/05/2021,2021,Osasuna,Cadiz,Home,4,3,2,H,0
11/05/2022,2122,Osasuna,Getafe,Home,1,1,1,D,0
11/05/2024,2324,Osasuna,Ath Bilbao,Away,3,2,2,D,0
11/05/2025,2425,Osasuna,Betis,Away,5,1,1,D,0
11/07/2020,1920,Osasuna,Celta,Home,5,2,1,H,0
11/09/10,1011,Osasuna,Real Madrid,Away,1,0,1,H,0
11/09/11,1112,Osasuna,Sp Gijon,Home,7,2,1,H,0
11/11/07,708,Osasuna,Recreativo,Away,3,0,1,H,0
11/11/2023,2324,Osasuna,Las Palmas,Home,3,1,1,D,0
11/12/05,506,Osasuna,Mallorca,Home,6,1,0,H,0
11/12/11,1112,Osasuna,Malaga,Away,1,1,1,D,0
11/12/2020,2021,Osasuna,Valladolid,Away,6,2,3,H,0
12/01/13,1213,Osasuna,Real Madrid,Home,2,0,0,D,0
12/01/14,1314,Osasuna,Betis,Away,3,2,1,A,1
12/01/2021,2021,Osasuna,Granada,Away,3,0,2,H,0
12/01/2025,2425,Osasuna,Ath Madrid,Away,1,0,1,H,0
12/02/2022,2122,Osasuna,Vallecano,Away,5,3,0,A,0
12/02/2023,2223,Osasuna,Valladolid,Away,4,0,0,D,0
12/03/06,506,Osasuna,Barcelona,Home,3,2,1,H,0
12/04/09,809,Osasuna,Ath Bilbao,Home,5,2,1,H,0
12/04/2026,2526,Osasuna,Betis,Home,4,1,1,D,0
12/05/2026,2526,Osasuna,Ath Madrid,Home,5,1,2,A,0
12/08/2022,2223,Osasuna,Sevilla,Home,5,2,1,H,0
12/09/2020,2021,Osasuna,Cadiz,Away,4,2,0,A,0
12/09/2021,2122,Osasuna,Valencia,Home,2,1,4,A,0
12/09/2022,2223,Osasuna,Almeria,Away,4,1,0,A,0
12/11/06,607,Osasuna,Real Madrid,Home,7,1,4,A,0
12/12/2021,2122,Osasuna,Barcelona,Home,3,2,2,D,0
13/01/08,708,Osasuna,Santander,Home,5,0,2,A,0
13/02/11,1011,Osasuna,Sociedad,Away,1,0,1,H,1
13/02/2026,2526,Osasuna,Elche,Away,2,0,0,D,0
13/03/11,1011,Osasuna,Santander,Home,3,3,1,H,1
13/03/17,1617,Osasuna,Eibar,Home,6,1,1,D,0
13/03/2021,2021,Osasuna,Valladolid,Home,2,0,0,D,0
13/03/2022,2122,Osasuna,Barcelona,Away,3,0,4,H,0
13/04/08,708,Osasuna,Espanol,Away,5,1,0,A,0
13/04/13,1213,Osasuna,Malaga,Away,1,0,1,H,0
13/04/2025,2425,Osasuna,Girona,Home,6,2,1,H,0
13/05/07,607,Osasuna,Villarreal,Home,5,1,4,A,0
13/05/12,1112,Osasuna,Santander,Away,13,4,2,A,0
13/05/17,1617,Osasuna,Granada,Home,7,2,1,H,0
13/05/2023,2223,Osasuna,Almeria,Home,7,3,1,H,0
13/08/2023,2324,Osasuna,Celta,Away,5,2,0,A,0
13/09/09,910,Osasuna,Tenerife,Away,3,1,2,H,2
13/11/10,1011,Osasuna,Ath Madrid,Away,5,0,3,H,1
13/12/09,910,Osasuna,Mallorca,Home,2,0,1,A,0
13/12/10,1011,Osasuna,Valencia,Away,4,3,3,D,0
13/12/2025,2526,Osasuna,Barcelona,Away,2,0,2,H,0
14/01/06,506,Osasuna,Valencia,Away,5,0,2,H,0
14/01/07,607,Osasuna,Betis,Home,11,5,1,H,0
14/01/2023,2223,Osasuna,Mallorca,Home,4,1,0,H,0
14/02/09,809,Osasuna,La Coruna,Away,1,0,0,D,0
14/02/10,910,Osasuna,Sevilla,Away,5,0,1,H,0
14/02/14,1314,Osasuna,Elche,Away,3,0,0,D,0
14/02/2021,2021,Osasuna,Levante,Away,2,1,0,A,0
14/04/10,910,Osasuna,Malaga,Home,2,2,2,D,1
14/04/2023,2223,Osasuna,Vallecano,Away,4,1,2,H,0
14/05/2024,2324,Osasuna,Mallorca,Home,4,1,1,D,0
14/06/2020,1920,Osasuna,Sociedad,Away,1,1,1,D,0
14/08/2021,2122,Osasuna,Espanol,Home,1,0,0,D,0
14/09/08,809,Osasuna,Mallorca,Away,7,1,1,D,0
14/09/2025,2526,Osasuna,Vallecano,Home,7,2,0,H,0
14/12/08,809,Osasuna,Recreativo,Away,7,0,1,H,0
14/12/13,1314,Osasuna,Real Madrid,Home,7,2,2,D,1
14/12/2019,1920,Osasuna,Ath Madrid,Away,3,0,2,H,0
14/12/2024,2425,Osasuna,Espanol,Away,0,0,0,D,0
15/01/11,1011,Osasuna,Villarreal,Away,4,2,4,H,0
15/01/12,1112,Osasuna,Santander,Home,2,0,2,A,0
15/01/17,1617,Osasuna,Granada,Away,3,1,1,D,0
15/02/2025,2425,Osasuna,Real Madrid,Home,4,1,1,D,0
15/03/09,809,Osasuna,Betis,Away,0,0,0,D,0
15/03/10,910,Osasuna,Ath Madrid,Away,5,0,1,H,0
15/03/2026,2526,Osasuna,Sociedad,Away,5,1,3,H,0
15/04/07,607,Osasuna,Recreativo,Home,3,1,1,D,0
15/04/12,1112,Osasuna,Betis,Away,1,0,1,H,1
15/04/17,1617,Osasuna,Ath Madrid,Away,0,0,3,H,0
15/04/2024,2324,Osasuna,Valencia,Home,2,0,1,A,0
15/05/11,1011,Osasuna,Getafe,Away,5,0,2,H,0
15/05/2022,2122,Osasuna,Ath Bilbao,Away,1,0,2,H,0
15/05/2025,2425,Osasuna,Ath Madrid,Home,3,2,0,H,0
15/09/13,1314,Osasuna,Getafe,Away,6,1,2,H,0
15/09/2019,1920,Osasuna,Valladolid,Away,5,1,1,D,0
15/10/06,607,Osasuna,Santander,Home,4,0,1,A,0
15/12/12,1213,Osasuna,Getafe,Away,3,1,1,D,1
15/12/2023,2324,Osasuna,Vallecano,Home,4,1,0,H,0
16/01/10,910,Osasuna,Espanol,Home,5,2,0,H,1
16/02/13,1213,Osasuna,Zaragoza,Home,3,1,0,H,0
16/02/2020,1920,Osasuna,Ath Bilbao,Away,2,1,0,A,0
16/03/08,708,Osasuna,Valladolid,Away,1,0,0,D,0
16/03/14,1314,Osasuna,Barcelona,Away,3,0,7,H,0
16/03/2024,2324,Osasuna,Real Madrid,Home,4,2,4,A,0
16/03/2025,2425,Osasuna,Getafe,Home,4,1,2,A,0
16/04/06,506,Osasuna,Malaga,Home,3,1,1,D,0
16/04/2022,2122,Osasuna,Valencia,Away,3,2,1,A,0
16/05/06,506,Osasuna,Valencia,Home,7,2,1,H,0
16/05/09,809,Osasuna,Sevilla,Home,3,0,0,D,1
16/05/10,910,Osasuna,Xerez,Home,4,1,1,D,0
16/05/2021,2021,Osasuna,Ath Madrid,Away,2,1,2,H,0
16/07/2020,1920,Osasuna,Barcelona,Away,5,2,1,A,1
16/09/07,708,Osasuna,Barcelona,Home,2,0,0,D,0
16/09/12,1213,Osasuna,Mallorca,Home,7,1,1,D,1
16/09/2024,2425,Osasuna,Vallecano,Away,2,1,3,H,0
16/10/05,506,Osasuna,Celta,Home,4,2,0,H,0
16/11/08,809,Osasuna,Ath Bilbao,Away,1,0,2,H,0
16/12/07,708,Osasuna,Real Madrid,Away,4,0,2,H,0
17/01/2026,2526,Osasuna,Oviedo,Home,5,3,2,H,1
17/02/08,708,Osasuna,Levante,Away,5,1,2,H,0
17/02/2024,2324,Osasuna,Cadiz,Home,4,2,0,H,0
17/03/07,607,Osasuna,Ath Bilbao,Away,3,3,0,A,0
17/03/12,1112,Osasuna,Zaragoza,Away,3,1,1,D,0
17/03/13,1213,Osasuna,Ath Madrid,Home,5,0,2,A,0
17/04/11,1011,Osasuna,Ath Bilbao,Home,2,1,2,A,1
17/05/2026,2526,Osasuna,Espanol,Home,8,1,2,A,0
17/06/07,607,Osasuna,Ath Madrid,Home,9,1,2,A,0
17/06/2020,1920,Osasuna,Ath Madrid,Home,3,0,5,A,0
17/08/2019,1920,Osasuna,Leganes,Away,2,1,0,A,0
17/08/2024,2425,Osasuna,Leganes,Home,5,1,1,D,0
17/09/06,607,Osasuna,Gimnastic,Home,2,2,0,H,0
17/09/11,1112,Osasuna,Barcelona,Away,1,0,8,H,0
17/09/2023,2324,Osasuna,Getafe,Away,3,2,3,H,0
17/10/10,1011,Osasuna,La Coruna,Away,2,0,0,D,1
17/10/11,1112,Osasuna,Ath Bilbao,Away,6,1,3,H,1
17/10/16,1617,Osasuna,Eibar,Away,4,3,2,A,0
17/10/2021,2122,Osasuna,Villarreal,Away,2,2,1,A,0
17/10/2022,2223,Osasuna,Villarreal,Away,3,0,2,H,0
17/11/12,1213,Osasuna,Malaga,Home,8,0,0,D,0
17/12/06,607,Osasuna,Villarreal,Away,6,4,1,A,0
18/01/09,809,Osasuna,Real Madrid,Away,3,1,3,H,1
18/01/14,1314,Osasuna,Granada,Away,0,0,0,D,0
18/01/2020,1920,Osasuna,Valladolid,Home,5,0,0,D,0
18/02/07,607,Osasuna,Celta,Home,3,0,1,A,0
18/02/12,1112,Osasuna,Sevilla,Away,3,0,2,H,0
18/02/2023,2223,Osasuna,Real Madrid,Home,4,0,2,A,0
18/03/17,1617,Osasuna,Betis,Away,5,0,2,H,0
18/04/2021,2021,Osasuna,Elche,Home,3,2,0,H,0
18/05/08,708,Osasuna,Santander,Away,0,0,1,H,0
18/05/13,1213,Osasuna,Granada,Away,5,0,3,H,1
18/05/14,1314,Osasuna,Betis,Home,3,2,1,H,0
18/05/2025,2425,Osasuna,Espanol,Home,3,2,0,H,0
18/08/13,1314,Osasuna,Granada,Home,5,1,2,A,0
18/09/05,506,Osasuna,Sevilla,Home,5,1,0,H,1
18/09/10,1011,Osasuna,Mallorca,Away,4,0,2,H,0
18/09/16,1617,Osasuna,Celta,Home,2,0,0,D,0
18/09/2021,2122,Osasuna,Alaves,Away,5,2,0,A,0
18/09/2022,2223,Osasuna,Getafe,Home,4,0,2,A,1
18/10/09,910,Osasuna,Ath Madrid,Home,6,3,0,H,0
18/10/2019,1920,Osasuna,Granada,Away,4,0,1,H,1
18/10/2020,2021,Osasuna,Eibar,Away,2,0,0,D,1
18/10/2025,2526,Osasuna,Ath Madrid,Away,2,0,1,H,0
18/12/05,506,Osasuna,Real Madrid,Away,1,1,1,D,1
18/12/11,1112,Osasuna,Villarreal,Home,6,2,1,H,0
18/12/16,1617,Osasuna,La Coruna,Away,3,0,2,H,0
19/01/2022,2122,Osasuna,Celta,Away,0,0,2,H,0
19/01/2025,2425,Osasuna,Vallecano,Home,3,1,1,D,0
19/02/06,506,Osasuna,Cadiz,Away,5,3,1,A,0
19/02/17,1617,Osasuna,Celta,Away,3,0,3,H,0
19/02/2022,2122,Osasuna,Ath Madrid,Home,4,0,3,A,0
19/03/06,506,Osasuna,Espanol,Away,8,4,2,A,0
19/03/2022,2122,Osasuna,Levante,Home,7,3,1,H,0
19/03/2023,2223,Osasuna,Villarreal,Home,2,0,3,A,0
19/04/09,809,Osasuna,Almeria,Away,5,1,2,H,0
19/04/10,910,Osasuna,Mallorca,Away,4,0,2,H,0
19/04/14,1314,Osasuna,Valencia,Home,3,1,1,D,0
19/05/2024,2324,Osasuna,Ath Madrid,Away,6,4,1,A,0
19/07/2020,1920,Osasuna,Mallorca,Home,5,2,2,D,0
19/08/16,1617,Osasuna,Malaga,Away,3,1,1,D,0
19/08/2023,2324,Osasuna,Ath Bilbao,Home,7,0,2,A,1
19/08/2025,2526,Osasuna,Real Madrid,Away,0,0,1,H,1
19/09/09,910,Osasuna,Sevilla,Home,3,0,2,A,1
19/09/2020,2021,Osasuna,Getafe,Away,3,0,1,H,0
19/10/08,809,Osasuna,Sp Gijon,Away,3,1,2,H,1
19/10/13,1314,Osasuna,Barcelona,Home,1,0,0,D,0
19/10/2024,2425,Osasuna,Betis,Home,6,1,2,A,0
19/11/05,506,Osasuna,Getafe,Away,2,0,0,D,0
19/11/06,607,Osasuna,Recreativo,Away,1,0,2,H,0
19/12/09,910,Osasuna,Ath Bilbao,Away,4,0,2,H,0
19/12/10,1011,Osasuna,Zaragoza,Home,5,0,0,D,0
19/12/2020,2021,Osasuna,Villarreal,Home,1,1,3,A,1
19/12/2021,2122,Osasuna,Getafe,Away,2,0,1,H,0
20/01/07,607,Osasuna,Ath Madrid,Away,0,0,1,H,4
20/01/08,708,Osasuna,Ath Bilbao,Home,7,2,0,H,0
20/01/13,1213,Osasuna,La Coruna,Home,4,2,1,H,0
20/02/11,1011,Osasuna,Espanol,Home,8,4,0,H,0
20/03/11,1011,Osasuna,Hercules,Away,7,4,0,A,0
20/03/12,1112,Osasuna,Getafe,Home,7,0,0,D,0
20/03/2021,2021,Osasuna,Huesca,Away,2,0,0,D,0
20/04/08,708,Osasuna,La Coruna,Home,5,0,1,A,0
20/04/2022,2122,Osasuna,Real Madrid,Home,3,1,3,A,0
20/04/2024,2324,Osasuna,Vallecano,Away,2,1,2,H,0
20/04/2025,2425,Osasuna,Valladolid,Away,6,3,2,A,0
20/05/07,607,Osasuna,Levante,Away,7,4,1,A,0
20/05/17,1617,Osasuna,Sevilla,Away,2,0,5,H,0
20/08/12,1213,Osasuna,La Coruna,Away,1,0,2,H,0
20/08/2022,2223,Osasuna,Cadiz,Home,3,2,0,H,0
20/09/11,1112,Osasuna,Sevilla,Home,8,0,0,D,0
20/09/13,1314,Osasuna,Elche,Home,3,2,1,H,0
20/09/2019,1920,Osasuna,Betis,Home,6,0,0,D,0
20/09/2025,2526,Osasuna,Villarreal,Away,3,1,2,H,1
20/10/2022,2223,Osasuna,Espanol,Home,5,1,0,H,0
20/10/2023,2324,Osasuna,Granada,Home,6,2,0,H,0
20/11/11,1112,Osasuna,Vallecano,Home,5,0,0,D,0
20/11/2020,2021,Osasuna,Huesca,Home,7,1,1,D,0
20/11/2021,2122,Osasuna,Ath Madrid,Away,3,0,1,H,0
20/12/06,607,Osasuna,Levante,Home,8,2,1,H,0
20/12/2025,2526,Osasuna,Alaves,Home,7,3,0,H,0
21/01/2021,2021,Osasuna,Valencia,Away,5,1,1,D,0
21/01/2024,2324,Osasuna,Getafe,Home,7,3,2,H,0
21/02/10,910,Osasuna,Valladolid,Home,1,1,1,D,0
21/02/2025,2425,Osasuna,Celta,Away,1,0,1,H,0
21/02/2026,2526,Osasuna,Real Madrid,Home,2,2,1,H,0
21/03/10,910,Osasuna,Santander,Home,6,1,3,A,0
21/03/2026,2526,Osasuna,Girona,Home,11,1,0,H,0
21/04/13,1213,Osasuna,Sociedad,Home,4,0,0,D,0
21/04/2021,2021,Osasuna,Valencia,Home,9,3,1,H,0
21/04/2026,2526,Osasuna,Ath Bilbao,Away,3,0,1,H,0
21/05/11,1011,Osasuna,Villarreal,Home,6,1,0,H,0
21/05/2023,2223,Osasuna,Ath Madrid,Away,2,0,3,H,0
21/06/2020,1920,Osasuna,Valencia,Away,3,0,2,H,0
21/09/05,506,Osasuna,Zaragoza,Away,3,1,3,H,0
21/09/08,809,Osasuna,Valencia,Away,2,0,1,H,1
21/09/10,1011,Osasuna,Sociedad,Home,5,3,1,H,0
21/09/2024,2425,Osasuna,Las Palmas,Home,2,2,1,H,0
21/10/07,708,Osasuna,Almeria,Away,3,0,2,H,1
21/10/12,1213,Osasuna,Betis,Home,2,0,0,D,0
21/10/16,1617,Osasuna,Betis,Home,5,1,2,A,1
21/11/10,1011,Osasuna,Sp Gijon,Home,2,1,0,H,0
21/11/16,1617,Osasuna,Leganes,Away,2,0,2,H,0
21/12/08,809,Osasuna,Getafe,Home,8,5,2,H,0
21/12/2023,2324,Osasuna,Mallorca,Away,7,2,3,H,0
21/12/2024,2425,Osasuna,Ath Bilbao,Home,3,1,2,A,0
22/01/06,506,Osasuna,Villarreal,Away,1,1,2,H,0
22/01/12,1112,Osasuna,Valencia,Home,5,1,1,D,0
22/01/17,1617,Osasuna,Sevilla,Home,7,3,4,A,0
22/01/2023,2223,Osasuna,Elche,Away,4,1,1,D,0
22/02/09,809,Osasuna,Numancia,Home,6,2,0,H,0
22/02/2021,2021,Osasuna,Sevilla,Home,0,0,2,A,0
22/03/06,506,Osasuna,Sociedad,Home,4,2,0,H,0
22/03/09,809,Osasuna,Espanol,Home,4,1,0,H,0
22/04/07,607,Osasuna,La Coruna,Away,4,0,1,H,0
22/04/09,809,Osasuna,Malaga,Home,4,2,3,A,3
22/04/17,1617,Osasuna,Sp Gijon,Home,1,2,2,D,0
22/04/2023,2223,Osasuna,Betis,Home,5,3,2,H,0
22/05/2021,2021,Osasuna,Sociedad,Home,1,0,1,A,0
22/05/2022,2122,Osasuna,Mallorca,Home,1,0,2,A,0
22/09/12,1213,Osasuna,Zaragoza,Away,3,1,3,H,0
22/09/16,1617,Osasuna,Espanol,Home,11,1,2,A,0
22/10/05,506,Osasuna,Barcelona,Away,1,0,3,H,0
22/10/06,607,Osasuna,Valencia,Away,5,0,1,H,0
22/10/2021,2122,Osasuna,Granada,Home,6,1,1,D,1
22/11/09,910,Osasuna,Valencia,Home,2,1,3,A,2
22/11/13,1314,Osasuna,Valladolid,Away,3,1,0,A,0
22/11/2025,2526,Osasuna,Sociedad,Home,4,1,3,A,1
22/12/05,506,Osasuna,Ath Madrid,Home,8,2,1,H,0
22/12/12,1213,Osasuna,Granada,Home,4,1,2,A,0
22/12/13,1314,Osasuna,Celta,Away,4,1,1,D,0
22/12/2019,1920,Osasuna,Sociedad,Home,7,3,4,A,1
22/12/2020,2021,Osasuna,Elche,Away,6,2,2,D,1
23/01/11,1011,Osasuna,Almeria,Away,5,2,3,H,0
23/01/2022,2122,Osasuna,Granada,Away,7,2,0,A,0
23/02/14,1314,Osasuna,Ath Madrid,Home,4,3,0,H,0
23/02/2020,1920,Osasuna,Granada,Home,1,0,3,A,0
23/03/08,708,Osasuna,Betis,Home,6,0,1,A,1
23/03/14,1314,Osasuna,Sevilla,Home,3,1,2,A,0
23/04/06,506,Osasuna,Mallorca,Away,2,1,0,A,0
23/04/11,1011,Osasuna,Barcelona,Away,5,0,2,H,0
23/04/12,1112,Osasuna,Malaga,Home,4,1,1,D,0
23/05/09,809,Osasuna,Barcelona,Away,4,1,0,A,0
23/05/2026,2526,Osasuna,Getafe,Away,5,0,1,H,0
23/08/13,1314,Osasuna,Ath Bilbao,Away,5,0,2,H,0
23/08/2021,2122,Osasuna,Celta,Home,7,0,0,D,0
23/09/07,708,Osasuna,Zaragoza,Away,4,1,2,H,0
23/09/09,910,Osasuna,Valladolid,Away,3,2,1,A,0
23/09/2021,2122,Osasuna,Betis,Home,3,1,3,A,0
23/09/2023,2324,Osasuna,Sevilla,Home,2,0,0,D,0
23/10/11,1112,Osasuna,Zaragoza,Home,7,3,0,H,0
23/10/2022,2223,Osasuna,Girona,Away,2,1,1,D,0
23/11/08,809,Osasuna,Almeria,Home,8,3,1,H,0
23/11/12,1213,Osasuna,Sociedad,Away,5,0,0,D,0
23/12/07,708,Osasuna,Mallorca,Home,5,3,1,H,0
24/01/09,809,Osasuna,Villarreal,Away,4,1,1,D,0
24/01/10,910,Osasuna,Xerez,Away,7,2,1,A,0
24/01/2020,1920,Osasuna,Levante,Home,3,2,0,H,0
24/01/2021,2021,Osasuna,Granada,Home,4,3,1,H,1
24/01/2025,2425,Osasuna,Las Palmas,Away,4,1,1,D,0
24/01/2026,2526,Osasuna,Vallecano,Away,5,3,1,A,0
24/02/08,708,Osasuna,Ath Madrid,Home,10,3,1,H,0
24/03/10,910,Osasuna,Barcelona,Away,1,0,2,H,0
24/04/2025,2425,Osasuna,Sevilla,Home,2,1,0,H,0
24/05/2025,2425,Osasuna,Alaves,Away,5,1,1,D,0
24/06/2020,1920,Osasuna,Alaves,Away,1,1,0,A,0
24/08/2019,1920,Osasuna,Eibar,Home,2,0,0,D,0
24/08/2024,2425,Osasuna,Mallorca,Home,5,1,0,H,0
24/08/2025,2526,Osasuna,Valencia,Home,4,1,0,H,0
24/09/06,607,Osasuna,Celta,Away,3,2,0,A,0
24/09/08,809,Osasuna,La Coruna,Home,2,0,0,D,0
24/09/13,1314,Osasuna,Ath Madrid,Away,1,1,2,H,0
24/09/2024,2425,Osasuna,Valencia,Away,2,0,0,D,0
24/10/10,1011,Osasuna,Malaga,Home,8,3,0,H,0
24/10/2020,2021,Osasuna,Ath Bilbao,Home,2,1,0,H,0
24/11/2019,1920,Osasuna,Ath Bilbao,Home,7,1,2,A,0
24/11/2024,2425,Osasuna,Villarreal,Home,3,2,2,D,0
25/02/07,607,Osasuna,Espanol,Home,2,0,2,A,0
25/02/13,1213,Osasuna,Levante,Away,6,2,0,A,0
25/02/2024,2324,Osasuna,Las Palmas,Away,2,1,1,D,0
25/03/06,506,Osasuna,Ath Bilbao,Away,2,0,1,H,1
25/03/12,1112,Osasuna,Levante,Away,6,2,0,A,0
25/04/2021,2021,Osasuna,Celta,Away,3,1,2,H,0
25/04/2023,2223,Osasuna,Cadiz,Away,4,1,0,A,1
25/05/2023,2223,Osasuna,Ath Bilbao,Home,3,2,0,H,0
25/05/2024,2324,Osasuna,Villarreal,Home,6,1,1,D,0
25/09/05,506,Osasuna,Cadiz,Home,7,2,0,H,0
25/09/11,1112,Osasuna,Granada,Away,6,1,1,D,0
25/09/16,1617,Osasuna,Villarreal,Away,3,1,3,H,0
25/09/2019,1920,Osasuna,Real Madrid,Away,0,0,2,H,0
25/09/2025,2526,Osasuna,Elche,Home,2,1,1,D,0
25/10/08,809,Osasuna,Betis,Home,6,0,2,A,0
25/10/09,910,Osasuna,Santander,Away,2,1,1,D,0
25/11/07,708,Osasuna,Espanol,Home,4,1,2,A,0
26/01/08,708,Osasuna,Sevilla,Away,4,1,2,H,2
26/01/14,1314,Osasuna,Ath Bilbao,Home,1,1,5,A,1
26/02/06,506,Osasuna,La Coruna,Home,4,1,2,A,0
26/02/12,1112,Osasuna,Granada,Home,4,2,1,H,1
26/02/17,1617,Osasuna,Espanol,Away,1,0,3,H,1
26/02/2023,2223,Osasuna,Sevilla,Away,4,3,2,A,0
26/03/14,1314,Osasuna,Vallecano,Away,2,0,1,H,0
26/04/09,809,Osasuna,Valladolid,Away,1,0,0,D,0
26/04/10,910,Osasuna,Ath Bilbao,Home,3,0,0,D,0
26/04/13,1213,Osasuna,Vallecano,Away,5,2,2,D,0
26/04/14,1314,Osasuna,Real Madrid,Away,0,0,4,H,0
26/04/17,1617,Osasuna,Barcelona,Away,2,1,7,H,0
26/04/2026,2526,Osasuna,Sevilla,Home,7,2,1,H,0
26/05/13,1213,Osasuna,Sevilla,Home,5,2,1,H,0
26/08/07,708,Osasuna,Ath Bilbao,Away,2,0,0,D,0
26/08/12,1213,Osasuna,Barcelona,Home,5,1,2,A,1
26/08/2022,2223,Osasuna,Betis,Away,2,0,1,H,0
26/09/07,708,Osasuna,Levante,Home,7,4,1,H,0
26/09/10,1011,Osasuna,Espanol,Away,2,0,1,H,1
26/09/2021,2122,Osasuna,Mallorca,Away,6,3,2,A,0
26/10/05,506,Osasuna,Ath Bilbao,Home,7,3,2,H,0
26/10/11,1112,Osasuna,Getafe,Away,3,2,2,D,0
26/10/2025,2526,Osasuna,Celta,Home,7,2,3,A,0
26/11/06,607,Osasuna,La Coruna,Home,7,4,1,H,0
26/11/2023,2324,Osasuna,Villarreal,Away,7,1,3,H,0
27/01/13,1213,Osasuna,Barcelona,Away,1,1,5,H,1
27/01/17,1617,Osasuna,Malaga,Home,2,1,1,D,0
27/02/11,1011,Osasuna,Levante,Away,4,1,2,H,0
27/02/2021,2021,Osasuna,Alaves,Away,3,1,0,A,0
27/02/2022,2122,Osasuna,Sociedad,Away,1,0,1,H,0
27/03/2025,2425,Osasuna,Barcelona,Away,0,0,3,H,0
27/04/08,708,Osasuna,Valencia,Away,1,0,3,H,1
27/05/07,607,Osasuna,Sociedad,Home,2,2,0,H,0
27/06/2020,1920,Osasuna,Leganes,Home,5,2,1,H,0
27/08/06,607,Osasuna,Getafe,Home,7,0,2,A,0
27/08/16,1617,Osasuna,Sociedad,Home,3,0,2,A,0
27/08/2023,2324,Osasuna,Valencia,Away,2,2,1,A,0
27/09/09,910,Osasuna,Sp Gijon,Home,2,1,0,H,0
27/09/2020,2021,Osasuna,Levante,Home,4,1,3,A,0
27/10/13,1314,Osasuna,Sevilla,Away,3,1,2,H,1
27/10/2019,1920,Osasuna,Valencia,Home,13,3,1,H,0
27/10/2021,2122,Osasuna,Real Madrid,Away,0,0,0,D,0
27/10/2024,2425,Osasuna,Sociedad,Away,4,2,0,A,0
27/11/05,506,Osasuna,Alaves,Home,7,3,2,H,0
27/11/11,1112,Osasuna,Espanol,Away,3,2,1,A,1
27/11/16,1617,Osasuna,Ath Madrid,Home,1,0,3,A,0
28/01/07,607,Osasuna,Getafe,Away,2,0,2,H,1
28/01/2024,2324,Osasuna,Sevilla,Away,4,1,1,D,0
28/02/10,910,Osasuna,Sp Gijon,Away,5,2,3,H,0
28/03/10,910,Osasuna,Almeria,Home,11,1,0,H,0
28/04/12,1112,Osasuna,Villarreal,Away,2,1,1,D,0
28/04/2023,2223,Osasuna,Sociedad,Home,1,0,2,A,0
28/04/2024,2324,Osasuna,Granada,Away,2,0,3,H,0
28/05/2023,2223,Osasuna,Getafe,Away,2,1,2,H,0
28/08/05,506,Osasuna,Villarreal,Home,4,2,1,H,0
28/08/11,1112,Osasuna,Ath Madrid,Away,2,0,0,D,0
28/09/08,809,Osasuna,Numancia,Away,1,0,0,D,0
28/09/2023,2324,Osasuna,Ath Madrid,Home,2,0,2,A,1
28/09/2024,2425,Osasuna,Barcelona,Home,6,4,2,H,0
28/09/2025,2526,Osasuna,Betis,Away,1,0,2,H,0
28/10/07,708,Osasuna,Valladolid,Home,3,2,2,D,1
28/10/12,1213,Osasuna,Ath Madrid,Away,4,1,3,H,0
28/11/10,1011,Osasuna,Ath Bilbao,Away,3,0,1,H,0
29/01/06,506,Osasuna,Betis,Home,3,0,2,A,0
29/01/2023,2223,Osasuna,Ath Madrid,Home,4,0,1,A,0
29/04/07,607,Osasuna,Zaragoza,Home,8,2,2,D,0
29/08/10,1011,Osasuna,Almeria,Home,2,0,0,D,0
29/08/2021,2122,Osasuna,Cadiz,Away,4,3,2,A,0
29/08/2024,2425,Osasuna,Girona,Away,0,0,4,H,0
29/09/13,1314,Osasuna,Levante,Home,5,0,1,A,1
29/09/2019,1920,Osasuna,Levante,Away,3,1,1,D,0
29/10/06,607,Osasuna,Ath Bilbao,Home,3,1,1,D,0
29/10/2023,2324,Osasuna,Betis,Away,1,1,2,H,0
29/11/09,910,Osasuna,Zaragoza,Away,4,1,0,A,0
29/11/2020,2021,Osasuna,Barcelona,Away,5,0,4,H,0
29/11/2021,2122,Osasuna,Elche,Home,4,1,1,D,0
29/11/2025,2526,Osasuna,Mallorca,Away,2,2,2,D,0
30/01/11,1011,Osasuna,Real Madrid,Home,3,1,0,H,0
30/01/12,1112,Osasuna,Ath Madrid,Home,7,0,1,A,0
30/03/08,708,Osasuna,Getafe,Away,6,2,0,A,0
30/03/14,1314,Osasuna,Sociedad,Home,4,1,1,D,0
30/03/2024,2324,Osasuna,Almeria,Away,4,3,0,A,0
30/03/2025,2425,Osasuna,Ath Bilbao,Away,2,0,0,D,0
30/04/06,506,Osasuna,Real Madrid,Home,2,0,1,A,0
30/04/17,1617,Osasuna,La Coruna,Home,5,2,2,D,0
30/08/09,910,Osasuna,Villarreal,Home,2,1,1,D,0
30/09/07,708,Osasuna,Ath Madrid,Away,2,0,2,H,0
30/09/12,1213,Osasuna,Levante,Home,8,4,0,H,0
30/10/05,506,Osasuna,Espanol,Home,7,2,0,H,0
30/10/11,1112,Osasuna,Levante,Home,5,2,0,H,1
30/10/13,1314,Osasuna,Vallecano,Home,6,3,1,H,1
30/10/16,1617,Osasuna,Ath Bilbao,Away,3,1,1,D,0
30/10/2021,2122,Osasuna,Sevilla,Away,3,0,2,H,0
30/10/2022,2223,Osasuna,Valladolid,Home,10,2,0,H,0
30/11/08,809,Osasuna,Malaga,Away,3,2,4,H,0
30/11/12,1213,Osasuna,Vallecano,Home,3,1,0,H,0
31/01/10,910,Osasuna,Villarreal,Away,4,2,0,A,0
31/01/2024,2324,Osasuna,Barcelona,Away,1,0,1,H,1
31/01/2026,2526,Osasuna,Villarreal,Home,5,2,2,D,0
31/03/12,1112,Osasuna,Real Madrid,Home,1,1,5,A,1
31/03/13,1213,Osasuna,Valladolid,Away,7,3,1,A,0
31/03/2023,2223,Osasuna,Mallorca,Away,2,0,0,D,0
31/05/09,809,Osasuna,Real Madrid,Home,7,2,1,H,0
31/08/08,809,Osasuna,Villarreal,Home,1,1,1,D,1
31/08/13,1314,Osasuna,Villarreal,Home,3,0,3,A,0
31/08/2019,1920,Osasuna,Barcelona,Home,5,2,2,D,0
31/08/2025,2526,Osasuna,Espanol,Away,3,0,1,H,0
31/10/07,708,Osasuna,Betis,Away,4,3,0,A,0
31/10/09,910,Osasuna,Barcelona,Home,3,1,1,D,0
31/10/10,1011,Osasuna,Santander,Away,4,1,4,H,0
31/10/2019,1920,Osasuna,Mallorca,Away,4,2,2,D,0
31/10/2020,2021,Osasuna,Ath Madrid,Home,3,1,3,A,0
31/12/2020,2021,Osasuna,Alaves,Home,3,1,1,D,1
31/12/2022,2223,Osasuna,Sociedad,Away,3,0,2,H,0
03/05/2026,2526,Oviedo,Betis,Away,5,0,3,H,0
03/11/2025,2526,Oviedo,Osasuna,Home,2,0,0,D,0
04/01/2026,2526,Oviedo,Alaves,Away,6,1,1,D,1
04/03/2026,2526,Oviedo,Vallecano,Away,2,0,3,H,0
04/10/2025,2526,Oviedo,Levante,Home,2,0,2,A,0
05/04/2026,2526,Oviedo,Sevilla,Home,4,1,0,H,0
05/12/2025,2526,Oviedo,Mallorca,Home,3,0,0,D,2
09/03/2026,2526,Oviedo,Espanol,Away,3,1,1,D,0
09/11/2025,2526,Oviedo,Ath Bilbao,Away,2,0,1,H,0
10/01/2026,2526,Oviedo,Betis,Home,3,1,1,D,0
10/05/2026,2526,Oviedo,Getafe,Home,4,0,0,D,2
12/04/2026,2526,Oviedo,Celta,Away,5,3,0,A,0
13/09/2025,2526,Oviedo,Getafe,Away,1,0,2,H,1
14/03/2026,2526,Oviedo,Valencia,Home,6,1,0,H,0
14/05/2026,2526,Oviedo,Real Madrid,Away,1,0,2,H,0
14/12/2025,2526,Oviedo,Sevilla,Away,1,0,4,H,1
15/02/2026,2526,Oviedo,Ath Bilbao,Home,1,1,2,A,0
15/08/2025,2526,Oviedo,Villarreal,Away,4,0,2,H,1
17/01/2026,2526,Oviedo,Osasuna,Away,5,2,3,H,0
17/05/2026,2526,Oviedo,Alaves,Home,0,0,1,A,0
17/10/2025,2526,Oviedo,Espanol,Home,4,0,2,A,0
20/12/2025,2526,Oviedo,Celta,Home,3,0,0,D,0
21/02/2026,2526,Oviedo,Sociedad,Away,6,3,3,D,0
21/03/2026,2526,Oviedo,Levante,Away,2,2,4,H,0
21/09/2025,2526,Oviedo,Elche,Away,4,0,1,H,0
23/04/2026,2526,Oviedo,Villarreal,Home,4,1,1,D,0
23/05/2026,2526,Oviedo,Mallorca,Away,0,0,3,H,0
23/11/2025,2526,Oviedo,Vallecano,Home,3,0,0,D,1
24/08/2025,2526,Oviedo,Real Madrid,Home,3,0,3,A,0
25/01/2026,2526,Oviedo,Barcelona,Away,3,0,3,H,0
25/09/2025,2526,Oviedo,Barcelona,Home,3,1,3,A,0
25/10/2025,2526,Oviedo,Girona,Away,5,3,3,D,0
26/04/2026,2526,Oviedo,Elche,Home,3,1,2,A,0
28/02/2026,2526,Oviedo,Ath Madrid,Home,6,0,1,A,0
29/11/2025,2526,Oviedo,Ath Madrid,Away,1,0,2,H,0
30/08/2025,2526,Oviedo,Sociedad,Home,1,1,0,H,0
30/09/2025,2526,Oviedo,Valencia,Away,4,2,1,A,1
31/01/2026,2526,Oviedo,Girona,Home,4,1,0,H,0
01/02/2020,1920,Real Madrid,Ath Madrid,Home,5,1,0,H,0
01/02/2024,2324,Real Madrid,Getafe,Away,9,2,0,A,0
01/02/2025,2425,Real Madrid,Espanol,Away,7,0,1,H,0
01/02/2026,2526,Real Madrid,Vallecano,Home,6,2,1,H,0
01/03/08,708,Real Madrid,Recreativo,Away,5,3,2,A,1
01/03/15,1415,Real Madrid,Villarreal,Home,7,1,1,D,0
01/03/17,1617,Real Madrid,Las Palmas,Home,7,3,3,D,1
01/03/2020,1920,Real Madrid,Barcelona,Home,5,2,0,H,0
01/03/2021,2021,Real Madrid,Sociedad,Home,2,1,1,D,0
01/03/2025,2425,Real Madrid,Betis,Away,2,1,2,H,0
01/04/06,506,Real Madrid,Barcelona,Away,1,1,1,D,1
01/04/07,607,Real Madrid,Celta,Away,6,2,1,A,1
01/05/2021,2021,Real Madrid,Osasuna,Home,6,2,0,H,0
01/06/13,1213,Real Madrid,Osasuna,Home,9,4,2,H,0
01/09/13,1314,Real Madrid,Ath Bilbao,Home,7,3,1,H,0
01/09/2018,1819,Real Madrid,Leganes,Home,8,4,1,H,0
01/09/2019,1920,Real Madrid,Villarreal,Away,5,2,2,D,1
01/09/2024,2425,Real Madrid,Betis,Home,8,2,0,H,0
01/10/06,607,Real Madrid,Ath Madrid,Home,2,1,1,D,1
01/10/17,1718,Real Madrid,Espanol,Home,8,2,0,H,0
01/11/14,1415,Real Madrid,Granada,Away,8,4,0,A,0
01/11/2025,2526,Real Madrid,Valencia,Home,11,4,0,H,0
01/12/07,708,Real Madrid,Santander,Home,5,3,1,H,0
01/12/12,1213,Real Madrid,Ath Madrid,Home,6,2,0,H,0
01/12/2018,1819,Real Madrid,Valencia,Home,3,2,0,H,0
01/12/2021,2122,Real Madrid,Ath Bilbao,Home,7,1,0,H,0
01/12/2024,2425,Real Madrid,Getafe,Home,4,2,0,H,0
02/01/2021,2021,Real Madrid,Celta,Home,2,2,0,H,0
02/01/2022,2122,Real Madrid,Getafe,Away,4,0,1,H,0
02/02/08,708,Real Madrid,Almeria,Away,7,0,2,H,0
02/02/13,1213,Real Madrid,Granada,Away,4,0,1,H,0
02/02/14,1314,Real Madrid,Ath Bilbao,Away,3,1,1,D,1
02/02/2023,2223,Real Madrid,Valencia,Home,7,2,0,H,0
02/03/13,1213,Real Madrid,Barcelona,Home,6,2,1,H,0
02/03/14,1314,Real Madrid,Ath Madrid,Away,6,2,2,D,0
02/03/16,1516,Real Madrid,Levante,Away,8,3,1,A,0
02/03/2019,1819,Real Madrid,Barcelona,Home,3,0,1,A,0
02/03/2024,2324,Real Madrid,Valencia,Away,5,2,2,D,1
02/03/2026,2526,Real Madrid,Getafe,Home,7,0,1,A,1
02/04/11,1011,Real Madrid,Sp Gijon,Home,13,0,1,A,0
02/04/16,1516,Real Madrid,Barcelona,Away,6,2,1,A,1
02/04/17,1617,Real Madrid,Alaves,Home,6,3,0,H,0
02/04/2022,2122,Real Madrid,Celta,Away,6,2,1,A,0
02/04/2023,2223,Real Madrid,Valladolid,Home,17,6,0,H,0
02/05/09,809,Real Madrid,Barcelona,Home,4,2,6,A,0
02/05/10,910,Real Madrid,Osasuna,Home,12,3,2,H,0
02/05/12,1112,Real Madrid,Ath Bilbao,Away,10,3,0,A,0
02/05/15,1415,Real Madrid,Sevilla,Away,5,3,2,A,0
02/05/2023,2223,Real Madrid,Sociedad,Away,5,0,2,H,1
02/07/2020,1920,Real Madrid,Getafe,Home,4,1,0,H,0
02/09/07,708,Real Madrid,Villarreal,Away,6,5,0,A,0
02/09/12,1213,Real Madrid,Granada,Home,8,3,0,H,0
02/09/2023,2324,Real Madrid,Getafe,Home,12,2,1,H,0
02/10/05,506,Real Madrid,Mallorca,Home,8,4,0,H,0
02/10/11,1112,Real Madrid,Espanol,Away,7,4,0,A,0
02/10/16,1617,Real Madrid,Eibar,Home,3,1,1,D,0
02/10/2022,2223,Real Madrid,Osasuna,Home,4,1,1,D,0
02/11/08,809,Real Madrid,Almeria,Away,6,1,1,D,0
02/11/13,1314,Real Madrid,Vallecano,Away,5,3,2,A,0
02/11/2019,1920,Real Madrid,Betis,Home,7,0,0,D,0
02/12/17,1718,Real Madrid,Ath Bilbao,Away,4,0,0,D,1
02/12/2023,2324,Real Madrid,Granada,Home,4,2,0,H,0
03/01/10,910,Real Madrid,Osasuna,Away,4,0,0,D,0
03/01/11,1011,Real Madrid,Getafe,Away,5,3,2,A,1
03/01/16,1516,Real Madrid,Valencia,Away,4,2,2,D,1
03/01/2019,1819,Real Madrid,Villarreal,Away,7,2,2,D,0
03/01/2024,2324,Real Madrid,Mallorca,Home,5,1,0,H,0
03/01/2025,2425,Real Madrid,Valencia,Away,5,2,1,A,1
03/02/18,1718,Real Madrid,Levante,Away,9,2,2,D,0
03/02/2019,1819,Real Madrid,Alaves,Home,8,3,0,H,0
03/03/11,1011,Real Madrid,Malaga,Home,13,7,0,H,0
03/03/18,1718,Real Madrid,Getafe,Home,6,3,1,H,0
03/04/2019,1819,Real Madrid,Valencia,Away,5,1,2,H,0
03/04/2021,2021,Real Madrid,Eibar,Home,8,2,0,H,0
03/05/2026,2526,Real Madrid,Espanol,Away,5,2,0,A,0
03/09/2022,2223,Real Madrid,Betis,Home,4,2,1,H,0
03/10/10,1011,Real Madrid,La Coruna,Home,8,6,1,H,0
03/10/2021,2122,Real Madrid,Espanol,Away,4,1,2,H,0
03/11/07,708,Real Madrid,Sevilla,Away,1,0,2,H,1
03/11/12,1213,Real Madrid,Zaragoza,Home,11,4,0,H,0
03/11/2018,1819,Real Madrid,Valladolid,Home,7,2,0,H,0
03/12/05,506,Real Madrid,Getafe,Home,1,1,0,H,1
03/12/06,607,Real Madrid,Ath Bilbao,Home,6,2,1,H,0
03/12/11,1112,Real Madrid,Sp Gijon,Away,7,3,0,A,0
03/12/16,1617,Real Madrid,Barcelona,Away,5,1,1,D,0
03/12/2025,2526,Real Madrid,Ath Bilbao,Away,8,3,0,A,0
04/01/09,809,Real Madrid,Villarreal,Home,6,1,0,H,0
04/01/15,1415,Real Madrid,Valencia,Away,8,1,2,H,0
04/01/2020,1920,Real Madrid,Getafe,Away,8,3,0,A,0
04/01/2026,2526,Real Madrid,Betis,Home,9,5,1,H,0
04/02/06,506,Real Madrid,Espanol,Home,10,4,0,H,0
04/02/07,607,Real Madrid,Levante,Home,6,0,1,A,0
04/02/12,1112,Real Madrid,Getafe,Away,5,1,0,A,0
04/02/15,1415,Real Madrid,Sevilla,Home,4,2,1,H,0
04/02/2024,2324,Real Madrid,Ath Madrid,Home,4,1,1,D,0
04/03/06,506,Real Madrid,Ath Madrid,Home,3,2,1,H,0
04/03/07,607,Real Madrid,Getafe,Home,8,1,1,D,0
04/03/12,1112,Real Madrid,Espanol,Home,12,5,0,H,0
04/03/17,1617,Real Madrid,Eibar,Away,7,4,1,A,0
04/04/09,809,Real Madrid,Malaga,Away,5,1,0,A,0
04/04/10,910,Real Madrid,Santander,Away,4,2,0,A,0
04/04/2026,2526,Real Madrid,Mallorca,Away,6,1,2,H,0
04/05/06,506,Real Madrid,Santander,Away,6,3,2,A,0
04/05/08,708,Real Madrid,Osasuna,Away,6,2,1,A,1
04/05/13,1213,Real Madrid,Valladolid,Home,11,4,3,H,0
04/05/14,1314,Real Madrid,Valencia,Home,11,2,2,D,0
04/05/2024,2324,Real Madrid,Cadiz,Home,9,3,0,H,0
04/05/2025,2425,Real Madrid,Celta,Home,6,3,2,H,0
04/06/2023,2223,Real Madrid,Ath Bilbao,Home,2,1,1,D,0
04/10/09,910,Real Madrid,Sevilla,Away,3,1,2,H,0
04/10/15,1516,Real Madrid,Ath Madrid,Away,2,1,1,D,0
04/10/2020,2021,Real Madrid,Levante,Away,3,2,0,A,0
04/10/2025,2526,Real Madrid,Villarreal,Home,7,3,1,H,0
04/12/10,1011,Real Madrid,Valencia,Home,11,2,0,H,0
04/12/2021,2122,Real Madrid,Sociedad,Away,8,2,0,A,0
04/12/2024,2425,Real Madrid,Ath Bilbao,Away,5,1,2,H,0
05/02/2023,2223,Real Madrid,Mallorca,Away,1,0,1,H,0
05/03/16,1516,Real Madrid,Celta,Home,12,7,1,H,0
05/03/2022,2122,Real Madrid,Sociedad,Home,8,4,1,H,0
05/03/2023,2223,Real Madrid,Betis,Away,5,0,0,D,0
05/04/08,708,Real Madrid,Mallorca,Away,6,1,1,D,1
05/04/14,1314,Real Madrid,Sociedad,Away,7,4,0,A,0
05/04/15,1415,Real Madrid,Granada,Home,11,9,1,H,0
05/04/17,1617,Real Madrid,Leganes,Away,8,4,2,A,0
05/04/2025,2425,Real Madrid,Valencia,Home,9,1,2,A,0
05/05/10,910,Real Madrid,Mallorca,Away,9,4,1,A,0
05/05/12,1112,Real Madrid,Granada,Away,3,2,1,A,0
05/05/2019,1819,Real Madrid,Villarreal,Home,11,3,2,H,0
05/07/2020,1920,Real Madrid,Ath Bilbao,Away,4,1,0,A,0
05/10/08,809,Real Madrid,Espanol,Home,6,2,2,D,0
05/10/13,1314,Real Madrid,Levante,Away,10,3,2,A,0
05/10/14,1415,Real Madrid,Ath Bilbao,Home,14,5,0,H,0
05/10/2019,1920,Real Madrid,Granada,Home,10,4,2,H,0
05/10/2024,2425,Real Madrid,Villarreal,Home,2,2,0,H,0
05/11/06,607,Real Madrid,Celta,Home,6,1,2,A,0
05/11/17,1718,Real Madrid,Las Palmas,Home,9,3,0,H,0
05/11/2023,2324,Real Madrid,Vallecano,Home,5,0,0,D,0
05/12/09,910,Real Madrid,Almeria,Home,14,4,2,H,1
05/12/15,1516,Real Madrid,Getafe,Home,8,4,1,H,0
05/12/2020,2021,Real Madrid,Sevilla,Away,3,1,0,A,0
06/01/08,708,Real Madrid,Zaragoza,Home,3,2,0,H,0
06/01/13,1213,Real Madrid,Sociedad,Home,9,4,3,H,1
06/01/14,1314,Real Madrid,Celta,Home,8,3,0,H,0
06/01/2019,1819,Real Madrid,Sociedad,Home,8,0,2,A,1
06/02/10,910,Real Madrid,Espanol,Home,8,3,0,H,0
06/02/11,1011,Real Madrid,Sociedad,Home,8,4,1,H,0
06/02/2021,2021,Real Madrid,Huesca,Away,7,2,1,A,0
06/02/2022,2122,Real Madrid,Granada,Home,11,1,0,H,0
06/03/10,910,Real Madrid,Sevilla,Home,13,3,2,H,0
06/03/11,1011,Real Madrid,Santander,Away,8,3,1,A,0
06/03/2026,2526,Real Madrid,Celta,Away,3,2,1,A,0
06/04/13,1213,Real Madrid,Levante,Home,12,5,1,H,0
06/04/2019,1819,Real Madrid,Eibar,Home,7,2,1,H,0
06/05/07,607,Real Madrid,Sevilla,Home,6,3,2,H,1
06/05/17,1617,Real Madrid,Granada,Away,8,4,0,A,0
06/05/18,1718,Real Madrid,Barcelona,Away,5,2,2,D,0
06/10/2018,1819,Real Madrid,Alaves,Away,6,0,1,H,0
06/11/05,506,Real Madrid,Zaragoza,Home,5,1,0,H,0
06/11/11,1112,Real Madrid,Osasuna,Home,11,7,1,H,0
06/11/16,1617,Real Madrid,Leganes,Home,7,3,0,H,0
06/11/2021,2122,Real Madrid,Vallecano,Home,7,2,1,H,0
06/12/14,1415,Real Madrid,Celta,Home,11,3,0,H,0
07/01/07,607,Real Madrid,La Coruna,Away,1,0,2,H,0
07/01/12,1112,Real Madrid,Granada,Home,12,5,1,H,0
07/01/17,1617,Real Madrid,Granada,Home,13,5,0,H,0
07/01/18,1718,Real Madrid,Celta,Away,8,2,2,D,0
07/01/2023,2223,Real Madrid,Villarreal,Away,3,1,2,H,0
07/02/09,809,Real Madrid,Santander,Home,5,1,0,H,0
07/02/15,1415,Real Madrid,Ath Madrid,Away,1,0,4,H,0
07/02/16,1516,Real Madrid,Granada,Away,4,2,1,A,0
07/03/09,809,Real Madrid,Ath Madrid,Home,5,1,1,D,0
07/03/15,1415,Real Madrid,Ath Bilbao,Away,2,0,1,H,0
07/03/2021,2021,Real Madrid,Ath Madrid,Away,8,1,1,D,0
07/05/06,506,Real Madrid,Villarreal,Home,11,3,3,D,1
07/05/08,708,Real Madrid,Barcelona,Home,12,4,1,H,0
07/05/11,1011,Real Madrid,Sevilla,Away,10,6,2,A,0
07/05/14,1314,Real Madrid,Valladolid,Away,3,1,1,D,0
07/10/07,708,Real Madrid,Recreativo,Home,4,2,0,H,0
07/10/12,1213,Real Madrid,Barcelona,Away,3,2,2,D,0
07/10/2023,2324,Real Madrid,Osasuna,Home,9,4,0,H,0
07/11/09,910,Real Madrid,Ath Madrid,Away,6,3,2,A,1
07/11/10,1011,Real Madrid,Ath Madrid,Home,13,2,0,H,0
07/11/2022,2223,Real Madrid,Vallecano,Away,2,2,3,H,0
07/12/08,809,Real Madrid,Sevilla,Home,13,3,4,A,1
07/12/2019,1920,Real Madrid,Espanol,Home,8,2,0,H,1
07/12/2024,2425,Real Madrid,Girona,Away,7,3,0,A,0
07/12/2025,2526,Real Madrid,Celta,Home,7,0,2,A,3
08/01/06,506,Real Madrid,Villarreal,Away,3,0,0,D,0
08/01/2022,2122,Real Madrid,Valencia,Home,8,4,1,H,0
08/02/14,1314,Real Madrid,Villarreal,Home,6,4,2,H,0
08/02/2025,2425,Real Madrid,Ath Madrid,Home,9,1,1,D,0
08/02/2026,2526,Real Madrid,Valencia,Away,6,2,0,A,0
08/03/08,708,Real Madrid,Espanol,Home,7,2,1,H,0
08/03/2020,1920,Real Madrid,Betis,Away,4,1,2,H,0
08/04/06,506,Real Madrid,Sociedad,Home,6,1,1,D,1
08/04/07,607,Real Madrid,Osasuna,Home,8,2,0,H,0
08/04/12,1112,Real Madrid,Valencia,Home,10,0,0,D,0
08/04/15,1415,Real Madrid,Vallecano,Away,5,2,0,A,0
08/04/17,1617,Real Madrid,Ath Madrid,Home,6,1,1,D,0
08/04/18,1718,Real Madrid,Ath Madrid,Home,8,1,1,D,0
08/04/2023,2223,Real Madrid,Villarreal,Home,4,2,3,A,0
08/05/10,910,Real Madrid,Ath Bilbao,Home,15,5,1,H,0
08/05/13,1213,Real Madrid,Malaga,Home,9,6,2,H,0
08/05/16,1516,Real Madrid,Valencia,Home,8,3,2,H,0
08/05/2022,2122,Real Madrid,Ath Madrid,Away,6,0,1,H,0
08/10/2022,2223,Real Madrid,Getafe,Away,4,1,0,A,0
08/11/08,809,Real Madrid,Malaga,Home,12,4,3,H,1
08/11/14,1415,Real Madrid,Vallecano,Home,11,5,1,H,0
08/11/15,1516,Real Madrid,Sevilla,Away,10,2,3,H,0
08/11/2020,2021,Real Madrid,Valencia,Away,6,1,4,H,0
08/12/07,708,Real Madrid,Ath Bilbao,Away,5,1,0,A,0
08/12/12,1213,Real Madrid,Valladolid,Away,13,3,2,A,0
09/01/11,1011,Real Madrid,Villarreal,Home,7,4,2,H,0
09/01/16,1516,Real Madrid,La Coruna,Home,9,5,0,H,0
09/01/2021,2021,Real Madrid,Osasuna,Away,1,0,0,D,0
09/02/13,1213,Real Madrid,Sevilla,Home,10,4,1,H,1
09/02/2019,1819,Real Madrid,Ath Madrid,Away,4,3,1,A,0
09/02/2020,1920,Real Madrid,Osasuna,Away,7,4,1,A,0
09/02/2021,2021,Real Madrid,Getafe,Home,4,2,0,H,0
09/03/14,1314,Real Madrid,Levante,Home,10,3,0,H,0
09/03/2025,2425,Real Madrid,Vallecano,Home,5,2,1,H,0
09/04/11,1011,Real Madrid,Ath Bilbao,Away,2,3,0,A,0
09/04/16,1516,Real Madrid,Eibar,Home,6,4,0,H,0
09/04/2022,2122,Real Madrid,Getafe,Home,8,2,0,H,0
09/05/09,809,Real Madrid,Valencia,Away,2,0,3,H,0
09/05/15,1415,Real Madrid,Valencia,Home,10,2,2,D,0
09/05/18,1718,Real Madrid,Sevilla,Away,4,2,3,H,0
09/05/2021,2021,Real Madrid,Sevilla,Home,6,2,2,D,0
09/06/07,607,Real Madrid,Zaragoza,Away,7,2,2,D,0
09/09/17,1718,Real Madrid,Levante,Home,10,1,1,D,1
09/11/13,1314,Real Madrid,Sociedad,Home,8,5,1,H,0
09/11/2019,1920,Real Madrid,Eibar,Away,5,4,0,A,0
09/11/2024,2425,Real Madrid,Osasuna,Home,8,4,0,H,0
09/11/2025,2526,Real Madrid,Vallecano,Away,5,0,0,D,0
09/12/06,607,Real Madrid,Sevilla,Away,3,1,2,H,0
09/12/17,1718,Real Madrid,Sevilla,Home,8,5,0,H,0
09/12/2018,1819,Real Madrid,Huesca,Away,4,1,0,A,0
09/12/2023,2324,Real Madrid,Betis,Away,2,1,1,D,0
10/01/10,910,Real Madrid,Mallorca,Home,7,2,0,H,0
10/01/15,1415,Real Madrid,Espanol,Home,5,3,0,H,1
10/02/07,607,Real Madrid,Sociedad,Away,3,2,1,A,0
10/02/08,708,Real Madrid,Valladolid,Home,9,7,0,H,0
10/02/18,1718,Real Madrid,Sociedad,Home,9,5,2,H,0
10/02/2024,2324,Real Madrid,Girona,Home,6,4,0,H,0
10/03/07,607,Real Madrid,Barcelona,Away,7,3,3,D,0
10/03/12,1112,Real Madrid,Betis,Away,10,3,2,A,0
10/03/13,1213,Real Madrid,Celta,Away,11,2,1,A,0
10/03/18,1718,Real Madrid,Eibar,Away,6,2,1,A,0
10/03/2019,1819,Real Madrid,Valladolid,Away,6,4,1,A,1
10/03/2024,2324,Real Madrid,Celta,Home,13,4,0,H,0
10/04/10,910,Real Madrid,Barcelona,Home,7,0,2,A,0
10/04/2021,2021,Real Madrid,Barcelona,Home,3,2,1,H,1
10/04/2026,2526,Real Madrid,Girona,Home,9,1,1,D,0
10/05/11,1011,Real Madrid,Getafe,Home,7,4,0,H,0
10/05/2026,2526,Real Madrid,Barcelona,Away,1,0,2,H,0
10/07/2020,1920,Real Madrid,Alaves,Home,8,2,0,H,0
10/09/05,506,Real Madrid,Celta,Home,5,2,3,A,0
10/09/06,607,Real Madrid,Levante,Away,6,4,1,A,0
10/09/11,1112,Real Madrid,Getafe,Home,10,4,2,H,0
10/09/16,1617,Real Madrid,Osasuna,Home,11,5,2,H,0
10/11/2022,2223,Real Madrid,Cadiz,Home,5,2,1,H,0
10/12/11,1112,Real Madrid,Barcelona,Home,5,1,3,A,0
10/12/16,1617,Real Madrid,La Coruna,Home,5,3,2,H,0
11/01/09,809,Real Madrid,Mallorca,Away,6,3,0,A,0
11/02/06,506,Real Madrid,Ath Bilbao,Away,6,2,0,A,0
11/02/17,1617,Real Madrid,Osasuna,Away,6,3,1,A,0
11/03/06,506,Real Madrid,Valencia,Away,6,0,0,D,0
11/03/2023,2223,Real Madrid,Espanol,Home,7,3,1,H,0
11/04/12,1112,Real Madrid,Ath Madrid,Away,9,4,1,A,0
11/04/15,1415,Real Madrid,Eibar,Home,13,3,0,H,0
11/05/08,708,Real Madrid,Zaragoza,Away,7,2,2,D,0
11/05/13,1213,Real Madrid,Espanol,Away,4,1,1,D,0
11/05/14,1314,Real Madrid,Celta,Away,6,0,2,H,0
11/05/2024,2324,Real Madrid,Granada,Away,7,4,0,A,0
11/05/2025,2425,Real Madrid,Barcelona,Away,5,3,4,H,0
11/09/10,1011,Real Madrid,Osasuna,Home,7,1,0,H,0
11/09/2022,2223,Real Madrid,Mallorca,Home,7,4,1,H,0
11/11/07,708,Real Madrid,Mallorca,Home,5,4,3,H,0
11/11/12,1213,Real Madrid,Levante,Away,6,2,1,A,0
11/11/2018,1819,Real Madrid,Celta,Away,5,4,2,A,0
11/11/2023,2324,Real Madrid,Valencia,Home,7,5,1,H,0
11/12/05,506,Real Madrid,Malaga,Away,7,2,0,A,0
12/01/13,1213,Real Madrid,Osasuna,Away,1,0,0,D,1
12/01/14,1314,Real Madrid,Espanol,Away,8,1,0,A,0
12/02/12,1112,Real Madrid,Levante,Home,9,4,2,H,0
12/02/2022,2122,Real Madrid,Villarreal,Away,6,0,0,D,0
12/03/11,1011,Real Madrid,Hercules,Home,11,2,0,H,0
12/03/17,1617,Real Madrid,Betis,Home,4,2,1,H,0
12/04/09,809,Real Madrid,Valladolid,Home,6,2,0,H,0
12/04/14,1314,Real Madrid,Almeria,Home,13,4,0,H,0
12/05/07,607,Real Madrid,Espanol,Home,12,4,3,H,0
12/05/18,1718,Real Madrid,Celta,Home,10,6,0,H,0
12/05/2019,1819,Real Madrid,Sociedad,Away,2,1,3,H,1
12/05/2022,2122,Real Madrid,Levante,Home,16,6,0,H,0
12/08/2023,2324,Real Madrid,Ath Bilbao,Away,8,2,0,A,0
12/09/09,910,Real Madrid,Espanol,Away,6,3,0,A,0
12/09/15,1516,Real Madrid,Espanol,Away,8,6,0,A,0
12/09/2021,2122,Real Madrid,Celta,Home,11,5,2,H,0
12/11/06,607,Real Madrid,Osasuna,Away,6,4,1,A,0
12/12/09,910,Real Madrid,Valencia,Away,6,3,2,A,0
12/12/10,1011,Real Madrid,Zaragoza,Away,7,3,1,A,0
12/12/14,1415,Real Madrid,Almeria,Away,8,4,1,A,0
12/12/2020,2021,Real Madrid,Ath Madrid,Home,3,2,0,H,0
12/12/2021,2122,Real Madrid,Ath Madrid,Home,3,2,0,H,0
13/01/08,708,Real Madrid,Levante,Away,7,2,0,A,0
13/01/18,1718,Real Madrid,Villarreal,Home,7,0,1,A,0
13/01/2019,1819,Real Madrid,Betis,Away,5,2,1,A,0
13/02/10,910,Real Madrid,Xerez,Away,11,3,0,A,0
13/02/11,1011,Real Madrid,Espanol,Away,10,1,0,A,1
13/02/16,1516,Real Madrid,Ath Bilbao,Home,9,4,2,H,1
13/03/16,1516,Real Madrid,Las Palmas,Away,4,2,1,A,1
13/03/2021,2021,Real Madrid,Elche,Home,4,2,1,H,0
13/04/08,708,Real Madrid,Murcia,Home,4,1,0,H,1
13/04/2024,2324,Real Madrid,Mallorca,Away,9,1,0,A,0
13/04/2025,2425,Real Madrid,Alaves,Away,4,1,0,A,1
13/05/12,1112,Real Madrid,Mallorca,Home,12,4,1,H,0
13/05/2021,2021,Real Madrid,Granada,Away,7,4,1,A,0
13/05/2023,2223,Real Madrid,Getafe,Home,3,1,0,H,0
13/07/2020,1920,Real Madrid,Granada,Away,5,2,1,A,0
13/09/14,1415,Real Madrid,Ath Madrid,Home,4,1,2,A,0
13/09/2025,2526,Real Madrid,Sociedad,Away,6,2,1,A,1
13/12/08,809,Real Madrid,Barcelona,Away,3,0,2,H,0
13/12/15,1516,Real Madrid,Villarreal,Away,1,0,1,H,0
14/01/07,607,Real Madrid,Zaragoza,Home,5,1,0,H,0
14/01/12,1112,Real Madrid,Mallorca,Away,9,2,1,A,0
14/02/15,1415,Real Madrid,La Coruna,Home,6,2,0,H,0
14/02/2021,2021,Real Madrid,Valencia,Home,7,2,0,H,0
14/02/2026,2526,Real Madrid,Sociedad,Home,5,4,1,H,0
14/03/09,809,Real Madrid,Ath Bilbao,Away,9,5,2,A,0
14/03/10,910,Real Madrid,Valladolid,Away,11,4,1,A,0
14/03/2022,2122,Real Madrid,Mallorca,Away,5,3,0,A,0
14/03/2026,2526,Real Madrid,Elche,Home,6,4,1,H,0
14/04/07,607,Real Madrid,Santander,Away,4,1,2,H,2
14/04/12,1112,Real Madrid,Sp Gijon,Home,6,3,1,H,0
14/04/13,1213,Real Madrid,Ath Bilbao,Away,6,3,0,A,0
14/05/16,1516,Real Madrid,La Coruna,Away,5,2,0,A,0
14/05/17,1617,Real Madrid,Sevilla,Home,7,4,1,H,0
14/05/2024,2324,Real Madrid,Alaves,Home,11,5,0,H,0
14/05/2025,2425,Real Madrid,Mallorca,Home,13,2,1,H,0
14/05/2026,2526,Real Madrid,Oviedo,Home,7,2,0,H,0
14/06/2020,1920,Real Madrid,Eibar,Home,5,3,1,H,0
14/08/2021,2122,Real Madrid,Alaves,Away,7,4,1,A,0
14/08/2022,2223,Real Madrid,Almeria,Away,15,2,1,A,0
14/09/08,809,Real Madrid,Numancia,Home,10,4,3,H,0
14/09/13,1314,Real Madrid,Villarreal,Away,6,2,2,D,0
14/09/2019,1920,Real Madrid,Levante,Home,11,3,2,H,0
14/09/2024,2425,Real Madrid,Sociedad,Away,7,2,0,A,0
14/10/06,607,Real Madrid,Getafe,Away,0,0,1,H,1
14/10/17,1718,Real Madrid,Getafe,Away,6,2,1,A,0
14/11/10,1011,Real Madrid,Sp Gijon,Away,5,1,0,A,0
14/12/13,1314,Real Madrid,Osasuna,Away,4,2,2,D,1
14/12/2024,2425,Real Madrid,Vallecano,Away,6,3,3,D,0
14/12/2025,2526,Real Madrid,Alaves,Away,6,2,1,A,0
15/01/06,506,Real Madrid,Sevilla,Home,8,4,2,H,0
15/01/17,1617,Real Madrid,Sevilla,Away,3,1,2,H,0
15/02/09,809,Real Madrid,Sp Gijon,Away,9,4,0,A,0
15/02/2023,2223,Real Madrid,Elche,Home,13,4,0,H,0
15/02/2025,2425,Real Madrid,Osasuna,Away,6,1,1,D,1
15/03/08,708,Real Madrid,La Coruna,Away,0,0,1,H,0
15/03/14,1314,Real Madrid,Malaga,Away,6,1,0,A,0
15/03/15,1415,Real Madrid,Levante,Home,6,2,0,H,0
15/03/2025,2425,Real Madrid,Villarreal,Away,5,2,1,A,0
15/04/10,910,Real Madrid,Almeria,Away,15,2,1,A,0
15/04/17,1617,Real Madrid,Sp Gijon,Away,6,3,2,A,0
15/04/18,1718,Real Madrid,Malaga,Away,6,2,1,A,0
15/04/2019,1819,Real Madrid,Leganes,Away,6,1,1,D,0
15/04/2023,2223,Real Madrid,Cadiz,Away,11,2,0,A,0
15/05/11,1011,Real Madrid,Villarreal,Away,5,3,1,A,0
15/05/2022,2122,Real Madrid,Cadiz,Away,7,1,1,D,0
15/09/07,708,Real Madrid,Almeria,Home,6,3,1,H,0
15/09/12,1213,Real Madrid,Sevilla,Away,6,0,1,H,0
15/09/2018,1819,Real Madrid,Ath Bilbao,Away,6,1,1,D,0
15/10/05,506,Real Madrid,Ath Madrid,Away,7,3,0,A,0
15/10/11,1112,Real Madrid,Betis,Home,10,4,1,H,0
15/10/16,1617,Real Madrid,Betis,Away,9,6,1,A,0
15/11/08,809,Real Madrid,Valladolid,Away,7,0,1,H,1
15/12/2018,1819,Real Madrid,Vallecano,Home,4,1,0,H,0
15/12/2019,1920,Real Madrid,Valencia,Away,6,1,1,D,0
15/12/2020,2021,Real Madrid,Ath Bilbao,Home,5,3,1,H,0
16/01/10,910,Real Madrid,Ath Bilbao,Away,10,0,1,H,0
16/01/11,1011,Real Madrid,Almeria,Away,10,1,1,D,0
16/02/08,708,Real Madrid,Betis,Away,2,1,2,H,0
16/02/14,1314,Real Madrid,Getafe,Away,7,3,0,A,0
16/02/2020,1920,Real Madrid,Celta,Home,4,2,2,D,0
16/03/13,1213,Real Madrid,Mallorca,Home,13,5,2,H,0
16/03/2019,1819,Real Madrid,Celta,Home,7,2,0,H,0
16/03/2024,2324,Real Madrid,Osasuna,Away,9,4,2,A,0
16/04/06,506,Real Madrid,Getafe,Away,5,1,1,D,0
16/04/11,1011,Real Madrid,Barcelona,Home,6,1,1,D,1
16/04/16,1516,Real Madrid,Getafe,Away,11,5,1,A,0
16/05/06,506,Real Madrid,Sevilla,Away,8,3,4,H,0
16/05/09,809,Real Madrid,Villarreal,Away,5,2,3,H,0
16/05/10,910,Real Madrid,Malaga,Away,9,1,1,D,0
16/05/2021,2021,Real Madrid,Ath Bilbao,Away,2,1,0,A,0
16/07/2020,1920,Real Madrid,Villarreal,Home,7,2,1,H,0
16/10/10,1011,Real Madrid,Malaga,Away,7,4,1,A,0
16/10/2022,2223,Real Madrid,Barcelona,Home,4,3,1,H,0
16/12/07,708,Real Madrid,Osasuna,Home,5,2,0,H,0
16/12/12,1213,Real Madrid,Espanol,Home,10,2,2,D,0
17/01/16,1516,Real Madrid,Sp Gijon,Home,10,5,1,H,0
17/01/2026,2526,Real Madrid,Levante,Home,11,2,0,H,0
17/02/07,607,Real Madrid,Betis,Home,5,0,0,D,1
17/02/13,1213,Real Madrid,Vallecano,Home,6,2,0,H,1
17/02/2019,1819,Real Madrid,Girona,Home,7,1,2,A,1
17/04/2022,2122,Real Madrid,Sevilla,Away,6,3,2,A,0
17/05/14,1314,Real Madrid,Espanol,Home,7,3,1,H,0
17/05/15,1415,Real Madrid,Espanol,Away,7,4,1,A,0
17/05/17,1617,Real Madrid,Celta,Away,8,4,1,A,0
17/05/2026,2526,Real Madrid,Sevilla,Away,1,1,0,A,0
17/06/07,607,Real Madrid,Mallorca,Home,7,3,1,H,0
17/08/2019,1920,Real Madrid,Celta,Away,11,3,1,A,1
17/09/06,607,Real Madrid,Sociedad,Home,6,2,0,H,0
17/09/17,1718,Real Madrid,Sociedad,Away,6,3,1,A,0
17/09/2023,2324,Real Madrid,Sociedad,Home,8,2,1,H,0
17/10/09,910,Real Madrid,Valladolid,Home,6,4,2,H,0
17/10/15,1516,Real Madrid,Levante,Home,6,3,0,H,0
17/10/2020,2021,Real Madrid,Cadiz,Home,2,0,1,A,0
17/11/12,1213,Real Madrid,Ath Bilbao,Home,18,5,1,H,0
17/12/06,607,Real Madrid,Espanol,Away,3,1,0,A,1
17/12/11,1112,Real Madrid,Sevilla,Away,10,6,2,A,1
17/12/2023,2324,Real Madrid,Villarreal,Home,9,4,1,H,0
18/01/09,809,Real Madrid,Osasuna,Home,6,3,1,H,0
18/01/14,1314,Real Madrid,Betis,Away,11,5,0,A,0
18/01/15,1415,Real Madrid,Getafe,Away,9,3,0,A,0
18/01/2020,1920,Real Madrid,Sevilla,Home,4,2,1,H,0
18/02/06,506,Real Madrid,Alaves,Home,6,3,0,H,0
18/02/12,1112,Real Madrid,Santander,Home,9,4,0,H,0
18/02/17,1617,Real Madrid,Espanol,Home,3,2,0,H,0
18/02/18,1718,Real Madrid,Betis,Away,9,5,3,A,0
18/02/2023,2223,Real Madrid,Osasuna,Away,6,2,0,A,0
18/02/2024,2324,Real Madrid,Vallecano,Away,4,1,1,D,1
18/03/07,607,Real Madrid,Gimnastic,Home,8,2,0,H,0
18/03/12,1112,Real Madrid,Malaga,Home,6,1,1,D,0
18/03/17,1617,Real Madrid,Ath Bilbao,Away,4,2,1,A,0
18/03/18,1718,Real Madrid,Girona,Home,14,6,3,H,0
18/04/09,809,Real Madrid,Recreativo,Away,8,1,0,A,0
18/04/10,910,Real Madrid,Valencia,Home,11,2,0,H,0
18/04/15,1415,Real Madrid,Malaga,Home,6,3,1,H,0
18/04/18,1718,Real Madrid,Ath Bilbao,Home,10,1,1,D,0
18/04/2021,2021,Real Madrid,Getafe,Away,2,0,0,D,0
18/05/08,708,Real Madrid,Levante,Home,8,5,2,H,0
18/05/2025,2425,Real Madrid,Sevilla,Away,6,2,0,A,0
18/06/2020,1920,Real Madrid,Valencia,Home,14,3,0,H,0
18/08/13,1314,Real Madrid,Betis,Home,9,2,1,H,0
18/08/2024,2425,Real Madrid,Mallorca,Away,4,1,1,D,1
18/09/05,506,Real Madrid,Espanol,Away,5,0,1,H,2
18/09/10,1011,Real Madrid,Sociedad,Away,10,2,1,A,0
18/09/11,1112,Real Madrid,Levante,Away,3,0,1,H,1
18/09/16,1617,Real Madrid,Espanol,Away,7,2,0,A,0
18/09/2022,2223,Real Madrid,Ath Madrid,Away,3,2,1,A,0
18/10/08,809,Real Madrid,Ath Madrid,Away,11,2,1,A,1
18/10/14,1415,Real Madrid,Levante,Away,11,5,0,A,0
18/11/06,607,Real Madrid,Santander,Home,6,3,1,H,1
18/11/17,1718,Real Madrid,Ath Madrid,Away,3,0,0,D,0
18/12/05,506,Real Madrid,Osasuna,Home,6,1,1,D,0
18/12/2019,1920,Real Madrid,Barcelona,Away,4,0,0,D,0
19/01/2019,1819,Real Madrid,Sevilla,Home,6,2,0,H,0
19/01/2025,2425,Real Madrid,Las Palmas,Home,13,4,1,H,0
19/02/11,1011,Real Madrid,Levante,Home,11,2,0,H,0
19/02/2022,2122,Real Madrid,Alaves,Home,9,3,0,H,0
19/03/06,506,Real Madrid,Betis,Home,4,0,0,D,0
19/03/11,1011,Real Madrid,Ath Madrid,Away,8,2,1,A,0
19/03/2023,2223,Real Madrid,Barcelona,Away,3,1,2,H,0
19/05/18,1718,Real Madrid,Villarreal,Away,7,2,2,D,0
19/05/2019,1819,Real Madrid,Betis,Home,2,0,2,A,0
19/05/2024,2324,Real Madrid,Villarreal,Away,6,4,4,D,0
19/07/2020,1920,Real Madrid,Leganes,Away,4,2,2,D,0
19/08/12,1213,Real Madrid,Valencia,Home,9,1,1,D,0
19/08/2018,1819,Real Madrid,Getafe,Home,3,2,0,H,0
19/08/2023,2324,Real Madrid,Almeria,Away,9,3,1,A,0
19/08/2025,2526,Real Madrid,Osasuna,Home,5,1,0,H,0
19/09/15,1516,Real Madrid,Granada,Home,10,1,0,H,0
19/09/2021,2122,Real Madrid,Valencia,Away,10,2,1,A,0
19/10/13,1314,Real Madrid,Malaga,Home,15,2,0,H,0
19/10/2019,1920,Real Madrid,Mallorca,Away,4,0,1,H,1
19/10/2022,2223,Real Madrid,Elche,Away,7,3,0,A,0
19/10/2024,2425,Real Madrid,Celta,Away,3,2,1,A,0
19/10/2025,2526,Real Madrid,Getafe,Away,10,1,0,A,0
19/11/05,506,Real Madrid,Barcelona,Home,2,0,3,A,0
19/11/11,1112,Real Madrid,Valencia,Away,4,3,2,A,0
19/11/16,1617,Real Madrid,Ath Madrid,Away,7,3,0,A,0
19/12/09,910,Real Madrid,Zaragoza,Home,9,6,0,H,0
19/12/10,1011,Real Madrid,Sevilla,Home,5,1,0,H,1
19/12/2021,2122,Real Madrid,Cadiz,Home,9,0,0,D,0
20/01/08,708,Real Madrid,Ath Madrid,Away,5,2,0,A,0
20/01/13,1213,Real Madrid,Valencia,Away,7,5,0,A,0
20/02/2021,2021,Real Madrid,Valladolid,Away,2,1,0,A,0
20/03/10,910,Real Madrid,Sp Gijon,Home,10,3,1,H,0
20/03/16,1516,Real Madrid,Sevilla,Home,12,4,0,H,0
20/03/2021,2021,Real Madrid,Celta,Away,4,3,1,A,0
20/03/2022,2122,Real Madrid,Barcelona,Home,4,0,4,A,0
20/04/08,708,Real Madrid,Santander,Away,5,2,0,A,0
20/04/13,1213,Real Madrid,Betis,Home,8,3,1,H,0
20/04/16,1516,Real Madrid,Villarreal,Home,6,3,0,H,0
20/04/2022,2122,Real Madrid,Osasuna,Away,11,3,1,A,0
20/04/2025,2425,Real Madrid,Ath Bilbao,Home,7,1,0,H,0
20/05/07,607,Real Madrid,Recreativo,Away,4,3,2,A,0
20/05/2022,2122,Real Madrid,Betis,Home,3,0,0,D,0
20/08/17,1718,Real Madrid,La Coruna,Away,8,3,0,A,1
20/08/2022,2223,Real Madrid,Celta,Away,7,4,1,A,0
20/09/09,910,Real Madrid,Xerez,Home,13,5,0,H,0
20/09/14,1415,Real Madrid,La Coruna,Away,13,8,2,A,0
20/09/17,1718,Real Madrid,Betis,Home,7,0,1,A,0
20/09/2020,2021,Real Madrid,Sociedad,Away,4,0,0,D,0
20/09/2025,2526,Real Madrid,Espanol,Home,5,2,0,H,0
20/10/07,708,Real Madrid,Espanol,Away,4,1,2,H,0
20/10/12,1213,Real Madrid,Celta,Home,3,2,0,H,0
20/10/2018,1819,Real Madrid,Levante,Home,12,1,2,A,0
20/11/10,1011,Real Madrid,Ath Bilbao,Home,6,5,1,H,0
20/12/06,607,Real Madrid,Recreativo,Home,1,0,3,A,0
20/12/08,809,Real Madrid,Valencia,Home,6,1,0,H,0
20/12/15,1516,Real Madrid,Vallecano,Home,15,10,2,H,0
20/12/2020,2021,Real Madrid,Eibar,Away,5,3,1,A,0
20/12/2025,2526,Real Madrid,Sevilla,Home,8,2,0,H,0
21/01/06,506,Real Madrid,Cadiz,Home,5,3,1,H,0
21/01/07,607,Real Madrid,Mallorca,Away,3,1,0,A,0
21/01/17,1617,Real Madrid,Malaga,Home,7,2,1,H,0
21/01/18,1718,Real Madrid,La Coruna,Home,13,7,1,H,0
21/01/2024,2324,Real Madrid,Almeria,Home,6,3,2,H,0
21/02/09,809,Real Madrid,Betis,Home,8,6,1,H,0
21/02/10,910,Real Madrid,Villarreal,Home,9,6,2,H,0
21/02/16,1516,Real Madrid,Malaga,Away,7,1,1,D,0
21/02/18,1718,Real Madrid,Leganes,Away,7,3,1,A,0
21/02/2026,2526,Real Madrid,Osasuna,Away,5,1,2,H,0
21/03/12,1112,Real Madrid,Villarreal,Away,8,1,1,D,2
21/04/07,607,Real Madrid,Valencia,Home,4,2,1,H,0
21/04/09,809,Real Madrid,Getafe,Home,6,3,2,H,1
21/04/12,1112,Real Madrid,Barcelona,Away,6,2,1,A,0
21/04/2019,1819,Real Madrid,Ath Bilbao,Home,4,3,0,H,0
21/04/2021,2021,Real Madrid,Cadiz,Away,4,3,0,A,0
21/04/2024,2324,Real Madrid,Barcelona,Home,8,3,2,H,0
21/04/2026,2526,Real Madrid,Alaves,Home,8,2,1,H,0
21/05/11,1011,Real Madrid,Almeria,Home,13,8,1,H,0
21/05/17,1617,Real Madrid,Malaga,Away,8,2,0,A,0
21/05/2023,2223,Real Madrid,Valencia,Away,5,0,1,H,1
21/06/2020,1920,Real Madrid,Sociedad,Away,6,2,1,A,0
21/08/16,1617,Real Madrid,Sociedad,Away,8,3,0,A,0
21/09/08,809,Real Madrid,Santander,Away,3,2,0,A,0
21/09/10,1011,Real Madrid,Espanol,Home,7,3,0,H,1
21/09/11,1112,Real Madrid,Santander,Away,2,0,0,D,0
21/09/16,1617,Real Madrid,Villarreal,Home,6,1,1,D,0
21/09/2024,2425,Real Madrid,Espanol,Home,14,4,1,H,0
21/10/2023,2324,Real Madrid,Sevilla,Away,5,1,1,D,0
21/11/09,910,Real Madrid,Santander,Home,9,1,0,H,0
21/11/15,1516,Real Madrid,Barcelona,Home,7,0,4,A,1
21/11/2020,2021,Real Madrid,Villarreal,Away,1,1,1,D,0
21/11/2021,2122,Real Madrid,Granada,Away,10,4,1,A,0
21/12/05,506,Real Madrid,Santander,Home,5,1,2,A,0
21/12/2023,2324,Real Madrid,Alaves,Away,4,1,0,A,1
22/01/12,1112,Real Madrid,Ath Bilbao,Home,10,4,1,H,0
22/01/2023,2223,Real Madrid,Ath Bilbao,Away,4,2,0,A,0
22/02/14,1314,Real Madrid,Elche,Home,7,3,0,H,0
22/02/15,1415,Real Madrid,Elche,Away,5,2,0,A,0
22/02/17,1617,Real Madrid,Valencia,Away,5,1,2,H,0
22/02/2020,1920,Real Madrid,Levante,Away,7,0,1,H,0
22/03/06,506,Real Madrid,Zaragoza,Away,4,1,1,D,0
22/03/09,809,Real Madrid,Almeria,Home,7,3,0,H,0
22/03/15,1415,Real Madrid,Barcelona,Away,4,1,2,H,0
22/03/2026,2526,Real Madrid,Ath Madrid,Home,10,3,2,H,1
22/04/2023,2223,Real Madrid,Celta,Home,5,2,0,H,0
22/05/2021,2021,Real Madrid,Villarreal,Home,4,2,1,H,0
22/08/2021,2122,Real Madrid,Levante,Away,5,3,3,D,0
22/09/05,506,Real Madrid,Ath Bilbao,Home,9,3,1,H,1
22/09/13,1314,Real Madrid,Getafe,Home,11,4,1,H,0
22/09/2018,1819,Real Madrid,Espanol,Home,5,1,0,H,0
22/09/2019,1920,Real Madrid,Sevilla,Away,4,1,0,A,0
22/09/2021,2122,Real Madrid,Mallorca,Home,12,6,1,H,0
22/10/06,607,Real Madrid,Barcelona,Home,6,2,0,H,0
22/10/11,1112,Real Madrid,Malaga,Away,7,4,0,A,0
22/10/17,1718,Real Madrid,Eibar,Home,7,3,0,H,0
22/10/2022,2223,Real Madrid,Sevilla,Home,6,3,1,H,0
22/11/08,809,Real Madrid,Recreativo,Home,7,1,0,H,0
22/11/14,1415,Real Madrid,Eibar,Away,8,4,0,A,0
22/12/12,1213,Real Madrid,Malaga,Away,5,2,3,H,0
22/12/13,1314,Real Madrid,Valencia,Away,5,3,2,A,0
22/12/2019,1920,Real Madrid,Ath Bilbao,Home,8,0,0,D,0
22/12/2021,2122,Real Madrid,Ath Bilbao,Away,7,2,1,A,0
22/12/2024,2425,Real Madrid,Sevilla,Home,8,4,2,H,0
23/01/11,1011,Real Madrid,Mallorca,Home,5,1,0,H,0
23/01/2021,2021,Real Madrid,Alaves,Away,7,4,1,A,0
23/01/2022,2122,Real Madrid,Elche,Home,8,2,2,D,0
23/02/13,1213,Real Madrid,La Coruna,Away,8,2,1,A,1
23/02/2025,2425,Real Madrid,Girona,Home,5,2,0,H,0
23/03/08,708,Real Madrid,Valencia,Home,13,2,3,A,0
23/03/14,1314,Real Madrid,Barcelona,Home,8,3,4,A,1
23/04/06,506,Real Madrid,Malaga,Home,12,2,1,H,0
23/04/11,1011,Real Madrid,Valencia,Away,8,6,3,A,0
23/04/16,1516,Real Madrid,Vallecano,Away,6,3,2,A,0
23/04/17,1617,Real Madrid,Barcelona,Home,14,2,3,A,1
23/04/2025,2425,Real Madrid,Getafe,Away,7,1,0,A,0
23/05/15,1415,Real Madrid,Getafe,Home,11,7,3,H,0
23/05/2026,2526,Real Madrid,Ath Bilbao,Home,8,4,2,H,0
23/08/15,1516,Real Madrid,Sp Gijon,Away,8,0,0,D,0
23/09/06,607,Real Madrid,Betis,Away,3,1,0,A,0
23/09/07,708,Real Madrid,Valladolid,Away,3,1,1,D,0
23/09/09,910,Real Madrid,Villarreal,Away,6,2,0,A,0
23/09/14,1415,Real Madrid,Elche,Home,12,5,1,H,0
23/09/15,1516,Real Madrid,Ath Bilbao,Away,6,2,1,A,0
23/09/17,1718,Real Madrid,Alaves,Away,7,2,1,A,0
23/09/2025,2526,Real Madrid,Levante,Away,10,4,1,A,0
23/10/05,506,Real Madrid,Valencia,Home,3,1,2,A,2
23/10/10,1011,Real Madrid,Santander,Home,10,6,1,H,0
23/10/16,1617,Real Madrid,Ath Bilbao,Home,8,2,1,H,0
23/11/13,1314,Real Madrid,Almeria,Away,15,5,0,A,0
23/11/2019,1920,Real Madrid,Sociedad,Home,10,3,1,H,0
23/11/2025,2526,Real Madrid,Elche,Away,7,2,2,D,0
23/12/07,708,Real Madrid,Barcelona,Away,5,1,0,A,0
23/12/17,1718,Real Madrid,Barcelona,Home,5,0,3,A,1
23/12/2020,2021,Real Madrid,Granada,Home,6,2,0,H,0
24/01/10,910,Real Madrid,Malaga,Home,6,2,0,H,1
24/01/15,1415,Real Madrid,Cordoba,Away,4,2,1,A,1
24/01/16,1516,Real Madrid,Betis,Away,8,1,1,D,0
24/01/2026,2526,Real Madrid,Villarreal,Away,4,2,0,A,0
24/02/07,607,Real Madrid,Ath Madrid,Away,3,1,1,D,1
24/02/08,708,Real Madrid,Getafe,Home,4,0,1,A,0
24/02/18,1718,Real Madrid,Alaves,Home,10,4,0,H,0
24/02/2019,1819,Real Madrid,Levante,Away,5,2,1,A,1
24/03/12,1112,Real Madrid,Sociedad,Home,10,5,1,H,0
24/04/10,910,Real Madrid,Zaragoza,Away,12,2,1,A,0
24/04/2021,2021,Real Madrid,Betis,Home,5,0,0,D,0
24/04/2026,2526,Real Madrid,Betis,Away,8,1,1,D,0
24/05/09,809,Real Madrid,Mallorca,Home,5,1,3,A,0
24/05/2023,2223,Real Madrid,Vallecano,Home,3,2,1,H,0
24/05/2025,2425,Real Madrid,Sociedad,Home,8,2,0,H,0
24/06/2020,1920,Real Madrid,Mallorca,Home,6,2,0,H,0
24/08/2019,1920,Real Madrid,Valladolid,Home,4,1,1,D,0
24/08/2025,2526,Real Madrid,Oviedo,Away,10,3,0,A,0
24/09/08,809,Real Madrid,Sp Gijon,Home,12,7,1,H,0
24/09/11,1112,Real Madrid,Vallecano,Home,11,6,2,H,1
24/09/12,1213,Real Madrid,Vallecano,Away,6,2,0,A,0
24/09/16,1617,Real Madrid,Las Palmas,Away,11,2,2,D,0
24/09/2023,2324,Real Madrid,Ath Madrid,Away,5,1,3,H,0
24/09/2024,2425,Real Madrid,Alaves,Home,4,3,2,H,0
24/10/09,910,Real Madrid,Sp Gijon,Away,5,0,0,D,0
24/10/15,1516,Real Madrid,Celta,Away,8,3,1,A,0
24/10/2020,2021,Real Madrid,Barcelona,Away,9,3,1,A,0
24/10/2021,2122,Real Madrid,Barcelona,Away,5,2,1,A,0
24/11/07,708,Real Madrid,Murcia,Away,2,1,1,D,1
24/11/12,1213,Real Madrid,Betis,Away,8,0,1,H,0
24/11/2018,1819,Real Madrid,Eibar,Away,3,0,3,H,0
24/11/2024,2425,Real Madrid,Leganes,Away,9,3,0,A,0
25/01/09,809,Real Madrid,La Coruna,Home,6,1,0,H,0
25/01/14,1314,Real Madrid,Granada,Home,8,2,0,H,0
25/01/2025,2425,Real Madrid,Valladolid,Away,4,3,0,A,0
25/02/2023,2223,Real Madrid,Ath Madrid,Home,7,1,1,D,0
25/02/2024,2324,Real Madrid,Sevilla,Home,6,1,0,H,0
25/03/10,910,Real Madrid,Getafe,Away,10,4,2,A,0
25/04/2019,1819,Real Madrid,Getafe,Away,4,0,0,D,0
25/04/2023,2223,Real Madrid,Girona,Away,3,2,4,H,0
25/05/2024,2324,Real Madrid,Betis,Home,5,0,0,D,0
25/08/07,708,Real Madrid,Ath Madrid,Home,7,2,1,H,0
25/08/14,1415,Real Madrid,Cordoba,Home,8,2,0,H,0
25/08/2023,2324,Real Madrid,Celta,Away,3,1,0,A,0
25/08/2024,2425,Real Madrid,Valladolid,Home,9,3,0,H,0
25/09/05,506,Real Madrid,Alaves,Away,7,3,0,A,0
25/09/10,1011,Real Madrid,Levante,Away,6,0,0,D,0
25/09/13,1314,Real Madrid,Elche,Away,5,2,1,A,0
25/09/2019,1920,Real Madrid,Osasuna,Home,4,2,0,H,0
25/09/2021,2122,Real Madrid,Villarreal,Home,2,0,0,D,0
25/10/14,1415,Real Madrid,Barcelona,Home,6,3,1,H,0
25/11/17,1718,Real Madrid,Malaga,Home,9,3,2,H,0
26/01/2020,1920,Real Madrid,Valladolid,Away,3,1,0,A,0
26/02/06,506,Real Madrid,Mallorca,Away,3,1,2,H,0
26/02/11,1011,Real Madrid,La Coruna,Away,9,0,0,D,0
26/02/12,1112,Real Madrid,Vallecano,Away,3,1,0,A,0
26/02/17,1617,Real Madrid,Villarreal,Away,6,3,2,A,0
26/02/2022,2122,Real Madrid,Vallecano,Away,6,1,0,A,0
26/03/06,506,Real Madrid,La Coruna,Home,8,4,0,H,0
26/03/14,1314,Real Madrid,Sevilla,Away,8,1,2,H,0
26/04/09,809,Real Madrid,Sevilla,Away,6,4,2,A,0
26/04/14,1314,Real Madrid,Osasuna,Home,10,4,0,H,0
26/04/15,1415,Real Madrid,Celta,Away,7,4,2,A,0
26/04/17,1617,Real Madrid,La Coruna,Away,11,6,2,A,0
26/04/2024,2324,Real Madrid,Sociedad,Away,3,1,0,A,0
26/05/07,607,Real Madrid,La Coruna,Home,4,3,1,H,0
26/05/13,1213,Real Madrid,Sociedad,Away,4,3,3,D,0
26/08/12,1213,Real Madrid,Getafe,Away,5,1,2,H,1
26/08/13,1314,Real Madrid,Granada,Away,8,1,0,A,0
26/08/2018,1819,Real Madrid,Girona,Away,8,4,1,A,0
26/09/09,910,Real Madrid,Tenerife,Home,7,3,0,H,0
26/09/15,1516,Real Madrid,Malaga,Home,9,0,0,D,0
26/09/2018,1819,Real Madrid,Sevilla,Away,3,0,3,H,0
26/09/2020,2021,Real Madrid,Betis,Away,4,3,2,A,0
26/10/05,506,Real Madrid,La Coruna,Away,4,1,3,H,0
26/10/08,809,Real Madrid,Ath Bilbao,Home,6,3,2,H,0
26/10/11,1112,Real Madrid,Villarreal,Home,6,3,0,H,0
26/10/13,1314,Real Madrid,Barcelona,Away,6,1,2,H,0
26/10/2024,2425,Real Madrid,Barcelona,Home,4,0,4,A,0
26/10/2025,2526,Real Madrid,Barcelona,Home,10,2,1,H,1
26/11/06,607,Real Madrid,Valencia,Away,3,1,0,A,0
26/11/11,1112,Real Madrid,Ath Madrid,Home,7,4,1,H,0
26/11/16,1617,Real Madrid,Sp Gijon,Home,7,2,1,H,0
26/11/2023,2324,Real Madrid,Cadiz,Away,5,3,0,A,0
27/01/07,607,Real Madrid,Villarreal,Away,3,0,1,H,0
27/01/08,708,Real Madrid,Villarreal,Home,12,3,2,H,0
27/01/13,1213,Real Madrid,Getafe,Home,13,4,0,H,0
27/01/18,1718,Real Madrid,Valencia,Away,7,4,1,A,0
27/01/2019,1819,Real Madrid,Espanol,Away,9,4,2,A,1
27/01/2024,2324,Real Madrid,Las Palmas,Away,5,2,1,A,0
27/02/10,910,Real Madrid,Tenerife,Away,6,5,1,A,0
27/02/16,1516,Real Madrid,Ath Madrid,Home,3,0,1,A,0
27/02/18,1718,Real Madrid,Espanol,Away,5,0,1,H,0
27/04/08,708,Real Madrid,Ath Bilbao,Home,11,3,0,H,0
27/04/13,1213,Real Madrid,Ath Madrid,Away,4,2,1,A,0
27/05/2023,2223,Real Madrid,Sevilla,Away,3,2,1,A,0
27/08/06,607,Real Madrid,Villarreal,Home,3,0,0,D,0
27/08/16,1617,Real Madrid,Celta,Home,10,2,1,H,0
27/08/17,1718,Real Madrid,Valencia,Home,6,2,2,D,0
27/09/07,708,Real Madrid,Betis,Home,8,2,0,H,0
27/09/08,809,Real Madrid,Betis,Away,8,2,1,A,1
27/09/14,1415,Real Madrid,Villarreal,Away,3,2,0,A,0
27/09/2023,2324,Real Madrid,Las Palmas,Home,9,2,0,H,0
27/09/2025,2526,Real Madrid,Ath Madrid,Away,2,2,5,H,0
27/10/07,708,Real Madrid,La Coruna,Home,10,3,1,H,0
27/10/2021,2122,Real Madrid,Osasuna,Home,3,0,0,D,0
27/11/05,506,Real Madrid,Sociedad,Away,10,2,2,D,1
28/01/12,1112,Real Madrid,Zaragoza,Home,6,3,1,H,0
28/02/09,809,Real Madrid,Espanol,Away,3,2,0,A,0
28/03/10,910,Real Madrid,Ath Madrid,Home,8,3,2,H,0
28/04/18,1718,Real Madrid,Leganes,Home,5,2,1,H,0
28/04/2019,1819,Real Madrid,Vallecano,Away,3,0,1,H,0
28/06/2020,1920,Real Madrid,Espanol,Away,6,1,0,A,0
28/08/05,506,Real Madrid,Cadiz,Away,6,2,1,A,0
28/08/11,1112,Real Madrid,Zaragoza,Away,16,6,0,A,0
28/08/2021,2122,Real Madrid,Betis,Away,3,1,0,A,0
28/08/2022,2223,Real Madrid,Espanol,Away,6,3,1,A,0
28/09/13,1314,Real Madrid,Ath Madrid,Home,5,0,1,A,0
28/09/2019,1920,Real Madrid,Ath Madrid,Away,3,0,0,D,0
28/10/06,607,Real Madrid,Gimnastic,Away,5,3,1,A,0
28/10/12,1213,Real Madrid,Mallorca,Away,8,5,0,A,0
28/10/2018,1819,Real Madrid,Barcelona,Away,4,1,5,H,0
28/10/2023,2324,Real Madrid,Barcelona,Away,4,2,1,A,0
28/11/2020,2021,Real Madrid,Alaves,Home,9,1,2,A,0
28/11/2021,2122,Real Madrid,Sevilla,Home,4,2,1,H,0
29/01/06,506,Real Madrid,Celta,Away,5,2,1,A,0
29/01/17,1617,Real Madrid,Sociedad,Home,4,3,0,H,0
29/01/2023,2223,Real Madrid,Sociedad,Home,7,0,0,D,0
29/03/14,1314,Real Madrid,Vallecano,Home,7,5,0,H,0
29/03/2025,2425,Real Madrid,Leganes,Home,10,3,2,H,0
29/04/07,607,Real Madrid,Ath Bilbao,Away,6,4,1,A,0
29/04/12,1112,Real Madrid,Sevilla,Home,5,3,0,H,0
29/04/15,1415,Real Madrid,Almeria,Home,4,3,0,H,0
29/04/17,1617,Real Madrid,Valencia,Home,5,2,1,H,0
29/04/2023,2223,Real Madrid,Almeria,Home,12,4,2,H,0
29/08/09,910,Real Madrid,La Coruna,Home,11,3,2,H,0
29/08/10,1011,Real Madrid,Mallorca,Away,5,0,0,D,0
29/08/15,1516,Real Madrid,Betis,Home,11,5,0,H,0
29/08/2024,2425,Real Madrid,Las Palmas,Away,8,1,1,D,0
29/09/2018,1819,Real Madrid,Ath Madrid,Home,6,0,0,D,0
29/09/2024,2425,Real Madrid,Ath Madrid,Away,4,1,1,D,0
29/10/05,506,Real Madrid,Betis,Away,3,2,0,A,0
29/10/11,1112,Real Madrid,Sociedad,Away,6,1,0,A,0
29/10/16,1617,Real Madrid,Alaves,Away,5,4,1,A,0
29/10/17,1718,Real Madrid,Girona,Away,6,1,2,H,0
29/11/08,809,Real Madrid,Getafe,Away,6,1,3,H,0
29/11/09,910,Real Madrid,Barcelona,Away,2,0,1,H,1
29/11/10,1011,Real Madrid,Barcelona,Away,2,0,5,H,1
29/11/14,1415,Real Madrid,Malaga,Away,9,2,1,A,1
29/11/15,1516,Real Madrid,Eibar,Away,6,2,0,A,0
30/01/10,910,Real Madrid,La Coruna,Away,8,3,1,A,0
30/01/11,1011,Real Madrid,Osasuna,Away,4,0,1,H,0
30/01/2021,2021,Real Madrid,Levante,Home,2,1,2,A,1
30/03/08,708,Real Madrid,Sevilla,Home,10,3,1,H,0
30/03/13,1213,Real Madrid,Zaragoza,Away,6,1,1,D,0
30/04/06,506,Real Madrid,Osasuna,Away,2,1,0,A,1
30/04/11,1011,Real Madrid,Zaragoza,Home,7,2,3,A,1
30/04/16,1516,Real Madrid,Sociedad,Away,6,1,0,A,0
30/04/2022,2122,Real Madrid,Espanol,Home,5,4,0,H,0
30/08/2025,2526,Real Madrid,Mallorca,Home,7,2,1,H,0
30/09/07,708,Real Madrid,Getafe,Away,5,1,0,A,0
30/09/12,1213,Real Madrid,La Coruna,Home,13,5,1,H,0
30/09/2020,2021,Real Madrid,Valladolid,Home,5,1,0,H,0
30/09/2023,2324,Real Madrid,Girona,Away,7,3,0,A,1
30/10/10,1011,Real Madrid,Hercules,Away,10,3,1,A,0
30/10/13,1314,Real Madrid,Sevilla,Home,10,7,3,H,0
30/10/2019,1920,Real Madrid,Leganes,Home,11,5,0,H,0
30/10/2021,2122,Real Madrid,Elche,Away,5,2,1,A,0
30/10/2022,2223,Real Madrid,Girona,Home,6,1,1,D,1
30/11/13,1314,Real Madrid,Valladolid,Home,12,4,0,H,0
30/11/2019,1920,Real Madrid,Alaves,Away,6,2,1,A,0
30/11/2025,2526,Real Madrid,Girona,Away,4,1,1,D,0
30/12/15,1516,Real Madrid,Sociedad,Home,13,3,1,H,0
30/12/2020,2021,Real Madrid,Elche,Away,6,1,1,D,0
30/12/2022,2223,Real Madrid,Valladolid,Away,8,2,0,A,0
31/01/09,809,Real Madrid,Numancia,Away,5,2,0,A,1
31/01/15,1415,Real Madrid,Sociedad,Home,11,4,1,H,0
31/01/16,1516,Real Madrid,Espanol,Home,7,6,0,H,0
31/03/12,1112,Real Madrid,Osasuna,Away,7,5,1,A,0
31/03/18,1718,Real Madrid,Las Palmas,Away,7,3,0,A,0
31/03/2019,1819,Real Madrid,Huesca,Home,8,3,2,H,0
31/03/2024,2324,Real Madrid,Ath Bilbao,Home,4,2,0,H,0
31/05/09,809,Real Madrid,Osasuna,Away,4,1,2,H,2
31/08/08,809,Real Madrid,La Coruna,Away,4,1,2,H,0
31/08/14,1415,Real Madrid,Sociedad,Away,5,2,4,H,0
31/10/07,708,Real Madrid,Valencia,Away,7,5,1,A,0
31/10/09,910,Real Madrid,Getafe,Home,8,2,0,H,1
31/10/15,1516,Real Madrid,Las Palmas,Home,11,3,1,H,0
31/10/2020,2021,Real Madrid,Huesca,Home,6,4,1,H,0
01/02/09,809,Recreativo,Espanol,Away,5,1,1,D,0
01/03/08,708,Recreativo,Real Madrid,Home,7,2,3,A,2
01/03/09,809,Recreativo,Malaga,Away,5,2,0,A,0
01/04/07,607,Recreativo,Gimnastic,Away,6,1,1,D,0
01/10/06,607,Recreativo,Betis,Home,7,2,0,H,0
02/09/07,708,Recreativo,Getafe,Away,4,1,1,D,0
02/11/08,809,Recreativo,Getafe,Home,3,1,1,D,1
02/12/06,607,Recreativo,Valencia,Home,6,2,0,H,0
02/12/07,708,Recreativo,Zaragoza,Home,5,2,1,H,0
03/02/08,708,Recreativo,Sevilla,Home,3,1,2,A,1
03/05/08,708,Recreativo,Ath Madrid,Away,1,0,3,H,0
03/05/09,809,Recreativo,Osasuna,Away,9,2,1,A,0
04/01/09,809,Recreativo,Numancia,Home,4,3,1,H,0
04/02/07,607,Recreativo,Villarreal,Home,3,2,1,H,0
04/03/07,607,Recreativo,Ath Madrid,Home,1,1,0,H,0
04/04/09,809,Recreativo,Sevilla,Home,0,0,1,A,1
04/11/07,708,Recreativo,Ath Bilbao,Away,2,0,2,H,0
05/04/08,708,Recreativo,Osasuna,Away,2,1,0,A,0
05/10/08,809,Recreativo,Malaga,Home,2,0,4,A,0
05/11/06,607,Recreativo,Gimnastic,Home,9,2,1,H,0
06/01/08,708,Recreativo,Almeria,Home,9,1,1,D,0
06/05/07,607,Recreativo,Ath Bilbao,Home,8,0,0,D,0
07/01/07,607,Recreativo,Espanol,Away,4,1,0,A,0
07/05/08,708,Recreativo,Villarreal,Home,6,0,2,A,0
07/10/07,708,Recreativo,Real Madrid,Away,3,0,2,H,0
07/12/08,809,Recreativo,Mallorca,Away,7,3,2,A,0
08/02/09,809,Recreativo,Ath Madrid,Home,6,0,3,A,0
08/03/09,809,Recreativo,Valladolid,Home,8,2,3,A,0
08/04/07,607,Recreativo,Celta,Home,9,4,2,H,0
09/03/08,708,Recreativo,Mallorca,Away,3,1,7,H,0
09/11/08,809,Recreativo,Sevilla,Away,3,0,1,H,0
09/12/07,708,Recreativo,Levante,Away,5,2,0,A,0
10/02/08,708,Recreativo,Espanol,Away,3,2,1,A,0
10/05/09,809,Recreativo,La Coruna,Home,5,1,2,A,0
10/06/07,607,Recreativo,La Coruna,Away,10,5,2,A,0
10/09/06,607,Recreativo,Villarreal,Away,3,1,0,A,0
10/12/06,607,Recreativo,Ath Bilbao,Away,2,2,4,H,0
11/01/09,809,Recreativo,Santander,Away,5,1,1,D,0
11/02/07,607,Recreativo,Levante,Away,2,1,2,H,0
11/03/07,607,Recreativo,Getafe,Away,7,1,1,D,0
11/04/09,809,Recreativo,Barcelona,Away,4,0,2,H,0
11/05/08,708,Recreativo,Almeria,Away,2,2,0,A,0
11/11/07,708,Recreativo,Osasuna,Home,4,1,0,H,1
12/04/08,708,Recreativo,Barcelona,Home,5,2,2,D,0
12/05/07,607,Recreativo,Sevilla,Away,5,1,2,H,0
12/11/06,607,Recreativo,Celta,Away,5,2,1,A,0
13/01/08,708,Recreativo,Valladolid,Away,4,1,3,H,0
14/01/07,607,Recreativo,La Coruna,Home,2,1,1,D,0
14/03/09,809,Recreativo,Valencia,Away,1,1,1,D,0
14/09/08,809,Recreativo,Espanol,Home,3,0,1,A,0
14/10/06,607,Recreativo,Ath Madrid,Away,4,1,2,H,1
14/12/08,809,Recreativo,Osasuna,Home,3,1,0,H,0
15/02/09,809,Recreativo,Ath Bilbao,Away,1,1,1,D,0
15/03/08,708,Recreativo,Murcia,Home,10,4,2,H,0
15/04/07,607,Recreativo,Osasuna,Away,2,1,1,D,0
16/09/07,708,Recreativo,Sevilla,Away,3,1,4,H,1
16/11/08,809,Recreativo,Barcelona,Home,2,0,2,A,0
16/12/07,708,Recreativo,Ath Madrid,Home,3,0,0,D,0
17/02/08,708,Recreativo,La Coruna,Home,4,3,2,H,1
17/03/07,607,Recreativo,Barcelona,Home,6,0,4,A,0
17/05/09,809,Recreativo,Numancia,Away,2,0,1,H,1
17/06/07,607,Recreativo,Zaragoza,Home,5,1,1,D,0
17/09/06,607,Recreativo,Levante,Home,4,0,1,A,0
17/12/06,607,Recreativo,Sevilla,Home,9,1,3,A,0
18/01/09,809,Recreativo,Sp Gijon,Home,4,2,0,H,0
18/02/07,607,Recreativo,Sociedad,Home,5,1,0,H,0
18/04/09,809,Recreativo,Real Madrid,Home,3,0,1,A,0
18/05/08,708,Recreativo,Valladolid,Home,4,1,1,D,0
19/04/08,708,Recreativo,Zaragoza,Away,0,0,3,H,1
19/10/08,809,Recreativo,Valladolid,Away,4,1,1,D,0
19/11/06,607,Recreativo,Osasuna,Home,5,2,0,H,0
20/01/08,708,Recreativo,Betis,Away,4,1,1,D,0
20/05/07,607,Recreativo,Real Madrid,Home,4,2,3,A,0
20/09/08,809,Recreativo,Ath Madrid,Away,1,0,4,H,0
20/12/06,607,Recreativo,Real Madrid,Away,5,3,0,A,0
21/01/07,607,Recreativo,Zaragoza,Away,3,0,0,D,0
21/10/07,708,Recreativo,Mallorca,Home,4,0,2,A,0
21/12/08,809,Recreativo,La Coruna,Away,2,1,4,H,0
22/02/09,809,Recreativo,Almeria,Home,7,1,1,D,0
22/03/09,809,Recreativo,Getafe,Away,4,1,2,H,0
22/04/07,607,Recreativo,Santander,Home,6,4,2,H,0
22/09/07,708,Recreativo,Espanol,Home,4,2,1,H,0
22/10/06,607,Recreativo,Getafe,Home,8,1,2,A,0
22/11/08,809,Recreativo,Real Madrid,Away,2,0,1,H,0
23/02/08,708,Recreativo,Valencia,Away,4,1,1,D,0
23/03/08,708,Recreativo,Santander,Away,2,0,2,H,1
23/04/09,809,Recreativo,Villarreal,Away,1,1,2,H,0
23/05/09,809,Recreativo,Santander,Home,1,0,1,A,0
23/12/07,708,Recreativo,Villarreal,Away,4,1,1,D,0
24/09/06,607,Recreativo,Sociedad,Away,6,3,2,A,0
24/11/07,708,Recreativo,Barcelona,Away,0,0,3,H,0
25/01/09,809,Recreativo,Betis,Home,3,1,0,H,0
25/02/07,607,Recreativo,Betis,Away,0,0,0,D,0
25/09/08,809,Recreativo,Ath Bilbao,Home,7,1,1,D,0
26/04/09,809,Recreativo,Mallorca,Home,2,2,4,A,0
26/08/07,708,Recreativo,Betis,Home,4,1,1,D,0
26/09/07,708,Recreativo,La Coruna,Away,3,2,0,A,0
26/10/08,809,Recreativo,Valencia,Home,3,1,1,D,0
26/11/06,607,Recreativo,Santander,Away,6,3,4,H,1
27/01/08,708,Recreativo,Getafe,Home,7,1,3,A,0
27/04/08,708,Recreativo,Levante,Home,7,2,0,H,0
27/05/07,607,Recreativo,Espanol,Home,4,0,1,A,1
27/08/06,607,Recreativo,Mallorca,Home,2,1,1,D,0
28/01/07,607,Recreativo,Mallorca,Away,2,1,2,H,0
28/04/07,607,Recreativo,Valencia,Away,2,0,2,H,0
28/09/08,809,Recreativo,Almeria,Away,1,0,1,H,3
28/10/06,607,Recreativo,Barcelona,Away,4,0,3,H,0
28/10/07,708,Recreativo,Murcia,Away,2,0,1,H,0
30/03/08,708,Recreativo,Ath Bilbao,Home,1,1,1,D,1
30/09/07,708,Recreativo,Valencia,Home,2,0,1,A,1
30/11/08,809,Recreativo,Villarreal,Home,2,1,2,A,0
31/05/09,809,Recreativo,Sp Gijon,Away,2,1,2,H,0
31/08/08,809,Recreativo,Betis,Away,6,1,0,A,0
31/10/07,708,Recreativo,Santander,Home,6,0,0,D,0
01/02/09,809,Santander,Barcelona,Home,4,1,2,A,0
01/03/09,809,Santander,Osasuna,Home,5,1,1,D,0
01/04/07,607,Santander,Ath Bilbao,Home,6,5,4,H,0
01/05/10,910,Santander,Tenerife,Away,2,1,2,H,0
01/05/11,1011,Santander,Mallorca,Home,3,2,0,H,0
01/05/12,1112,Santander,Getafe,Away,3,1,1,D,0
01/09/07,708,Santander,Zaragoza,Away,2,1,1,D,0
01/10/06,607,Santander,Celta,Home,4,1,1,D,1
01/10/11,1112,Santander,Vallecano,Home,4,1,1,D,0
01/11/08,809,Santander,Valencia,Away,4,4,2,A,0
01/11/09,910,Santander,Mallorca,Away,3,0,1,H,0
01/12/07,708,Santander,Real Madrid,Away,4,1,3,H,0
02/03/08,708,Santander,Valladolid,Away,4,1,0,A,0
02/04/06,506,Santander,La Coruna,Away,1,0,2,H,0
02/10/05,506,Santander,Alaves,Home,4,1,2,A,0
03/01/10,910,Santander,Tenerife,Home,2,2,0,H,0
03/01/11,1011,Santander,Ath Madrid,Away,3,0,0,D,0
03/02/08,708,Santander,Levante,Away,5,1,1,D,0
03/03/11,1011,Santander,Almeria,Away,3,1,1,D,1
03/03/12,1112,Santander,Vallecano,Away,3,2,4,H,1
03/04/11,1011,Santander,Espanol,Away,5,2,1,A,0
03/05/09,809,Santander,Almeria,Home,2,0,2,A,0
03/10/10,1011,Santander,Villarreal,Away,4,0,2,H,0
03/12/06,607,Santander,La Coruna,Away,3,0,0,D,2
03/12/11,1112,Santander,Villarreal,Home,1,1,0,H,0
04/01/09,809,Santander,Valladolid,Away,4,1,0,A,0
04/02/07,607,Santander,Getafe,Home,5,1,0,H,0
04/02/12,1112,Santander,Levante,Away,5,1,1,D,0
04/03/07,607,Santander,Osasuna,Home,7,1,0,H,0
04/04/10,910,Santander,Real Madrid,Home,2,0,2,A,0
04/05/06,506,Santander,Real Madrid,Home,5,2,3,A,0
04/05/08,708,Santander,Murcia,Home,2,3,2,H,0
04/10/09,910,Santander,Valencia,Home,6,0,1,A,0
04/11/07,708,Santander,Espanol,Home,6,1,1,D,0
04/12/05,506,Santander,Sociedad,Home,4,2,2,D,0
05/02/06,506,Santander,Celta,Home,6,0,1,A,0
05/02/11,1011,Santander,Zaragoza,Away,4,1,1,D,0
05/03/06,506,Santander,Mallorca,Home,3,0,0,D,0
05/04/09,809,Santander,Sp Gijon,Away,3,2,0,A,0
05/05/10,910,Santander,Sevilla,Home,4,1,5,A,1
05/05/12,1112,Santander,Zaragoza,Away,2,1,2,H,0
05/10/08,809,Santander,Osasuna,Away,4,1,0,A,0
05/11/06,607,Santander,Ath Bilbao,Away,2,0,0,D,0
05/12/10,1011,Santander,Malaga,Away,4,1,4,H,0
06/01/08,708,Santander,Ath Bilbao,Home,2,1,0,H,0
06/03/11,1011,Santander,Real Madrid,Home,3,1,3,A,0
06/04/08,708,Santander,La Coruna,Home,7,1,3,A,0
06/05/07,607,Santander,Zaragoza,Away,1,0,0,D,0
06/11/05,506,Santander,Betis,Home,5,1,1,D,0
06/11/10,1011,Santander,Sociedad,Away,3,0,1,H,0
06/11/11,1112,Santander,Granada,Away,2,0,0,D,1
06/12/09,910,Santander,Espanol,Away,5,4,0,A,0
07/01/07,607,Santander,Levante,Away,2,0,2,H,0
07/01/12,1112,Santander,Zaragoza,Home,4,1,0,H,0
07/02/09,809,Santander,Real Madrid,Away,3,0,1,H,0
07/02/10,910,Santander,Ath Madrid,Home,4,1,1,D,0
07/05/06,506,Santander,Osasuna,Home,6,2,1,H,1
07/05/08,708,Santander,Sevilla,Home,6,0,3,A,1
07/05/11,1011,Santander,Hercules,Away,7,3,2,A,0
07/10/07,708,Santander,Valladolid,Home,5,2,0,H,0
07/12/08,809,Santander,Ath Bilbao,Home,2,1,1,D,0
08/01/06,506,Santander,Osasuna,Away,1,1,1,D,0
08/03/09,809,Santander,La Coruna,Away,8,3,5,H,0
08/03/10,910,Santander,Valencia,Away,4,0,0,D,0
08/04/07,607,Santander,Sevilla,Away,1,0,0,D,0
08/05/10,910,Santander,Valladolid,Away,3,1,2,H,1
08/11/09,910,Santander,Ath Bilbao,Home,5,0,2,A,0
09/01/10,910,Santander,Sevilla,Away,5,2,1,A,0
09/01/11,1011,Santander,Sp Gijon,Home,3,1,1,D,0
09/03/08,708,Santander,Betis,Home,10,3,0,H,0
09/04/06,506,Santander,Barcelona,Home,3,2,2,D,0
09/04/12,1112,Santander,Malaga,Away,0,0,3,H,1
09/06/07,607,Santander,Sociedad,Away,1,0,0,D,2
09/11/08,809,Santander,Sp Gijon,Home,1,1,0,H,0
09/12/07,708,Santander,Mallorca,Home,5,3,1,H,1
10/02/08,708,Santander,Ath Madrid,Home,4,0,2,A,0
10/04/11,1011,Santander,Levante,Home,6,1,1,D,0
10/05/09,809,Santander,Malaga,Away,4,0,1,H,0
10/05/11,1011,Santander,Ath Madrid,Home,6,2,1,H,0
10/09/06,607,Santander,Getafe,Away,2,0,1,H,0
10/12/06,607,Santander,Zaragoza,Home,1,0,2,A,0
11/01/09,809,Santander,Recreativo,Home,2,1,1,D,0
11/02/07,607,Santander,Barcelona,Away,2,0,2,H,0
11/02/12,1112,Santander,Ath Madrid,Home,1,0,0,D,0
11/03/07,607,Santander,Espanol,Home,5,1,1,D,0
11/03/12,1112,Santander,Barcelona,Home,0,0,2,A,0
11/04/10,910,Santander,La Coruna,Away,4,1,1,D,0
11/05/08,708,Santander,Ath Bilbao,Away,0,0,0,D,0
11/09/05,506,Santander,Cadiz,Home,2,0,1,A,0
11/09/10,1011,Santander,Valencia,Away,7,0,1,H,0
11/09/11,1112,Santander,Levante,Home,1,0,0,D,1
11/11/07,708,Santander,La Coruna,Away,3,1,0,A,0
11/12/05,506,Santander,Getafe,Away,4,2,1,A,0
11/12/11,1112,Santander,Ath Bilbao,Away,2,1,1,D,0
12/02/06,506,Santander,Espanol,Away,3,2,0,A,0
12/02/11,1011,Santander,Sevilla,Home,4,3,2,H,1
12/03/06,506,Santander,Ath Madrid,Away,4,1,2,H,0
12/04/08,708,Santander,Valencia,Away,3,2,1,A,0
12/04/09,809,Santander,Betis,Home,3,2,3,A,1
12/04/12,1112,Santander,Mallorca,Home,4,0,3,A,0
12/09/09,910,Santander,Ath Madrid,Away,3,1,1,D,1
12/11/06,607,Santander,Sevilla,Home,3,0,0,D,0
12/12/10,1011,Santander,Mallorca,Away,3,1,0,A,0
13/01/08,708,Santander,Osasuna,Away,4,2,0,A,0
13/03/11,1011,Santander,Osasuna,Away,3,1,3,H,0
13/05/06,506,Santander,Villarreal,Away,6,0,2,H,0
13/05/07,607,Santander,Mallorca,Home,5,0,2,A,1
13/05/12,1112,Santander,Osasuna,Home,2,2,4,A,0
13/09/08,809,Santander,Barcelona,Away,1,1,1,D,0
13/12/09,910,Santander,Xerez,Home,7,3,2,H,0
14/01/07,607,Santander,Sociedad,Home,2,1,0,H,0
14/02/10,910,Santander,Malaga,Home,4,0,3,A,1
14/03/10,910,Santander,Zaragoza,Home,3,0,0,D,0
14/04/07,607,Santander,Real Madrid,Home,5,2,1,H,0
14/04/10,910,Santander,Espanol,Home,4,3,1,H,0
14/11/10,1011,Santander,Espanol,Home,4,0,0,D,0
14/12/08,809,Santander,Almeria,Away,1,1,1,D,1
15/01/06,506,Santander,Villarreal,Home,4,1,0,H,2
15/01/11,1011,Santander,Ath Bilbao,Away,4,1,2,H,1
15/01/12,1112,Santander,Osasuna,Away,5,2,0,A,0
15/02/09,809,Santander,Villarreal,Home,6,1,1,D,0
15/03/09,809,Santander,Numancia,Home,9,5,0,H,0
15/04/06,506,Santander,Sociedad,Away,2,0,1,H,0
15/04/12,1112,Santander,Villarreal,Away,3,1,1,D,0
15/05/11,1011,Santander,Sp Gijon,Away,2,1,2,H,0
15/10/06,607,Santander,Osasuna,Away,3,1,0,A,0
15/10/11,1112,Santander,Barcelona,Away,2,0,3,H,0
16/03/08,708,Santander,Getafe,Away,3,1,2,H,2
16/05/10,910,Santander,Sp Gijon,Home,8,2,0,H,0
16/09/07,708,Santander,Levante,Home,4,1,0,H,0
16/10/05,506,Santander,Mallorca,Away,4,0,0,D,0
16/11/08,809,Santander,Betis,Away,7,1,3,H,0
16/12/06,607,Santander,Mallorca,Away,3,2,1,A,0
16/12/07,708,Santander,Murcia,Away,3,1,2,H,0
17/01/10,910,Santander,Valladolid,Home,4,1,1,D,0
17/02/08,708,Santander,Villarreal,Away,1,0,0,D,0
17/03/07,607,Santander,Valencia,Away,5,2,0,A,0
17/04/11,1011,Santander,La Coruna,Away,5,0,2,H,0
17/05/09,809,Santander,Valladolid,Home,8,3,2,H,0
17/06/07,607,Santander,Betis,Home,1,0,2,A,0
17/09/06,607,Santander,Barcelona,Home,3,0,3,A,1
17/10/10,1011,Santander,Almeria,Home,14,1,0,H,0
18/01/09,809,Santander,Getafe,Away,1,1,0,A,0
18/02/07,607,Santander,Gimnastic,Home,6,4,1,H,0
18/02/12,1112,Santander,Real Madrid,Away,0,0,4,H,1
18/04/10,910,Santander,Xerez,Away,7,2,2,D,0
18/05/08,708,Santander,Osasuna,Home,2,1,0,H,0
18/09/05,506,Santander,Celta,Away,5,1,0,A,0
18/09/11,1112,Santander,Ath Madrid,Away,0,0,4,H,0
18/10/09,910,Santander,Zaragoza,Away,3,2,2,D,0
18/11/06,607,Santander,Real Madrid,Away,10,1,3,H,0
18/12/05,506,Santander,Malaga,Home,5,1,1,D,3
18/12/11,1112,Santander,Sociedad,Home,4,0,0,D,0
19/02/06,506,Santander,Ath Bilbao,Home,3,0,1,A,1
19/03/06,506,Santander,Valencia,Home,2,2,1,H,0
19/03/12,1112,Santander,Espanol,Away,3,1,3,H,1
19/04/09,809,Santander,Espanol,Away,1,0,1,H,0
19/09/09,910,Santander,Malaga,Away,3,2,1,A,0
19/09/10,1011,Santander,Zaragoza,Home,4,2,0,H,0
19/10/08,809,Santander,La Coruna,Home,1,0,0,D,1
20/01/08,708,Santander,Barcelona,Away,1,0,1,H,0
20/02/10,910,Santander,Barcelona,Away,0,0,4,H,0
20/02/11,1011,Santander,Getafe,Away,4,1,0,A,0
20/03/11,1011,Santander,Sociedad,Home,3,2,1,H,0
20/04/08,708,Santander,Real Madrid,Home,2,0,2,A,0
20/05/07,607,Santander,Villarreal,Away,3,1,2,H,0
20/11/05,506,Santander,La Coruna,Home,7,0,3,A,0
20/12/06,607,Santander,Villarreal,Home,6,2,1,H,0
20/12/09,910,Santander,Villarreal,Away,0,0,2,H,0
20/12/10,1011,Santander,Hercules,Home,2,0,0,D,0
21/01/07,607,Santander,Betis,Away,3,1,1,D,0
21/01/12,1112,Santander,Getafe,Home,8,1,2,A,0
21/03/10,910,Santander,Osasuna,Away,6,3,1,A,0
21/05/11,1011,Santander,Ath Bilbao,Home,6,1,2,A,1
21/09/05,506,Santander,Espanol,Home,7,1,0,H,0
21/09/08,809,Santander,Real Madrid,Home,2,0,2,A,0
21/09/11,1112,Santander,Real Madrid,Home,2,0,0,D,0
21/10/07,708,Santander,Betis,Away,5,1,1,D,0
21/11/09,910,Santander,Real Madrid,Away,0,0,1,H,0
21/11/10,1011,Santander,Levante,Away,4,1,3,H,1
21/11/11,1112,Santander,Malaga,Home,4,1,3,A,0
21/12/05,506,Santander,Real Madrid,Away,4,2,1,A,0
21/12/08,809,Santander,Malaga,Home,3,1,1,D,0
22/01/06,506,Santander,Sevilla,Home,6,2,3,A,0
22/01/11,1011,Santander,Barcelona,Away,3,0,3,H,0
22/02/09,809,Santander,Mallorca,Away,0,0,1,H,1
22/03/06,506,Santander,Betis,Away,1,0,1,H,1
22/03/09,809,Santander,Valencia,Home,8,0,1,A,0
22/03/12,1112,Santander,Sevilla,Home,3,0,3,A,1
22/04/07,607,Santander,Recreativo,Away,4,2,4,H,1
22/04/12,1112,Santander,Ath Bilbao,Home,3,0,1,A,0
22/09/09,910,Santander,Barcelona,Home,2,1,4,A,0
22/10/06,607,Santander,Espanol,Away,2,2,2,D,1
22/10/11,1112,Santander,Espanol,Home,5,0,1,A,0
22/12/07,708,Santander,Sevilla,Away,6,1,4,H,1
23/03/08,708,Santander,Recreativo,Home,3,2,0,H,0
23/04/06,506,Santander,Getafe,Home,4,1,3,A,0
23/04/09,809,Santander,Ath Madrid,Home,7,5,1,H,0
23/05/09,809,Santander,Recreativo,Away,1,1,0,A,0
23/09/07,708,Santander,Ath Madrid,Away,1,0,4,H,1
23/09/10,1011,Santander,Sevilla,Away,4,1,1,D,0
23/10/05,506,Santander,Ath Madrid,Home,3,0,1,A,0
23/10/10,1011,Santander,Real Madrid,Away,3,1,6,H,0
23/11/08,809,Santander,Espanol,Home,4,3,0,H,0
24/01/10,910,Santander,Sp Gijon,Away,1,1,0,A,1
24/02/08,708,Santander,Almeria,Home,6,1,0,H,0
24/03/10,910,Santander,Mallorca,Home,4,0,0,D,0
24/04/11,1011,Santander,Malaga,Home,5,1,2,A,0
24/09/06,607,Santander,Gimnastic,Away,7,2,2,D,0
24/09/08,809,Santander,Villarreal,Away,3,0,2,H,0
25/01/09,809,Santander,Sevilla,Away,7,2,0,A,1
25/02/07,607,Santander,Celta,Away,4,2,2,D,0
25/02/12,1112,Santander,Sp Gijon,Home,7,1,1,D,0
25/03/12,1112,Santander,Betis,Away,5,1,1,D,0
25/04/10,910,Santander,Villarreal,Home,6,1,2,A,0
25/09/05,506,Santander,Ath Bilbao,Away,1,0,0,D,0
25/09/11,1112,Santander,Sp Gijon,Away,3,0,0,D,0
25/10/09,910,Santander,Osasuna,Home,4,1,1,D,0
25/10/11,1112,Santander,Sevilla,Away,5,2,2,D,0
25/11/07,708,Santander,Valencia,Home,6,1,0,H,0
26/02/06,506,Santander,Alaves,Away,4,2,2,D,0
26/03/06,506,Santander,Zaragoza,Home,2,0,0,D,0
26/04/09,809,Santander,Ath Bilbao,Away,3,1,2,H,3
26/08/07,708,Santander,Barcelona,Home,5,0,0,D,1
26/09/07,708,Santander,Villarreal,Home,5,0,2,A,1
26/09/10,1011,Santander,Getafe,Home,5,0,1,A,1
26/10/08,809,Santander,Numancia,Away,2,1,2,H,0
26/11/06,607,Santander,Recreativo,Home,6,4,3,H,0
27/01/07,607,Santander,Ath Madrid,Away,4,1,1,D,0
27/01/08,708,Santander,Zaragoza,Home,3,2,2,D,0
27/02/11,1011,Santander,Villarreal,Home,9,2,2,D,0
27/04/08,708,Santander,Mallorca,Away,4,1,3,H,0
27/05/07,607,Santander,Levante,Home,6,2,3,A,0
27/08/06,607,Santander,Ath Madrid,Home,8,0,1,A,0
27/08/11,1112,Santander,Valencia,Away,3,3,4,H,0
27/09/09,910,Santander,Almeria,Away,6,2,2,D,0
27/10/05,506,Santander,Zaragoza,Away,1,1,1,D,0
27/11/05,506,Santander,Barcelona,Away,1,1,4,H,1
27/11/11,1112,Santander,Mallorca,Away,4,1,2,H,0
28/01/06,506,Santander,Cadiz,Away,2,1,1,D,0
28/02/10,910,Santander,Almeria,Home,0,0,2,A,0
28/04/12,1112,Santander,Sociedad,Away,5,0,3,H,0
28/08/05,506,Santander,Sevilla,Away,3,0,1,H,0
28/09/08,809,Santander,Mallorca,Home,7,1,2,A,0
28/10/06,607,Santander,Valencia,Home,4,1,0,H,0
28/10/07,708,Santander,Getafe,Home,5,2,0,H,0
28/11/10,1011,Santander,La Coruna,Home,6,1,0,H,0
29/01/12,1112,Santander,Valencia,Home,5,2,2,D,1
29/03/10,910,Santander,Ath Bilbao,Away,5,3,4,H,1
29/04/07,607,Santander,La Coruna,Home,1,0,0,D,0
29/08/10,1011,Santander,Barcelona,Home,7,0,3,A,0
29/11/09,910,Santander,La Coruna,Home,3,0,1,A,0
30/03/08,708,Santander,Espanol,Away,7,3,0,A,0
30/04/06,506,Santander,Malaga,Away,7,3,2,A,0
30/08/09,910,Santander,Getafe,Home,3,1,4,A,0
30/09/07,708,Santander,Almeria,Away,3,1,0,A,0
30/10/05,506,Santander,Valencia,Away,4,1,1,D,1
30/10/11,1112,Santander,Betis,Home,2,1,0,H,0
30/11/08,809,Santander,Ath Madrid,Away,2,1,4,H,1
31/01/10,910,Santander,Getafe,Away,3,0,0,D,1
31/01/11,1011,Santander,Valencia,Home,4,1,1,D,1
31/03/12,1112,Santander,Granada,Home,2,0,1,A,0
31/05/09,809,Santander,Getafe,Home,2,1,1,D,0
31/08/08,809,Santander,Sevilla,Home,2,1,1,D,0
31/10/07,708,Santander,Recreativo,Away,2,0,0,D,0
31/10/10,1011,Santander,Osasuna,Home,7,4,1,H,0
01/02/09,809,Sevilla,Sp Gijon,Away,9,0,1,H,0
01/02/14,1314,Sevilla,Malaga,Away,4,2,3,H,0
01/02/15,1415,Sevilla,Espanol,Home,7,3,2,H,0
01/02/2025,2425,Sevilla,Getafe,Away,1,0,0,D,0
01/03/08,708,Sevilla,La Coruna,Away,3,1,2,H,0
01/03/11,1011,Sevilla,Sp Gijon,Home,8,3,0,H,0
01/03/15,1415,Sevilla,Ath Madrid,Home,4,0,0,D,0
01/03/2020,1920,Sevilla,Osasuna,Home,5,3,2,H,0
01/03/2025,2425,Sevilla,Vallecano,Away,5,1,1,D,0
01/03/2026,2526,Sevilla,Betis,Away,6,2,2,D,0
01/04/07,607,Sevilla,Osasuna,Away,2,0,0,D,0
01/04/2023,2223,Sevilla,Cadiz,Away,5,2,0,A,0
01/05/11,1011,Sevilla,Almeria,Away,10,1,0,A,0
01/05/16,1516,Sevilla,Espanol,Away,0,0,1,H,0
01/05/17,1617,Sevilla,Malaga,Away,4,2,4,H,0
01/05/2023,2223,Sevilla,Girona,Home,5,0,2,A,0
01/06/13,1213,Sevilla,Valencia,Home,9,4,3,H,0
01/09/13,1314,Sevilla,Malaga,Home,7,2,2,D,0
01/09/2024,2425,Sevilla,Girona,Home,5,0,2,A,0
01/10/06,607,Sevilla,Getafe,Home,7,1,0,H,0
01/10/16,1617,Sevilla,Alaves,Home,12,2,1,H,0
01/10/2020,2021,Sevilla,Levante,Home,2,1,0,H,0
01/10/2022,2223,Sevilla,Ath Madrid,Home,3,0,2,A,0
01/11/2025,2526,Sevilla,Ath Madrid,Away,2,0,3,H,0
01/12/07,708,Sevilla,Almeria,Away,4,0,1,H,1
01/12/13,1314,Sevilla,Granada,Away,7,2,1,A,0
01/12/2019,1920,Sevilla,Leganes,Home,8,1,0,H,0
02/01/10,910,Sevilla,Ath Madrid,Away,1,1,2,H,1
02/01/11,1011,Sevilla,Osasuna,Home,5,1,0,H,0
02/01/2021,2021,Sevilla,Betis,Away,2,1,1,D,0
02/02/2019,1819,Sevilla,Celta,Away,2,0,1,H,0
02/02/2020,1920,Sevilla,Alaves,Home,3,1,1,D,0
02/02/2026,2526,Sevilla,Mallorca,Away,5,1,4,H,0
02/03/14,1314,Sevilla,Sociedad,Home,5,1,0,H,0
02/03/16,1516,Sevilla,Eibar,Home,4,1,0,H,0
02/03/17,1617,Sevilla,Ath Bilbao,Home,4,1,0,H,0
02/03/2019,1819,Sevilla,Huesca,Away,5,1,2,H,0
02/03/2024,2324,Sevilla,Sociedad,Home,5,3,2,H,0
02/04/06,506,Sevilla,Betis,Away,3,1,2,H,0
02/04/12,1112,Sevilla,Mallorca,Home,6,3,1,H,0
02/04/17,1617,Sevilla,Sp Gijon,Home,6,0,0,D,0
02/05/09,809,Sevilla,Villarreal,Away,3,2,0,A,1
02/05/10,910,Sevilla,Ath Madrid,Home,8,3,1,H,0
02/05/12,1112,Sevilla,Betis,Home,3,1,2,A,1
02/05/15,1415,Sevilla,Real Madrid,Home,5,2,3,A,0
02/09/12,1213,Sevilla,Vallecano,Away,3,0,0,D,0
02/09/2018,1819,Sevilla,Betis,Away,2,0,1,H,1
02/10/05,506,Sevilla,Espanol,Home,3,1,1,D,0
02/10/11,1112,Sevilla,Ath Madrid,Away,5,0,0,D,0
02/11/08,809,Sevilla,Valladolid,Away,4,2,3,H,1
02/11/13,1314,Sevilla,Celta,Home,4,0,1,A,0
02/11/14,1415,Sevilla,Ath Bilbao,Away,1,0,1,H,0
02/11/2019,1920,Sevilla,Ath Madrid,Home,4,1,1,D,0
02/12/17,1718,Sevilla,La Coruna,Home,6,2,0,H,0
02/12/2018,1819,Sevilla,Alaves,Away,3,1,1,D,0
02/12/2024,2425,Sevilla,Osasuna,Home,5,1,1,D,0
03/01/15,1415,Sevilla,Celta,Home,4,1,0,H,0
03/01/16,1516,Sevilla,Granada,Away,7,1,2,H,1
03/01/2020,1920,Sevilla,Ath Bilbao,Home,2,1,1,D,0
03/01/2022,2122,Sevilla,Cadiz,Away,4,1,0,A,0
03/02/08,708,Sevilla,Recreativo,Away,7,2,1,A,1
03/02/13,1213,Sevilla,Vallecano,Home,5,2,1,H,1
03/02/18,1718,Sevilla,Eibar,Away,3,1,5,H,0
03/03/07,607,Sevilla,Barcelona,Home,6,2,1,H,1
03/03/12,1112,Sevilla,Ath Madrid,Home,5,1,1,D,0
03/03/18,1718,Sevilla,Ath Bilbao,Home,8,2,0,H,0
03/04/10,910,Sevilla,Tenerife,Home,5,3,0,H,0
03/04/11,1011,Sevilla,Zaragoza,Home,10,3,1,H,0
03/04/16,1516,Sevilla,Sociedad,Home,6,1,2,A,0
03/04/2022,2122,Sevilla,Barcelona,Away,3,0,1,H,0
03/05/06,506,Sevilla,Getafe,Home,7,3,0,H,0
03/05/2019,1819,Sevilla,Leganes,Home,3,0,3,A,0
03/05/2021,2021,Sevilla,Ath Bilbao,Home,3,0,1,A,0
03/09/2022,2223,Sevilla,Barcelona,Home,4,0,3,A,0
03/10/10,1011,Sevilla,Ath Madrid,Home,10,3,1,H,0
03/10/15,1516,Sevilla,Barcelona,Home,5,2,1,H,0
03/10/2021,2122,Sevilla,Granada,Away,3,0,1,H,1
03/11/07,708,Sevilla,Real Madrid,Home,5,2,0,H,0
03/11/2024,2425,Sevilla,Sociedad,Home,0,0,2,A,0
03/12/06,607,Sevilla,Espanol,Away,3,1,2,H,0
03/12/12,1213,Sevilla,Valladolid,Home,4,1,2,A,1
03/12/16,1617,Sevilla,Granada,Away,6,1,2,H,0
03/12/2023,2324,Sevilla,Villarreal,Home,4,1,1,D,0
04/01/09,809,Sevilla,Osasuna,Home,3,1,1,D,0
04/01/2024,2324,Sevilla,Ath Bilbao,Home,2,0,2,A,0
04/01/2026,2526,Sevilla,Levante,Home,7,0,3,A,0
04/02/07,607,Sevilla,Sociedad,Home,3,0,0,D,1
04/02/15,1415,Sevilla,Real Madrid,Away,3,1,2,H,0
04/03/13,1213,Sevilla,Celta,Home,7,4,1,H,0
04/03/2022,2122,Sevilla,Alaves,Away,4,0,0,D,0
04/03/2023,2223,Sevilla,Ath Madrid,Away,1,1,6,H,1
04/04/09,809,Sevilla,Recreativo,Away,4,1,0,A,0
04/04/15,1415,Sevilla,Ath Bilbao,Home,5,2,0,H,0
04/04/2019,1819,Sevilla,Alaves,Home,5,2,0,H,0
04/04/2021,2021,Sevilla,Ath Madrid,Home,5,1,0,H,0
04/05/08,708,Sevilla,Valladolid,Home,3,2,0,H,0
04/05/14,1314,Sevilla,Villarreal,Home,3,0,0,D,0
04/05/18,1718,Sevilla,Sociedad,Home,6,1,0,H,0
04/05/2023,2223,Sevilla,Espanol,Home,6,3,2,H,0
04/05/2025,2425,Sevilla,Leganes,Home,7,2,2,D,0
04/05/2026,2526,Sevilla,Sociedad,Home,5,1,0,H,0
04/06/2023,2223,Sevilla,Sociedad,Away,4,1,2,H,0
04/10/09,910,Sevilla,Real Madrid,Home,10,2,1,H,0
04/10/2020,2021,Sevilla,Barcelona,Away,1,1,1,D,0
04/11/12,1213,Sevilla,Levante,Home,5,0,0,D,0
04/11/17,1718,Sevilla,Barcelona,Away,3,1,2,H,0
04/11/2018,1819,Sevilla,Sociedad,Away,1,0,0,D,0
04/11/2023,2324,Sevilla,Celta,Away,5,1,1,D,0
04/12/05,506,Sevilla,La Coruna,Home,3,0,2,A,2
04/12/2021,2122,Sevilla,Villarreal,Home,3,1,0,H,0
05/01/13,1213,Sevilla,Osasuna,Home,6,1,0,H,0
05/01/14,1314,Sevilla,Getafe,Home,7,3,0,H,0
05/02/06,506,Sevilla,Osasuna,Home,3,0,1,A,1
05/02/12,1112,Sevilla,Villarreal,Home,8,1,2,A,0
05/02/17,1617,Sevilla,Villarreal,Home,4,0,0,D,0
05/02/2022,2122,Sevilla,Osasuna,Away,4,0,0,D,0
05/02/2023,2223,Sevilla,Barcelona,Away,1,0,3,H,0
05/02/2024,2324,Sevilla,Vallecano,Away,6,2,1,A,0
05/03/06,506,Sevilla,Ath Bilbao,Home,4,2,1,H,1
05/03/16,1516,Sevilla,Getafe,Away,4,1,1,D,0
05/04/17,1617,Sevilla,Barcelona,Away,3,0,3,H,1
05/04/2026,2526,Sevilla,Oviedo,Away,0,0,1,H,1
05/05/10,910,Sevilla,Santander,Away,8,5,1,A,0
05/05/12,1112,Sevilla,Vallecano,Home,8,5,2,H,0
05/05/13,1213,Sevilla,Espanol,Home,5,3,0,H,0
05/05/17,1617,Sevilla,Sociedad,Home,3,1,1,D,0
05/05/2024,2324,Sevilla,Granada,Home,5,3,0,H,0
05/10/08,809,Sevilla,Ath Bilbao,Home,9,4,0,H,0
05/10/12,1213,Sevilla,Celta,Away,2,0,2,H,0
05/10/14,1415,Sevilla,La Coruna,Home,10,4,1,H,0
05/10/2025,2526,Sevilla,Barcelona,Home,5,4,1,H,0
05/11/06,607,Sevilla,Osasuna,Home,15,2,0,H,0
05/11/11,1112,Sevilla,Mallorca,Away,1,0,0,D,0
05/12/07,708,Sevilla,Osasuna,Away,5,1,1,D,0
05/12/09,910,Sevilla,Valladolid,Home,4,1,1,D,0
05/12/10,1011,Sevilla,Villarreal,Away,3,0,1,H,0
05/12/11,1112,Sevilla,Getafe,Home,7,3,0,H,0
05/12/15,1516,Sevilla,La Coruna,Away,2,1,1,D,0
05/12/2020,2021,Sevilla,Real Madrid,Home,2,0,1,A,0
06/01/07,607,Sevilla,Zaragoza,Away,4,1,2,H,1
06/01/08,708,Sevilla,Betis,Home,10,3,0,H,0
06/01/18,1718,Sevilla,Betis,Home,3,3,5,A,0
06/01/2019,1819,Sevilla,Ath Madrid,Home,5,1,1,D,0
06/02/11,1011,Sevilla,Malaga,Home,2,0,0,D,0
06/02/2021,2021,Sevilla,Getafe,Home,5,3,0,H,0
06/03/10,910,Sevilla,Real Madrid,Away,1,2,3,H,0
06/03/11,1011,Sevilla,Ath Bilbao,Away,3,0,2,H,0
06/03/17,1617,Sevilla,Alaves,Away,1,1,1,D,0
06/03/2021,2021,Sevilla,Elche,Away,3,1,2,H,0
06/04/08,708,Sevilla,Villarreal,Home,9,2,0,H,0
06/04/14,1314,Sevilla,Espanol,Home,5,4,1,H,0
06/04/2025,2425,Sevilla,Ath Madrid,Home,6,1,2,A,0
06/05/06,506,Sevilla,Malaga,Away,8,2,0,A,0
06/05/07,607,Sevilla,Real Madrid,Away,4,2,3,H,2
06/07/2020,1920,Sevilla,Eibar,Home,3,1,0,H,0
06/10/13,1314,Sevilla,Almeria,Home,6,2,1,H,0
06/10/2019,1920,Sevilla,Barcelona,Away,4,0,4,H,0
06/10/2024,2425,Sevilla,Betis,Home,5,1,0,H,1
06/11/05,506,Sevilla,Ath Madrid,Home,6,0,0,D,0
06/11/16,1617,Sevilla,Barcelona,Home,4,1,2,A,0
06/11/2022,2223,Sevilla,Betis,Away,6,1,1,D,1
07/01/17,1617,Sevilla,Sociedad,Away,10,4,0,A,0
07/02/09,809,Sevilla,Betis,Home,4,1,2,A,1
07/02/10,910,Sevilla,Zaragoza,Away,4,1,2,H,2
07/02/16,1516,Sevilla,Celta,Away,2,1,1,D,1
07/03/15,1415,Sevilla,La Coruna,Away,6,4,3,A,0
07/03/2020,1920,Sevilla,Ath Madrid,Away,4,2,2,D,0
07/04/15,1415,Sevilla,Levante,Away,5,2,1,A,0
07/04/18,1718,Sevilla,Celta,Away,6,0,4,H,0
07/04/2019,1819,Sevilla,Valladolid,Away,4,2,0,A,0
07/04/2023,2223,Sevilla,Celta,Home,2,2,2,D,2
07/05/08,708,Sevilla,Santander,Away,5,3,0,A,0
07/05/11,1011,Sevilla,Real Madrid,Home,5,2,6,A,0
07/10/07,708,Sevilla,La Coruna,Home,4,0,1,A,0
07/10/2018,1819,Sevilla,Celta,Home,3,2,1,H,0
07/10/2023,2324,Sevilla,Vallecano,Home,6,2,2,D,0
07/11/2020,2021,Sevilla,Osasuna,Home,1,1,0,H,0
07/11/2021,2122,Sevilla,Betis,Away,2,2,0,A,0
07/12/08,809,Sevilla,Real Madrid,Away,8,4,3,A,0
07/12/12,1213,Sevilla,Espanol,Away,4,2,2,D,1
07/12/14,1415,Sevilla,Vallecano,Away,6,1,0,A,1
07/12/2025,2526,Sevilla,Valencia,Away,1,1,1,D,0
08/01/06,506,Sevilla,Malaga,Home,7,3,1,H,0
08/01/11,1011,Sevilla,Sociedad,Away,5,3,2,A,0
08/01/12,1112,Sevilla,Vallecano,Away,3,1,2,H,0
08/01/2023,2223,Sevilla,Getafe,Home,5,2,1,H,0
08/02/15,1415,Sevilla,Getafe,Away,2,1,2,H,0
08/02/2026,2526,Sevilla,Girona,Home,3,1,1,D,0
08/03/09,809,Sevilla,Almeria,Home,10,2,1,H,0
08/03/2026,2526,Sevilla,Vallecano,Home,2,1,1,D,0
08/04/07,607,Sevilla,Santander,Home,5,0,0,D,0
08/04/12,1112,Sevilla,Ath Bilbao,Away,3,0,1,H,0
08/04/13,1213,Sevilla,Ath Bilbao,Home,4,2,1,H,1
08/04/17,1617,Sevilla,La Coruna,Home,13,4,2,H,0
08/04/2022,2122,Sevilla,Granada,Home,8,4,2,H,0
08/05/10,910,Sevilla,Barcelona,Home,5,2,3,A,1
08/05/16,1516,Sevilla,Granada,Home,6,1,4,A,0
08/05/2022,2122,Sevilla,Villarreal,Away,2,1,1,D,0
08/10/2022,2223,Sevilla,Ath Bilbao,Home,3,1,1,D,0
08/11/09,910,Sevilla,Villarreal,Home,6,3,2,H,0
08/11/10,1011,Sevilla,Valencia,Home,10,2,0,H,0
08/11/15,1516,Sevilla,Real Madrid,Home,5,3,2,H,0
08/11/2025,2526,Sevilla,Osasuna,Home,4,1,0,H,0
08/12/2018,1819,Sevilla,Valencia,Away,3,1,1,D,0
08/12/2019,1920,Sevilla,Osasuna,Away,4,1,1,D,0
08/12/2024,2425,Sevilla,Ath Madrid,Away,3,3,4,H,0
09/01/10,910,Sevilla,Santander,Home,7,1,2,A,0
09/01/16,1516,Sevilla,Ath Bilbao,Home,4,2,0,H,0
09/01/2021,2021,Sevilla,Sociedad,Home,7,3,2,H,0
09/01/2022,2122,Sevilla,Getafe,Home,1,1,0,H,0
09/02/08,708,Sevilla,Barcelona,Home,6,1,1,D,1
09/02/13,1213,Sevilla,Real Madrid,Away,6,1,4,H,1
09/02/14,1314,Sevilla,Barcelona,Home,4,1,4,A,0
09/02/2020,1920,Sevilla,Celta,Away,4,1,2,H,0
09/02/2025,2425,Sevilla,Barcelona,Home,4,1,4,A,0
09/03/08,708,Sevilla,Levante,Home,10,2,1,H,0
09/03/13,1213,Sevilla,Mallorca,Away,5,1,2,H,0
09/03/14,1314,Sevilla,Almeria,Away,4,3,1,A,0
09/03/2025,2425,Sevilla,Sociedad,Away,4,1,0,A,0
09/04/06,506,Sevilla,Zaragoza,Home,9,1,1,D,0
09/04/11,1011,Sevilla,Mallorca,Away,3,2,2,D,0
09/05/09,809,Sevilla,Mallorca,Home,6,3,1,H,0
09/05/18,1718,Sevilla,Real Madrid,Home,6,3,2,H,0
09/05/2021,2021,Sevilla,Real Madrid,Away,3,2,2,D,0
09/05/2026,2526,Sevilla,Espanol,Home,6,2,1,H,0
09/06/07,607,Sevilla,Mallorca,Away,5,0,0,D,1
09/07/2020,1920,Sevilla,Ath Bilbao,Away,7,2,1,A,0
09/09/17,1718,Sevilla,Eibar,Home,6,3,0,H,0
09/11/08,809,Sevilla,Recreativo,Home,3,1,0,H,0
09/11/14,1415,Sevilla,Levante,Home,6,1,1,D,0
09/11/2022,2223,Sevilla,Sociedad,Home,3,1,2,A,2
09/11/2024,2425,Sevilla,Leganes,Away,2,0,1,H,1
09/12/06,607,Sevilla,Real Madrid,Home,5,2,1,H,0
09/12/07,708,Sevilla,Murcia,Home,7,3,1,H,0
09/12/17,1718,Sevilla,Real Madrid,Away,3,0,5,H,0
09/12/2023,2324,Sevilla,Mallorca,Away,5,0,1,H,0
10/01/09,809,Sevilla,La Coruna,Away,4,3,1,A,1
10/02/07,607,Sevilla,Betis,Away,3,0,0,D,0
10/02/2019,1819,Sevilla,Eibar,Home,4,2,2,D,1
10/03/12,1112,Sevilla,Sp Gijon,Away,3,0,1,H,1
10/03/18,1718,Sevilla,Valencia,Home,5,0,2,A,0
10/03/2019,1819,Sevilla,Sociedad,Home,11,5,2,H,0
10/04/10,910,Sevilla,Malaga,Away,7,2,1,A,0
10/04/16,1516,Sevilla,Valencia,Away,4,1,2,H,0
10/05/15,1415,Sevilla,Celta,Away,4,1,1,D,0
10/05/2025,2425,Sevilla,Celta,Away,10,2,3,H,0
10/09/06,607,Sevilla,Sociedad,Away,3,3,1,A,0
10/09/11,1112,Sevilla,Villarreal,Away,5,2,2,D,0
10/09/16,1617,Sevilla,Las Palmas,Home,7,2,1,H,0
10/09/2022,2223,Sevilla,Espanol,Away,7,3,2,A,1
10/11/13,1314,Sevilla,Espanol,Away,4,3,1,A,0
10/11/2019,1920,Sevilla,Betis,Away,6,2,1,A,0
10/12/11,1112,Sevilla,Levante,Away,6,0,1,H,0
11/01/14,1314,Sevilla,Elche,Away,3,1,1,D,0
11/01/15,1415,Sevilla,Almeria,Away,6,2,0,A,0
11/01/2025,2425,Sevilla,Valencia,Home,5,1,1,D,0
11/02/06,506,Sevilla,Cadiz,Away,5,4,0,A,0
11/02/18,1718,Sevilla,Girona,Home,4,1,0,H,0
11/02/2022,2122,Sevilla,Elche,Home,6,2,0,H,0
11/02/2023,2223,Sevilla,Mallorca,Home,6,2,0,H,0
11/02/2024,2324,Sevilla,Ath Madrid,Home,6,1,0,H,0
11/03/07,607,Sevilla,Gimnastic,Away,6,0,1,H,0
11/03/17,1617,Sevilla,Leganes,Home,4,1,1,D,0
11/03/2024,2324,Sevilla,Almeria,Away,6,2,2,D,0
11/04/15,1415,Sevilla,Barcelona,Home,2,2,2,D,0
11/04/2025,2425,Sevilla,Valencia,Away,5,0,1,H,0
11/04/2026,2526,Sevilla,Ath Madrid,Home,2,2,1,H,0
11/05/08,708,Sevilla,Betis,Away,4,2,0,A,1
11/05/11,1011,Sevilla,Osasuna,Away,3,2,3,H,1
11/05/14,1314,Sevilla,Getafe,Away,1,0,1,H,0
11/05/2022,2122,Sevilla,Mallorca,Home,4,0,0,D,0
11/05/2024,2324,Sevilla,Villarreal,Away,4,2,3,H,0
11/06/2020,1920,Sevilla,Betis,Home,5,2,0,H,0
11/08/2023,2324,Sevilla,Valencia,Home,3,1,2,A,1
11/09/05,506,Sevilla,Villarreal,Away,9,1,1,D,0
11/09/15,1516,Sevilla,Levante,Away,3,1,1,D,0
11/11/07,708,Sevilla,Villarreal,Away,3,2,3,H,1
11/11/12,1213,Sevilla,Ath Bilbao,Away,7,1,2,H,0
11/11/2018,1819,Sevilla,Espanol,Home,10,2,1,H,0
11/12/05,506,Sevilla,Barcelona,Away,2,1,2,H,0
11/12/10,1011,Sevilla,Almeria,Home,8,1,3,A,1
11/12/16,1617,Sevilla,Celta,Away,5,3,0,A,0
11/12/2021,2122,Sevilla,Ath Bilbao,Away,1,1,0,A,0
12/01/08,708,Sevilla,Ath Bilbao,Away,1,0,2,H,1
12/01/13,1213,Sevilla,Valencia,Away,1,0,2,H,0
12/01/2021,2021,Sevilla,Ath Madrid,Away,2,0,2,H,0
12/01/2024,2324,Sevilla,Alaves,Home,4,2,3,A,0
12/01/2026,2526,Sevilla,Celta,Home,2,0,1,A,0
12/02/11,1011,Sevilla,Santander,Away,6,2,3,H,0
12/02/17,1617,Sevilla,Las Palmas,Away,3,1,0,A,0
12/03/06,506,Sevilla,Alaves,Away,3,1,2,H,1
12/03/2023,2223,Sevilla,Almeria,Home,5,2,1,H,0
12/04/09,809,Sevilla,Getafe,Home,5,0,1,A,0
12/04/12,1112,Sevilla,Zaragoza,Home,8,3,0,H,0
12/04/13,1213,Sevilla,Betis,Away,5,3,3,D,1
12/04/2021,2021,Sevilla,Celta,Away,6,4,3,A,0
12/05/07,607,Sevilla,Recreativo,Home,8,2,1,H,0
12/05/13,1213,Sevilla,Malaga,Away,2,0,0,D,0
12/05/18,1718,Sevilla,Betis,Away,5,2,2,D,0
12/05/2019,1819,Sevilla,Ath Madrid,Away,5,1,1,D,0
12/05/2021,2021,Sevilla,Valencia,Home,4,1,0,H,0
12/07/2020,1920,Sevilla,Mallorca,Home,5,2,0,H,0
12/08/2022,2223,Sevilla,Osasuna,Away,3,1,2,H,0
12/09/09,910,Sevilla,Zaragoza,Home,8,4,1,H,0
12/09/10,1011,Sevilla,La Coruna,Home,10,0,0,D,0
12/09/2025,2526,Sevilla,Elche,Home,3,2,2,D,0
12/11/06,607,Sevilla,Santander,Away,0,0,0,D,0
12/11/2023,2324,Sevilla,Betis,Home,4,1,1,D,0
12/12/15,1516,Sevilla,Sp Gijon,Home,7,2,0,H,0
12/12/2020,2021,Sevilla,Getafe,Away,0,1,0,A,0
13/01/2019,1819,Sevilla,Ath Bilbao,Away,4,0,2,H,0
13/02/12,1112,Sevilla,Sociedad,Away,1,0,2,H,0
13/02/2021,2021,Sevilla,Huesca,Home,4,1,0,H,0
13/03/10,910,Sevilla,La Coruna,Home,8,1,1,D,0
13/03/11,1011,Sevilla,Barcelona,Home,3,1,1,D,0
13/03/16,1516,Sevilla,Villarreal,Home,4,4,2,H,1
13/03/2022,2122,Sevilla,Vallecano,Away,2,1,1,D,0
13/04/08,708,Sevilla,Mallorca,Away,4,3,2,A,0
13/04/10,910,Sevilla,Valladolid,Away,5,1,2,H,0
13/04/14,1314,Sevilla,Betis,Away,5,2,0,A,0
13/04/2019,1819,Sevilla,Betis,Home,5,3,2,H,0
13/05/06,506,Sevilla,Barcelona,Home,4,3,2,H,0
13/05/12,1112,Sevilla,Espanol,Away,6,1,1,D,0
13/05/2025,2425,Sevilla,Las Palmas,Home,3,1,0,H,0
13/05/2026,2526,Sevilla,Villarreal,Away,5,3,2,A,0
13/12/09,910,Sevilla,Sp Gijon,Away,2,1,0,A,0
14/01/07,607,Sevilla,Mallorca,Home,2,1,2,A,0
14/01/12,1112,Sevilla,Espanol,Home,3,0,0,D,0
14/01/18,1718,Sevilla,Alaves,Away,1,0,1,H,0
14/01/2023,2223,Sevilla,Girona,Away,2,1,2,H,0
14/02/10,910,Sevilla,Osasuna,Home,3,1,0,H,0
14/02/15,1415,Sevilla,Cordoba,Home,6,3,0,H,1
14/02/16,1516,Sevilla,Las Palmas,Home,5,2,0,H,0
14/02/2026,2526,Sevilla,Alaves,Home,2,1,1,D,2
14/03/2021,2021,Sevilla,Betis,Home,3,1,0,H,0
14/04/18,1718,Sevilla,Villarreal,Home,4,2,2,D,1
14/04/2024,2324,Sevilla,Las Palmas,Away,3,2,0,A,0
14/05/16,1516,Sevilla,Ath Bilbao,Away,4,1,3,H,2
14/05/17,1617,Sevilla,Real Madrid,Away,6,1,4,H,0
14/05/2023,2223,Sevilla,Valladolid,Away,5,3,0,A,0
14/09/08,809,Sevilla,Sp Gijon,Home,13,4,3,H,0
14/09/13,1314,Sevilla,Barcelona,Away,2,2,3,H,0
14/09/14,1415,Sevilla,Getafe,Home,4,2,0,H,0
14/09/2024,2425,Sevilla,Getafe,Home,4,1,0,H,1
14/10/17,1718,Sevilla,Ath Bilbao,Away,6,0,1,H,0
14/11/10,1011,Sevilla,Zaragoza,Away,2,2,1,A,1
14/12/08,809,Sevilla,Villarreal,Home,8,1,0,H,0
14/12/14,1415,Sevilla,Eibar,Home,2,0,0,D,0
14/12/2024,2425,Sevilla,Celta,Home,3,1,0,H,0
14/12/2025,2526,Sevilla,Oviedo,Home,7,4,0,H,0
15/01/06,506,Sevilla,Real Madrid,Away,5,2,4,H,0
15/01/11,1011,Sevilla,Espanol,Home,6,1,2,A,0
15/01/17,1617,Sevilla,Real Madrid,Home,4,2,1,H,0
15/02/09,809,Sevilla,Espanol,Away,7,2,0,A,0
15/02/13,1213,Sevilla,La Coruna,Home,9,3,1,H,0
15/03/08,708,Sevilla,Valencia,Away,4,2,1,A,0
15/03/09,809,Sevilla,Malaga,Away,9,2,2,D,0
15/03/15,1415,Sevilla,Elche,Home,4,3,0,H,0
15/03/2026,2526,Sevilla,Barcelona,Away,4,2,5,H,0
15/04/06,506,Sevilla,La Coruna,Away,4,0,0,D,0
15/04/07,607,Sevilla,Valencia,Away,5,0,2,H,1
15/05/10,910,Sevilla,Almeria,Away,5,3,2,A,1
15/05/11,1011,Sevilla,Sociedad,Home,8,3,1,H,0
15/05/2022,2122,Sevilla,Ath Madrid,Away,4,1,1,D,0
15/05/2024,2324,Sevilla,Cadiz,Home,3,0,1,A,0
15/06/2020,1920,Sevilla,Levante,Away,4,1,1,D,0
15/08/2021,2122,Sevilla,Vallecano,Home,8,3,0,H,0
15/09/12,1213,Sevilla,Real Madrid,Home,7,1,0,H,0
15/09/2019,1920,Sevilla,Alaves,Away,7,1,0,A,0
15/10/06,607,Sevilla,Barcelona,Away,2,1,3,H,0
15/10/16,1617,Sevilla,Leganes,Away,4,3,2,A,0
15/10/2022,2223,Sevilla,Mallorca,Away,1,1,0,A,0
15/12/12,1213,Sevilla,Malaga,Home,2,0,2,A,1
15/12/13,1314,Sevilla,Ath Bilbao,Home,2,1,1,D,0
15/12/17,1718,Sevilla,Levante,Home,6,0,0,D,0
15/12/2019,1920,Sevilla,Villarreal,Home,5,1,2,A,0
16/01/10,910,Sevilla,Barcelona,Away,0,0,4,H,0
16/01/16,1516,Sevilla,Malaga,Home,4,2,1,H,1
16/02/08,708,Sevilla,Espanol,Away,6,4,2,A,0
16/02/14,1314,Sevilla,Valencia,Home,2,0,0,D,1
16/02/2020,1920,Sevilla,Espanol,Home,6,2,2,D,0
16/02/2025,2425,Sevilla,Valladolid,Away,6,4,0,A,0
16/03/14,1314,Sevilla,Valladolid,Home,6,4,1,H,0
16/03/2025,2425,Sevilla,Ath Bilbao,Home,4,0,1,A,0
16/04/11,1011,Sevilla,Getafe,Away,2,0,1,H,0
16/04/12,1112,Sevilla,Getafe,Away,3,1,5,H,0
16/04/17,1617,Sevilla,Valencia,Away,2,0,0,D,0
16/04/2023,2223,Sevilla,Valencia,Away,3,2,0,A,0
16/05/06,506,Sevilla,Real Madrid,Home,9,4,3,H,0
16/05/09,809,Sevilla,Osasuna,Away,1,0,0,D,1
16/05/2021,2021,Sevilla,Villarreal,Away,5,0,4,H,1
16/07/2020,1920,Sevilla,Sociedad,Away,3,0,0,D,0
16/08/2024,2425,Sevilla,Las Palmas,Away,5,2,2,D,0
16/09/07,708,Sevilla,Recreativo,Home,5,4,1,H,0
16/09/2018,1819,Sevilla,Getafe,Home,1,0,2,A,0
16/10/05,506,Sevilla,Ath Bilbao,Away,3,1,0,A,0
16/10/11,1112,Sevilla,Sp Gijon,Home,4,2,1,H,0
16/11/08,809,Sevilla,Getafe,Away,3,2,0,A,0
16/12/07,708,Sevilla,Valladolid,Away,2,0,0,D,2
16/12/2018,1819,Sevilla,Girona,Home,5,2,0,H,0
16/12/2023,2324,Sevilla,Getafe,Home,4,0,3,A,0
17/01/09,809,Sevilla,Numancia,Home,2,1,0,H,0
17/02/18,1718,Sevilla,Las Palmas,Away,6,2,1,A,0
17/02/2019,1819,Sevilla,Villarreal,Away,5,0,3,H,0
17/02/2024,2324,Sevilla,Valencia,Away,1,0,0,D,0
17/03/12,1112,Sevilla,Barcelona,Home,2,0,2,A,0
17/03/13,1213,Sevilla,Zaragoza,Home,6,4,0,H,0
17/03/2019,1819,Sevilla,Espanol,Away,3,1,0,A,1
17/03/2021,2021,Sevilla,Elche,Home,8,2,0,H,0
17/03/2024,2324,Sevilla,Celta,Home,4,1,2,A,0
17/04/10,910,Sevilla,Sp Gijon,Home,7,3,0,H,0
17/04/16,1516,Sevilla,La Coruna,Home,3,1,1,D,0
17/04/18,1718,Sevilla,La Coruna,Away,7,0,0,D,0
17/04/2022,2122,Sevilla,Real Madrid,Home,2,2,3,A,0
17/05/15,1415,Sevilla,Almeria,Home,3,2,1,H,0
17/05/2026,2526,Sevilla,Real Madrid,Home,6,0,1,A,0
17/06/07,607,Sevilla,Villarreal,Home,3,0,1,A,0
17/08/2025,2526,Sevilla,Ath Bilbao,Away,6,2,3,H,0
17/09/06,607,Sevilla,Betis,Home,4,3,2,H,0
17/09/11,1112,Sevilla,Sociedad,Home,5,1,0,H,0
17/09/16,1617,Sevilla,Eibar,Away,4,1,1,D,0
17/09/17,1718,Sevilla,Girona,Away,8,1,0,A,0
17/09/2023,2324,Sevilla,Las Palmas,Home,9,1,0,H,0
17/10/09,910,Sevilla,La Coruna,Away,1,0,1,H,0
17/10/10,1011,Sevilla,Sp Gijon,Away,4,0,2,H,0
17/10/15,1516,Sevilla,Eibar,Away,5,1,1,D,0
17/10/2020,2021,Sevilla,Granada,Away,3,0,1,H,1
17/10/2021,2122,Sevilla,Celta,Away,2,1,0,A,0
17/12/06,607,Sevilla,Recreativo,Away,4,3,1,A,1
17/12/11,1112,Sevilla,Real Madrid,Home,6,2,6,A,1
17/12/16,1617,Sevilla,Malaga,Home,5,4,1,H,1
18/01/15,1415,Sevilla,Malaga,Home,3,2,0,H,0
18/01/2020,1920,Sevilla,Real Madrid,Away,3,1,2,H,0
18/01/2025,2425,Sevilla,Girona,Away,6,2,1,A,0
18/02/06,506,Sevilla,Celta,Home,2,1,0,H,0
18/02/07,607,Sevilla,Ath Madrid,Home,5,3,1,H,1
18/02/12,1112,Sevilla,Osasuna,Home,7,2,0,H,0
18/02/17,1617,Sevilla,Eibar,Home,5,2,0,H,0
18/03/07,607,Sevilla,Celta,Home,6,2,0,H,0
18/03/18,1718,Sevilla,Leganes,Away,4,1,2,H,1
18/04/2021,2021,Sevilla,Sociedad,Away,7,2,1,A,0
18/05/08,708,Sevilla,Ath Bilbao,Home,5,4,1,H,0
18/05/13,1213,Sevilla,Sociedad,Home,4,1,2,A,1
18/05/14,1314,Sevilla,Elche,Home,5,3,1,H,0
18/05/2019,1819,Sevilla,Ath Bilbao,Home,3,2,0,H,0
18/05/2025,2425,Sevilla,Real Madrid,Home,1,0,2,A,2
18/08/12,1213,Sevilla,Getafe,Home,5,2,1,H,0
18/08/13,1314,Sevilla,Ath Madrid,Home,5,1,3,A,0
18/08/2019,1920,Sevilla,Espanol,Away,4,2,0,A,0
18/09/05,506,Sevilla,Osasuna,Away,2,0,1,H,1
18/09/2022,2223,Sevilla,Villarreal,Away,1,1,1,D,0
18/10/2022,2223,Sevilla,Valencia,Home,5,1,1,D,1
18/10/2025,2526,Sevilla,Mallorca,Home,4,1,3,A,0
18/11/06,607,Sevilla,Valencia,Home,6,3,0,H,0
18/11/12,1213,Sevilla,Betis,Home,13,5,1,H,0
18/11/17,1718,Sevilla,Celta,Home,5,2,1,H,0
18/12/05,506,Sevilla,Sociedad,Home,8,3,2,H,0
18/12/2021,2122,Sevilla,Ath Madrid,Home,2,2,1,H,0
19/01/08,708,Sevilla,Getafe,Away,7,2,3,H,0
19/01/13,1213,Sevilla,Getafe,Away,3,1,1,D,0
19/01/14,1314,Sevilla,Ath Madrid,Away,3,1,1,D,1
19/01/2019,1819,Sevilla,Real Madrid,Away,1,0,2,H,0
19/01/2021,2021,Sevilla,Alaves,Away,3,2,1,A,0
19/01/2022,2122,Sevilla,Valencia,Away,3,1,1,D,0
19/01/2026,2526,Sevilla,Elche,Away,8,2,2,D,0
19/02/2023,2223,Sevilla,Vallecano,Away,2,1,1,D,0
19/03/06,506,Sevilla,Mallorca,Home,7,1,1,D,0
19/03/17,1617,Sevilla,Ath Madrid,Away,2,1,3,H,0
19/03/2023,2223,Sevilla,Getafe,Away,4,0,2,H,0
19/04/08,708,Sevilla,Almeria,Home,8,1,4,A,1
19/04/09,809,Sevilla,Valencia,Away,3,1,3,H,1
19/04/15,1415,Sevilla,Granada,Away,3,1,1,D,0
19/05/18,1718,Sevilla,Alaves,Home,8,1,0,H,0
19/05/2024,2324,Sevilla,Ath Bilbao,Away,4,0,2,H,0
19/06/2020,1920,Sevilla,Barcelona,Home,4,0,0,D,0
19/07/2020,1920,Sevilla,Valencia,Home,4,1,0,H,0
19/08/17,1718,Sevilla,Espanol,Home,4,1,1,D,1
19/08/2018,1819,Sevilla,Vallecano,Away,8,4,1,A,0
19/08/2022,2223,Sevilla,Valladolid,Home,2,1,1,D,1
19/09/09,910,Sevilla,Osasuna,Away,4,2,0,A,0
19/09/10,1011,Sevilla,Malaga,Away,6,2,1,A,0
19/09/2021,2122,Sevilla,Sociedad,Away,4,0,0,D,0
19/10/08,809,Sevilla,Almeria,Away,3,1,0,A,0
19/10/14,1415,Sevilla,Elche,Away,7,2,0,A,0
19/11/05,506,Sevilla,Betis,Home,2,1,0,H,2
19/11/16,1617,Sevilla,La Coruna,Away,7,3,2,A,0
19/12/09,910,Sevilla,Getafe,Home,5,1,2,A,0
19/12/10,1011,Sevilla,Real Madrid,Away,2,0,1,H,1
19/12/15,1516,Sevilla,Betis,Away,2,0,0,D,0
19/12/2020,2021,Sevilla,Valladolid,Home,3,1,1,D,0
19/12/2023,2324,Sevilla,Granada,Away,5,3,0,A,0
20/01/07,607,Sevilla,Villarreal,Away,2,0,0,D,0
20/01/18,1718,Sevilla,Espanol,Away,7,3,0,A,0
20/02/10,910,Sevilla,Mallorca,Away,6,3,1,A,2
20/02/11,1011,Sevilla,Hercules,Home,6,1,0,H,0
20/02/2022,2122,Sevilla,Espanol,Away,2,1,1,D,1
20/03/10,910,Sevilla,Espanol,Away,2,0,2,H,0
20/03/11,1011,Sevilla,Valencia,Away,10,1,0,A,0
20/03/16,1516,Sevilla,Real Madrid,Away,4,0,4,H,0
20/03/2021,2021,Sevilla,Valladolid,Away,4,1,1,D,0
20/03/2022,2122,Sevilla,Sociedad,Home,0,0,0,D,0
20/04/14,1314,Sevilla,Granada,Home,5,4,0,H,0
20/04/16,1516,Sevilla,Sp Gijon,Away,8,1,2,H,0
20/04/2025,2425,Sevilla,Alaves,Home,2,1,1,D,0
20/05/07,607,Sevilla,La Coruna,Away,6,2,1,A,0
20/05/17,1617,Sevilla,Osasuna,Home,7,5,0,H,0
20/08/16,1617,Sevilla,Espanol,Home,11,6,4,H,0
20/09/11,1112,Sevilla,Osasuna,Away,5,0,0,D,0
20/09/15,1516,Sevilla,Celta,Home,5,1,2,A,0
20/09/16,1617,Sevilla,Betis,Home,3,1,0,H,0
20/09/17,1718,Sevilla,Las Palmas,Home,9,1,0,H,0
20/09/2024,2425,Sevilla,Alaves,Away,2,1,2,H,0
20/09/2025,2526,Sevilla,Alaves,Away,3,2,1,A,0
20/10/07,708,Sevilla,Levante,Away,7,2,0,A,0
20/10/13,1314,Sevilla,Valladolid,Away,6,2,2,D,0
20/10/2018,1819,Sevilla,Barcelona,Away,7,2,4,H,0
20/10/2019,1920,Sevilla,Levante,Home,5,1,0,H,0
20/10/2024,2425,Sevilla,Barcelona,Away,1,1,5,H,0
20/11/11,1112,Sevilla,Ath Bilbao,Home,5,1,2,A,0
20/11/2021,2122,Sevilla,Alaves,Home,6,2,2,D,0
20/12/06,607,Sevilla,La Coruna,Home,12,4,0,H,0
20/12/12,1213,Sevilla,Sociedad,Away,4,1,2,H,1
20/12/17,1718,Sevilla,Sociedad,Away,4,1,3,H,0
20/12/2025,2526,Sevilla,Real Madrid,Away,5,0,2,H,1
21/01/12,1112,Sevilla,Betis,Away,5,1,1,D,1
21/01/2023,2223,Sevilla,Cadiz,Home,9,1,0,H,0
21/01/2024,2324,Sevilla,Girona,Away,3,1,5,H,0
21/02/09,809,Sevilla,Ath Madrid,Home,11,1,0,H,0
21/02/16,1516,Sevilla,Vallecano,Away,7,2,2,D,0
21/03/09,809,Sevilla,Valladolid,Home,7,4,1,H,0
21/03/2026,2526,Sevilla,Valencia,Home,2,0,2,A,0
21/04/12,1112,Sevilla,Levante,Home,5,1,1,D,0
21/04/13,1213,Sevilla,Ath Madrid,Home,3,0,1,A,0
21/04/17,1617,Sevilla,Granada,Home,12,2,0,H,0
21/04/2019,1819,Sevilla,Getafe,Away,2,0,3,H,1
21/04/2021,2021,Sevilla,Levante,Away,3,1,0,A,0
21/04/2022,2122,Sevilla,Levante,Away,6,3,2,A,0
21/05/11,1011,Sevilla,Espanol,Away,3,3,2,A,0
21/05/2023,2223,Sevilla,Betis,Home,4,0,0,D,0
21/08/15,1516,Sevilla,Malaga,Away,2,0,0,D,1
21/08/2023,2324,Sevilla,Alaves,Away,2,3,4,H,0
21/09/05,506,Sevilla,Cadiz,Home,4,0,0,D,0
21/09/08,809,Sevilla,Betis,Away,1,0,0,D,0
21/09/14,1415,Sevilla,Cordoba,Away,8,3,1,A,0
21/10/17,1718,Sevilla,Valencia,Away,5,0,4,H,0
21/10/2023,2324,Sevilla,Real Madrid,Home,7,1,1,D,0
21/11/09,910,Sevilla,Tenerife,Away,3,2,1,A,0
21/11/10,1011,Sevilla,Mallorca,Home,2,1,2,A,0
21/11/15,1516,Sevilla,Sociedad,Away,5,0,2,H,0
21/11/2020,2021,Sevilla,Celta,Home,10,4,2,H,0
21/12/05,506,Sevilla,Getafe,Away,4,0,1,H,0
21/12/08,809,Sevilla,Mallorca,Away,1,0,0,D,0
21/12/13,1314,Sevilla,Villarreal,Away,4,2,1,A,1
21/12/2019,1920,Sevilla,Mallorca,Away,6,2,0,A,0
21/12/2021,2122,Sevilla,Barcelona,Home,1,1,1,D,1
22/01/06,506,Sevilla,Santander,Away,4,3,2,A,0
22/01/11,1011,Sevilla,Levante,Home,5,4,1,H,0
22/01/17,1617,Sevilla,Osasuna,Away,9,4,3,A,0
22/01/2022,2122,Sevilla,Celta,Home,5,2,2,D,0
22/02/15,1415,Sevilla,Sociedad,Away,5,3,4,H,0
22/02/2021,2021,Sevilla,Osasuna,Away,5,2,0,A,0
22/02/2026,2526,Sevilla,Getafe,Away,1,1,0,A,0
22/03/08,708,Sevilla,Ath Madrid,Home,2,1,2,A,1
22/03/12,1112,Sevilla,Santander,Away,7,3,0,A,0
22/03/15,1415,Sevilla,Villarreal,Away,5,2,0,A,0
22/04/07,607,Sevilla,Ath Bilbao,Home,5,4,1,H,0
22/04/09,809,Sevilla,Barcelona,Away,2,0,4,H,0
22/04/2024,2324,Sevilla,Mallorca,Home,4,2,1,H,0
22/05/2022,2122,Sevilla,Ath Bilbao,Home,3,1,0,H,0
22/06/2020,1920,Sevilla,Villarreal,Away,6,2,2,D,0
22/09/07,708,Sevilla,Barcelona,Away,2,1,2,H,0
22/09/09,910,Sevilla,Mallorca,Home,6,2,0,H,0
22/09/13,1314,Sevilla,Valencia,Away,3,1,3,H,0
22/09/2019,1920,Sevilla,Real Madrid,Home,0,0,1,A,0
22/09/2021,2122,Sevilla,Valencia,Home,5,3,1,H,0
22/10/05,506,Sevilla,Alaves,Home,5,2,0,H,0
22/10/06,607,Sevilla,Gimnastic,Home,9,2,1,H,0
22/10/11,1112,Sevilla,Barcelona,Away,3,0,0,D,2
22/10/12,1213,Sevilla,Mallorca,Home,9,3,2,H,0
22/10/2022,2223,Sevilla,Real Madrid,Away,2,1,3,H,0
22/11/08,809,Sevilla,Valencia,Home,3,0,0,D,0
22/11/14,1415,Sevilla,Barcelona,Away,0,1,5,H,0
22/12/07,708,Sevilla,Santander,Home,7,4,1,H,0
22/12/2020,2021,Sevilla,Valencia,Away,3,1,0,A,0
22/12/2024,2425,Sevilla,Real Madrid,Away,5,2,4,H,0
23/01/10,910,Sevilla,Almeria,Home,3,1,0,H,0
23/01/2021,2021,Sevilla,Cadiz,Home,7,3,0,H,0
23/02/08,708,Sevilla,Zaragoza,Home,8,5,0,H,0
23/02/13,1213,Sevilla,Barcelona,Away,4,1,2,H,0
23/02/14,1314,Sevilla,Vallecano,Away,2,1,0,A,1
23/02/2019,1819,Sevilla,Barcelona,Home,4,2,4,A,0
23/02/2020,1920,Sevilla,Getafe,Away,5,3,0,A,0
23/03/06,506,Sevilla,Ath Madrid,Away,6,1,0,A,0
23/03/10,910,Sevilla,Xerez,Home,3,1,1,D,0
23/03/14,1314,Sevilla,Osasuna,Away,3,2,1,A,0
23/04/2023,2223,Sevilla,Villarreal,Home,4,2,1,H,0
23/04/2026,2526,Sevilla,Levante,Away,0,0,2,H,0
23/05/09,809,Sevilla,La Coruna,Home,5,1,0,H,0
23/05/15,1415,Sevilla,Malaga,Away,6,3,2,A,0
23/05/2021,2021,Sevilla,Alaves,Home,2,1,0,H,0
23/05/2026,2526,Sevilla,Celta,Away,2,0,1,H,0
23/08/14,1415,Sevilla,Valencia,Home,3,1,1,D,0
23/08/2019,1920,Sevilla,Granada,Away,6,1,0,A,0
23/08/2021,2122,Sevilla,Getafe,Away,3,1,0,A,0
23/08/2024,2425,Sevilla,Villarreal,Home,9,1,2,A,0
23/09/10,1011,Sevilla,Santander,Home,4,1,1,D,0
23/09/15,1516,Sevilla,Las Palmas,Away,3,0,2,H,0
23/09/17,1718,Sevilla,Ath Madrid,Away,0,0,2,H,0
23/09/2018,1819,Sevilla,Levante,Away,9,6,2,A,0
23/09/2023,2324,Sevilla,Osasuna,Away,3,0,0,D,0
23/09/2025,2526,Sevilla,Villarreal,Home,2,1,2,A,0
23/10/16,1617,Sevilla,Ath Madrid,Home,5,1,0,H,0
23/12/2018,1819,Sevilla,Leganes,Away,2,1,1,D,1
23/12/2023,2324,Sevilla,Ath Madrid,Away,2,0,1,H,0
24/01/16,1516,Sevilla,Ath Madrid,Away,1,0,0,D,1
24/01/2026,2526,Sevilla,Ath Bilbao,Home,7,2,1,H,0
24/02/2025,2425,Sevilla,Mallorca,Home,4,1,1,D,0
24/04/11,1011,Sevilla,Villarreal,Home,3,3,2,H,0
24/04/16,1516,Sevilla,Betis,Home,3,2,0,H,0
24/04/2025,2425,Sevilla,Osasuna,Away,3,0,1,H,1
24/05/2023,2223,Sevilla,Elche,Away,3,1,1,D,1
24/09/06,607,Sevilla,Ath Madrid,Away,3,1,2,H,2
24/09/08,809,Sevilla,Espanol,Home,10,2,0,H,0
24/09/11,1112,Sevilla,Valencia,Home,6,1,0,H,2
24/09/12,1213,Sevilla,La Coruna,Away,7,2,0,A,0
24/09/14,1415,Sevilla,Sociedad,Home,8,1,0,H,0
24/09/16,1617,Sevilla,Ath Bilbao,Away,2,1,3,H,1
24/09/2024,2425,Sevilla,Valladolid,Home,5,2,1,H,1
24/10/09,910,Sevilla,Espanol,Home,8,0,0,D,0
24/10/10,1011,Sevilla,Ath Bilbao,Home,9,4,3,H,1
24/10/15,1516,Sevilla,Getafe,Home,13,5,0,H,0
24/10/2020,2021,Sevilla,Eibar,Home,3,0,1,A,0
24/10/2021,2122,Sevilla,Levante,Home,11,5,3,H,0
24/10/2025,2526,Sevilla,Sociedad,Away,1,1,2,H,0
24/11/07,708,Sevilla,Mallorca,Home,5,1,2,A,0
24/11/13,1314,Sevilla,Betis,Home,4,4,0,H,0
24/11/2019,1920,Sevilla,Valladolid,Away,2,1,0,A,1
24/11/2024,2425,Sevilla,Vallecano,Home,3,1,0,H,0
24/11/2025,2526,Sevilla,Espanol,Away,6,1,2,H,0
25/01/09,809,Sevilla,Santander,Home,5,0,2,A,0
25/01/14,1314,Sevilla,Levante,Home,10,2,3,A,1
25/01/15,1415,Sevilla,Valencia,Away,6,1,3,H,0
25/01/2020,1920,Sevilla,Granada,Home,4,2,0,H,0
25/01/2025,2425,Sevilla,Espanol,Home,4,1,1,D,0
25/02/07,607,Sevilla,Getafe,Away,4,0,0,D,0
25/02/17,1617,Sevilla,Betis,Away,4,2,1,A,0
25/02/18,1718,Sevilla,Ath Madrid,Home,5,2,5,A,0
25/02/2024,2324,Sevilla,Real Madrid,Away,1,0,1,H,0
25/04/10,910,Sevilla,Getafe,Away,6,3,4,H,1
25/04/2019,1819,Sevilla,Vallecano,Home,11,5,0,H,0
25/04/2021,2021,Sevilla,Granada,Home,4,2,1,H,0
25/05/2025,2425,Sevilla,Villarreal,Away,6,2,4,H,0
25/08/07,708,Sevilla,Getafe,Home,10,4,1,H,0
25/08/13,1314,Sevilla,Levante,Away,3,0,0,D,0
25/08/2025,2526,Sevilla,Getafe,Home,3,1,2,A,0
25/09/05,506,Sevilla,Celta,Away,3,1,2,H,0
25/09/07,708,Sevilla,Espanol,Home,7,2,3,A,0
25/09/13,1314,Sevilla,Vallecano,Home,7,4,1,H,0
25/09/2021,2122,Sevilla,Espanol,Home,5,2,0,H,1
25/10/11,1112,Sevilla,Santander,Home,11,2,2,D,0
25/10/2024,2425,Sevilla,Espanol,Away,3,2,0,A,0
25/11/12,1213,Sevilla,Ath Madrid,Away,2,0,4,H,3
25/11/2018,1819,Sevilla,Valladolid,Home,9,1,0,H,0
26/01/08,708,Sevilla,Osasuna,Home,8,2,1,H,0
26/01/2019,1819,Sevilla,Levante,Home,9,5,0,H,0
26/02/06,506,Sevilla,Espanol,Away,2,0,5,H,1
26/02/11,1011,Sevilla,Ath Madrid,Away,5,2,2,D,0
26/02/12,1112,Sevilla,Valencia,Away,4,2,1,A,0
26/02/2023,2223,Sevilla,Osasuna,Home,8,2,3,A,1
26/03/06,506,Sevilla,Valencia,Home,5,1,0,H,0
26/03/12,1112,Sevilla,Granada,Away,10,3,0,A,0
26/03/14,1314,Sevilla,Real Madrid,Home,3,2,1,H,0
26/04/08,708,Sevilla,Murcia,Away,3,0,0,D,0
26/04/09,809,Sevilla,Real Madrid,Home,5,2,4,A,0
26/04/15,1415,Sevilla,Vallecano,Home,7,2,0,H,0
26/04/2026,2526,Sevilla,Osasuna,Away,2,1,2,H,0
26/05/13,1213,Sevilla,Osasuna,Away,3,1,2,H,0
26/05/2024,2324,Sevilla,Barcelona,Home,6,1,2,A,0
26/06/2020,1920,Sevilla,Valladolid,Home,3,1,1,D,0
26/08/12,1213,Sevilla,Granada,Away,3,1,1,D,1
26/08/2018,1819,Sevilla,Villarreal,Home,2,0,0,D,0
26/08/2023,2324,Sevilla,Girona,Home,4,1,2,A,0
26/09/09,910,Sevilla,Ath Bilbao,Away,8,4,0,A,0
26/09/10,1011,Sevilla,Hercules,Away,5,0,2,H,0
26/09/15,1516,Sevilla,Vallecano,Home,8,3,2,H,0
26/09/2018,1819,Sevilla,Real Madrid,Home,7,3,0,H,0
26/09/2019,1920,Sevilla,Eibar,Away,4,2,3,H,0
26/09/2023,2324,Sevilla,Almeria,Home,9,5,1,H,0
26/10/08,809,Sevilla,Malaga,Home,3,0,1,A,1
26/10/14,1415,Sevilla,Villarreal,Home,4,2,1,H,0
26/11/06,607,Sevilla,Ath Bilbao,Away,3,3,1,A,0
26/11/16,1617,Sevilla,Valencia,Home,1,2,1,H,0
26/11/17,1718,Sevilla,Villarreal,Away,4,3,2,A,0
26/11/2023,2324,Sevilla,Sociedad,Away,2,1,2,H,2
27/02/2021,2021,Sevilla,Barcelona,Home,2,0,2,A,0
27/02/2022,2122,Sevilla,Betis,Home,3,2,1,H,0
27/04/14,1314,Sevilla,Ath Bilbao,Away,3,1,3,H,1
27/04/17,1617,Sevilla,Celta,Home,5,2,1,H,0
27/04/18,1718,Sevilla,Levante,Away,4,1,2,H,0
27/04/2023,2223,Sevilla,Ath Bilbao,Away,1,1,0,A,0
27/05/07,607,Sevilla,Zaragoza,Home,11,3,1,H,0
27/05/2023,2223,Sevilla,Real Madrid,Home,1,1,2,A,1
27/08/17,1718,Sevilla,Getafe,Away,3,1,0,A,0
27/08/2022,2223,Sevilla,Almeria,Away,5,1,2,H,0
27/08/2024,2425,Sevilla,Mallorca,Away,7,0,0,D,1
27/09/14,1415,Sevilla,Ath Madrid,Away,1,0,4,H,0
27/09/2020,2021,Sevilla,Cadiz,Away,5,3,1,A,0
27/10/05,506,Sevilla,Valencia,Away,2,2,0,A,0
27/10/13,1314,Sevilla,Osasuna,Home,4,2,1,H,0
27/10/2019,1920,Sevilla,Getafe,Home,8,2,0,H,0
27/10/2021,2122,Sevilla,Mallorca,Away,3,1,1,D,0
27/11/05,506,Sevilla,Zaragoza,Away,8,2,0,A,0
27/11/10,1011,Sevilla,Getafe,Home,6,1,3,A,0
27/11/11,1112,Sevilla,Zaragoza,Away,7,1,0,A,0
28/01/07,607,Sevilla,Levante,Away,3,4,2,A,0
28/01/13,1213,Sevilla,Granada,Home,9,3,0,H,0
28/01/18,1718,Sevilla,Getafe,Home,1,1,1,D,0
28/01/2023,2223,Sevilla,Elche,Home,8,3,0,H,0
28/01/2024,2324,Sevilla,Osasuna,Home,5,1,1,D,1
28/02/09,809,Sevilla,Ath Bilbao,Away,4,2,1,A,0
28/02/10,910,Sevilla,Ath Bilbao,Home,5,0,0,D,1
28/02/16,1516,Sevilla,Barcelona,Away,4,1,2,H,0
28/02/18,1718,Sevilla,Malaga,Away,4,1,0,A,0
28/03/10,910,Sevilla,Villarreal,Away,6,0,3,H,0
28/04/13,1213,Sevilla,Valladolid,Away,7,1,1,D,0
28/04/2019,1819,Sevilla,Girona,Away,3,0,1,H,1
28/04/2024,2324,Sevilla,Betis,Away,1,1,1,D,0
28/08/05,506,Sevilla,Santander,Home,5,1,0,H,0
28/08/10,1011,Sevilla,Levante,Away,8,4,1,A,0
28/08/11,1112,Sevilla,Malaga,Home,9,2,1,H,0
28/08/16,1617,Sevilla,Villarreal,Away,0,0,0,D,0
28/08/2021,2122,Sevilla,Elche,Away,5,1,1,D,0
28/09/08,809,Sevilla,Ath Madrid,Away,1,1,0,A,0
28/09/13,1314,Sevilla,Sociedad,Away,3,1,1,D,1
28/09/2025,2526,Sevilla,Vallecano,Away,1,1,0,A,0
28/10/07,708,Sevilla,Valencia,Home,5,3,0,H,0
28/10/12,1213,Sevilla,Zaragoza,Away,6,1,2,H,0
28/10/17,1718,Sevilla,Leganes,Home,5,2,1,H,0
28/10/2018,1819,Sevilla,Huesca,Home,4,2,1,H,0
28/10/2023,2324,Sevilla,Cadiz,Away,10,2,2,D,0
28/11/09,910,Sevilla,Malaga,Home,6,2,2,D,0
28/11/2020,2021,Sevilla,Huesca,Away,4,1,0,A,0
28/11/2021,2122,Sevilla,Real Madrid,Away,6,1,2,H,0
29/01/06,506,Sevilla,Villarreal,Home,7,2,0,H,0
29/01/11,1011,Sevilla,La Coruna,Away,6,3,3,D,1
29/01/12,1112,Sevilla,Malaga,Away,3,1,2,H,0
29/01/17,1617,Sevilla,Espanol,Away,5,1,3,H,1
29/03/14,1314,Sevilla,Celta,Away,3,0,1,H,0
29/04/07,607,Sevilla,Espanol,Home,8,3,1,H,0
29/04/12,1112,Sevilla,Real Madrid,Away,3,0,3,H,0
29/04/15,1415,Sevilla,Eibar,Away,6,3,1,A,0
29/04/2022,2122,Sevilla,Cadiz,Home,6,1,1,D,0
29/08/06,607,Sevilla,Levante,Home,10,4,0,H,0
29/09/07,708,Sevilla,Zaragoza,Away,4,0,2,H,0
29/09/12,1213,Sevilla,Barcelona,Home,3,2,3,A,1
29/09/2018,1819,Sevilla,Eibar,Away,5,3,1,A,0
29/09/2019,1920,Sevilla,Sociedad,Home,8,3,2,H,0
29/09/2023,2324,Sevilla,Barcelona,Away,3,0,1,H,0
29/09/2024,2425,Sevilla,Ath Bilbao,Away,4,1,1,D,0
29/10/06,607,Sevilla,Celta,Away,7,2,1,A,0
29/10/16,1617,Sevilla,Sp Gijon,Away,6,1,1,D,0
29/10/2022,2223,Sevilla,Vallecano,Home,4,0,1,A,0
29/11/08,809,Sevilla,Barcelona,Home,2,0,3,A,1
29/11/15,1516,Sevilla,Valencia,Home,5,1,0,H,0
29/12/2020,2021,Sevilla,Villarreal,Home,3,2,0,H,0
30/01/2021,2021,Sevilla,Eibar,Away,4,2,0,A,0
30/03/08,708,Sevilla,Real Madrid,Away,2,1,3,H,0
30/03/13,1213,Sevilla,Levante,Away,6,0,1,H,0
30/03/2024,2324,Sevilla,Getafe,Away,3,1,0,A,0
30/03/2025,2425,Sevilla,Betis,Away,2,1,2,H,0
30/04/06,506,Sevilla,Sociedad,Away,5,2,1,A,0
30/06/2020,1920,Sevilla,Leganes,Away,6,3,0,A,0
30/08/09,910,Sevilla,Valencia,Away,1,0,2,H,1
30/08/14,1415,Sevilla,Espanol,Away,6,2,1,A,0
30/08/15,1516,Sevilla,Ath Madrid,Home,7,0,3,A,0
30/08/2019,1920,Sevilla,Celta,Home,5,1,1,D,0
30/08/2025,2526,Sevilla,Girona,Away,4,2,0,A,0
30/09/17,1718,Sevilla,Malaga,Home,5,2,0,H,0
30/10/05,506,Sevilla,Mallorca,Away,7,1,1,D,0
30/10/10,1011,Sevilla,Barcelona,Away,1,0,5,H,1
30/10/13,1314,Sevilla,Real Madrid,Away,6,3,7,H,1
30/10/2019,1920,Sevilla,Valencia,Away,1,1,1,D,0
30/10/2021,2122,Sevilla,Osasuna,Home,4,2,0,H,0
30/11/14,1415,Sevilla,Granada,Home,8,5,1,H,0
30/11/2025,2526,Sevilla,Betis,Home,3,0,2,A,1
30/12/15,1516,Sevilla,Espanol,Home,10,2,0,H,0
30/12/2022,2223,Sevilla,Celta,Away,5,1,1,D,1
31/01/10,910,Sevilla,Valencia,Home,4,2,1,H,0
31/01/16,1516,Sevilla,Levante,Home,8,3,1,H,0
31/03/18,1718,Sevilla,Barcelona,Home,6,2,2,D,0
31/03/2019,1819,Sevilla,Valencia,Home,5,0,1,A,0
31/05/09,809,Sevilla,Numancia,Away,7,2,0,A,0
31/08/08,809,Sevilla,Santander,Away,4,1,1,D,0
31/10/07,708,Sevilla,Ath Madrid,Away,3,3,4,H,0
31/10/09,910,Sevilla,Xerez,Away,7,2,0,A,0
31/10/11,1112,Sevilla,Granada,Home,13,1,2,A,0
31/10/15,1516,Sevilla,Villarreal,Away,3,1,2,H,0
31/10/2020,2021,Sevilla,Ath Bilbao,Away,3,1,2,H,0
01/02/2026,2526,Sociedad,Ath Bilbao,Away,6,1,1,D,1
01/03/15,1415,Sociedad,Valencia,Away,0,0,2,H,0
01/03/16,1516,Sociedad,Ath Madrid,Away,1,0,3,H,0
01/03/18,1718,Sociedad,Betis,Away,5,0,0,D,0
01/03/2021,2021,Sociedad,Real Madrid,Away,2,1,1,D,0
01/04/06,506,Sociedad,Malaga,Home,9,3,0,H,0
01/04/12,1112,Sociedad,Vallecano,Home,8,4,0,H,0
01/04/17,1617,Sociedad,Leganes,Home,5,1,1,D,0
01/04/18,1718,Sociedad,Eibar,Away,0,0,0,D,0
01/05/15,1415,Sociedad,Levante,Home,3,3,0,H,0
01/05/2021,2021,Sociedad,Huesca,Away,3,0,1,H,0
01/05/2022,2122,Sociedad,Vallecano,Away,3,1,1,D,0
01/06/13,1213,Sociedad,La Coruna,Away,6,1,0,A,1
01/09/12,1213,Sociedad,Mallorca,Away,3,0,1,H,0
01/09/13,1314,Sociedad,Ath Madrid,Home,4,1,2,A,0
01/09/2024,2425,Sociedad,Getafe,Away,0,0,0,D,0
01/10/06,607,Sociedad,La Coruna,Away,2,0,2,H,0
01/10/17,1718,Sociedad,Betis,Home,6,4,4,D,0
01/11/14,1415,Sociedad,Malaga,Home,0,0,1,A,0
01/11/2020,2021,Sociedad,Celta,Away,7,4,1,A,0
01/11/2025,2526,Sociedad,Ath Bilbao,Home,5,3,2,H,0
01/12/12,1213,Sociedad,Valencia,Away,11,5,2,A,0
01/12/2024,2425,Sociedad,Betis,Home,1,2,0,H,0
02/01/2022,2122,Sociedad,Alaves,Away,4,1,1,D,0
02/01/2024,2324,Sociedad,Alaves,Home,6,1,1,D,1
02/02/14,1314,Sociedad,Ath Madrid,Away,2,0,4,H,0
02/02/18,1718,Sociedad,La Coruna,Home,8,5,0,H,0
02/02/2019,1819,Sociedad,Ath Bilbao,Home,2,2,1,H,0
02/02/2020,1920,Sociedad,Leganes,Away,1,1,2,H,0
02/02/2025,2425,Sociedad,Osasuna,Away,3,1,2,H,0
02/03/11,1011,Sociedad,Levante,Home,1,1,1,D,0
02/03/14,1314,Sociedad,Sevilla,Away,3,0,1,H,0
02/03/2022,2122,Sociedad,Mallorca,Away,3,2,0,A,0
02/03/2024,2324,Sociedad,Sevilla,Away,4,2,3,H,0
02/03/2025,2425,Sociedad,Barcelona,Away,0,0,4,H,1
02/04/2023,2223,Sociedad,Villarreal,Away,3,0,2,H,0
02/05/12,1112,Sociedad,Ath Madrid,Away,5,1,1,D,0
02/05/2023,2223,Sociedad,Real Madrid,Home,4,2,0,H,0
02/07/2020,1920,Sociedad,Espanol,Home,4,2,1,H,0
02/09/2023,2324,Sociedad,Granada,Home,6,5,3,H,0
02/10/05,506,Sociedad,Betis,Home,5,1,1,D,0
02/10/10,1011,Sociedad,Espanol,Home,4,1,0,H,0
02/10/11,1112,Sociedad,Ath Bilbao,Home,4,1,2,A,0
02/10/2022,2223,Sociedad,Girona,Away,5,5,3,A,0
02/11/13,1314,Sociedad,Osasuna,Home,8,5,0,H,0
02/12/17,1718,Sociedad,Ath Madrid,Away,2,1,2,H,0
02/12/2018,1819,Sociedad,Betis,Away,4,0,1,H,0
02/12/2023,2324,Sociedad,Osasuna,Away,5,1,1,D,0
03/01/11,1011,Sociedad,Zaragoza,Away,2,1,2,H,0
03/01/16,1516,Sociedad,Vallecano,Away,7,2,2,D,0
03/01/2021,2021,Sociedad,Osasuna,Home,2,1,1,D,0
03/02/13,1213,Sociedad,Mallorca,Home,11,3,0,H,0
03/02/2024,2324,Sociedad,Girona,Away,2,0,0,D,0
03/03/13,1213,Sociedad,Betis,Home,7,3,3,D,0
03/03/17,1617,Sociedad,Betis,Away,6,3,2,A,0
03/03/2019,1819,Sociedad,Ath Madrid,Home,3,0,2,A,0
03/03/2023,2223,Sociedad,Cadiz,Home,3,0,0,D,0
03/04/11,1011,Sociedad,Hercules,Home,5,1,3,A,0
03/04/16,1516,Sociedad,Sevilla,Away,2,2,1,A,1
03/05/06,506,Sociedad,Cadiz,Away,4,2,2,D,0
03/09/2022,2223,Sociedad,Ath Madrid,Home,5,1,1,D,0
03/10/15,1516,Sociedad,Malaga,Away,5,1,3,H,0
03/10/2020,2021,Sociedad,Getafe,Home,6,3,0,H,0
03/10/2021,2122,Sociedad,Getafe,Away,5,1,1,D,0
03/11/2019,1920,Sociedad,Granada,Away,5,2,1,A,0
03/11/2024,2425,Sociedad,Sevilla,Away,3,2,0,A,0
03/12/06,607,Sociedad,Getafe,Home,2,0,0,D,0
04/01/15,1415,Sociedad,Barcelona,Home,1,1,0,H,0
04/01/2026,2526,Sociedad,Ath Madrid,Home,8,1,1,D,0
04/02/07,607,Sociedad,Sevilla,Away,4,0,0,D,0
04/02/12,1112,Sociedad,Barcelona,Away,5,1,2,H,0
04/03/07,607,Sociedad,Zaragoza,Away,5,2,3,H,0
04/03/12,1112,Sociedad,Ath Bilbao,Away,4,0,2,H,0
04/03/18,1718,Sociedad,Alaves,Home,5,2,1,H,0
04/04/15,1415,Sociedad,Malaga,Away,3,1,1,D,0
04/04/17,1617,Sociedad,Ath Madrid,Away,1,0,1,H,0
04/04/2019,1819,Sociedad,Betis,Home,7,2,1,H,0
04/04/2022,2122,Sociedad,Espanol,Home,6,1,0,H,0
04/04/2026,2526,Sociedad,Levante,Home,5,2,0,H,0
04/05/18,1718,Sociedad,Sevilla,Away,1,0,1,H,0
04/05/2019,1819,Sociedad,Alaves,Away,2,1,0,A,0
04/05/2024,2324,Sociedad,Las Palmas,Home,4,2,0,H,0
04/05/2025,2425,Sociedad,Ath Bilbao,Home,3,0,0,D,0
04/05/2026,2526,Sociedad,Sevilla,Away,0,0,1,H,0
04/06/2023,2223,Sociedad,Sevilla,Home,6,2,1,H,0
04/11/06,607,Sociedad,Levante,Away,3,0,2,H,0
04/11/12,1213,Sociedad,Espanol,Home,8,0,1,A,0
04/11/2018,1819,Sociedad,Sevilla,Home,1,0,0,D,0
04/11/2023,2324,Sociedad,Barcelona,Home,6,0,1,A,0
04/12/05,506,Sociedad,Santander,Away,9,2,2,D,1
04/12/11,1112,Sociedad,Malaga,Home,4,3,2,H,0
04/12/2021,2122,Sociedad,Real Madrid,Home,0,0,2,A,0
05/01/14,1314,Sociedad,Ath Bilbao,Home,4,2,0,H,0
05/01/2020,1920,Sociedad,Villarreal,Home,2,1,2,A,0
05/02/06,506,Sociedad,Mallorca,Home,5,2,1,H,0
05/02/17,1617,Sociedad,Osasuna,Home,6,3,2,H,0
05/02/2023,2223,Sociedad,Valladolid,Home,4,0,1,A,0
05/03/06,506,Sociedad,Zaragoza,Home,1,1,3,A,0
05/03/2022,2122,Sociedad,Real Madrid,Away,1,1,4,H,0
05/04/14,1314,Sociedad,Real Madrid,Home,4,0,4,A,0
05/05/07,607,Sociedad,Barcelona,Home,1,0,2,A,0
05/05/12,1112,Sociedad,Osasuna,Away,3,0,1,H,0
05/05/14,1314,Sociedad,Granada,Home,6,1,1,D,1
05/05/17,1617,Sociedad,Sevilla,Away,3,1,1,D,1
05/10/13,1314,Sociedad,Vallecano,Away,6,0,1,H,0
05/10/14,1415,Sociedad,Espanol,Away,4,0,2,H,0
05/10/2018,1819,Sociedad,Ath Bilbao,Away,3,3,1,A,0
05/10/2025,2526,Sociedad,Vallecano,Home,3,0,1,A,0
05/11/05,506,Sociedad,Osasuna,Home,5,1,2,A,0
05/11/16,1617,Sociedad,Ath Madrid,Home,3,2,0,H,0
05/11/17,1718,Sociedad,Eibar,Home,6,3,1,H,0
05/12/10,1011,Sociedad,Ath Bilbao,Home,2,2,0,H,0
05/12/16,1617,Sociedad,La Coruna,Away,3,1,5,H,0
06/01/07,607,Sociedad,Osasuna,Home,4,2,1,H,0
06/01/13,1213,Sociedad,Real Madrid,Away,5,3,4,H,1
06/01/2019,1819,Sociedad,Real Madrid,Away,4,2,0,A,0
06/02/11,1011,Sociedad,Real Madrid,Away,4,1,4,H,0
06/02/2022,2122,Sociedad,Valencia,Away,2,0,0,D,0
06/03/16,1516,Sociedad,Levante,Home,3,1,1,D,0
06/04/13,1213,Sociedad,Malaga,Home,5,4,2,H,0
06/04/2025,2425,Sociedad,Las Palmas,Away,8,3,1,A,0
06/05/13,1213,Sociedad,Getafe,Away,4,1,2,H,0
06/05/2022,2122,Sociedad,Levante,Away,6,1,2,H,0
06/07/2020,1920,Sociedad,Levante,Away,3,1,1,D,0
06/10/12,1213,Sociedad,Betis,Away,5,0,2,H,0
06/10/2019,1920,Sociedad,Getafe,Home,3,1,2,A,1
06/10/2024,2425,Sociedad,Ath Madrid,Home,8,1,1,D,0
06/11/10,1011,Sociedad,Santander,Home,4,1,0,H,0
06/11/11,1112,Sociedad,Vallecano,Away,3,0,4,H,1
06/11/15,1516,Sociedad,Las Palmas,Away,6,0,2,H,0
06/11/2022,2223,Sociedad,Valencia,Home,4,1,1,D,1
06/12/15,1516,Sociedad,Eibar,Home,7,2,1,H,0
06/12/2020,2021,Sociedad,Alaves,Away,5,0,0,D,0
06/12/2025,2526,Sociedad,Alaves,Away,1,0,1,H,0
07/01/12,1112,Sociedad,Osasuna,Home,6,0,0,D,0
07/01/17,1617,Sociedad,Sevilla,Home,5,0,4,A,0
07/01/18,1718,Sociedad,Leganes,Away,5,0,1,H,0
07/02/15,1415,Sociedad,Celta,Home,3,1,1,D,0
07/02/2021,2021,Sociedad,Cadiz,Home,6,4,1,H,0
07/02/2026,2526,Sociedad,Elche,Home,3,3,1,H,0
07/03/11,1011,Sociedad,La Coruna,Away,2,1,2,H,0
07/03/2020,1920,Sociedad,Barcelona,Away,1,0,1,H,0
07/03/2021,2021,Sociedad,Levante,Home,8,1,0,H,0
07/03/2026,2526,Sociedad,Ath Madrid,Away,3,2,3,H,0
07/04/12,1112,Sociedad,Espanol,Away,4,2,2,D,1
07/04/15,1415,Sociedad,Ath Madrid,Away,2,0,2,H,0
07/04/2019,1819,Sociedad,Celta,Away,7,1,3,H,1
07/04/2021,2021,Sociedad,Ath Bilbao,Home,2,1,1,D,0
07/05/06,506,Sociedad,Celta,Home,7,2,2,D,0
07/05/11,1011,Sociedad,Valencia,Away,1,0,3,H,0
07/05/2021,2021,Sociedad,Elche,Home,3,2,0,H,0
07/11/2021,2122,Sociedad,Osasuna,Away,4,2,0,A,0
07/11/2025,2526,Sociedad,Elche,Away,5,1,1,D,0
07/12/14,1415,Sociedad,Villarreal,Away,2,0,4,H,0
08/01/06,506,Sociedad,Celta,Away,1,0,1,H,0
08/01/11,1011,Sociedad,Sevilla,Home,8,2,3,A,0
08/01/2022,2122,Sociedad,Celta,Home,3,1,0,H,0
08/01/2023,2223,Sociedad,Almeria,Away,6,2,0,A,0
08/02/16,1516,Sociedad,Espanol,Away,6,5,0,A,0
08/03/15,1415,Sociedad,Espanol,Home,4,1,0,H,0
08/04/06,506,Sociedad,Real Madrid,Away,8,1,1,D,0
08/04/07,607,Sociedad,Espanol,Away,1,0,1,H,0
08/04/18,1718,Sociedad,Girona,Home,7,5,0,H,0
08/04/2023,2223,Sociedad,Getafe,Home,6,2,0,H,0
08/05/16,1516,Sociedad,Vallecano,Home,6,2,1,H,1
08/10/2023,2324,Sociedad,Ath Madrid,Away,4,1,2,H,0
08/11/2019,1920,Sociedad,Leganes,Home,5,1,1,D,0
08/11/2020,2021,Sociedad,Granada,Home,9,2,0,H,1
08/12/12,1213,Sociedad,Getafe,Home,3,1,1,D,0
08/12/2019,1920,Sociedad,Valladolid,Away,2,0,0,D,0
08/12/2024,2425,Sociedad,Leganes,Away,5,3,0,A,0
09/01/2021,2021,Sociedad,Sevilla,Away,4,2,3,H,0
09/01/2026,2526,Sociedad,Getafe,Away,5,2,1,A,0
09/02/14,1314,Sociedad,Levante,Home,6,0,0,D,0
09/02/2020,1920,Sociedad,Ath Bilbao,Home,4,2,1,H,0
09/02/2025,2425,Sociedad,Espanol,Home,3,2,1,H,0
09/03/2024,2324,Sociedad,Granada,Away,8,3,2,A,0
09/03/2025,2425,Sociedad,Sevilla,Home,2,0,1,A,0
09/04/16,1516,Sociedad,Barcelona,Home,1,1,0,H,0
09/05/15,1415,Sociedad,Barcelona,Away,1,0,2,H,0
09/05/2026,2526,Sociedad,Betis,Home,6,2,2,D,0
09/06/07,607,Sociedad,Santander,Home,3,0,0,D,0
09/09/16,1617,Sociedad,Espanol,Home,3,1,1,D,0
09/10/2022,2223,Sociedad,Villarreal,Home,5,1,0,H,0
09/11/13,1314,Sociedad,Real Madrid,Away,3,1,5,H,0
09/11/14,1415,Sociedad,Ath Madrid,Home,5,2,1,H,0
09/11/2018,1819,Sociedad,Levante,Away,4,3,1,A,0
09/11/2022,2223,Sociedad,Sevilla,Away,9,2,1,A,0
09/12/06,607,Sociedad,Barcelona,Away,2,0,1,H,0
09/12/2018,1819,Sociedad,Valladolid,Home,5,1,2,A,0
09/12/2023,2324,Sociedad,Villarreal,Away,5,3,0,A,0
10/01/16,1516,Sociedad,Valencia,Home,7,2,0,H,0
10/02/07,607,Sociedad,Real Madrid,Home,4,1,2,A,0
10/02/13,1213,Sociedad,Zaragoza,Away,7,2,1,A,0
10/02/17,1617,Sociedad,Espanol,Away,5,2,1,A,0
10/02/18,1718,Sociedad,Real Madrid,Away,3,2,5,H,0
10/02/2019,1819,Sociedad,Valencia,Away,1,0,0,D,0
10/02/2024,2324,Sociedad,Osasuna,Home,3,0,1,A,0
10/03/12,1112,Sociedad,Zaragoza,Home,7,3,0,H,0
10/03/13,1213,Sociedad,Ath Madrid,Away,3,1,0,A,0
10/03/14,1314,Sociedad,Vallecano,Home,6,2,3,A,0
10/03/2019,1819,Sociedad,Sevilla,Away,2,2,5,H,0
10/03/2020,1920,Sociedad,Eibar,Away,2,2,1,A,0
10/04/11,1011,Sociedad,Ath Madrid,Away,4,0,3,H,0
10/04/12,1112,Sociedad,Betis,Home,4,1,1,D,0
10/04/17,1617,Sociedad,Sp Gijon,Home,7,3,1,H,0
10/04/2022,2122,Sociedad,Elche,Away,6,2,1,A,0
10/05/2025,2425,Sociedad,Ath Madrid,Away,1,0,4,H,0
10/07/2020,1920,Sociedad,Granada,Home,5,2,3,A,0
10/09/06,607,Sociedad,Sevilla,Home,2,1,3,A,0
10/09/11,1112,Sociedad,Barcelona,Home,4,2,2,D,0
10/09/17,1718,Sociedad,La Coruna,Away,4,4,2,A,0
10/11/12,1213,Sociedad,Malaga,Away,4,2,1,A,0
10/11/2024,2425,Sociedad,Barcelona,Home,6,1,0,H,0
10/12/05,506,Sociedad,Villarreal,Home,6,1,3,A,0
10/12/16,1617,Sociedad,Valencia,Home,6,3,2,H,0
10/12/17,1718,Sociedad,Malaga,Home,2,0,2,A,0
11/01/15,1415,Sociedad,Granada,Away,5,1,1,D,0
11/03/06,506,Sociedad,La Coruna,Away,1,1,0,A,0
11/03/07,607,Sociedad,Mallorca,Home,8,3,1,H,1
11/03/18,1718,Sociedad,Espanol,Away,5,1,2,H,0
11/04/2021,2021,Sociedad,Valencia,Away,5,2,2,D,0
11/04/2026,2526,Sociedad,Alaves,Home,4,3,3,D,1
11/05/11,1011,Sociedad,Zaragoza,Home,4,2,1,H,0
11/05/14,1314,Sociedad,Ath Bilbao,Away,5,1,1,D,0
11/09/05,506,Sociedad,Alaves,Home,5,2,1,H,0
11/09/2022,2223,Sociedad,Getafe,Away,6,1,2,H,0
11/11/2023,2324,Sociedad,Almeria,Away,6,3,1,A,0
11/12/11,1112,Sociedad,Villarreal,Away,2,1,1,D,1
11/12/15,1516,Sociedad,Getafe,Away,6,1,1,D,0
12/02/06,506,Sociedad,Ath Madrid,Away,4,0,1,H,1
12/03/16,1516,Sociedad,Celta,Away,6,0,1,H,0
12/03/17,1617,Sociedad,Ath Bilbao,Home,4,0,2,A,0
12/03/2023,2223,Sociedad,Mallorca,Away,2,1,1,D,1
12/04/14,1314,Sociedad,Celta,Away,5,2,2,D,0
12/04/15,1415,Sociedad,La Coruna,Home,4,2,2,D,0
12/04/2025,2425,Sociedad,Mallorca,Home,4,0,2,A,0
12/05/12,1112,Sociedad,Valencia,Home,6,1,0,H,0
12/05/18,1718,Sociedad,Leganes,Home,6,3,2,H,0
12/05/2019,1819,Sociedad,Real Madrid,Home,7,3,1,H,0
12/05/2021,2021,Sociedad,Ath Madrid,Away,7,1,2,H,0
12/05/2022,2122,Sociedad,Cadiz,Home,7,3,0,H,0
12/08/2023,2324,Sociedad,Girona,Home,2,1,1,D,0
12/09/15,1516,Sociedad,Betis,Away,3,0,1,H,0
12/09/2021,2122,Sociedad,Cadiz,Away,4,2,0,A,0
12/11/06,607,Sociedad,Espanol,Home,3,1,1,D,0
12/12/10,1011,Sociedad,Barcelona,Away,0,0,5,H,0
12/12/2021,2122,Sociedad,Betis,Away,5,0,4,H,0
12/12/2025,2526,Sociedad,Girona,Home,4,1,2,A,0
13/01/13,1213,Sociedad,La Coruna,Home,2,1,1,D,0
13/01/14,1314,Sociedad,Villarreal,Away,4,1,5,H,0
13/01/2024,2324,Sociedad,Ath Bilbao,Away,1,1,2,H,0
13/01/2025,2425,Sociedad,Villarreal,Home,3,1,0,H,0
13/02/11,1011,Sociedad,Osasuna,Home,9,1,0,H,0
13/02/12,1112,Sociedad,Sevilla,Home,6,2,0,H,0
13/02/15,1415,Sociedad,Almeria,Away,3,2,2,D,0
13/02/2022,2122,Sociedad,Granada,Home,8,2,0,H,0
13/02/2023,2223,Sociedad,Espanol,Away,5,3,2,A,0
13/03/11,1011,Sociedad,Malaga,Home,5,0,2,A,0
13/03/2022,2122,Sociedad,Alaves,Home,6,1,0,H,0
13/05/06,506,Sociedad,Espanol,Away,3,0,1,H,0
13/05/07,607,Sociedad,Gimnastic,Away,7,3,1,A,0
13/05/13,1213,Sociedad,Granada,Home,4,2,2,D,0
13/05/16,1516,Sociedad,Valencia,Away,7,1,0,A,0
13/05/2023,2223,Sociedad,Girona,Home,6,2,2,D,0
13/05/2024,2324,Sociedad,Barcelona,Away,3,0,2,H,0
13/05/2025,2425,Sociedad,Celta,Home,5,0,1,A,0
13/07/2020,1920,Sociedad,Villarreal,Away,6,2,1,A,0
13/09/10,1011,Sociedad,Almeria,Away,6,2,2,D,0
13/09/14,1415,Sociedad,Celta,Away,5,2,2,D,0
13/09/2020,2021,Sociedad,Valladolid,Away,2,1,1,D,0
13/09/2025,2526,Sociedad,Real Madrid,Home,4,1,2,A,0
13/12/2020,2021,Sociedad,Eibar,Home,2,1,1,D,0
14/01/07,607,Sociedad,Santander,Away,2,0,1,H,0
14/01/12,1112,Sociedad,Valencia,Away,2,1,0,A,0
14/01/18,1718,Sociedad,Barcelona,Home,6,2,4,A,0
14/01/2019,1819,Sociedad,Espanol,Home,4,3,2,H,1
14/01/2023,2223,Sociedad,Ath Bilbao,Home,5,3,1,H,0
14/02/16,1516,Sociedad,Granada,Home,6,3,0,H,0
14/02/2021,2021,Sociedad,Getafe,Away,2,1,0,A,0
14/02/2026,2526,Sociedad,Real Madrid,Away,3,1,4,H,0
14/03/2021,2021,Sociedad,Granada,Away,1,0,1,H,0
14/04/07,607,Sociedad,Betis,Away,1,1,0,A,0
14/04/13,1213,Sociedad,Vallecano,Away,5,2,0,A,0
14/04/18,1718,Sociedad,Las Palmas,Away,11,1,0,A,0
14/04/2019,1819,Sociedad,Eibar,Home,2,1,1,D,0
14/04/2024,2324,Sociedad,Almeria,Home,4,2,2,D,1
14/05/17,1617,Sociedad,Malaga,Home,5,2,2,D,0
14/05/2026,2526,Sociedad,Girona,Away,2,1,1,D,0
14/06/2020,1920,Sociedad,Osasuna,Home,4,1,1,D,0
14/08/2022,2223,Sociedad,Cadiz,Away,7,1,0,A,0
14/09/13,1314,Sociedad,Levante,Away,3,0,0,D,0
14/09/2019,1920,Sociedad,Ath Madrid,Home,5,2,0,H,0
14/09/2024,2425,Sociedad,Real Madrid,Home,2,0,2,A,0
14/10/17,1718,Sociedad,Alaves,Away,6,2,0,A,0
14/11/10,1011,Sociedad,Hercules,Away,1,1,2,H,0
14/12/14,1415,Sociedad,Ath Bilbao,Home,4,1,1,D,0
14/12/2019,1920,Sociedad,Barcelona,Home,5,2,2,D,0
15/01/06,506,Sociedad,Espanol,Home,2,0,1,A,0
15/01/11,1011,Sociedad,Getafe,Away,4,4,0,A,0
15/03/2019,1819,Sociedad,Levante,Home,7,1,1,D,0
15/03/2024,2324,Sociedad,Cadiz,Home,6,2,0,H,0
15/03/2026,2526,Sociedad,Osasuna,Home,6,3,1,H,0
15/04/06,506,Sociedad,Santander,Home,1,1,0,H,0
15/04/12,1112,Sociedad,Malaga,Away,2,1,1,D,1
15/04/17,1617,Sociedad,Barcelona,Away,7,2,3,H,0
15/04/2022,2122,Sociedad,Betis,Home,2,0,0,D,1
15/04/2023,2223,Sociedad,Ath Bilbao,Away,4,0,2,H,0
15/05/11,1011,Sociedad,Sevilla,Away,1,1,3,H,0
15/05/2022,2122,Sociedad,Villarreal,Away,6,2,1,A,0
15/08/2021,2122,Sociedad,Barcelona,Away,3,2,4,H,0
15/09/2018,1819,Sociedad,Barcelona,Home,5,1,2,A,0
15/10/06,607,Sociedad,Zaragoza,Home,3,1,3,A,1
15/12/12,1213,Sociedad,Granada,Away,3,0,0,D,0
15/12/13,1314,Sociedad,Betis,Home,9,5,1,H,0
15/12/2018,1819,Sociedad,Getafe,Away,4,0,1,H,0
15/12/2024,2425,Sociedad,Las Palmas,Home,4,0,0,D,0
16/01/16,1516,Sociedad,La Coruna,Home,6,1,1,D,0
16/01/17,1617,Sociedad,Malaga,Away,5,2,0,A,0
16/02/2019,1819,Sociedad,Leganes,Home,6,3,0,H,0
16/02/2025,2425,Sociedad,Betis,Away,1,0,3,H,2
16/03/13,1213,Sociedad,Valladolid,Home,10,4,1,H,0
16/03/14,1314,Sociedad,Valencia,Home,2,1,0,H,0
16/03/15,1415,Sociedad,Getafe,Away,4,1,0,A,0
16/03/2025,2425,Sociedad,Vallecano,Away,4,2,2,D,0
16/04/16,1516,Sociedad,Eibar,Away,4,1,2,H,0
16/05/2021,2021,Sociedad,Valladolid,Home,8,4,1,H,0
16/05/2024,2324,Sociedad,Valencia,Home,5,1,0,H,0
16/07/2020,1920,Sociedad,Sevilla,Home,4,0,0,D,0
16/08/2025,2526,Sociedad,Valencia,Away,3,1,1,D,0
16/09/12,1213,Sociedad,Zaragoza,Home,3,2,0,H,0
16/10/05,506,Sociedad,Zaragoza,Away,3,1,0,A,1
16/10/11,1112,Sociedad,Zaragoza,Away,2,0,2,H,0
16/10/16,1617,Sociedad,Ath Bilbao,Away,3,2,3,H,0
16/10/2021,2122,Sociedad,Mallorca,Home,2,1,0,H,1
16/10/2022,2223,Sociedad,Celta,Away,6,2,1,A,0
16/12/17,1718,Sociedad,Ath Bilbao,Away,2,0,0,D,0
16/12/2020,2021,Sociedad,Barcelona,Away,5,1,2,H,0
17/01/15,1415,Sociedad,Vallecano,Home,2,0,1,A,0
17/02/13,1213,Sociedad,Levante,Home,5,1,1,D,0
17/02/14,1314,Sociedad,Malaga,Away,3,1,0,A,0
17/03/12,1112,Sociedad,Getafe,Away,5,0,1,H,0
17/03/18,1718,Sociedad,Getafe,Home,2,1,2,A,0
17/04/11,1011,Sociedad,Sp Gijon,Home,4,2,1,H,0
17/05/15,1415,Sociedad,Granada,Home,1,0,3,A,0
17/05/2026,2526,Sociedad,Valencia,Home,3,3,4,A,0
17/06/07,607,Sociedad,Valencia,Away,3,3,3,D,0
17/08/13,1314,Sociedad,Getafe,Home,6,2,0,H,0
17/08/2019,1920,Sociedad,Valencia,Away,3,1,1,D,0
17/09/05,506,Sociedad,Mallorca,Away,4,2,5,H,0
17/09/06,607,Sociedad,Real Madrid,Away,2,0,2,H,1
17/09/11,1112,Sociedad,Sevilla,Away,1,0,1,H,0
17/09/17,1718,Sociedad,Real Madrid,Home,5,1,3,A,0
17/09/2023,2324,Sociedad,Real Madrid,Away,5,1,2,H,0
17/09/2024,2425,Sociedad,Mallorca,Away,4,0,1,H,0
17/10/10,1011,Sociedad,Levante,Away,5,1,2,H,0
17/11/17,1718,Sociedad,Girona,Away,5,1,1,D,0
17/12/06,607,Sociedad,Gimnastic,Home,4,3,2,H,0
17/12/16,1617,Sociedad,Granada,Away,6,2,0,A,0
17/12/2023,2324,Sociedad,Betis,Home,4,0,0,D,0
18/01/2026,2526,Sociedad,Barcelona,Home,6,2,1,H,1
18/02/07,607,Sociedad,Recreativo,Away,3,0,1,H,0
18/02/18,1718,Sociedad,Levante,Home,3,3,0,H,0
18/02/2023,2223,Sociedad,Celta,Home,3,1,1,D,0
18/02/2024,2324,Sociedad,Mallorca,Away,5,2,1,A,0
18/03/06,506,Sociedad,Barcelona,Home,5,0,2,A,0
18/03/07,607,Sociedad,Villarreal,Away,4,1,1,D,0
18/03/17,1617,Sociedad,Alaves,Away,2,0,1,H,1
18/04/2021,2021,Sociedad,Sevilla,Home,2,1,2,A,0
18/05/13,1213,Sociedad,Sevilla,Away,6,2,1,A,0
18/05/14,1314,Sociedad,Villarreal,Home,3,1,2,A,0
18/05/2019,1819,Sociedad,Espanol,Away,2,0,2,H,0
18/05/2025,2425,Sociedad,Girona,Home,9,3,2,H,0
18/06/2020,1920,Sociedad,Alaves,Away,1,0,2,H,1
18/08/2018,1819,Sociedad,Villarreal,Away,4,2,1,A,0
18/08/2024,2425,Sociedad,Vallecano,Home,5,1,2,A,0
18/09/10,1011,Sociedad,Real Madrid,Home,1,1,2,A,0
18/09/16,1617,Sociedad,Villarreal,Away,2,1,2,H,1
18/09/2022,2223,Sociedad,Espanol,Home,6,2,1,H,0
18/10/15,1516,Sociedad,Ath Madrid,Home,1,0,2,A,2
18/10/2020,2021,Sociedad,Betis,Away,5,3,0,A,0
18/12/05,506,Sociedad,Sevilla,Away,2,2,3,H,2
18/12/10,1011,Sociedad,Valencia,Home,2,1,2,A,0
18/12/11,1112,Sociedad,Santander,Away,4,0,0,D,1
18/12/2021,2122,Sociedad,Villarreal,Home,4,1,3,A,1
19/01/13,1213,Sociedad,Barcelona,Home,6,3,2,H,0
19/01/14,1314,Sociedad,Getafe,Away,6,2,2,D,0
19/01/2020,1920,Sociedad,Betis,Away,0,0,3,H,0
19/01/2025,2425,Sociedad,Valencia,Away,3,0,1,H,0
19/02/06,506,Sociedad,Valencia,Home,4,1,2,A,0
19/02/12,1112,Sociedad,Granada,Away,1,1,4,H,1
19/02/17,1617,Sociedad,Villarreal,Home,0,0,1,A,0
19/03/16,1516,Sociedad,Las Palmas,Home,3,0,1,A,0
19/03/2023,2223,Sociedad,Elche,Home,4,2,0,H,0
19/04/14,1314,Sociedad,Espanol,Home,8,2,1,H,0
19/04/18,1718,Sociedad,Ath Madrid,Home,4,3,0,H,0
19/05/2024,2324,Sociedad,Betis,Away,2,2,0,A,0
19/07/2020,1920,Sociedad,Ath Madrid,Away,4,1,1,D,0
19/08/12,1213,Sociedad,Barcelona,Away,2,1,5,H,0
19/08/17,1718,Sociedad,Celta,Away,6,3,2,A,0
19/08/2023,2324,Sociedad,Celta,Home,2,1,1,D,0
19/09/15,1516,Sociedad,Espanol,Home,3,2,3,A,1
19/09/2021,2122,Sociedad,Sevilla,Home,4,0,0,D,0
19/09/2025,2526,Sociedad,Betis,Away,5,1,3,H,0
19/10/13,1314,Sociedad,Valencia,Away,3,2,1,A,0
19/10/2022,2223,Sociedad,Mallorca,Home,7,1,0,H,0
19/10/2024,2425,Sociedad,Girona,Away,4,1,0,A,0
19/10/2025,2526,Sociedad,Celta,Away,7,1,1,D,0
19/11/06,607,Sociedad,Betis,Home,2,0,0,D,0
19/11/12,1213,Sociedad,Vallecano,Home,10,4,0,H,0
19/12/2020,2021,Sociedad,Levante,Away,5,1,2,H,0
20/01/2019,1819,Sociedad,Vallecano,Away,4,2,2,D,0
20/01/2024,2324,Sociedad,Celta,Away,2,1,0,A,0
20/02/2022,2122,Sociedad,Ath Bilbao,Away,2,0,4,H,0
20/03/11,1011,Sociedad,Santander,Away,5,1,2,H,0
20/03/2022,2122,Sociedad,Sevilla,Away,2,0,0,D,0
20/03/2026,2526,Sociedad,Villarreal,Away,4,1,3,H,0
20/04/15,1415,Sociedad,Elche,Away,2,0,1,H,0
20/04/2019,1819,Sociedad,Barcelona,Away,2,1,2,H,0
20/04/2025,2425,Sociedad,Villarreal,Away,4,2,2,D,0
20/05/07,607,Sociedad,Celta,Home,3,3,1,H,0
20/05/18,1718,Sociedad,Barcelona,Away,2,0,1,H,0
20/05/2023,2223,Sociedad,Barcelona,Away,6,2,1,A,0
20/09/11,1112,Sociedad,Granada,Home,4,1,0,H,0
20/09/2020,2021,Sociedad,Real Madrid,Home,1,0,0,D,0
20/10/14,1415,Sociedad,Getafe,Home,2,1,2,A,0
20/10/2019,1920,Sociedad,Betis,Home,6,3,1,H,0
20/11/05,506,Sociedad,Malaga,Away,3,1,3,H,0
20/11/11,1112,Sociedad,Espanol,Home,1,0,0,D,0
20/11/16,1617,Sociedad,Sp Gijon,Away,9,3,1,A,0
20/12/06,607,Sociedad,Celta,Away,3,0,0,D,0
20/12/12,1213,Sociedad,Sevilla,Home,4,2,1,H,0
20/12/14,1415,Sociedad,Levante,Away,2,1,1,D,0
20/12/15,1516,Sociedad,Villarreal,Home,2,0,2,A,0
20/12/17,1718,Sociedad,Sevilla,Home,5,3,1,H,0
20/12/2025,2526,Sociedad,Levante,Away,6,1,1,D,0
21/01/07,607,Sociedad,Valencia,Home,1,0,1,A,0
21/01/12,1112,Sociedad,Ath Madrid,Home,1,0,4,A,0
21/01/18,1718,Sociedad,Celta,Home,2,1,2,A,0
21/01/2023,2223,Sociedad,Vallecano,Away,7,2,0,A,0
21/02/11,1011,Sociedad,Mallorca,Home,4,1,0,H,0
21/02/16,1516,Sociedad,Ath Bilbao,Away,4,1,0,A,0
21/02/2021,2021,Sociedad,Alaves,Home,4,4,0,H,0
21/02/2026,2526,Sociedad,Oviedo,Home,8,3,3,D,0
21/03/12,1112,Sociedad,Levante,Home,3,1,3,A,1
21/03/2021,2021,Sociedad,Barcelona,Home,5,1,6,A,0
21/04/07,607,Sociedad,Ath Madrid,Home,6,2,0,H,0
21/04/13,1213,Sociedad,Osasuna,Away,4,0,0,D,0
21/04/16,1516,Sociedad,Getafe,Home,5,1,2,A,0
21/04/2022,2122,Sociedad,Barcelona,Home,5,0,1,A,0
21/04/2024,2324,Sociedad,Getafe,Away,3,1,1,D,0
21/05/11,1011,Sociedad,Getafe,Home,7,1,1,D,0
21/05/17,1617,Sociedad,Celta,Away,8,2,2,D,0
21/06/2020,1920,Sociedad,Real Madrid,Home,2,1,2,A,0
21/08/16,1617,Sociedad,Real Madrid,Home,0,0,3,A,0
21/08/2022,2223,Sociedad,Barcelona,Home,5,1,4,A,0
21/09/05,506,Sociedad,Ath Madrid,Home,9,3,2,H,0
21/09/10,1011,Sociedad,Osasuna,Away,2,1,3,H,0
21/09/13,1314,Sociedad,Malaga,Home,2,0,0,D,0
21/09/14,1415,Sociedad,Almeria,Home,6,1,2,A,0
21/09/16,1617,Sociedad,Las Palmas,Home,7,4,1,H,0
21/09/17,1718,Sociedad,Levante,Away,3,0,3,H,1
21/09/2018,1819,Sociedad,Huesca,Away,1,1,0,A,2
21/09/2024,2425,Sociedad,Valladolid,Away,4,0,0,D,0
21/10/12,1213,Sociedad,Ath Madrid,Home,3,0,1,A,0
21/10/2023,2324,Sociedad,Mallorca,Home,6,1,0,H,0
21/11/10,1011,Sociedad,Ath Madrid,Home,4,2,4,A,0
21/11/15,1516,Sociedad,Sevilla,Home,7,2,0,H,0
21/11/2021,2122,Sociedad,Valencia,Home,2,0,0,D,1
21/12/05,506,Sociedad,Cadiz,Home,6,2,0,H,0
21/12/13,1314,Sociedad,Granada,Away,7,3,1,A,0
21/12/2018,1819,Sociedad,Alaves,Home,4,0,1,A,0
21/12/2023,2324,Sociedad,Cadiz,Away,1,0,0,D,0
21/12/2024,2425,Sociedad,Celta,Away,1,0,2,H,0
22/01/06,506,Sociedad,Ath Bilbao,Home,6,3,3,D,0
22/01/16,1516,Sociedad,Sp Gijon,Away,3,1,5,H,0
22/01/17,1617,Sociedad,Celta,Home,6,1,0,H,0
22/02/13,1213,Sociedad,Ath Bilbao,Away,5,3,1,A,0
22/02/14,1314,Sociedad,Barcelona,Home,3,3,1,H,0
22/02/15,1415,Sociedad,Sevilla,Home,8,4,3,H,0
22/02/2020,1920,Sociedad,Valencia,Home,7,3,0,H,0
22/03/06,506,Sociedad,Osasuna,Away,2,0,2,H,0
22/03/15,1415,Sociedad,Cordoba,Home,3,3,1,H,0
22/04/06,506,Sociedad,Villarreal,Away,2,2,0,A,0
22/04/12,1112,Sociedad,Villarreal,Home,4,1,1,D,0
22/04/18,1718,Sociedad,Malaga,Away,2,0,2,H,0
22/04/2021,2021,Sociedad,Celta,Home,3,2,1,H,0
22/04/2023,2223,Sociedad,Vallecano,Home,1,2,1,H,0
22/04/2026,2526,Sociedad,Getafe,Home,4,0,1,A,0
22/05/2021,2021,Sociedad,Osasuna,Away,1,1,0,A,0
22/05/2022,2122,Sociedad,Ath Madrid,Home,3,1,2,A,0
22/08/15,1516,Sociedad,La Coruna,Away,2,0,0,D,0
22/08/2021,2122,Sociedad,Vallecano,Home,8,1,0,H,0
22/09/15,1516,Sociedad,Granada,Away,5,3,0,A,0
22/09/2019,1920,Sociedad,Espanol,Away,5,3,1,A,0
22/10/06,607,Sociedad,Mallorca,Away,0,0,0,D,1
22/10/16,1617,Sociedad,Alaves,Home,5,3,0,H,0
22/10/2018,1819,Sociedad,Girona,Home,8,0,0,D,0
22/10/2022,2223,Sociedad,Valladolid,Away,2,0,1,H,0
22/11/14,1415,Sociedad,La Coruna,Away,5,0,0,D,0
22/11/2020,2021,Sociedad,Cadiz,Away,4,1,0,A,0
22/11/2025,2526,Sociedad,Osasuna,Away,9,3,1,A,0
22/12/2019,1920,Sociedad,Osasuna,Away,7,4,3,A,0
22/12/2020,2021,Sociedad,Ath Madrid,Home,1,0,2,A,0
23/01/11,1011,Sociedad,Villarreal,Away,1,1,2,H,0
23/01/2021,2021,Sociedad,Betis,Home,6,2,2,D,0
23/01/2022,2122,Sociedad,Getafe,Home,3,0,0,D,0
23/02/2024,2324,Sociedad,Villarreal,Home,8,1,3,A,0
23/02/2025,2425,Sociedad,Leganes,Home,5,3,0,H,0
23/04/11,1011,Sociedad,Ath Bilbao,Away,3,1,2,H,0
23/04/17,1617,Sociedad,La Coruna,Home,3,1,0,H,0
23/04/2025,2425,Sociedad,Alaves,Away,0,0,1,H,0
23/05/15,1415,Sociedad,Vallecano,Away,8,4,2,A,0
23/05/2023,2223,Sociedad,Almeria,Home,2,1,0,H,0
23/05/2026,2526,Sociedad,Espanol,Away,4,1,1,D,0
23/09/12,1213,Sociedad,Levante,Away,6,1,2,H,0
23/09/2021,2122,Sociedad,Granada,Away,11,3,2,A,0
23/10/05,506,Sociedad,La Coruna,Home,9,2,0,H,0
23/10/11,1112,Sociedad,Getafe,Home,2,0,0,D,0
23/10/17,1718,Sociedad,Espanol,Home,5,1,1,D,1
23/11/12,1213,Sociedad,Osasuna,Home,3,0,0,D,0
23/11/13,1314,Sociedad,Celta,Home,12,4,3,H,0
23/11/2019,1920,Sociedad,Real Madrid,Away,6,1,3,H,0
24/01/15,1415,Sociedad,Eibar,Home,4,1,0,H,0
24/02/07,607,Sociedad,La Coruna,Home,3,0,1,A,0
24/02/17,1617,Sociedad,Las Palmas,Away,2,1,0,A,0
24/03/12,1112,Sociedad,Real Madrid,Away,4,1,5,H,0
24/03/14,1314,Sociedad,Almeria,Away,11,3,4,H,0
24/04/16,1516,Sociedad,Villarreal,Away,2,0,0,D,0
24/05/2025,2425,Sociedad,Real Madrid,Away,1,0,2,H,0
24/06/2020,1920,Sociedad,Celta,Home,6,0,1,A,0
24/08/13,1314,Sociedad,Elche,Away,4,1,1,D,0
24/08/14,1415,Sociedad,Eibar,Away,4,0,1,H,0
24/08/2018,1819,Sociedad,Leganes,Away,6,2,2,D,0
24/08/2024,2425,Sociedad,Espanol,Away,4,1,0,A,0
24/08/2025,2526,Sociedad,Espanol,Home,7,2,2,D,0
24/09/05,506,Sociedad,Valencia,Away,4,1,2,H,0
24/09/06,607,Sociedad,Recreativo,Home,3,2,3,A,0
24/09/13,1314,Sociedad,Barcelona,Away,5,1,4,H,0
24/09/14,1415,Sociedad,Sevilla,Away,1,0,1,H,0
24/09/16,1617,Sociedad,Eibar,Away,0,0,2,H,1
24/09/17,1718,Sociedad,Valencia,Home,6,2,3,A,1
24/09/2023,2324,Sociedad,Getafe,Home,6,4,3,H,0
24/09/2025,2526,Sociedad,Mallorca,Home,4,1,0,H,0
24/10/2021,2122,Sociedad,Ath Madrid,Away,4,2,2,D,0
24/10/2025,2526,Sociedad,Sevilla,Home,3,2,1,H,0
24/11/2024,2425,Sociedad,Ath Bilbao,Away,1,0,1,H,0
25/01/2026,2526,Sociedad,Celta,Home,4,3,1,H,1
25/02/18,1718,Sociedad,Valencia,Away,3,1,2,H,0
25/02/2019,1819,Sociedad,Girona,Away,1,0,0,D,0
25/02/2023,2223,Sociedad,Valencia,Away,3,0,1,H,0
25/04/15,1415,Sociedad,Villarreal,Home,2,0,0,D,0
25/04/2019,1819,Sociedad,Villarreal,Home,2,0,1,A,0
25/04/2023,2223,Sociedad,Betis,Away,3,0,0,D,0
25/05/2024,2324,Sociedad,Ath Madrid,Home,4,0,2,A,0
25/08/12,1213,Sociedad,Celta,Home,6,2,1,H,0
25/08/17,1718,Sociedad,Villarreal,Home,9,3,0,H,0
25/08/2019,1920,Sociedad,Mallorca,Away,4,1,0,A,0
25/08/2023,2324,Sociedad,Las Palmas,Away,1,0,0,D,0
25/09/11,1112,Sociedad,Mallorca,Away,5,1,2,H,0
25/09/2018,1819,Sociedad,Vallecano,Home,6,2,2,D,0
25/10/10,1011,Sociedad,La Coruna,Home,7,3,0,H,0
25/10/14,1415,Sociedad,Cordoba,Away,1,1,1,D,0
25/10/15,1516,Sociedad,Levante,Away,6,4,0,A,0
25/10/2020,2021,Sociedad,Huesca,Home,6,4,1,H,0
25/11/06,607,Sociedad,Ath Madrid,Away,1,1,1,D,0
26/01/13,1213,Sociedad,Celta,Away,4,1,1,D,0
26/01/2020,1920,Sociedad,Mallorca,Home,5,3,0,H,0
26/01/2025,2425,Sociedad,Getafe,Home,4,0,3,A,0
26/02/06,506,Sociedad,Betis,Away,2,0,2,H,0
26/02/11,1011,Sociedad,Espanol,Away,5,1,4,H,0
26/02/12,1112,Sociedad,Mallorca,Home,1,1,0,H,0
26/03/06,506,Sociedad,Getafe,Away,3,1,2,H,1
26/04/14,1314,Sociedad,Betis,Away,3,1,0,A,0
26/04/17,1617,Sociedad,Valencia,Away,2,3,2,A,0
26/04/2021,2021,Sociedad,Eibar,Away,2,1,0,A,0
26/04/2024,2324,Sociedad,Real Madrid,Home,3,0,1,A,0
26/04/2026,2526,Sociedad,Vallecano,Away,8,3,3,D,0
26/05/13,1213,Sociedad,Real Madrid,Home,12,3,3,D,0
26/09/10,1011,Sociedad,Mallorca,Away,3,0,2,H,0
26/09/2019,1920,Sociedad,Alaves,Home,7,3,0,H,0
26/09/2020,2021,Sociedad,Elche,Away,7,3,0,A,0
26/09/2021,2122,Sociedad,Elche,Home,5,1,0,H,0
26/10/11,1112,Sociedad,Levante,Away,5,2,3,H,0
26/11/17,1718,Sociedad,Las Palmas,Home,3,2,2,D,1
26/11/2018,1819,Sociedad,Celta,Home,8,2,1,H,0
26/11/2023,2324,Sociedad,Sevilla,Home,8,2,1,H,0
27/01/14,1314,Sociedad,Elche,Home,5,4,0,H,0
27/01/18,1718,Sociedad,Villarreal,Away,6,2,4,H,0
27/01/2019,1819,Sociedad,Huesca,Home,1,0,0,D,0
27/01/2024,2324,Sociedad,Vallecano,Home,3,0,0,D,0
27/02/16,1516,Sociedad,Malaga,Home,3,1,1,D,0
27/02/2022,2122,Sociedad,Osasuna,Home,5,1,0,H,0
27/03/14,1314,Sociedad,Valladolid,Home,7,1,0,H,0
27/05/07,607,Sociedad,Osasuna,Away,0,0,2,H,0
27/08/05,506,Sociedad,Ath Bilbao,Away,2,0,3,H,0
27/08/06,607,Sociedad,Ath Bilbao,Away,4,1,1,D,0
27/08/11,1112,Sociedad,Sp Gijon,Away,2,2,1,A,1
27/08/16,1617,Sociedad,Osasuna,Away,4,2,0,A,0
27/08/2022,2223,Sociedad,Elche,Away,5,1,0,A,0
27/09/15,1516,Sociedad,Ath Bilbao,Home,4,0,0,D,0
27/09/2023,2324,Sociedad,Valencia,Away,1,1,0,A,0
27/10/05,506,Sociedad,Getafe,Home,5,3,0,H,0
27/10/13,1314,Sociedad,Almeria,Home,3,3,0,H,0
27/10/2018,1819,Sociedad,Ath Madrid,Away,0,0,2,H,0
27/10/2019,1920,Sociedad,Celta,Away,4,1,0,A,0
27/10/2024,2425,Sociedad,Osasuna,Home,9,0,2,A,0
27/11/05,506,Sociedad,Real Madrid,Home,5,2,2,D,1
27/11/11,1112,Sociedad,Betis,Away,7,3,2,A,0
27/11/16,1617,Sociedad,Barcelona,Home,6,1,1,D,0
28/01/07,607,Sociedad,Ath Bilbao,Home,5,0,2,A,0
28/02/17,1617,Sociedad,Eibar,Home,7,2,2,D,1
28/02/2020,1920,Sociedad,Valladolid,Home,4,1,0,H,0
28/02/2026,2526,Sociedad,Mallorca,Away,2,1,0,A,0
28/04/12,1112,Sociedad,Santander,Home,5,3,0,H,0
28/04/13,1213,Sociedad,Valencia,Home,6,4,2,H,0
28/04/15,1415,Sociedad,Ath Bilbao,Away,8,1,1,D,1
28/04/18,1718,Sociedad,Ath Bilbao,Home,4,3,1,H,1
28/04/2019,1819,Sociedad,Getafe,Home,7,2,1,H,0
28/04/2023,2223,Sociedad,Osasuna,Away,8,2,0,A,0
28/05/2023,2223,Sociedad,Ath Madrid,Away,5,1,2,H,0
28/08/2021,2122,Sociedad,Levante,Home,2,1,0,H,0
28/08/2024,2425,Sociedad,Alaves,Home,1,1,2,A,1
28/09/13,1314,Sociedad,Sevilla,Home,5,1,1,D,0
28/09/14,1415,Sociedad,Valencia,Home,5,1,1,D,0
28/09/2024,2425,Sociedad,Valencia,Home,6,3,0,H,0
28/09/2025,2526,Sociedad,Barcelona,Away,2,1,2,H,0
28/10/16,1617,Sociedad,Leganes,Away,5,2,0,A,0
28/10/2021,2122,Sociedad,Celta,Away,4,2,0,A,0
28/11/10,1011,Sociedad,Sp Gijon,Away,6,3,1,A,0
28/11/14,1415,Sociedad,Elche,Home,8,3,0,H,0
28/11/15,1516,Sociedad,Barcelona,Away,2,0,4,H,0
28/11/2021,2122,Sociedad,Espanol,Away,4,0,1,H,0
29/01/06,506,Sociedad,Alaves,Away,7,1,3,H,0
29/01/11,1011,Sociedad,Almeria,Home,5,2,0,H,0
29/01/12,1112,Sociedad,Sp Gijon,Home,9,5,1,H,0
29/01/17,1617,Sociedad,Real Madrid,Away,3,0,3,H,1
29/01/2023,2223,Sociedad,Real Madrid,Away,3,0,0,D,0
29/03/2025,2425,Sociedad,Valladolid,Home,2,2,1,H,0
29/04/07,607,Sociedad,Getafe,Away,4,0,1,H,0
29/04/17,1617,Sociedad,Granada,Home,5,2,1,H,0
29/06/2020,1920,Sociedad,Getafe,Away,1,1,2,H,0
29/08/10,1011,Sociedad,Villarreal,Home,3,1,0,H,0
29/08/15,1516,Sociedad,Sp Gijon,Home,1,0,0,D,0
29/09/12,1213,Sociedad,Ath Bilbao,Home,10,2,0,H,0
29/09/2018,1819,Sociedad,Valencia,Home,5,0,1,A,0
29/09/2019,1920,Sociedad,Sevilla,Away,2,2,3,H,0
29/09/2020,2021,Sociedad,Valencia,Home,3,0,1,A,0
29/10/06,607,Sociedad,Villarreal,Home,3,0,1,A,0
29/10/11,1112,Sociedad,Real Madrid,Home,3,0,1,A,0
29/10/12,1213,Sociedad,Valladolid,Away,4,2,2,D,0
29/10/17,1718,Sociedad,Getafe,Away,4,1,2,H,0
29/10/2023,2324,Sociedad,Vallecano,Away,3,2,2,D,0
29/11/2020,2021,Sociedad,Villarreal,Home,4,1,1,D,0
30/01/16,1516,Sociedad,Betis,Home,4,2,1,H,0
30/01/2021,2021,Sociedad,Villarreal,Away,3,1,1,D,0
30/03/14,1314,Sociedad,Osasuna,Away,3,1,1,D,0
30/04/06,506,Sociedad,Sevilla,Home,0,1,2,A,2
30/04/11,1011,Sociedad,Barcelona,Home,3,2,1,H,0
30/04/16,1516,Sociedad,Real Madrid,Home,4,0,1,A,0
30/08/2019,1920,Sociedad,Ath Bilbao,Away,2,0,2,H,0
30/08/2025,2526,Sociedad,Oviedo,Away,6,0,1,H,0
30/09/16,1617,Sociedad,Betis,Home,8,1,0,H,0
30/09/2023,2324,Sociedad,Ath Bilbao,Home,5,3,0,H,0
30/10/05,506,Sociedad,Barcelona,Away,1,0,5,H,1
30/10/13,1314,Sociedad,Valladolid,Away,6,2,2,D,0
30/10/2019,1920,Sociedad,Levante,Home,5,1,2,A,0
30/10/2022,2223,Sociedad,Betis,Home,7,0,2,A,0
30/11/13,1314,Sociedad,Espanol,Away,6,2,1,A,0
30/11/2019,1920,Sociedad,Eibar,Home,4,4,1,H,0
30/11/2025,2526,Sociedad,Villarreal,Home,7,2,3,A,0
30/12/15,1516,Sociedad,Real Madrid,Away,2,1,3,H,0
31/01/15,1415,Sociedad,Real Madrid,Away,2,1,4,H,0
31/03/07,607,Sociedad,Levante,Home,5,1,0,H,0
31/03/13,1213,Sociedad,Espanol,Away,4,2,2,D,0
31/03/2019,1819,Sociedad,Valladolid,Away,1,1,1,D,0
31/03/2024,2324,Sociedad,Alaves,Away,3,1,0,A,0
31/08/14,1415,Sociedad,Real Madrid,Home,5,4,2,H,0
31/08/2018,1819,Sociedad,Eibar,Away,2,1,2,H,0
31/10/10,1011,Sociedad,Malaga,Away,2,2,1,A,0
31/10/15,1516,Sociedad,Celta,Home,5,2,3,A,0
31/10/2021,2122,Sociedad,Ath Bilbao,Home,3,1,1,D,0
31/12/2020,2021,Sociedad,Ath Bilbao,Away,3,1,0,A,0
31/12/2022,2223,Sociedad,Osasuna,Home,2,2,0,H,0
01/02/09,809,Sp Gijon,Sevilla,Home,4,1,0,H,1
01/03/09,809,Sp Gijon,Mallorca,Home,2,0,1,A,0
01/03/11,1011,Sp Gijon,Sevilla,Away,0,0,3,H,1
01/03/17,1617,Sp Gijon,Barcelona,Away,2,1,6,H,0
01/05/10,910,Sp Gijon,Malaga,Away,1,1,1,D,0
01/05/11,1011,Sp Gijon,Levante,Away,1,0,0,D,0
01/05/12,1112,Sp Gijon,Villarreal,Home,5,2,3,A,0
01/10/16,1617,Sp Gijon,La Coruna,Away,2,1,2,H,0
01/11/09,910,Sp Gijon,La Coruna,Away,5,1,1,D,0
01/11/15,1516,Sp Gijon,Malaga,Home,6,1,0,H,0
02/01/11,1011,Sp Gijon,Malaga,Home,6,1,2,A,0
02/04/11,1011,Sp Gijon,Real Madrid,Away,1,1,0,A,0
02/04/17,1617,Sp Gijon,Sevilla,Away,2,0,0,D,0
02/10/10,1011,Sp Gijon,Zaragoza,Away,5,2,2,D,0
02/10/11,1112,Sp Gijon,Barcelona,Home,1,0,1,A,0
02/11/08,809,Sp Gijon,Numancia,Home,6,3,1,H,0
03/01/10,910,Sp Gijon,Malaga,Home,7,2,2,D,0
03/03/12,1112,Sp Gijon,Barcelona,Away,1,1,3,H,0
03/03/16,1516,Sp Gijon,Granada,Away,0,0,2,H,1
03/05/09,809,Sp Gijon,Ath Bilbao,Home,6,1,1,D,0
03/10/15,1516,Sp Gijon,Espanol,Away,2,2,1,A,0
03/12/11,1112,Sp Gijon,Real Madrid,Home,5,0,3,A,1
04/01/09,809,Sp Gijon,Malaga,Away,2,0,1,H,0
04/01/16,1516,Sp Gijon,Getafe,Home,4,1,2,A,0
04/04/10,910,Sp Gijon,Xerez,Home,7,2,2,D,0
04/04/16,1516,Sp Gijon,Levante,Away,1,0,0,D,0
04/05/10,910,Sp Gijon,Getafe,Away,4,1,1,D,0
04/10/09,910,Sp Gijon,Mallorca,Home,8,4,1,H,0
04/11/16,1617,Sp Gijon,Malaga,Away,4,2,3,H,1
04/12/16,1617,Sp Gijon,Osasuna,Home,5,3,1,H,0
05/02/11,1011,Sp Gijon,Ath Bilbao,Away,1,0,3,H,1
05/02/12,1112,Sp Gijon,Osasuna,Home,5,1,1,D,0
05/02/17,1617,Sp Gijon,Alaves,Home,4,2,4,A,0
05/03/17,1617,Sp Gijon,La Coruna,Home,2,0,1,A,0
05/04/09,809,Sp Gijon,Santander,Home,12,0,2,A,0
05/04/17,1617,Sp Gijon,Malaga,Home,5,0,1,A,0
05/05/12,1112,Sp Gijon,Betis,Home,3,2,1,H,0
05/10/08,809,Sp Gijon,Mallorca,Away,3,2,0,A,0
05/12/10,1011,Sp Gijon,Espanol,Away,2,0,1,H,0
06/02/16,1516,Sp Gijon,La Coruna,Home,2,1,1,D,0
06/03/11,1011,Sp Gijon,Getafe,Home,4,2,0,H,1
06/03/16,1516,Sp Gijon,Ath Bilbao,Home,1,0,2,A,0
06/05/17,1617,Sp Gijon,Las Palmas,Home,3,1,0,H,0
06/11/11,1112,Sp Gijon,Zaragoza,Away,2,2,2,D,0
06/12/08,809,Sp Gijon,Ath Madrid,Home,4,2,5,A,0
06/12/09,910,Sp Gijon,Tenerife,Away,1,1,2,H,0
06/12/15,1516,Sp Gijon,Las Palmas,Home,9,3,1,H,0
07/01/17,1617,Sp Gijon,Las Palmas,Away,2,0,1,H,0
07/02/10,910,Sp Gijon,Almeria,Away,7,1,3,H,2
07/03/10,910,Sp Gijon,Mallorca,Away,1,0,3,H,0
07/04/12,1112,Sp Gijon,Getafe,Away,3,0,2,H,0
07/05/11,1011,Sp Gijon,La Coruna,Home,7,2,2,D,0
07/11/10,1011,Sp Gijon,Almeria,Away,3,1,1,D,0
08/01/12,1112,Sp Gijon,Betis,Away,5,0,2,H,2
08/02/09,809,Sp Gijon,Barcelona,Away,1,1,3,H,0
08/03/09,809,Sp Gijon,Osasuna,Away,6,2,1,A,0
08/05/10,910,Sp Gijon,Ath Madrid,Home,1,1,1,D,0
08/05/16,1516,Sp Gijon,Getafe,Away,3,1,1,D,1
08/11/09,910,Sp Gijon,Espanol,Home,3,1,0,H,0
08/11/15,1516,Sp Gijon,Ath Madrid,Away,2,0,1,H,0
09/01/11,1011,Sp Gijon,Santander,Away,9,1,1,D,0
09/11/08,809,Sp Gijon,Santander,Away,2,0,1,H,0
10/01/10,910,Sp Gijon,Getafe,Home,8,1,0,H,0
10/01/16,1516,Sp Gijon,Villarreal,Away,2,0,2,H,0
10/03/12,1112,Sp Gijon,Sevilla,Home,7,1,0,H,0
10/04/10,910,Sp Gijon,Villarreal,Away,1,0,1,H,0
10/04/11,1011,Sp Gijon,Osasuna,Home,5,1,0,H,0
10/04/16,1516,Sp Gijon,Celta,Home,2,0,1,A,0
10/04/17,1617,Sp Gijon,Sociedad,Away,3,1,3,H,0
10/05/09,809,Sp Gijon,Almeria,Away,5,1,3,H,0
10/05/11,1011,Sp Gijon,Malaga,Away,4,0,2,H,0
11/01/09,809,Sp Gijon,Valladolid,Home,6,2,1,H,0
11/03/16,1516,Sp Gijon,Malaga,Away,4,0,1,H,0
11/03/17,1617,Sp Gijon,Valencia,Away,4,1,1,D,0
11/04/12,1112,Sp Gijon,Levante,Home,5,3,2,H,0
11/09/11,1112,Sp Gijon,Osasuna,Away,2,1,2,H,0
11/09/16,1617,Sp Gijon,Leganes,Home,4,2,1,H,0
11/12/11,1112,Sp Gijon,Vallecano,Away,7,3,1,A,0
11/12/16,1617,Sp Gijon,Espanol,Away,5,1,2,H,0
12/02/11,1011,Sp Gijon,Barcelona,Home,1,1,1,D,0
12/02/12,1112,Sp Gijon,Valencia,Away,1,0,4,H,0
12/02/16,1516,Sp Gijon,Vallecano,Home,5,2,2,D,0
12/02/17,1617,Sp Gijon,Leganes,Away,2,2,0,A,1
12/04/09,809,Sp Gijon,Valencia,Home,7,2,3,A,0
12/09/10,1011,Sp Gijon,Mallorca,Home,6,2,0,H,0
12/09/15,1516,Sp Gijon,Valencia,Home,8,0,1,A,0
12/12/10,1011,Sp Gijon,Levante,Home,5,1,1,D,0
12/12/15,1516,Sp Gijon,Sevilla,Away,1,0,2,H,1
13/02/10,910,Sp Gijon,Valencia,Home,6,1,1,D,0
13/03/10,910,Sp Gijon,Ath Bilbao,Home,5,0,0,D,0
13/03/11,1011,Sp Gijon,Villarreal,Away,5,1,1,D,2
13/04/10,910,Sp Gijon,Tenerife,Home,5,0,2,A,0
13/05/12,1112,Sp Gijon,Malaga,Away,1,0,1,H,0
13/09/09,910,Sp Gijon,Almeria,Home,4,1,0,H,0
13/12/09,910,Sp Gijon,Sevilla,Home,2,0,1,A,0
14/04/12,1112,Sp Gijon,Real Madrid,Away,2,1,3,H,1
14/05/17,1617,Sp Gijon,Eibar,Away,4,1,0,A,0
14/09/08,809,Sp Gijon,Sevilla,Away,8,3,4,H,0
14/11/10,1011,Sp Gijon,Real Madrid,Home,3,0,1,A,1
14/12/08,809,Sp Gijon,Ath Bilbao,Away,1,0,3,H,0
15/01/11,1011,Sp Gijon,Hercules,Home,6,2,0,H,0
15/01/12,1112,Sp Gijon,Malaga,Home,7,2,1,H,0
15/01/17,1617,Sp Gijon,Eibar,Home,4,2,3,A,0
15/02/09,809,Sp Gijon,Real Madrid,Home,1,0,4,A,0
15/03/09,809,Sp Gijon,La Coruna,Home,8,3,2,H,0
15/04/17,1617,Sp Gijon,Real Madrid,Home,2,2,3,A,0
15/05/11,1011,Sp Gijon,Santander,Home,16,2,1,H,0
15/05/16,1516,Sp Gijon,Villarreal,Home,7,2,0,H,0
15/11/08,809,Sp Gijon,Valencia,Away,5,3,2,A,0
16/04/16,1516,Sp Gijon,Las Palmas,Away,2,1,1,D,0
16/05/10,910,Sp Gijon,Santander,Away,4,0,2,H,0
16/10/11,1112,Sp Gijon,Sevilla,Away,6,1,2,H,0
16/10/16,1617,Sp Gijon,Valencia,Home,2,1,2,A,0
17/01/10,910,Sp Gijon,Ath Madrid,Away,8,2,3,H,0
17/01/16,1516,Sp Gijon,Real Madrid,Away,2,1,5,H,0
17/02/16,1516,Sp Gijon,Barcelona,Home,2,1,3,A,0
17/03/12,1112,Sp Gijon,Granada,Away,2,1,2,H,0
17/04/10,910,Sp Gijon,Sevilla,Away,2,0,3,H,2
17/04/11,1011,Sp Gijon,Sociedad,Away,6,1,2,H,0
17/05/09,809,Sp Gijon,Malaga,Home,10,2,1,H,0
17/09/11,1112,Sp Gijon,Valencia,Home,4,0,1,A,0
17/09/16,1617,Sp Gijon,Ath Madrid,Away,1,0,5,H,0
17/10/10,1011,Sp Gijon,Sevilla,Home,7,2,0,H,0
17/12/11,1112,Sp Gijon,Espanol,Home,6,1,2,A,0
17/12/16,1617,Sp Gijon,Villarreal,Home,7,1,3,A,0
18/01/09,809,Sp Gijon,Recreativo,Away,1,0,2,H,0
18/02/17,1617,Sp Gijon,Ath Madrid,Home,2,1,4,A,0
18/09/10,1011,Sp Gijon,Ath Bilbao,Home,5,2,2,D,0
18/10/09,910,Sp Gijon,Ath Bilbao,Away,3,2,1,A,0
18/12/10,1011,Sp Gijon,La Coruna,Away,3,1,1,D,0
19/02/11,1011,Sp Gijon,Valencia,Away,0,0,0,D,0
19/02/12,1112,Sp Gijon,Ath Madrid,Home,3,1,1,D,0
19/03/16,1516,Sp Gijon,Ath Madrid,Home,3,2,1,H,0
19/03/17,1617,Sp Gijon,Granada,Home,11,3,1,H,0
19/04/09,809,Sp Gijon,Betis,Away,2,0,2,H,1
19/10/08,809,Sp Gijon,Osasuna,Home,3,2,1,H,0
19/10/15,1516,Sp Gijon,Granada,Home,6,3,3,D,0
20/02/16,1516,Sp Gijon,Betis,Away,3,1,1,D,0
20/03/10,910,Sp Gijon,Real Madrid,Away,5,1,3,H,0
20/03/11,1011,Sp Gijon,Almeria,Home,4,1,0,H,0
20/04/16,1516,Sp Gijon,Sevilla,Home,2,2,1,H,0
20/05/17,1617,Sp Gijon,Betis,Home,5,2,2,D,0
20/09/09,910,Sp Gijon,Valencia,Away,5,2,2,D,1
20/09/15,1516,Sp Gijon,La Coruna,Away,4,3,2,A,0
20/11/11,1112,Sp Gijon,Getafe,Home,8,2,1,H,0
20/11/16,1617,Sp Gijon,Sociedad,Home,1,1,3,A,0
20/12/09,910,Sp Gijon,Valladolid,Away,3,1,2,H,0
21/02/09,809,Sp Gijon,Villarreal,Away,2,1,2,H,0
21/02/10,910,Sp Gijon,Zaragoza,Away,3,3,1,A,0
21/03/12,1112,Sp Gijon,Mallorca,Home,6,2,3,A,0
21/04/12,1112,Sp Gijon,Vallecano,Home,6,2,1,H,0
21/05/11,1011,Sp Gijon,Hercules,Away,2,0,0,D,0
21/08/16,1617,Sp Gijon,Ath Bilbao,Home,4,2,1,H,0
21/09/08,809,Sp Gijon,Barcelona,Home,2,1,6,A,1
21/09/11,1112,Sp Gijon,Ath Madrid,Away,1,0,4,H,0
21/09/16,1617,Sp Gijon,Celta,Away,1,1,2,H,0
21/11/10,1011,Sp Gijon,Osasuna,Away,0,0,1,H,0
21/12/08,809,Sp Gijon,Almeria,Home,3,1,0,H,0
22/01/16,1516,Sp Gijon,Sociedad,Home,7,5,1,H,0
22/01/17,1617,Sp Gijon,Betis,Away,1,0,0,D,0
22/03/09,809,Sp Gijon,Numancia,Away,3,1,2,H,1
22/04/17,1617,Sp Gijon,Osasuna,Away,4,2,2,D,0
22/09/10,1011,Sp Gijon,Barcelona,Away,0,0,1,H,0
22/10/11,1112,Sp Gijon,Granada,Home,5,2,0,H,0
22/10/16,1617,Sp Gijon,Granada,Away,3,0,0,D,0
22/11/09,910,Sp Gijon,Xerez,Away,2,0,0,D,0
22/11/15,1516,Sp Gijon,Levante,Home,2,0,3,A,0
23/01/11,1011,Sp Gijon,Ath Madrid,Home,3,1,0,H,0
23/01/12,1112,Sp Gijon,Villarreal,Away,1,0,3,H,0
23/03/10,910,Sp Gijon,La Coruna,Home,8,2,1,H,0
23/04/09,809,Sp Gijon,Espanol,Home,4,0,3,A,1
23/04/16,1516,Sp Gijon,Barcelona,Away,3,0,6,H,1
23/05/09,809,Sp Gijon,Valladolid,Away,5,2,1,A,0
23/08/15,1516,Sp Gijon,Real Madrid,Home,0,0,0,D,0
23/09/15,1516,Sp Gijon,Vallecano,Away,2,1,2,H,1
23/11/08,809,Sp Gijon,Betis,Home,8,1,2,A,0
24/01/10,910,Sp Gijon,Santander,Home,5,0,1,A,0
24/04/11,1011,Sp Gijon,Espanol,Home,4,1,0,H,0
24/09/08,809,Sp Gijon,Real Madrid,Away,3,1,7,H,0
24/09/09,910,Sp Gijon,Zaragoza,Home,5,1,1,D,0
24/09/16,1617,Sp Gijon,Barcelona,Home,3,0,5,A,1
24/10/09,910,Sp Gijon,Real Madrid,Home,2,0,0,D,0
24/10/10,1011,Sp Gijon,Getafe,Away,3,0,3,H,0
25/01/09,809,Sp Gijon,Getafe,Away,5,1,5,H,0
25/02/12,1112,Sp Gijon,Santander,Away,5,1,1,D,0
25/03/12,1112,Sp Gijon,Ath Bilbao,Away,4,1,1,D,0
25/04/10,910,Sp Gijon,Valladolid,Home,1,0,2,A,1
25/04/17,1617,Sp Gijon,Espanol,Home,6,1,1,D,0
25/09/10,1011,Sp Gijon,Valencia,Home,1,0,2,A,0
25/09/11,1112,Sp Gijon,Santander,Home,1,0,0,D,0
26/02/11,1011,Sp Gijon,Zaragoza,Home,5,0,0,D,0
26/02/17,1617,Sp Gijon,Celta,Home,6,1,1,D,1
26/04/09,809,Sp Gijon,Ath Madrid,Away,2,1,3,H,0
26/10/08,809,Sp Gijon,La Coruna,Away,8,3,0,A,0
26/10/11,1112,Sp Gijon,Mallorca,Away,2,2,1,A,0
26/10/15,1516,Sp Gijon,Ath Bilbao,Away,0,0,3,H,0
26/11/16,1617,Sp Gijon,Real Madrid,Away,3,1,2,H,0
27/02/16,1516,Sp Gijon,Espanol,Home,5,2,4,A,1
27/08/11,1112,Sp Gijon,Sociedad,Home,4,1,2,A,1
27/09/08,809,Sp Gijon,Villarreal,Home,6,0,1,A,0
27/09/09,910,Sp Gijon,Osasuna,Away,0,0,1,H,0
27/09/15,1516,Sp Gijon,Betis,Home,10,1,2,A,0
27/11/11,1112,Sp Gijon,Levante,Away,3,0,4,H,0
28/02/10,910,Sp Gijon,Osasuna,Home,6,3,2,H,0
28/03/10,910,Sp Gijon,Espanol,Away,3,0,0,D,0
28/04/12,1112,Sp Gijon,Espanol,Away,6,3,0,A,0
28/04/17,1617,Sp Gijon,Villarreal,Away,7,1,3,H,0
28/08/16,1617,Sp Gijon,Alaves,Away,1,0,0,D,0
28/11/09,910,Sp Gijon,Villarreal,Home,5,1,0,H,0
28/11/10,1011,Sp Gijon,Sociedad,Home,3,1,3,A,0
28/11/15,1516,Sp Gijon,Celta,Away,2,1,2,H,0
29/01/11,1011,Sp Gijon,Mallorca,Away,3,4,0,A,0
29/01/12,1112,Sp Gijon,Sociedad,Away,2,1,5,H,0
29/01/17,1617,Sp Gijon,Ath Bilbao,Away,3,1,2,H,0
29/04/16,1516,Sp Gijon,Eibar,Home,3,2,0,H,0
29/08/15,1516,Sp Gijon,Sociedad,Away,2,0,0,D,0
29/10/16,1617,Sp Gijon,Sevilla,Home,5,1,1,D,0
30/01/10,910,Sp Gijon,Barcelona,Home,2,0,1,A,0
30/08/10,1011,Sp Gijon,Ath Madrid,Away,8,0,4,H,0
30/10/11,1112,Sp Gijon,Ath Bilbao,Home,4,1,1,D,0
30/11/08,809,Sp Gijon,Espanol,Away,3,1,0,A,0
30/12/15,1516,Sp Gijon,Eibar,Away,0,0,2,H,0
31/01/16,1516,Sp Gijon,Valencia,Away,3,1,0,A,0
31/03/12,1112,Sp Gijon,Zaragoza,Home,6,1,2,A,0
31/05/09,809,Sp Gijon,Recreativo,Home,9,2,1,H,0
31/08/08,809,Sp Gijon,Getafe,Home,2,1,2,A,0
31/08/09,910,Sp Gijon,Barcelona,Away,5,0,3,H,0
31/10/10,1011,Sp Gijon,Villarreal,Home,5,1,1,D,0
01/05/10,910,Tenerife,Santander,Home,11,2,1,H,0
01/11/09,910,Tenerife,Villarreal,Away,2,0,5,H,0
03/01/10,910,Tenerife,Santander,Away,3,0,2,H,0
03/04/10,910,Tenerife,Sevilla,Away,3,0,3,H,0
03/10/09,910,Tenerife,La Coruna,Home,4,0,1,A,0
04/05/10,910,Tenerife,Barcelona,Away,2,1,4,H,0
06/03/10,910,Tenerife,La Coruna,Away,2,1,3,H,0
06/12/09,910,Tenerife,Sp Gijon,Home,6,2,1,H,0
07/02/10,910,Tenerife,Osasuna,Away,7,0,1,H,0
07/11/09,910,Tenerife,Malaga,Home,4,2,2,D,0
08/05/10,910,Tenerife,Almeria,Home,7,2,2,D,0
10/01/10,910,Tenerife,Barcelona,Home,3,0,5,A,0
10/04/10,910,Tenerife,Valladolid,Home,4,0,0,D,0
13/04/10,910,Tenerife,Sp Gijon,Away,4,2,0,A,0
13/09/09,910,Tenerife,Osasuna,Home,5,2,1,H,0
13/12/09,910,Tenerife,Getafe,Away,1,1,2,H,0
14/03/10,910,Tenerife,Espanol,Home,8,4,1,H,0
15/02/10,910,Tenerife,Mallorca,Home,3,1,0,H,0
16/05/10,910,Tenerife,Valencia,Away,2,0,1,H,0
17/01/10,910,Tenerife,Almeria,Away,5,1,1,D,0
18/04/10,910,Tenerife,Getafe,Home,4,3,2,H,0
18/10/09,910,Tenerife,Espanol,Away,4,1,2,H,0
19/09/09,910,Tenerife,Mallorca,Away,2,0,4,H,2
20/03/10,910,Tenerife,Xerez,Away,5,1,2,H,0
20/12/09,910,Tenerife,Ath Madrid,Home,10,1,1,D,0
21/02/10,910,Tenerife,Ath Bilbao,Away,3,1,4,H,1
21/11/09,910,Tenerife,Sevilla,Home,1,1,2,A,0
23/09/09,910,Tenerife,Ath Bilbao,Home,8,1,0,H,0
24/01/10,910,Tenerife,Valencia,Home,7,0,0,D,0
24/03/10,910,Tenerife,Villarreal,Home,4,2,2,D,0
25/04/10,910,Tenerife,Ath Madrid,Away,3,1,3,H,0
25/10/09,910,Tenerife,Xerez,Home,4,1,0,H,0
26/09/09,910,Tenerife,Real Madrid,Away,7,0,3,H,0
27/02/10,910,Tenerife,Real Madrid,Home,5,1,5,A,0
27/03/10,910,Tenerife,Malaga,Away,4,1,1,D,0
29/08/09,910,Tenerife,Zaragoza,Away,2,0,1,H,0
29/11/09,910,Tenerife,Valladolid,Away,5,3,3,D,1
31/01/10,910,Tenerife,Zaragoza,Home,6,1,3,A,0
01/02/09,809,Valencia,Almeria,Home,5,3,2,H,0
01/02/14,1314,Valencia,Barcelona,Away,4,3,2,A,0
01/02/2020,1920,Valencia,Celta,Home,5,1,0,H,0
01/02/2026,2526,Valencia,Betis,Away,4,1,2,H,0
01/03/08,708,Valencia,Espanol,Away,6,0,2,H,1
01/03/09,809,Valencia,Valladolid,Home,4,1,2,A,0
01/03/15,1415,Valencia,Sociedad,Home,3,2,0,H,0
01/03/2026,2526,Valencia,Osasuna,Home,1,1,0,H,0
01/04/12,1112,Valencia,Levante,Home,4,1,1,D,0
01/04/18,1718,Valencia,Leganes,Away,1,1,0,A,0
01/05/10,910,Valencia,Espanol,Away,6,2,0,A,0
01/05/11,1011,Valencia,Osasuna,Away,1,0,1,H,0
01/05/16,1516,Valencia,Villarreal,Home,1,0,2,A,0
01/06/13,1213,Valencia,Sevilla,Away,7,3,4,H,1
01/07/2020,1920,Valencia,Ath Bilbao,Home,1,0,2,A,0
01/09/13,1314,Valencia,Barcelona,Home,10,2,3,A,0
01/09/2019,1920,Valencia,Mallorca,Home,4,2,0,H,0
01/10/05,506,Valencia,Getafe,Away,2,1,2,H,1
01/10/06,607,Valencia,Gimnastic,Home,7,4,0,H,0
01/10/11,1112,Valencia,Granada,Home,11,1,0,H,0
01/10/17,1718,Valencia,Ath Bilbao,Home,6,3,2,H,0
01/10/2023,2324,Valencia,Betis,Away,2,0,3,H,0
01/11/08,809,Valencia,Santander,Home,7,2,4,A,0
01/11/09,910,Valencia,Malaga,Away,6,1,0,A,0
01/11/2020,2021,Valencia,Getafe,Home,5,2,2,D,1
01/11/2025,2526,Valencia,Real Madrid,Away,1,0,4,H,0
01/12/12,1213,Valencia,Sociedad,Home,5,2,5,A,1
01/12/13,1314,Valencia,Osasuna,Home,11,3,0,H,0
01/12/2018,1819,Valencia,Real Madrid,Away,2,0,2,H,0
01/12/2025,2526,Valencia,Vallecano,Away,2,1,1,D,0
02/01/10,910,Valencia,Espanol,Home,8,1,0,H,0
02/01/11,1011,Valencia,Espanol,Home,8,2,1,H,1
02/01/2024,2324,Valencia,Villarreal,Home,8,3,1,H,0
02/02/15,1415,Valencia,Malaga,Away,3,0,1,H,1
02/02/2019,1819,Valencia,Barcelona,Away,7,2,2,D,0
02/02/2023,2223,Valencia,Real Madrid,Away,0,0,2,H,1
02/02/2025,2425,Valencia,Celta,Home,5,2,1,H,0
02/03/11,1011,Valencia,Barcelona,Home,1,0,1,A,0
02/03/13,1213,Valencia,Levante,Home,6,2,2,D,0
02/03/14,1314,Valencia,Vallecano,Away,1,0,1,H,1
02/03/16,1516,Valencia,Malaga,Away,2,2,1,A,0
02/03/2024,2324,Valencia,Real Madrid,Home,5,2,2,D,0
02/03/2025,2425,Valencia,Osasuna,Away,5,3,3,D,0
02/04/06,506,Valencia,Cadiz,Home,6,5,3,H,0
02/04/11,1011,Valencia,Getafe,Away,5,4,2,A,0
02/04/16,1516,Valencia,Las Palmas,Away,4,1,2,H,0
02/04/17,1617,Valencia,La Coruna,Home,8,3,0,H,0
02/05/12,1112,Valencia,Osasuna,Home,9,4,0,H,0
02/05/2021,2021,Valencia,Barcelona,Home,4,2,3,A,0
02/05/2026,2526,Valencia,Ath Madrid,Home,0,0,2,A,0
02/09/07,708,Valencia,Almeria,Away,3,2,1,A,0
02/09/12,1213,Valencia,Barcelona,Away,1,0,1,H,0
02/09/2018,1819,Valencia,Levante,Away,5,2,2,D,0
02/09/2023,2324,Valencia,Alaves,Away,4,0,1,H,0
02/10/10,1011,Valencia,Ath Bilbao,Home,6,2,1,H,0
02/10/16,1617,Valencia,Ath Madrid,Home,5,0,2,A,0
02/10/2021,2122,Valencia,Cadiz,Away,4,0,0,D,0
02/10/2022,2223,Valencia,Espanol,Away,5,2,2,D,1
02/11/14,1415,Valencia,Villarreal,Away,3,3,1,A,0
02/11/2019,1920,Valencia,Espanol,Away,4,2,1,A,0
02/12/06,607,Valencia,Recreativo,Away,1,0,2,H,0
02/12/07,708,Valencia,Ath Bilbao,Home,1,0,3,A,0
02/12/2023,2324,Valencia,Girona,Away,3,1,2,H,0
03/01/09,809,Valencia,Ath Madrid,Home,6,3,1,H,0
03/01/16,1516,Valencia,Real Madrid,Home,4,2,2,D,0
03/01/2025,2425,Valencia,Real Madrid,Home,5,1,2,A,0
03/01/2026,2526,Valencia,Celta,Away,5,1,4,H,0
03/02/07,607,Valencia,Ath Madrid,Home,3,3,1,H,0
03/02/08,708,Valencia,Valladolid,Away,2,2,0,A,0
03/02/13,1213,Valencia,Barcelona,Home,5,1,1,D,0
03/02/2024,2324,Valencia,Almeria,Home,2,2,1,H,0
03/03/07,607,Valencia,Celta,Home,3,1,0,H,0
03/03/2019,1819,Valencia,Ath Bilbao,Home,3,2,0,H,0
03/04/2019,1819,Valencia,Real Madrid,Home,4,2,1,H,0
03/04/2022,2122,Valencia,Cadiz,Home,1,0,0,D,0
03/04/2023,2223,Valencia,Vallecano,Home,4,1,1,D,0
03/05/06,506,Valencia,Mallorca,Away,4,1,2,H,0
03/05/09,809,Valencia,Espanol,Away,5,0,3,H,0
03/05/15,1415,Valencia,Eibar,Home,6,3,1,H,0
03/05/2023,2223,Valencia,Villarreal,Home,1,1,1,D,0
03/05/2025,2425,Valencia,Las Palmas,Away,5,3,2,A,0
03/10/2020,2021,Valencia,Betis,Home,2,0,2,A,0
03/11/07,708,Valencia,Mallorca,Away,4,2,0,A,0
03/11/12,1213,Valencia,Ath Madrid,Home,2,2,0,H,1
03/11/13,1314,Valencia,Getafe,Away,5,1,0,A,0
03/11/2018,1819,Valencia,Girona,Home,9,0,1,A,0
03/12/11,1112,Valencia,Espanol,Home,5,2,1,H,0
03/12/17,1718,Valencia,Getafe,Away,6,0,1,H,0
04/01/14,1314,Valencia,Levante,Home,5,2,0,H,0
04/01/15,1415,Valencia,Real Madrid,Home,3,2,1,H,0
04/01/2020,1920,Valencia,Eibar,Home,1,1,0,H,0
04/01/2021,2021,Valencia,Cadiz,Home,4,1,1,D,0
04/02/06,506,Valencia,La Coruna,Away,5,1,0,A,0
04/02/17,1617,Valencia,Eibar,Home,1,0,4,A,1
04/02/18,1718,Valencia,Ath Madrid,Away,0,0,1,H,0
04/03/12,1112,Valencia,Granada,Away,2,1,0,A,0
04/03/18,1718,Valencia,Betis,Home,6,2,0,H,0
04/04/10,910,Valencia,Osasuna,Home,7,3,0,H,0
04/04/2021,2021,Valencia,Cadiz,Away,6,1,2,H,0
04/04/2024,2324,Valencia,Granada,Away,2,1,0,A,0
04/05/08,708,Valencia,Barcelona,Away,2,0,6,H,0
04/05/10,910,Valencia,Xerez,Home,6,3,1,H,0
04/05/13,1213,Valencia,Osasuna,Home,7,4,0,H,0
04/05/14,1314,Valencia,Real Madrid,Away,5,2,2,D,0
04/06/2023,2223,Valencia,Betis,Away,3,1,1,D,1
04/07/2020,1920,Valencia,Granada,Away,3,2,2,D,0
04/09/2022,2223,Valencia,Getafe,Home,9,5,1,H,1
04/10/09,910,Valencia,Santander,Away,2,1,0,A,0
04/10/14,1415,Valencia,Ath Madrid,Home,3,3,1,H,0
04/10/15,1516,Valencia,Ath Bilbao,Away,4,1,3,H,0
04/10/2024,2425,Valencia,Leganes,Away,1,0,0,D,0
04/10/2025,2526,Valencia,Girona,Away,6,1,2,H,0
04/11/17,1718,Valencia,Leganes,Home,7,3,0,H,0
04/12/05,506,Valencia,Espanol,Away,9,3,1,A,1
04/12/10,1011,Valencia,Real Madrid,Away,4,0,2,H,1
04/12/16,1617,Valencia,Malaga,Home,3,2,2,D,0
05/01/13,1213,Valencia,Granada,Away,7,2,1,A,0
05/01/2019,1819,Valencia,Alaves,Away,2,1,2,H,0
05/02/12,1112,Valencia,Ath Madrid,Away,1,0,0,D,0
05/02/2023,2223,Valencia,Girona,Away,4,0,1,H,0
05/03/06,506,Valencia,Malaga,Away,5,0,0,D,0
05/03/11,1011,Valencia,Mallorca,Away,6,2,1,A,0
05/03/17,1617,Valencia,Ath Madrid,Away,2,0,3,H,0
05/03/2021,2021,Valencia,Villarreal,Home,4,2,1,H,0
05/03/2022,2122,Valencia,Granada,Home,4,3,1,H,0
05/03/2023,2223,Valencia,Barcelona,Away,1,0,1,H,0
05/04/09,809,Valencia,Getafe,Home,8,4,1,H,0
05/04/15,1415,Valencia,Villarreal,Home,3,0,0,D,0
05/04/2025,2425,Valencia,Real Madrid,Away,2,2,1,A,0
05/04/2026,2526,Valencia,Celta,Home,4,2,3,A,0
05/05/07,607,Valencia,La Coruna,Away,2,2,1,A,0
05/05/12,1112,Valencia,Villarreal,Home,7,1,0,H,0
05/05/18,1718,Valencia,Villarreal,Away,2,0,1,H,0
05/05/2019,1819,Valencia,Huesca,Away,7,6,2,A,0
05/05/2024,2324,Valencia,Alaves,Home,1,0,1,A,0
05/10/08,809,Valencia,Valladolid,Away,2,1,0,A,0
05/10/2019,1920,Valencia,Alaves,Home,3,2,1,H,0
05/11/05,506,Valencia,Villarreal,Away,6,0,1,H,0
05/11/06,607,Valencia,Espanol,Away,3,1,1,D,0
05/11/11,1112,Valencia,Levante,Away,3,2,0,A,0
05/11/2023,2324,Valencia,Granada,Home,2,1,0,H,0
05/12/15,1516,Valencia,Barcelona,Home,3,1,1,D,0
05/12/2021,2122,Valencia,Celta,Away,5,2,1,A,0
06/01/08,708,Valencia,Levante,Home,7,0,0,D,1
06/01/18,1718,Valencia,Girona,Home,7,2,1,H,0
06/01/2023,2223,Valencia,Cadiz,Home,2,0,1,A,0
06/02/10,910,Valencia,Valladolid,Home,10,2,0,H,0
06/02/11,1011,Valencia,Hercules,Home,7,2,0,H,0
06/02/2022,2122,Valencia,Sociedad,Home,3,0,0,D,0
06/03/16,1516,Valencia,Ath Madrid,Home,3,1,3,A,1
06/03/2020,1920,Valencia,Alaves,Away,2,1,1,D,0
06/04/08,708,Valencia,Murcia,Away,1,0,1,H,0
06/04/14,1314,Valencia,Valladolid,Away,7,0,0,D,0
06/04/17,1617,Valencia,Celta,Home,10,3,2,H,0
06/04/2019,1819,Valencia,Vallecano,Away,3,0,2,H,0
06/05/06,506,Valencia,Ath Madrid,Home,6,1,1,D,0
06/10/07,708,Valencia,Espanol,Home,3,1,2,A,0
06/10/13,1314,Valencia,Ath Bilbao,Away,5,1,1,D,0
06/11/16,1617,Valencia,Celta,Away,4,1,2,H,0
06/11/2022,2223,Valencia,Sociedad,Away,3,1,1,D,0
06/12/08,809,Valencia,Barcelona,Away,2,0,4,H,0
06/12/09,910,Valencia,Ath Bilbao,Away,3,2,1,A,0
07/01/07,607,Valencia,Villarreal,Away,2,1,0,A,0
07/02/16,1516,Valencia,Betis,Away,2,0,1,H,1
07/02/2021,2021,Valencia,Ath Bilbao,Away,2,1,1,D,0
07/04/07,607,Valencia,Ath Bilbao,Away,4,0,1,H,0
07/04/13,1213,Valencia,Valladolid,Home,11,2,1,H,0
07/05/08,708,Valencia,Zaragoza,Home,6,1,0,H,1
07/05/11,1011,Valencia,Sociedad,Home,4,3,0,H,0
07/05/17,1617,Valencia,Osasuna,Home,8,4,1,H,0
07/05/2022,2122,Valencia,Ath Bilbao,Away,1,0,0,D,1
07/07/2020,1920,Valencia,Valladolid,Home,4,2,1,H,0
07/10/12,1213,Valencia,Levante,Away,4,0,1,H,0
07/10/2018,1819,Valencia,Barcelona,Home,3,1,1,D,0
07/10/2022,2223,Valencia,Osasuna,Away,7,2,1,A,1
07/10/2023,2324,Valencia,Mallorca,Away,3,1,1,D,0
07/11/15,1516,Valencia,Celta,Away,5,5,1,A,0
07/11/2021,2122,Valencia,Ath Madrid,Home,5,3,3,D,0
07/12/14,1415,Valencia,Granada,Away,1,1,1,D,1
07/12/2019,1920,Valencia,Levante,Away,6,4,2,A,0
07/12/2020,2021,Valencia,Eibar,Away,4,0,0,D,0
07/12/2024,2425,Valencia,Vallecano,Home,6,0,1,A,0
07/12/2025,2526,Valencia,Sevilla,Home,3,1,1,D,0
08/01/06,506,Valencia,Ath Madrid,Away,5,0,0,D,0
08/01/12,1112,Valencia,Villarreal,Away,3,2,2,D,0
08/01/2022,2122,Valencia,Real Madrid,Away,7,1,4,H,0
08/02/09,809,Valencia,Osasuna,Away,4,0,1,H,0
08/02/14,1314,Valencia,Betis,Home,9,5,0,H,0
08/02/15,1415,Valencia,Espanol,Away,5,2,1,A,0
08/02/2020,1920,Valencia,Getafe,Away,0,0,3,H,1
08/02/2026,2526,Valencia,Real Madrid,Home,0,0,2,A,0
08/03/09,809,Valencia,Numancia,Away,4,1,2,H,0
08/03/10,910,Valencia,Santander,Home,3,0,0,D,1
08/03/15,1415,Valencia,Ath Madrid,Away,1,1,1,D,1
08/03/2025,2425,Valencia,Valladolid,Home,4,2,1,H,0
08/03/2026,2526,Valencia,Alaves,Home,8,3,2,H,0
08/04/06,506,Valencia,Celta,Away,4,1,0,A,0
08/04/12,1112,Valencia,Real Madrid,Away,4,0,0,D,0
08/04/18,1718,Valencia,Espanol,Home,6,1,0,H,0
08/05/10,910,Valencia,Villarreal,Away,4,0,2,H,0
08/05/16,1516,Valencia,Real Madrid,Away,8,2,3,H,1
08/11/09,910,Valencia,Zaragoza,Home,7,3,1,H,0
08/11/10,1011,Valencia,Sevilla,Away,6,0,2,H,1
08/11/2020,2021,Valencia,Real Madrid,Home,4,4,1,H,0
08/12/07,708,Valencia,Osasuna,Away,3,0,0,D,0
08/12/12,1213,Valencia,Osasuna,Away,3,1,0,A,0
08/12/2018,1819,Valencia,Sevilla,Home,6,1,1,D,0
08/12/2023,2324,Valencia,Getafe,Away,0,0,1,H,2
09/01/11,1011,Valencia,Levante,Away,6,1,0,A,0
09/01/17,1617,Valencia,Osasuna,Away,3,3,3,D,0
09/02/13,1213,Valencia,Celta,Away,4,1,0,A,0
09/02/2025,2425,Valencia,Leganes,Home,4,2,0,H,0
09/03/08,708,Valencia,La Coruna,Home,4,2,2,D,0
09/03/14,1314,Valencia,Ath Bilbao,Home,4,1,1,D,0
09/03/2024,2324,Valencia,Getafe,Home,3,1,0,H,0
09/04/15,1415,Valencia,Ath Bilbao,Away,4,1,1,D,1
09/04/17,1617,Valencia,Granada,Away,8,3,1,A,0
09/04/2023,2223,Valencia,Almeria,Away,4,1,2,H,0
09/05/09,809,Valencia,Real Madrid,Home,5,3,0,H,0
09/05/15,1415,Valencia,Real Madrid,Away,4,2,2,D,0
09/05/2021,2021,Valencia,Valladolid,Home,3,3,0,H,0
09/06/07,607,Valencia,Levante,Away,3,2,4,H,3
09/09/06,607,Valencia,Ath Madrid,Away,5,1,0,A,1
09/09/17,1718,Valencia,Ath Madrid,Home,0,0,0,D,0
09/11/08,809,Valencia,Getafe,Away,4,3,0,A,0
09/11/14,1415,Valencia,Ath Bilbao,Home,1,0,0,D,0
09/11/2019,1920,Valencia,Granada,Home,4,2,0,H,0
09/11/2025,2526,Valencia,Betis,Home,4,1,1,D,0
09/12/17,1718,Valencia,Celta,Home,7,2,1,H,0
10/01/09,809,Valencia,Villarreal,Home,7,3,3,D,0
10/01/10,910,Valencia,Xerez,Away,6,3,1,A,0
10/01/15,1415,Valencia,Celta,Away,2,1,1,D,0
10/01/16,1516,Valencia,Sociedad,Away,3,0,2,H,0
10/01/2021,2021,Valencia,Valladolid,Away,6,1,0,A,0
10/01/2026,2526,Valencia,Elche,Home,4,1,1,D,0
10/02/08,708,Valencia,Betis,Home,6,3,1,H,0
10/02/2019,1819,Valencia,Sociedad,Home,4,0,0,D,0
10/02/2024,2324,Valencia,Las Palmas,Away,1,0,2,H,0
10/03/13,1213,Valencia,Ath Bilbao,Away,5,0,1,H,0
10/03/18,1718,Valencia,Sevilla,Away,5,2,0,A,0
10/03/2019,1819,Valencia,Girona,Away,6,3,2,A,1
10/04/11,1011,Valencia,Villarreal,Home,12,5,0,H,0
10/04/16,1516,Valencia,Sevilla,Home,9,2,1,H,0
10/05/14,1314,Valencia,Levante,Away,6,0,2,H,0
10/05/2022,2122,Valencia,Betis,Home,5,0,3,A,0
10/05/2025,2425,Valencia,Getafe,Home,6,3,0,H,0
10/05/2026,2526,Valencia,Ath Bilbao,Away,3,1,0,A,0
10/09/11,1112,Valencia,Ath Madrid,Home,6,1,0,H,0
10/09/2022,2223,Valencia,Vallecano,Away,4,1,2,H,0
10/11/07,708,Valencia,Murcia,Home,5,3,0,H,0
10/11/13,1314,Valencia,Valladolid,Home,6,2,2,D,0
10/11/2018,1819,Valencia,Getafe,Away,3,1,0,A,0
10/11/2022,2223,Valencia,Betis,Home,7,3,0,H,0
10/12/05,506,Valencia,Ath Bilbao,Home,8,1,1,D,0
10/12/06,607,Valencia,La Coruna,Home,5,4,0,H,0
10/12/11,1112,Valencia,Betis,Away,2,1,2,H,0
10/12/16,1617,Valencia,Sociedad,Away,3,2,3,H,1
11/01/14,1314,Valencia,Celta,Away,2,1,2,H,0
11/01/2025,2425,Valencia,Sevilla,Away,1,1,1,D,0
11/02/07,607,Valencia,Getafe,Away,5,0,3,H,0
11/02/17,1617,Valencia,Betis,Away,4,0,0,D,0
11/02/18,1718,Valencia,Levante,Home,8,3,1,H,0
11/02/2023,2223,Valencia,Ath Bilbao,Home,8,1,2,A,0
11/03/06,506,Valencia,Real Madrid,Home,2,0,0,D,0
11/03/07,607,Valencia,Osasuna,Away,6,1,1,D,0
11/03/12,1112,Valencia,Mallorca,Home,8,2,2,D,1
11/03/17,1617,Valencia,Sp Gijon,Home,7,1,1,D,0
11/03/2023,2223,Valencia,Osasuna,Home,4,1,0,H,0
11/04/10,910,Valencia,Mallorca,Away,4,2,3,H,1
11/04/12,1112,Valencia,Vallecano,Home,7,4,1,H,0
11/04/2021,2021,Valencia,Sociedad,Home,2,2,2,D,1
11/04/2022,2122,Valencia,Vallecano,Away,2,1,1,D,0
11/04/2025,2425,Valencia,Sevilla,Home,6,1,0,H,0
11/04/2026,2526,Valencia,Elche,Away,8,0,1,H,0
11/05/08,708,Valencia,Levante,Away,7,5,1,A,0
11/05/11,1011,Valencia,Espanol,Away,5,2,2,D,0
11/08/2023,2324,Valencia,Sevilla,Away,3,2,1,A,0
11/09/05,506,Valencia,Zaragoza,Away,2,2,2,D,0
11/09/10,1011,Valencia,Santander,Home,5,1,0,H,0
11/09/16,1617,Valencia,Betis,Home,9,2,3,A,1
11/11/06,607,Valencia,Ath Bilbao,Home,3,1,1,D,0
11/11/12,1213,Valencia,Valladolid,Away,3,1,1,D,1
11/11/2023,2324,Valencia,Real Madrid,Away,4,1,5,H,0
11/12/2021,2122,Valencia,Elche,Home,8,2,1,H,0
12/01/13,1213,Valencia,Sevilla,Home,4,2,0,H,0
12/01/2019,1819,Valencia,Valladolid,Home,5,1,1,D,0
12/02/06,506,Valencia,Barcelona,Home,4,1,0,H,0
12/02/11,1011,Valencia,Ath Madrid,Away,2,2,1,A,0
12/02/12,1112,Valencia,Sp Gijon,Home,8,4,0,H,0
12/03/11,1011,Valencia,Zaragoza,Away,1,0,4,H,1
12/03/2021,2021,Valencia,Levante,Away,2,0,1,H,0
12/03/2022,2122,Valencia,Getafe,Away,0,0,0,D,0
12/04/08,708,Valencia,Santander,Home,1,1,2,A,0
12/04/09,809,Valencia,Sp Gijon,Away,3,3,2,A,0
12/05/12,1112,Valencia,Sociedad,Away,2,0,1,H,0
12/05/13,1213,Valencia,Vallecano,Away,7,4,0,A,0
12/05/18,1718,Valencia,Girona,Away,4,1,0,A,0
12/05/2019,1819,Valencia,Alaves,Home,4,3,1,H,0
12/05/2021,2021,Valencia,Sevilla,Away,2,0,1,H,0
12/05/2024,2324,Valencia,Vallecano,Home,5,0,0,D,0
12/06/2020,1920,Valencia,Levante,Home,3,1,1,D,0
12/07/2020,1920,Valencia,Leganes,Away,5,0,1,H,0
12/09/15,1516,Valencia,Sp Gijon,Away,3,1,0,A,0
12/09/2021,2122,Valencia,Osasuna,Away,4,4,1,A,0
12/12/09,910,Valencia,Real Madrid,Home,5,2,3,A,0
12/12/2020,2021,Valencia,Ath Bilbao,Home,2,2,2,D,0
13/01/07,607,Valencia,Levante,Home,6,3,0,H,0
13/01/08,708,Valencia,Ath Madrid,Away,8,0,1,H,0
13/01/18,1718,Valencia,La Coruna,Away,5,2,1,A,0
13/02/10,910,Valencia,Sp Gijon,Away,8,1,1,D,0
13/02/16,1516,Valencia,Espanol,Home,4,2,1,H,0
13/02/2022,2122,Valencia,Alaves,Away,4,1,2,H,0
13/03/15,1415,Valencia,La Coruna,Home,8,2,0,H,0
13/03/16,1516,Valencia,Levante,Away,1,0,1,H,0
13/04/13,1213,Valencia,Espanol,Away,5,3,3,D,0
13/04/14,1314,Valencia,Elche,Home,4,2,1,H,1
13/04/15,1415,Valencia,Levante,Home,5,3,0,H,0
13/05/07,607,Valencia,Zaragoza,Home,8,2,0,H,0
13/05/16,1516,Valencia,Sociedad,Home,0,0,1,A,0
13/05/17,1617,Valencia,Espanol,Away,3,1,0,A,0
13/08/2021,2122,Valencia,Getafe,Home,2,1,0,H,1
13/09/09,910,Valencia,Valladolid,Away,6,4,2,A,0
13/09/2020,2021,Valencia,Levante,Home,8,4,2,H,0
13/12/08,809,Valencia,Espanol,Home,6,2,1,H,0
13/12/10,1011,Valencia,Osasuna,Home,9,3,3,D,0
13/12/14,1415,Valencia,Vallecano,Home,6,3,0,H,1
13/12/15,1516,Valencia,Eibar,Away,1,1,1,D,1
13/12/2024,2425,Valencia,Valladolid,Away,2,0,1,H,0
13/12/2025,2526,Valencia,Ath Madrid,Away,2,1,2,H,0
14/01/06,506,Valencia,Osasuna,Home,4,2,0,H,0
14/01/12,1112,Valencia,Sociedad,Home,3,0,1,A,0
14/01/2024,2324,Valencia,Cadiz,Away,5,4,1,A,0
14/02/09,809,Valencia,Malaga,Home,9,1,1,D,0
14/02/2020,1920,Valencia,Ath Madrid,Home,3,2,2,D,0
14/02/2021,2021,Valencia,Real Madrid,Away,1,0,2,H,0
14/03/09,809,Valencia,Recreativo,Home,4,1,1,D,1
14/03/10,910,Valencia,Barcelona,Away,4,0,3,H,1
14/03/2026,2526,Valencia,Oviedo,Away,2,0,1,H,0
14/04/18,1718,Valencia,Barcelona,Away,6,1,2,H,0
14/04/2019,1819,Valencia,Levante,Home,6,3,1,H,0
14/05/2022,2122,Valencia,Espanol,Away,5,1,1,D,0
14/05/2023,2223,Valencia,Celta,Away,5,2,1,A,1
14/05/2025,2425,Valencia,Alaves,Away,3,0,1,H,0
14/05/2026,2526,Valencia,Vallecano,Home,3,1,1,D,0
14/08/2022,2223,Valencia,Girona,Home,2,1,0,H,1
14/09/08,809,Valencia,Almeria,Away,3,2,2,D,0
14/09/14,1415,Valencia,Espanol,Home,6,3,1,H,0
14/09/2019,1920,Valencia,Barcelona,Away,3,2,5,H,0
14/09/2025,2526,Valencia,Barcelona,Away,1,0,6,H,0
14/11/10,1011,Valencia,Getafe,Home,4,2,0,H,0
15/01/17,1617,Valencia,Espanol,Home,5,2,1,H,0
15/02/15,1415,Valencia,Getafe,Home,3,1,0,H,0
15/02/2025,2425,Valencia,Villarreal,Away,3,1,1,D,0
15/02/2026,2526,Valencia,Levante,Away,2,2,0,A,0
15/03/08,708,Valencia,Sevilla,Home,3,1,2,A,0
15/03/2025,2425,Valencia,Girona,Away,2,1,1,D,0
15/04/07,607,Valencia,Sevilla,Home,5,2,0,H,0
15/04/10,910,Valencia,Ath Bilbao,Home,5,2,0,H,0
15/04/12,1112,Valencia,Espanol,Away,1,0,4,H,0
15/04/2024,2324,Valencia,Osasuna,Away,3,1,0,A,0
15/05/11,1011,Valencia,Levante,Home,5,0,0,D,0
15/09/07,708,Valencia,Valladolid,Home,5,2,1,H,0
15/09/12,1213,Valencia,Celta,Home,4,2,1,H,0
15/09/13,1314,Valencia,Betis,Away,2,1,3,H,0
15/09/2018,1819,Valencia,Betis,Home,2,0,0,D,0
15/09/2024,2425,Valencia,Ath Madrid,Away,1,0,3,H,0
15/10/06,607,Valencia,Celta,Away,6,2,3,H,1
15/10/11,1112,Valencia,Mallorca,Away,3,1,1,D,0
15/10/17,1718,Valencia,Betis,Away,9,6,3,A,0
15/10/2022,2223,Valencia,Elche,Home,8,2,2,D,0
15/11/08,809,Valencia,Sp Gijon,Home,8,2,3,A,0
15/12/07,708,Valencia,Barcelona,Home,2,0,3,A,0
15/12/13,1314,Valencia,Ath Madrid,Away,0,0,3,H,0
15/12/2018,1819,Valencia,Eibar,Away,4,1,1,D,0
15/12/2019,1920,Valencia,Real Madrid,Home,6,1,1,D,0
16/01/11,1011,Valencia,La Coruna,Home,7,2,0,H,0
16/02/14,1314,Valencia,Sevilla,Away,0,0,0,D,1
16/03/13,1213,Valencia,Betis,Home,4,3,0,H,0
16/03/14,1314,Valencia,Sociedad,Away,3,0,1,H,0
16/04/06,506,Valencia,Espanol,Home,7,4,0,H,0
16/04/11,1011,Valencia,Almeria,Away,7,3,0,A,0
16/04/17,1617,Valencia,Sevilla,Home,3,0,0,D,0
16/04/2022,2122,Valencia,Osasuna,Home,4,1,2,A,0
16/04/2023,2223,Valencia,Sevilla,Home,3,0,2,A,1
16/05/06,506,Valencia,Osasuna,Away,7,1,2,H,0
16/05/10,910,Valencia,Tenerife,Home,8,1,0,H,0
16/05/2021,2021,Valencia,Eibar,Home,5,4,1,H,0
16/05/2024,2324,Valencia,Sociedad,Away,3,0,1,H,0
16/07/2020,1920,Valencia,Espanol,Home,3,1,0,H,1
16/08/2025,2526,Valencia,Sociedad,Home,2,1,1,D,0
16/09/17,1718,Valencia,Levante,Away,5,1,1,D,0
16/09/2023,2324,Valencia,Ath Madrid,Home,8,3,0,H,0
16/10/05,506,Valencia,Malaga,Home,7,2,1,H,0
16/10/10,1011,Valencia,Barcelona,Away,2,1,2,H,0
16/10/16,1617,Valencia,Sp Gijon,Away,3,2,1,A,0
16/12/06,607,Valencia,Zaragoza,Away,2,1,0,A,0
16/12/12,1213,Valencia,Vallecano,Home,2,0,1,A,0
16/12/17,1718,Valencia,Eibar,Away,3,1,2,H,0
16/12/2023,2324,Valencia,Barcelona,Home,4,1,1,D,0
17/01/10,910,Valencia,Villarreal,Home,11,4,1,H,0
17/01/14,1314,Valencia,Malaga,Away,4,0,0,D,0
17/01/15,1415,Valencia,Almeria,Home,8,3,2,H,0
17/01/16,1516,Valencia,Vallecano,Home,5,2,2,D,0
17/02/08,708,Valencia,Getafe,Away,2,0,0,D,1
17/02/13,1213,Valencia,Mallorca,Home,2,2,0,H,1
17/02/18,1718,Valencia,Malaga,Away,3,2,1,A,0
17/02/2019,1819,Valencia,Espanol,Home,1,0,0,D,0
17/02/2024,2324,Valencia,Sevilla,Home,4,0,0,D,0
17/03/07,607,Valencia,Santander,Home,3,0,2,A,0
17/03/18,1718,Valencia,Alaves,Home,10,3,1,H,0
17/03/2019,1819,Valencia,Getafe,Home,2,0,0,D,0
17/03/2024,2324,Valencia,Villarreal,Away,7,0,1,H,0
17/04/16,1516,Valencia,Barcelona,Away,2,2,1,A,0
17/05/09,809,Valencia,Ath Madrid,Away,1,0,1,H,0
17/05/14,1314,Valencia,Celta,Home,7,2,1,H,0
17/05/15,1415,Valencia,Celta,Home,7,1,1,D,0
17/05/2026,2526,Valencia,Sociedad,Away,6,4,3,A,1
17/06/07,607,Valencia,Sociedad,Home,7,3,3,D,0
17/08/13,1314,Valencia,Malaga,Home,1,1,0,H,0
17/08/2019,1920,Valencia,Sociedad,Home,6,1,1,D,1
17/08/2024,2425,Valencia,Barcelona,Home,1,1,2,A,0
17/09/05,506,Valencia,La Coruna,Home,6,2,2,D,1
17/09/06,607,Valencia,Getafe,Home,7,2,0,H,0
17/09/11,1112,Valencia,Sp Gijon,Away,5,1,0,A,0
17/09/2022,2223,Valencia,Celta,Home,7,3,0,H,0
17/10/09,910,Valencia,Barcelona,Home,4,0,0,D,0
17/10/15,1516,Valencia,Malaga,Home,3,3,0,H,0
17/10/2021,2122,Valencia,Barcelona,Away,3,1,3,H,0
17/11/12,1213,Valencia,Espanol,Home,6,2,1,H,0
18/01/09,809,Valencia,Ath Bilbao,Away,6,2,3,H,1
18/01/2026,2526,Valencia,Getafe,Away,1,1,0,A,1
18/02/07,607,Valencia,Barcelona,Home,3,2,1,H,1
18/03/12,1112,Valencia,Ath Bilbao,Away,7,3,0,A,0
18/03/2023,2223,Valencia,Ath Madrid,Away,1,0,3,H,0
18/04/10,910,Valencia,Real Madrid,Away,3,0,2,H,0
18/04/15,1415,Valencia,Barcelona,Away,3,0,2,H,0
18/04/18,1718,Valencia,Getafe,Home,3,1,2,A,1
18/04/2021,2021,Valencia,Betis,Away,3,2,2,D,0
18/05/08,708,Valencia,Ath Madrid,Home,10,3,1,H,0
18/05/13,1213,Valencia,Getafe,Away,4,1,0,A,0
18/05/2019,1819,Valencia,Valladolid,Away,6,2,0,A,0
18/05/2025,2425,Valencia,Ath Bilbao,Home,2,0,1,A,0
18/06/2020,1920,Valencia,Real Madrid,Away,2,0,3,H,1
18/08/17,1718,Valencia,Las Palmas,Home,6,1,0,H,0
18/08/2023,2324,Valencia,Las Palmas,Home,4,1,0,H,0
18/09/16,1617,Valencia,Ath Bilbao,Away,2,1,2,H,0
18/10/2020,2021,Valencia,Villarreal,Away,3,1,2,H,0
18/10/2022,2223,Valencia,Sevilla,Away,5,1,1,D,0
18/11/06,607,Valencia,Sevilla,Away,4,0,3,H,1
18/12/05,506,Valencia,Alaves,Away,3,1,0,A,0
18/12/10,1011,Valencia,Sociedad,Away,5,2,1,A,0
18/12/11,1112,Valencia,Malaga,Home,6,2,0,H,0
18/12/2024,2425,Valencia,Espanol,Away,4,1,1,D,0
19/01/08,708,Valencia,Villarreal,Away,2,0,3,H,0
19/01/2019,1819,Valencia,Celta,Away,8,2,1,A,0
19/01/2020,1920,Valencia,Mallorca,Away,1,1,4,H,1
19/01/2022,2122,Valencia,Sevilla,Home,2,1,1,D,1
19/01/2025,2425,Valencia,Sociedad,Home,2,1,0,H,0
19/02/06,506,Valencia,Sociedad,Away,4,2,1,A,0
19/02/11,1011,Valencia,Sp Gijon,Home,2,0,0,D,0
19/02/12,1112,Valencia,Barcelona,Away,3,1,5,H,0
19/02/17,1617,Valencia,Ath Bilbao,Home,5,2,0,H,0
19/03/06,506,Valencia,Santander,Away,5,1,2,H,0
19/03/17,1617,Valencia,Barcelona,Away,5,2,4,H,1
19/03/2022,2122,Valencia,Elche,Away,3,1,0,A,0
19/04/09,809,Valencia,Sevilla,Home,7,3,1,H,0
19/04/14,1314,Valencia,Osasuna,Away,1,1,1,D,0
19/04/2022,2122,Valencia,Villarreal,Away,1,0,2,H,0
19/04/2025,2425,Valencia,Vallecano,Away,3,1,1,D,0
19/05/07,607,Valencia,Mallorca,Away,3,1,0,A,0
19/05/2024,2324,Valencia,Girona,Home,6,1,3,A,0
19/07/2020,1920,Valencia,Sevilla,Away,2,0,1,H,0
19/08/12,1213,Valencia,Real Madrid,Away,1,1,1,D,0
19/09/10,1011,Valencia,Hercules,Away,4,2,1,A,1
19/09/15,1516,Valencia,Betis,Home,5,0,0,D,0
19/09/17,1718,Valencia,Malaga,Home,11,5,0,H,0
19/09/2020,2021,Valencia,Celta,Away,3,1,2,H,0
19/09/2021,2122,Valencia,Real Madrid,Home,4,1,2,A,0
19/10/08,809,Valencia,Numancia,Home,7,4,0,H,0
19/10/13,1314,Valencia,Sociedad,Home,4,1,2,A,0
19/10/14,1415,Valencia,La Coruna,Away,1,0,3,H,0
19/10/2019,1920,Valencia,Ath Madrid,Away,3,1,1,D,1
19/11/11,1112,Valencia,Real Madrid,Home,5,2,3,A,0
19/11/17,1718,Valencia,Espanol,Away,3,2,0,A,0
19/12/06,607,Valencia,Mallorca,Home,6,3,1,H,0
19/12/15,1516,Valencia,Getafe,Home,7,2,2,D,0
19/12/2020,2021,Valencia,Barcelona,Away,4,2,2,D,0
19/12/2023,2324,Valencia,Vallecano,Away,3,1,0,A,1
19/12/2025,2526,Valencia,Mallorca,Home,2,1,1,D,0
20/01/13,1213,Valencia,Real Madrid,Home,4,0,5,A,0
20/01/18,1718,Valencia,Las Palmas,Away,8,1,2,H,2
20/01/2024,2324,Valencia,Ath Bilbao,Home,1,1,0,H,0
20/02/2021,2021,Valencia,Celta,Home,3,2,0,H,0
20/02/2022,2122,Valencia,Barcelona,Home,5,1,4,A,0
20/02/2023,2223,Valencia,Getafe,Away,3,0,1,H,0
20/03/11,1011,Valencia,Sevilla,Home,9,0,1,A,0
20/03/15,1415,Valencia,Elche,Away,5,4,0,A,0
20/03/16,1516,Valencia,Celta,Home,4,0,2,A,0
20/04/08,708,Valencia,Ath Bilbao,Away,3,1,5,H,0
20/04/13,1213,Valencia,Malaga,Home,10,5,1,H,0
20/04/16,1516,Valencia,Eibar,Home,6,4,0,H,0
20/04/2024,2324,Valencia,Betis,Home,5,1,2,A,0
20/05/18,1718,Valencia,La Coruna,Home,5,2,1,H,0
20/08/2018,1819,Valencia,Ath Madrid,Home,4,1,1,D,0
20/09/09,910,Valencia,Sp Gijon,Home,10,2,2,D,0
20/09/2025,2526,Valencia,Ath Bilbao,Home,5,2,0,H,0
20/10/07,708,Valencia,La Coruna,Away,6,4,2,A,1
20/10/12,1213,Valencia,Ath Bilbao,Home,12,3,2,H,0
20/10/2018,1819,Valencia,Leganes,Home,4,1,1,D,0
20/10/2025,2526,Valencia,Alaves,Away,2,0,0,D,0
20/11/05,506,Valencia,Cadiz,Away,2,1,0,A,1
20/11/10,1011,Valencia,Villarreal,Away,2,1,1,D,1
20/11/16,1617,Valencia,Granada,Home,7,1,1,D,0
20/12/08,809,Valencia,Real Madrid,Away,4,0,1,H,1
20/12/09,910,Valencia,La Coruna,Away,3,0,0,D,0
20/12/14,1415,Valencia,Eibar,Away,3,1,0,A,0
20/12/2021,2122,Valencia,Levante,Away,8,4,3,A,0
21/01/07,607,Valencia,Sociedad,Away,2,1,0,A,0
21/01/17,1617,Valencia,Villarreal,Away,5,2,0,A,0
21/01/2021,2021,Valencia,Osasuna,Home,3,1,1,D,0
21/02/15,1415,Valencia,Cordoba,Away,7,2,1,A,0
21/02/16,1516,Valencia,Granada,Away,6,2,1,A,0
21/03/10,910,Valencia,Almeria,Home,7,2,0,H,0
21/03/12,1112,Valencia,Zaragoza,Home,10,1,2,A,0
21/03/2021,2021,Valencia,Granada,Home,9,2,1,H,0
21/03/2026,2526,Valencia,Sevilla,Away,4,2,0,A,0
21/04/07,607,Valencia,Real Madrid,Away,3,1,2,H,0
21/04/18,1718,Valencia,Celta,Away,7,1,1,D,0
21/04/2019,1819,Valencia,Betis,Away,3,2,1,A,1
21/04/2021,2021,Valencia,Osasuna,Away,5,1,3,H,0
21/04/2026,2526,Valencia,Mallorca,Away,3,1,1,D,0
21/05/11,1011,Valencia,La Coruna,Away,6,2,0,A,0
21/05/17,1617,Valencia,Villarreal,Home,5,1,3,A,0
21/05/2022,2122,Valencia,Celta,Home,3,2,0,H,0
21/05/2023,2223,Valencia,Real Madrid,Home,6,1,0,H,0
21/06/2020,1920,Valencia,Osasuna,Home,3,2,0,H,0
21/08/2021,2122,Valencia,Granada,Away,7,1,1,D,0
21/08/2022,2223,Valencia,Ath Bilbao,Away,0,0,1,H,0
21/09/05,506,Valencia,Barcelona,Away,4,2,2,D,0
21/09/08,809,Valencia,Osasuna,Home,2,1,0,H,0
21/09/11,1112,Valencia,Barcelona,Home,1,2,2,D,1
21/09/2024,2425,Valencia,Girona,Home,2,2,0,H,0
21/10/17,1718,Valencia,Sevilla,Home,8,4,0,H,0
21/10/2024,2425,Valencia,Las Palmas,Home,7,2,3,A,1
21/11/15,1516,Valencia,Las Palmas,Home,3,1,1,D,0
21/11/2021,2122,Valencia,Sociedad,Away,3,0,0,D,0
21/11/2025,2526,Valencia,Levante,Home,3,1,0,H,0
21/12/05,506,Valencia,Mallorca,Home,6,3,0,H,0
21/12/12,1213,Valencia,Getafe,Home,8,4,2,H,0
21/12/2019,1920,Valencia,Valladolid,Away,2,1,1,D,0
22/01/06,506,Valencia,Betis,Away,7,2,0,A,0
22/01/11,1011,Valencia,Malaga,Home,7,4,3,H,0
22/01/12,1112,Valencia,Osasuna,Away,1,1,1,D,1
22/01/2022,2122,Valencia,Ath Madrid,Away,3,2,3,H,0
22/02/09,809,Valencia,La Coruna,Away,1,1,1,D,1
22/02/10,910,Valencia,Getafe,Home,7,2,1,H,1
22/02/17,1617,Valencia,Real Madrid,Home,5,2,1,H,0
22/02/2020,1920,Valencia,Sociedad,Away,1,0,3,H,0
22/02/2025,2425,Valencia,Ath Madrid,Home,2,0,3,A,0
22/02/2026,2526,Valencia,Villarreal,Away,3,1,2,H,0
22/03/06,506,Valencia,Villarreal,Home,3,1,1,D,1
22/03/09,809,Valencia,Santander,Away,2,1,0,A,1
22/04/09,809,Valencia,Betis,Away,4,2,1,A,0
22/04/12,1112,Valencia,Betis,Home,7,4,0,H,0
22/04/17,1617,Valencia,Malaga,Away,2,0,2,H,0
22/04/2025,2425,Valencia,Espanol,Home,7,1,1,D,0
22/05/2021,2021,Valencia,Huesca,Away,4,0,0,D,0
22/08/15,1516,Valencia,Vallecano,Away,4,0,0,D,0
22/08/16,1617,Valencia,Las Palmas,Home,8,2,4,A,0
22/09/10,1011,Valencia,Ath Madrid,Home,4,1,1,D,0
22/09/13,1314,Valencia,Sevilla,Home,6,3,1,H,0
22/09/14,1415,Valencia,Getafe,Away,3,3,0,A,1
22/09/15,1516,Valencia,Espanol,Away,4,0,1,H,0
22/09/16,1617,Valencia,Alaves,Home,2,2,1,H,0
22/09/2019,1920,Valencia,Leganes,Home,4,1,1,D,0
22/09/2021,2122,Valencia,Sevilla,Away,3,1,3,H,0
22/10/06,607,Valencia,Osasuna,Home,2,1,0,H,1
22/10/16,1617,Valencia,Barcelona,Home,4,2,3,A,0
22/10/2022,2223,Valencia,Mallorca,Home,3,1,2,A,0
22/11/08,809,Valencia,Sevilla,Away,2,0,0,D,0
22/11/09,910,Valencia,Osasuna,Away,3,3,1,A,0
22/11/2020,2021,Valencia,Alaves,Away,5,2,2,D,0
22/12/07,708,Valencia,Zaragoza,Away,6,2,2,D,0
22/12/13,1314,Valencia,Real Madrid,Home,5,2,3,A,0
22/12/2020,2021,Valencia,Sevilla,Home,4,0,1,A,0
22/12/2024,2425,Valencia,Alaves,Home,3,2,2,D,0
23/01/2023,2223,Valencia,Almeria,Home,6,2,2,D,0
23/02/08,708,Valencia,Recreativo,Home,11,1,1,D,0
23/02/13,1213,Valencia,Zaragoza,Away,8,2,2,D,0
23/02/14,1314,Valencia,Granada,Home,7,2,1,H,0
23/03/08,708,Valencia,Real Madrid,Away,6,3,2,A,0
23/03/14,1314,Valencia,Villarreal,Home,5,2,1,H,0
23/04/06,506,Valencia,Ath Bilbao,Away,5,3,0,A,0
23/04/11,1011,Valencia,Real Madrid,Home,8,3,6,A,0
23/04/2023,2223,Valencia,Elche,Away,3,2,0,A,0
23/05/09,809,Valencia,Villarreal,Away,2,1,3,H,0
23/05/15,1415,Valencia,Almeria,Away,5,3,2,A,1
23/05/2025,2425,Valencia,Betis,Away,2,1,1,D,0
23/05/2026,2526,Valencia,Barcelona,Home,6,3,1,H,0
23/08/14,1415,Valencia,Sevilla,Away,1,1,1,D,1
23/08/2024,2425,Valencia,Celta,Away,5,1,3,H,0
23/09/07,708,Valencia,Betis,Away,4,2,1,A,0
23/09/09,910,Valencia,Getafe,Away,2,1,3,H,0
23/09/12,1213,Valencia,Mallorca,Away,7,0,2,H,0
23/09/2018,1819,Valencia,Villarreal,Away,2,0,0,D,1
23/09/2023,2324,Valencia,Almeria,Away,5,2,2,D,0
23/09/2025,2526,Valencia,Espanol,Away,2,2,2,D,0
23/10/05,506,Valencia,Real Madrid,Away,6,2,1,A,0
23/10/10,1011,Valencia,Mallorca,Home,5,1,2,A,0
23/10/11,1112,Valencia,Ath Bilbao,Home,3,1,1,D,0
23/10/2020,2021,Valencia,Elche,Away,4,1,2,H,0
23/10/2021,2122,Valencia,Mallorca,Home,6,2,2,D,0
23/10/2023,2324,Valencia,Cadiz,Home,4,2,0,H,0
23/11/14,1415,Valencia,Levante,Away,6,1,2,H,0
23/11/2019,1920,Valencia,Betis,Away,3,1,2,H,0
23/11/2024,2425,Valencia,Betis,Home,5,4,2,H,0
23/12/17,1718,Valencia,Villarreal,Home,3,0,1,A,1
23/12/2018,1819,Valencia,Huesca,Home,8,2,1,H,0
24/01/10,910,Valencia,Tenerife,Away,3,0,0,D,0
24/01/16,1516,Valencia,La Coruna,Away,3,1,1,D,0
24/01/2021,2021,Valencia,Ath Madrid,Away,4,1,3,H,0
24/01/2026,2526,Valencia,Espanol,Home,5,3,2,H,0
24/02/2019,1819,Valencia,Leganes,Away,1,1,1,D,0
24/03/10,910,Valencia,Malaga,Home,4,1,0,H,0
24/03/12,1112,Valencia,Getafe,Away,4,1,3,H,0
24/04/10,910,Valencia,La Coruna,Home,6,1,0,H,1
24/04/16,1516,Valencia,Getafe,Away,4,2,2,D,0
24/04/2019,1819,Valencia,Ath Madrid,Away,4,2,3,H,0
24/04/2021,2021,Valencia,Alaves,Home,2,1,1,D,0
24/08/13,1314,Valencia,Espanol,Away,2,1,3,H,0
24/08/2019,1920,Valencia,Celta,Away,1,0,1,H,0
24/08/2025,2526,Valencia,Osasuna,Away,1,0,1,H,1
24/09/05,506,Valencia,Sociedad,Home,8,2,1,H,0
24/09/06,607,Valencia,Barcelona,Away,2,1,1,D,0
24/09/11,1112,Valencia,Sevilla,Away,6,0,1,H,1
24/09/17,1718,Valencia,Sociedad,Away,4,3,2,A,1
24/09/2024,2425,Valencia,Osasuna,Home,2,0,0,D,0
24/11/12,1213,Valencia,Malaga,Away,1,0,4,H,1
24/11/13,1314,Valencia,Elche,Away,8,1,2,H,0
24/11/2018,1819,Valencia,Vallecano,Home,10,3,0,H,0
25/01/09,809,Valencia,Mallorca,Away,1,1,3,H,0
25/01/14,1314,Valencia,Espanol,Home,5,2,2,D,0
25/01/15,1415,Valencia,Sevilla,Home,8,3,1,H,0
25/01/2020,1920,Valencia,Barcelona,Home,6,2,0,H,0
25/02/07,607,Valencia,Gimnastic,Away,4,1,1,D,0
25/02/17,1617,Valencia,Alaves,Away,2,1,2,H,1
25/02/18,1718,Valencia,Sociedad,Home,4,2,1,H,0
25/02/2023,2223,Valencia,Sociedad,Home,3,1,0,H,0
25/04/09,809,Valencia,Barcelona,Home,5,2,2,D,0
25/04/2026,2526,Valencia,Girona,Home,3,2,1,H,0
25/05/2023,2223,Valencia,Mallorca,Away,5,0,1,H,0
25/06/2020,1920,Valencia,Eibar,Away,0,0,1,H,1
25/09/08,809,Valencia,Malaga,Away,5,2,0,A,0
25/09/10,1011,Valencia,Sp Gijon,Away,5,2,0,A,0
25/09/13,1314,Valencia,Granada,Away,3,1,0,A,0
25/09/14,1415,Valencia,Cordoba,Home,7,3,0,H,0
25/09/15,1516,Valencia,Granada,Home,5,1,0,H,0
25/09/16,1617,Valencia,Leganes,Away,4,2,1,A,0
25/09/2019,1920,Valencia,Getafe,Home,4,3,3,D,0
25/09/2021,2122,Valencia,Ath Bilbao,Home,6,1,1,D,1
25/10/09,910,Valencia,Almeria,Away,7,3,0,A,0
25/10/14,1415,Valencia,Elche,Home,4,3,1,H,0
25/10/15,1516,Valencia,Ath Madrid,Away,1,1,2,H,0
25/10/2025,2526,Valencia,Villarreal,Home,3,0,2,A,0
25/11/07,708,Valencia,Santander,Away,3,0,1,H,0
25/11/2023,2324,Valencia,Celta,Home,0,0,0,D,0
26/01/13,1213,Valencia,La Coruna,Away,12,3,2,A,0
26/01/2019,1819,Valencia,Villarreal,Home,9,3,0,H,0
26/01/2025,2425,Valencia,Barcelona,Away,2,1,7,H,0
26/02/06,506,Valencia,Getafe,Home,7,1,1,D,0
26/02/12,1112,Valencia,Sevilla,Home,5,1,2,A,0
26/02/2022,2122,Valencia,Mallorca,Away,4,1,0,A,1
26/03/06,506,Valencia,Sevilla,Away,1,0,1,H,1
26/04/17,1617,Valencia,Sociedad,Home,3,2,3,A,0
26/05/07,607,Valencia,Villarreal,Home,7,2,3,A,0
26/05/13,1213,Valencia,Granada,Home,3,1,0,H,0
26/05/2024,2324,Valencia,Celta,Away,1,2,2,D,0
26/08/06,607,Valencia,Betis,Home,4,2,1,H,0
26/08/07,708,Valencia,Villarreal,Home,1,0,3,A,2
26/08/12,1213,Valencia,La Coruna,Home,5,3,3,D,1
26/08/2018,1819,Valencia,Espanol,Away,4,0,2,H,0
26/09/07,708,Valencia,Getafe,Home,10,2,1,H,0
26/09/09,910,Valencia,Ath Madrid,Home,7,2,2,D,0
26/09/2018,1819,Valencia,Celta,Home,5,1,1,D,0
26/09/2020,2021,Valencia,Huesca,Home,2,1,1,D,0
26/10/08,809,Valencia,Recreativo,Away,6,1,1,D,0
26/10/11,1112,Valencia,Zaragoza,Away,4,1,0,A,0
26/11/05,506,Valencia,Celta,Home,7,2,0,H,0
26/11/06,607,Valencia,Real Madrid,Home,4,0,1,A,0
26/11/11,1112,Valencia,Vallecano,Away,3,2,1,A,0
26/11/16,1617,Valencia,Sevilla,Away,4,1,2,H,0
26/11/17,1718,Valencia,Barcelona,Home,1,1,1,D,0
27/01/08,708,Valencia,Almeria,Home,4,0,1,A,0
27/01/18,1718,Valencia,Real Madrid,Home,4,1,4,A,0
27/02/11,1011,Valencia,Ath Bilbao,Away,5,2,1,A,0
27/02/2021,2021,Valencia,Getafe,Away,0,0,3,H,1
27/03/10,910,Valencia,Zaragoza,Away,3,0,3,H,1
27/03/14,1314,Valencia,Almeria,Away,5,2,2,D,0
27/04/08,708,Valencia,Osasuna,Home,6,3,0,H,0
27/04/14,1314,Valencia,Ath Madrid,Home,2,0,1,A,0
27/04/15,1415,Valencia,Granada,Home,6,4,0,H,0
27/04/2023,2223,Valencia,Valladolid,Home,5,2,1,H,0
27/08/05,506,Valencia,Betis,Home,2,1,0,H,0
27/08/11,1112,Valencia,Santander,Home,11,4,3,H,0
27/08/16,1617,Valencia,Eibar,Away,3,0,1,H,0
27/08/17,1718,Valencia,Real Madrid,Away,3,2,2,D,0
27/08/2021,2122,Valencia,Alaves,Home,4,3,0,H,0
27/08/2023,2324,Valencia,Osasuna,Home,4,1,2,A,0
27/09/2023,2324,Valencia,Sociedad,Home,2,0,1,A,1
27/10/05,506,Valencia,Sevilla,Home,6,0,2,A,0
27/10/12,1213,Valencia,Betis,Away,3,0,1,H,0
27/10/13,1314,Valencia,Villarreal,Away,8,1,4,H,0
27/10/2018,1819,Valencia,Ath Bilbao,Away,3,0,0,D,0
27/10/2019,1920,Valencia,Osasuna,Away,1,1,3,H,1
27/10/2021,2122,Valencia,Betis,Away,4,1,4,H,0
27/10/2024,2425,Valencia,Getafe,Away,1,1,1,D,0
27/11/2021,2122,Valencia,Vallecano,Home,4,1,1,D,0
28/01/07,607,Valencia,Betis,Away,8,1,2,H,0
28/01/2024,2324,Valencia,Ath Madrid,Away,3,0,2,H,0
28/02/10,910,Valencia,Ath Madrid,Away,2,1,4,H,2
28/02/16,1516,Valencia,Ath Bilbao,Home,3,0,3,A,0
28/02/17,1617,Valencia,Leganes,Home,6,1,0,H,0
28/02/18,1718,Valencia,Ath Bilbao,Away,4,1,1,D,0
28/04/07,607,Valencia,Recreativo,Home,3,2,0,H,0
28/04/13,1213,Valencia,Sociedad,Away,7,2,4,H,0
28/04/2019,1819,Valencia,Eibar,Home,2,0,1,A,0
28/05/2023,2223,Valencia,Espanol,Home,4,2,2,D,0
28/06/2020,1920,Valencia,Villarreal,Away,0,0,2,H,0
28/08/10,1011,Valencia,Malaga,Away,8,3,1,A,0
28/08/2024,2425,Valencia,Ath Bilbao,Away,0,0,1,H,0
28/09/08,809,Valencia,La Coruna,Home,9,4,2,H,0
28/09/13,1314,Valencia,Vallecano,Home,4,1,0,H,0
28/09/14,1415,Valencia,Sociedad,Away,2,1,1,D,0
28/09/2019,1920,Valencia,Ath Bilbao,Away,6,1,0,A,0
28/09/2024,2425,Valencia,Sociedad,Away,4,0,3,H,0
28/10/06,607,Valencia,Santander,Away,1,0,1,H,1
28/10/07,708,Valencia,Sevilla,Away,0,0,3,H,0
28/10/17,1718,Valencia,Alaves,Away,2,2,1,A,0
28/11/09,910,Valencia,Mallorca,Home,6,1,1,D,0
28/11/10,1011,Valencia,Almeria,Home,6,2,1,H,0
28/11/2020,2021,Valencia,Ath Madrid,Home,2,0,1,A,0
29/01/06,506,Valencia,Zaragoza,Home,6,2,2,D,0
29/01/12,1112,Valencia,Santander,Away,4,2,2,D,1
29/01/2023,2223,Valencia,Valladolid,Away,2,0,1,H,0
29/02/2020,1920,Valencia,Betis,Home,5,2,1,H,0
29/04/12,1112,Valencia,Malaga,Away,1,0,1,H,1
29/04/17,1617,Valencia,Real Madrid,Away,2,1,2,H,0
29/04/18,1718,Valencia,Eibar,Home,5,0,0,D,0
29/04/2024,2324,Valencia,Barcelona,Away,3,2,4,H,1
29/08/14,1415,Valencia,Malaga,Home,4,3,0,H,0
29/08/2022,2223,Valencia,Ath Madrid,Home,2,0,1,A,0
29/08/2025,2526,Valencia,Getafe,Home,4,3,0,H,0
29/09/12,1213,Valencia,Zaragoza,Home,4,2,0,H,1
29/09/2018,1819,Valencia,Sociedad,Away,2,1,0,A,0
29/09/2020,2021,Valencia,Sociedad,Away,5,1,0,A,0
29/10/11,1112,Valencia,Getafe,Home,5,3,1,H,0
29/10/2022,2223,Valencia,Barcelona,Home,2,0,1,A,0
29/10/2023,2324,Valencia,Ath Bilbao,Away,5,2,2,D,0
29/11/15,1516,Valencia,Sevilla,Away,0,0,1,H,2
29/11/2024,2425,Valencia,Mallorca,Away,1,1,2,H,0
30/01/17,1617,Valencia,Las Palmas,Away,3,1,3,H,1
30/01/2021,2021,Valencia,Elche,Home,4,1,0,H,0
30/03/08,708,Valencia,Mallorca,Home,4,0,3,A,0
30/03/14,1314,Valencia,Getafe,Home,3,1,3,A,1
30/03/2024,2324,Valencia,Mallorca,Home,5,0,0,D,0
30/03/2025,2425,Valencia,Mallorca,Home,2,1,0,H,0
30/04/06,506,Valencia,Alaves,Home,6,3,0,H,0
30/04/15,1415,Valencia,Vallecano,Away,5,1,1,D,1
30/04/2022,2122,Valencia,Levante,Home,1,1,1,D,1
30/04/2023,2223,Valencia,Cadiz,Away,4,1,2,H,0
30/05/09,809,Valencia,Ath Bilbao,Home,12,2,0,H,0
30/08/08,809,Valencia,Mallorca,Home,6,3,0,H,0
30/08/09,910,Valencia,Sevilla,Home,6,2,0,H,0
30/08/15,1516,Valencia,La Coruna,Home,5,1,1,D,1
30/09/07,708,Valencia,Recreativo,Away,1,1,0,A,0
30/09/2025,2526,Valencia,Oviedo,Home,5,1,2,A,0
30/10/05,506,Valencia,Santander,Home,4,1,1,D,0
30/10/10,1011,Valencia,Zaragoza,Home,2,1,1,D,0
30/10/13,1314,Valencia,Almeria,Home,7,1,2,A,0
30/10/2019,1920,Valencia,Sevilla,Home,3,1,1,D,0
30/10/2021,2122,Valencia,Villarreal,Home,3,2,0,H,0
30/11/08,809,Valencia,Betis,Home,4,3,2,H,1
30/11/14,1415,Valencia,Barcelona,Home,4,0,1,A,0
30/11/2019,1920,Valencia,Villarreal,Home,7,2,1,H,0
30/12/2020,2021,Valencia,Granada,Away,6,1,2,H,2
31/01/10,910,Valencia,Sevilla,Away,8,1,2,H,0
31/01/11,1011,Valencia,Santander,Away,3,1,1,D,2
31/01/16,1516,Valencia,Sp Gijon,Home,3,0,1,A,0
31/03/07,607,Valencia,Espanol,Home,7,3,2,H,0
31/03/13,1213,Valencia,Ath Madrid,Away,3,1,1,D,0
31/03/2019,1819,Valencia,Sevilla,Away,2,1,0,A,0
31/08/2024,2425,Valencia,Villarreal,Home,6,1,1,D,0
31/10/07,708,Valencia,Real Madrid,Home,7,1,5,A,1
31/10/15,1516,Valencia,Levante,Home,6,3,0,H,0
31/10/16,1617,Valencia,La Coruna,Away,3,1,1,D,0
31/12/15,1516,Valencia,Villarreal,Away,2,0,1,H,0
31/12/2021,2122,Valencia,Espanol,Home,2,1,2,A,1
31/12/2022,2223,Valencia,Villarreal,Away,4,1,2,H,0
01/02/09,809,Valladolid,Ath Madrid,Away,2,2,1,A,0
01/02/13,1213,Valladolid,Ath Bilbao,Home,3,2,2,D,0
01/02/14,1314,Valladolid,Getafe,Away,2,0,0,D,0
01/02/2019,1819,Valladolid,Huesca,Away,4,0,4,H,0
01/02/2020,1920,Valladolid,Mallorca,Away,7,1,0,A,0
01/02/2025,2425,Valladolid,Villarreal,Away,2,1,5,H,0
01/03/09,809,Valladolid,Valencia,Away,2,2,1,A,1
01/03/14,1314,Valladolid,Malaga,Away,3,1,1,D,0
01/05/10,910,Valladolid,Getafe,Home,3,0,0,D,0
01/06/13,1213,Valladolid,Mallorca,Away,5,2,4,H,0
01/07/2020,1920,Valladolid,Levante,Home,4,0,0,D,0
01/10/2022,2223,Valladolid,Getafe,Away,7,3,2,A,0
01/11/07,708,Valladolid,Barcelona,Home,8,1,1,D,0
01/11/09,910,Valladolid,Espanol,Away,1,1,1,D,0
01/12/2018,1819,Valladolid,Leganes,Home,6,2,4,A,0
02/01/2021,2021,Valladolid,Getafe,Away,2,1,0,A,0
02/03/08,708,Valladolid,Santander,Home,2,0,1,A,0
02/03/2019,1819,Valladolid,Espanol,Away,3,1,3,H,0
02/04/2023,2223,Valladolid,Real Madrid,Away,2,0,6,H,0
02/05/2021,2021,Valladolid,Betis,Home,2,1,1,D,0
02/09/07,708,Valladolid,La Coruna,Home,6,2,2,D,0
02/09/12,1213,Valladolid,Ath Bilbao,Away,1,0,2,H,0
02/11/08,809,Valladolid,Sevilla,Home,6,3,2,H,0
02/11/13,1314,Valladolid,Almeria,Away,2,0,1,H,1
02/11/2020,2021,Valladolid,Villarreal,Away,1,0,2,H,0
02/11/2024,2425,Valladolid,Osasuna,Away,4,0,1,H,0
02/12/07,708,Valladolid,Villarreal,Home,4,2,0,H,0
03/01/10,910,Valladolid,Getafe,Away,3,0,1,H,0
03/01/2020,1920,Valladolid,Leganes,Home,5,2,2,D,0
03/02/08,708,Valladolid,Valencia,Home,6,0,2,A,0
03/03/13,1213,Valladolid,Espanol,Away,1,0,0,D,0
03/05/09,809,Valladolid,La Coruna,Away,5,0,1,H,1
03/05/14,1314,Valladolid,Espanol,Home,4,1,0,H,0
03/05/2025,2425,Valladolid,Barcelona,Home,4,1,2,A,0
03/10/2020,2021,Valladolid,Eibar,Home,3,1,2,A,0
03/11/2018,1819,Valladolid,Real Madrid,Away,2,0,2,H,0
03/11/2019,1920,Valladolid,Mallorca,Home,6,3,0,H,0
03/12/12,1213,Valladolid,Sevilla,Away,7,2,1,A,0
04/01/09,809,Valladolid,Santander,Home,3,0,1,A,0
04/01/14,1314,Valladolid,Betis,Home,3,0,0,D,0
04/04/09,809,Valladolid,Barcelona,Home,2,0,1,A,0
04/04/10,910,Valladolid,Villarreal,Home,5,0,2,A,0
04/04/2019,1819,Valladolid,Leganes,Away,1,0,1,H,0
04/05/08,708,Valladolid,Sevilla,Away,1,0,2,H,0
04/05/13,1213,Valladolid,Real Madrid,Away,6,3,4,H,0
04/05/2023,2223,Valladolid,Vallecano,Away,4,1,2,H,0
04/06/2023,2223,Valladolid,Getafe,Home,0,0,0,D,0
04/07/2020,1920,Valladolid,Alaves,Home,3,1,0,H,0
04/10/09,910,Valladolid,Ath Bilbao,Home,4,2,2,D,2
04/11/07,708,Valladolid,Zaragoza,Away,6,3,2,A,0
04/11/12,1213,Valladolid,Osasuna,Away,3,1,0,A,0
05/01/2019,1819,Valladolid,Vallecano,Home,5,0,1,A,0
05/02/2021,2021,Valladolid,Alaves,Away,1,0,1,H,0
05/02/2023,2223,Valladolid,Sociedad,Away,2,1,0,A,0
05/03/2023,2223,Valladolid,Espanol,Home,5,2,1,H,0
05/04/2021,2021,Valladolid,Barcelona,Away,2,0,1,H,1
05/05/10,910,Valladolid,Ath Madrid,Away,7,1,3,H,0
05/05/2019,1819,Valladolid,Ath Bilbao,Home,3,1,0,H,0
05/09/2022,2223,Valladolid,Almeria,Home,6,1,0,H,0
05/10/08,809,Valladolid,Valencia,Home,4,0,1,A,0
05/10/13,1314,Valladolid,Barcelona,Away,1,1,4,H,0
05/10/2024,2425,Valladolid,Vallecano,Home,5,1,2,A,0
05/11/2022,2223,Valladolid,Elche,Home,11,2,1,H,0
05/12/09,910,Valladolid,Sevilla,Away,2,1,1,D,1
05/12/2020,2021,Valladolid,Ath Madrid,Away,3,0,2,H,0
06/01/08,708,Valladolid,Getafe,Away,4,3,0,A,0
06/01/13,1213,Valladolid,Celta,Away,4,1,3,H,0
06/02/10,910,Valladolid,Valencia,Away,4,0,2,H,0
06/03/2021,2021,Valladolid,Getafe,Home,3,2,1,H,0
06/04/08,708,Valladolid,Levante,Away,6,3,0,A,0
06/04/14,1314,Valladolid,Valencia,Home,5,0,0,D,0
06/04/2025,2425,Valladolid,Getafe,Home,0,0,4,A,1
06/10/12,1213,Valladolid,Espanol,Home,6,1,1,D,0
06/10/2019,1920,Valladolid,Ath Madrid,Home,1,0,0,D,0
07/01/2023,2223,Valladolid,Mallorca,Away,1,0,1,H,0
07/02/2025,2425,Valladolid,Vallecano,Away,3,0,1,H,0
07/03/10,910,Valladolid,Ath Bilbao,Away,2,0,2,H,0
07/04/13,1213,Valladolid,Valencia,Away,4,1,2,H,1
07/04/2019,1819,Valladolid,Sevilla,Home,5,0,2,A,0
07/05/08,708,Valladolid,Betis,Away,2,1,1,D,1
07/05/14,1314,Valladolid,Real Madrid,Home,1,1,1,D,0
07/07/2020,1920,Valladolid,Valencia,Away,5,1,2,H,0
07/10/07,708,Valladolid,Santander,Away,4,0,2,H,1
07/10/2018,1819,Valladolid,Huesca,Home,3,1,0,H,0
07/12/08,809,Valladolid,Osasuna,Away,3,3,3,D,0
07/12/2024,2425,Valladolid,Las Palmas,Away,2,1,2,H,0
08/02/09,809,Valladolid,Ath Bilbao,Home,5,2,1,H,0
08/02/2019,1819,Valladolid,Villarreal,Home,3,0,0,D,0
08/02/2020,1920,Valladolid,Villarreal,Home,1,1,1,D,0
08/03/09,809,Valladolid,Recreativo,Away,4,3,2,A,2
08/03/14,1314,Valladolid,Barcelona,Home,2,1,0,H,0
08/03/2020,1920,Valladolid,Ath Bilbao,Home,2,1,4,A,0
08/03/2025,2425,Valladolid,Valencia,Away,4,1,2,H,0
08/05/10,910,Valladolid,Santander,Home,4,2,1,H,1
08/11/08,809,Valladolid,Barcelona,Away,2,0,6,H,0
08/11/09,910,Valladolid,Xerez,Home,3,0,0,D,0
08/11/2020,2021,Valladolid,Ath Bilbao,Home,4,2,1,H,0
08/11/2022,2223,Valladolid,Ath Bilbao,Away,0,0,3,H,0
08/12/12,1213,Valladolid,Real Madrid,Home,4,2,3,A,0
08/12/2019,1920,Valladolid,Sociedad,Home,2,0,0,D,0
09/01/10,910,Valladolid,Ath Madrid,Home,6,0,4,A,0
09/02/14,1314,Valladolid,Elche,Home,3,2,2,D,0
09/03/08,708,Valladolid,Ath Bilbao,Away,2,0,2,H,1
09/03/13,1213,Valladolid,Malaga,Home,4,1,1,D,0
09/04/2023,2223,Valladolid,Mallorca,Home,6,3,3,D,0
09/05/2021,2021,Valladolid,Valencia,Away,2,0,3,H,0
09/09/2022,2223,Valladolid,Girona,Away,4,1,2,H,0
09/10/2022,2223,Valladolid,Betis,Home,3,0,0,D,0
09/11/2019,1920,Valladolid,Alaves,Away,1,0,3,H,0
09/12/07,708,Valladolid,Almeria,Away,4,0,1,H,1
09/12/2018,1819,Valladolid,Sociedad,Away,6,2,1,A,0
10/01/14,1314,Valladolid,Granada,Away,1,0,4,H,0
10/01/2021,2021,Valladolid,Valencia,Home,4,0,1,A,0
10/02/08,708,Valladolid,Real Madrid,Away,7,0,7,H,0
10/03/2019,1819,Valladolid,Real Madrid,Home,2,1,4,A,0
10/04/10,910,Valladolid,Tenerife,Away,0,0,0,D,0
10/05/09,809,Valladolid,Numancia,Home,5,0,0,D,0
10/05/2025,2425,Valladolid,Mallorca,Away,7,1,2,H,0
10/11/13,1314,Valladolid,Valencia,Away,6,2,2,D,0
10/11/2018,1819,Valladolid,Eibar,Home,1,0,0,D,0
10/11/2024,2425,Valladolid,Ath Bilbao,Home,3,1,1,D,0
11/01/09,809,Valladolid,Sp Gijon,Away,2,1,2,H,1
11/01/2025,2425,Valladolid,Betis,Home,1,1,0,H,0
11/02/13,1213,Valladolid,Betis,Away,0,0,0,D,1
11/03/2023,2223,Valladolid,Elche,Away,1,1,1,D,2
11/04/14,1314,Valladolid,Osasuna,Away,1,0,0,D,0
11/04/2021,2021,Valladolid,Granada,Home,3,1,2,A,0
11/05/08,708,Valladolid,Getafe,Home,2,0,0,D,0
11/05/13,1213,Valladolid,La Coruna,Home,3,1,0,H,0
11/05/14,1314,Valladolid,Betis,Away,8,3,4,H,0
11/07/2020,1920,Valladolid,Barcelona,Home,4,0,1,A,0
11/11/07,708,Valladolid,Levante,Home,6,1,0,H,0
11/11/12,1213,Valladolid,Valencia,Home,2,1,1,D,0
11/12/2020,2021,Valladolid,Osasuna,Home,6,3,2,H,0
12/01/13,1213,Valladolid,Mallorca,Home,8,3,1,H,0
12/01/2019,1819,Valladolid,Valencia,Away,1,1,1,D,0
12/02/2023,2223,Valladolid,Osasuna,Home,5,0,0,D,0
12/04/09,809,Valladolid,Real Madrid,Away,9,0,2,H,0
12/05/2019,1819,Valladolid,Vallecano,Away,6,2,1,A,0
13/01/08,708,Valladolid,Recreativo,Home,4,3,1,H,0
13/02/2021,2021,Valladolid,Eibar,Away,1,1,1,D,0
13/03/2021,2021,Valladolid,Osasuna,Away,2,0,0,D,0
13/04/08,708,Valladolid,Ath Madrid,Home,5,1,1,D,0
13/04/10,910,Valladolid,Sevilla,Home,5,2,1,H,0
13/04/13,1213,Valladolid,Getafe,Home,10,2,1,H,0
13/05/2021,2021,Valladolid,Villarreal,Home,2,0,2,A,0
13/05/2025,2425,Valladolid,Girona,Home,4,0,1,A,0
13/06/2020,1920,Valladolid,Leganes,Away,2,2,1,A,0
13/08/2022,2223,Valladolid,Villarreal,Home,6,0,3,A,0
13/09/08,809,Valladolid,Ath Madrid,Home,4,2,1,H,1
13/09/09,910,Valladolid,Valencia,Home,9,2,4,A,0
13/09/2020,2021,Valladolid,Sociedad,Home,3,1,1,D,0
13/12/09,910,Valladolid,Malaga,Home,4,1,1,D,0
13/12/2024,2425,Valladolid,Valencia,Home,1,1,0,H,1
14/01/2023,2223,Valladolid,Vallecano,Home,2,0,1,A,0
14/02/10,910,Valladolid,Zaragoza,Home,7,1,1,D,0
14/03/10,910,Valladolid,Real Madrid,Home,2,1,4,A,0
14/04/2019,1819,Valladolid,Getafe,Home,4,2,2,D,0
14/04/2025,2425,Valladolid,Ath Madrid,Away,3,2,4,H,0
14/05/2023,2223,Valladolid,Sevilla,Home,6,0,3,A,0
14/12/08,809,Valladolid,La Coruna,Home,6,3,0,H,0
15/02/09,809,Valladolid,Almeria,Away,4,2,3,H,1
15/02/14,1314,Valladolid,Ath Madrid,Away,0,0,3,H,0
15/02/2020,1920,Valladolid,Granada,Away,4,1,2,H,0
15/03/09,809,Valladolid,Getafe,Home,6,1,0,H,0
15/03/2025,2425,Valladolid,Celta,Home,2,0,1,A,0
15/04/2023,2223,Valladolid,Villarreal,Away,7,2,1,A,0
15/09/07,708,Valladolid,Valencia,Away,2,1,2,H,0
15/09/2019,1920,Valladolid,Osasuna,Home,1,1,1,D,0
15/09/2024,2425,Valladolid,Celta,Away,1,1,3,H,1
15/11/08,809,Valladolid,Real Madrid,Home,3,1,0,H,0
15/12/2018,1819,Valladolid,Ath Madrid,Home,2,2,3,A,0
15/12/2019,1920,Valladolid,Getafe,Away,3,0,2,H,0
16/02/2019,1819,Valladolid,Barcelona,Away,0,0,1,H,0
16/02/2025,2425,Valladolid,Sevilla,Home,2,0,4,A,0
16/03/08,708,Valladolid,Osasuna,Home,2,0,0,D,0
16/03/13,1213,Valladolid,Sociedad,Away,5,1,4,H,0
16/03/14,1314,Valladolid,Sevilla,Away,2,1,4,H,0
16/05/10,910,Valladolid,Barcelona,Away,4,0,4,H,0
16/05/2021,2021,Valladolid,Sociedad,Away,5,1,4,H,1
16/07/2020,1920,Valladolid,Eibar,Away,8,1,3,H,0
16/09/13,1314,Valladolid,Elche,Away,4,0,0,D,0
16/09/2018,1819,Valladolid,Alaves,Home,5,0,1,A,0
16/09/2022,2223,Valladolid,Cadiz,Home,6,0,1,A,0
16/10/2022,2223,Valladolid,Espanol,Away,2,0,1,H,0
16/12/07,708,Valladolid,Sevilla,Home,4,0,0,D,0
16/12/13,1314,Valladolid,Celta,Home,6,3,0,H,0
17/01/10,910,Valladolid,Santander,Away,2,1,1,D,0
17/01/2025,2425,Valladolid,Espanol,Away,4,1,2,H,0
17/02/08,708,Valladolid,Mallorca,Home,6,1,1,D,0
17/02/13,1213,Valladolid,Ath Madrid,Home,0,0,3,A,0
17/03/2019,1819,Valladolid,Eibar,Away,3,2,1,A,0
17/03/2023,2223,Valladolid,Ath Bilbao,Home,3,1,3,A,0
17/05/09,809,Valladolid,Santander,Away,6,2,3,H,1
17/06/2020,1920,Valladolid,Celta,Home,1,0,0,D,0
17/08/13,1314,Valladolid,Ath Bilbao,Home,2,1,2,A,0
17/08/2018,1819,Valladolid,Girona,Away,1,0,0,D,0
17/09/12,1213,Valladolid,Betis,Home,3,0,1,A,0
17/10/09,910,Valladolid,Real Madrid,Away,8,2,4,H,0
17/12/12,1213,Valladolid,La Coruna,Away,4,0,0,D,0
18/01/09,809,Valladolid,Betis,Home,2,1,3,A,0
18/01/2020,1920,Valladolid,Osasuna,Away,3,0,0,D,0
18/02/2023,2223,Valladolid,Betis,Away,3,1,2,H,0
18/04/10,910,Valladolid,Malaga,Away,0,0,0,D,0
18/05/08,708,Valladolid,Recreativo,Away,2,1,1,D,0
18/05/14,1314,Valladolid,Granada,Home,4,0,1,A,0
18/05/2019,1819,Valladolid,Valencia,Home,4,0,2,A,0
18/05/2025,2425,Valladolid,Alaves,Home,1,0,1,A,0
18/08/2019,1920,Valladolid,Betis,Away,3,2,1,A,0
18/10/2020,2021,Valladolid,Huesca,Away,3,2,2,D,0
18/10/2024,2425,Valladolid,Alaves,Away,4,3,2,A,0
18/11/12,1213,Valladolid,Getafe,Away,3,1,2,H,0
19/01/2021,2021,Valladolid,Elche,Home,2,2,2,D,1
19/04/09,809,Valladolid,Villarreal,Home,3,0,0,D,1
19/04/2019,1819,Valladolid,Alaves,Away,7,2,2,D,0
19/05/13,1213,Valladolid,Barcelona,Away,2,1,2,H,0
19/05/2023,2223,Valladolid,Cadiz,Away,2,0,2,H,1
19/07/2020,1920,Valladolid,Betis,Home,4,2,0,H,0
19/08/2022,2223,Valladolid,Sevilla,Away,3,1,1,D,1
19/08/2024,2425,Valladolid,Espanol,Home,3,1,0,H,0
19/10/08,809,Valladolid,Recreativo,Home,6,1,1,D,0
19/10/2022,2223,Valladolid,Celta,Home,7,4,1,H,0
19/12/2020,2021,Valladolid,Sevilla,Away,5,1,1,D,0
20/01/08,708,Valladolid,Espanol,Home,5,2,1,H,0
20/01/13,1213,Valladolid,Zaragoza,Home,6,2,0,H,0
20/01/14,1314,Valladolid,Ath Bilbao,Away,4,2,4,H,0
20/01/2019,1819,Valladolid,Levante,Away,3,0,2,H,0
20/02/2021,2021,Valladolid,Real Madrid,Home,5,0,1,A,0
20/03/10,910,Valladolid,La Coruna,Away,6,2,0,A,0
20/03/2021,2021,Valladolid,Sevilla,Home,2,1,1,D,0
20/04/08,708,Valladolid,Villarreal,Away,2,0,2,H,0
20/04/13,1213,Valladolid,Granada,Away,2,1,1,D,0
20/04/2025,2425,Valladolid,Osasuna,Home,5,2,3,A,0
20/06/2020,1920,Valladolid,Ath Madrid,Away,2,0,1,H,0
20/08/12,1213,Valladolid,Zaragoza,Away,2,1,0,A,0
20/09/09,910,Valladolid,Zaragoza,Away,4,2,1,A,0
20/09/2020,2021,Valladolid,Betis,Away,2,0,2,H,0
20/10/12,1213,Valladolid,Malaga,Away,6,1,2,H,1
20/10/13,1314,Valladolid,Sevilla,Home,5,2,2,D,0
20/10/2019,1920,Valladolid,Ath Bilbao,Away,3,1,1,D,0
20/12/09,910,Valladolid,Sp Gijon,Home,4,2,1,H,0
20/12/2024,2425,Valladolid,Girona,Away,1,0,3,H,0
21/01/2023,2223,Valladolid,Ath Madrid,Away,1,0,3,H,0
21/02/10,910,Valladolid,Osasuna,Away,6,1,1,D,0
21/02/14,1314,Valladolid,Levante,Home,2,1,1,D,0
21/03/09,809,Valladolid,Sevilla,Away,2,1,4,H,0
21/04/2021,2021,Valladolid,Elche,Away,4,1,1,D,0
21/09/08,809,Valladolid,Ath Bilbao,Away,2,0,2,H,0
21/09/13,1314,Valladolid,Ath Madrid,Home,2,0,2,A,0
21/09/2019,1920,Valladolid,Villarreal,Away,3,0,2,H,0
21/09/2024,2425,Valladolid,Sociedad,Home,2,0,0,D,0
21/10/07,708,Valladolid,Ath Bilbao,Home,7,1,2,A,0
21/10/2018,1819,Valladolid,Betis,Away,2,1,0,A,0
21/12/08,809,Valladolid,Numancia,Away,6,3,4,H,0
21/12/2019,1920,Valladolid,Valencia,Home,6,1,1,D,0
22/01/2021,2021,Valladolid,Levante,Away,3,2,2,D,0
22/02/09,809,Valladolid,Malaga,Home,16,1,3,A,0
22/03/14,1314,Valladolid,Vallecano,Home,2,1,1,D,0
22/04/2023,2223,Valladolid,Girona,Home,6,1,0,H,0
22/05/2021,2021,Valladolid,Ath Madrid,Home,4,1,2,A,0
22/09/2018,1819,Valladolid,Celta,Away,4,3,3,D,0
22/10/2022,2223,Valladolid,Sociedad,Home,2,1,0,H,0
22/11/08,809,Valladolid,Villarreal,Away,7,3,0,A,0
22/11/09,910,Valladolid,Villarreal,Away,5,1,3,H,0
22/11/13,1314,Valladolid,Osasuna,Home,3,0,1,A,0
22/11/2020,2021,Valladolid,Granada,Away,3,3,1,A,0
22/11/2024,2425,Valladolid,Getafe,Away,3,0,2,H,0
22/12/12,1213,Valladolid,Barcelona,Home,2,1,3,A,0
22/12/13,1314,Valladolid,Espanol,Away,4,2,4,H,0
22/12/2018,1819,Valladolid,Ath Bilbao,Away,2,1,1,D,0
22/12/2020,2021,Valladolid,Barcelona,Home,5,0,3,A,0
23/01/10,910,Valladolid,Barcelona,Home,5,0,3,A,0
23/02/2020,1920,Valladolid,Espanol,Home,6,2,1,H,0
23/02/2025,2425,Valladolid,Ath Bilbao,Away,3,1,7,H,1
23/03/08,708,Valladolid,Barcelona,Away,2,1,4,H,0
23/04/09,809,Valladolid,Mallorca,Away,1,0,2,H,0
23/04/2019,1819,Valladolid,Girona,Home,4,1,0,H,0
23/05/09,809,Valladolid,Sp Gijon,Home,6,1,2,A,0
23/05/2023,2223,Valladolid,Barcelona,Home,4,3,1,H,0
23/06/2020,1920,Valladolid,Getafe,Home,2,1,1,D,0
23/09/07,708,Valladolid,Real Madrid,Home,4,1,1,D,0
23/09/09,910,Valladolid,Osasuna,Home,1,1,2,A,2
23/09/12,1213,Valladolid,Ath Madrid,Away,3,1,2,H,0
23/12/07,708,Valladolid,Betis,Home,2,0,0,D,0
24/02/08,708,Valladolid,Murcia,Away,2,1,0,A,0
24/02/13,1213,Valladolid,Vallecano,Away,3,2,1,A,0
24/02/2019,1819,Valladolid,Betis,Home,2,0,2,A,0
24/03/10,910,Valladolid,Espanol,Home,0,0,0,D,1
24/04/2021,2021,Valladolid,Cadiz,Home,6,1,1,D,0
24/04/2025,2425,Valladolid,Betis,Away,5,1,5,H,0
24/05/2025,2425,Valladolid,Leganes,Away,2,0,3,H,0
24/08/13,1314,Valladolid,Villarreal,Away,2,1,2,H,0
24/08/2019,1920,Valladolid,Real Madrid,Away,2,1,1,D,0
24/09/13,1314,Valladolid,Levante,Away,2,1,1,D,1
24/09/2019,1920,Valladolid,Granada,Home,5,1,1,D,0
24/09/2024,2425,Valladolid,Sevilla,Away,2,1,2,H,0
24/11/12,1213,Valladolid,Granada,Home,5,1,0,H,0
24/11/2019,1920,Valladolid,Sevilla,Home,1,0,1,A,0
25/01/09,809,Valladolid,Espanol,Home,7,1,1,D,0
25/01/14,1314,Valladolid,Villarreal,Home,2,1,0,H,0
25/01/2025,2425,Valladolid,Real Madrid,Home,2,0,3,A,1
25/04/10,910,Valladolid,Sp Gijon,Away,6,2,0,A,1
25/08/2018,1819,Valladolid,Barcelona,Home,4,0,1,A,0
25/08/2024,2425,Valladolid,Real Madrid,Away,2,0,3,H,0
25/09/08,809,Valladolid,Almeria,Home,5,2,0,H,1
25/10/09,910,Valladolid,La Coruna,Home,8,4,0,H,0
25/10/13,1314,Valladolid,Vallecano,Away,6,3,0,A,0
25/10/2020,2021,Valladolid,Alaves,Home,1,0,2,A,1
25/11/07,708,Valladolid,Ath Madrid,Away,5,3,4,H,0
25/11/2018,1819,Valladolid,Sevilla,Away,5,0,1,H,0
26/01/13,1213,Valladolid,Levante,Away,5,1,2,H,0
26/01/2020,1920,Valladolid,Real Madrid,Home,0,0,1,A,0
26/02/2023,2223,Valladolid,Celta,Away,3,0,3,H,1
26/04/09,809,Valladolid,Osasuna,Home,3,0,0,D,0
26/05/13,1213,Valladolid,Celta,Home,3,0,2,A,0
26/06/2020,1920,Valladolid,Sevilla,Away,5,1,1,D,0
26/08/07,708,Valladolid,Espanol,Away,5,1,0,A,0
26/09/07,708,Valladolid,Mallorca,Away,4,2,4,H,0
26/10/08,809,Valladolid,Getafe,Away,0,0,1,H,0
26/10/2018,1819,Valladolid,Espanol,Home,2,1,1,D,0
26/10/2019,1920,Valladolid,Eibar,Home,4,2,0,H,0
26/10/2024,2425,Valladolid,Villarreal,Home,3,1,2,A,0
27/01/08,708,Valladolid,La Coruna,Away,6,1,3,H,1
27/01/2019,1819,Valladolid,Celta,Home,7,2,1,H,0
27/03/14,1314,Valladolid,Sociedad,Away,1,0,1,H,0
27/04/08,708,Valladolid,Almeria,Home,7,1,0,H,0
27/04/2019,1819,Valladolid,Ath Madrid,Away,4,0,1,H,0
27/04/2023,2223,Valladolid,Valencia,Away,2,1,2,H,0
27/08/12,1213,Valladolid,Levante,Home,7,2,0,H,0
27/09/09,910,Valladolid,Mallorca,Away,0,0,3,H,0
27/09/13,1314,Valladolid,Malaga,Home,3,2,2,D,0
27/09/2018,1819,Valladolid,Levante,Home,6,2,1,H,0
27/09/2020,2021,Valladolid,Celta,Home,4,1,1,D,0
27/09/2024,2425,Valladolid,Mallorca,Home,1,1,2,A,0
27/11/2020,2021,Valladolid,Levante,Home,4,1,1,D,0
28/02/10,910,Valladolid,Mallorca,Home,4,1,2,A,0
28/02/2020,1920,Valladolid,Sociedad,Away,1,0,1,H,0
28/02/2021,2021,Valladolid,Celta,Away,3,1,1,D,0
28/02/2025,2425,Valladolid,Las Palmas,Home,7,1,1,D,0
28/03/10,910,Valladolid,Xerez,Away,5,0,3,H,1
28/04/13,1213,Valladolid,Sevilla,Home,4,1,1,D,0
28/04/14,1314,Valladolid,Celta,Away,4,1,4,H,0
28/04/2021,2021,Valladolid,Ath Bilbao,Away,4,2,2,D,0
28/05/2023,2223,Valladolid,Almeria,Away,2,0,0,D,0
28/08/2022,2223,Valladolid,Barcelona,Away,3,0,4,H,0
28/08/2024,2425,Valladolid,Leganes,Home,2,0,0,D,0
28/09/08,809,Valladolid,Malaga,Away,3,1,2,H,0
28/10/07,708,Valladolid,Osasuna,Away,4,2,2,D,0
29/01/2021,2021,Valladolid,Huesca,Home,4,1,3,A,0
29/01/2023,2223,Valladolid,Valencia,Home,6,1,0,H,0
29/03/2025,2425,Valladolid,Sociedad,Away,5,1,2,H,0
29/09/2019,1920,Valladolid,Espanol,Away,6,2,0,A,0
29/10/12,1213,Valladolid,Sociedad,Home,6,2,2,D,0
29/10/2019,1920,Valladolid,Barcelona,Away,1,1,5,H,0
29/11/09,910,Valladolid,Tenerife,Home,8,3,3,D,0
29/11/2019,1920,Valladolid,Celta,Away,2,0,0,D,0
29/12/2020,2021,Valladolid,Cadiz,Away,1,0,0,D,0
30/03/08,708,Valladolid,Zaragoza,Home,4,2,1,H,0
30/03/14,1314,Valladolid,Almeria,Home,8,1,0,H,0
30/04/2023,2223,Valladolid,Ath Madrid,Home,6,2,5,A,0
30/08/08,809,Valladolid,Espanol,Away,1,0,1,H,0
30/08/09,910,Valladolid,Almeria,Away,1,0,0,D,1
30/09/07,708,Valladolid,Murcia,Home,2,1,4,A,2
30/09/12,1213,Valladolid,Vallecano,Home,10,6,1,H,0
30/09/2018,1819,Valladolid,Villarreal,Away,3,1,0,A,0
30/09/2020,2021,Valladolid,Real Madrid,Away,5,0,1,H,0
30/10/13,1314,Valladolid,Sociedad,Home,7,2,2,D,0
30/10/2022,2223,Valladolid,Osasuna,Away,2,0,2,H,0
30/11/08,809,Valladolid,Mallorca,Home,9,3,0,H,0
30/11/13,1314,Valladolid,Real Madrid,Away,3,0,4,H,0
30/11/2024,2425,Valladolid,Ath Madrid,Home,1,0,5,A,0
30/12/2022,2223,Valladolid,Real Madrid,Home,4,0,2,A,1
31/01/10,910,Valladolid,Almeria,Home,2,1,1,D,1
31/03/13,1213,Valladolid,Osasuna,Home,2,1,3,A,0
31/03/2019,1819,Valladolid,Sociedad,Home,4,1,1,D,0
31/05/09,809,Valladolid,Betis,Away,2,1,1,D,0
31/08/13,1314,Valladolid,Getafe,Home,6,1,0,H,0
31/08/2018,1819,Valladolid,Getafe,Away,4,0,0,D,0
31/08/2019,1920,Valladolid,Levante,Away,4,0,2,H,0
31/08/2024,2425,Valladolid,Barcelona,Away,2,0,7,H,0
01/02/14,1314,Vallecano,Levante,Away,5,0,0,D,0
01/02/16,1516,Vallecano,La Coruna,Away,3,2,2,D,0
01/02/2026,2526,Vallecano,Real Madrid,Away,4,1,2,H,2
01/03/2019,1819,Vallecano,Girona,Home,3,0,2,A,1
01/03/2025,2425,Vallecano,Sevilla,Home,8,1,1,D,0
01/04/12,1112,Vallecano,Sociedad,Away,1,0,4,H,0
01/04/16,1516,Vallecano,Getafe,Home,7,2,0,H,1
01/05/2022,2122,Vallecano,Sociedad,Home,7,1,1,D,0
01/06/13,1213,Vallecano,Ath Bilbao,Home,6,2,2,D,0
01/10/11,1112,Vallecano,Santander,Away,5,1,1,D,0
01/11/15,1516,Vallecano,Eibar,Away,2,0,1,H,0
01/11/2021,2122,Vallecano,Celta,Home,5,0,0,D,0
01/11/2025,2526,Vallecano,Villarreal,Away,3,0,4,H,0
01/12/13,1314,Vallecano,Betis,Away,5,2,2,D,0
01/12/14,1415,Vallecano,Almeria,Away,4,1,0,A,0
01/12/2024,2425,Vallecano,Ath Bilbao,Home,4,1,2,A,0
01/12/2025,2526,Vallecano,Valencia,Home,7,1,1,D,0
02/01/2022,2122,Vallecano,Ath Madrid,Away,0,0,2,H,0
02/01/2024,2324,Vallecano,Getafe,Away,8,2,0,A,0
02/01/2026,2526,Vallecano,Getafe,Home,4,1,1,D,0
02/03/13,1213,Vallecano,La Coruna,Away,3,0,0,D,0
02/03/14,1314,Vallecano,Valencia,Home,3,1,0,H,0
02/03/2024,2324,Vallecano,Cadiz,Home,5,1,1,D,0
02/05/12,1112,Vallecano,Mallorca,Away,6,0,1,H,0
02/05/14,1314,Vallecano,Ath Bilbao,Home,3,0,3,A,0
02/05/2025,2425,Vallecano,Getafe,Home,8,1,0,H,0
02/09/12,1213,Vallecano,Sevilla,Home,4,0,0,D,1
02/09/2023,2324,Vallecano,Betis,Away,6,0,1,H,0
02/10/2021,2122,Vallecano,Osasuna,Away,0,0,1,H,0
02/11/13,1314,Vallecano,Real Madrid,Home,6,2,3,A,0
02/12/2023,2324,Vallecano,Ath Bilbao,Away,3,0,4,H,0
03/01/16,1516,Vallecano,Sociedad,Home,5,2,2,D,0
03/02/13,1213,Vallecano,Sevilla,Away,4,1,2,H,0
03/03/12,1112,Vallecano,Santander,Home,13,4,2,H,0
03/03/16,1516,Vallecano,Barcelona,Home,4,1,5,A,2
03/04/15,1415,Vallecano,Eibar,Away,8,2,1,A,0
03/04/2019,1819,Vallecano,Eibar,Away,2,1,2,H,0
03/04/2022,2122,Vallecano,Granada,Away,4,2,2,D,1
03/04/2023,2223,Vallecano,Valencia,Away,2,1,1,D,0
03/04/2026,2526,Vallecano,Elche,Home,5,1,0,H,0
03/05/15,1415,Vallecano,Espanol,Away,4,1,1,D,0
03/05/2026,2526,Vallecano,Getafe,Away,6,2,0,A,0
03/10/2022,2223,Vallecano,Elche,Home,6,2,1,H,0
03/11/12,1213,Vallecano,Malaga,Away,5,2,1,A,0
03/11/14,1415,Vallecano,Eibar,Home,6,2,3,A,0
03/11/2018,1819,Vallecano,Barcelona,Home,5,2,3,A,0
04/01/15,1415,Vallecano,Getafe,Away,7,2,1,A,0
04/02/2019,1819,Vallecano,Leganes,Home,6,1,2,A,0
04/03/2026,2526,Vallecano,Oviedo,Home,7,3,0,H,0
04/04/2025,2425,Vallecano,Espanol,Home,5,0,4,A,0
04/05/2019,1819,Vallecano,Levante,Away,3,1,4,H,1
04/05/2023,2223,Vallecano,Valladolid,Home,6,2,1,H,0
04/06/2023,2223,Vallecano,Mallorca,Away,4,0,3,H,0
04/09/2022,2223,Vallecano,Osasuna,Away,3,1,2,H,0
04/10/14,1415,Vallecano,Barcelona,Home,4,0,2,A,2
04/10/15,1516,Vallecano,Betis,Home,9,0,2,A,0
04/12/11,1112,Vallecano,Ath Madrid,Away,4,1,3,H,0
05/01/2019,1819,Vallecano,Valladolid,Away,5,1,0,A,0
05/02/12,1112,Vallecano,Zaragoza,Away,4,2,1,A,0
05/02/2022,2122,Vallecano,Celta,Away,0,0,2,H,0
05/02/2024,2324,Vallecano,Sevilla,Home,5,1,2,A,0
05/03/2023,2223,Vallecano,Ath Bilbao,Home,2,0,0,D,0
05/04/14,1314,Vallecano,Celta,Home,5,3,0,H,1
05/05/12,1112,Vallecano,Sevilla,Away,3,2,5,H,0
05/05/13,1213,Vallecano,Zaragoza,Away,3,0,3,H,0
05/05/2024,2324,Vallecano,Almeria,Home,10,0,1,A,0
05/10/13,1314,Vallecano,Sociedad,Home,1,1,0,H,0
05/10/2024,2425,Vallecano,Valladolid,Away,3,2,1,A,0
05/10/2025,2526,Vallecano,Sociedad,Away,2,1,0,A,0
05/11/2023,2324,Vallecano,Real Madrid,Away,0,0,0,D,0
05/12/2021,2122,Vallecano,Espanol,Home,0,1,0,H,0
06/01/14,1314,Vallecano,Villarreal,Home,8,2,5,A,0
06/02/16,1516,Vallecano,Las Palmas,Home,8,2,0,H,0
06/02/2023,2223,Vallecano,Almeria,Home,11,2,0,H,0
06/03/2022,2122,Vallecano,Cadiz,Away,3,0,2,H,0
06/04/2019,1819,Vallecano,Valencia,Home,5,2,0,H,0
06/10/12,1213,Vallecano,La Coruna,Home,5,2,1,H,0
06/10/2018,1819,Vallecano,Leganes,Away,2,0,1,H,1
06/11/11,1112,Vallecano,Sociedad,Home,9,4,0,H,0
06/11/2021,2122,Vallecano,Real Madrid,Away,7,1,2,H,0
06/12/15,1516,Vallecano,Villarreal,Away,4,1,2,H,0
07/01/13,1213,Vallecano,Getafe,Home,12,3,1,H,0
07/02/2025,2425,Vallecano,Valladolid,Home,6,1,0,H,0
07/03/16,1516,Vallecano,Espanol,Away,1,1,2,H,0
07/04/12,1112,Vallecano,Osasuna,Home,12,6,0,H,0
07/04/13,1213,Vallecano,Celta,Away,6,2,0,A,0
07/10/2023,2324,Vallecano,Sevilla,Away,4,2,2,D,0
07/11/15,1516,Vallecano,Granada,Home,2,2,1,H,1
07/11/2022,2223,Vallecano,Real Madrid,Home,7,3,2,H,0
07/12/14,1415,Vallecano,Sevilla,Home,3,0,1,A,0
07/12/2024,2425,Vallecano,Valencia,Away,1,1,0,A,0
07/12/2025,2526,Vallecano,Espanol,Away,2,0,1,H,1
08/01/12,1112,Vallecano,Sevilla,Home,4,2,1,H,0
08/01/2023,2223,Vallecano,Betis,Home,3,1,2,A,0
08/02/14,1314,Vallecano,Malaga,Home,6,4,1,H,0
08/03/15,1415,Vallecano,Barcelona,Away,3,1,6,H,1
08/03/2026,2526,Vallecano,Sevilla,Away,2,1,1,D,0
08/04/15,1415,Vallecano,Real Madrid,Home,8,0,2,A,0
08/05/16,1516,Vallecano,Sociedad,Away,5,1,2,H,0
08/05/2022,2122,Vallecano,Getafe,Away,1,0,0,D,0
08/10/2022,2223,Vallecano,Almeria,Away,4,1,3,H,0
08/11/14,1415,Vallecano,Real Madrid,Away,6,1,5,H,0
08/11/2024,2425,Vallecano,Las Palmas,Home,7,1,3,A,0
09/01/16,1516,Vallecano,Levante,Away,4,1,2,H,0
09/01/2022,2122,Vallecano,Betis,Home,7,1,1,D,0
09/02/15,1415,Vallecano,Elche,Away,3,0,2,H,1
09/02/2019,1819,Vallecano,Espanol,Away,3,1,2,H,0
09/03/13,1213,Vallecano,Espanol,Home,9,2,0,H,0
09/03/2019,1819,Vallecano,Barcelona,Away,1,1,3,H,0
09/03/2025,2425,Vallecano,Real Madrid,Away,6,1,2,H,0
09/04/2023,2223,Vallecano,Ath Madrid,Home,3,1,2,A,1
09/05/2025,2425,Vallecano,Las Palmas,Away,5,1,0,A,0
09/11/13,1314,Vallecano,Celta,Away,4,2,0,A,0
09/11/2025,2526,Vallecano,Real Madrid,Home,2,0,0,D,0
09/12/2018,1819,Vallecano,Betis,Away,3,0,2,H,0
10/01/2025,2425,Vallecano,Celta,Home,5,2,1,H,0
10/02/13,1213,Vallecano,Ath Madrid,Home,3,2,1,H,0
10/03/14,1314,Vallecano,Sociedad,Away,4,3,2,A,0
10/03/2024,2324,Vallecano,Alaves,Away,3,0,1,H,0
10/04/16,1516,Vallecano,Ath Bilbao,Away,4,0,1,H,0
10/05/14,1314,Vallecano,Villarreal,Away,2,0,4,H,1
10/09/2022,2223,Vallecano,Valencia,Home,6,2,1,H,0
10/11/12,1213,Vallecano,Celta,Home,8,3,2,H,0
10/11/2022,2223,Vallecano,Celta,Home,3,0,0,D,0
10/12/12,1213,Vallecano,Zaragoza,Home,1,0,2,A,0
11/01/13,1213,Vallecano,Ath Bilbao,Away,6,2,1,A,1
11/01/2019,1819,Vallecano,Celta,Home,8,4,2,H,0
11/01/2026,2526,Vallecano,Mallorca,Home,5,2,1,H,1
11/02/2024,2324,Vallecano,Mallorca,Away,4,1,2,H,0
11/03/12,1112,Vallecano,Espanol,Away,6,1,5,H,0
11/03/2023,2223,Vallecano,Celta,Away,3,0,3,H,0
11/04/12,1112,Vallecano,Valencia,Away,3,1,4,H,0
11/04/15,1415,Vallecano,Celta,Away,4,1,6,H,0
11/04/2022,2122,Vallecano,Valencia,Home,4,1,1,D,0
11/05/15,1415,Vallecano,Getafe,Home,5,2,0,H,1
11/05/2026,2526,Vallecano,Girona,Home,5,1,1,D,0
11/08/2023,2324,Vallecano,Almeria,Away,4,2,0,A,0
11/09/11,1112,Vallecano,Zaragoza,Home,5,0,0,D,0
11/09/2021,2122,Vallecano,Levante,Away,6,1,1,D,0
11/11/2018,1819,Vallecano,Villarreal,Home,7,2,2,D,0
11/11/2023,2324,Vallecano,Girona,Home,9,1,2,A,0
11/12/11,1112,Vallecano,Sp Gijon,Home,7,1,3,A,0
11/12/2023,2324,Vallecano,Celta,Home,4,0,0,D,0
12/01/14,1314,Vallecano,Getafe,Away,5,1,0,A,0
12/01/15,1415,Vallecano,Cordoba,Home,4,0,1,A,0
12/02/12,1112,Vallecano,Getafe,Home,7,2,0,H,0
12/02/16,1516,Vallecano,Sp Gijon,Away,4,2,2,D,0
12/02/2022,2122,Vallecano,Osasuna,Home,3,0,3,A,0
12/02/2023,2223,Vallecano,Getafe,Away,4,1,1,D,0
12/03/16,1516,Vallecano,Eibar,Home,3,1,1,D,0
12/04/2026,2526,Vallecano,Mallorca,Away,3,0,3,H,0
12/05/13,1213,Vallecano,Valencia,Home,3,0,4,A,0
12/05/2019,1819,Vallecano,Valladolid,Home,5,1,2,A,0
12/05/2022,2122,Vallecano,Villarreal,Home,3,1,5,A,0
12/05/2024,2324,Vallecano,Valencia,Away,1,0,0,D,0
12/12/2021,2122,Vallecano,Villarreal,Away,7,0,2,H,0
13/03/2022,2122,Vallecano,Sevilla,Home,2,1,1,D,0
13/04/14,1314,Vallecano,Espanol,Away,5,2,2,D,0
13/04/2024,2324,Vallecano,Getafe,Home,2,0,0,D,0
13/04/2025,2425,Vallecano,Ath Bilbao,Away,3,1,3,H,0
13/05/12,1112,Vallecano,Granada,Home,2,1,0,H,0
13/08/2022,2223,Vallecano,Barcelona,Away,2,0,0,D,0
13/12/14,1415,Vallecano,Valencia,Away,4,0,3,H,0
13/12/15,1516,Vallecano,Malaga,Home,3,1,2,A,0
14/01/12,1112,Vallecano,Granada,Away,4,2,1,A,0
14/01/2023,2223,Vallecano,Valladolid,Away,6,1,0,A,0
14/03/15,1415,Vallecano,Granada,Home,8,3,1,H,0
14/04/13,1213,Vallecano,Sociedad,Home,5,0,2,A,0
14/04/2019,1819,Vallecano,Ath Bilbao,Away,4,2,3,H,1
14/04/2023,2223,Vallecano,Osasuna,Home,3,2,1,H,0
14/05/2026,2526,Vallecano,Valencia,Away,3,1,1,D,0
14/09/14,1415,Vallecano,Elche,Home,4,2,3,A,0
14/09/15,1516,Vallecano,La Coruna,Home,2,1,3,A,1
14/09/2018,1819,Vallecano,Huesca,Away,2,1,0,A,0
14/09/2025,2526,Vallecano,Osasuna,Away,6,0,2,H,0
14/10/2022,2223,Vallecano,Getafe,Home,3,0,0,D,0
14/12/13,1314,Vallecano,Granada,Home,8,0,2,A,1
14/12/2024,2425,Vallecano,Real Madrid,Home,5,3,3,D,0
15/02/14,1314,Vallecano,Barcelona,Away,4,0,6,H,0
15/02/15,1415,Vallecano,Villarreal,Home,7,2,0,H,0
15/02/2026,2526,Vallecano,Ath Madrid,Home,9,3,0,H,0
15/03/14,1314,Vallecano,Almeria,Home,5,3,1,H,0
15/04/12,1112,Vallecano,Ath Madrid,Home,3,0,1,A,0
15/05/16,1516,Vallecano,Levante,Home,9,3,1,H,0
15/05/2022,2122,Vallecano,Mallorca,Away,4,1,2,H,0
15/05/2023,2223,Vallecano,Betis,Away,4,1,3,H,1
15/05/2024,2324,Vallecano,Granada,Home,9,2,1,H,1
15/05/2025,2425,Vallecano,Betis,Home,6,2,2,D,0
15/08/2021,2122,Vallecano,Sevilla,Away,3,0,3,H,1
15/08/2025,2526,Vallecano,Girona,Away,5,3,1,A,0
15/09/13,1314,Vallecano,Malaga,Away,2,0,5,H,0
15/09/2023,2324,Vallecano,Alaves,Home,11,2,0,H,0
15/12/2018,1819,Vallecano,Real Madrid,Away,3,0,1,H,0
15/12/2023,2324,Vallecano,Osasuna,Away,3,0,1,H,0
15/12/2025,2526,Vallecano,Betis,Home,7,0,0,D,0
16/02/2019,1819,Vallecano,Ath Madrid,Home,6,0,1,A,0
16/03/2025,2425,Vallecano,Sociedad,Home,5,2,2,D,0
16/03/2026,2526,Vallecano,Levante,Home,4,1,1,D,1
16/04/2022,2122,Vallecano,Alaves,Away,3,0,1,H,1
16/09/12,1213,Vallecano,Ath Madrid,Away,5,3,4,H,0
16/09/2024,2425,Vallecano,Osasuna,Home,6,3,1,H,0
16/10/11,1112,Vallecano,Espanol,Home,1,0,1,A,0
16/12/12,1213,Vallecano,Valencia,Away,2,1,0,A,0
17/01/15,1415,Vallecano,Sociedad,Away,4,1,0,A,0
17/01/16,1516,Vallecano,Valencia,Away,8,2,2,D,0
17/02/13,1213,Vallecano,Real Madrid,Away,1,0,2,H,0
17/02/2025,2425,Vallecano,Barcelona,Away,4,0,1,H,0
17/03/12,1112,Vallecano,Betis,Home,7,3,0,H,0
17/03/13,1213,Vallecano,Barcelona,Away,8,1,3,H,0
17/03/2019,1819,Vallecano,Villarreal,Away,3,1,3,H,0
17/03/2024,2324,Vallecano,Betis,Home,4,2,0,H,0
17/04/16,1516,Vallecano,Villarreal,Home,6,2,1,H,0
17/05/15,1415,Vallecano,Cordoba,Away,10,2,1,A,0
17/05/2026,2526,Vallecano,Villarreal,Home,7,2,0,H,0
17/09/2022,2223,Vallecano,Ath Bilbao,Away,2,2,3,H,0
17/10/14,1415,Vallecano,Granada,Away,2,1,0,A,0
17/10/15,1516,Vallecano,Barcelona,Away,8,2,5,H,0
17/10/2021,2122,Vallecano,Elche,Home,4,2,1,H,0
18/01/14,1314,Vallecano,Elche,Away,1,0,2,H,1
18/01/2026,2526,Vallecano,Celta,Away,3,0,3,H,1
18/02/2022,2122,Vallecano,Elche,Away,2,1,2,H,0
18/02/2024,2324,Vallecano,Real Madrid,Home,3,1,1,D,0
18/03/2023,2223,Vallecano,Girona,Home,3,2,2,D,0
18/05/14,1314,Vallecano,Getafe,Home,4,1,2,A,0
18/05/2019,1819,Vallecano,Celta,Away,4,2,2,D,0
18/05/2025,2425,Vallecano,Celta,Away,2,2,1,A,0
18/08/2024,2425,Vallecano,Sociedad,Away,5,2,1,A,0
18/09/11,1112,Vallecano,Getafe,Away,4,1,0,A,0
18/09/2021,2122,Vallecano,Getafe,Home,5,3,0,H,0
18/10/2022,2223,Vallecano,Ath Madrid,Away,4,1,1,D,0
18/12/2021,2122,Vallecano,Alaves,Home,5,2,0,H,0
18/12/2024,2425,Vallecano,Villarreal,Away,3,1,1,D,0
19/01/13,1213,Vallecano,Granada,Away,4,0,2,H,0
19/01/2025,2425,Vallecano,Osasuna,Away,3,1,1,D,0
19/02/12,1112,Vallecano,Levante,Away,6,5,3,A,0
19/02/2023,2223,Vallecano,Sevilla,Home,5,1,1,D,0
19/03/16,1516,Vallecano,Granada,Away,6,2,2,D,0
19/03/2022,2122,Vallecano,Ath Madrid,Home,3,0,1,A,0
19/04/13,1213,Vallecano,Mallorca,Away,3,1,1,D,0
19/04/15,1415,Vallecano,Almeria,Home,9,2,0,H,0
19/04/2025,2425,Vallecano,Valencia,Home,4,1,1,D,0
19/05/13,1213,Vallecano,Levante,Away,7,3,2,A,0
19/05/2024,2324,Vallecano,Barcelona,Away,4,0,3,H,0
19/08/13,1314,Vallecano,Elche,Home,5,3,0,H,0
19/08/2018,1819,Vallecano,Sevilla,Home,2,1,4,A,0
19/08/2022,2223,Vallecano,Espanol,Away,3,2,0,A,1
19/10/2025,2526,Vallecano,Levante,Away,5,3,0,A,0
19/11/12,1213,Vallecano,Sociedad,Away,2,0,4,H,0
19/12/2023,2324,Vallecano,Valencia,Home,1,0,1,A,0
20/01/2019,1819,Vallecano,Sociedad,Home,4,2,2,D,0
20/01/2024,2324,Vallecano,Las Palmas,Home,3,0,2,A,1
20/04/14,1314,Vallecano,Betis,Home,8,3,1,H,0
20/04/16,1516,Vallecano,Malaga,Away,4,1,1,D,0
20/04/2019,1819,Vallecano,Huesca,Home,3,0,0,D,0
20/04/2024,2324,Vallecano,Osasuna,Home,6,2,1,H,0
20/05/2022,2122,Vallecano,Levante,Home,8,2,4,A,0
20/08/12,1213,Vallecano,Granada,Home,3,1,0,H,0
20/09/15,1516,Vallecano,Las Palmas,Away,6,1,0,A,0
20/10/13,1314,Vallecano,Almeria,Away,10,1,0,A,1
20/10/2024,2425,Vallecano,Mallorca,Away,2,0,1,H,0
20/11/11,1112,Vallecano,Osasuna,Away,2,0,0,D,0
20/12/12,1213,Vallecano,Levante,Home,7,3,0,H,0
20/12/14,1415,Vallecano,Espanol,Home,5,1,3,A,0
20/12/15,1516,Vallecano,Real Madrid,Away,4,2,10,H,2
21/01/2023,2223,Vallecano,Sociedad,Home,2,0,2,A,0
21/02/16,1516,Vallecano,Sevilla,Home,4,2,2,D,0
21/02/2026,2526,Vallecano,Betis,Away,3,1,1,D,0
21/03/15,1415,Vallecano,Malaga,Home,2,1,0,H,0
21/04/12,1112,Vallecano,Sp Gijon,Away,4,1,2,H,2
21/04/2022,2122,Vallecano,Espanol,Away,2,1,0,A,0
21/05/2023,2223,Vallecano,Espanol,Home,5,1,2,A,0
21/08/2023,2324,Vallecano,Granada,Away,9,2,0,A,0
21/09/11,1112,Vallecano,Levante,Home,7,1,2,A,1
21/09/13,1314,Vallecano,Barcelona,Home,9,0,4,A,0
21/09/14,1415,Vallecano,Villarreal,Away,3,2,4,H,0
21/09/2021,2122,Vallecano,Ath Bilbao,Away,3,2,1,A,0
21/09/2025,2526,Vallecano,Celta,Home,5,1,1,D,0
21/10/12,1213,Vallecano,Espanol,Away,6,2,3,H,1
21/10/2018,1819,Vallecano,Getafe,Home,3,1,2,A,1
21/12/2025,2526,Vallecano,Elche,Away,8,0,4,H,0
22/01/12,1112,Vallecano,Mallorca,Home,4,0,1,A,0
22/02/15,1415,Vallecano,Ath Bilbao,Away,1,0,1,H,0
22/02/2025,2425,Vallecano,Villarreal,Home,5,0,1,A,1
22/03/12,1112,Vallecano,Malaga,Away,7,2,4,H,0
22/03/14,1314,Vallecano,Valladolid,Away,3,1,1,D,0
22/03/2026,2526,Vallecano,Barcelona,Away,4,0,1,H,0
22/04/2023,2223,Vallecano,Sociedad,Away,2,1,2,H,0
22/08/15,1516,Vallecano,Valencia,Home,3,0,0,D,0
22/08/2021,2122,Vallecano,Sociedad,Away,1,0,1,H,0
22/09/2018,1819,Vallecano,Alaves,Home,4,1,5,A,1
22/09/2024,2425,Vallecano,Ath Madrid,Home,3,1,1,D,0
22/10/2022,2223,Vallecano,Cadiz,Home,11,5,1,H,1
22/10/2023,2324,Vallecano,Las Palmas,Away,4,1,0,A,1
22/11/2021,2122,Vallecano,Mallorca,Home,6,3,1,H,0
22/12/13,1314,Vallecano,Ath Bilbao,Away,5,1,2,H,0
22/12/2024,2425,Vallecano,Betis,Away,4,1,1,D,0
23/01/16,1516,Vallecano,Celta,Home,10,3,0,H,0
23/01/2022,2122,Vallecano,Ath Bilbao,Home,3,0,1,A,0
23/02/14,1314,Vallecano,Sevilla,Home,1,0,1,A,0
23/02/2019,1819,Vallecano,Getafe,Away,2,1,2,H,0
23/04/16,1516,Vallecano,Real Madrid,Home,6,2,3,A,0
23/04/2026,2526,Vallecano,Espanol,Home,6,1,0,H,0
23/05/15,1415,Vallecano,Sociedad,Home,3,2,4,A,0
23/05/2026,2526,Vallecano,Alaves,Away,7,2,1,A,0
23/09/15,1516,Vallecano,Sp Gijon,Home,6,2,1,H,0
23/10/11,1112,Vallecano,Betis,Away,5,2,0,A,0
23/10/15,1516,Vallecano,Espanol,Home,7,3,0,H,1
23/11/14,1415,Vallecano,Celta,Home,3,1,0,H,0
23/11/15,1516,Vallecano,Getafe,Away,4,1,1,D,0
23/11/2025,2526,Vallecano,Oviedo,Away,3,0,0,D,1
23/12/2018,1819,Vallecano,Levante,Home,8,2,1,H,0
24/01/15,1415,Vallecano,Ath Madrid,Away,3,1,3,H,0
24/01/2026,2526,Vallecano,Osasuna,Home,4,1,3,A,0
24/02/13,1213,Vallecano,Valladolid,Home,8,1,2,A,0
24/04/2022,2122,Vallecano,Barcelona,Away,1,1,0,A,0
24/04/2025,2425,Vallecano,Ath Madrid,Away,5,0,3,H,0
24/05/2023,2223,Vallecano,Real Madrid,Away,6,1,2,H,0
24/05/2025,2425,Vallecano,Mallorca,Home,8,0,0,D,0
24/08/2024,2425,Vallecano,Getafe,Away,1,0,0,D,0
24/09/11,1112,Vallecano,Real Madrid,Away,6,2,6,H,0
24/09/12,1213,Vallecano,Real Madrid,Home,3,0,2,A,1
24/09/14,1415,Vallecano,Ath Bilbao,Home,5,2,1,H,0
24/09/2023,2324,Vallecano,Villarreal,Home,6,1,1,D,0
24/09/2025,2526,Vallecano,Ath Madrid,Away,3,2,3,H,0
24/10/2018,1819,Vallecano,Ath Bilbao,Home,3,1,1,D,0
24/10/2021,2122,Vallecano,Betis,Away,3,2,3,H,0
24/11/12,1213,Vallecano,Mallorca,Home,4,2,0,H,0
24/11/13,1314,Vallecano,Espanol,Home,4,1,4,A,1
24/11/2018,1819,Vallecano,Valencia,Away,3,0,3,H,1
24/11/2024,2425,Vallecano,Sevilla,Away,1,0,1,H,1
25/02/2023,2223,Vallecano,Cadiz,Away,2,0,1,H,1
25/03/12,1112,Vallecano,Villarreal,Home,4,0,2,A,0
25/04/2019,1819,Vallecano,Sevilla,Away,3,0,5,H,0
25/05/2024,2324,Vallecano,Ath Bilbao,Home,4,0,1,A,0
25/08/12,1213,Vallecano,Betis,Away,5,2,1,A,0
25/08/13,1314,Vallecano,Ath Madrid,Away,1,0,5,H,0
25/08/14,1415,Vallecano,Ath Madrid,Home,2,0,0,D,0
25/08/2018,1819,Vallecano,Ath Madrid,Away,3,0,1,H,0
25/08/2025,2526,Vallecano,Ath Bilbao,Away,1,0,1,H,0
25/09/13,1314,Vallecano,Sevilla,Away,4,1,4,H,2
25/09/2018,1819,Vallecano,Sociedad,Away,6,2,2,D,0
25/09/2024,2425,Vallecano,Girona,Away,0,0,0,D,0
25/10/13,1314,Vallecano,Valladolid,Home,4,0,3,A,0
25/11/2023,2324,Vallecano,Barcelona,Home,4,1,1,D,0
26/01/14,1314,Vallecano,Ath Madrid,Home,6,2,4,A,0
26/01/2025,2425,Vallecano,Girona,Home,7,2,1,H,0
26/02/12,1112,Vallecano,Real Madrid,Home,1,0,1,A,1
26/02/2022,2122,Vallecano,Real Madrid,Home,5,0,1,A,0
26/02/2024,2324,Vallecano,Girona,Away,1,0,3,H,1
26/03/14,1314,Vallecano,Osasuna,Home,5,1,0,H,0
26/04/13,1213,Vallecano,Osasuna,Home,5,2,2,D,0
26/04/14,1314,Vallecano,Granada,Away,7,3,0,A,0
26/04/15,1415,Vallecano,Sevilla,Away,3,0,2,H,0
26/04/2023,2223,Vallecano,Barcelona,Home,6,2,1,H,0
26/04/2026,2526,Vallecano,Sociedad,Home,9,3,3,D,1
26/05/13,1213,Vallecano,Getafe,Away,7,2,1,A,0
26/09/15,1516,Vallecano,Sevilla,Away,5,2,3,H,1
26/09/2021,2122,Vallecano,Cadiz,Home,6,3,1,H,0
26/10/11,1112,Vallecano,Malaga,Home,6,2,0,H,0
26/10/14,1415,Vallecano,Malaga,Away,4,0,4,H,0
26/10/2024,2425,Vallecano,Alaves,Home,4,1,0,H,1
26/10/2025,2526,Vallecano,Alaves,Home,5,1,0,H,0
26/11/11,1112,Vallecano,Valencia,Home,3,1,2,A,0
27/01/13,1213,Vallecano,Betis,Home,6,3,0,H,0
27/01/2024,2324,Vallecano,Sociedad,Away,0,0,0,D,0
27/02/16,1516,Vallecano,Betis,Away,4,2,2,D,0
27/08/2022,2223,Vallecano,Mallorca,Home,0,0,2,A,0
27/08/2024,2425,Vallecano,Barcelona,Home,4,1,2,A,0
27/09/14,1415,Vallecano,Levante,Away,5,2,0,A,0
27/09/2023,2324,Vallecano,Cadiz,Away,4,0,0,D,1
27/10/12,1213,Vallecano,Barcelona,Home,3,0,5,A,0
27/10/2018,1819,Vallecano,Girona,Away,5,1,2,H,0
27/10/2021,2122,Vallecano,Barcelona,Home,3,1,0,H,0
27/11/2021,2122,Vallecano,Valencia,Away,6,1,1,D,0
28/01/12,1112,Vallecano,Ath Bilbao,Home,10,2,3,A,0
28/01/2019,1819,Vallecano,Alaves,Away,3,1,0,A,0
28/02/15,1415,Vallecano,Levante,Home,7,4,2,H,0
28/02/2026,2526,Vallecano,Ath Bilbao,Home,7,1,1,D,0
28/04/2019,1819,Vallecano,Real Madrid,Home,5,1,0,H,0
28/04/2024,2324,Vallecano,Villarreal,Away,4,0,3,H,0
28/05/2023,2223,Vallecano,Villarreal,Home,4,2,1,H,0
28/08/11,1112,Vallecano,Ath Bilbao,Away,6,1,1,D,0
28/08/2023,2324,Vallecano,Ath Madrid,Home,3,0,7,A,0
28/09/13,1314,Vallecano,Valencia,Away,3,0,1,H,0
28/09/2018,1819,Vallecano,Espanol,Home,5,2,2,D,0
28/09/2024,2425,Vallecano,Leganes,Home,6,1,1,D,0
28/09/2025,2526,Vallecano,Sevilla,Home,6,0,1,A,1
29/03/14,1314,Vallecano,Real Madrid,Away,2,0,5,H,0
29/03/2025,2425,Vallecano,Alaves,Away,5,2,0,A,0
29/04/12,1112,Vallecano,Barcelona,Home,4,0,7,A,0
29/04/2023,2223,Vallecano,Elche,Away,3,0,4,H,1
29/08/15,1516,Vallecano,Celta,Away,0,0,3,H,1
29/08/2021,2122,Vallecano,Granada,Home,6,4,0,H,0
29/10/11,1112,Vallecano,Villarreal,Away,1,0,2,H,0
29/10/2022,2223,Vallecano,Sevilla,Away,5,1,0,A,0
29/10/2023,2324,Vallecano,Sociedad,Home,7,2,2,D,0
29/11/11,1112,Vallecano,Barcelona,Away,4,0,4,H,0
29/11/15,1516,Vallecano,Ath Bilbao,Home,3,0,3,A,0
29/12/2022,2223,Vallecano,Girona,Away,4,2,2,D,0
30/01/15,1415,Vallecano,La Coruna,Home,4,1,2,A,0
30/01/2023,2223,Vallecano,Villarreal,Away,3,1,0,A,0
30/03/13,1213,Vallecano,Malaga,Home,6,1,3,A,0
30/04/15,1415,Vallecano,Valencia,Home,3,1,1,D,1
30/04/16,1516,Vallecano,Ath Madrid,Away,3,0,1,H,0
30/08/13,1314,Vallecano,Levante,Home,8,1,2,A,1
30/09/12,1213,Vallecano,Valladolid,Away,4,1,6,H,0
30/09/2023,2324,Vallecano,Mallorca,Home,5,2,2,D,0
30/10/13,1314,Vallecano,Osasuna,Away,5,1,3,H,0
30/11/12,1213,Vallecano,Osasuna,Away,1,0,1,H,0
30/11/2018,1819,Vallecano,Eibar,Home,2,1,0,H,0
30/12/15,1516,Vallecano,Ath Madrid,Home,3,0,2,A,0
31/01/2024,2324,Vallecano,Ath Madrid,Away,2,1,2,H,0
31/01/2025,2425,Vallecano,Leganes,Away,3,1,0,A,0
31/03/2019,1819,Vallecano,Betis,Home,5,1,1,D,1
31/03/2024,2324,Vallecano,Celta,Away,2,0,0,D,0
31/08/14,1415,Vallecano,La Coruna,Away,2,2,2,D,0
31/08/2024,2425,Vallecano,Espanol,Away,5,1,2,H,0
31/08/2025,2526,Vallecano,Barcelona,Home,6,1,1,D,0
01/02/09,809,Villarreal,La Coruna,Away,4,0,3,H,0
01/02/15,1415,Villarreal,Barcelona,Away,3,2,3,H,0
01/02/2025,2425,Villarreal,Valladolid,Home,8,5,1,H,0
01/03/09,809,Villarreal,Betis,Away,6,2,2,D,0
01/03/15,1415,Villarreal,Real Madrid,Away,4,1,1,D,0
01/03/17,1617,Villarreal,Osasuna,Away,6,4,1,A,0
01/03/2020,1920,Villarreal,Ath Bilbao,Away,3,0,1,H,0
01/04/06,506,Villarreal,Zaragoza,Away,1,1,0,A,0
01/04/12,1112,Villarreal,Espanol,Home,3,0,0,D,0
01/04/17,1617,Villarreal,Eibar,Home,7,2,3,A,0
01/04/18,1718,Villarreal,Malaga,Away,1,0,1,H,0
01/04/2024,2324,Villarreal,Ath Madrid,Home,2,1,2,A,0
01/05/10,910,Villarreal,Barcelona,Home,2,1,4,A,0
01/05/11,1011,Villarreal,Getafe,Home,6,2,1,H,0
01/05/12,1112,Villarreal,Sp Gijon,Away,8,3,2,A,1
01/05/16,1516,Villarreal,Valencia,Away,3,2,0,A,0
01/07/2020,1920,Villarreal,Betis,Away,6,2,0,A,0
01/09/2019,1920,Villarreal,Real Madrid,Home,5,2,2,D,0
01/09/2023,2324,Villarreal,Cadiz,Away,3,1,3,H,1
01/10/06,607,Villarreal,Mallorca,Away,3,2,1,A,0
01/10/11,1112,Villarreal,Zaragoza,Home,12,2,2,D,0
01/10/17,1718,Villarreal,Eibar,Home,6,3,0,H,0
01/10/2022,2223,Villarreal,Cadiz,Away,6,0,0,D,0
01/11/08,809,Villarreal,Ath Bilbao,Away,6,4,1,A,0
01/11/09,910,Villarreal,Tenerife,Home,5,5,0,H,0
01/11/2025,2526,Villarreal,Vallecano,Home,7,4,0,H,0
01/12/2024,2425,Villarreal,Girona,Home,4,2,2,D,0
02/01/10,910,Villarreal,Barcelona,Away,2,1,1,D,0
02/01/2021,2021,Villarreal,Levante,Home,7,2,1,H,0
02/01/2024,2324,Villarreal,Valencia,Away,4,1,3,H,0
02/02/2020,1920,Villarreal,Osasuna,Home,4,3,1,H,0
02/03/08,708,Villarreal,Osasuna,Home,2,0,0,D,0
02/03/11,1011,Villarreal,Hercules,Home,7,1,0,H,0
02/03/14,1314,Villarreal,Betis,Home,3,1,1,D,1
02/03/16,1516,Villarreal,Celta,Away,3,0,0,D,0
02/03/2019,1819,Villarreal,Alaves,Home,2,1,2,A,0
02/04/11,1011,Villarreal,Barcelona,Home,3,0,1,A,0
02/04/2019,1819,Villarreal,Barcelona,Home,9,4,4,D,1
02/04/2022,2122,Villarreal,Levante,Away,2,0,2,H,0
02/04/2023,2223,Villarreal,Sociedad,Home,4,2,0,H,1
02/05/09,809,Villarreal,Sevilla,Home,5,0,2,A,0
02/05/15,1415,Villarreal,La Coruna,Away,2,1,1,D,0
02/05/2021,2021,Villarreal,Getafe,Home,3,1,0,H,0
02/05/2026,2526,Villarreal,Levante,Home,8,5,1,H,0
02/09/07,708,Villarreal,Real Madrid,Home,6,0,5,A,0
02/10/05,506,Villarreal,Ath Bilbao,Home,6,3,1,H,0
02/10/16,1617,Villarreal,Espanol,Away,1,0,0,D,0
02/11/14,1415,Villarreal,Valencia,Home,4,1,3,A,0
02/11/2020,2021,Villarreal,Valladolid,Home,5,2,0,H,0
02/12/07,708,Villarreal,Valladolid,Away,2,0,2,H,0
02/12/2018,1819,Villarreal,Barcelona,Away,2,0,2,H,0
03/01/11,1011,Villarreal,Almeria,Home,10,2,0,H,0
03/01/15,1415,Villarreal,Elche,Away,5,2,2,D,0
03/01/16,1516,Villarreal,La Coruna,Away,4,2,1,A,0
03/01/2019,1819,Villarreal,Real Madrid,Home,4,2,2,D,0
03/01/2022,2122,Villarreal,Levante,Home,7,5,0,H,0
03/01/2026,2526,Villarreal,Elche,Away,4,3,1,A,0
03/02/08,708,Villarreal,Mallorca,Home,5,1,1,D,0
03/02/14,1314,Villarreal,Osasuna,Home,8,3,1,H,0
03/02/18,1718,Villarreal,Betis,Away,3,1,2,H,1
03/02/2019,1819,Villarreal,Espanol,Home,5,2,2,D,0
03/03/18,1718,Villarreal,Girona,Home,5,0,2,A,0
03/03/2024,2324,Villarreal,Granada,Home,10,5,1,H,0
03/04/16,1516,Villarreal,Eibar,Away,4,2,1,A,0
03/04/2021,2021,Villarreal,Granada,Away,6,3,0,A,0
03/05/06,506,Villarreal,Malaga,Home,4,2,1,H,0
03/05/2023,2223,Villarreal,Valencia,Away,4,1,1,D,0
03/05/2025,2425,Villarreal,Osasuna,Home,5,4,2,H,0
03/10/10,1011,Villarreal,Santander,Home,10,2,0,H,0
03/10/2020,2021,Villarreal,Ath Madrid,Away,2,0,0,D,0
03/10/2021,2122,Villarreal,Betis,Home,5,2,0,H,0
03/11/2019,1920,Villarreal,Ath Bilbao,Home,7,0,0,D,0
03/12/06,607,Villarreal,Gimnastic,Home,4,2,0,H,0
03/12/11,1112,Villarreal,Santander,Away,2,0,1,H,0
03/12/16,1617,Villarreal,Leganes,Away,3,0,0,D,0
03/12/17,1718,Villarreal,Leganes,Away,4,1,3,H,0
03/12/2023,2324,Villarreal,Sevilla,Away,4,1,1,D,0
04/01/09,809,Villarreal,Real Madrid,Away,6,0,1,H,0
04/02/07,607,Villarreal,Recreativo,Away,2,1,2,H,1
04/02/2023,2223,Villarreal,Elche,Away,2,1,3,H,0
04/02/2024,2324,Villarreal,Cadiz,Home,4,0,0,D,0
04/03/06,506,Villarreal,Alaves,Home,4,3,2,H,0
04/03/07,607,Villarreal,Espanol,Away,8,1,1,D,0
04/03/12,1112,Villarreal,Zaragoza,Away,5,1,2,H,0
04/03/17,1617,Villarreal,Espanol,Home,6,2,0,H,0
04/03/2023,2223,Villarreal,Almeria,Away,6,2,0,A,0
04/04/09,809,Villarreal,Almeria,Away,3,0,3,H,1
04/04/10,910,Villarreal,Valladolid,Away,7,2,0,A,0
04/04/17,1617,Villarreal,Betis,Away,2,1,0,A,0
04/05/08,708,Villarreal,Getafe,Home,9,2,0,H,0
04/05/10,910,Villarreal,Almeria,Away,9,2,4,H,1
04/05/14,1314,Villarreal,Sevilla,Away,4,0,0,D,0
04/06/2023,2223,Villarreal,Ath Madrid,Home,7,2,2,D,0
04/09/2022,2223,Villarreal,Elche,Home,10,4,0,H,0
04/10/08,809,Villarreal,Betis,Home,4,2,1,H,0
04/10/09,910,Villarreal,Espanol,Home,6,0,0,D,0
04/10/13,1314,Villarreal,Granada,Home,4,3,0,H,0
04/10/15,1516,Villarreal,Levante,Away,2,0,1,H,1
04/10/2025,2526,Villarreal,Real Madrid,Away,2,1,3,H,1
04/11/07,708,Villarreal,Ath Madrid,Away,4,4,3,A,0
04/11/13,1314,Villarreal,Elche,Away,6,1,0,A,0
04/11/2018,1819,Villarreal,Levante,Home,4,1,1,D,0
04/12/05,506,Villarreal,Barcelona,Home,1,0,2,A,0
04/12/2021,2122,Villarreal,Sevilla,Away,2,0,1,H,0
05/01/08,708,Villarreal,Espanol,Away,2,0,3,H,0
05/01/2020,1920,Villarreal,Sociedad,Away,2,2,1,A,0
05/02/06,506,Villarreal,Cadiz,Home,7,1,1,D,1
05/02/11,1011,Villarreal,Levante,Home,4,0,1,A,0
05/02/12,1112,Villarreal,Sevilla,Away,8,2,1,A,1
05/02/17,1617,Villarreal,Sevilla,Away,4,0,0,D,0
05/03/11,1011,Villarreal,Ath Madrid,Away,2,1,3,H,0
05/03/16,1516,Villarreal,Las Palmas,Home,2,0,1,A,0
05/03/2021,2021,Villarreal,Valencia,Away,5,1,2,H,0
05/03/2022,2122,Villarreal,Osasuna,Away,1,0,1,H,0
05/04/14,1314,Villarreal,Ath Madrid,Away,1,0,1,H,0
05/04/15,1415,Villarreal,Valencia,Away,2,0,0,D,0
05/05/12,1112,Villarreal,Valencia,Away,3,0,1,H,0
05/05/18,1718,Villarreal,Valencia,Home,5,1,0,H,0
05/05/2019,1819,Villarreal,Real Madrid,Away,7,2,3,H,0
05/05/2024,2324,Villarreal,Celta,Away,3,2,3,H,1
05/07/2020,1920,Villarreal,Barcelona,Home,4,1,4,A,0
05/10/14,1415,Villarreal,Celta,Away,4,3,1,A,0
05/10/2019,1920,Villarreal,Osasuna,Away,5,1,2,H,0
05/10/2024,2425,Villarreal,Real Madrid,Away,1,0,2,H,0
05/11/05,506,Villarreal,Valencia,Home,4,1,0,H,0
05/11/06,607,Villarreal,Betis,Home,6,3,2,H,0
05/11/17,1718,Villarreal,Malaga,Home,3,2,0,H,0
05/11/2023,2324,Villarreal,Ath Bilbao,Home,6,2,3,A,0
05/12/10,1011,Villarreal,Sevilla,Home,4,1,0,H,0
06/01/14,1314,Villarreal,Vallecano,Away,6,5,2,A,0
06/01/2019,1819,Villarreal,Eibar,Away,4,0,0,D,0
06/02/16,1516,Villarreal,Ath Bilbao,Away,2,0,0,D,1
06/02/2021,2021,Villarreal,Elche,Away,4,2,2,D,0
06/02/2022,2122,Villarreal,Betis,Away,3,2,0,A,0
06/04/08,708,Villarreal,Sevilla,Away,3,0,2,H,1
06/04/2025,2425,Villarreal,Ath Bilbao,Home,4,0,0,D,1
06/04/2026,2526,Villarreal,Girona,Away,0,0,1,H,0
06/05/07,607,Villarreal,Celta,Home,3,1,0,H,0
06/05/17,1617,Villarreal,Barcelona,Away,4,1,4,H,0
06/11/11,1112,Villarreal,Espanol,Away,1,0,0,D,0
06/11/16,1617,Villarreal,Betis,Home,7,2,0,H,0
06/11/2022,2223,Villarreal,Mallorca,Home,2,0,2,A,0
06/12/08,809,Villarreal,Getafe,Home,7,3,3,D,0
06/12/09,910,Villarreal,Getafe,Home,6,3,2,H,2
06/12/15,1516,Villarreal,Vallecano,Home,5,2,1,H,0
06/12/2019,1920,Villarreal,Ath Madrid,Home,3,0,0,D,0
06/12/2020,2021,Villarreal,Elche,Home,3,0,0,D,0
06/12/2025,2526,Villarreal,Getafe,Home,5,2,0,H,0
07/01/07,607,Villarreal,Valencia,Home,3,0,1,A,0
07/01/18,1718,Villarreal,La Coruna,Home,5,1,1,D,0
07/01/2023,2223,Villarreal,Real Madrid,Home,5,2,1,H,0
07/02/10,910,Villarreal,Mallorca,Away,2,0,1,H,0
07/02/15,1415,Villarreal,Granada,Home,6,2,0,H,0
07/03/09,809,Villarreal,Espanol,Home,2,1,0,H,0
07/03/10,910,Villarreal,Espanol,Away,6,0,0,D,0
07/04/12,1112,Villarreal,Betis,Away,3,1,3,H,1
07/04/17,1617,Villarreal,Ath Bilbao,Home,5,3,1,H,1
07/04/2019,1819,Villarreal,Betis,Away,4,1,2,H,0
07/05/06,506,Villarreal,Real Madrid,Away,6,3,3,D,0
07/05/08,708,Villarreal,Recreativo,Away,3,2,0,A,0
07/10/07,708,Villarreal,Osasuna,Away,3,2,3,H,0
07/10/2018,1819,Villarreal,Espanol,Away,6,1,3,H,0
07/11/10,1011,Villarreal,Ath Bilbao,Home,9,4,1,H,0
07/11/2021,2122,Villarreal,Getafe,Home,4,1,0,H,0
07/12/14,1415,Villarreal,Sociedad,Home,9,4,0,H,0
08/01/06,506,Villarreal,Real Madrid,Home,5,0,0,D,0
08/01/12,1112,Villarreal,Valencia,Home,7,2,2,D,0
08/01/17,1617,Villarreal,Barcelona,Home,3,1,1,D,1
08/01/2021,2021,Villarreal,Celta,Away,6,4,0,A,0
08/02/09,809,Villarreal,Numancia,Home,12,2,1,H,0
08/02/14,1314,Villarreal,Real Madrid,Away,3,2,4,H,0
08/02/2019,1819,Villarreal,Valladolid,Away,3,0,0,D,0
08/02/2020,1920,Villarreal,Valladolid,Away,3,1,1,D,0
08/02/2025,2425,Villarreal,Las Palmas,Away,4,2,1,A,0
08/03/14,1314,Villarreal,Granada,Away,1,0,2,H,0
08/03/15,1415,Villarreal,Celta,Home,8,4,1,H,0
08/03/2020,1920,Villarreal,Leganes,Home,5,1,2,A,0
08/03/2025,2425,Villarreal,Alaves,Away,2,0,1,H,0
08/03/2026,2526,Villarreal,Elche,Home,7,2,1,H,0
08/04/07,607,Villarreal,Ath Madrid,Home,1,0,1,A,1
08/04/2023,2223,Villarreal,Real Madrid,Away,8,3,2,A,0
08/05/10,910,Villarreal,Valencia,Home,5,2,0,H,2
08/05/11,1011,Villarreal,Mallorca,Away,2,0,0,D,0
08/05/16,1516,Villarreal,La Coruna,Home,4,0,2,A,0
08/05/2022,2122,Villarreal,Sevilla,Home,6,1,1,D,0
08/07/2020,1920,Villarreal,Getafe,Away,3,3,1,A,1
08/10/2023,2324,Villarreal,Las Palmas,Home,4,1,2,A,0
08/11/09,910,Villarreal,Sevilla,Away,3,2,3,H,0
08/11/15,1516,Villarreal,Barcelona,Away,2,0,3,H,0
08/11/2020,2021,Villarreal,Getafe,Away,5,3,1,A,0
08/11/2025,2526,Villarreal,Espanol,Away,3,2,0,A,0
08/12/2018,1819,Villarreal,Celta,Home,3,2,3,A,0
08/12/2024,2425,Villarreal,Ath Bilbao,Away,1,0,2,H,0
09/01/10,910,Villarreal,Almeria,Home,3,1,1,D,1
09/01/11,1011,Villarreal,Real Madrid,Away,3,2,4,H,0
09/01/2022,2122,Villarreal,Ath Madrid,Home,3,2,2,D,0
09/02/08,708,Villarreal,Murcia,Away,1,1,0,A,0
09/02/2026,2526,Villarreal,Espanol,Home,3,4,1,H,0
09/03/08,708,Villarreal,Barcelona,Away,4,2,1,A,0
09/04/06,506,Villarreal,La Coruna,Home,5,1,1,D,0
09/04/15,1415,Villarreal,Espanol,Home,2,0,3,A,0
09/04/18,1718,Villarreal,Ath Bilbao,Home,2,1,3,A,1
09/04/2022,2122,Villarreal,Ath Bilbao,Home,5,1,1,D,0
09/05/18,1718,Villarreal,Barcelona,Away,7,1,5,H,0
09/05/2021,2021,Villarreal,Celta,Home,7,2,4,A,2
09/06/07,607,Villarreal,Ath Bilbao,Home,2,3,1,H,0
09/10/2022,2223,Villarreal,Sociedad,Away,1,0,1,H,0
09/11/08,809,Villarreal,Almeria,Home,5,2,1,H,0
09/11/14,1415,Villarreal,Espanol,Away,5,1,1,D,0
09/11/2022,2223,Villarreal,Espanol,Away,3,1,0,A,0
09/11/2024,2425,Villarreal,Alaves,Home,3,3,0,H,0
09/12/07,708,Villarreal,Betis,Home,8,0,1,A,0
09/12/2023,2324,Villarreal,Sociedad,Home,4,0,3,A,0
10/01/09,809,Villarreal,Valencia,Away,10,3,3,D,0
10/01/15,1415,Villarreal,Malaga,Away,4,1,1,D,0
10/01/16,1516,Villarreal,Sp Gijon,Home,4,2,0,H,0
10/01/2026,2526,Villarreal,Alaves,Home,4,3,1,H,0
10/02/18,1718,Villarreal,Alaves,Home,6,1,2,A,0
10/02/2024,2324,Villarreal,Alaves,Away,4,1,1,D,0
10/03/07,607,Villarreal,Levante,Away,6,2,0,A,0
10/03/2019,1819,Villarreal,Levante,Away,5,2,0,A,0
10/03/2024,2324,Villarreal,Betis,Away,4,3,2,A,1
10/04/10,910,Villarreal,Sp Gijon,Home,8,1,0,H,0
10/04/11,1011,Villarreal,Valencia,Away,4,0,5,H,0
10/04/16,1516,Villarreal,Getafe,Home,3,2,0,H,0
10/05/09,809,Villarreal,Barcelona,Away,4,3,3,D,0
10/05/14,1314,Villarreal,Vallecano,Home,10,4,0,H,0
10/05/15,1415,Villarreal,Elche,Home,5,1,0,H,0
10/05/2025,2425,Villarreal,Girona,Away,5,1,0,A,0
10/05/2026,2526,Villarreal,Mallorca,Away,2,1,1,D,0
10/09/06,607,Villarreal,Recreativo,Home,7,0,1,A,0
10/09/11,1112,Villarreal,Sevilla,Home,5,2,2,D,1
10/09/16,1617,Villarreal,Malaga,Away,6,2,0,A,0
10/09/17,1718,Villarreal,Betis,Home,7,3,1,H,0
10/11/13,1314,Villarreal,Ath Madrid,Home,3,1,1,D,0
10/11/2019,1920,Villarreal,Mallorca,Away,6,1,3,H,0
10/12/05,506,Villarreal,Sociedad,Away,8,3,1,A,0
10/12/06,607,Villarreal,Celta,Away,2,1,1,D,0
10/12/17,1718,Villarreal,Barcelona,Home,5,0,2,A,1
11/02/07,607,Villarreal,La Coruna,Home,5,0,2,A,0
11/03/18,1718,Villarreal,Las Palmas,Away,4,2,0,A,0
11/04/09,809,Villarreal,Malaga,Home,6,0,2,A,0
11/04/2021,2021,Villarreal,Osasuna,Home,6,1,2,A,0
11/05/08,708,Villarreal,Espanol,Home,5,2,0,H,0
11/05/11,1011,Villarreal,Almeria,Away,4,0,0,D,0
11/05/2024,2324,Villarreal,Sevilla,Home,7,3,2,H,0
11/09/05,506,Villarreal,Sevilla,Home,3,1,1,D,1
11/09/2022,2223,Villarreal,Betis,Away,3,0,1,H,0
11/11/06,607,Villarreal,Ath Madrid,Away,3,1,3,H,1
11/11/07,708,Villarreal,Sevilla,Home,7,3,2,H,0
11/11/2018,1819,Villarreal,Vallecano,Away,5,2,2,D,1
11/12/10,1011,Villarreal,Getafe,Away,7,0,1,H,0
11/12/11,1112,Villarreal,Sociedad,Home,7,1,1,D,0
12/01/2019,1819,Villarreal,Getafe,Home,6,1,2,A,0
12/02/06,506,Villarreal,Celta,Away,2,0,1,H,0
12/02/12,1112,Villarreal,Granada,Home,7,3,1,H,0
12/02/17,1617,Villarreal,Malaga,Home,5,1,1,D,1
12/02/2022,2122,Villarreal,Real Madrid,Home,2,0,0,D,0
12/02/2023,2223,Villarreal,Barcelona,Home,2,0,1,A,0
12/03/06,506,Villarreal,Mallorca,Away,1,1,1,D,0
12/03/12,1112,Villarreal,Getafe,Home,4,1,2,A,0
12/03/17,1617,Villarreal,Celta,Away,4,1,0,A,0
12/03/2022,2122,Villarreal,Celta,Home,3,1,0,H,0
12/03/2023,2223,Villarreal,Betis,Home,4,1,1,D,0
12/04/12,1112,Villarreal,Malaga,Home,3,2,1,H,0
12/04/14,1314,Villarreal,Levante,Home,3,1,0,H,0
12/04/15,1415,Villarreal,Getafe,Away,4,1,1,D,0
12/04/2026,2526,Villarreal,Ath Bilbao,Away,6,2,1,A,0
12/05/18,1718,Villarreal,La Coruna,Away,7,4,2,A,0
12/05/2019,1819,Villarreal,Eibar,Home,3,1,0,H,0
12/05/2022,2122,Villarreal,Vallecano,Away,8,5,1,A,0
12/09/10,1011,Villarreal,Espanol,Home,5,4,0,H,0
12/11/2023,2324,Villarreal,Ath Madrid,Away,7,1,3,H,0
12/12/16,1617,Villarreal,Ath Madrid,Home,5,3,0,H,0
12/12/2021,2122,Villarreal,Vallecano,Home,5,2,0,H,0
13/01/08,708,Villarreal,La Coruna,Home,7,4,3,H,0
13/01/14,1314,Villarreal,Sociedad,Home,11,5,1,H,0
13/01/18,1718,Villarreal,Real Madrid,Away,4,1,0,A,0
13/01/2023,2223,Villarreal,Celta,Away,1,1,1,D,0
13/01/2024,2324,Villarreal,Las Palmas,Away,3,0,3,H,0
13/01/2025,2425,Villarreal,Sociedad,Away,5,0,1,H,0
13/02/10,910,Villarreal,Ath Bilbao,Home,5,2,1,H,1
13/02/11,1011,Villarreal,La Coruna,Away,2,0,1,H,0
13/02/16,1516,Villarreal,Malaga,Home,5,1,0,H,0
13/03/11,1011,Villarreal,Sp Gijon,Home,3,1,1,D,0
13/03/16,1516,Villarreal,Sevilla,Away,6,2,4,H,0
13/03/2026,2526,Villarreal,Alaves,Away,4,1,1,D,0
13/04/08,708,Villarreal,Almeria,Away,1,0,1,H,1
13/04/10,910,Villarreal,Getafe,Away,2,0,3,H,0
13/04/2025,2425,Villarreal,Betis,Away,2,2,1,A,0
13/05/06,506,Villarreal,Santander,Home,6,2,0,H,0
13/05/07,607,Villarreal,Osasuna,Away,8,4,1,A,0
13/05/12,1112,Villarreal,Ath Madrid,Home,1,0,1,A,0
13/05/2021,2021,Villarreal,Valladolid,Away,3,2,0,A,0
13/05/2023,2223,Villarreal,Ath Bilbao,Home,11,5,1,H,0
13/05/2026,2526,Villarreal,Sevilla,Home,4,2,3,A,0
13/06/2020,1920,Villarreal,Celta,Away,4,1,0,A,0
13/07/2020,1920,Villarreal,Sociedad,Home,3,1,2,A,0
13/08/2022,2223,Villarreal,Valladolid,Away,4,3,0,A,0
13/08/2023,2324,Villarreal,Betis,Home,5,1,2,A,0
13/09/09,910,Villarreal,Mallorca,Home,5,1,1,D,0
13/09/15,1516,Villarreal,Granada,Away,5,3,1,A,0
13/09/2020,2021,Villarreal,Huesca,Home,4,1,1,D,0
13/09/2025,2526,Villarreal,Ath Madrid,Away,1,0,2,H,0
13/11/10,1011,Villarreal,Barcelona,Away,2,1,3,H,0
13/12/09,910,Villarreal,Ath Madrid,Away,11,2,1,A,0
13/12/15,1516,Villarreal,Real Madrid,Home,3,1,0,H,0
13/12/2020,2021,Villarreal,Betis,Away,2,1,1,D,0
14/01/07,607,Villarreal,Ath Bilbao,Away,3,1,0,A,0
14/01/17,1617,Villarreal,La Coruna,Away,1,0,0,D,0
14/02/2021,2021,Villarreal,Betis,Home,5,1,2,A,0
14/02/2026,2526,Villarreal,Getafe,Away,2,1,2,H,0
14/03/10,910,Villarreal,Xerez,Home,9,2,0,H,0
14/03/2021,2021,Villarreal,Eibar,Away,8,3,1,A,1
14/04/06,506,Villarreal,Barcelona,Away,3,0,1,H,0
14/04/18,1718,Villarreal,Sevilla,Away,4,2,2,D,1
14/04/2019,1819,Villarreal,Girona,Away,6,1,0,A,0
14/04/2024,2324,Villarreal,Ath Bilbao,Away,2,1,1,D,1
14/05/17,1617,Villarreal,La Coruna,Home,4,0,0,D,0
14/05/2024,2324,Villarreal,Girona,Away,3,1,0,A,1
14/05/2025,2425,Villarreal,Leganes,Home,7,3,0,H,0
14/09/08,809,Villarreal,La Coruna,Home,8,1,0,H,0
14/09/13,1314,Villarreal,Real Madrid,Home,9,2,2,D,0
14/09/14,1415,Villarreal,Granada,Away,3,0,0,D,0
14/09/2019,1920,Villarreal,Leganes,Away,4,3,0,A,0
14/09/2024,2425,Villarreal,Mallorca,Away,4,2,1,A,0
14/12/08,809,Villarreal,Sevilla,Away,1,0,1,H,1
14/12/13,1314,Villarreal,Barcelona,Away,1,1,2,H,0
14/12/14,1415,Villarreal,Ath Madrid,Away,4,1,0,A,0
15/01/06,506,Villarreal,Santander,Away,6,0,1,H,1
15/01/11,1011,Villarreal,Osasuna,Home,12,4,2,H,0
15/01/12,1112,Villarreal,Ath Madrid,Away,0,0,3,H,0
15/02/09,809,Villarreal,Santander,Away,7,1,1,D,0
15/02/14,1314,Villarreal,Celta,Home,5,0,2,A,0
15/02/15,1415,Villarreal,Vallecano,Away,2,0,2,H,0
15/02/2020,1920,Villarreal,Levante,Home,6,2,1,H,0
15/02/2025,2425,Villarreal,Valencia,Home,4,1,1,D,0
15/03/09,809,Villarreal,Ath Madrid,Away,4,2,3,H,1
15/03/15,1415,Villarreal,Almeria,Away,7,0,0,D,1
15/03/2025,2425,Villarreal,Real Madrid,Home,10,1,2,A,0
15/04/07,607,Villarreal,Getafe,Away,4,0,3,H,1
15/04/12,1112,Villarreal,Santander,Home,5,1,1,D,0
15/04/2023,2223,Villarreal,Valladolid,Home,7,1,2,A,0
15/05/10,910,Villarreal,Zaragoza,Away,13,3,3,D,0
15/05/11,1011,Villarreal,Real Madrid,Home,2,1,3,A,0
15/05/16,1516,Villarreal,Sp Gijon,Away,5,0,2,H,0
15/05/2022,2122,Villarreal,Sociedad,Home,4,1,2,A,0
15/08/2025,2526,Villarreal,Oviedo,Home,10,2,0,H,0
15/10/05,506,Villarreal,Alaves,Away,4,1,1,D,0
15/10/06,607,Villarreal,Espanol,Home,4,0,0,D,0
15/10/11,1112,Villarreal,Getafe,Away,4,0,0,D,0
15/10/17,1718,Villarreal,Girona,Away,2,2,1,A,0
15/12/2019,1920,Villarreal,Sevilla,Away,3,2,1,A,0
15/12/2024,2425,Villarreal,Betis,Home,4,1,2,A,0
16/01/16,1516,Villarreal,Betis,Home,2,0,0,D,0
16/01/2022,2122,Villarreal,Elche,Away,4,0,1,H,0
16/02/2024,2324,Villarreal,Getafe,Home,7,1,1,D,0
16/03/08,708,Villarreal,Zaragoza,Home,4,2,0,H,0
16/04/2022,2122,Villarreal,Getafe,Away,6,2,1,A,0
16/05/09,809,Villarreal,Real Madrid,Home,8,3,2,H,0
16/05/2021,2021,Villarreal,Sevilla,Home,5,4,0,H,0
16/06/2020,1920,Villarreal,Mallorca,Home,4,1,0,H,0
16/07/2020,1920,Villarreal,Real Madrid,Away,4,1,2,H,0
16/08/2021,2122,Villarreal,Granada,Home,4,0,0,D,1
16/09/06,607,Villarreal,La Coruna,Away,5,0,2,H,0
16/09/07,708,Villarreal,Mallorca,Away,5,1,0,A,0
16/09/2018,1819,Villarreal,Leganes,Away,3,1,0,A,0
16/10/16,1617,Villarreal,Celta,Home,5,5,0,H,0
16/11/08,809,Villarreal,Malaga,Away,6,2,2,D,0
16/12/07,708,Villarreal,Getafe,Away,7,3,1,A,1
16/12/2018,1819,Villarreal,Huesca,Away,5,2,2,D,1
17/01/10,910,Villarreal,Valencia,Away,2,1,4,H,1
17/01/15,1415,Villarreal,Ath Bilbao,Home,6,2,0,H,0
17/01/2026,2526,Villarreal,Betis,Away,3,0,2,H,1
17/02/07,607,Villarreal,Zaragoza,Away,3,0,1,H,0
17/02/08,708,Villarreal,Santander,Home,1,0,0,D,0
17/02/2019,1819,Villarreal,Sevilla,Home,6,3,0,H,0
17/03/14,1314,Villarreal,Ath Bilbao,Home,3,1,1,D,1
17/03/17,1617,Villarreal,Las Palmas,Away,3,0,1,H,1
17/03/2019,1819,Villarreal,Vallecano,Home,4,3,1,H,0
17/03/2024,2324,Villarreal,Valencia,Home,7,1,0,H,0
17/04/10,910,Villarreal,Ath Madrid,Home,5,2,1,H,0
17/04/16,1516,Villarreal,Vallecano,Away,2,1,2,H,0
17/04/17,1617,Villarreal,Alaves,Away,5,1,2,H,0
17/04/18,1718,Villarreal,Leganes,Home,6,2,1,H,0
17/05/15,1415,Villarreal,Malaga,Home,2,2,1,H,0
17/05/2026,2526,Villarreal,Vallecano,Away,2,0,2,H,0
17/06/07,607,Villarreal,Sevilla,Away,5,1,0,A,0
17/08/2019,1920,Villarreal,Granada,Home,7,4,4,D,0
17/09/11,1112,Villarreal,Granada,Away,4,0,1,H,0
17/09/17,1718,Villarreal,Alaves,Away,6,3,0,A,0
17/09/2023,2324,Villarreal,Almeria,Home,4,2,1,H,0
17/10/2021,2122,Villarreal,Osasuna,Home,6,1,2,A,0
17/10/2022,2223,Villarreal,Osasuna,Home,9,2,0,H,0
17/12/06,607,Villarreal,Osasuna,Home,3,1,4,A,0
17/12/16,1617,Villarreal,Sp Gijon,Away,9,3,1,A,0
17/12/17,1718,Villarreal,Celta,Away,5,1,0,A,0
17/12/2023,2324,Villarreal,Real Madrid,Away,1,1,4,H,0
18/01/09,809,Villarreal,Mallorca,Home,6,2,0,H,0
18/02/06,506,Villarreal,Espanol,Home,8,4,0,H,0
18/02/18,1718,Villarreal,Espanol,Away,3,1,1,D,0
18/02/2023,2223,Villarreal,Mallorca,Away,4,2,4,H,1
18/02/2026,2526,Villarreal,Levante,Away,6,1,0,A,0
18/03/06,506,Villarreal,Ath Madrid,Home,3,1,1,D,0
18/03/07,607,Villarreal,Sociedad,Home,4,1,1,D,0
18/03/12,1112,Villarreal,Levante,Away,1,0,1,H,1
18/03/18,1718,Villarreal,Ath Madrid,Home,5,2,1,H,0
18/04/11,1011,Villarreal,Zaragoza,Home,6,1,0,H,0
18/04/2021,2021,Villarreal,Levante,Away,7,5,1,A,0
18/05/08,708,Villarreal,La Coruna,Away,2,2,0,A,0
18/05/14,1314,Villarreal,Sociedad,Away,5,2,1,A,0
18/05/2019,1819,Villarreal,Getafe,Away,4,2,2,D,0
18/05/2025,2425,Villarreal,Barcelona,Away,3,3,2,A,0
18/08/2018,1819,Villarreal,Sociedad,Home,7,1,2,A,0
18/08/2023,2324,Villarreal,Mallorca,Away,3,1,0,A,0
18/09/05,506,Villarreal,Cadiz,Away,3,1,1,D,0
18/09/16,1617,Villarreal,Sociedad,Home,4,2,1,H,0
18/09/2022,2223,Villarreal,Sevilla,Home,7,1,1,D,0
18/10/08,809,Villarreal,Espanol,Away,2,0,0,D,0
18/10/09,910,Villarreal,Xerez,Away,6,1,2,H,1
18/10/10,1011,Villarreal,Hercules,Away,9,2,2,D,2
18/10/15,1516,Villarreal,Celta,Home,3,1,2,A,1
18/10/2020,2021,Villarreal,Valencia,Home,6,2,1,H,1
18/10/2025,2526,Villarreal,Betis,Home,3,2,2,D,0
18/12/05,506,Villarreal,Getafe,Home,9,2,1,H,0
18/12/10,1011,Villarreal,Mallorca,Home,7,3,1,H,0
18/12/11,1112,Villarreal,Osasuna,Away,4,1,2,H,0
18/12/2021,2122,Villarreal,Sociedad,Away,8,3,1,A,0
18/12/2024,2425,Villarreal,Vallecano,Home,5,1,1,D,1
19/01/08,708,Villarreal,Valencia,Home,7,3,0,H,0
19/01/14,1314,Villarreal,Almeria,Home,2,2,0,H,0
19/01/2020,1920,Villarreal,Espanol,Home,5,1,2,A,0
19/02/12,1112,Villarreal,Mallorca,Away,3,0,4,H,0
19/02/17,1617,Villarreal,Sociedad,Away,3,1,0,A,0
19/02/2022,2122,Villarreal,Granada,Away,7,4,1,A,0
19/03/2023,2223,Villarreal,Osasuna,Away,6,3,0,A,0
19/04/09,809,Villarreal,Valladolid,Away,2,0,0,D,0
19/04/15,1415,Villarreal,Cordoba,Home,7,0,0,D,0
19/04/2022,2122,Villarreal,Valencia,Home,5,2,0,H,0
19/05/18,1718,Villarreal,Real Madrid,Home,5,2,2,D,0
19/05/2024,2324,Villarreal,Real Madrid,Home,7,4,4,D,0
19/06/2020,1920,Villarreal,Granada,Away,1,1,0,A,0
19/07/2020,1920,Villarreal,Eibar,Home,5,4,0,H,0
19/08/13,1314,Villarreal,Almeria,Away,4,3,2,A,0
19/08/2024,2425,Villarreal,Ath Madrid,Home,3,2,2,D,0
19/09/10,1011,Villarreal,Levante,Away,5,2,1,A,0
19/09/2020,2021,Villarreal,Eibar,Home,8,2,1,H,0
19/09/2021,2122,Villarreal,Mallorca,Away,3,0,0,D,0
19/10/14,1415,Villarreal,Almeria,Home,8,2,0,H,0
19/11/05,506,Villarreal,Zaragoza,Home,3,0,0,D,0
19/11/06,607,Villarreal,Getafe,Home,4,1,0,H,0
19/11/11,1112,Villarreal,Betis,Home,5,1,0,H,0
19/11/17,1718,Villarreal,Ath Bilbao,Away,4,1,1,D,0
19/12/2020,2021,Villarreal,Osasuna,Away,6,3,1,A,0
20/01/07,607,Villarreal,Sevilla,Home,3,0,0,D,0
20/01/18,1718,Villarreal,Levante,Home,6,2,1,H,0
20/01/2019,1819,Villarreal,Ath Bilbao,Home,1,1,1,D,0
20/01/2021,2021,Villarreal,Granada,Home,3,2,2,D,0
20/01/2024,2324,Villarreal,Mallorca,Home,5,1,1,D,1
20/01/2025,2425,Villarreal,Mallorca,Home,7,4,0,H,0
20/02/11,1011,Villarreal,Malaga,Home,7,1,1,D,0
20/03/11,1011,Villarreal,Ath Bilbao,Away,4,1,0,A,0
20/03/16,1516,Villarreal,Barcelona,Home,6,2,2,D,0
20/03/2022,2122,Villarreal,Cadiz,Away,1,0,1,H,0
20/03/2026,2526,Villarreal,Sociedad,Home,10,3,1,H,0
20/04/08,708,Villarreal,Valladolid,Home,8,2,0,H,0
20/04/16,1516,Villarreal,Real Madrid,Away,2,0,3,H,0
20/04/2025,2425,Villarreal,Sociedad,Home,5,2,2,D,0
20/05/07,607,Villarreal,Santander,Home,4,2,1,H,0
20/05/2023,2223,Villarreal,Girona,Away,5,2,1,A,0
20/08/16,1617,Villarreal,Granada,Away,3,1,1,D,0
20/09/09,910,Villarreal,Ath Bilbao,Away,6,2,3,H,0
20/09/11,1112,Villarreal,Mallorca,Home,9,2,0,H,0
20/09/15,1516,Villarreal,Ath Bilbao,Home,7,3,1,H,0
20/09/2025,2526,Villarreal,Osasuna,Home,8,2,1,H,0
20/10/07,708,Villarreal,Barcelona,Home,4,3,1,H,0
20/10/2018,1819,Villarreal,Ath Madrid,Home,6,1,1,D,0
20/10/2019,1920,Villarreal,Espanol,Away,5,1,0,A,0
20/10/2022,2223,Villarreal,Barcelona,Away,1,0,3,H,0
20/10/2024,2425,Villarreal,Getafe,Home,4,1,1,D,0
20/11/10,1011,Villarreal,Valencia,Home,6,1,1,D,0
20/11/16,1617,Villarreal,Ath Bilbao,Away,2,0,1,H,0
20/11/2021,2122,Villarreal,Celta,Away,6,1,1,D,0
20/12/06,607,Villarreal,Santander,Away,3,1,2,H,0
20/12/09,910,Villarreal,Santander,Home,8,2,0,H,0
20/12/15,1516,Villarreal,Sociedad,Away,5,2,0,A,0
20/12/2023,2324,Villarreal,Celta,Home,8,3,2,H,0
21/01/17,1617,Villarreal,Valencia,Home,5,0,2,A,0
21/02/09,809,Villarreal,Sp Gijon,Home,11,2,1,H,0
21/02/10,910,Villarreal,Real Madrid,Away,3,2,6,H,0
21/02/16,1516,Villarreal,Ath Madrid,Away,0,0,0,D,0
21/02/2021,2021,Villarreal,Ath Bilbao,Away,2,1,1,D,0
21/03/09,809,Villarreal,Ath Bilbao,Home,7,2,0,H,0
21/03/10,910,Villarreal,Malaga,Away,3,0,2,H,0
21/03/12,1112,Villarreal,Real Madrid,Home,2,1,1,D,0
21/03/2021,2021,Villarreal,Cadiz,Home,4,2,1,H,0
21/04/14,1314,Villarreal,Malaga,Away,1,0,2,H,0
21/04/2019,1819,Villarreal,Leganes,Home,5,2,1,H,0
21/04/2021,2021,Villarreal,Alaves,Away,5,1,2,H,0
21/04/2024,2324,Villarreal,Almeria,Away,3,2,1,A,0
21/05/11,1011,Villarreal,Osasuna,Away,3,0,1,H,0
21/05/17,1617,Villarreal,Valencia,Away,6,3,1,A,0
21/08/17,1718,Villarreal,Levante,Away,1,0,1,H,0
21/08/2021,2122,Villarreal,Espanol,Away,2,0,0,D,0
21/08/2022,2223,Villarreal,Ath Madrid,Away,5,2,0,A,0
21/09/05,506,Villarreal,Celta,Home,4,1,2,A,0
21/09/08,809,Villarreal,Numancia,Away,7,2,1,A,0
21/09/14,1415,Villarreal,Vallecano,Home,9,4,2,H,0
21/09/16,1617,Villarreal,Real Madrid,Away,3,1,1,D,0
21/09/17,1718,Villarreal,Espanol,Home,5,0,0,D,0
21/09/2019,1920,Villarreal,Valladolid,Home,6,2,0,H,0
21/10/06,607,Villarreal,Levante,Home,2,1,1,D,0
21/10/13,1314,Villarreal,Ath Bilbao,Away,2,0,2,H,1
21/11/2020,2021,Villarreal,Real Madrid,Home,1,1,1,D,0
21/12/05,506,Villarreal,Malaga,Away,6,0,0,D,0
21/12/08,809,Villarreal,Barcelona,Home,1,1,2,A,0
21/12/13,1314,Villarreal,Sevilla,Home,5,1,2,A,0
21/12/14,1415,Villarreal,La Coruna,Home,9,3,0,H,1
21/12/2019,1920,Villarreal,Getafe,Home,4,1,0,H,0
21/12/2021,2122,Villarreal,Alaves,Home,10,5,2,H,0
21/12/2025,2526,Villarreal,Barcelona,Home,5,0,2,A,1
22/01/06,506,Villarreal,Osasuna,Home,5,2,1,H,0
22/01/2022,2122,Villarreal,Mallorca,Home,6,3,0,H,0
22/01/2023,2223,Villarreal,Girona,Home,9,1,0,H,0
22/02/15,1415,Villarreal,Eibar,Home,6,1,0,H,0
22/02/2025,2425,Villarreal,Vallecano,Away,5,1,0,A,0
22/02/2026,2526,Villarreal,Valencia,Home,5,2,1,H,0
22/03/06,506,Villarreal,Valencia,Away,7,1,1,D,0
22/03/15,1415,Villarreal,Sevilla,Home,5,0,2,A,0
22/04/06,506,Villarreal,Sociedad,Home,4,0,2,A,0
22/04/07,607,Villarreal,Barcelona,Home,5,2,0,H,0
22/04/12,1112,Villarreal,Sociedad,Away,4,1,1,D,0
22/04/17,1617,Villarreal,Leganes,Home,5,2,1,H,0
22/05/2021,2021,Villarreal,Real Madrid,Away,2,1,2,H,0
22/05/2022,2122,Villarreal,Barcelona,Away,3,2,0,A,0
22/06/2020,1920,Villarreal,Sevilla,Home,5,2,2,D,0
22/09/13,1314,Villarreal,Celta,Away,4,0,0,D,0
22/09/2021,2122,Villarreal,Elche,Home,9,4,1,H,0
22/09/2024,2425,Villarreal,Barcelona,Home,4,1,5,A,0
22/10/17,1718,Villarreal,Las Palmas,Home,9,4,0,H,0
22/10/2023,2324,Villarreal,Alaves,Home,3,1,1,D,0
22/11/08,809,Villarreal,Valladolid,Home,4,0,3,A,0
22/11/09,910,Villarreal,Valladolid,Home,6,3,1,H,0
22/11/15,1516,Villarreal,Eibar,Home,5,1,1,D,0
22/11/2025,2526,Villarreal,Mallorca,Home,7,2,1,H,0
22/12/2020,2021,Villarreal,Ath Bilbao,Home,6,1,1,D,0
22/12/2024,2425,Villarreal,Leganes,Away,9,5,2,A,0
23/01/11,1011,Villarreal,Sociedad,Home,8,2,1,H,0
23/01/12,1112,Villarreal,Sp Gijon,Home,8,3,0,H,0
23/01/16,1516,Villarreal,Espanol,Away,5,2,2,D,0
23/01/2021,2021,Villarreal,Huesca,Away,2,0,0,D,0
23/02/2020,1920,Villarreal,Ath Madrid,Away,4,1,3,H,0
23/02/2024,2324,Villarreal,Sociedad,Away,4,3,1,A,0
23/03/08,708,Villarreal,Levante,Away,3,2,1,A,0
23/03/14,1314,Villarreal,Valencia,Away,1,1,2,H,0
23/04/09,809,Villarreal,Recreativo,Home,2,2,1,H,0
23/04/2023,2223,Villarreal,Sevilla,Away,5,1,2,H,0
23/04/2025,2425,Villarreal,Celta,Away,1,0,3,H,1
23/04/2026,2526,Villarreal,Oviedo,Away,3,1,1,D,0
23/05/09,809,Villarreal,Valencia,Home,7,3,1,H,0
23/05/15,1415,Villarreal,Ath Bilbao,Away,2,0,4,H,0
23/08/15,1516,Villarreal,Betis,Away,4,1,1,D,1
23/08/2019,1920,Villarreal,Levante,Away,6,1,2,H,0
23/08/2024,2425,Villarreal,Sevilla,Away,5,2,1,A,0
23/09/07,708,Villarreal,Murcia,Home,4,2,0,H,0
23/09/09,910,Villarreal,Real Madrid,Home,4,0,2,A,1
23/09/10,1011,Villarreal,La Coruna,Home,8,1,0,H,0
23/09/15,1516,Villarreal,Malaga,Away,3,1,0,A,0
23/09/2018,1819,Villarreal,Valencia,Home,1,0,0,D,0
23/09/2025,2526,Villarreal,Sevilla,Away,5,2,1,A,0
23/10/05,506,Villarreal,Mallorca,Home,7,3,0,H,0
23/10/11,1112,Villarreal,Levante,Home,5,0,3,A,0
23/10/16,1617,Villarreal,Las Palmas,Home,4,2,1,H,0
23/10/2021,2122,Villarreal,Ath Bilbao,Away,3,1,2,H,0
23/10/2022,2223,Villarreal,Almeria,Home,5,2,1,H,1
23/11/14,1415,Villarreal,Getafe,Home,4,2,1,H,0
23/12/07,708,Villarreal,Recreativo,Home,7,1,1,D,0
23/12/17,1718,Villarreal,Valencia,Away,2,1,0,A,1
24/01/09,809,Villarreal,Osasuna,Home,8,1,1,D,0
24/01/10,910,Villarreal,Zaragoza,Home,6,4,2,H,0
24/01/15,1415,Villarreal,Levante,Home,4,1,0,H,0
24/01/2026,2526,Villarreal,Real Madrid,Home,1,0,2,A,0
24/02/08,708,Villarreal,Ath Bilbao,Away,3,2,1,A,0
24/02/14,1314,Villarreal,Espanol,Away,4,2,1,A,0
24/02/2019,1819,Villarreal,Ath Madrid,Away,3,0,2,H,0
24/03/10,910,Villarreal,Tenerife,Away,7,2,2,D,0
24/04/11,1011,Villarreal,Sevilla,Away,7,2,3,H,1
24/04/16,1516,Villarreal,Sociedad,Home,3,0,0,D,0
24/05/2023,2223,Villarreal,Cadiz,Home,7,2,0,H,0
24/05/2026,2526,Villarreal,Ath Madrid,Home,8,5,1,H,0
24/08/13,1314,Villarreal,Valladolid,Home,6,2,1,H,0
24/08/14,1415,Villarreal,Levante,Away,6,2,0,A,0
24/08/2025,2526,Villarreal,Girona,Home,7,5,0,H,0
24/09/05,506,Villarreal,Espanol,Away,4,2,1,A,0
24/09/06,607,Villarreal,Zaragoza,Home,8,3,2,H,0
24/09/08,809,Villarreal,Santander,Home,5,2,0,H,0
24/09/11,1112,Villarreal,Ath Bilbao,Away,3,1,1,D,0
24/09/14,1415,Villarreal,Eibar,Away,4,1,1,D,0
24/09/17,1718,Villarreal,Getafe,Away,1,0,4,H,0
24/09/2019,1920,Villarreal,Barcelona,Away,3,1,2,H,0
24/09/2023,2324,Villarreal,Vallecano,Away,6,1,1,D,1
24/10/10,1011,Villarreal,Ath Madrid,Home,5,2,0,H,0
24/11/13,1314,Villarreal,Levante,Away,9,3,0,A,0
24/11/2019,1920,Villarreal,Celta,Home,1,1,3,A,0
24/11/2024,2425,Villarreal,Osasuna,Away,7,2,2,D,0
25/01/14,1314,Villarreal,Valladolid,Away,2,0,1,H,0
25/01/2020,1920,Villarreal,Alaves,Away,6,2,1,A,0
25/01/2025,2425,Villarreal,Ath Madrid,Away,1,1,1,D,0
25/02/07,607,Villarreal,Mallorca,Home,6,2,1,H,0
25/02/18,1718,Villarreal,Getafe,Home,4,1,0,H,0
25/03/06,506,Villarreal,Betis,Home,5,1,2,A,0
25/03/12,1112,Villarreal,Vallecano,Away,5,2,0,A,0
25/04/10,910,Villarreal,Santander,Away,11,2,1,A,0
25/04/15,1415,Villarreal,Sociedad,Away,4,0,0,D,0
25/04/17,1617,Villarreal,Ath Madrid,Away,2,1,0,A,0
25/04/2019,1819,Villarreal,Sociedad,Away,3,1,0,A,0
25/04/2021,2021,Villarreal,Barcelona,Home,4,1,2,A,1
25/05/2024,2324,Villarreal,Osasuna,Away,3,1,1,D,0
25/05/2025,2425,Villarreal,Sevilla,Home,7,4,2,H,0
25/08/17,1718,Villarreal,Sociedad,Away,1,0,3,H,0
25/09/16,1617,Villarreal,Osasuna,Home,5,3,1,H,0
25/09/2021,2122,Villarreal,Real Madrid,Away,2,0,0,D,0
25/10/09,910,Villarreal,Malaga,Home,6,2,1,H,0
25/10/15,1516,Villarreal,Las Palmas,Away,0,0,0,D,0
25/10/2019,1920,Villarreal,Alaves,Home,8,4,1,H,0
25/10/2020,2021,Villarreal,Cadiz,Away,2,0,0,D,0
25/10/2025,2526,Villarreal,Valencia,Away,5,2,0,A,0
25/11/06,607,Villarreal,Barcelona,Away,4,0,4,H,0
25/11/07,708,Villarreal,Almeria,Home,3,1,1,D,0
25/11/2018,1819,Villarreal,Betis,Home,8,2,1,H,0
26/01/2019,1819,Villarreal,Valencia,Away,5,0,3,H,0
26/02/06,506,Villarreal,Ath Bilbao,Away,4,1,1,D,0
26/02/12,1112,Villarreal,Ath Bilbao,Home,8,2,2,D,0
26/02/17,1617,Villarreal,Real Madrid,Home,4,2,3,A,0
26/04/09,809,Villarreal,Getafe,Away,5,2,1,A,1
26/04/2026,2526,Villarreal,Celta,Home,4,2,1,H,0
26/05/07,607,Villarreal,Valencia,Away,5,3,2,A,0
26/08/07,708,Villarreal,Valencia,Away,6,3,0,A,0
26/08/2018,1819,Villarreal,Sevilla,Away,6,0,0,D,0
26/08/2024,2425,Villarreal,Celta,Home,9,4,3,H,0
26/09/07,708,Villarreal,Santander,Away,2,2,0,A,0
26/09/13,1314,Villarreal,Espanol,Home,5,2,1,H,0
26/09/15,1516,Villarreal,Ath Madrid,Home,2,1,0,H,0
26/09/2018,1819,Villarreal,Ath Bilbao,Away,6,3,0,A,0
26/09/2024,2425,Villarreal,Espanol,Away,4,2,1,A,0
26/10/05,506,Villarreal,Betis,Away,4,3,2,A,0
26/10/08,809,Villarreal,Ath Madrid,Home,14,4,4,D,0
26/10/11,1112,Villarreal,Real Madrid,Away,3,0,3,H,0
26/10/14,1415,Villarreal,Sevilla,Away,4,1,2,H,0
26/10/2021,2122,Villarreal,Cadiz,Home,5,3,3,D,0
26/10/2024,2425,Villarreal,Valladolid,Away,9,2,1,A,0
26/11/17,1718,Villarreal,Sevilla,Home,4,2,3,A,1
26/11/2023,2324,Villarreal,Osasuna,Home,3,3,1,H,0
27/01/07,607,Villarreal,Real Madrid,Home,4,1,0,H,0
27/01/08,708,Villarreal,Real Madrid,Away,4,2,3,H,0
27/01/18,1718,Villarreal,Sociedad,Home,7,4,2,H,0
27/01/2024,2324,Villarreal,Barcelona,Away,6,5,3,A,0
27/02/11,1011,Villarreal,Santander,Away,2,2,2,D,0
27/02/2022,2122,Villarreal,Espanol,Home,11,5,1,H,0
27/02/2023,2223,Villarreal,Getafe,Home,5,2,1,H,0
27/03/14,1314,Villarreal,Getafe,Away,3,1,0,A,0
27/04/08,708,Villarreal,Betis,Away,6,1,0,A,0
27/04/14,1314,Villarreal,Barcelona,Home,3,2,3,A,0
27/04/2023,2223,Villarreal,Espanol,Home,13,4,2,H,0
27/04/2025,2425,Villarreal,Espanol,Home,5,1,0,H,0
27/08/06,607,Villarreal,Real Madrid,Away,4,0,0,D,0
27/08/2023,2324,Villarreal,Barcelona,Home,6,3,4,A,0
27/09/08,809,Villarreal,Sp Gijon,Away,4,1,0,A,0
27/09/09,910,Villarreal,La Coruna,Away,7,0,1,H,0
27/09/10,1011,Villarreal,Malaga,Away,8,3,2,A,0
27/09/14,1415,Villarreal,Real Madrid,Home,5,0,2,A,0
27/09/2019,1920,Villarreal,Betis,Home,10,5,1,H,0
27/09/2020,2021,Villarreal,Barcelona,Away,1,0,4,H,0
27/09/2023,2324,Villarreal,Girona,Home,3,1,2,A,0
27/09/2025,2526,Villarreal,Ath Bilbao,Home,5,1,0,H,0
27/10/13,1314,Villarreal,Valencia,Home,8,4,1,H,0
27/11/05,506,Villarreal,La Coruna,Away,10,2,0,A,0
27/11/10,1011,Villarreal,Zaragoza,Away,6,3,0,A,0
27/11/16,1617,Villarreal,Alaves,Home,10,0,2,A,0
27/11/2021,2122,Villarreal,Barcelona,Home,2,1,3,A,0
28/01/12,1112,Villarreal,Barcelona,Home,2,0,0,D,0
28/01/17,1617,Villarreal,Granada,Home,6,2,0,H,0
28/02/10,910,Villarreal,La Coruna,Home,6,1,0,H,0
28/02/16,1516,Villarreal,Levante,Home,3,3,0,H,0
28/02/18,1718,Villarreal,Eibar,Away,3,0,1,H,0
28/02/2021,2021,Villarreal,Ath Madrid,Home,6,0,2,A,0
28/02/2026,2526,Villarreal,Barcelona,Away,1,1,4,H,0
28/03/10,910,Villarreal,Sevilla,Home,8,3,0,H,0
28/04/12,1112,Villarreal,Osasuna,Home,6,1,1,D,0
28/04/17,1617,Villarreal,Sp Gijon,Home,6,3,1,H,0
28/04/18,1718,Villarreal,Celta,Home,7,4,1,H,0
28/04/2019,1819,Villarreal,Huesca,Home,5,1,1,D,0
28/04/2024,2324,Villarreal,Vallecano,Home,7,3,0,H,0
28/05/2023,2223,Villarreal,Vallecano,Away,2,1,2,H,0
28/06/2020,1920,Villarreal,Valencia,Home,4,2,0,H,0
28/08/05,506,Villarreal,Osasuna,Away,3,1,2,H,0
28/08/15,1516,Villarreal,Espanol,Home,4,3,1,H,0
28/08/16,1617,Villarreal,Sevilla,Home,5,0,0,D,0
28/08/2022,2223,Villarreal,Getafe,Away,6,0,0,D,0
28/10/07,708,Villarreal,Zaragoza,Away,4,1,4,H,0
28/10/17,1718,Villarreal,Ath Madrid,Away,4,1,1,D,0
28/10/2018,1819,Villarreal,Alaves,Away,2,1,2,H,0
28/11/09,910,Villarreal,Sp Gijon,Away,2,0,1,H,1
28/11/11,1112,Villarreal,Malaga,Away,8,1,2,H,0
29/01/06,506,Villarreal,Sevilla,Away,1,0,2,H,1
29/03/08,708,Villarreal,Ath Madrid,Home,6,3,0,H,0
29/04/07,607,Villarreal,Gimnastic,Away,8,3,0,A,0
29/04/15,1415,Villarreal,Ath Madrid,Home,3,0,1,A,0
29/08/10,1011,Villarreal,Sociedad,Away,5,0,1,H,0
29/08/11,1112,Villarreal,Barcelona,Away,1,0,5,H,0
29/08/2021,2122,Villarreal,Ath Madrid,Away,2,2,2,D,0
29/09/13,1314,Villarreal,Betis,Away,2,0,1,H,0
29/10/06,607,Villarreal,Sociedad,Away,5,1,0,A,0
29/10/11,1112,Villarreal,Vallecano,Home,5,2,0,H,0
29/11/13,1314,Villarreal,Malaga,Home,3,1,1,D,0
29/11/15,1516,Villarreal,Getafe,Away,0,0,2,H,0
29/11/2020,2021,Villarreal,Sociedad,Away,2,1,1,D,0
29/12/2020,2021,Villarreal,Sevilla,Away,2,0,2,H,0
30/01/11,1011,Villarreal,Espanol,Away,6,1,0,A,0
30/01/16,1516,Villarreal,Granada,Home,6,1,0,H,0
30/01/2021,2021,Villarreal,Sociedad,Home,2,1,1,D,0
30/01/2023,2223,Villarreal,Vallecano,Home,3,0,1,A,0
30/03/14,1314,Villarreal,Elche,Home,3,1,1,D,0
30/03/2019,1819,Villarreal,Celta,Away,5,2,3,H,0
30/03/2025,2425,Villarreal,Getafe,Away,3,2,1,A,0
30/04/06,506,Villarreal,Getafe,Away,8,1,1,D,0
30/04/2022,2122,Villarreal,Alaves,Away,6,1,2,H,0
30/04/2023,2223,Villarreal,Celta,Home,3,3,1,H,0
30/05/09,809,Villarreal,Mallorca,Away,6,3,2,A,0
30/08/09,910,Villarreal,Osasuna,Away,7,1,1,D,0
30/09/07,708,Villarreal,Ath Bilbao,Home,7,1,0,H,0
30/09/2018,1819,Villarreal,Valladolid,Home,7,0,1,A,0
30/09/2020,2021,Villarreal,Alaves,Home,6,3,1,H,0
30/09/2023,2324,Villarreal,Getafe,Away,0,0,0,D,1
30/09/2024,2425,Villarreal,Las Palmas,Home,7,3,1,H,0
30/10/05,506,Villarreal,Ath Madrid,Away,2,1,1,D,1
30/10/16,1617,Villarreal,Eibar,Away,1,1,2,H,0
30/10/2021,2122,Villarreal,Valencia,Away,1,0,2,H,0
30/10/2022,2223,Villarreal,Ath Bilbao,Away,3,0,1,H,0
30/10/2023,2324,Villarreal,Granada,Away,5,3,2,A,0
30/11/08,809,Villarreal,Recreativo,Away,5,2,1,A,0
30/11/14,1415,Villarreal,Cordoba,Away,7,2,0,A,0
30/11/2019,1920,Villarreal,Valencia,Away,7,1,2,H,0
30/11/2025,2526,Villarreal,Sociedad,Away,5,3,2,A,0
31/01/10,910,Villarreal,Osasuna,Home,3,0,2,A,0
31/01/2026,2526,Villarreal,Osasuna,Away,4,2,2,D,0
31/03/07,607,Villarreal,Betis,Away,5,3,3,D,0
31/08/08,809,Villarreal,Osasuna,Away,3,1,1,D,1
31/08/13,1314,Villarreal,Osasuna,Away,4,3,0,A,0
31/08/14,1415,Villarreal,Barcelona,Home,0,0,1,A,0
31/08/2018,1819,Villarreal,Girona,Home,3,0,1,A,0
31/08/2024,2425,Villarreal,Valencia,Away,3,1,1,D,1
31/08/2025,2526,Villarreal,Celta,Away,3,1,1,D,0
31/10/07,708,Villarreal,Levante,Home,8,3,0,H,0
31/10/10,1011,Villarreal,Sp Gijon,Away,4,1,1,D,1
31/10/13,1314,Villarreal,Getafe,Home,3,0,2,A,1
31/10/15,1516,Villarreal,Sevilla,Home,5,2,1,H,0
31/10/2019,1920,Villarreal,Eibar,Away,2,1,2,H,0
31/12/15,1516,Villarreal,Valencia,Home,3,1,0,H,0
31/12/2022,2223,Villarreal,Valencia,Home,8,2,1,H,0
01/05/10,910,Xerez,Almeria,Home,2,2,1,H,1
02/12/09,910,Xerez,Barcelona,Home,4,0,2,A,0
03/01/10,910,Xerez,Almeria,Away,2,0,1,H,0
04/04/10,910,Xerez,Sp Gijon,Away,4,2,2,D,0
04/05/10,910,Xerez,Valencia,Away,3,1,3,H,1
04/10/09,910,Xerez,Malaga,Home,3,1,1,D,0
05/12/09,910,Xerez,Ath Madrid,Home,4,0,2,A,1
07/02/10,910,Xerez,Ath Bilbao,Away,5,2,3,H,0
07/03/10,910,Xerez,Malaga,Away,8,4,2,A,1
08/05/10,910,Xerez,Zaragoza,Home,6,3,2,H,0
08/11/09,910,Xerez,Valladolid,Away,2,0,0,D,1
10/01/10,910,Xerez,Valencia,Home,4,1,3,A,0
10/04/10,910,Xerez,Getafe,Home,4,0,1,A,0
13/02/10,910,Xerez,Real Madrid,Home,1,0,3,A,0
13/09/09,910,Xerez,Ath Bilbao,Home,4,0,1,A,1
13/12/09,910,Xerez,Santander,Away,4,2,3,H,0
14/03/10,910,Xerez,Villarreal,Away,2,0,2,H,0
14/04/10,910,Xerez,Ath Madrid,Away,3,2,1,A,0
16/05/10,910,Xerez,Osasuna,Away,6,1,1,D,1
17/01/10,910,Xerez,Zaragoza,Away,1,0,0,D,1
18/04/10,910,Xerez,Santander,Home,4,2,2,D,0
18/10/09,910,Xerez,Villarreal,Home,3,2,1,H,0
20/02/10,910,Xerez,La Coruna,Away,2,1,2,H,0
20/03/10,910,Xerez,Tenerife,Home,4,2,1,H,1
20/09/09,910,Xerez,Real Madrid,Away,3,0,5,H,0
22/11/09,910,Xerez,Sp Gijon,Home,3,0,0,D,0
23/03/10,910,Xerez,Sevilla,Away,1,1,1,D,0
23/09/09,910,Xerez,La Coruna,Home,3,0,3,A,0
24/01/10,910,Xerez,Osasuna,Home,2,1,2,A,0
24/04/10,910,Xerez,Barcelona,Away,4,1,3,H,2
25/10/09,910,Xerez,Tenerife,Away,1,0,1,H,0
27/09/09,910,Xerez,Espanol,Away,1,0,0,D,0
28/02/10,910,Xerez,Espanol,Home,5,1,1,D,0
28/03/10,910,Xerez,Valladolid,Home,4,3,0,H,0
29/11/09,910,Xerez,Getafe,Away,2,1,5,H,1
30/08/09,910,Xerez,Mallorca,Away,3,0,2,H,2
31/01/10,910,Xerez,Mallorca,Home,5,2,1,H,0
31/10/09,910,Xerez,Sevilla,Home,2,0,2,A,0
01/03/13,1213,Zaragoza,Getafe,Away,3,0,2,H,1
01/04/06,506,Zaragoza,Villarreal,Home,9,0,1,A,0
01/04/07,607,Zaragoza,Getafe,Away,3,2,2,D,0
01/05/10,910,Zaragoza,La Coruna,Away,1,1,0,A,0
01/06/13,1213,Zaragoza,Ath Madrid,Home,6,1,3,A,0
01/09/07,708,Zaragoza,Santander,Home,4,1,1,D,0
01/09/12,1213,Zaragoza,Malaga,Home,4,0,1,A,0
01/10/05,506,Zaragoza,Barcelona,Away,3,2,2,D,1
01/10/06,607,Zaragoza,Levante,Home,6,2,2,D,0
01/10/11,1112,Zaragoza,Villarreal,Away,9,2,2,D,1
01/11/09,910,Zaragoza,Almeria,Home,6,2,1,H,0
02/03/08,708,Zaragoza,Levante,Away,2,1,2,H,0
02/03/11,1011,Zaragoza,Ath Bilbao,Home,5,2,1,H,0
02/05/12,1112,Zaragoza,Levante,Home,5,1,0,H,0
02/10/10,1011,Zaragoza,Sp Gijon,Home,4,2,2,D,1
02/12/07,708,Zaragoza,Recreativo,Away,4,1,2,H,0
02/12/12,1213,Zaragoza,Mallorca,Away,2,1,1,D,1
03/01/10,910,Zaragoza,La Coruna,Home,4,0,0,D,0
03/01/11,1011,Zaragoza,Sociedad,Home,9,2,1,H,0
03/02/07,607,Zaragoza,Espanol,Away,6,2,1,A,0
03/02/08,708,Zaragoza,Ath Bilbao,Home,3,1,0,H,0
03/02/13,1213,Zaragoza,Malaga,Away,4,1,1,D,1
03/04/10,910,Zaragoza,Malaga,Home,6,2,0,H,0
03/04/11,1011,Zaragoza,Sevilla,Away,5,1,3,H,0
03/05/06,506,Zaragoza,Ath Bilbao,Away,4,0,1,H,0
03/05/08,708,Zaragoza,La Coruna,Home,8,1,0,H,0
03/10/09,910,Zaragoza,Ath Madrid,Away,4,1,2,H,0
03/11/12,1213,Zaragoza,Real Madrid,Away,3,0,4,H,0
03/12/06,607,Zaragoza,Osasuna,Home,3,1,2,A,0
04/01/13,1213,Zaragoza,Betis,Home,1,1,2,A,1
04/03/07,607,Zaragoza,Sociedad,Home,6,3,2,H,0
04/03/12,1112,Zaragoza,Villarreal,Home,4,2,1,H,0
04/11/07,708,Zaragoza,Valladolid,Home,7,2,3,A,0
04/12/05,506,Zaragoza,Cadiz,Away,2,2,1,A,0
04/12/11,1112,Zaragoza,Granada,Away,5,0,1,H,0
05/02/06,506,Zaragoza,Betis,Home,6,4,3,H,1
05/02/11,1011,Zaragoza,Santander,Home,5,1,1,D,0
05/02/12,1112,Zaragoza,Vallecano,Home,3,1,2,A,0
05/03/06,506,Zaragoza,Sociedad,Away,8,3,1,A,0
05/03/11,1011,Zaragoza,Barcelona,Away,1,0,1,H,0
05/05/10,910,Zaragoza,Espanol,Home,3,1,0,H,0
05/05/12,1112,Zaragoza,Santander,Home,8,2,1,H,0
05/05/13,1213,Zaragoza,Vallecano,Home,6,3,0,H,0
05/11/06,607,Zaragoza,Getafe,Home,10,3,1,H,0
05/12/10,1011,Zaragoza,Almeria,Away,6,1,1,D,0
06/01/07,607,Zaragoza,Sevilla,Home,4,2,1,H,1
06/01/08,708,Zaragoza,Real Madrid,Away,11,0,2,H,0
06/04/08,708,Zaragoza,Betis,Home,7,0,3,A,0
06/04/13,1213,Zaragoza,La Coruna,Away,3,2,3,H,1
06/05/07,607,Zaragoza,Santander,Home,1,0,0,D,0
06/10/12,1213,Zaragoza,Getafe,Home,6,0,1,A,2
06/11/05,506,Zaragoza,Real Madrid,Away,4,0,1,H,0
06/11/11,1112,Zaragoza,Sp Gijon,Home,7,2,2,D,0
06/12/09,910,Zaragoza,Mallorca,Away,5,1,4,H,0
07/01/12,1112,Zaragoza,Santander,Away,1,0,1,H,0
07/02/10,910,Zaragoza,Sevilla,Home,4,2,1,H,1
07/03/10,910,Zaragoza,Ath Madrid,Home,5,1,1,D,0
07/04/07,607,Zaragoza,Barcelona,Home,5,1,0,H,0
07/04/12,1112,Zaragoza,Barcelona,Home,5,1,4,A,1
07/05/06,506,Zaragoza,Alaves,Home,7,3,0,H,0
07/05/08,708,Zaragoza,Valencia,Away,4,0,1,H,0
07/10/07,708,Zaragoza,Levante,Home,6,3,0,H,0
07/11/10,1011,Zaragoza,Mallorca,Home,3,3,2,H,0
08/01/06,506,Zaragoza,Alaves,Away,4,2,0,A,0
08/03/08,708,Zaragoza,Ath Madrid,Home,3,2,1,H,0
08/05/10,910,Zaragoza,Xerez,Away,7,2,3,H,1
08/05/11,1011,Zaragoza,Osasuna,Home,7,1,3,A,0
08/11/09,910,Zaragoza,Valencia,Away,4,1,3,H,0
09/01/11,1011,Zaragoza,Espanol,Away,4,0,4,H,0
09/04/06,506,Zaragoza,Sevilla,Away,3,1,1,D,0
09/06/07,607,Zaragoza,Real Madrid,Home,5,2,2,D,0
09/12/07,708,Zaragoza,Espanol,Home,6,3,3,D,1
10/01/10,910,Zaragoza,Espanol,Away,3,1,2,H,0
10/02/08,708,Zaragoza,Osasuna,Away,3,0,1,H,0
10/02/13,1213,Zaragoza,Sociedad,Home,3,1,2,A,1
10/03/12,1112,Zaragoza,Sociedad,Away,2,0,3,H,1
10/05/13,1213,Zaragoza,Levante,Away,3,0,0,D,0
10/09/06,607,Zaragoza,Espanol,Home,4,3,0,H,1
10/11/12,1213,Zaragoza,La Coruna,Home,9,5,3,H,0
10/12/06,607,Zaragoza,Santander,Away,3,2,0,A,0
10/12/12,1213,Zaragoza,Vallecano,Away,7,2,0,A,0
11/02/06,506,Zaragoza,Osasuna,Away,1,1,1,D,0
11/02/07,607,Zaragoza,Mallorca,Away,3,1,2,H,0
11/03/07,607,Zaragoza,Betis,Away,2,1,1,D,0
11/03/13,1213,Zaragoza,Granada,Home,3,0,0,D,0
11/04/10,910,Zaragoza,Osasuna,Away,4,0,2,H,0
11/04/11,1011,Zaragoza,Getafe,Home,7,2,1,H,0
11/05/08,708,Zaragoza,Real Madrid,Home,11,2,2,D,0
11/05/11,1011,Zaragoza,Sociedad,Away,4,1,2,H,0
11/09/05,506,Zaragoza,Valencia,Home,7,2,2,D,0
11/09/11,1112,Zaragoza,Vallecano,Away,1,0,0,D,0
11/11/07,708,Zaragoza,Betis,Away,3,1,2,H,0
11/12/05,506,Zaragoza,Celta,Home,9,1,0,H,0
11/12/11,1112,Zaragoza,Mallorca,Home,3,0,1,A,0
12/02/12,1112,Zaragoza,Espanol,Away,7,2,0,A,0
12/03/06,506,Zaragoza,Getafe,Home,5,1,2,A,1
12/03/11,1011,Zaragoza,Valencia,Home,6,4,0,H,0
12/04/12,1112,Zaragoza,Sevilla,Away,2,0,3,H,0
12/09/09,910,Zaragoza,Sevilla,Away,2,1,4,H,0
12/09/10,1011,Zaragoza,Malaga,Home,10,3,5,A,0
12/11/06,607,Zaragoza,Barcelona,Away,4,1,3,H,1
12/12/09,910,Zaragoza,Ath Bilbao,Home,2,1,2,A,0
12/12/10,1011,Zaragoza,Real Madrid,Home,3,1,3,A,0
13/01/08,708,Zaragoza,Mallorca,Home,7,2,2,D,0
13/01/13,1213,Zaragoza,Ath Madrid,Away,1,0,2,H,0
13/02/11,1011,Zaragoza,Hercules,Away,6,1,2,H,0
13/04/08,708,Zaragoza,Getafe,Away,0,0,0,D,1
13/05/06,506,Zaragoza,Mallorca,Away,5,1,3,H,0
13/05/07,607,Zaragoza,Valencia,Away,1,0,2,H,0
13/05/12,1112,Zaragoza,Getafe,Away,4,2,0,A,1
14/01/07,607,Zaragoza,Real Madrid,Away,2,0,1,H,0
14/01/12,1112,Zaragoza,Getafe,Home,4,1,1,D,0
14/02/10,910,Zaragoza,Valladolid,Away,3,1,1,D,1
14/03/10,910,Zaragoza,Santander,Away,4,0,0,D,0
14/04/10,910,Zaragoza,Mallorca,Home,3,1,1,D,0
14/04/13,1213,Zaragoza,Barcelona,Home,2,0,3,A,0
14/11/10,1011,Zaragoza,Sevilla,Home,2,1,2,A,0
15/01/06,506,Zaragoza,Mallorca,Home,5,3,1,H,0
15/01/11,1011,Zaragoza,Levante,Home,2,1,0,H,0
15/04/07,607,Zaragoza,Gimnastic,Away,1,0,1,H,0
15/04/12,1112,Zaragoza,Granada,Home,4,1,0,H,1
15/05/10,910,Zaragoza,Villarreal,Home,6,3,3,D,0
15/05/11,1011,Zaragoza,Espanol,Home,7,1,0,H,0
15/09/07,708,Zaragoza,Ath Bilbao,Away,6,1,1,D,0
15/10/06,607,Zaragoza,Sociedad,Away,9,3,1,A,0
16/02/08,708,Zaragoza,Barcelona,Home,3,1,2,A,0
16/02/13,1213,Zaragoza,Osasuna,Away,3,0,1,H,0
16/03/08,708,Zaragoza,Villarreal,Away,5,0,2,H,0
16/04/06,506,Zaragoza,Cadiz,Home,8,1,2,A,0
16/09/12,1213,Zaragoza,Sociedad,Away,2,0,2,H,0
16/10/05,506,Zaragoza,Sociedad,Home,2,0,1,A,0
16/10/11,1112,Zaragoza,Sociedad,Home,4,2,0,H,0
16/12/06,607,Zaragoza,Valencia,Home,4,0,1,A,0
16/12/07,708,Zaragoza,La Coruna,Away,1,1,1,D,0
16/12/12,1213,Zaragoza,Levante,Home,2,0,1,A,0
17/01/10,910,Zaragoza,Xerez,Home,5,0,0,D,0
17/02/07,607,Zaragoza,Villarreal,Home,9,1,0,H,0
17/03/12,1112,Zaragoza,Osasuna,Home,3,1,1,D,0
17/03/13,1213,Zaragoza,Sevilla,Away,2,0,4,H,1
17/06/07,607,Zaragoza,Recreativo,Away,3,1,1,D,1
17/09/06,607,Zaragoza,Mallorca,Home,11,2,0,H,0
17/10/10,1011,Zaragoza,Ath Bilbao,Away,3,1,2,H,1
17/11/12,1213,Zaragoza,Barcelona,Away,2,1,3,H,0
17/12/11,1112,Zaragoza,Ath Bilbao,Away,2,1,2,H,1
18/03/07,607,Zaragoza,Ath Madrid,Home,2,1,0,H,0
18/04/10,910,Zaragoza,Ath Bilbao,Away,1,0,0,D,0
18/04/11,1011,Zaragoza,Villarreal,Away,8,0,1,H,1
18/05/08,708,Zaragoza,Mallorca,Away,6,2,3,H,0
18/09/05,506,Zaragoza,Betis,Away,6,0,0,D,0
18/09/11,1112,Zaragoza,Espanol,Home,5,2,1,H,0
18/10/09,910,Zaragoza,Santander,Home,4,2,2,D,1
18/12/05,506,Zaragoza,Espanol,Away,6,2,2,D,0
19/02/06,506,Zaragoza,La Coruna,Away,4,1,1,D,0
19/02/11,1011,Zaragoza,Ath Madrid,Home,2,0,1,A,0
19/03/06,506,Zaragoza,Malaga,Away,3,1,0,A,0
19/03/11,1011,Zaragoza,Mallorca,Away,1,0,1,H,1
19/04/08,708,Zaragoza,Recreativo,Home,8,3,0,H,2
19/05/07,607,Zaragoza,Ath Bilbao,Home,12,4,3,H,0
19/05/13,1213,Zaragoza,Ath Bilbao,Home,3,1,2,A,0
19/09/10,1011,Zaragoza,Santander,Away,1,0,2,H,0
19/11/05,506,Zaragoza,Villarreal,Away,3,0,0,D,0
19/11/06,607,Zaragoza,Gimnastic,Home,6,3,0,H,0
19/11/11,1112,Zaragoza,Barcelona,Away,0,0,4,H,0
19/12/06,607,Zaragoza,Ath Bilbao,Away,2,0,0,D,0
19/12/09,910,Zaragoza,Real Madrid,Away,2,0,6,H,0
19/12/10,1011,Zaragoza,Osasuna,Away,1,0,0,D,0
20/01/08,708,Zaragoza,Murcia,Home,7,3,1,H,0
20/01/13,1213,Zaragoza,Valladolid,Away,2,0,2,H,0
20/02/12,1112,Zaragoza,Betis,Home,4,0,2,A,0
20/08/12,1213,Zaragoza,Valladolid,Home,3,0,1,A,0
20/09/09,910,Zaragoza,Valladolid,Home,5,1,2,A,0
21/01/06,506,Zaragoza,Ath Madrid,Home,3,0,2,A,0
21/01/07,607,Zaragoza,Recreativo,Home,6,0,0,D,0
21/02/10,910,Zaragoza,Sp Gijon,Home,7,1,3,A,0
21/03/10,910,Zaragoza,Barcelona,Home,2,2,4,A,0
21/03/12,1112,Zaragoza,Valencia,Away,2,2,1,A,2
21/04/12,1112,Zaragoza,Mallorca,Away,3,0,1,H,0
21/05/11,1011,Zaragoza,Levante,Away,10,2,1,A,0
21/09/05,506,Zaragoza,Osasuna,Home,11,3,1,H,0
21/10/06,607,Zaragoza,Betis,Home,5,2,1,H,0
21/10/07,708,Zaragoza,Ath Madrid,Away,3,0,4,H,0
21/10/12,1213,Zaragoza,Granada,Away,5,2,1,A,0
21/12/05,506,Zaragoza,Ath Bilbao,Home,4,3,2,H,0
22/01/12,1112,Zaragoza,Levante,Away,3,0,0,D,0
22/03/06,506,Zaragoza,Real Madrid,Home,4,1,1,D,0
22/04/06,506,Zaragoza,Celta,Away,2,0,4,H,0
22/04/07,607,Zaragoza,Celta,Home,5,2,0,H,0
22/04/13,1213,Zaragoza,Celta,Away,3,1,2,H,0
22/09/10,1011,Zaragoza,Hercules,Home,5,0,0,D,0
22/09/11,1112,Zaragoza,Betis,Away,8,3,4,H,0
22/09/12,1213,Zaragoza,Osasuna,Home,4,3,1,H,0
22/11/09,910,Zaragoza,Malaga,Away,1,1,1,D,1
22/11/10,1011,Zaragoza,Getafe,Away,4,1,1,D,1
22/12/07,708,Zaragoza,Valencia,Home,4,2,2,D,0
22/12/12,1213,Zaragoza,Ath Bilbao,Away,4,2,0,A,0
23/01/11,1011,Zaragoza,La Coruna,Home,4,1,0,H,0
23/02/08,708,Zaragoza,Sevilla,Away,1,0,5,H,1
23/02/13,1213,Zaragoza,Valencia,Home,6,2,2,D,1
23/03/08,708,Zaragoza,Almeria,Home,3,1,1,D,1
23/09/07,708,Zaragoza,Osasuna,Home,8,2,1,H,0
23/10/05,506,Zaragoza,Getafe,Away,6,2,5,H,0
23/10/10,1011,Zaragoza,Barcelona,Home,4,0,2,A,1
23/10/11,1112,Zaragoza,Osasuna,Away,2,0,3,H,0
24/01/10,910,Zaragoza,Villarreal,Away,5,2,4,H,0
24/03/10,910,Zaragoza,Almeria,Away,4,0,1,H,0
24/04/10,910,Zaragoza,Real Madrid,Home,2,1,2,A,1
24/09/05,506,Zaragoza,La Coruna,Home,7,1,1,D,0
24/09/06,607,Zaragoza,Villarreal,Away,4,2,3,H,1
24/09/09,910,Zaragoza,Sp Gijon,Away,5,1,1,D,0
25/02/06,506,Zaragoza,Barcelona,Home,2,0,2,A,1
25/02/07,607,Zaragoza,Levante,Away,2,0,0,D,0
25/02/12,1112,Zaragoza,Malaga,Away,3,1,5,H,0
25/03/12,1112,Zaragoza,Ath Madrid,Home,3,1,0,H,0
25/04/11,1011,Zaragoza,Almeria,Home,11,1,0,H,1
25/08/12,1213,Zaragoza,Espanol,Away,5,2,1,A,0
25/09/11,1112,Zaragoza,Malaga,Home,4,0,0,D,0
25/10/09,910,Zaragoza,Barcelona,Away,5,1,6,H,0
25/11/07,708,Zaragoza,Getafe,Home,2,1,1,D,0
26/01/13,1213,Zaragoza,Espanol,Home,4,0,0,D,1
26/02/11,1011,Zaragoza,Sp Gijon,Away,0,0,0,D,0
26/03/06,506,Zaragoza,Santander,Away,7,0,0,D,0
26/05/13,1213,Zaragoza,Betis,Away,3,0,4,H,0
26/08/07,708,Zaragoza,Murcia,Away,2,1,2,H,1
26/09/07,708,Zaragoza,Barcelona,Away,3,1,4,H,0
26/09/10,1011,Zaragoza,Ath Madrid,Away,6,0,1,H,0
26/10/11,1112,Zaragoza,Valencia,Home,0,0,1,A,0
26/11/06,607,Zaragoza,Celta,Away,4,1,1,D,1
26/11/12,1213,Zaragoza,Celta,Home,3,0,1,A,0
27/01/08,708,Zaragoza,Santander,Away,4,2,2,D,0
27/02/10,910,Zaragoza,Getafe,Away,2,2,0,A,0
27/03/10,910,Zaragoza,Valencia,Home,6,3,0,H,0
27/04/08,708,Zaragoza,Espanol,Away,3,1,1,D,0
27/04/13,1213,Zaragoza,Mallorca,Home,6,3,2,H,0
27/05/07,607,Zaragoza,Sevilla,Away,3,1,3,H,1
27/08/06,607,Zaragoza,La Coruna,Away,6,2,3,H,1
27/09/09,910,Zaragoza,Getafe,Home,10,3,0,H,0
27/10/05,506,Zaragoza,Santander,Home,3,1,1,D,0
27/11/05,506,Zaragoza,Sevilla,Home,2,0,2,A,1
27/11/10,1011,Zaragoza,Villarreal,Home,4,0,3,A,1
27/11/11,1112,Zaragoza,Sevilla,Home,2,0,1,A,1
28/01/07,607,Zaragoza,La Coruna,Home,11,1,1,D,0
28/01/12,1112,Zaragoza,Real Madrid,Away,3,1,3,H,0
28/08/05,506,Zaragoza,Ath Madrid,Away,2,0,0,D,0
28/08/11,1112,Zaragoza,Real Madrid,Home,1,0,6,A,0
28/10/07,708,Zaragoza,Villarreal,Home,6,4,1,H,1
28/10/12,1213,Zaragoza,Sevilla,Home,6,2,1,H,0
29/01/06,506,Zaragoza,Valencia,Away,5,2,2,D,1
29/01/11,1011,Zaragoza,Malaga,Away,7,2,1,A,0
29/04/07,607,Zaragoza,Osasuna,Away,5,2,2,D,0
29/04/12,1112,Zaragoza,Ath Bilbao,Home,8,2,0,H,0
29/08/09,910,Zaragoza,Tenerife,Home,8,1,0,H,0
29/08/10,1011,Zaragoza,La Coruna,Away,3,0,0,D,0
29/09/07,708,Zaragoza,Sevilla,Home,2,2,0,H,0
29/09/12,1213,Zaragoza,Valencia,Away,7,0,2,H,0
29/10/06,607,Zaragoza,Ath Madrid,Away,2,1,0,A,0
29/11/09,910,Zaragoza,Osasuna,Home,2,0,1,A,0
30/03/08,708,Zaragoza,Valladolid,Away,1,1,2,H,1
30/03/13,1213,Zaragoza,Real Madrid,Home,5,1,1,D,0
30/04/06,506,Zaragoza,Espanol,Home,3,1,1,D,0
30/04/11,1011,Zaragoza,Real Madrid,Away,4,3,2,A,0
30/10/05,506,Zaragoza,Malaga,Home,8,1,1,D,0
30/10/10,1011,Zaragoza,Valencia,Away,3,1,1,D,1
30/10/11,1112,Zaragoza,Ath Madrid,Away,4,1,3,H,0
31/01/10,910,Zaragoza,Tenerife,Away,5,3,1,A,0
31/03/12,1112,Zaragoza,Sp Gijon,Away,5,2,1,A,0
31/10/07,708,Zaragoza,Almeria,Away,4,1,0,A,0
